entity_id,entity_code,entity_name,year,y_true,y_pred,posthoc_k_star,lag_profile_peak,proxy_signal_true,proxy_1_true,proxy_2_true,proxy_3_true,lag_profile_1,lag_profile_2,lag_profile_3,lag_profile_4,lag_profile_5,lag_profile_6,lag_profile_7,lag_profile_8,lag_profile_9,lag_profile_10
0,ARE,United Arab Emirates,2018,-77.53056335449219,0.6356202960014343,2.028120994567871,1,0.18880443274974823,0.332748681306839,0.2764120101928711,-0.042747389525175095,0.39553219079971313,0.38720980286598206,0.11406044661998749,0.0,0.10319754481315613,0.0,0.0,0.0,0.0,0.0
0,ARE,United Arab Emirates,2019,-233.2926788330078,0.20036539435386658,2.028120994567871,1,0.18880443274974823,0.332748681306839,0.2764120101928711,-0.042747389525175095,0.39553219079971313,0.38720980286598206,0.11406044661998749,0.0,0.10319754481315613,0.0,0.0,0.0,0.0,0.0
0,ARE,United Arab Emirates,2020,-435.1805725097656,0.16107860207557678,2.028120994567871,1,0.18880443274974823,0.332748681306839,0.2764120101928711,-0.042747389525175095,0.39553219079971313,0.38720980286598206,0.11406044661998749,0.0,0.10319754481315613,0.0,0.0,0.0,0.0,0.0
0,ARE,United Arab Emirates,2021,-1001.4480590820312,0.19625809788703918,2.028120994567871,1,0.18880443274974823,0.332748681306839,0.2764120101928711,-0.042747389525175095,0.39553219079971313,0.38720980286598206,0.11406044661998749,0.0,0.10319754481315613,0.0,0.0,0.0,0.0,0.0
0,ARE,United Arab Emirates,2022,-1657.7239990234375,0.25773847103118896,2.028120994567871,1,0.18880443274974823,0.332748681306839,0.2764120101928711,-0.042747389525175095,0.39553219079971313,0.38720980286598206,0.11406044661998749,0.0,0.10319754481315613,0.0,0.0,0.0,0.0,0.0
0,ARE,United Arab Emirates,2023,-2705.017333984375,0.31445351243019104,2.028120994567871,1,0.18880443274974823,0.332748681306839,0.2764120101928711,-0.042747389525175095,0.39553219079971313,0.38720980286598206,0.11406044661998749,0.0,0.10319754481315613,0.0,0.0,0.0,0.0,0.0
1,ARG,Argentina,2018,1.6428788900375366,-0.014421038329601288,1.4839718341827393,1,-0.6909387707710266,-0.40908560156822205,-0.8905236124992371,-0.7732071280479431,0.5160282254219055,0.48397180438041687,0.0,0.0,0.0,0.0,0.0,0.0,0.0,0.0
1,ARG,Argentina,2019,1.1453611850738525,0.23853161931037903,1.4839718341827393,1,-0.6909387707710266,-0.40908560156822205,-0.8905236124992371,-0.7732071280479431,0.5160282254219055,0.48397180438041687,0.0,0.0,0.0,0.0,0.0,0.0,0.0,0.0
1,ARG,Argentina,2020,1.0582135915756226,0.2706916034221649,1.4839718341827393,1,-0.6909387707710266,-0.40908560156822205,-0.8905236124992371,-0.7732071280479431,0.5160282254219055,0.48397180438041687,0.0,0.0,0.0,0.0,0.0,0.0,0.0,0.0
1,ARG,Argentina,2021,1.4250097274780273,-0.11625868082046509,1.4839718341827393,1,-0.6909387707710266,-0.40908560156822205,-0.8905236124992371,-0.7732071280479431,0.5160282254219055,0.48397180438041687,0.0,0.0,0.0,0.0,0.0,0.0,0.0,0.0
1,ARG,Argentina,2022,0.9982249736785889,-0.35972103476524353,1.4839718341827393,1,-0.6909387707710266,-0.40908560156822205,-0.8905236124992371,-0.7732071280479431,0.5160282254219055,0.48397180438041687,0.0,0.0,0.0,0.0,0.0,0.0,0.0,0.0
1,ARG,Argentina,2023,-0.24900130927562714,-0.9887802600860596,1.4839718341827393,1,-0.6909387707710266,-0.40908560156822205,-0.8905236124992371,-0.7732071280479431,0.5160282254219055,0.48397180438041687,0.0,0.0,0.0,0.0,0.0,0.0,0.0,0.0
2,AUS,Australia,2018,-7.367125034332275,0.08930140733718872,1.636757254600525,1,1.25566828250885,1.2781401872634888,1.1565734148025513,1.3322911262512207,0.4628816246986389,0.4374794065952301,0.09963894635438919,0.0,0.0,0.0,0.0,0.0,0.0,0.0
2,AUS,Australia,2019,-8.657783508300781,-0.31626418232917786,1.636757254600525,1,1.25566828250885,1.2781401872634888,1.1565734148025513,1.3322911262512207,0.4628816246986389,0.4374794065952301,0.09963894635438919,0.0,0.0,0.0,0.0,0.0,0.0,0.0
2,AUS,Australia,2020,-10.614906311035156,-0.3037264943122864,1.636757254600525,1,1.25566828250885,1.2781401872634888,1.1565734148025513,1.3322911262512207,0.4628816246986389,0.4374794065952301,0.09963894635438919,0.0,0.0,0.0,0.0,0.0,0.0,0.0
2,AUS,Australia,2021,-13.180018424987793,-0.17879346013069153,1.636757254600525,1,1.25566828250885,1.2781401872634888,1.1565734148025513,1.3322911262512207,0.4628816246986389,0.4374794065952301,0.09963894635438919,0.0,0.0,0.0,0.0,0.0,0.0,0.0
2,AUS,Australia,2022,-15.15616226196289,-0.046796590089797974,1.636757254600525,1,1.25566828250885,1.2781401872634888,1.1565734148025513,1.3322911262512207,0.4628816246986389,0.4374794065952301,0.09963894635438919,0.0,0.0,0.0,0.0,0.0,0.0,0.0
2,AUS,Australia,2023,-16.646900177001953,0.07353299856185913,1.636757254600525,1,1.25566828250885,1.2781401872634888,1.1565734148025513,1.3322911262512207,0.4628816246986389,0.4374794065952301,0.09963894635438919,0.0,0.0,0.0,0.0,0.0,0.0,0.0
3,AUT,Austria,2018,-3.331990957260132,0.1476111114025116,1.6293981075286865,1,1.3129711151123047,1.3305449485778809,1.1512476205825806,1.4571207761764526,0.4943791627883911,0.3818435072898865,0.12377730756998062,0.0,0.0,0.0,0.0,0.0,0.0,0.0
3,AUT,Austria,2019,-3.5629565715789795,-0.03271825611591339,1.6293981075286865,1,1.3129711151123047,1.3305449485778809,1.1512476205825806,1.4571207761764526,0.4943791627883911,0.3818435072898865,0.12377730756998062,0.0,0.0,0.0,0.0,0.0,0.0,0.0
3,AUT,Austria,2020,-4.44062614440918,-0.018295466899871826,1.6293981075286865,1,1.3129711151123047,1.3305449485778809,1.1512476205825806,1.4571207761764526,0.4943791627883911,0.3818435072898865,0.12377730756998062,0.0,0.0,0.0,0.0,0.0,0.0,0.0
3,AUT,Austria,2021,-4.349145412445068,0.08193466812372208,1.6293981075286865,1,1.3129711151123047,1.3305449485778809,1.1512476205825806,1.4571207761764526,0.4943791627883911,0.3818435072898865,0.12377730756998062,0.0,0.0,0.0,0.0,0.0,0.0,0.0
3,AUT,Austria,2022,-4.098706245422363,0.1397317498922348,1.6293981075286865,1,1.3129711151123047,1.3305449485778809,1.1512476205825806,1.4571207761764526,0.4943791627883911,0.3818435072898865,0.12377730756998062,0.0,0.0,0.0,0.0,0.0,0.0,0.0
3,AUT,Austria,2023,-5.443741798400879,0.23102352023124695,1.6293981075286865,1,1.3129711151123047,1.3305449485778809,1.1512476205825806,1.4571207761764526,0.4943791627883911,0.3818435072898865,0.12377730756998062,0.0,0.0,0.0,0.0,0.0,0.0,0.0
4,AZE,Azerbaijan,2018,3.094372272491455,0.7326371073722839,1.8643373250961304,1,-1.294363021850586,-1.4495718479156494,-1.172594428062439,-1.2609230279922485,0.4728464186191559,0.3753756582736969,0.1252913773059845,0.0,0.0,0.0,0.0,0.0,0.0,0.02648654207587242
4,AZE,Azerbaijan,2019,3.558119297027588,1.101418375968933,1.8643373250961304,1,-1.294363021850586,-1.4495718479156494,-1.172594428062439,-1.2609230279922485,0.4728464186191559,0.3753756582736969,0.1252913773059845,0.0,0.0,0.0,0.0,0.0,0.0,0.02648654207587242
4,AZE,Azerbaijan,2020,4.490204811096191,1.0559762716293335,1.8643373250961304,1,-1.294363021850586,-1.4495718479156494,-1.172594428062439,-1.2609230279922485,0.4728464186191559,0.3753756582736969,0.1252913773059845,0.0,0.0,0.0,0.0,0.0,0.0,0.02648654207587242
4,AZE,Azerbaijan,2021,4.194814682006836,0.9182908535003662,1.8643373250961304,1,-1.294363021850586,-1.4495718479156494,-1.172594428062439,-1.2609230279922485,0.4728464186191559,0.3753756582736969,0.1252913773059845,0.0,0.0,0.0,0.0,0.0,0.0,0.02648654207587242
4,AZE,Azerbaijan,2022,3.8313167095184326,0.6529245376586914,1.8643373250961304,1,-1.294363021850586,-1.4495718479156494,-1.172594428062439,-1.2609230279922485,0.4728464186191559,0.3753756582736969,0.1252913773059845,0.0,0.0,0.0,0.0,0.0,0.0,0.02648654207587242
4,AZE,Azerbaijan,2023,3.7241804599761963,0.32551199197769165,1.8643373250961304,1,-1.294363021850586,-1.4495718479156494,-1.172594428062439,-1.2609230279922485,0.4728464186191559,0.3753756582736969,0.1252913773059845,0.0,0.0,0.0,0.0,0.0,0.0,0.02648654207587242
5,BEL,Belgium,2018,-2.035623550415039,0.0772148072719574,2.384031295776367,2,0.9798359274864197,1.2219529151916504,0.8175865411758423,0.8999684453010559,0.277166485786438,0.3119666874408722,0.2276642769575119,0.11607418209314346,0.06712838262319565,0.0,0.0,0.0,0.0,0.0
5,BEL,Belgium,2019,-3.1006269454956055,-0.04929719865322113,2.384031295776367,2,0.9798359274864197,1.2219529151916504,0.8175865411758423,0.8999684453010559,0.277166485786438,0.3119666874408722,0.2276642769575119,0.11607418209314346,0.06712838262319565,0.0,0.0,0.0,0.0,0.0
5,BEL,Belgium,2020,-2.7479605674743652,-0.005784124135971069,2.384031295776367,2,0.9798359274864197,1.2219529151916504,0.8175865411758423,0.8999684453010559,0.277166485786438,0.3119666874408722,0.2276642769575119,0.11607418209314346,0.06712838262319565,0.0,0.0,0.0,0.0,0.0
5,BEL,Belgium,2021,-3.9674084186553955,0.08157080411911011,2.384031295776367,2,0.9798359274864197,1.2219529151916504,0.8175865411758423,0.8999684453010559,0.277166485786438,0.3119666874408722,0.2276642769575119,0.11607418209314346,0.06712838262319565,0.0,0.0,0.0,0.0,0.0
5,BEL,Belgium,2022,-3.700895071029663,0.16855664551258087,2.384031295776367,2,0.9798359274864197,1.2219529151916504,0.8175865411758423,0.8999684453010559,0.277166485786438,0.3119666874408722,0.2276642769575119,0.11607418209314346,0.06712838262319565,0.0,0.0,0.0,0.0,0.0
5,BEL,Belgium,2023,-3.867947578430176,0.241143137216568,2.384031295776367,2,0.9798359274864197,1.2219529151916504,0.8175865411758423,0.8999684453010559,0.277166485786438,0.3119666874408722,0.2276642769575119,0.11607418209314346,0.06712838262319565,0.0,0.0,0.0,0.0,0.0
6,BGD,Bangladesh,2018,1.2597620487213135,0.2166038155555725,1.9217607975006104,1,-1.3428869247436523,-1.2080445289611816,-1.482562780380249,-1.3380534648895264,0.3605525493621826,0.3571341931819916,0.2823132574558258,0.0,0.0,0.0,0.0,0.0,0.0,0.0
6,BGD,Bangladesh,2019,1.4318774938583374,0.5140345096588135,1.9217607975006104,1,-1.3428869247436523,-1.2080445289611816,-1.482562780380249,-1.3380534648895264,0.3605525493621826,0.3571341931819916,0.2823132574558258,0.0,0.0,0.0,0.0,0.0,0.0,0.0
6,BGD,Bangladesh,2020,1.717698097229004,0.5358784794807434,1.9217607975006104,1,-1.3428869247436523,-1.2080445289611816,-1.482562780380249,-1.3380534648895264,0.3605525493621826,0.3571341931819916,0.2823132574558258,0.0,0.0,0.0,0.0,0.0,0.0,0.0
6,BGD,Bangladesh,2021,1.7278225421905518,0.3974236845970154,1.9217607975006104,1,-1.3428869247436523,-1.2080445289611816,-1.482562780380249,-1.3380534648895264,0.3605525493621826,0.3571341931819916,0.2823132574558258,0.0,0.0,0.0,0.0,0.0,0.0,0.0
6,BGD,Bangladesh,2022,1.5284489393234253,0.1913076490163803,1.9217607975006104,1,-1.3428869247436523,-1.2080445289611816,-1.482562780380249,-1.3380534648895264,0.3605525493621826,0.3571341931819916,0.2823132574558258,0.0,0.0,0.0,0.0,0.0,0.0,0.0
6,BGD,Bangladesh,2023,2.0307767391204834,-0.004449382424354553,1.9217607975006104,1,-1.3428869247436523,-1.2080445289611816,-1.482562780380249,-1.3380534648895264,0.3605525493621826,0.3571341931819916,0.2823132574558258,0.0,0.0,0.0,0.0,0.0,0.0,0.0
7,BGR,Bulgaria,2018,-1.3296480178833008,0.14639399945735931,3.5062663555145264,2,-0.42611977458000183,-0.6209486722946167,-0.13856160640716553,-0.5188490152359009,0.18636807799339294,0.1954839527606964,0.15829135477542877,0.15618674457073212,0.14147263765335083,0.055178362876176834,0.06527495384216309,0.041743919253349304,0.0,0.0
7,BGR,Bulgaria,2019,-1.4306131601333618,0.4098254442214966,3.5062663555145264,2,-0.42611977458000183,-0.6209486722946167,-0.13856160640716553,-0.5188490152359009,0.18636807799339294,0.1954839527606964,0.15829135477542877,0.15618674457073212,0.14147263765335083,0.055178362876176834,0.06527495384216309,0.041743919253349304,0.0,0.0
7,BGR,Bulgaria,2020,-2.8135833740234375,0.519291341304779,3.5062663555145264,2,-0.42611977458000183,-0.6209486722946167,-0.13856160640716553,-0.5188490152359009,0.18636807799339294,0.1954839527606964,0.15829135477542877,0.15618674457073212,0.14147263765335083,0.055178362876176834,0.06527495384216309,0.041743919253349304,0.0,0.0
7,BGR,Bulgaria,2021,-2.0215117931365967,0.5583847165107727,3.5062663555145264,2,-0.42611977458000183,-0.6209486722946167,-0.13856160640716553,-0.5188490152359009,0.18636807799339294,0.1954839527606964,0.15829135477542877,0.15618674457073212,0.14147263765335083,0.055178362876176834,0.06527495384216309,0.041743919253349304,0.0,0.0
7,BGR,Bulgaria,2022,-0.48078346252441406,0.5460253357887268,3.5062663555145264,2,-0.42611977458000183,-0.6209486722946167,-0.13856160640716553,-0.5188490152359009,0.18636807799339294,0.1954839527606964,0.15829135477542877,0.15618674457073212,0.14147263765335083,0.055178362876176834,0.06527495384216309,0.041743919253349304,0.0,0.0
7,BGR,Bulgaria,2023,-3.970643997192383,0.5430753231048584,3.5062663555145264,2,-0.42611977458000183,-0.6209486722946167,-0.13856160640716553,-0.5188490152359009,0.18636807799339294,0.1954839527606964,0.15829135477542877,0.15618674457073212,0.14147263765335083,0.055178362876176834,0.06527495384216309,0.041743919253349304,0.0,0.0
8,BLR,Belarus,2018,-2.643580675125122,-0.5074130892753601,2.3528807163238525,1,-1.5520426034927368,-1.4920120239257812,-1.8896420001983643,-1.2744739055633545,0.3257722556591034,0.29582130908966064,0.1750698983669281,0.10642646253108978,0.09691006690263748,0.0,0.0,0.0,0.0,0.0
8,BLR,Belarus,2019,-3.0715856552124023,-0.16152416169643402,2.3528807163238525,1,-1.5520426034927368,-1.4920120239257812,-1.8896420001983643,-1.2744739055633545,0.3257722556591034,0.29582130908966064,0.1750698983669281,0.10642646253108978,0.09691006690263748,0.0,0.0,0.0,0.0,0.0
8,BLR,Belarus,2020,-3.0823307037353516,0.06741994619369507,2.3528807163238525,1,-1.5520426034927368,-1.4920120239257812,-1.8896420001983643,-1.2744739055633545,0.3257722556591034,0.29582130908966064,0.1750698983669281,0.10642646253108978,0.09691006690263748,0.0,0.0,0.0,0.0,0.0
8,BLR,Belarus,2021,-14.810386657714844,0.20769661664962769,2.3528807163238525,1,-1.5520426034927368,-1.4920120239257812,-1.8896420001983643,-1.2744739055633545,0.3257722556591034,0.29582130908966064,0.1750698983669281,0.10642646253108978,0.09691006690263748,0.0,0.0,0.0,0.0,0.0
8,BLR,Belarus,2022,-13.734106063842773,0.29704660177230835,2.3528807163238525,1,-1.5520426034927368,-1.4920120239257812,-1.8896420001983643,-1.2744739055633545,0.3257722556591034,0.29582130908966064,0.1750698983669281,0.10642646253108978,0.09691006690263748,0.0,0.0,0.0,0.0,0.0
8,BLR,Belarus,2023,-27.134784698486328,0.34624263644218445,2.3528807163238525,1,-1.5520426034927368,-1.4920120239257812,-1.8896420001983643,-1.2744739055633545,0.3257722556591034,0.29582130908966064,0.1750698983669281,0.10642646253108978,0.09691006690263748,0.0,0.0,0.0,0.0,0.0
9,BRA,Brazil,2018,4.812175750732422,-0.11837051808834076,7.838388442993164,10,-0.532637357711792,-0.5499132871627808,-0.37875303626060486,-0.669245719909668,0.009637986309826374,0.011338667012751102,0.0,0.0553717166185379,0.04929813742637634,0.12798286974430084,0.1369328498840332,0.15195554494857788,0.178799107670784,0.2786831259727478
9,BRA,Brazil,2019,5.404086589813232,0.4022997319698334,7.838388442993164,10,-0.532637357711792,-0.5499132871627808,-0.37875303626060486,-0.669245719909668,0.009637986309826374,0.011338667012751102,0.0,0.0553717166185379,0.04929813742637634,0.12798286974430084,0.1369328498840332,0.15195554494857788,0.178799107670784,0.2786831259727478
9,BRA,Brazil,2020,4.385476589202881,0.4159606993198395,7.838388442993164,10,-0.532637357711792,-0.5499132871627808,-0.37875303626060486,-0.669245719909668,0.009637986309826374,0.011338667012751102,0.0,0.0553717166185379,0.04929813742637634,0.12798286974430084,0.1369328498840332,0.15195554494857788,0.178799107670784,0.2786831259727478
9,BRA,Brazil,2021,8.511026382446289,0.7625528573989868,7.838388442993164,10,-0.532637357711792,-0.5499132871627808,-0.37875303626060486,-0.669245719909668,0.009637986309826374,0.011338667012751102,0.0,0.0553717166185379,0.04929813742637634,0.12798286974430084,0.1369328498840332,0.15195554494857788,0.178799107670784,0.2786831259727478
9,BRA,Brazil,2022,0.8233122229576111,0.8967642784118652,7.838388442993164,10,-0.532637357711792,-0.5499132871627808,-0.37875303626060486,-0.669245719909668,0.009637986309826374,0.011338667012751102,0.0,0.0553717166185379,0.04929813742637634,0.12798286974430084,0.1369328498840332,0.15195554494857788,0.178799107670784,0.2786831259727478
9,BRA,Brazil,2023,-0.02414296381175518,0.5515187978744507,7.838388442993164,10,-0.532637357711792,-0.5499132871627808,-0.37875303626060486,-0.669245719909668,0.009637986309826374,0.011338667012751102,0.0,0.0553717166185379,0.04929813742637634,0.12798286974430084,0.1369328498840332,0.15195554494857788,0.178799107670784,0.2786831259727478
10,CAN,Canada,2018,-3.718440532684326,-1.0392919778823853,7.0,7,1.2861608266830444,1.3746321201324463,1.1545178890228271,1.3293325901031494,0.0,0.0,0.0,0.0,0.0,0.0,1.0,0.0,0.0,0.0
10,CAN,Canada,2019,-3.770698308944702,-0.6887887120246887,7.0,7,1.2861608266830444,1.3746321201324463,1.1545178890228271,1.3293325901031494,0.0,0.0,0.0,0.0,0.0,0.0,1.0,0.0,0.0,0.0
10,CAN,Canada,2020,-4.2692484855651855,-0.9108183979988098,7.0,7,1.2861608266830444,1.3746321201324463,1.1545178890228271,1.3293325901031494,0.0,0.0,0.0,0.0,0.0,0.0,1.0,0.0,0.0,0.0
10,CAN,Canada,2021,-4.04820442199707,-1.7060267925262451,7.0,7,1.2861608266830444,1.3746321201324463,1.1545178890228271,1.3293325901031494,0.0,0.0,0.0,0.0,0.0,0.0,1.0,0.0,0.0,0.0
10,CAN,Canada,2022,-4.334720611572266,-1.533808946609497,7.0,7,1.2861608266830444,1.3746321201324463,1.1545178890228271,1.3293325901031494,0.0,0.0,0.0,0.0,0.0,0.0,1.0,0.0,0.0,0.0
10,CAN,Canada,2023,-3.507607936859131,-1.3283766508102417,7.0,7,1.2861608266830444,1.3746321201324463,1.1545178890228271,1.3293325901031494,0.0,0.0,0.0,0.0,0.0,0.0,1.0,0.0,0.0,0.0
11,CHE,Switzerland,2018,1.0894922018051147,0.30261126160621643,5.626276016235352,1,1.412360668182373,1.4461179971694946,1.2956862449645996,1.4952778816223145,0.32055312395095825,0.03232099860906601,0.0,0.006649529095739126,0.12165743112564087,0.0,0.0,0.18205378949642181,0.21788614988327026,0.11887898296117783
11,CHE,Switzerland,2019,0.49372902512550354,-0.08470110595226288,5.626276016235352,1,1.412360668182373,1.4461179971694946,1.2956862449645996,1.4952778816223145,0.32055312395095825,0.03232099860906601,0.0,0.006649529095739126,0.12165743112564087,0.0,0.0,0.18205378949642181,0.21788614988327026,0.11887898296117783
11,CHE,Switzerland,2020,1.5537232160568237,-0.16461190581321716,5.626276016235352,1,1.412360668182373,1.4461179971694946,1.2956862449645996,1.4952778816223145,0.32055312395095825,0.03232099860906601,0.0,0.006649529095739126,0.12165743112564087,0.0,0.0,0.18205378949642181,0.21788614988327026,0.11887898296117783
11,CHE,Switzerland,2021,3.0005764961242676,-0.09298436343669891,5.626276016235352,1,1.412360668182373,1.4461179971694946,1.2956862449645996,1.4952778816223145,0.32055312395095825,0.03232099860906601,0.0,0.006649529095739126,0.12165743112564087,0.0,0.0,0.18205378949642181,0.21788614988327026,0.11887898296117783
11,CHE,Switzerland,2022,2.025691270828247,-0.035787224769592285,5.626276016235352,1,1.412360668182373,1.4461179971694946,1.2956862449645996,1.4952778816223145,0.32055312395095825,0.03232099860906601,0.0,0.006649529095739126,0.12165743112564087,0.0,0.0,0.18205378949642181,0.21788614988327026,0.11887898296117783
11,CHE,Switzerland,2023,-4.210478782653809,0.08521056175231934,5.626276016235352,1,1.412360668182373,1.4461179971694946,1.2956862449645996,1.4952778816223145,0.32055312395095825,0.03232099860906601,0.0,0.006649529095739126,0.12165743112564087,0.0,0.0,0.18205378949642181,0.21788614988327026,0.11887898296117783
12,CHL,Chile,2018,1.4454405307769775,0.22060616314411163,6.827401161193848,8,0.8483307957649231,0.667232871055603,1.016435146331787,0.8613244891166687,0.06363549828529358,0.05650625005364418,0.04064791277050972,0.02887645550072193,0.07953991740942001,0.08244726806879044,0.1541132777929306,0.16788391768932343,0.16443993151187897,0.16190962493419647
12,CHL,Chile,2019,1.1679426431655884,0.8155268430709839,6.827401161193848,8,0.8483307957649231,0.667232871055603,1.016435146331787,0.8613244891166687,0.06363549828529358,0.05650625005364418,0.04064791277050972,0.02887645550072193,0.07953991740942001,0.08244726806879044,0.1541132777929306,0.16788391768932343,0.16443993151187897,0.16190962493419647
12,CHL,Chile,2020,0.7698724865913391,1.2838492393493652,6.827401161193848,8,0.8483307957649231,0.667232871055603,1.016435146331787,0.8613244891166687,0.06363549828529358,0.05650625005364418,0.04064791277050972,0.02887645550072193,0.07953991740942001,0.08244726806879044,0.1541132777929306,0.16788391768932343,0.16443993151187897,0.16190962493419647
12,CHL,Chile,2021,0.5402398705482483,0.9540049433708191,6.827401161193848,8,0.8483307957649231,0.667232871055603,1.016435146331787,0.8613244891166687,0.06363549828529358,0.05650625005364418,0.04064791277050972,0.02887645550072193,0.07953991740942001,0.08244726806879044,0.1541132777929306,0.16788391768932343,0.16443993151187897,0.16190962493419647
12,CHL,Chile,2022,-0.5233001708984375,0.5446041822433472,6.827401161193848,8,0.8483307957649231,0.667232871055603,1.016435146331787,0.8613244891166687,0.06363549828529358,0.05650625005364418,0.04064791277050972,0.02887645550072193,0.07953991740942001,0.08244726806879044,0.1541132777929306,0.16788391768932343,0.16443993151187897,0.16190962493419647
12,CHL,Chile,2023,-1.9592610597610474,-0.3163300156593323,6.827401161193848,8,0.8483307957649231,0.667232871055603,1.016435146331787,0.8613244891166687,0.06363549828529358,0.05650625005364418,0.04064791277050972,0.02887645550072193,0.07953991740942001,0.08244726806879044,0.1541132777929306,0.16788391768932343,0.16443993151187897,0.16190962493419647
13,CHN,China,2018,-8.663586616516113,-0.34526312351226807,1.5355405807495117,1,-0.8438493609428406,-0.7442506551742554,-0.7500977516174316,-1.03719961643219,0.5000662207603455,0.4643270969390869,0.035606712102890015,0.0,0.0,0.0,0.0,0.0,0.0,0.0
13,CHN,China,2019,-9.760994911193848,-0.2692949175834656,1.5355405807495117,1,-0.8438493609428406,-0.7442506551742554,-0.7500977516174316,-1.03719961643219,0.5000662207603455,0.4643270969390869,0.035606712102890015,0.0,0.0,0.0,0.0,0.0,0.0,0.0
13,CHN,China,2020,-10.60916519165039,-0.1338910609483719,1.5355405807495117,1,-0.8438493609428406,-0.7442506551742554,-0.7500977516174316,-1.03719961643219,0.5000662207603455,0.4643270969390869,0.035606712102890015,0.0,0.0,0.0,0.0,0.0,0.0,0.0
13,CHN,China,2021,-11.069491386413574,0.0019544363021850586,1.5355405807495117,1,-0.8438493609428406,-0.7442506551742554,-0.7500977516174316,-1.03719961643219,0.5000662207603455,0.4643270969390869,0.035606712102890015,0.0,0.0,0.0,0.0,0.0,0.0,0.0
13,CHN,China,2022,-11.851537704467773,0.11469002068042755,1.5355405807495117,1,-0.8438493609428406,-0.7442506551742554,-0.7500977516174316,-1.03719961643219,0.5000662207603455,0.4643270969390869,0.035606712102890015,0.0,0.0,0.0,0.0,0.0,0.0,0.0
13,CHN,China,2023,-12.087423324584961,0.1999242752790451,1.5355405807495117,1,-0.8438493609428406,-0.7442506551742554,-0.7500977516174316,-1.03719961643219,0.5000662207603455,0.4643270969390869,0.035606712102890015,0.0,0.0,0.0,0.0,0.0,0.0,0.0
14,COL,Colombia,2018,0.3820185363292694,-0.5224940776824951,3.29929256439209,3,-0.757061779499054,-0.7152259349822998,-0.5119652152061462,-1.0439940690994263,0.21088974177837372,0.26957035064697266,0.3005888760089874,0.0711899995803833,0.0,0.0,0.03829141706228256,0.0,0.0,0.10946955531835556
14,COL,Colombia,2019,2.6013519763946533,-0.15572696924209595,3.29929256439209,3,-0.757061779499054,-0.7152259349822998,-0.5119652152061462,-1.0439940690994263,0.21088974177837372,0.26957035064697266,0.3005888760089874,0.0711899995803833,0.0,0.0,0.03829141706228256,0.0,0.0,0.10946955531835556
14,COL,Colombia,2020,3.8599977493286133,0.24113106727600098,3.29929256439209,3,-0.757061779499054,-0.7152259349822998,-0.5119652152061462,-1.0439940690994263,0.21088974177837372,0.26957035064697266,0.3005888760089874,0.0711899995803833,0.0,0.0,0.03829141706228256,0.0,0.0,0.10946955531835556
14,COL,Colombia,2021,0.7301899194717407,0.029867559671401978,3.29929256439209,3,-0.757061779499054,-0.7152259349822998,-0.5119652152061462,-1.0439940690994263,0.21088974177837372,0.26957035064697266,0.3005888760089874,0.0711899995803833,0.0,0.0,0.03829141706228256,0.0,0.0,0.10946955531835556
14,COL,Colombia,2022,0.9924597144126892,-0.23657971620559692,3.29929256439209,3,-0.757061779499054,-0.7152259349822998,-0.5119652152061462,-1.0439940690994263,0.21088974177837372,0.26957035064697266,0.3005888760089874,0.0711899995803833,0.0,0.0,0.03829141706228256,0.0,0.0,0.10946955531835556
14,COL,Colombia,2023,3.7653815746307373,-0.20401480793952942,3.29929256439209,3,-0.757061779499054,-0.7152259349822998,-0.5119652152061462,-1.0439940690994263,0.21088974177837372,0.26957035064697266,0.3005888760089874,0.0711899995803833,0.0,0.0,0.03829141706228256,0.0,0.0,0.10946955531835556
15,CYP,Cyprus,2018,-11.052656173706055,0.14879029989242554,2.604886293411255,2,0.7725202441215515,0.8672822117805481,0.7250233292579651,0.725255012512207,0.2508692443370819,0.2763468325138092,0.2090335190296173,0.14452946186065674,0.11922095715999603,0.0,0.0,0.0,0.0,0.0
15,CYP,Cyprus,2019,-11.571080207824707,0.13519833981990814,2.604886293411255,2,0.7725202441215515,0.8672822117805481,0.7250233292579651,0.725255012512207,0.2508692443370819,0.2763468325138092,0.2090335190296173,0.14452946186065674,0.11922095715999603,0.0,0.0,0.0,0.0,0.0
15,CYP,Cyprus,2020,-14.400252342224121,0.18640394508838654,2.604886293411255,2,0.7725202441215515,0.8672822117805481,0.7250233292579651,0.725255012512207,0.2508692443370819,0.2763468325138092,0.2090335190296173,0.14452946186065674,0.11922095715999603,0.0,0.0,0.0,0.0,0.0
15,CYP,Cyprus,2021,-17.67461395263672,0.24612563848495483,2.604886293411255,2,0.7725202441215515,0.8672822117805481,0.7250233292579651,0.725255012512207,0.2508692443370819,0.2763468325138092,0.2090335190296173,0.14452946186065674,0.11922095715999603,0.0,0.0,0.0,0.0,0.0
15,CYP,Cyprus,2022,-19.47079086303711,0.2952554225921631,2.604886293411255,2,0.7725202441215515,0.8672822117805481,0.7250233292579651,0.725255012512207,0.2508692443370819,0.2763468325138092,0.2090335190296173,0.14452946186065674,0.11922095715999603,0.0,0.0,0.0,0.0,0.0
15,CYP,Cyprus,2023,-23.38113784790039,0.3336186110973358,2.604886293411255,2,0.7725202441215515,0.8672822117805481,0.7250233292579651,0.725255012512207,0.2508692443370819,0.2763468325138092,0.2090335190296173,0.14452946186065674,0.11922095715999603,0.0,0.0,0.0,0.0,0.0
16,CZE,Czechia,2018,-2.3009228706359863,-0.20973914861679077,1.6634118556976318,1,0.365255743265152,0.28039175271987915,0.4478796720504761,0.3674957752227783,0.4587477743625641,0.4190925061702728,0.12215970456600189,0.0,0.0,0.0,0.0,0.0,0.0,0.0
16,CZE,Czechia,2019,-2.761939525604248,-0.3028451204299927,1.6634118556976318,1,0.365255743265152,0.28039175271987915,0.4478796720504761,0.3674957752227783,0.4587477743625641,0.4190925061702728,0.12215970456600189,0.0,0.0,0.0,0.0,0.0,0.0,0.0
16,CZE,Czechia,2020,-3.448472261428833,-0.2290109395980835,1.6634118556976318,1,0.365255743265152,0.28039175271987915,0.4478796720504761,0.3674957752227783,0.4587477743625641,0.4190925061702728,0.12215970456600189,0.0,0.0,0.0,0.0,0.0,0.0,0.0
16,CZE,Czechia,2021,-3.2644777297973633,-0.10586297512054443,1.6634118556976318,1,0.365255743265152,0.28039175271987915,0.4478796720504761,0.3674957752227783,0.4587477743625641,0.4190925061702728,0.12215970456600189,0.0,0.0,0.0,0.0,0.0,0.0,0.0
16,CZE,Czechia,2022,-3.0018773078918457,0.017915382981300354,1.6634118556976318,1,0.365255743265152,0.28039175271987915,0.4478796720504761,0.3674957752227783,0.4587477743625641,0.4190925061702728,0.12215970456600189,0.0,0.0,0.0,0.0,0.0,0.0,0.0
16,CZE,Czechia,2023,-3.7278714179992676,0.12294019758701324,1.6634118556976318,1,0.365255743265152,0.28039175271987915,0.4478796720504761,0.3674957752227783,0.4587477743625641,0.4190925061702728,0.12215970456600189,0.0,0.0,0.0,0.0,0.0,0.0,0.0
17,DEU,Germany,2018,-4.408335208892822,-0.8344488739967346,1.1186749935150146,1,1.162001371383667,1.2181392908096313,0.9860901236534119,1.2817747592926025,0.8813250064849854,0.11867500841617584,0.0,0.0,0.0,0.0,0.0,0.0,0.0,0.0
17,DEU,Germany,2019,-7.129828929901123,-0.7663949728012085,1.1186749935150146,1,1.162001371383667,1.2181392908096313,0.9860901236534119,1.2817747592926025,0.8813250064849854,0.11867500841617584,0.0,0.0,0.0,0.0,0.0,0.0,0.0,0.0
17,DEU,Germany,2020,-8.748512268066406,-0.6177104115486145,1.1186749935150146,1,1.162001371383667,1.2181392908096313,0.9860901236534119,1.2817747592926025,0.8813250064849854,0.11867500841617584,0.0,0.0,0.0,0.0,0.0,0.0,0.0,0.0
17,DEU,Germany,2021,-7.036392688751221,-0.42373645305633545,1.1186749935150146,1,1.162001371383667,1.2181392908096313,0.9860901236534119,1.2817747592926025,0.8813250064849854,0.11867500841617584,0.0,0.0,0.0,0.0,0.0,0.0,0.0,0.0
17,DEU,Germany,2022,-5.935337066650391,-0.23052582144737244,1.1186749935150146,1,1.162001371383667,1.2181392908096313,0.9860901236534119,1.2817747592926025,0.8813250064849854,0.11867500841617584,0.0,0.0,0.0,0.0,0.0,0.0,0.0,0.0
17,DEU,Germany,2023,-8.335287094116211,-0.06257936358451843,1.1186749935150146,1,1.162001371383667,1.2181392908096313,0.9860901236534119,1.2817747592926025,0.8813250064849854,0.11867500841617584,0.0,0.0,0.0,0.0,0.0,0.0,0.0,0.0
18,DNK,Denmark,2018,-4.1028218269348145,-0.10005311667919159,1.5680702924728394,1,1.5067936182022095,1.5459808111190796,1.4523217678070068,1.522078514099121,0.49638721346855164,0.4391551911830902,0.06445758789777756,0.0,0.0,0.0,0.0,0.0,0.0,0.0
18,DNK,Denmark,2019,-5.251770973205566,-0.2540278136730194,1.5680702924728394,1,1.5067936182022095,1.5459808111190796,1.4523217678070068,1.522078514099121,0.49638721346855164,0.4391551911830902,0.06445758789777756,0.0,0.0,0.0,0.0,0.0,0.0,0.0
18,DNK,Denmark,2020,-5.442167282104492,-0.2162865400314331,1.5680702924728394,1,1.5067936182022095,1.5459808111190796,1.4523217678070068,1.522078514099121,0.49638721346855164,0.4391551911830902,0.06445758789777756,0.0,0.0,0.0,0.0,0.0,0.0,0.0
18,DNK,Denmark,2021,-5.020071029663086,-0.1051979660987854,1.5680702924728394,1,1.5067936182022095,1.5459808111190796,1.4523217678070068,1.522078514099121,0.49638721346855164,0.4391551911830902,0.06445758789777756,0.0,0.0,0.0,0.0,0.0,0.0,0.0
18,DNK,Denmark,2022,-5.26057767868042,0.018540143966674805,1.5680702924728394,1,1.5067936182022095,1.5459808111190796,1.4523217678070068,1.522078514099121,0.49638721346855164,0.4391551911830902,0.06445758789777756,0.0,0.0,0.0,0.0,0.0,0.0,0.0
18,DNK,Denmark,2023,-5.907427787780762,0.12527993321418762,1.5680702924728394,1,1.5067936182022095,1.5459808111190796,1.4523217678070068,1.522078514099121,0.49638721346855164,0.4391551911830902,0.06445758789777756,0.0,0.0,0.0,0.0,0.0,0.0,0.0
19,DZA,Algeria,2018,-1.3783005475997925,-0.5389827489852905,4.36898136138916,4,-1.204992651939392,-1.152233362197876,-1.2305991649627686,-1.2321451902389526,0.11430049687623978,0.08800185471773148,0.12326505035161972,0.2633814513683319,0.16040684282779694,0.04876308515667915,0.05430646613240242,0.1475747674703598,0.0,0.0
19,DZA,Algeria,2019,-1.3506704568862915,0.05510112643241882,4.36898136138916,4,-1.204992651939392,-1.152233362197876,-1.2305991649627686,-1.2321451902389526,0.11430049687623978,0.08800185471773148,0.12326505035161972,0.2633814513683319,0.16040684282779694,0.04876308515667915,0.05430646613240242,0.1475747674703598,0.0,0.0
19,DZA,Algeria,2020,-1.4138250350952148,-0.8880490064620972,4.36898136138916,4,-1.204992651939392,-1.152233362197876,-1.2305991649627686,-1.2321451902389526,0.11430049687623978,0.08800185471773148,0.12326505035161972,0.2633814513683319,0.16040684282779694,0.04876308515667915,0.05430646613240242,0.1475747674703598,0.0,0.0
19,DZA,Algeria,2021,-1.0506858825683594,-0.29701298475265503,4.36898136138916,4,-1.204992651939392,-1.152233362197876,-1.2305991649627686,-1.2321451902389526,0.11430049687623978,0.08800185471773148,0.12326505035161972,0.2633814513683319,0.16040684282779694,0.04876308515667915,0.05430646613240242,0.1475747674703598,0.0,0.0
19,DZA,Algeria,2022,-1.0033199787139893,-0.11910220980644226,4.36898136138916,4,-1.204992651939392,-1.152233362197876,-1.2305991649627686,-1.2321451902389526,0.11430049687623978,0.08800185471773148,0.12326505035161972,0.2633814513683319,0.16040684282779694,0.04876308515667915,0.05430646613240242,0.1475747674703598,0.0,0.0
19,DZA,Algeria,2023,-1.0033199787139893,-0.709050178527832,4.36898136138916,4,-1.204992651939392,-1.152233362197876,-1.2305991649627686,-1.2321451902389526,0.11430049687623978,0.08800185471773148,0.12326505035161972,0.2633814513683319,0.16040684282779694,0.04876308515667915,0.05430646613240242,0.1475747674703598,0.0,0.0
20,ECU,Ecuador,2018,-1.1428673267364502,0.684515655040741,4.4218292236328125,4,-1.2054944038391113,-1.1715943813323975,-1.2544611692428589,-1.1904276609420776,0.12141085416078568,0.14568045735359192,0.1320585012435913,0.1544172465801239,0.14841091632843018,0.09340635687112808,0.07023397088050842,0.054528843611478806,0.03367646783590317,0.04617638513445854
20,ECU,Ecuador,2019,-1.7627936601638794,0.9591279029846191,4.4218292236328125,4,-1.2054944038391113,-1.1715943813323975,-1.2544611692428589,-1.1904276609420776,0.12141085416078568,0.14568045735359192,0.1320585012435913,0.1544172465801239,0.14841091632843018,0.09340635687112808,0.07023397088050842,0.054528843611478806,0.03367646783590317,0.04617638513445854
20,ECU,Ecuador,2020,-1.9658561944961548,0.06685925275087357,4.4218292236328125,4,-1.2054944038391113,-1.1715943813323975,-1.2544611692428589,-1.1904276609420776,0.12141085416078568,0.14568045735359192,0.1320585012435913,0.1544172465801239,0.14841091632843018,0.09340635687112808,0.07023397088050842,0.054528843611478806,0.03367646783590317,0.04617638513445854
20,ECU,Ecuador,2021,-2.1342613697052,-0.2146577537059784,4.4218292236328125,4,-1.2054944038391113,-1.1715943813323975,-1.2544611692428589,-1.1904276609420776,0.12141085416078568,0.14568045735359192,0.1320585012435913,0.1544172465801239,0.14841091632843018,0.09340635687112808,0.07023397088050842,0.054528843611478806,0.03367646783590317,0.04617638513445854
20,ECU,Ecuador,2022,-1.612612009048462,0.2268487811088562,4.4218292236328125,4,-1.2054944038391113,-1.1715943813323975,-1.2544611692428589,-1.1904276609420776,0.12141085416078568,0.14568045735359192,0.1320585012435913,0.1544172465801239,0.14841091632843018,0.09340635687112808,0.07023397088050842,0.054528843611478806,0.03367646783590317,0.04617638513445854
20,ECU,Ecuador,2023,-1.6925028562545776,-0.006667330861091614,4.4218292236328125,4,-1.2054944038391113,-1.1715943813323975,-1.2544611692428589,-1.1904276609420776,0.12141085416078568,0.14568045735359192,0.1320585012435913,0.1544172465801239,0.14841091632843018,0.09340635687112808,0.07023397088050842,0.054528843611478806,0.03367646783590317,0.04617638513445854
21,EGY,Egypt,2018,1.8549280166625977,0.8299422264099121,2.405531644821167,2,-0.7224758267402649,-0.816137969493866,-0.7838069200515747,-0.5674826502799988,0.21761153638362885,0.33382293581962585,0.30202966928482056,0.13718850910663605,0.0,0.0,0.00934730377048254,0.0,0.0,0.0
21,EGY,Egypt,2019,1.397194504737854,0.9358780384063721,2.405531644821167,2,-0.7224758267402649,-0.816137969493866,-0.7838069200515747,-0.5674826502799988,0.21761153638362885,0.33382293581962585,0.30202966928482056,0.13718850910663605,0.0,0.0,0.00934730377048254,0.0,0.0,0.0
21,EGY,Egypt,2020,0.7784237861633301,0.8366042375564575,2.405531644821167,2,-0.7224758267402649,-0.816137969493866,-0.7838069200515747,-0.5674826502799988,0.21761153638362885,0.33382293581962585,0.30202966928482056,0.13718850910663605,0.0,0.0,0.00934730377048254,0.0,0.0,0.0
21,EGY,Egypt,2021,0.7313584089279175,0.6078004837036133,2.405531644821167,2,-0.7224758267402649,-0.816137969493866,-0.7838069200515747,-0.5674826502799988,0.21761153638362885,0.33382293581962585,0.30202966928482056,0.13718850910663605,0.0,0.0,0.00934730377048254,0.0,0.0,0.0
21,EGY,Egypt,2022,0.8227205872535706,0.2311781942844391,2.405531644821167,2,-0.7224758267402649,-0.816137969493866,-0.7838069200515747,-0.5674826502799988,0.21761153638362885,0.33382293581962585,0.30202966928482056,0.13718850910663605,0.0,0.0,0.00934730377048254,0.0,0.0,0.0
21,EGY,Egypt,2023,0.880398690700531,-0.1208881288766861,2.405531644821167,2,-0.7224758267402649,-0.816137969493866,-0.7838069200515747,-0.5674826502799988,0.21761153638362885,0.33382293581962585,0.30202966928482056,0.13718850910663605,0.0,0.0,0.00934730377048254,0.0,0.0,0.0
22,ESP,Spain,2018,-2.3918983936309814,-0.05194029211997986,1.936259388923645,1,0.789492130279541,0.8293587565422058,0.796362042427063,0.7427557706832886,0.3807631731033325,0.3639827072620392,0.19348566234111786,0.06176844984292984,0.0,0.0,0.0,0.0,0.0,0.0
22,ESP,Spain,2019,-3.220625877380371,-0.11866192519664764,1.936259388923645,1,0.789492130279541,0.8293587565422058,0.796362042427063,0.7427557706832886,0.3807631731033325,0.3639827072620392,0.19348566234111786,0.06176844984292984,0.0,0.0,0.0,0.0,0.0,0.0
22,ESP,Spain,2020,-4.112740993499756,-0.03975522518157959,1.936259388923645,1,0.789492130279541,0.8293587565422058,0.796362042427063,0.7427557706832886,0.3807631731033325,0.3639827072620392,0.19348566234111786,0.06176844984292984,0.0,0.0,0.0,0.0,0.0,0.0
22,ESP,Spain,2021,-4.21701192855835,0.06537976861000061,1.936259388923645,1,0.789492130279541,0.8293587565422058,0.796362042427063,0.7427557706832886,0.3807631731033325,0.3639827072620392,0.19348566234111786,0.06176844984292984,0.0,0.0,0.0,0.0,0.0,0.0
22,ESP,Spain,2022,-3.774611234664917,0.17135190963745117,1.936259388923645,1,0.789492130279541,0.8293587565422058,0.796362042427063,0.7427557706832886,0.3807631731033325,0.3639827072620392,0.19348566234111786,0.06176844984292984,0.0,0.0,0.0,0.0,0.0,0.0
22,ESP,Spain,2023,-4.671977519989014,0.25095558166503906,1.936259388923645,1,0.789492130279541,0.8293587565422058,0.796362042427063,0.7427557706832886,0.3807631731033325,0.3639827072620392,0.19348566234111786,0.06176844984292984,0.0,0.0,0.0,0.0,0.0,0.0
23,EST,Estonia,2018,-4.833373069763184,-0.046187058091163635,2.656545400619507,2,0.5303884744644165,0.3051801919937134,0.8016892075538635,0.48429596424102783,0.25320175290107727,0.26506346464157104,0.1827983558177948,0.16986042261123657,0.1290760040283203,0.0,0.0,0.0,0.0,0.0
23,EST,Estonia,2019,-9.96490478515625,-0.06508268415927887,2.656545400619507,2,0.5303884744644165,0.3051801919937134,0.8016892075538635,0.48429596424102783,0.25320175290107727,0.26506346464157104,0.1827983558177948,0.16986042261123657,0.1290760040283203,0.0,0.0,0.0,0.0,0.0
23,EST,Estonia,2020,-18.38939094543457,0.034643515944480896,2.656545400619507,2,0.5303884744644165,0.3051801919937134,0.8016892075538635,0.48429596424102783,0.25320175290107727,0.26506346464157104,0.1827983558177948,0.16986042261123657,0.1290760040283203,0.0,0.0,0.0,0.0,0.0
23,EST,Estonia,2021,-14.705828666687012,0.14254379272460938,2.656545400619507,2,0.5303884744644165,0.3051801919937134,0.8016892075538635,0.48429596424102783,0.25320175290107727,0.26506346464157104,0.1827983558177948,0.16986042261123657,0.1290760040283203,0.0,0.0,0.0,0.0,0.0
23,EST,Estonia,2022,-11.738649368286133,0.23063017427921295,2.656545400619507,2,0.5303884744644165,0.3051801919937134,0.8016892075538635,0.48429596424102783,0.25320175290107727,0.26506346464157104,0.1827983558177948,0.16986042261123657,0.1290760040283203,0.0,0.0,0.0,0.0,0.0
23,EST,Estonia,2023,-19.71649742126465,0.2963416278362274,2.656545400619507,2,0.5303884744644165,0.3051801919937134,0.8016892075538635,0.48429596424102783,0.25320175290107727,0.26506346464157104,0.1827983558177948,0.16986042261123657,0.1290760040283203,0.0,0.0,0.0,0.0,0.0
24,FIN,Finland,2018,-2.4947378635406494,0.18326400220394135,1.783420443534851,1,1.5118976831436157,1.5876092910766602,1.3751853704452515,1.572898507118225,0.4156433343887329,0.3852928578853607,0.19906380772590637,0.0,0.0,0.0,0.0,0.0,0.0,0.0
24,FIN,Finland,2019,-3.0343379974365234,-0.05161954462528229,1.783420443534851,1,1.5118976831436157,1.5876092910766602,1.3751853704452515,1.572898507118225,0.4156433343887329,0.3852928578853607,0.19906380772590637,0.0,0.0,0.0,0.0,0.0,0.0,0.0
24,FIN,Finland,2020,-4.05517578125,-0.07335317134857178,1.783420443534851,1,1.5118976831436157,1.5876092910766602,1.3751853704452515,1.572898507118225,0.4156433343887329,0.3852928578853607,0.19906380772590637,0.0,0.0,0.0,0.0,0.0,0.0,0.0
24,FIN,Finland,2021,-3.9226253032684326,0.002392679452896118,1.783420443534851,1,1.5118976831436157,1.5876092910766602,1.3751853704452515,1.572898507118225,0.4156433343887329,0.3852928578853607,0.19906380772590637,0.0,0.0,0.0,0.0,0.0,0.0,0.0
24,FIN,Finland,2022,-4.062594890594482,0.09735320508480072,1.783420443534851,1,1.5118976831436157,1.5876092910766602,1.3751853704452515,1.572898507118225,0.4156433343887329,0.3852928578853607,0.19906380772590637,0.0,0.0,0.0,0.0,0.0,0.0,0.0
24,FIN,Finland,2023,-5.2590131759643555,0.18431156873703003,1.783420443534851,1,1.5118976831436157,1.5876092910766602,1.3751853704452515,1.572898507118225,0.4156433343887329,0.3852928578853607,0.19906380772590637,0.0,0.0,0.0,0.0,0.0,0.0,0.0
25,FRA,France,2018,-2.937512159347534,-0.48496079444885254,1.078372836112976,1,0.8883405327796936,1.0859564542770386,0.6707704067230225,0.9082947969436646,0.9216272234916687,0.07837280631065369,0.0,0.0,0.0,0.0,0.0,0.0,0.0,0.0
25,FRA,France,2019,-2.957599639892578,-0.533598005771637,1.078372836112976,1,0.8883405327796936,1.0859564542770386,0.6707704067230225,0.9082947969436646,0.9216272234916687,0.07837280631065369,0.0,0.0,0.0,0.0,0.0,0.0,0.0,0.0
25,FRA,France,2020,-3.0673086643218994,-0.441170334815979,1.078372836112976,1,0.8883405327796936,1.0859564542770386,0.6707704067230225,0.9082947969436646,0.9216272234916687,0.07837280631065369,0.0,0.0,0.0,0.0,0.0,0.0,0.0,0.0
25,FRA,France,2021,-2.956054449081421,-0.27957889437675476,1.078372836112976,1,0.8883405327796936,1.0859564542770386,0.6707704067230225,0.9082947969436646,0.9216272234916687,0.07837280631065369,0.0,0.0,0.0,0.0,0.0,0.0,0.0,0.0
25,FRA,France,2022,-0.05572359263896942,-0.11956782639026642,1.078372836112976,1,0.8883405327796936,1.0859564542770386,0.6707704067230225,0.9082947969436646,0.9216272234916687,0.07837280631065369,0.0,0.0,0.0,0.0,0.0,0.0,0.0,0.0
25,FRA,France,2023,-3.9094398021698,0.023035928606987,1.078372836112976,1,0.8883405327796936,1.0859564542770386,0.6707704067230225,0.9082947969436646,0.9216272234916687,0.07837280631065369,0.0,0.0,0.0,0.0,0.0,0.0,0.0,0.0
26,GBR,United Kingdom,2018,-11.656635284423828,0.37674134969711304,3.2609219551086426,2,1.2583589553833008,1.1897099018096924,1.3614327907562256,1.2239340543746948,0.19089271128177643,0.2328270673751831,0.18326622247695923,0.14080330729484558,0.14157475531101227,0.030831729993224144,0.03993440791964531,0.039869796484708786,0.0,0.0
26,GBR,United Kingdom,2019,-12.48721694946289,0.33996134996414185,3.2609219551086426,2,1.2583589553833008,1.1897099018096924,1.3614327907562256,1.2239340543746948,0.19089271128177643,0.2328270673751831,0.18326622247695923,0.14080330729484558,0.14157475531101227,0.030831729993224144,0.03993440791964531,0.039869796484708786,0.0,0.0
26,GBR,United Kingdom,2020,-13.733572006225586,0.3592522144317627,3.2609219551086426,2,1.2583589553833008,1.1897099018096924,1.3614327907562256,1.2239340543746948,0.19089271128177643,0.2328270673751831,0.18326622247695923,0.14080330729484558,0.14157475531101227,0.030831729993224144,0.03993440791964531,0.039869796484708786,0.0,0.0
26,GBR,United Kingdom,2021,-12.55033016204834,0.3784930408000946,3.2609219551086426,2,1.2583589553833008,1.1897099018096924,1.3614327907562256,1.2239340543746948,0.19089271128177643,0.2328270673751831,0.18326622247695923,0.14080330729484558,0.14157475531101227,0.030831729993224144,0.03993440791964531,0.039869796484708786,0.0,0.0
26,GBR,United Kingdom,2022,-13.13424301147461,0.39966216683387756,3.2609219551086426,2,1.2583589553833008,1.1897099018096924,1.3614327907562256,1.2239340543746948,0.19089271128177643,0.2328270673751831,0.18326622247695923,0.14080330729484558,0.14157475531101227,0.030831729993224144,0.03993440791964531,0.039869796484708786,0.0,0.0
26,GBR,United Kingdom,2023,-14.066479682922363,0.41687047481536865,3.2609219551086426,2,1.2583589553833008,1.1897099018096924,1.3614327907562256,1.2239340543746948,0.19089271128177643,0.2328270673751831,0.18326622247695923,0.14080330729484558,0.14157475531101227,0.030831729993224144,0.03993440791964531,0.039869796484708786,0.0,0.0
27,GRC,Greece,2018,-5.507160186767578,-0.2601205110549927,1.6705505847930908,1,0.21050052344799042,0.004785913974046707,0.24354657530784607,0.3831690847873688,0.4484100043773651,0.43262940645217896,0.11896057426929474,0.0,0.0,0.0,0.0,0.0,0.0,0.0
27,GRC,Greece,2019,-6.582149982452393,-0.3059994578361511,1.6705505847930908,1,0.21050052344799042,0.004785913974046707,0.24354657530784607,0.3831690847873688,0.4484100043773651,0.43262940645217896,0.11896057426929474,0.0,0.0,0.0,0.0,0.0,0.0,0.0
27,GRC,Greece,2020,-8.231910705566406,-0.20646029710769653,1.6705505847930908,1,0.21050052344799042,0.004785913974046707,0.24354657530784607,0.3831690847873688,0.4484100043773651,0.43262940645217896,0.11896057426929474,0.0,0.0,0.0,0.0,0.0,0.0,0.0
27,GRC,Greece,2021,-9.12386703491211,-0.06949678063392639,1.6705505847930908,1,0.21050052344799042,0.004785913974046707,0.24354657530784607,0.3831690847873688,0.4484100043773651,0.43262940645217896,0.11896057426929474,0.0,0.0,0.0,0.0,0.0,0.0,0.0
27,GRC,Greece,2022,-9.264490127563477,0.05296015739440918,1.6705505847930908,1,0.21050052344799042,0.004785913974046707,0.24354657530784607,0.3831690847873688,0.4484100043773651,0.43262940645217896,0.11896057426929474,0.0,0.0,0.0,0.0,0.0,0.0,0.0
27,GRC,Greece,2023,-10.155776977539062,0.15412306785583496,1.6705505847930908,1,0.21050052344799042,0.004785913974046707,0.24354657530784607,0.3831690847873688,0.4484100043773651,0.43262940645217896,0.11896057426929474,0.0,0.0,0.0,0.0,0.0,0.0,0.0
28,HKG,Hong Kong,2018,-1.1459519863128662,0.08542919158935547,1.7683045864105225,1,1.1223636865615845,1.0890463590621948,1.3811711072921753,0.8968734741210938,0.4147869646549225,0.40212151408195496,0.18309152126312256,0.0,0.0,0.0,0.0,0.0,0.0,0.0
28,HKG,Hong Kong,2019,-1.7272493839263916,-0.11025449633598328,1.7683045864105225,1,1.1223636865615845,1.0890463590621948,1.3811711072921753,0.8968734741210938,0.4147869646549225,0.40212151408195496,0.18309152126312256,0.0,0.0,0.0,0.0,0.0,0.0,0.0
28,HKG,Hong Kong,2020,-5.682636260986328,-0.08446227014064789,1.7683045864105225,1,1.1223636865615845,1.0890463590621948,1.3811711072921753,0.8968734741210938,0.4147869646549225,0.40212151408195496,0.18309152126312256,0.0,0.0,0.0,0.0,0.0,0.0,0.0
28,HKG,Hong Kong,2021,-5.362922668457031,0.015509366989135742,1.7683045864105225,1,1.1223636865615845,1.0890463590621948,1.3811711072921753,0.8968734741210938,0.4147869646549225,0.40212151408195496,0.18309152126312256,0.0,0.0,0.0,0.0,0.0,0.0,0.0
28,HKG,Hong Kong,2022,-5.762137413024902,0.11514011025428772,1.7683045864105225,1,1.1223636865615845,1.0890463590621948,1.3811711072921753,0.8968734741210938,0.4147869646549225,0.40212151408195496,0.18309152126312256,0.0,0.0,0.0,0.0,0.0,0.0,0.0
28,HKG,Hong Kong,2023,-5.774105072021484,0.19722871482372284,1.7683045864105225,1,1.1223636865615845,1.0890463590621948,1.3811711072921753,0.8968734741210938,0.4147869646549225,0.40212151408195496,0.18309152126312256,0.0,0.0,0.0,0.0,0.0,0.0,0.0
29,HRV,Croatia,2018,-2.1691575050354004,0.6369673609733582,2.226548671722412,1,-0.3481642007827759,-0.2588765323162079,-0.3555670380592346,-0.4300490617752075,0.3811708390712738,0.31755331158638,0.17084696888923645,0.03942321613430977,0.005996400024741888,0.08500925451517105,0.0,0.0,0.0,0.0
29,HRV,Croatia,2019,-1.4451857805252075,0.40736129879951477,2.226548671722412,1,-0.3481642007827759,-0.2588765323162079,-0.3555670380592346,-0.4300490617752075,0.3811708390712738,0.31755331158638,0.17084696888923645,0.03942321613430977,0.005996400024741888,0.08500925451517105,0.0,0.0,0.0,0.0
29,HRV,Croatia,2020,-1.7230193614959717,0.6695679426193237,2.226548671722412,1,-0.3481642007827759,-0.2588765323162079,-0.3555670380592346,-0.4300490617752075,0.3811708390712738,0.31755331158638,0.17084696888923645,0.03942321613430977,0.005996400024741888,0.08500925451517105,0.0,0.0,0.0,0.0
29,HRV,Croatia,2021,-2.0073060989379883,0.5364595651626587,2.226548671722412,1,-0.3481642007827759,-0.2588765323162079,-0.3555670380592346,-0.4300490617752075,0.3811708390712738,0.31755331158638,0.17084696888923645,0.03942321613430977,0.005996400024741888,0.08500925451517105,0.0,0.0,0.0,0.0
29,HRV,Croatia,2022,-1.4104783535003662,0.5726824998855591,2.226548671722412,1,-0.3481642007827759,-0.2588765323162079,-0.3555670380592346,-0.4300490617752075,0.3811708390712738,0.31755331158638,0.17084696888923645,0.03942321613430977,0.005996400024741888,0.08500925451517105,0.0,0.0,0.0,0.0
29,HRV,Croatia,2023,-2.236304998397827,0.37943384051322937,2.226548671722412,1,-0.3481642007827759,-0.2588765323162079,-0.3555670380592346,-0.4300490617752075,0.3811708390712738,0.31755331158638,0.17084696888923645,0.03942321613430977,0.005996400024741888,0.08500925451517105,0.0,0.0,0.0,0.0
30,HUN,Hungary,2018,-2.826733112335205,-0.5664002895355225,1.741276741027832,1,0.43036317825317383,0.30845627188682556,0.5491956472396851,0.4334375858306885,0.42124906182289124,0.4162251055240631,0.16252583265304565,0.0,0.0,0.0,0.0,0.0,0.0,0.0
30,HUN,Hungary,2019,-3.2313930988311768,-0.3553590178489685,1.741276741027832,1,0.43036317825317383,0.30845627188682556,0.5491956472396851,0.4334375858306885,0.42124906182289124,0.4162251055240631,0.16252583265304565,0.0,0.0,0.0,0.0,0.0,0.0,0.0
30,HUN,Hungary,2020,-3.419083595275879,-0.16984149813652039,1.741276741027832,1,0.43036317825317383,0.30845627188682556,0.5491956472396851,0.4334375858306885,0.42124906182289124,0.4162251055240631,0.16252583265304565,0.0,0.0,0.0,0.0,0.0,0.0,0.0
30,HUN,Hungary,2021,-3.8331387042999268,-0.0070495158433914185,1.741276741027832,1,0.43036317825317383,0.30845627188682556,0.5491956472396851,0.4334375858306885,0.42124906182289124,0.4162251055240631,0.16252583265304565,0.0,0.0,0.0,0.0,0.0,0.0,0.0
30,HUN,Hungary,2022,-4.042897701263428,0.12093672156333923,1.741276741027832,1,0.43036317825317383,0.30845627188682556,0.5491956472396851,0.4334375858306885,0.42124906182289124,0.4162251055240631,0.16252583265304565,0.0,0.0,0.0,0.0,0.0,0.0,0.0
30,HUN,Hungary,2023,-4.756733417510986,0.21528369188308716,1.741276741027832,1,0.43036317825317383,0.30845627188682556,0.5491956472396851,0.4334375858306885,0.42124906182289124,0.4162251055240631,0.16252583265304565,0.0,0.0,0.0,0.0,0.0,0.0,0.0
31,IDN,Indonesia,2018,2.64410662651062,0.08101534098386765,9.652473449707031,10,-0.9561768174171448,-0.9402090311050415,-0.8002218008041382,-1.1280996799468994,0.0,0.0,0.0,0.0,0.0,0.0,0.0,0.0,0.3475264012813568,0.6524736285209656
31,IDN,Indonesia,2019,3.317753314971924,0.29610109329223633,9.652473449707031,10,-0.9561768174171448,-0.9402090311050415,-0.8002218008041382,-1.1280996799468994,0.0,0.0,0.0,0.0,0.0,0.0,0.0,0.0,0.3475264012813568,0.6524736285209656
31,IDN,Indonesia,2020,2.719416856765747,0.5688359141349792,9.652473449707031,10,-0.9561768174171448,-0.9402090311050415,-0.8002218008041382,-1.1280996799468994,0.0,0.0,0.0,0.0,0.0,0.0,0.0,0.0,0.3475264012813568,0.6524736285209656
31,IDN,Indonesia,2021,2.6682887077331543,0.5911105275154114,9.652473449707031,10,-0.9561768174171448,-0.9402090311050415,-0.8002218008041382,-1.1280996799468994,0.0,0.0,0.0,0.0,0.0,0.0,0.0,0.0,0.3475264012813568,0.6524736285209656
31,IDN,Indonesia,2022,2.0740978717803955,0.4960816502571106,9.652473449707031,10,-0.9561768174171448,-0.9402090311050415,-0.8002218008041382,-1.1280996799468994,0.0,0.0,0.0,0.0,0.0,0.0,0.0,0.0,0.3475264012813568,0.6524736285209656
31,IDN,Indonesia,2023,2.4188666343688965,0.4418584704399109,9.652473449707031,10,-0.9561768174171448,-0.9402090311050415,-0.8002218008041382,-1.1280996799468994,0.0,0.0,0.0,0.0,0.0,0.0,0.0,0.0,0.3475264012813568,0.6524736285209656
32,IND,India,2018,0.023883648216724396,-1.0394625663757324,1.8033473491668701,1,-0.5800058245658875,-0.6757107377052307,-0.8220545053482056,-0.24225223064422607,0.42423006892204285,0.3481924831867218,0.22757744789123535,0.0,0.0,0.0,0.0,0.0,0.0,0.0
32,IND,India,2019,-1.7109887599945068,-0.3714144229888916,1.8033473491668701,1,-0.5800058245658875,-0.6757107377052307,-0.8220545053482056,-0.24225223064422607,0.42423006892204285,0.3481924831867218,0.22757744789123535,0.0,0.0,0.0,0.0,0.0,0.0,0.0
32,IND,India,2020,-2.832286834716797,-0.24473923444747925,1.8033473491668701,1,-0.5800058245658875,-0.6757107377052307,-0.8220545053482056,-0.24225223064422607,0.42423006892204285,0.3481924831867218,0.22757744789123535,0.0,0.0,0.0,0.0,0.0,0.0,0.0
32,IND,India,2021,-2.1478464603424072,0.30554479360580444,1.8033473491668701,1,-0.5800058245658875,-0.6757107377052307,-0.8220545053482056,-0.24225223064422607,0.42423006892204285,0.3481924831867218,0.22757744789123535,0.0,0.0,0.0,0.0,0.0,0.0,0.0
32,IND,India,2022,-2.8932855129241943,0.0575760155916214,1.8033473491668701,1,-0.5800058245658875,-0.6757107377052307,-0.8220545053482056,-0.24225223064422607,0.42423006892204285,0.3481924831867218,0.22757744789123535,0.0,0.0,0.0,0.0,0.0,0.0,0.0
32,IND,India,2023,-2.182831048965454,-0.023473374545574188,1.8033473491668701,1,-0.5800058245658875,-0.6757107377052307,-0.8220545053482056,-0.24225223064422607,0.42423006892204285,0.3481924831867218,0.22757744789123535,0.0,0.0,0.0,0.0,0.0,0.0,0.0
33,IRL,Ireland,2018,-3.2219769954681396,-0.08242909610271454,1.8731670379638672,2,1.125100016593933,0.9071259498596191,1.2676217555999756,1.2005521059036255,0.3865423798561096,0.39776626229286194,0.17167331278324127,0.04401803016662598,0.0,0.0,0.0,0.0,0.0,0.0
33,IRL,Ireland,2019,-3.9652493000030518,-0.22334176301956177,1.8731670379638672,2,1.125100016593933,0.9071259498596191,1.2676217555999756,1.2005521059036255,0.3865423798561096,0.39776626229286194,0.17167331278324127,0.04401803016662598,0.0,0.0,0.0,0.0,0.0,0.0
33,IRL,Ireland,2020,-4.2647223472595215,-0.1650269478559494,1.8731670379638672,2,1.125100016593933,0.9071259498596191,1.2676217555999756,1.2005521059036255,0.3865423798561096,0.39776626229286194,0.17167331278324127,0.04401803016662598,0.0,0.0,0.0,0.0,0.0,0.0
33,IRL,Ireland,2021,-3.373614549636841,-0.048525914549827576,1.8731670379638672,2,1.125100016593933,0.9071259498596191,1.2676217555999756,1.2005521059036255,0.3865423798561096,0.39776626229286194,0.17167331278324127,0.04401803016662598,0.0,0.0,0.0,0.0,0.0,0.0
33,IRL,Ireland,2022,-3.6817150115966797,0.07233187556266785,1.8731670379638672,2,1.125100016593933,0.9071259498596191,1.2676217555999756,1.2005521059036255,0.3865423798561096,0.39776626229286194,0.17167331278324127,0.04401803016662598,0.0,0.0,0.0,0.0,0.0,0.0
33,IRL,Ireland,2023,-4.387845516204834,0.17312856018543243,1.8731670379638672,2,1.125100016593933,0.9071259498596191,1.2676217555999756,1.2005521059036255,0.3865423798561096,0.39776626229286194,0.17167331278324127,0.04401803016662598,0.0,0.0,0.0,0.0,0.0,0.0
34,IRN,Iran,2018,0.18575511872768402,-0.28112033009529114,8.925540924072266,9,-1.425826907157898,-1.0039883852005005,-1.918333888053894,-1.3551583290100098,0.0,0.0,0.0,0.0,0.0,0.0,0.06471533328294754,0.2515154778957367,0.3772827386856079,0.30648645758628845
34,IRN,Iran,2019,-3.3282368183135986,0.07276339083909988,8.925540924072266,9,-1.425826907157898,-1.0039883852005005,-1.918333888053894,-1.3551583290100098,0.0,0.0,0.0,0.0,0.0,0.0,0.06471533328294754,0.2515154778957367,0.3772827386856079,0.30648645758628845
34,IRN,Iran,2020,-1.5740487575531006,-0.5257625579833984,8.925540924072266,9,-1.425826907157898,-1.0039883852005005,-1.918333888053894,-1.3551583290100098,0.0,0.0,0.0,0.0,0.0,0.0,0.06471533328294754,0.2515154778957367,0.3772827386856079,0.30648645758628845
34,IRN,Iran,2021,0.32263654470443726,-0.4203895926475525,8.925540924072266,9,-1.425826907157898,-1.0039883852005005,-1.918333888053894,-1.3551583290100098,0.0,0.0,0.0,0.0,0.0,0.0,0.06471533328294754,0.2515154778957367,0.3772827386856079,0.30648645758628845
34,IRN,Iran,2022,0.009564151056110859,-0.1728028953075409,8.925540924072266,9,-1.425826907157898,-1.0039883852005005,-1.918333888053894,-1.3551583290100098,0.0,0.0,0.0,0.0,0.0,0.0,0.06471533328294754,0.2515154778957367,0.3772827386856079,0.30648645758628845
34,IRN,Iran,2023,-0.9724723696708679,-0.6167227029800415,8.925540924072266,9,-1.425826907157898,-1.0039883852005005,-1.918333888053894,-1.3551583290100098,0.0,0.0,0.0,0.0,0.0,0.0,0.06471533328294754,0.2515154778957367,0.3772827386856079,0.30648645758628845
35,IRQ,Iraq,2018,1.4125878810882568,0.004909321665763855,3.248356342315674,3,-2.0568058490753174,-2.0972113609313965,-2.079011917114258,-1.9941946268081665,0.174154594540596,0.21990519762039185,0.23459099233150482,0.15373799204826355,0.08441483229398727,0.0514846071600914,0.0690096840262413,0.01270212046802044,0.0,0.0
35,IRQ,Iraq,2019,1.0280742645263672,0.025449901819229126,3.248356342315674,3,-2.0568058490753174,-2.0972113609313965,-2.079011917114258,-1.9941946268081665,0.174154594540596,0.21990519762039185,0.23459099233150482,0.15373799204826355,0.08441483229398727,0.0514846071600914,0.0690096840262413,0.01270212046802044,0.0,0.0
35,IRQ,Iraq,2020,1.1829884052276611,-0.058801114559173584,3.248356342315674,3,-2.0568058490753174,-2.0972113609313965,-2.079011917114258,-1.9941946268081665,0.174154594540596,0.21990519762039185,0.23459099233150482,0.15373799204826355,0.08441483229398727,0.0514846071600914,0.0690096840262413,0.01270212046802044,0.0,0.0
35,IRQ,Iraq,2021,1.2868479490280151,-0.0358707457780838,3.248356342315674,3,-2.0568058490753174,-2.0972113609313965,-2.079011917114258,-1.9941946268081665,0.174154594540596,0.21990519762039185,0.23459099233150482,0.15373799204826355,0.08441483229398727,0.0514846071600914,0.0690096840262413,0.01270212046802044,0.0,0.0
35,IRQ,Iraq,2022,1.606886863708496,-0.13586443662643433,3.248356342315674,3,-2.0568058490753174,-2.0972113609313965,-2.079011917114258,-1.9941946268081665,0.174154594540596,0.21990519762039185,0.23459099233150482,0.15373799204826355,0.08441483229398727,0.0514846071600914,0.0690096840262413,0.01270212046802044,0.0,0.0
35,IRQ,Iraq,2023,1.6270170211791992,-0.27903640270233154,3.248356342315674,3,-2.0568058490753174,-2.0972113609313965,-2.079011917114258,-1.9941946268081665,0.174154594540596,0.21990519762039185,0.23459099233150482,0.15373799204826355,0.08441483229398727,0.0514846071600914,0.0690096840262413,0.01270212046802044,0.0,0.0
36,ISL,Iceland,2018,2.5240752696990967,0.42103731632232666,8.502408981323242,9,1.1885734796524048,1.2342337369918823,0.9549963474273682,1.376490592956543,0.0,0.0,0.0,0.0,0.0,0.13158677518367767,0.11870934069156647,0.15051743388175964,0.3140818178653717,0.2851046323776245
36,ISL,Iceland,2019,2.4789857864379883,0.2434108704328537,8.502408981323242,9,1.1885734796524048,1.2342337369918823,0.9549963474273682,1.376490592956543,0.0,0.0,0.0,0.0,0.0,0.13158677518367767,0.11870934069156647,0.15051743388175964,0.3140818178653717,0.2851046323776245
36,ISL,Iceland,2020,1.9529410600662231,0.2303735315799713,8.502408981323242,9,1.1885734796524048,1.2342337369918823,0.9549963474273682,1.376490592956543,0.0,0.0,0.0,0.0,0.0,0.13158677518367767,0.11870934069156647,0.15051743388175964,0.3140818178653717,0.2851046323776245
36,ISL,Iceland,2021,1.6373142004013062,0.2808191776275635,8.502408981323242,9,1.1885734796524048,1.2342337369918823,0.9549963474273682,1.376490592956543,0.0,0.0,0.0,0.0,0.0,0.13158677518367767,0.11870934069156647,0.15051743388175964,0.3140818178653717,0.2851046323776245
36,ISL,Iceland,2022,1.38180673122406,0.3548608422279358,8.502408981323242,9,1.1885734796524048,1.2342337369918823,0.9549963474273682,1.376490592956543,0.0,0.0,0.0,0.0,0.0,0.13158677518367767,0.11870934069156647,0.15051743388175964,0.3140818178653717,0.2851046323776245
36,ISL,Iceland,2023,2.3587470054626465,0.42566102743148804,8.502408981323242,9,1.1885734796524048,1.2342337369918823,0.9549963474273682,1.376490592956543,0.0,0.0,0.0,0.0,0.0,0.13158677518367767,0.11870934069156647,0.15051743388175964,0.3140818178653717,0.2851046323776245
37,ISR,Israel,2018,-6.285995006561279,-0.04734426736831665,1.6828281879425049,2,0.6414921283721924,0.9020118117332458,0.48677289485931396,0.5356917977333069,0.4337906241416931,0.4495905935764313,0.11661876738071442,0.0,0.0,0.0,0.0,0.0,0.0,0.0
37,ISR,Israel,2019,-6.490711212158203,-0.21541452407836914,1.6828281879425049,2,0.6414921283721924,0.9020118117332458,0.48677289485931396,0.5356917977333069,0.4337906241416931,0.4495905935764313,0.11661876738071442,0.0,0.0,0.0,0.0,0.0,0.0,0.0
37,ISR,Israel,2020,-7.341547966003418,-0.13883230090141296,1.6828281879425049,2,0.6414921283721924,0.9020118117332458,0.48677289485931396,0.5356917977333069,0.4337906241416931,0.4495905935764313,0.11661876738071442,0.0,0.0,0.0,0.0,0.0,0.0,0.0
37,ISR,Israel,2021,-8.057387351989746,-0.021502956748008728,1.6828281879425049,2,0.6414921283721924,0.9020118117332458,0.48677289485931396,0.5356917977333069,0.4337906241416931,0.4495905935764313,0.11661876738071442,0.0,0.0,0.0,0.0,0.0,0.0,0.0
37,ISR,Israel,2022,-8.405094146728516,0.08895818889141083,1.6828281879425049,2,0.6414921283721924,0.9020118117332458,0.48677289485931396,0.5356917977333069,0.4337906241416931,0.4495905935764313,0.11661876738071442,0.0,0.0,0.0,0.0,0.0,0.0,0.0
37,ISR,Israel,2023,-9.675131797790527,0.1759263575077057,1.6828281879425049,2,0.6414921283721924,0.9020118117332458,0.48677289485931396,0.5356917977333069,0.4337906241416931,0.4495905935764313,0.11661876738071442,0.0,0.0,0.0,0.0,0.0,0.0,0.0
38,ITA,Italy,2018,-5.143430233001709,-0.05687625706195831,1.630305290222168,1,0.23468120396137238,0.07437334209680557,0.34910762310028076,0.28056269884109497,0.47654464840888977,0.41660529375076294,0.1068500503897667,0.0,0.0,0.0,0.0,0.0,0.0,0.0
38,ITA,Italy,2019,-5.74995231628418,-0.1981113851070404,1.630305290222168,1,0.23468120396137238,0.07437334209680557,0.34910762310028076,0.28056269884109497,0.47654464840888977,0.41660529375076294,0.1068500503897667,0.0,0.0,0.0,0.0,0.0,0.0,0.0
38,ITA,Italy,2020,-6.417283058166504,-0.15498243272304535,1.630305290222168,1,0.23468120396137238,0.07437334209680557,0.34910762310028076,0.28056269884109497,0.47654464840888977,0.41660529375076294,0.1068500503897667,0.0,0.0,0.0,0.0,0.0,0.0,0.0
38,ITA,Italy,2021,-6.226283073425293,-0.057906538248062134,1.630305290222168,1,0.23468120396137238,0.07437334209680557,0.34910762310028076,0.28056269884109497,0.47654464840888977,0.41660529375076294,0.1068500503897667,0.0,0.0,0.0,0.0,0.0,0.0,0.0
38,ITA,Italy,2022,-4.716213703155518,0.04841862618923187,1.630305290222168,1,0.23468120396137238,0.07437334209680557,0.34910762310028076,0.28056269884109497,0.47654464840888977,0.41660529375076294,0.1068500503897667,0.0,0.0,0.0,0.0,0.0,0.0,0.0
38,ITA,Italy,2023,-6.842550277709961,0.14372938871383667,1.630305290222168,1,0.23468120396137238,0.07437334209680557,0.34910762310028076,0.28056269884109497,0.47654464840888977,0.41660529375076294,0.1068500503897667,0.0,0.0,0.0,0.0,0.0,0.0,0.0
39,JPN,Japan,2018,3.7277371883392334,0.4458802342414856,5.5,1,0.7284886837005615,0.8470459580421448,0.45311596989631653,0.8853041529655457,0.10000000149011612,0.10000000149011612,0.10000000149011612,0.10000000149011612,0.10000000149011612,0.10000000149011612,0.10000000149011612,0.10000000149011612,0.10000000149011612,0.10000000149011612
39,JPN,Japan,2019,3.204775810241699,0.4642660915851593,5.5,1,0.7284886837005615,0.8470459580421448,0.45311596989631653,0.8853041529655457,0.10000000149011612,0.10000000149011612,0.10000000149011612,0.10000000149011612,0.10000000149011612,0.10000000149011612,0.10000000149011612,0.10000000149011612,0.10000000149011612,0.10000000149011612
39,JPN,Japan,2020,3.1749613285064697,0.4688904881477356,5.5,1,0.7284886837005615,0.8470459580421448,0.45311596989631653,0.8853041529655457,0.10000000149011612,0.10000000149011612,0.10000000149011612,0.10000000149011612,0.10000000149011612,0.10000000149011612,0.10000000149011612,0.10000000149011612,0.10000000149011612,0.10000000149011612
39,JPN,Japan,2021,2.640718698501587,0.5019937753677368,5.5,1,0.7284886837005615,0.8470459580421448,0.45311596989631653,0.8853041529655457,0.10000000149011612,0.10000000149011612,0.10000000149011612,0.10000000149011612,0.10000000149011612,0.10000000149011612,0.10000000149011612,0.10000000149011612,0.10000000149011612,0.10000000149011612
39,JPN,Japan,2022,2.846599578857422,0.5127817988395691,5.5,1,0.7284886837005615,0.8470459580421448,0.45311596989631653,0.8853041529655457,0.10000000149011612,0.10000000149011612,0.10000000149011612,0.10000000149011612,0.10000000149011612,0.10000000149011612,0.10000000149011612,0.10000000149011612,0.10000000149011612,0.10000000149011612
39,JPN,Japan,2023,1.7527316808700562,0.5139456391334534,5.5,1,0.7284886837005615,0.8470459580421448,0.45311596989631653,0.8853041529655457,0.10000000149011612,0.10000000149011612,0.10000000149011612,0.10000000149011612,0.10000000149011612,0.10000000149011612,0.10000000149011612,0.10000000149011612,0.10000000149011612,0.10000000149011612
40,KAZ,Kazakhstan,2018,1.5828030109405518,0.2672591209411621,2.2057876586914062,1,-1.2722676992416382,-1.3743125200271606,-1.0817227363586426,-1.3607680797576904,0.30934709310531616,0.29577168822288513,0.27462759613990784,0.12025360763072968,0.0,0.0,0.0,0.0,0.0,0.0
40,KAZ,Kazakhstan,2019,1.5101414918899536,0.3238007724285126,2.2057876586914062,1,-1.2722676992416382,-1.3743125200271606,-1.0817227363586426,-1.3607680797576904,0.30934709310531616,0.29577168822288513,0.27462759613990784,0.12025360763072968,0.0,0.0,0.0,0.0,0.0,0.0
40,KAZ,Kazakhstan,2020,1.363572597503662,0.02245265245437622,2.2057876586914062,1,-1.2722676992416382,-1.3743125200271606,-1.0817227363586426,-1.3607680797576904,0.30934709310531616,0.29577168822288513,0.27462759613990784,0.12025360763072968,0.0,0.0,0.0,0.0,0.0,0.0
40,KAZ,Kazakhstan,2021,1.2543725967407227,-0.22582250833511353,2.2057876586914062,1,-1.2722676992416382,-1.3743125200271606,-1.0817227363586426,-1.3607680797576904,0.30934709310531616,0.29577168822288513,0.27462759613990784,0.12025360763072968,0.0,0.0,0.0,0.0,0.0,0.0
40,KAZ,Kazakhstan,2022,1.1613658666610718,-0.3365934491157532,2.2057876586914062,1,-1.2722676992416382,-1.3743125200271606,-1.0817227363586426,-1.3607680797576904,0.30934709310531616,0.29577168822288513,0.27462759613990784,0.12025360763072968,0.0,0.0,0.0,0.0,0.0,0.0
40,KAZ,Kazakhstan,2023,0.9807498455047607,-0.8975430727005005,2.2057876586914062,1,-1.2722676992416382,-1.3743125200271606,-1.0817227363586426,-1.3607680797576904,0.30934709310531616,0.29577168822288513,0.27462759613990784,0.12025360763072968,0.0,0.0,0.0,0.0,0.0,0.0
41,KOR,South Korea,2018,3.200753688812256,0.14143657684326172,2.635763168334961,2,0.34772443771362305,0.4346860945224762,0.1522836983203888,0.45620352029800415,0.28082728385925293,0.29603198170661926,0.1505207121372223,0.11465798318386078,0.10603200644254684,0.04099259153008461,0.010937469080090523,0.0,0.0,0.0
41,KOR,South Korea,2019,1.7671101093292236,0.30891263484954834,2.635763168334961,2,0.34772443771362305,0.4346860945224762,0.1522836983203888,0.45620352029800415,0.28082728385925293,0.29603198170661926,0.1505207121372223,0.11465798318386078,0.10603200644254684,0.04099259153008461,0.010937469080090523,0.0,0.0,0.0
41,KOR,South Korea,2020,-0.8152863383293152,0.37747377157211304,2.635763168334961,2,0.34772443771362305,0.4346860945224762,0.1522836983203888,0.45620352029800415,0.28082728385925293,0.29603198170661926,0.1505207121372223,0.11465798318386078,0.10603200644254684,0.04099259153008461,0.010937469080090523,0.0,0.0,0.0
41,KOR,South Korea,2021,-0.6951596140861511,0.42182600498199463,2.635763168334961,2,0.34772443771362305,0.4346860945224762,0.1522836983203888,0.45620352029800415,0.28082728385925293,0.29603198170661926,0.1505207121372223,0.11465798318386078,0.10603200644254684,0.04099259153008461,0.010937469080090523,0.0,0.0,0.0
41,KOR,South Korea,2022,-2.0999202728271484,0.44793882966041565,2.635763168334961,2,0.34772443771362305,0.4346860945224762,0.1522836983203888,0.45620352029800415,0.28082728385925293,0.29603198170661926,0.1505207121372223,0.11465798318386078,0.10603200644254684,0.04099259153008461,0.010937469080090523,0.0,0.0,0.0
41,KOR,South Korea,2023,-2.8068954944610596,0.4610188603401184,2.635763168334961,2,0.34772443771362305,0.4346860945224762,0.1522836983203888,0.45620352029800415,0.28082728385925293,0.29603198170661926,0.1505207121372223,0.11465798318386078,0.10603200644254684,0.04099259153008461,0.010937469080090523,0.0,0.0,0.0
42,KWT,Kuwait,2018,-6.3546881675720215,-0.019546590745449066,5.5,1,-0.23261572420597076,-0.458217591047287,-0.3800378143787384,0.1404082179069519,0.10000000149011612,0.10000000149011612,0.10000000149011612,0.10000000149011612,0.10000000149011612,0.10000000149011612,0.10000000149011612,0.10000000149011612,0.10000000149011612,0.10000000149011612
42,KWT,Kuwait,2019,-7.2538886070251465,-0.3948448896408081,5.5,1,-0.23261572420597076,-0.458217591047287,-0.3800378143787384,0.1404082179069519,0.10000000149011612,0.10000000149011612,0.10000000149011612,0.10000000149011612,0.10000000149011612,0.10000000149011612,0.10000000149011612,0.10000000149011612,0.10000000149011612,0.10000000149011612
42,KWT,Kuwait,2020,-6.158499240875244,-0.6456060409545898,5.5,1,-0.23261572420597076,-0.458217591047287,-0.3800378143787384,0.1404082179069519,0.10000000149011612,0.10000000149011612,0.10000000149011612,0.10000000149011612,0.10000000149011612,0.10000000149011612,0.10000000149011612,0.10000000149011612,0.10000000149011612,0.10000000149011612
42,KWT,Kuwait,2021,-7.0740485191345215,-0.8117689490318298,5.5,1,-0.23261572420597076,-0.458217591047287,-0.3800378143787384,0.1404082179069519,0.10000000149011612,0.10000000149011612,0.10000000149011612,0.10000000149011612,0.10000000149011612,0.10000000149011612,0.10000000149011612,0.10000000149011612,0.10000000149011612,0.10000000149011612
42,KWT,Kuwait,2022,-27.902793884277344,-0.9176973104476929,5.5,1,-0.23261572420597076,-0.458217591047287,-0.3800378143787384,0.1404082179069519,0.10000000149011612,0.10000000149011612,0.10000000149011612,0.10000000149011612,0.10000000149011612,0.10000000149011612,0.10000000149011612,0.10000000149011612,0.10000000149011612,0.10000000149011612
42,KWT,Kuwait,2023,-27.870094299316406,-0.9835768938064575,5.5,1,-0.23261572420597076,-0.458217591047287,-0.3800378143787384,0.1404082179069519,0.10000000149011612,0.10000000149011612,0.10000000149011612,0.10000000149011612,0.10000000149011612,0.10000000149011612,0.10000000149011612,0.10000000149011612,0.10000000149011612,0.10000000149011612
43,LKA,Sri Lanka,2018,2.3601856231689453,0.2833133637905121,2.5388011932373047,3,-0.550111711025238,-0.720518171787262,-0.5627866387367249,-0.36703041195869446,0.03145879507064819,0.3982810080051422,0.5702601671218872,0.0,0.0,0.0,0.0,0.0,0.0,0.0
43,LKA,Sri Lanka,2019,4.711722373962402,0.34483033418655396,2.5388011932373047,3,-0.550111711025238,-0.720518171787262,-0.5627866387367249,-0.36703041195869446,0.03145879507064819,0.3982810080051422,0.5702601671218872,0.0,0.0,0.0,0.0,0.0,0.0,0.0
43,LKA,Sri Lanka,2020,4.523720741271973,0.8785606026649475,2.5388011932373047,3,-0.550111711025238,-0.720518171787262,-0.5627866387367249,-0.36703041195869446,0.03145879507064819,0.3982810080051422,0.5702601671218872,0.0,0.0,0.0,0.0,0.0,0.0,0.0
43,LKA,Sri Lanka,2021,1.3256715536117554,0.7400127649307251,2.5388011932373047,3,-0.550111711025238,-0.720518171787262,-0.5627866387367249,-0.36703041195869446,0.03145879507064819,0.3982810080051422,0.5702601671218872,0.0,0.0,0.0,0.0,0.0,0.0,0.0
43,LKA,Sri Lanka,2022,4.413687705993652,-0.47763729095458984,2.5388011932373047,3,-0.550111711025238,-0.720518171787262,-0.5627866387367249,-0.36703041195869446,0.03145879507064819,0.3982810080051422,0.5702601671218872,0.0,0.0,0.0,0.0,0.0,0.0,0.0
43,LKA,Sri Lanka,2023,4.413687705993652,0.21350881457328796,2.5388011932373047,3,-0.550111711025238,-0.720518171787262,-0.5627866387367249,-0.36703041195869446,0.03145879507064819,0.3982810080051422,0.5702601671218872,0.0,0.0,0.0,0.0,0.0,0.0,0.0
44,LTU,Lithuania,2018,0.5927717685699463,0.06074708700180054,1.8063981533050537,1,0.11791292577981949,-0.0774189680814743,0.3881412148475647,0.043016545474529266,0.48833179473876953,0.41342490911483765,0.0,0.0,0.09824329614639282,0.0,0.0,0.0,0.0,0.0
44,LTU,Lithuania,2019,0.5042790174484253,0.2794133722782135,1.8063981533050537,1,0.11791292577981949,-0.0774189680814743,0.3881412148475647,0.043016545474529266,0.48833179473876953,0.41342490911483765,0.0,0.0,0.09824329614639282,0.0,0.0,0.0,0.0,0.0
44,LTU,Lithuania,2020,1.2348809242248535,0.3883620500564575,1.8063981533050537,1,0.11791292577981949,-0.0774189680814743,0.3881412148475647,0.043016545474529266,0.48833179473876953,0.41342490911483765,0.0,0.0,0.09824329614639282,0.0,0.0,0.0,0.0,0.0
44,LTU,Lithuania,2021,1.103811502456665,0.4451327323913574,1.8063981533050537,1,0.11791292577981949,-0.0774189680814743,0.3881412148475647,0.043016545474529266,0.48833179473876953,0.41342490911483765,0.0,0.0,0.09824329614639282,0.0,0.0,0.0,0.0,0.0
44,LTU,Lithuania,2022,0.6238992810249329,0.47002503275871277,1.8063981533050537,1,0.11791292577981949,-0.0774189680814743,0.3881412148475647,0.043016545474529266,0.48833179473876953,0.41342490911483765,0.0,0.0,0.09824329614639282,0.0,0.0,0.0,0.0,0.0
44,LTU,Lithuania,2023,-0.08893253654241562,0.47582539916038513,1.8063981533050537,1,0.11791292577981949,-0.0774189680814743,0.3881412148475647,0.043016545474529266,0.48833179473876953,0.41342490911483765,0.0,0.0,0.09824329614639282,0.0,0.0,0.0,0.0,0.0
45,LUX,Luxembourg,2018,-2.6616039276123047,-0.09605737030506134,1.5888605117797852,1,1.3627294301986694,1.4299343824386597,1.3163741827011108,1.3418793678283691,0.4860419034957886,0.4390556812286377,0.07490241527557373,0.0,0.0,0.0,0.0,0.0,0.0,0.0
45,LUX,Luxembourg,2019,-3.0985145568847656,-0.21652325987815857,1.5888605117797852,1,1.3627294301986694,1.4299343824386597,1.3163741827011108,1.3418793678283691,0.4860419034957886,0.4390556812286377,0.07490241527557373,0.0,0.0,0.0,0.0,0.0,0.0,0.0
45,LUX,Luxembourg,2020,-3.1957318782806396,-0.16822804510593414,1.5888605117797852,1,1.3627294301986694,1.4299343824386597,1.3163741827011108,1.3418793678283691,0.4860419034957886,0.4390556812286377,0.07490241527557373,0.0,0.0,0.0,0.0,0.0,0.0,0.0
45,LUX,Luxembourg,2021,-3.2258713245391846,-0.062150195240974426,1.5888605117797852,1,1.3627294301986694,1.4299343824386597,1.3163741827011108,1.3418793678283691,0.4860419034957886,0.4390556812286377,0.07490241527557373,0.0,0.0,0.0,0.0,0.0,0.0,0.0
45,LUX,Luxembourg,2022,-3.72668719291687,0.051479607820510864,1.5888605117797852,1,1.3627294301986694,1.4299343824386597,1.3163741827011108,1.3418793678283691,0.4860419034957886,0.4390556812286377,0.07490241527557373,0.0,0.0,0.0,0.0,0.0,0.0,0.0
45,LUX,Luxembourg,2023,-4.158839225769043,0.14853435754776,1.5888605117797852,1,1.3627294301986694,1.4299343824386597,1.3163741827011108,1.3418793678283691,0.4860419034957886,0.4390556812286377,0.07490241527557373,0.0,0.0,0.0,0.0,0.0,0.0,0.0
46,LVA,Latvia,2018,2.136277437210083,-0.24243545532226562,3.0083956718444824,1,0.05672547221183777,-0.19147229194641113,0.368137001991272,-0.006488294806331396,0.24516762793064117,0.1684115082025528,0.15552805364131927,0.2224884033203125,0.18055927753448486,0.02784513309597969,0.0,0.0,0.0,0.0
46,LVA,Latvia,2019,2.451484441757202,0.03434860706329346,3.0083956718444824,1,0.05672547221183777,-0.19147229194641113,0.368137001991272,-0.006488294806331396,0.24516762793064117,0.1684115082025528,0.15552805364131927,0.2224884033203125,0.18055927753448486,0.02784513309597969,0.0,0.0,0.0,0.0
46,LVA,Latvia,2020,0.5582294464111328,0.41057342290878296,3.0083956718444824,1,0.05672547221183777,-0.19147229194641113,0.368137001991272,-0.006488294806331396,0.24516762793064117,0.1684115082025528,0.15552805364131927,0.2224884033203125,0.18055927753448486,0.02784513309597969,0.0,0.0,0.0,0.0
46,LVA,Latvia,2021,0.538101315498352,0.004413530230522156,3.0083956718444824,1,0.05672547221183777,-0.19147229194641113,0.368137001991272,-0.006488294806331396,0.24516762793064117,0.1684115082025528,0.15552805364131927,0.2224884033203125,0.18055927753448486,0.02784513309597969,0.0,0.0,0.0,0.0
46,LVA,Latvia,2022,-1.1075773239135742,-0.02219521254301071,3.0083956718444824,1,0.05672547221183777,-0.19147229194641113,0.368137001991272,-0.006488294806331396,0.24516762793064117,0.1684115082025528,0.15552805364131927,0.2224884033203125,0.18055927753448486,0.02784513309597969,0.0,0.0,0.0,0.0
46,LVA,Latvia,2023,-1.7468478679656982,0.20662842690944672,3.0083956718444824,1,0.05672547221183777,-0.19147229194641113,0.368137001991272,-0.006488294806331396,0.24516762793064117,0.1684115082025528,0.15552805364131927,0.2224884033203125,0.18055927753448486,0.02784513309597969,0.0,0.0,0.0,0.0
47,MAR,Morocco,2018,-2.0527760982513428,-1.117436170578003,1.0,1,-0.5677001476287842,-0.5921026468276978,-0.603592574596405,-0.5074053406715393,1.0,0.0,0.0,0.0,0.0,0.0,0.0,0.0,0.0,0.0
47,MAR,Morocco,2019,-1.840488076210022,-0.9883732795715332,1.0,1,-0.5677001476287842,-0.5921026468276978,-0.603592574596405,-0.5074053406715393,1.0,0.0,0.0,0.0,0.0,0.0,0.0,0.0,0.0,0.0
47,MAR,Morocco,2020,-1.5523828268051147,-0.5558470487594604,1.0,1,-0.5677001476287842,-0.5921026468276978,-0.603592574596405,-0.5074053406715393,1.0,0.0,0.0,0.0,0.0,0.0,0.0,0.0,0.0,0.0
47,MAR,Morocco,2021,-1.670159101486206,-0.3288828730583191,1.0,1,-0.5677001476287842,-0.5921026468276978,-0.603592574596405,-0.5074053406715393,1.0,0.0,0.0,0.0,0.0,0.0,0.0,0.0,0.0,0.0
47,MAR,Morocco,2022,-1.1988462209701538,-0.17102260887622833,1.0,1,-0.5677001476287842,-0.5921026468276978,-0.603592574596405,-0.5074053406715393,1.0,0.0,0.0,0.0,0.0,0.0,0.0,0.0,0.0,0.0
47,MAR,Morocco,2023,-2.160374164581299,-0.08076311647891998,1.0,1,-0.5677001476287842,-0.5921026468276978,-0.603592574596405,-0.5074053406715393,1.0,0.0,0.0,0.0,0.0,0.0,0.0,0.0,0.0,0.0
48,MEX,Mexico,2018,-1.2096426486968994,-0.311136931180954,5.5,1,-0.4911726713180542,-0.5113726854324341,-0.13761571049690247,-0.8245296478271484,0.10000000149011612,0.10000000149011612,0.10000000149011612,0.10000000149011612,0.10000000149011612,0.10000000149011612,0.10000000149011612,0.10000000149011612,0.10000000149011612,0.10000000149011612
48,MEX,Mexico,2019,-1.0846872329711914,-0.26754701137542725,5.5,1,-0.4911726713180542,-0.5113726854324341,-0.13761571049690247,-0.8245296478271484,0.10000000149011612,0.10000000149011612,0.10000000149011612,0.10000000149011612,0.10000000149011612,0.10000000149011612,0.10000000149011612,0.10000000149011612,0.10000000149011612,0.10000000149011612
48,MEX,Mexico,2020,-3.962113618850708,-0.004056498408317566,5.5,1,-0.4911726713180542,-0.5113726854324341,-0.13761571049690247,-0.8245296478271484,0.10000000149011612,0.10000000149011612,0.10000000149011612,0.10000000149011612,0.10000000149011612,0.10000000149011612,0.10000000149011612,0.10000000149011612,0.10000000149011612,0.10000000149011612
48,MEX,Mexico,2021,-5.881318092346191,0.39160096645355225,5.5,1,-0.4911726713180542,-0.5113726854324341,-0.13761571049690247,-0.8245296478271484,0.10000000149011612,0.10000000149011612,0.10000000149011612,0.10000000149011612,0.10000000149011612,0.10000000149011612,0.10000000149011612,0.10000000149011612,0.10000000149011612,0.10000000149011612
48,MEX,Mexico,2022,-5.320054531097412,0.21684248745441437,5.5,1,-0.4911726713180542,-0.5113726854324341,-0.13761571049690247,-0.8245296478271484,0.10000000149011612,0.10000000149011612,0.10000000149011612,0.10000000149011612,0.10000000149011612,0.10000000149011612,0.10000000149011612,0.10000000149011612,0.10000000149011612,0.10000000149011612
48,MEX,Mexico,2023,-3.6169328689575195,-0.39367759227752686,5.5,1,-0.4911726713180542,-0.5113726854324341,-0.13761571049690247,-0.8245296478271484,0.10000000149011612,0.10000000149011612,0.10000000149011612,0.10000000149011612,0.10000000149011612,0.10000000149011612,0.10000000149011612,0.10000000149011612,0.10000000149011612,0.10000000149011612
49,MKD,North Macedonia,2018,-4.225182056427002,-0.8679379820823669,5.5,1,-0.8401430249214172,-0.9831662178039551,-0.6911687254905701,-0.8460942506790161,0.10000000149011612,0.10000000149011612,0.10000000149011612,0.10000000149011612,0.10000000149011612,0.10000000149011612,0.10000000149011612,0.10000000149011612,0.10000000149011612,0.10000000149011612
49,MKD,North Macedonia,2019,-2.3085620403289795,-1.274841547012329,5.5,1,-0.8401430249214172,-0.9831662178039551,-0.6911687254905701,-0.8460942506790161,0.10000000149011612,0.10000000149011612,0.10000000149011612,0.10000000149011612,0.10000000149011612,0.10000000149011612,0.10000000149011612,0.10000000149011612,0.10000000149011612,0.10000000149011612
49,MKD,North Macedonia,2020,-3.7089016437530518,-0.9011924266815186,5.5,1,-0.8401430249214172,-0.9831662178039551,-0.6911687254905701,-0.8460942506790161,0.10000000149011612,0.10000000149011612,0.10000000149011612,0.10000000149011612,0.10000000149011612,0.10000000149011612,0.10000000149011612,0.10000000149011612,0.10000000149011612,0.10000000149011612
49,MKD,North Macedonia,2021,-4.82833194732666,-0.6645417213439941,5.5,1,-0.8401430249214172,-0.9831662178039551,-0.6911687254905701,-0.8460942506790161,0.10000000149011612,0.10000000149011612,0.10000000149011612,0.10000000149011612,0.10000000149011612,0.10000000149011612,0.10000000149011612,0.10000000149011612,0.10000000149011612,0.10000000149011612
49,MKD,North Macedonia,2022,-3.69097900390625,-0.5492188930511475,5.5,1,-0.8401430249214172,-0.9831662178039551,-0.6911687254905701,-0.8460942506790161,0.10000000149011612,0.10000000149011612,0.10000000149011612,0.10000000149011612,0.10000000149011612,0.10000000149011612,0.10000000149011612,0.10000000149011612,0.10000000149011612,0.10000000149011612
49,MKD,North Macedonia,2023,-4.7387189865112305,-0.030732490122318268,5.5,1,-0.8401430249214172,-0.9831662178039551,-0.6911687254905701,-0.8460942506790161,0.10000000149011612,0.10000000149011612,0.10000000149011612,0.10000000149011612,0.10000000149011612,0.10000000149011612,0.10000000149011612,0.10000000149011612,0.10000000149011612,0.10000000149011612
50,MYS,Malaysia,2018,0.02772342786192894,0.42411842942237854,2.793867588043213,2,0.11615476757287979,0.3967877924442291,0.08836042881011963,-0.1366838961839676,0.2551255524158478,0.2821723520755768,0.2180943489074707,0.0743638277053833,0.0903952345252037,0.04998357221484184,0.002788722049444914,0.0010795873822644353,0.01734420843422413,0.0086525809019804
50,MYS,Malaysia,2019,-0.08382336795330048,0.6495263576507568,2.793867588043213,2,0.11615476757287979,0.3967877924442291,0.08836042881011963,-0.1366838961839676,0.2551255524158478,0.2821723520755768,0.2180943489074707,0.0743638277053833,0.0903952345252037,0.04998357221484184,0.002788722049444914,0.0010795873822644353,0.01734420843422413,0.0086525809019804
50,MYS,Malaysia,2020,0.11602042615413666,0.5243625044822693,2.793867588043213,2,0.11615476757287979,0.3967877924442291,0.08836042881011963,-0.1366838961839676,0.2551255524158478,0.2821723520755768,0.2180943489074707,0.0743638277053833,0.0903952345252037,0.04998357221484184,0.002788722049444914,0.0010795873822644353,0.01734420843422413,0.0086525809019804
50,MYS,Malaysia,2021,-0.4654858112335205,0.40372800827026367,2.793867588043213,2,0.11615476757287979,0.3967877924442291,0.08836042881011963,-0.1366838961839676,0.2551255524158478,0.2821723520755768,0.2180943489074707,0.0743638277053833,0.0903952345252037,0.04998357221484184,0.002788722049444914,0.0010795873822644353,0.01734420843422413,0.0086525809019804
50,MYS,Malaysia,2022,-0.6587987542152405,0.39374440908432007,2.793867588043213,2,0.11615476757287979,0.3967877924442291,0.08836042881011963,-0.1366838961839676,0.2551255524158478,0.2821723520755768,0.2180943489074707,0.0743638277053833,0.0903952345252037,0.04998357221484184,0.002788722049444914,0.0010795873822644353,0.01734420843422413,0.0086525809019804
50,MYS,Malaysia,2023,-0.5584850311279297,0.38093602657318115,2.793867588043213,2,0.11615476757287979,0.3967877924442291,0.08836042881011963,-0.1366838961839676,0.2551255524158478,0.2821723520755768,0.2180943489074707,0.0743638277053833,0.0903952345252037,0.04998357221484184,0.002788722049444914,0.0010795873822644353,0.01734420843422413,0.0086525809019804
51,NLD,Netherlands,2018,-2.012981653213501,-0.13258427381515503,1.819505214691162,1,1.3984497785568237,1.432983160018921,1.4087532758712769,1.3536127805709839,0.4215177595615387,0.3797149658203125,0.1565115749835968,0.0422557108104229,0.0,0.0,0.0,0.0,0.0,0.0
51,NLD,Netherlands,2019,-4.107210636138916,-0.10011447966098785,1.819505214691162,1,1.3984497785568237,1.432983160018921,1.4087532758712769,1.3536127805709839,0.4215177595615387,0.3797149658203125,0.1565115749835968,0.0422557108104229,0.0,0.0,0.0,0.0,0.0,0.0
51,NLD,Netherlands,2020,-6.567773342132568,-0.0032054781913757324,1.819505214691162,1,1.3984497785568237,1.432983160018921,1.4087532758712769,1.3536127805709839,0.4215177595615387,0.3797149658203125,0.1565115749835968,0.0422557108104229,0.0,0.0,0.0,0.0,0.0,0.0
51,NLD,Netherlands,2021,-6.225274562835693,0.10232700407505035,1.819505214691162,1,1.3984497785568237,1.432983160018921,1.4087532758712769,1.3536127805709839,0.4215177595615387,0.3797149658203125,0.1565115749835968,0.0422557108104229,0.0,0.0,0.0,0.0,0.0,0.0
51,NLD,Netherlands,2022,-7.184930801391602,0.19762416183948517,1.819505214691162,1,1.3984497785568237,1.432983160018921,1.4087532758712769,1.3536127805709839,0.4215177595615387,0.3797149658203125,0.1565115749835968,0.0422557108104229,0.0,0.0,0.0,0.0,0.0,0.0
51,NLD,Netherlands,2023,-9.322796821594238,0.27176159620285034,1.819505214691162,1,1.3984497785568237,1.432983160018921,1.4087532758712769,1.3536127805709839,0.4215177595615387,0.3797149658203125,0.1565115749835968,0.0422557108104229,0.0,0.0,0.0,0.0,0.0,0.0
52,NOR,Norway,2018,0.684697687625885,0.45319706201553345,4.967317581176758,6,1.3073252439498901,1.3803420066833496,1.0274958610534668,1.5141379833221436,0.1278572529554367,0.14827612042427063,0.16267409920692444,0.04265741631388664,0.03348487615585327,0.17877979576587677,0.06935403496026993,0.07509125024080276,0.06030729040503502,0.10151790082454681
52,NOR,Norway,2019,0.7579119205474854,0.46596330404281616,4.967317581176758,6,1.3073252439498901,1.3803420066833496,1.0274958610534668,1.5141379833221436,0.1278572529554367,0.14827612042427063,0.16267409920692444,0.04265741631388664,0.03348487615585327,0.17877979576587677,0.06935403496026993,0.07509125024080276,0.06030729040503502,0.10151790082454681
52,NOR,Norway,2020,0.16256453096866608,0.03500336408615112,4.967317581176758,6,1.3073252439498901,1.3803420066833496,1.0274958610534668,1.5141379833221436,0.1278572529554367,0.14827612042427063,0.16267409920692444,0.04265741631388664,0.03348487615585327,0.17877979576587677,0.06935403496026993,0.07509125024080276,0.06030729040503502,0.10151790082454681
52,NOR,Norway,2021,-0.5059971213340759,-0.18422679603099823,4.967317581176758,6,1.3073252439498901,1.3803420066833496,1.0274958610534668,1.5141379833221436,0.1278572529554367,0.14827612042427063,0.16267409920692444,0.04265741631388664,0.03348487615585327,0.17877979576587677,0.06935403496026993,0.07509125024080276,0.06030729040503502,0.10151790082454681
52,NOR,Norway,2022,0.01806272566318512,-0.1052432656288147,4.967317581176758,6,1.3073252439498901,1.3803420066833496,1.0274958610534668,1.5141379833221436,0.1278572529554367,0.14827612042427063,0.16267409920692444,0.04265741631388664,0.03348487615585327,0.17877979576587677,0.06935403496026993,0.07509125024080276,0.06030729040503502,0.10151790082454681
52,NOR,Norway,2023,0.1799047440290451,0.04172464460134506,4.967317581176758,6,1.3073252439498901,1.3803420066833496,1.0274958610534668,1.5141379833221436,0.1278572529554367,0.14827612042427063,0.16267409920692444,0.04265741631388664,0.03348487615585327,0.17877979576587677,0.06935403496026993,0.07509125024080276,0.06030729040503502,0.10151790082454681
53,NZL,New Zealand,2018,-2.981884479522705,0.18884441256523132,1.4330768585205078,1,1.3908849954605103,1.414912223815918,1.3223596811294556,1.4353830814361572,0.5669230818748474,0.4330769181251526,0.0,0.0,0.0,0.0,0.0,0.0,0.0,0.0
53,NZL,New Zealand,2019,-2.6216039657592773,-0.14744462072849274,1.4330768585205078,1,1.3908849954605103,1.414912223815918,1.3223596811294556,1.4353830814361572,0.5669230818748474,0.4330769181251526,0.0,0.0,0.0,0.0,0.0,0.0,0.0,0.0
53,NZL,New Zealand,2020,-2.319328546524048,-0.10414566099643707,1.4330768585205078,1,1.3908849954605103,1.414912223815918,1.3223596811294556,1.4353830814361572,0.5669230818748474,0.4330769181251526,0.0,0.0,0.0,0.0,0.0,0.0,0.0,0.0
53,NZL,New Zealand,2021,-2.2188103199005127,-0.07102843374013901,1.4330768585205078,1,1.3908849954605103,1.414912223815918,1.3223596811294556,1.4353830814361572,0.5669230818748474,0.4330769181251526,0.0,0.0,0.0,0.0,0.0,0.0,0.0,0.0
53,NZL,New Zealand,2022,-3.390082359313965,0.08810149878263474,1.4330768585205078,1,1.3908849954605103,1.414912223815918,1.3223596811294556,1.4353830814361572,0.5669230818748474,0.4330769181251526,0.0,0.0,0.0,0.0,0.0,0.0,0.0,0.0
53,NZL,New Zealand,2023,-3.6847918033599854,0.20887260138988495,1.4330768585205078,1,1.3908849954605103,1.414912223815918,1.3223596811294556,1.4353830814361572,0.5669230818748474,0.4330769181251526,0.0,0.0,0.0,0.0,0.0,0.0,0.0,0.0
54,OMN,Oman,2018,-1.4833542108535767,-0.02213791012763977,5.5,1,-0.0670604482293129,-0.2567063570022583,0.022247422486543655,0.033277593553066254,0.10000000149011612,0.10000000149011612,0.10000000149011612,0.10000000149011612,0.10000000149011612,0.10000000149011612,0.10000000149011612,0.10000000149011612,0.10000000149011612,0.10000000149011612
54,OMN,Oman,2019,-1.4833542108535767,-0.4670313000679016,5.5,1,-0.0670604482293129,-0.2567063570022583,0.022247422486543655,0.033277593553066254,0.10000000149011612,0.10000000149011612,0.10000000149011612,0.10000000149011612,0.10000000149011612,0.10000000149011612,0.10000000149011612,0.10000000149011612,0.10000000149011612,0.10000000149011612
54,OMN,Oman,2020,-1.9118425846099854,-0.746521532535553,5.5,1,-0.0670604482293129,-0.2567063570022583,0.022247422486543655,0.033277593553066254,0.10000000149011612,0.10000000149011612,0.10000000149011612,0.10000000149011612,0.10000000149011612,0.10000000149011612,0.10000000149011612,0.10000000149011612,0.10000000149011612,0.10000000149011612
54,OMN,Oman,2021,-2.7994258403778076,-0.9175981283187866,5.5,1,-0.0670604482293129,-0.2567063570022583,0.022247422486543655,0.033277593553066254,0.10000000149011612,0.10000000149011612,0.10000000149011612,0.10000000149011612,0.10000000149011612,0.10000000149011612,0.10000000149011612,0.10000000149011612,0.10000000149011612,0.10000000149011612
54,OMN,Oman,2022,-4.406257152557373,-1.0185762643814087,5.5,1,-0.0670604482293129,-0.2567063570022583,0.022247422486543655,0.033277593553066254,0.10000000149011612,0.10000000149011612,0.10000000149011612,0.10000000149011612,0.10000000149011612,0.10000000149011612,0.10000000149011612,0.10000000149011612,0.10000000149011612,0.10000000149011612
54,OMN,Oman,2023,-4.634274482727051,-1.0768139362335205,5.5,1,-0.0670604482293129,-0.2567063570022583,0.022247422486543655,0.033277593553066254,0.10000000149011612,0.10000000149011612,0.10000000149011612,0.10000000149011612,0.10000000149011612,0.10000000149011612,0.10000000149011612,0.10000000149011612,0.10000000149011612,0.10000000149011612
55,PAK,Pakistan,2018,0.6607634425163269,-0.2617475390434265,6.748826026916504,6,-1.1695586442947388,-1.022442102432251,-1.2194249629974365,-1.2668088674545288,0.0,0.024091778323054314,0.05476883426308632,0.0869462713599205,0.1419544219970703,0.19153167307376862,0.09250295907258987,0.12362611293792725,0.1527199149131775,0.1318579614162445
55,PAK,Pakistan,2019,0.263211190700531,-0.013323202729225159,6.748826026916504,6,-1.1695586442947388,-1.022442102432251,-1.2194249629974365,-1.2668088674545288,0.0,0.024091778323054314,0.05476883426308632,0.0869462713599205,0.1419544219970703,0.19153167307376862,0.09250295907258987,0.12362611293792725,0.1527199149131775,0.1318579614162445
55,PAK,Pakistan,2020,0.5979493856430054,-0.3546169400215149,6.748826026916504,6,-1.1695586442947388,-1.022442102432251,-1.2194249629974365,-1.2668088674545288,0.0,0.024091778323054314,0.05476883426308632,0.0869462713599205,0.1419544219970703,0.19153167307376862,0.09250295907258987,0.12362611293792725,0.1527199149131775,0.1318579614162445
55,PAK,Pakistan,2021,-0.27455824613571167,-0.3473410904407501,6.748826026916504,6,-1.1695586442947388,-1.022442102432251,-1.2194249629974365,-1.2668088674545288,0.0,0.024091778323054314,0.05476883426308632,0.0869462713599205,0.1419544219970703,0.19153167307376862,0.09250295907258987,0.12362611293792725,0.1527199149131775,0.1318579614162445
55,PAK,Pakistan,2022,-1.3144348859786987,-0.5943282842636108,6.748826026916504,6,-1.1695586442947388,-1.022442102432251,-1.2194249629974365,-1.2668088674545288,0.0,0.024091778323054314,0.05476883426308632,0.0869462713599205,0.1419544219970703,0.19153167307376862,0.09250295907258987,0.12362611293792725,0.1527199149131775,0.1318579614162445
55,PAK,Pakistan,2023,-1.7306287288665771,-0.7217020988464355,6.748826026916504,6,-1.1695586442947388,-1.022442102432251,-1.2194249629974365,-1.2668088674545288,0.0,0.024091778323054314,0.05476883426308632,0.0869462713599205,0.1419544219970703,0.19153167307376862,0.09250295907258987,0.12362611293792725,0.1527199149131775,0.1318579614162445
56,PER,Peru,2018,1.0936386585235596,0.24912048876285553,1.8532249927520752,1,-0.6950809359550476,-0.8969854712486267,-0.25150150060653687,-0.9367557168006897,0.3834989368915558,0.3797771632671356,0.2367238849401474,0.0,0.0,0.0,0.0,0.0,0.0,0.0
56,PER,Peru,2019,1.1609760522842407,0.5452552437782288,1.8532249927520752,1,-0.6950809359550476,-0.8969854712486267,-0.25150150060653687,-0.9367557168006897,0.3834989368915558,0.3797771632671356,0.2367238849401474,0.0,0.0,0.0,0.0,0.0,0.0,0.0
56,PER,Peru,2020,0.8656606674194336,0.5873783826828003,1.8532249927520752,1,-0.6950809359550476,-0.8969854712486267,-0.25150150060653687,-0.9367557168006897,0.3834989368915558,0.3797771632671356,0.2367238849401474,0.0,0.0,0.0,0.0,0.0,0.0,0.0
56,PER,Peru,2021,1.0604026317596436,0.25363677740097046,1.8532249927520752,1,-0.6950809359550476,-0.8969854712486267,-0.25150150060653687,-0.9367557168006897,0.3834989368915558,0.3797771632671356,0.2367238849401474,0.0,0.0,0.0,0.0,0.0,0.0,0.0
56,PER,Peru,2022,1.6989833116531372,-0.0024049878120422363,1.8532249927520752,1,-0.6950809359550476,-0.8969854712486267,-0.25150150060653687,-0.9367557168006897,0.3834989368915558,0.3797771632671356,0.2367238849401474,0.0,0.0,0.0,0.0,0.0,0.0,0.0
56,PER,Peru,2023,1.919171690940857,-0.1506842076778412,1.8532249927520752,1,-0.6950809359550476,-0.8969854712486267,-0.25150150060653687,-0.9367557168006897,0.3834989368915558,0.3797771632671356,0.2367238849401474,0.0,0.0,0.0,0.0,0.0,0.0,0.0
57,PHL,Philippines,2018,4.912133693695068,-0.24477052688598633,2.038839340209961,1,-0.5819682478904724,-0.5483519434928894,-0.43141669034957886,-0.7661361694335938,0.39221376180648804,0.39035484194755554,0.18691399693489075,0.0,0.0,0.0,0.0,0.0,0.0,0.030517397448420525
57,PHL,Philippines,2019,5.833406925201416,0.03711209446191788,2.038839340209961,1,-0.5819682478904724,-0.5483519434928894,-0.43141669034957886,-0.7661361694335938,0.39221376180648804,0.39035484194755554,0.18691399693489075,0.0,0.0,0.0,0.0,0.0,0.0,0.030517397448420525
57,PHL,Philippines,2020,6.113379955291748,0.5462990999221802,2.038839340209961,1,-0.5819682478904724,-0.5483519434928894,-0.43141669034957886,-0.7661361694335938,0.39221376180648804,0.39035484194755554,0.18691399693489075,0.0,0.0,0.0,0.0,0.0,0.0,0.030517397448420525
57,PHL,Philippines,2021,6.149739742279053,0.5042726993560791,2.038839340209961,1,-0.5819682478904724,-0.5483519434928894,-0.43141669034957886,-0.7661361694335938,0.39221376180648804,0.39035484194755554,0.18691399693489075,0.0,0.0,0.0,0.0,0.0,0.0,0.030517397448420525
57,PHL,Philippines,2022,6.288362503051758,0.3461099863052368,2.038839340209961,1,-0.5819682478904724,-0.5483519434928894,-0.43141669034957886,-0.7661361694335938,0.39221376180648804,0.39035484194755554,0.18691399693489075,0.0,0.0,0.0,0.0,0.0,0.0,0.030517397448420525
57,PHL,Philippines,2023,6.736955165863037,0.21763987839221954,2.038839340209961,1,-0.5819682478904724,-0.5483519434928894,-0.43141669034957886,-0.7661361694335938,0.39221376180648804,0.39035484194755554,0.18691399693489075,0.0,0.0,0.0,0.0,0.0,0.0,0.030517397448420525
58,POL,Poland,2018,-5.292060375213623,-0.846407413482666,1.4032111167907715,1,0.13508905470371246,0.0030404042918235064,0.21474087238311768,0.18748588860034943,0.5967888832092285,0.4032110869884491,0.0,0.0,0.0,0.0,0.0,0.0,0.0,0.0
58,POL,Poland,2019,-6.858757495880127,-0.6810153722763062,1.4032111167907715,1,0.13508905470371246,0.0030404042918235064,0.21474087238311768,0.18748588860034943,0.5967888832092285,0.4032110869884491,0.0,0.0,0.0,0.0,0.0,0.0,0.0,0.0
58,POL,Poland,2020,-8.258927345275879,-0.4717212915420532,1.4032111167907715,1,0.13508905470371246,0.0030404042918235064,0.21474087238311768,0.18748588860034943,0.5967888832092285,0.4032110869884491,0.0,0.0,0.0,0.0,0.0,0.0,0.0,0.0
58,POL,Poland,2021,-7.500536918640137,-0.2736990749835968,1.4032111167907715,1,0.13508905470371246,0.0030404042918235064,0.21474087238311768,0.18748588860034943,0.5967888832092285,0.4032110869884491,0.0,0.0,0.0,0.0,0.0,0.0,0.0,0.0
58,POL,Poland,2022,-8.502216339111328,-0.10086391866207123,1.4032111167907715,1,0.13508905470371246,0.0030404042918235064,0.21474087238311768,0.18748588860034943,0.5967888832092285,0.4032110869884491,0.0,0.0,0.0,0.0,0.0,0.0,0.0,0.0
58,POL,Poland,2023,-11.761031150817871,0.03818584978580475,1.4032111167907715,1,0.13508905470371246,0.0030404042918235064,0.21474087238311768,0.18748588860034943,0.5967888832092285,0.4032110869884491,0.0,0.0,0.0,0.0,0.0,0.0,0.0,0.0
59,PRT,Portugal,2018,-1.9006779193878174,-0.0026118308305740356,1.3862624168395996,1,0.5889715552330017,0.3899436593055725,0.6463295221328735,0.7306414842605591,0.6137376427650452,0.38626235723495483,0.0,0.0,0.0,0.0,0.0,0.0,0.0,0.0
59,PRT,Portugal,2019,-2.685220718383789,-0.21077638864517212,1.3862624168395996,1,0.5889715552330017,0.3899436593055725,0.6463295221328735,0.7306414842605591,0.6137376427650452,0.38626235723495483,0.0,0.0,0.0,0.0,0.0,0.0,0.0,0.0
59,PRT,Portugal,2020,-3.400998592376709,-0.17274819314479828,1.3862624168395996,1,0.5889715552330017,0.3899436593055725,0.6463295221328735,0.7306414842605591,0.6137376427650452,0.38626235723495483,0.0,0.0,0.0,0.0,0.0,0.0,0.0,0.0
59,PRT,Portugal,2021,-3.9149670600891113,-0.06797231733798981,1.3862624168395996,1,0.5889715552330017,0.3899436593055725,0.6463295221328735,0.7306414842605591,0.6137376427650452,0.38626235723495483,0.0,0.0,0.0,0.0,0.0,0.0,0.0,0.0
59,PRT,Portugal,2022,-3.713021755218506,0.06593716144561768,1.3862624168395996,1,0.5889715552330017,0.3899436593055725,0.6463295221328735,0.7306414842605591,0.6137376427650452,0.38626235723495483,0.0,0.0,0.0,0.0,0.0,0.0,0.0,0.0
59,PRT,Portugal,2023,-4.624629497528076,0.16435140371322632,1.3862624168395996,1,0.5889715552330017,0.3899436593055725,0.6463295221328735,0.7306414842605591,0.6137376427650452,0.38626235723495483,0.0,0.0,0.0,0.0,0.0,0.0,0.0,0.0
60,QAT,Qatar,2018,-6.880117416381836,0.5044810771942139,1.782823920249939,2,-0.037850040942430496,0.02352459356188774,-0.20334964990615845,0.06627492606639862,0.3886139988899231,0.43994811177253723,0.17143788933753967,0.0,0.0,0.0,0.0,0.0,0.0,0.0
60,QAT,Qatar,2019,-4.506235599517822,0.06689272820949554,1.782823920249939,2,-0.037850040942430496,0.02352459356188774,-0.20334964990615845,0.06627492606639862,0.3886139988899231,0.43994811177253723,0.17143788933753967,0.0,0.0,0.0,0.0,0.0,0.0,0.0
60,QAT,Qatar,2020,-5.444746971130371,-0.008266761898994446,1.782823920249939,2,-0.037850040942430496,0.02352459356188774,-0.20334964990615845,0.06627492606639862,0.3886139988899231,0.43994811177253723,0.17143788933753967,0.0,0.0,0.0,0.0,0.0,0.0,0.0
60,QAT,Qatar,2021,-6.548878192901611,0.04363340139389038,1.782823920249939,2,-0.037850040942430496,0.02352459356188774,-0.20334964990615845,0.06627492606639862,0.3886139988899231,0.43994811177253723,0.17143788933753967,0.0,0.0,0.0,0.0,0.0,0.0,0.0
60,QAT,Qatar,2022,-4.892681121826172,0.1258169412612915,1.782823920249939,2,-0.037850040942430496,0.02352459356188774,-0.20334964990615845,0.06627492606639862,0.3886139988899231,0.43994811177253723,0.17143788933753967,0.0,0.0,0.0,0.0,0.0,0.0,0.0
60,QAT,Qatar,2023,-5.334333896636963,0.20170684158802032,1.782823920249939,2,-0.037850040942430496,0.02352459356188774,-0.20334964990615845,0.06627492606639862,0.3886139988899231,0.43994811177253723,0.17143788933753967,0.0,0.0,0.0,0.0,0.0,0.0,0.0
61,ROU,Romania,2018,-3.695746898651123,-0.5312215685844421,1.652437448501587,2,-0.6137262582778931,-0.9381364583969116,-0.44055911898612976,-0.4624831974506378,0.4490721523761749,0.44941821694374084,0.10150960832834244,0.0,0.0,0.0,0.0,0.0,0.0,0.0
61,ROU,Romania,2019,-4.160907745361328,-0.1637476682662964,1.652437448501587,2,-0.6137262582778931,-0.9381364583969116,-0.44055911898612976,-0.4624831974506378,0.4490721523761749,0.44941821694374084,0.10150960832834244,0.0,0.0,0.0,0.0,0.0,0.0,0.0
61,ROU,Romania,2020,-5.406534671783447,0.1005176305770874,1.652437448501587,2,-0.6137262582778931,-0.9381364583969116,-0.44055911898612976,-0.4624831974506378,0.4490721523761749,0.44941821694374084,0.10150960832834244,0.0,0.0,0.0,0.0,0.0,0.0,0.0
61,ROU,Romania,2021,-5.111453533172607,0.25561243295669556,1.652437448501587,2,-0.6137262582778931,-0.9381364583969116,-0.44055911898612976,-0.4624831974506378,0.4490721523761749,0.44941821694374084,0.10150960832834244,0.0,0.0,0.0,0.0,0.0,0.0,0.0
61,ROU,Romania,2022,-4.921149253845215,0.3263801038265228,1.652437448501587,2,-0.6137262582778931,-0.9381364583969116,-0.44055911898612976,-0.4624831974506378,0.4490721523761749,0.44941821694374084,0.10150960832834244,0.0,0.0,0.0,0.0,0.0,0.0,0.0
61,ROU,Romania,2023,-6.2508416175842285,0.33469778299331665,1.652437448501587,2,-0.6137262582778931,-0.9381364583969116,-0.44055911898612976,-0.4624831974506378,0.4490721523761749,0.44941821694374084,0.10150960832834244,0.0,0.0,0.0,0.0,0.0,0.0,0.0
62,RUS,Russia,2018,-3.6435298919677734,0.2115226835012436,5.5,1,-1.1349221467971802,-1.1962112188339233,-0.9114767909049988,-1.2970784902572632,0.10000000149011612,0.10000000149011612,0.10000000149011612,0.10000000149011612,0.10000000149011612,0.10000000149011612,0.10000000149011612,0.10000000149011612,0.10000000149011612,0.10000000149011612
62,RUS,Russia,2019,-3.5361337661743164,0.2410597950220108,5.5,1,-1.1349221467971802,-1.1962112188339233,-0.9114767909049988,-1.2970784902572632,0.10000000149011612,0.10000000149011612,0.10000000149011612,0.10000000149011612,0.10000000149011612,0.10000000149011612,0.10000000149011612,0.10000000149011612,0.10000000149011612,0.10000000149011612
62,RUS,Russia,2020,-6.922895908355713,-0.32314223051071167,5.5,1,-1.1349221467971802,-1.1962112188339233,-0.9114767909049988,-1.2970784902572632,0.10000000149011612,0.10000000149011612,0.10000000149011612,0.10000000149011612,0.10000000149011612,0.10000000149011612,0.10000000149011612,0.10000000149011612,0.10000000149011612,0.10000000149011612
62,RUS,Russia,2021,-5.5373334884643555,-0.46618586778640747,5.5,1,-1.1349221467971802,-1.1962112188339233,-0.9114767909049988,-1.2970784902572632,0.10000000149011612,0.10000000149011612,0.10000000149011612,0.10000000149011612,0.10000000149011612,0.10000000149011612,0.10000000149011612,0.10000000149011612,0.10000000149011612,0.10000000149011612
62,RUS,Russia,2022,-4.097316741943359,-1.2531838417053223,5.5,1,-1.1349221467971802,-1.1962112188339233,-0.9114767909049988,-1.2970784902572632,0.10000000149011612,0.10000000149011612,0.10000000149011612,0.10000000149011612,0.10000000149011612,0.10000000149011612,0.10000000149011612,0.10000000149011612,0.10000000149011612,0.10000000149011612
62,RUS,Russia,2023,-3.127725601196289,-0.8593237400054932,5.5,1,-1.1349221467971802,-1.1962112188339233,-0.9114767909049988,-1.2970784902572632,0.10000000149011612,0.10000000149011612,0.10000000149011612,0.10000000149011612,0.10000000149011612,0.10000000149011612,0.10000000149011612,0.10000000149011612,0.10000000149011612,0.10000000149011612
63,SAU,Saudi Arabia,2018,2.299851655960083,0.369238018989563,7.014354705810547,7,-0.5544285178184509,-0.6724381446838379,-0.49509498476982117,-0.4957524538040161,0.0,0.0,0.0,0.0833052471280098,0.11191920936107635,0.2004208117723465,0.2342037707567215,0.14941464364528656,0.12309324741363525,0.09764301031827927
63,SAU,Saudi Arabia,2019,1.9578986167907715,-0.028417766094207764,7.014354705810547,7,-0.5544285178184509,-0.6724381446838379,-0.49509498476982117,-0.4957524538040161,0.0,0.0,0.0,0.0833052471280098,0.11191920936107635,0.2004208117723465,0.2342037707567215,0.14941464364528656,0.12309324741363525,0.09764301031827927
63,SAU,Saudi Arabia,2020,2.004265069961548,-0.0773741751909256,7.014354705810547,7,-0.5544285178184509,-0.6724381446838379,-0.49509498476982117,-0.4957524538040161,0.0,0.0,0.0,0.0833052471280098,0.11191920936107635,0.2004208117723465,0.2342037707567215,0.14941464364528656,0.12309324741363525,0.09764301031827927
63,SAU,Saudi Arabia,2021,2.169445753097534,-0.016952261328697205,7.014354705810547,7,-0.5544285178184509,-0.6724381446838379,-0.49509498476982117,-0.4957524538040161,0.0,0.0,0.0,0.0833052471280098,0.11191920936107635,0.2004208117723465,0.2342037707567215,0.14941464364528656,0.12309324741363525,0.09764301031827927
63,SAU,Saudi Arabia,2022,1.4797439575195312,0.08467535674571991,7.014354705810547,7,-0.5544285178184509,-0.6724381446838379,-0.49509498476982117,-0.4957524538040161,0.0,0.0,0.0,0.0833052471280098,0.11191920936107635,0.2004208117723465,0.2342037707567215,0.14941464364528656,0.12309324741363525,0.09764301031827927
63,SAU,Saudi Arabia,2023,0.6857173442840576,0.17033696174621582,7.014354705810547,7,-0.5544285178184509,-0.6724381446838379,-0.49509498476982117,-0.4957524538040161,0.0,0.0,0.0,0.0833052471280098,0.11191920936107635,0.2004208117723465,0.2342037707567215,0.14941464364528656,0.12309324741363525,0.09764301031827927
64,SGP,Singapore,2018,-1.5155048370361328,-0.6757183074951172,5.5,1,1.4344711303710938,1.7217825651168823,1.536649465560913,1.0449817180633545,0.10000000149011612,0.10000000149011612,0.10000000149011612,0.10000000149011612,0.10000000149011612,0.10000000149011612,0.10000000149011612,0.10000000149011612,0.10000000149011612,0.10000000149011612
64,SGP,Singapore,2019,-1.5344992876052856,-0.98480224609375,5.5,1,1.4344711303710938,1.7217825651168823,1.536649465560913,1.0449817180633545,0.10000000149011612,0.10000000149011612,0.10000000149011612,0.10000000149011612,0.10000000149011612,0.10000000149011612,0.10000000149011612,0.10000000149011612,0.10000000149011612,0.10000000149011612
64,SGP,Singapore,2020,-1.5631846189498901,-1.087860107421875,5.5,1,1.4344711303710938,1.7217825651168823,1.536649465560913,1.0449817180633545,0.10000000149011612,0.10000000149011612,0.10000000149011612,0.10000000149011612,0.10000000149011612,0.10000000149011612,0.10000000149011612,0.10000000149011612,0.10000000149011612,0.10000000149011612
64,SGP,Singapore,2021,-1.5329487323760986,-1.027442455291748,5.5,1,1.4344711303710938,1.7217825651168823,1.536649465560913,1.0449817180633545,0.10000000149011612,0.10000000149011612,0.10000000149011612,0.10000000149011612,0.10000000149011612,0.10000000149011612,0.10000000149011612,0.10000000149011612,0.10000000149011612,0.10000000149011612
64,SGP,Singapore,2022,-1.5709375143051147,-0.8270050287246704,5.5,1,1.4344711303710938,1.7217825651168823,1.536649465560913,1.0449817180633545,0.10000000149011612,0.10000000149011612,0.10000000149011612,0.10000000149011612,0.10000000149011612,0.10000000149011612,0.10000000149011612,0.10000000149011612,0.10000000149011612,0.10000000149011612
64,SGP,Singapore,2023,-1.6358672380447388,-0.6257897615432739,5.5,1,1.4344711303710938,1.7217825651168823,1.536649465560913,1.0449817180633545,0.10000000149011612,0.10000000149011612,0.10000000149011612,0.10000000149011612,0.10000000149011612,0.10000000149011612,0.10000000149011612,0.10000000149011612,0.10000000149011612,0.10000000149011612
65,SVK,Slovakia,2018,-1.5849237442016602,-0.7778481245040894,1.6256297826766968,1,0.11652449518442154,0.11614179611206055,0.3065413236618042,-0.07310961931943893,0.4662053883075714,0.441959410905838,0.09183519333600998,0.0,0.0,0.0,0.0,0.0,0.0,0.0
65,SVK,Slovakia,2019,-2.091881036758423,-0.566651463508606,1.6256297826766968,1,0.11652449518442154,0.11614179611206055,0.3065413236618042,-0.07310961931943893,0.4662053883075714,0.441959410905838,0.09183519333600998,0.0,0.0,0.0,0.0,0.0,0.0,0.0
65,SVK,Slovakia,2020,-2.406219482421875,-0.34464287757873535,1.6256297826766968,1,0.11652449518442154,0.11614179611206055,0.3065413236618042,-0.07310961931943893,0.4662053883075714,0.441959410905838,0.09183519333600998,0.0,0.0,0.0,0.0,0.0,0.0,0.0
65,SVK,Slovakia,2021,-2.1880667209625244,-0.14931035041809082,1.6256297826766968,1,0.11652449518442154,0.11614179611206055,0.3065413236618042,-0.07310961931943893,0.4662053883075714,0.441959410905838,0.09183519333600998,0.0,0.0,0.0,0.0,0.0,0.0,0.0
65,SVK,Slovakia,2022,-2.8150081634521484,0.007547095417976379,1.6256297826766968,1,0.11652449518442154,0.11614179611206055,0.3065413236618042,-0.07310961931943893,0.4662053883075714,0.441959410905838,0.09183519333600998,0.0,0.0,0.0,0.0,0.0,0.0,0.0
65,SVK,Slovakia,2023,-3.482109785079956,0.12496292591094971,1.6256297826766968,1,0.11652449518442154,0.11614179611206055,0.3065413236618042,-0.07310961931943893,0.4662053883075714,0.441959410905838,0.09183519333600998,0.0,0.0,0.0,0.0,0.0,0.0,0.0
66,SVN,Slovenia,2018,-4.337141990661621,0.21745741367340088,1.9567437171936035,1,0.38642582297325134,0.28950437903404236,0.34630832076072693,0.5234646797180176,0.38757315278053284,0.34305939078330994,0.20720256865024567,0.04938029870390892,0.01278457511216402,0.0,0.0,0.0,0.0,0.0
66,SVN,Slovenia,2019,-4.712256908416748,0.08699235320091248,1.9567437171936035,1,0.38642582297325134,0.28950437903404236,0.34630832076072693,0.5234646797180176,0.38757315278053284,0.34305939078330994,0.20720256865024567,0.04938029870390892,0.01278457511216402,0.0,0.0,0.0,0.0,0.0
66,SVN,Slovenia,2020,-6.15969705581665,0.15579554438591003,1.9567437171936035,1,0.38642582297325134,0.28950437903404236,0.34630832076072693,0.5234646797180176,0.38757315278053284,0.34305939078330994,0.20720256865024567,0.04938029870390892,0.01278457511216402,0.0,0.0,0.0,0.0,0.0
66,SVN,Slovenia,2021,-6.669349670410156,0.23627585172653198,1.9567437171936035,1,0.38642582297325134,0.28950437903404236,0.34630832076072693,0.5234646797180176,0.38757315278053284,0.34305939078330994,0.20720256865024567,0.04938029870390892,0.01278457511216402,0.0,0.0,0.0,0.0,0.0
66,SVN,Slovenia,2022,-7.458681583404541,0.2813084125518799,1.9567437171936035,1,0.38642582297325134,0.28950437903404236,0.34630832076072693,0.5234646797180176,0.38757315278053284,0.34305939078330994,0.20720256865024567,0.04938029870390892,0.01278457511216402,0.0,0.0,0.0,0.0,0.0
66,SVN,Slovenia,2023,-9.606645584106445,0.32384803891181946,1.9567437171936035,1,0.38642582297325134,0.28950437903404236,0.34630832076072693,0.5234646797180176,0.38757315278053284,0.34305939078330994,0.20720256865024567,0.04938029870390892,0.01278457511216402,0.0,0.0,0.0,0.0,0.0
67,SWE,Sweden,2018,-1.111396074295044,-0.09155382215976715,2.5049397945404053,2,1.3480762243270874,1.4301238059997559,1.161694884300232,1.4524099826812744,0.29117095470428467,0.29657241702079773,0.16839034855365753,0.13319014012813568,0.09602028876543045,0.0,0.014655842445790768,0.0,0.0,0.0
67,SWE,Sweden,2019,-1.153639554977417,-0.09027840197086334,2.5049397945404053,2,1.3480762243270874,1.4301238059997559,1.161694884300232,1.4524099826812744,0.29117095470428467,0.29657241702079773,0.16839034855365753,0.13319014012813568,0.09602028876543045,0.0,0.014655842445790768,0.0,0.0,0.0
67,SWE,Sweden,2020,-1.5468288660049438,-0.0031588971614837646,2.5049397945404053,2,1.3480762243270874,1.4301238059997559,1.161694884300232,1.4524099826812744,0.29117095470428467,0.29657241702079773,0.16839034855365753,0.13319014012813568,0.09602028876543045,0.0,0.014655842445790768,0.0,0.0,0.0
67,SWE,Sweden,2021,-1.2186294794082642,0.11311280727386475,2.5049397945404053,2,1.3480762243270874,1.4301238059997559,1.161694884300232,1.4524099826812744,0.29117095470428467,0.29657241702079773,0.16839034855365753,0.13319014012813568,0.09602028876543045,0.0,0.014655842445790768,0.0,0.0,0.0
67,SWE,Sweden,2022,-1.295534372329712,0.22460921108722687,2.5049397945404053,2,1.3480762243270874,1.4301238059997559,1.161694884300232,1.4524099826812744,0.29117095470428467,0.29657241702079773,0.16839034855365753,0.13319014012813568,0.09602028876543045,0.0,0.014655842445790768,0.0,0.0,0.0
67,SWE,Sweden,2023,-1.5739079713821411,0.30043601989746094,2.5049397945404053,2,1.3480762243270874,1.4301238059997559,1.161694884300232,1.4524099826812744,0.29117095470428467,0.29657241702079773,0.16839034855365753,0.13319014012813568,0.09602028876543045,0.0,0.014655842445790768,0.0,0.0,0.0
68,THA,Thailand,2018,-6.279742240905762,-0.2062007486820221,3.0167620182037354,2,-0.2564157247543335,-0.22457081079483032,-0.3106171190738678,-0.23405922949314117,0.20796029269695282,0.23552925884723663,0.1998731791973114,0.1495792120695114,0.14438436925411224,0.034801892936229706,0.013900578022003174,0.013971218839287758,0.0,0.0
68,THA,Thailand,2019,-7.279186248779297,0.1916927546262741,3.0167620182037354,2,-0.2564157247543335,-0.22457081079483032,-0.3106171190738678,-0.23405922949314117,0.20796029269695282,0.23552925884723663,0.1998731791973114,0.1495792120695114,0.14438436925411224,0.034801892936229706,0.013900578022003174,0.013971218839287758,0.0,0.0
68,THA,Thailand,2020,-5.78999662399292,0.38191038370132446,3.0167620182037354,2,-0.2564157247543335,-0.22457081079483032,-0.3106171190738678,-0.23405922949314117,0.20796029269695282,0.23552925884723663,0.1998731791973114,0.1495792120695114,0.14438436925411224,0.034801892936229706,0.013900578022003174,0.013971218839287758,0.0,0.0
68,THA,Thailand,2021,-6.593542575836182,0.43936413526535034,3.0167620182037354,2,-0.2564157247543335,-0.22457081079483032,-0.3106171190738678,-0.23405922949314117,0.20796029269695282,0.23552925884723663,0.1998731791973114,0.1495792120695114,0.14438436925411224,0.034801892936229706,0.013900578022003174,0.013971218839287758,0.0,0.0
68,THA,Thailand,2022,-7.6401472091674805,0.47838327288627625,3.0167620182037354,2,-0.2564157247543335,-0.22457081079483032,-0.3106171190738678,-0.23405922949314117,0.20796029269695282,0.23552925884723663,0.1998731791973114,0.1495792120695114,0.14438436925411224,0.034801892936229706,0.013900578022003174,0.013971218839287758,0.0,0.0
68,THA,Thailand,2023,-9.644476890563965,0.4936470687389374,3.0167620182037354,2,-0.2564157247543335,-0.22457081079483032,-0.3106171190738678,-0.23405922949314117,0.20796029269695282,0.23552925884723663,0.1998731791973114,0.1495792120695114,0.14438436925411224,0.034801892936229706,0.013900578022003174,0.013971218839287758,0.0,0.0
69,TKM,Turkmenistan,2018,-0.8944293856620789,-0.4932660460472107,7.909448623657227,9,-2.006190538406372,-1.8531438112258911,-2.4522314071655273,-1.7131962776184082,0.011350064538419247,0.008078393526375294,0.0010356117272749543,0.016313938423991203,0.05385051667690277,0.11627760529518127,0.15251928567886353,0.20041820406913757,0.22588366270065308,0.21427272260189056
69,TKM,Turkmenistan,2019,1.0794837474822998,-0.19388321042060852,7.909448623657227,9,-2.006190538406372,-1.8531438112258911,-2.4522314071655273,-1.7131962776184082,0.011350064538419247,0.008078393526375294,0.0010356117272749543,0.016313938423991203,0.05385051667690277,0.11627760529518127,0.15251928567886353,0.20041820406913757,0.22588366270065308,0.21427272260189056
69,TKM,Turkmenistan,2020,1.1499806642532349,-0.21784284710884094,7.909448623657227,9,-2.006190538406372,-1.8531438112258911,-2.4522314071655273,-1.7131962776184082,0.011350064538419247,0.008078393526375294,0.0010356117272749543,0.016313938423991203,0.05385051667690277,0.11627760529518127,0.15251928567886353,0.20041820406913757,0.22588366270065308,0.21427272260189056
69,TKM,Turkmenistan,2021,-3.7143051624298096,-0.29724809527397156,7.909448623657227,9,-2.006190538406372,-1.8531438112258911,-2.4522314071655273,-1.7131962776184082,0.011350064538419247,0.008078393526375294,0.0010356117272749543,0.016313938423991203,0.05385051667690277,0.11627760529518127,0.15251928567886353,0.20041820406913757,0.22588366270065308,0.21427272260189056
69,TKM,Turkmenistan,2022,-2.6568517684936523,-0.13842910528182983,7.909448623657227,9,-2.006190538406372,-1.8531438112258911,-2.4522314071655273,-1.7131962776184082,0.011350064538419247,0.008078393526375294,0.0010356117272749543,0.016313938423991203,0.05385051667690277,0.11627760529518127,0.15251928567886353,0.20041820406913757,0.22588366270065308,0.21427272260189056
69,TKM,Turkmenistan,2023,-1.52890145778656,-0.0512034073472023,7.909448623657227,9,-2.006190538406372,-1.8531438112258911,-2.4522314071655273,-1.7131962776184082,0.011350064538419247,0.008078393526375294,0.0010356117272749543,0.016313938423991203,0.05385051667690277,0.11627760529518127,0.15251928567886353,0.20041820406913757,0.22588366270065308,0.21427272260189056
70,TTO,Trinidad and Tobago,2018,1.318193793296814,0.5879055261611938,4.176687240600586,4,-0.04588906839489937,-0.1480531096458435,0.11017729341983795,-0.09979138523340225,0.10191499441862106,0.138480082154274,0.18046458065509796,0.18559078872203827,0.13207077980041504,0.09076296538114548,0.09355083107948303,0.04877947270870209,0.01982407458126545,0.008561489172279835
70,TTO,Trinidad and Tobago,2019,1.3760409355163574,0.33410167694091797,4.176687240600586,4,-0.04588906839489937,-0.1480531096458435,0.11017729341983795,-0.09979138523340225,0.10191499441862106,0.138480082154274,0.18046458065509796,0.18559078872203827,0.13207077980041504,0.09076296538114548,0.09355083107948303,0.04877947270870209,0.01982407458126545,0.008561489172279835
70,TTO,Trinidad and Tobago,2020,1.318193793296814,0.09355872869491577,4.176687240600586,4,-0.04588906839489937,-0.1480531096458435,0.11017729341983795,-0.09979138523340225,0.10191499441862106,0.138480082154274,0.18046458065509796,0.18559078872203827,0.13207077980041504,0.09076296538114548,0.09355083107948303,0.04877947270870209,0.01982407458126545,0.008561489172279835
70,TTO,Trinidad and Tobago,2021,1.665277123451233,-0.11075034737586975,4.176687240600586,4,-0.04588906839489937,-0.1480531096458435,0.11017729341983795,-0.09979138523340225,0.10191499441862106,0.138480082154274,0.18046458065509796,0.18559078872203827,0.13207077980041504,0.09076296538114548,0.09355083107948303,0.04877947270870209,0.01982407458126545,0.008561489172279835
70,TTO,Trinidad and Tobago,2022,2.058638334274292,-0.2587871253490448,4.176687240600586,4,-0.04588906839489937,-0.1480531096458435,0.11017729341983795,-0.09979138523340225,0.10191499441862106,0.138480082154274,0.18046458065509796,0.18559078872203827,0.13207077980041504,0.09076296538114548,0.09355083107948303,0.04877947270870209,0.01982407458126545,0.008561489172279835
70,TTO,Trinidad and Tobago,2023,2.058638334274292,-0.3655751645565033,4.176687240600586,4,-0.04588906839489937,-0.1480531096458435,0.11017729341983795,-0.09979138523340225,0.10191499441862106,0.138480082154274,0.18046458065509796,0.18559078872203827,0.13207077980041504,0.09076296538114548,0.09355083107948303,0.04877947270870209,0.01982407458126545,0.008561489172279835
71,TUR,Turkey,2018,-0.10262159258127213,-0.21958217024803162,6.0325775146484375,9,-0.3568929135799408,-0.3960716426372528,-0.2856121361255646,-0.3889949917793274,0.04407262057065964,0.07103699445724487,0.07743827998638153,0.11918332427740097,0.13636255264282227,0.11752832680940628,0.1071857213973999,0.05990045145153999,0.152020663022995,0.11527104675769806
71,TUR,Turkey,2019,-1.772402048110962,-0.4353727698326111,6.0325775146484375,9,-0.3568929135799408,-0.3960716426372528,-0.2856121361255646,-0.3889949917793274,0.04407262057065964,0.07103699445724487,0.07743827998638153,0.11918332427740097,0.13636255264282227,0.11752832680940628,0.1071857213973999,0.05990045145153999,0.152020663022995,0.11527104675769806
71,TUR,Turkey,2020,-1.959740161895752,0.1821335405111313,6.0325775146484375,9,-0.3568929135799408,-0.3960716426372528,-0.2856121361255646,-0.3889949917793274,0.04407262057065964,0.07103699445724487,0.07743827998638153,0.11918332427740097,0.13636255264282227,0.11752832680940628,0.1071857213973999,0.05990045145153999,0.152020663022995,0.11527104675769806
71,TUR,Turkey,2021,-1.391783356666565,-0.2937385141849518,6.0325775146484375,9,-0.3568929135799408,-0.3960716426372528,-0.2856121361255646,-0.3889949917793274,0.04407262057065964,0.07103699445724487,0.07743827998638153,0.11918332427740097,0.13636255264282227,0.11752832680940628,0.1071857213973999,0.05990045145153999,0.152020663022995,0.11527104675769806
71,TUR,Turkey,2022,-1.788352370262146,0.03488737344741821,6.0325775146484375,9,-0.3568929135799408,-0.3960716426372528,-0.2856121361255646,-0.3889949917793274,0.04407262057065964,0.07103699445724487,0.07743827998638153,0.11918332427740097,0.13636255264282227,0.11752832680940628,0.1071857213973999,0.05990045145153999,0.152020663022995,0.11527104675769806
71,TUR,Turkey,2023,-1.6069564819335938,0.05073513090610504,6.0325775146484375,9,-0.3568929135799408,-0.3960716426372528,-0.2856121361255646,-0.3889949917793274,0.04407262057065964,0.07103699445724487,0.07743827998638153,0.11918332427740097,0.13636255264282227,0.11752832680940628,0.1071857213973999,0.05990045145153999,0.152020663022995,0.11527104675769806
72,UKR,Ukraine,2018,-3.635014295578003,0.06931973248720169,2.9374263286590576,1,-1.2346214056015015,-1.3236093521118164,-1.1485481262207031,-1.2317067384719849,0.2692101001739502,0.22862336039543152,0.1669643521308899,0.11871255189180374,0.1066269725561142,0.06794126331806183,0.040927257388830185,0.000994120491668582,0.0,0.0
72,UKR,Ukraine,2019,-4.1212358474731445,0.2248411625623703,2.9374263286590576,1,-1.2346214056015015,-1.3236093521118164,-1.1485481262207031,-1.2317067384719849,0.2692101001739502,0.22862336039543152,0.1669643521308899,0.11871255189180374,0.1066269725561142,0.06794126331806183,0.040927257388830185,0.000994120491668582,0.0,0.0
72,UKR,Ukraine,2020,-5.126094341278076,1.2416515350341797,2.9374263286590576,1,-1.2346214056015015,-1.3236093521118164,-1.1485481262207031,-1.2317067384719849,0.2692101001739502,0.22862336039543152,0.1669643521308899,0.11871255189180374,0.1066269725561142,0.06794126331806183,0.040927257388830185,0.000994120491668582,0.0,0.0
72,UKR,Ukraine,2021,-7.988569259643555,0.6808386445045471,2.9374263286590576,1,-1.2346214056015015,-1.3236093521118164,-1.1485481262207031,-1.2317067384719849,0.2692101001739502,0.22862336039543152,0.1669643521308899,0.11871255189180374,0.1066269725561142,0.06794126331806183,0.040927257388830185,0.000994120491668582,0.0,0.0
72,UKR,Ukraine,2022,-9.796317100524902,0.2655639052391052,2.9374263286590576,1,-1.2346214056015015,-1.3236093521118164,-1.1485481262207031,-1.2317067384719849,0.2692101001739502,0.22862336039543152,0.1669643521308899,0.11871255189180374,0.1066269725561142,0.06794126331806183,0.040927257388830185,0.000994120491668582,0.0,0.0
72,UKR,Ukraine,2023,-9.796317100524902,0.3845951557159424,2.9374263286590576,1,-1.2346214056015015,-1.3236093521118164,-1.1485481262207031,-1.2317067384719849,0.2692101001739502,0.22862336039543152,0.1669643521308899,0.11871255189180374,0.1066269725561142,0.06794126331806183,0.040927257388830185,0.000994120491668582,0.0,0.0
73,USA,United States,2018,-7.697317123413086,-0.6396263837814331,1.4627162218093872,1,1.167035460472107,1.1881818771362305,1.1316249370574951,1.1812996864318848,0.5372837781906128,0.4627162218093872,0.0,0.0,0.0,0.0,0.0,0.0,0.0,0.0
73,USA,United States,2019,-9.035722732543945,-0.5658389329910278,1.4627162218093872,1,1.167035460472107,1.1881818771362305,1.1316249370574951,1.1812996864318848,0.5372837781906128,0.4627162218093872,0.0,0.0,0.0,0.0,0.0,0.0,0.0,0.0
73,USA,United States,2020,-10.637649536132812,-0.41728225350379944,1.4627162218093872,1,1.167035460472107,1.1881818771362305,1.1316249370574951,1.1812996864318848,0.5372837781906128,0.4627162218093872,0.0,0.0,0.0,0.0,0.0,0.0,0.0,0.0
73,USA,United States,2021,-9.941286087036133,-0.23592355847358704,1.4627162218093872,1,1.167035460472107,1.1881818771362305,1.1316249370574951,1.1812996864318848,0.5372837781906128,0.4627162218093872,0.0,0.0,0.0,0.0,0.0,0.0,0.0,0.0
73,USA,United States,2022,-10.715087890625,-0.06599338352680206,1.4627162218093872,1,1.167035460472107,1.1881818771362305,1.1316249370574951,1.1812996864318848,0.5372837781906128,0.4627162218093872,0.0,0.0,0.0,0.0,0.0,0.0,0.0,0.0
73,USA,United States,2023,-11.726405143737793,0.0704791247844696,1.4627162218093872,1,1.167035460472107,1.1881818771362305,1.1316249370574951,1.1812996864318848,0.5372837781906128,0.4627162218093872,0.0,0.0,0.0,0.0,0.0,0.0,0.0,0.0
74,UZB,Uzbekistan,2018,1.4206937551498413,-0.2351781129837036,2.225694179534912,1,-1.8003510236740112,-1.597791075706482,-2.1902878284454346,-1.6129741668701172,0.5341954231262207,0.32975977659225464,0.046924106776714325,0.0,0.0,0.0,0.0,0.0,0.0,0.08912067860364914
74,UZB,Uzbekistan,2019,0.9323561787605286,0.4516868591308594,2.225694179534912,1,-1.8003510236740112,-1.597791075706482,-2.1902878284454346,-1.6129741668701172,0.5341954231262207,0.32975977659225464,0.046924106776714325,0.0,0.0,0.0,0.0,0.0,0.0,0.08912067860364914
74,UZB,Uzbekistan,2020,1.6637600660324097,-0.06389409303665161,2.225694179534912,1,-1.8003510236740112,-1.597791075706482,-2.1902878284454346,-1.6129741668701172,0.5341954231262207,0.32975977659225464,0.046924106776714325,0.0,0.0,0.0,0.0,0.0,0.0,0.08912067860364914
74,UZB,Uzbekistan,2021,1.6973286867141724,0.5612287521362305,2.225694179534912,1,-1.8003510236740112,-1.597791075706482,-2.1902878284454346,-1.6129741668701172,0.5341954231262207,0.32975977659225464,0.046924106776714325,0.0,0.0,0.0,0.0,0.0,0.0,0.08912067860364914
74,UZB,Uzbekistan,2022,0.9835667014122009,0.7762196063995361,2.225694179534912,1,-1.8003510236740112,-1.597791075706482,-2.1902878284454346,-1.6129741668701172,0.5341954231262207,0.32975977659225464,0.046924106776714325,0.0,0.0,0.0,0.0,0.0,0.0,0.08912067860364914
74,UZB,Uzbekistan,2023,0.9794012308120728,-0.016520746052265167,2.225694179534912,1,-1.8003510236740112,-1.597791075706482,-2.1902878284454346,-1.6129741668701172,0.5341954231262207,0.32975977659225464,0.046924106776714325,0.0,0.0,0.0,0.0,0.0,0.0,0.08912067860364914
75,VEN,Venezuela,2018,4.365685939788818,0.3060770630836487,6.557031154632568,7,-1.5081526041030884,-1.3741530179977417,-1.5062425136566162,-1.6440623998641968,0.038265492767095566,0.026043741032481194,0.03207874670624733,0.044266268610954285,0.09596249461174011,0.18134692311286926,0.2345084249973297,0.21620027720928192,0.05895482748746872,0.07237280905246735
75,VEN,Venezuela,2019,4.361935615539551,0.5775867700576782,6.557031154632568,7,-1.5081526041030884,-1.3741530179977417,-1.5062425136566162,-1.6440623998641968,0.038265492767095566,0.026043741032481194,0.03207874670624733,0.044266268610954285,0.09596249461174011,0.18134692311286926,0.2345084249973297,0.21620027720928192,0.05895482748746872,0.07237280905246735
75,VEN,Venezuela,2020,-2.0265071392059326,0.25836995244026184,6.557031154632568,7,-1.5081526041030884,-1.3741530179977417,-1.5062425136566162,-1.6440623998641968,0.038265492767095566,0.026043741032481194,0.03207874670624733,0.044266268610954285,0.09596249461174011,0.18134692311286926,0.2345084249973297,0.21620027720928192,0.05895482748746872,0.07237280905246735
75,VEN,Venezuela,2021,-2.5107500553131104,-0.2446002960205078,6.557031154632568,7,-1.5081526041030884,-1.3741530179977417,-1.5062425136566162,-1.6440623998641968,0.038265492767095566,0.026043741032481194,0.03207874670624733,0.044266268610954285,0.09596249461174011,0.18134692311286926,0.2345084249973297,0.21620027720928192,0.05895482748746872,0.07237280905246735
75,VEN,Venezuela,2022,-2.220579147338867,-0.011117666959762573,6.557031154632568,7,-1.5081526041030884,-1.3741530179977417,-1.5062425136566162,-1.6440623998641968,0.038265492767095566,0.026043741032481194,0.03207874670624733,0.044266268610954285,0.09596249461174011,0.18134692311286926,0.2345084249973297,0.21620027720928192,0.05895482748746872,0.07237280905246735
75,VEN,Venezuela,2023,-2.2290172576904297,-0.8686245679855347,6.557031154632568,7,-1.5081526041030884,-1.3741530179977417,-1.5062425136566162,-1.6440623998641968,0.038265492767095566,0.026043741032481194,0.03207874670624733,0.044266268610954285,0.09596249461174011,0.18134692311286926,0.2345084249973297,0.21620027720928192,0.05895482748746872,0.07237280905246735
76,VNM,Vietnam,2018,1.8500128984451294,0.441810667514801,5.6404218673706055,4,-1.0041168928146362,-0.9023603796958923,-1.090646505355835,-1.0193438529968262,0.09244237095117569,0.1106107234954834,0.03662485629320145,0.2194642871618271,0.07161618024110794,0.09824122488498688,0.0,0.11802799254655838,0.08244989812374115,0.17052246630191803
76,VNM,Vietnam,2019,3.117563009262085,0.8520348072052002,5.6404218673706055,4,-1.0041168928146362,-0.9023603796958923,-1.090646505355835,-1.0193438529968262,0.09244237095117569,0.1106107234954834,0.03662485629320145,0.2194642871618271,0.07161618024110794,0.09824122488498688,0.0,0.11802799254655838,0.08244989812374115,0.17052246630191803
76,VNM,Vietnam,2020,2.663336753845215,0.847546398639679,5.6404218673706055,4,-1.0041168928146362,-0.9023603796958923,-1.090646505355835,-1.0193438529968262,0.09244237095117569,0.1106107234954834,0.03662485629320145,0.2194642871618271,0.07161618024110794,0.09824122488498688,0.0,0.11802799254655838,0.08244989812374115,0.17052246630191803
76,VNM,Vietnam,2021,1.7106215953826904,1.010520577430725,5.6404218673706055,4,-1.0041168928146362,-0.9023603796958923,-1.090646505355835,-1.0193438529968262,0.09244237095117569,0.1106107234954834,0.03662485629320145,0.2194642871618271,0.07161618024110794,0.09824122488498688,0.0,0.11802799254655838,0.08244989812374115,0.17052246630191803
76,VNM,Vietnam,2022,0.6460008025169373,1.1550716161727905,5.6404218673706055,4,-1.0041168928146362,-0.9023603796958923,-1.090646505355835,-1.0193438529968262,0.09244237095117569,0.1106107234954834,0.03662485629320145,0.2194642871618271,0.07161618024110794,0.09824122488498688,0.0,0.11802799254655838,0.08244989812374115,0.17052246630191803
76,VNM,Vietnam,2023,1.6631464958190918,0.8396216034889221,5.6404218673706055,4,-1.0041168928146362,-0.9023603796958923,-1.090646505355835,-1.0193438529968262,0.09244237095117569,0.1106107234954834,0.03662485629320145,0.2194642871618271,0.07161618024110794,0.09824122488498688,0.0,0.11802799254655838,0.08244989812374115,0.17052246630191803
77,ZAF,South Africa,2018,-6.3950324058532715,1.0666855573654175,3.4869961738586426,1,-0.0641661062836647,-0.015326484106481075,0.13372927904129028,-0.31090110540390015,0.20653606951236725,0.17051255702972412,0.19366900622844696,0.14751681685447693,0.1343843787908554,0.08017738163471222,0.0,0.01507693249732256,0.026509573683142662,0.025617295876145363
77,ZAF,South Africa,2019,-8.257451057434082,0.6280368566513062,3.4869961738586426,1,-0.0641661062836647,-0.015326484106481075,0.13372927904129028,-0.31090110540390015,0.20653606951236725,0.17051255702972412,0.19366900622844696,0.14751681685447693,0.1343843787908554,0.08017738163471222,0.0,0.01507693249732256,0.026509573683142662,0.025617295876145363
77,ZAF,South Africa,2020,-7.980379581451416,0.6181369423866272,3.4869961738586426,1,-0.0641661062836647,-0.015326484106481075,0.13372927904129028,-0.31090110540390015,0.20653606951236725,0.17051255702972412,0.19366900622844696,0.14751681685447693,0.1343843787908554,0.08017738163471222,0.0,0.01507693249732256,0.026509573683142662,0.025617295876145363
77,ZAF,South Africa,2021,-12.659340858459473,0.5248714685440063,3.4869961738586426,1,-0.0641661062836647,-0.015326484106481075,0.13372927904129028,-0.31090110540390015,0.20653606951236725,0.17051255702972412,0.19366900622844696,0.14751681685447693,0.1343843787908554,0.08017738163471222,0.0,0.01507693249732256,0.026509573683142662,0.025617295876145363
77,ZAF,South Africa,2022,-15.694624900817871,0.5643311142921448,3.4869961738586426,1,-0.0641661062836647,-0.015326484106481075,0.13372927904129028,-0.31090110540390015,0.20653606951236725,0.17051255702972412,0.19366900622844696,0.14751681685447693,0.1343843787908554,0.08017738163471222,0.0,0.01507693249732256,0.026509573683142662,0.025617295876145363
77,ZAF,South Africa,2023,-19.3819637298584,0.2763691544532776,3.4869961738586426,1,-0.0641661062836647,-0.015326484106481075,0.13372927904129028,-0.31090110540390015,0.20653606951236725,0.17051255702972412,0.19366900622844696,0.14751681685447693,0.1343843787908554,0.08017738163471222,0.0,0.01507693249732256,0.026509573683142662,0.025617295876145363
