entity_id,entity_code,entity_name,year,y_true,y_pred,k_star,omega_peak,proxy_signal_true,proxy_signal_pred,proxy_1_true,proxy_1_pred,proxy_2_true,proxy_2_pred,proxy_3_true,proxy_3_pred,omega_1,omega_2,omega_3,omega_4,omega_5,omega_6,omega_7,omega_8,omega_9,omega_10
0,ARE,United Arab Emirates,2018,-77.53056335449219,-0.02935066819190979,4.697917938232422,5,0.18880443274974823,0.4017220735549927,0.332748681306839,0.38021737337112427,0.2764120101928711,0.40876340866088867,-0.042747389525175095,0.4161854088306427,0.27357685565948486,0.020090419799089432,0.09194795787334442,0.03703666105866432,0.27822503447532654,0.051405321806669235,0.017233895137906075,0.015177834779024124,0.13450755178928375,0.08079843968153
0,ARE,United Arab Emirates,2019,-233.2926788330078,-0.48520880937576294,4.697917938232422,5,0.18880443274974823,0.4017220735549927,0.332748681306839,0.38021737337112427,0.2764120101928711,0.40876340866088867,-0.042747389525175095,0.4161854088306427,0.27357685565948486,0.020090419799089432,0.09194795787334442,0.03703666105866432,0.27822503447532654,0.051405321806669235,0.017233895137906075,0.015177834779024124,0.13450755178928375,0.08079843968153
0,ARE,United Arab Emirates,2020,-435.1805725097656,-0.7831361293792725,4.697917938232422,5,0.18880443274974823,0.4017220735549927,0.332748681306839,0.38021737337112427,0.2764120101928711,0.40876340866088867,-0.042747389525175095,0.4161854088306427,0.27357685565948486,0.020090419799089432,0.09194795787334442,0.03703666105866432,0.27822503447532654,0.051405321806669235,0.017233895137906075,0.015177834779024124,0.13450755178928375,0.08079843968153
0,ARE,United Arab Emirates,2021,-1001.4480590820312,-0.9714465737342834,4.697917938232422,5,0.18880443274974823,0.4017220735549927,0.332748681306839,0.38021737337112427,0.2764120101928711,0.40876340866088867,-0.042747389525175095,0.4161854088306427,0.27357685565948486,0.020090419799089432,0.09194795787334442,0.03703666105866432,0.27822503447532654,0.051405321806669235,0.017233895137906075,0.015177834779024124,0.13450755178928375,0.08079843968153
0,ARE,United Arab Emirates,2022,-1657.7239990234375,-1.0727787017822266,4.697917938232422,5,0.18880443274974823,0.4017220735549927,0.332748681306839,0.38021737337112427,0.2764120101928711,0.40876340866088867,-0.042747389525175095,0.4161854088306427,0.27357685565948486,0.020090419799089432,0.09194795787334442,0.03703666105866432,0.27822503447532654,0.051405321806669235,0.017233895137906075,0.015177834779024124,0.13450755178928375,0.08079843968153
0,ARE,United Arab Emirates,2023,-2705.017333984375,-1.130903959274292,4.697917938232422,5,0.18880443274974823,0.4017220735549927,0.332748681306839,0.38021737337112427,0.2764120101928711,0.40876340866088867,-0.042747389525175095,0.4161854088306427,0.27357685565948486,0.020090419799089432,0.09194795787334442,0.03703666105866432,0.27822503447532654,0.051405321806669235,0.017233895137906075,0.015177834779024124,0.13450755178928375,0.08079843968153
1,ARG,Argentina,2018,1.6428788900375366,0.8831847310066223,4.783313751220703,5,-0.6909387707710266,-0.5553309917449951,-0.40908560156822205,-0.5256034135818481,-0.8905236124992371,-0.5650647282600403,-0.7732071280479431,-0.5753247737884521,0.24451684951782227,0.01953820511698723,0.09783121943473816,0.03348557651042938,0.3109178841114044,0.05198661983013153,0.01587274856865406,0.018456408753991127,0.1269296258687973,0.08046481013298035
1,ARG,Argentina,2019,1.1453611850738525,1.1214978694915771,4.783313751220703,5,-0.6909387707710266,-0.5553309917449951,-0.40908560156822205,-0.5256034135818481,-0.8905236124992371,-0.5650647282600403,-0.7732071280479431,-0.5753247737884521,0.24451684951782227,0.01953820511698723,0.09783121943473816,0.03348557651042938,0.3109178841114044,0.05198661983013153,0.01587274856865406,0.018456408753991127,0.1269296258687973,0.08046481013298035
1,ARG,Argentina,2020,1.0582135915756226,1.1803984642028809,4.783313751220703,5,-0.6909387707710266,-0.5553309917449951,-0.40908560156822205,-0.5256034135818481,-0.8905236124992371,-0.5650647282600403,-0.7732071280479431,-0.5753247737884521,0.24451684951782227,0.01953820511698723,0.09783121943473816,0.03348557651042938,0.3109178841114044,0.05198661983013153,0.01587274856865406,0.018456408753991127,0.1269296258687973,0.08046481013298035
1,ARG,Argentina,2021,1.4250097274780273,1.1820343732833862,4.783313751220703,5,-0.6909387707710266,-0.5553309917449951,-0.40908560156822205,-0.5256034135818481,-0.8905236124992371,-0.5650647282600403,-0.7732071280479431,-0.5753247737884521,0.24451684951782227,0.01953820511698723,0.09783121943473816,0.03348557651042938,0.3109178841114044,0.05198661983013153,0.01587274856865406,0.018456408753991127,0.1269296258687973,0.08046481013298035
1,ARG,Argentina,2022,0.9982249736785889,1.1736117601394653,4.783313751220703,5,-0.6909387707710266,-0.5553309917449951,-0.40908560156822205,-0.5256034135818481,-0.8905236124992371,-0.5650647282600403,-0.7732071280479431,-0.5753247737884521,0.24451684951782227,0.01953820511698723,0.09783121943473816,0.03348557651042938,0.3109178841114044,0.05198661983013153,0.01587274856865406,0.018456408753991127,0.1269296258687973,0.08046481013298035
1,ARG,Argentina,2023,-0.24900130927562714,1.1598366498947144,4.783313751220703,5,-0.6909387707710266,-0.5553309917449951,-0.40908560156822205,-0.5256034135818481,-0.8905236124992371,-0.5650647282600403,-0.7732071280479431,-0.5753247737884521,0.24451684951782227,0.01953820511698723,0.09783121943473816,0.03348557651042938,0.3109178841114044,0.05198661983013153,0.01587274856865406,0.018456408753991127,0.1269296258687973,0.08046481013298035
2,AUS,Australia,2018,-7.367125034332275,-0.40226733684539795,4.708033084869385,5,1.25566828250885,0.29616132378578186,1.2781401872634888,0.280307412147522,1.1565734148025513,0.3013524115085602,1.3322911262512207,0.3068241477012634,0.2702708840370178,0.020015304908156395,0.09260118007659912,0.036614786833524704,0.281931072473526,0.05147922411561012,0.017068039625883102,0.015509330667555332,0.1337142288684845,0.08079595118761063
2,AUS,Australia,2019,-8.657783508300781,-0.9497742056846619,4.708033084869385,5,1.25566828250885,0.29616132378578186,1.2781401872634888,0.280307412147522,1.1565734148025513,0.3013524115085602,1.3322911262512207,0.3068241477012634,0.2702708840370178,0.020015304908156395,0.09260118007659912,0.036614786833524704,0.281931072473526,0.05147922411561012,0.017068039625883102,0.015509330667555332,0.1337142288684845,0.08079595118761063
2,AUS,Australia,2020,-10.614906311035156,-1.3601384162902832,4.708033084869385,5,1.25566828250885,0.29616132378578186,1.2781401872634888,0.280307412147522,1.1565734148025513,0.3013524115085602,1.3322911262512207,0.3068241477012634,0.2702708840370178,0.020015304908156395,0.09260118007659912,0.036614786833524704,0.281931072473526,0.05147922411561012,0.017068039625883102,0.015509330667555332,0.1337142288684845,0.08079595118761063
2,AUS,Australia,2021,-13.180018424987793,-1.6090617179870605,4.708033084869385,5,1.25566828250885,0.29616132378578186,1.2781401872634888,0.280307412147522,1.1565734148025513,0.3013524115085602,1.3322911262512207,0.3068241477012634,0.2702708840370178,0.020015304908156395,0.09260118007659912,0.036614786833524704,0.281931072473526,0.05147922411561012,0.017068039625883102,0.015509330667555332,0.1337142288684845,0.08079595118761063
2,AUS,Australia,2022,-15.15616226196289,-1.7623631954193115,4.708033084869385,5,1.25566828250885,0.29616132378578186,1.2781401872634888,0.280307412147522,1.1565734148025513,0.3013524115085602,1.3322911262512207,0.3068241477012634,0.2702708840370178,0.020015304908156395,0.09260118007659912,0.036614786833524704,0.281931072473526,0.05147922411561012,0.017068039625883102,0.015509330667555332,0.1337142288684845,0.08079595118761063
2,AUS,Australia,2023,-16.646900177001953,-1.855083703994751,4.708033084869385,5,1.25566828250885,0.29616132378578186,1.2781401872634888,0.280307412147522,1.1565734148025513,0.3013524115085602,1.3322911262512207,0.3068241477012634,0.2702708840370178,0.020015304908156395,0.09260118007659912,0.036614786833524704,0.281931072473526,0.05147922411561012,0.017068039625883102,0.015509330667555332,0.1337142288684845,0.08079595118761063
3,AUT,Austria,2018,-3.331990957260132,-0.13419252634048462,4.705287933349609,5,1.3129711151123047,0.32497552037239075,1.3305449485778809,0.3075791597366333,1.1512476205825806,0.33067163825035095,1.4571207761764526,0.3366757333278656,0.2711712718009949,0.02003544569015503,0.09242292493581772,0.03672918304800987,0.2809212803840637,0.051459282636642456,0.01711290515959263,0.015418111346662045,0.13393203914165497,0.08079750835895538
3,AUT,Austria,2019,-3.5629565715789795,-0.4591413140296936,4.705287933349609,5,1.3129711151123047,0.32497552037239075,1.3305449485778809,0.3075791597366333,1.1512476205825806,0.33067163825035095,1.4571207761764526,0.3366757333278656,0.2711712718009949,0.02003544569015503,0.09242292493581772,0.03672918304800987,0.2809212803840637,0.051459282636642456,0.01711290515959263,0.015418111346662045,0.13393203914165497,0.08079750835895538
3,AUT,Austria,2020,-4.44062614440918,-0.7029006481170654,4.705287933349609,5,1.3129711151123047,0.32497552037239075,1.3305449485778809,0.3075791597366333,1.1512476205825806,0.33067163825035095,1.4571207761764526,0.3366757333278656,0.2711712718009949,0.02003544569015503,0.09242292493581772,0.03672918304800987,0.2809212803840637,0.051459282636642456,0.01711290515959263,0.015418111346662045,0.13393203914165497,0.08079750835895538
3,AUT,Austria,2021,-4.349145412445068,-0.8756536841392517,4.705287933349609,5,1.3129711151123047,0.32497552037239075,1.3305449485778809,0.3075791597366333,1.1512476205825806,0.33067163825035095,1.4571207761764526,0.3366757333278656,0.2711712718009949,0.02003544569015503,0.09242292493581772,0.03672918304800987,0.2809212803840637,0.051459282636642456,0.01711290515959263,0.015418111346662045,0.13393203914165497,0.08079750835895538
3,AUT,Austria,2022,-4.098706245422363,-0.9944202303886414,4.705287933349609,5,1.3129711151123047,0.32497552037239075,1.3305449485778809,0.3075791597366333,1.1512476205825806,0.33067163825035095,1.4571207761764526,0.3366757333278656,0.2711712718009949,0.02003544569015503,0.09242292493581772,0.03672918304800987,0.2809212803840637,0.051459282636642456,0.01711290515959263,0.015418111346662045,0.13393203914165497,0.08079750835895538
3,AUT,Austria,2023,-5.443741798400879,-1.0564879179000854,4.705287933349609,5,1.3129711151123047,0.32497552037239075,1.3305449485778809,0.3075791597366333,1.1512476205825806,0.33067163825035095,1.4571207761764526,0.3366757333278656,0.2711712718009949,0.02003544569015503,0.09242292493581772,0.03672918304800987,0.2809212803840637,0.051459282636642456,0.01711290515959263,0.015418111346662045,0.13393203914165497,0.08079750835895538
4,AZE,Azerbaijan,2018,3.094372272491455,0.13465167582035065,4.814271926879883,5,-1.294363021850586,-0.9455864429473877,-1.4495718479156494,-0.8949679732322693,-1.172594428062439,-0.962160587310791,-1.2609230279922485,-0.9796307682991028,0.23333334922790527,0.019391784444451332,0.10018517822027206,0.03221476450562477,0.3234921097755432,0.05217953398823738,0.015400642529129982,0.019977029412984848,0.12367330491542816,0.0801522508263588
4,AZE,Azerbaijan,2019,3.558119297027588,0.25873565673828125,4.814271926879883,5,-1.294363021850586,-0.9455864429473877,-1.4495718479156494,-0.8949679732322693,-1.172594428062439,-0.962160587310791,-1.2609230279922485,-0.9796307682991028,0.23333334922790527,0.019391784444451332,0.10018517822027206,0.03221476450562477,0.3234921097755432,0.05217953398823738,0.015400642529129982,0.019977029412984848,0.12367330491542816,0.0801522508263588
4,AZE,Azerbaijan,2020,4.490204811096191,0.2997732162475586,4.814271926879883,5,-1.294363021850586,-0.9455864429473877,-1.4495718479156494,-0.8949679732322693,-1.172594428062439,-0.962160587310791,-1.2609230279922485,-0.9796307682991028,0.23333334922790527,0.019391784444451332,0.10018517822027206,0.03221476450562477,0.3234921097755432,0.05217953398823738,0.015400642529129982,0.019977029412984848,0.12367330491542816,0.0801522508263588
4,AZE,Azerbaijan,2021,4.194814682006836,0.3506965637207031,4.814271926879883,5,-1.294363021850586,-0.9455864429473877,-1.4495718479156494,-0.8949679732322693,-1.172594428062439,-0.962160587310791,-1.2609230279922485,-0.9796307682991028,0.23333334922790527,0.019391784444451332,0.10018517822027206,0.03221476450562477,0.3234921097755432,0.05217953398823738,0.015400642529129982,0.019977029412984848,0.12367330491542816,0.0801522508263588
4,AZE,Azerbaijan,2022,3.8313167095184326,0.2996877431869507,4.814271926879883,5,-1.294363021850586,-0.9455864429473877,-1.4495718479156494,-0.8949679732322693,-1.172594428062439,-0.962160587310791,-1.2609230279922485,-0.9796307682991028,0.23333334922790527,0.019391784444451332,0.10018517822027206,0.03221476450562477,0.3234921097755432,0.05217953398823738,0.015400642529129982,0.019977029412984848,0.12367330491542816,0.0801522508263588
4,AZE,Azerbaijan,2023,3.7241804599761963,0.23855622112751007,4.814271926879883,5,-1.294363021850586,-0.9455864429473877,-1.4495718479156494,-0.8949679732322693,-1.172594428062439,-0.962160587310791,-1.2609230279922485,-0.9796307682991028,0.23333334922790527,0.019391784444451332,0.10018517822027206,0.03221476450562477,0.3234921097755432,0.05217953398823738,0.015400642529129982,0.019977029412984848,0.12367330491542816,0.0801522508263588
5,BEL,Belgium,2018,-2.035623550415039,-0.7175251841545105,4.719388008117676,5,0.9798359274864197,0.17551501095294952,1.2219529151916504,0.16611947119235992,0.8175865411758423,0.17859143018722534,0.8999684453010559,0.1818341463804245,0.2665184736251831,0.01993388496339321,0.0933469608426094,0.03614193946123123,0.28614282608032227,0.05156078562140465,0.01688339374959469,0.015897247940301895,0.13279227912425995,0.08078224956989288
5,BEL,Belgium,2019,-3.1006269454956055,-1.0107041597366333,4.719388008117676,5,0.9798359274864197,0.17551501095294952,1.2219529151916504,0.16611947119235992,0.8175865411758423,0.17859143018722534,0.8999684453010559,0.1818341463804245,0.2665184736251831,0.01993388496339321,0.0933469608426094,0.03614193946123123,0.28614282608032227,0.05156078562140465,0.01688339374959469,0.015897247940301895,0.13279227912425995,0.08078224956989288
5,BEL,Belgium,2020,-2.7479605674743652,-1.2150580883026123,4.719388008117676,5,0.9798359274864197,0.17551501095294952,1.2219529151916504,0.16611947119235992,0.8175865411758423,0.17859143018722534,0.8999684453010559,0.1818341463804245,0.2665184736251831,0.01993388496339321,0.0933469608426094,0.03614193946123123,0.28614282608032227,0.05156078562140465,0.01688339374959469,0.015897247940301895,0.13279227912425995,0.08078224956989288
5,BEL,Belgium,2021,-3.9674084186553955,-1.3534362316131592,4.719388008117676,5,0.9798359274864197,0.17551501095294952,1.2219529151916504,0.16611947119235992,0.8175865411758423,0.17859143018722534,0.8999684453010559,0.1818341463804245,0.2665184736251831,0.01993388496339321,0.0933469608426094,0.03614193946123123,0.28614282608032227,0.05156078562140465,0.01688339374959469,0.015897247940301895,0.13279227912425995,0.08078224956989288
5,BEL,Belgium,2022,-3.700895071029663,-1.444512128829956,4.719388008117676,5,0.9798359274864197,0.17551501095294952,1.2219529151916504,0.16611947119235992,0.8175865411758423,0.17859143018722534,0.8999684453010559,0.1818341463804245,0.2665184736251831,0.01993388496339321,0.0933469608426094,0.03614193946123123,0.28614282608032227,0.05156078562140465,0.01688339374959469,0.015897247940301895,0.13279227912425995,0.08078224956989288
5,BEL,Belgium,2023,-3.867947578430176,-1.5022146701812744,4.719388008117676,5,0.9798359274864197,0.17551501095294952,1.2219529151916504,0.16611947119235992,0.8175865411758423,0.17859143018722534,0.8999684453010559,0.1818341463804245,0.2665184736251831,0.01993388496339321,0.0933469608426094,0.03614193946123123,0.28614282608032227,0.05156078562140465,0.01688339374959469,0.015897247940301895,0.13279227912425995,0.08078224956989288
6,BGD,Bangladesh,2018,1.2597620487213135,0.2143060714006424,4.808183193206787,5,-1.3428869247436523,-0.8668208718299866,-1.2080445289611816,-0.8204188942909241,-1.482562780380249,-0.8820144534111023,-1.3380534648895264,-0.8980293869972229,0.23555804789066315,0.019417855888605118,0.09971325099468231,0.03246283903717995,0.32099631428718567,0.052141573280096054,0.015492603182792664,0.019661081954836845,0.12433428317308426,0.08022221177816391
6,BGD,Bangladesh,2019,1.4318774938583374,0.8135990500450134,4.808183193206787,5,-1.3428869247436523,-0.8668208718299866,-1.2080445289611816,-0.8204188942909241,-1.482562780380249,-0.8820144534111023,-1.3380534648895264,-0.8980293869972229,0.23555804789066315,0.019417855888605118,0.09971325099468231,0.03246283903717995,0.32099631428718567,0.052141573280096054,0.015492603182792664,0.019661081954836845,0.12433428317308426,0.08022221177816391
6,BGD,Bangladesh,2020,1.717698097229004,1.175529956817627,4.808183193206787,5,-1.3428869247436523,-0.8668208718299866,-1.2080445289611816,-0.8204188942909241,-1.482562780380249,-0.8820144534111023,-1.3380534648895264,-0.8980293869972229,0.23555804789066315,0.019417855888605118,0.09971325099468231,0.03246283903717995,0.32099631428718567,0.052141573280096054,0.015492603182792664,0.019661081954836845,0.12433428317308426,0.08022221177816391
6,BGD,Bangladesh,2021,1.7278225421905518,1.3001627922058105,4.808183193206787,5,-1.3428869247436523,-0.8668208718299866,-1.2080445289611816,-0.8204188942909241,-1.482562780380249,-0.8820144534111023,-1.3380534648895264,-0.8980293869972229,0.23555804789066315,0.019417855888605118,0.09971325099468231,0.03246283903717995,0.32099631428718567,0.052141573280096054,0.015492603182792664,0.019661081954836845,0.12433428317308426,0.08022221177816391
6,BGD,Bangladesh,2022,1.5284489393234253,1.3816959857940674,4.808183193206787,5,-1.3428869247436523,-0.8668208718299866,-1.2080445289611816,-0.8204188942909241,-1.482562780380249,-0.8820144534111023,-1.3380534648895264,-0.8980293869972229,0.23555804789066315,0.019417855888605118,0.09971325099468231,0.03246283903717995,0.32099631428718567,0.052141573280096054,0.015492603182792664,0.019661081954836845,0.12433428317308426,0.08022221177816391
6,BGD,Bangladesh,2023,2.0307767391204834,1.375258445739746,4.808183193206787,5,-1.3428869247436523,-0.8668208718299866,-1.2080445289611816,-0.8204188942909241,-1.482562780380249,-0.8820144534111023,-1.3380534648895264,-0.8980293869972229,0.23555804789066315,0.019417855888605118,0.09971325099468231,0.03246283903717995,0.32099631428718567,0.052141573280096054,0.015492603182792664,0.019661081954836845,0.12433428317308426,0.08022221177816391
7,BGR,Bulgaria,2018,-1.3296480178833008,0.046882882714271545,4.7559614181518555,5,-0.42611977458000183,-0.23070092499256134,-0.6209486722946167,-0.21835121512413025,-0.13856160640716553,-0.2347446233034134,-0.5188490152359009,-0.23900693655014038,0.25412046909332275,0.019693709909915924,0.0958482101559639,0.03462192043662071,0.3000911772251129,0.051811981946229935,0.016299324110150337,0.01727498695254326,0.12958455085754395,0.08065371960401535
7,BGR,Bulgaria,2019,-1.4306131601333618,0.5368295907974243,4.7559614181518555,5,-0.42611977458000183,-0.23070092499256134,-0.6209486722946167,-0.21835121512413025,-0.13856160640716553,-0.2347446233034134,-0.5188490152359009,-0.23900693655014038,0.25412046909332275,0.019693709909915924,0.0958482101559639,0.03462192043662071,0.3000911772251129,0.051811981946229935,0.016299324110150337,0.01727498695254326,0.12958455085754395,0.08065371960401535
7,BGR,Bulgaria,2020,-2.8135833740234375,0.7483139038085938,4.7559614181518555,5,-0.42611977458000183,-0.23070092499256134,-0.6209486722946167,-0.21835121512413025,-0.13856160640716553,-0.2347446233034134,-0.5188490152359009,-0.23900693655014038,0.25412046909332275,0.019693709909915924,0.0958482101559639,0.03462192043662071,0.3000911772251129,0.051811981946229935,0.016299324110150337,0.01727498695254326,0.12958455085754395,0.08065371960401535
7,BGR,Bulgaria,2021,-2.0215117931365967,0.8491786122322083,4.7559614181518555,5,-0.42611977458000183,-0.23070092499256134,-0.6209486722946167,-0.21835121512413025,-0.13856160640716553,-0.2347446233034134,-0.5188490152359009,-0.23900693655014038,0.25412046909332275,0.019693709909915924,0.0958482101559639,0.03462192043662071,0.3000911772251129,0.051811981946229935,0.016299324110150337,0.01727498695254326,0.12958455085754395,0.08065371960401535
7,BGR,Bulgaria,2022,-0.48078346252441406,0.898263156414032,4.7559614181518555,5,-0.42611977458000183,-0.23070092499256134,-0.6209486722946167,-0.21835121512413025,-0.13856160640716553,-0.2347446233034134,-0.5188490152359009,-0.23900693655014038,0.25412046909332275,0.019693709909915924,0.0958482101559639,0.03462192043662071,0.3000911772251129,0.051811981946229935,0.016299324110150337,0.01727498695254326,0.12958455085754395,0.08065371960401535
7,BGR,Bulgaria,2023,-3.970643997192383,0.9352982640266418,4.7559614181518555,5,-0.42611977458000183,-0.23070092499256134,-0.6209486722946167,-0.21835121512413025,-0.13856160640716553,-0.2347446233034134,-0.5188490152359009,-0.23900693655014038,0.25412046909332275,0.019693709909915924,0.0958482101559639,0.03462192043662071,0.3000911772251129,0.051811981946229935,0.016299324110150337,0.01727498695254326,0.12958455085754395,0.08065371960401535
8,BLR,Belarus,2018,-2.643580675125122,-0.7486518025398254,4.805206298828125,5,-1.5520426034927368,-0.8286890983581543,-1.4920120239257812,-0.7843283414840698,-1.8896420001983643,-0.8432142734527588,-1.2744739055633545,-0.8585246801376343,0.23664115369319916,0.01943110302090645,0.09948419034481049,0.03258443623781204,0.31978005170822144,0.05212302505970001,0.01553772110491991,0.019509773701429367,0.12465368211269379,0.08025485277175903
8,BLR,Belarus,2019,-3.0715856552124023,-0.8050278425216675,4.805206298828125,5,-1.5520426034927368,-0.8286890983581543,-1.4920120239257812,-0.7843283414840698,-1.8896420001983643,-0.8432142734527588,-1.2744739055633545,-0.8585246801376343,0.23664115369319916,0.01943110302090645,0.09948419034481049,0.03258443623781204,0.31978005170822144,0.05212302505970001,0.01553772110491991,0.019509773701429367,0.12465368211269379,0.08025485277175903
8,BLR,Belarus,2020,-3.0823307037353516,-0.8695206046104431,4.805206298828125,5,-1.5520426034927368,-0.8286890983581543,-1.4920120239257812,-0.7843283414840698,-1.8896420001983643,-0.8432142734527588,-1.2744739055633545,-0.8585246801376343,0.23664115369319916,0.01943110302090645,0.09948419034481049,0.03258443623781204,0.31978005170822144,0.05212302505970001,0.01553772110491991,0.019509773701429367,0.12465368211269379,0.08025485277175903
8,BLR,Belarus,2021,-14.810386657714844,-0.9210032820701599,4.805206298828125,5,-1.5520426034927368,-0.8286890983581543,-1.4920120239257812,-0.7843283414840698,-1.8896420001983643,-0.8432142734527588,-1.2744739055633545,-0.8585246801376343,0.23664115369319916,0.01943110302090645,0.09948419034481049,0.03258443623781204,0.31978005170822144,0.05212302505970001,0.01553772110491991,0.019509773701429367,0.12465368211269379,0.08025485277175903
8,BLR,Belarus,2022,-13.734106063842773,-0.9632659554481506,4.805206298828125,5,-1.5520426034927368,-0.8286890983581543,-1.4920120239257812,-0.7843283414840698,-1.8896420001983643,-0.8432142734527588,-1.2744739055633545,-0.8585246801376343,0.23664115369319916,0.01943110302090645,0.09948419034481049,0.03258443623781204,0.31978005170822144,0.05212302505970001,0.01553772110491991,0.019509773701429367,0.12465368211269379,0.08025485277175903
8,BLR,Belarus,2023,-27.134784698486328,-0.9864258170127869,4.805206298828125,5,-1.5520426034927368,-0.8286890983581543,-1.4920120239257812,-0.7843283414840698,-1.8896420001983643,-0.8432142734527588,-1.2744739055633545,-0.8585246801376343,0.23664115369319916,0.01943110302090645,0.09948419034481049,0.03258443623781204,0.31978005170822144,0.05212302505970001,0.01553772110491991,0.019509773701429367,0.12465368211269379,0.08025485277175903
9,BRA,Brazil,2018,4.812175750732422,0.0836394876241684,4.781562805175781,5,-0.532637357711792,-0.5339787006378174,-0.5499132871627808,-0.5053941607475281,-0.37875303626060486,-0.5433382391929626,-0.669245719909668,-0.5532037615776062,0.24513988196849823,0.019547484815120697,0.09770137071609497,0.033558160066604614,0.31021562218666077,0.051975708454847336,0.015899784862995148,0.018376441672444344,0.12710615992546082,0.08047938346862793
9,BRA,Brazil,2019,5.404086589813232,0.4009835124015808,4.781562805175781,5,-0.532637357711792,-0.5339787006378174,-0.5499132871627808,-0.5053941607475281,-0.37875303626060486,-0.5433382391929626,-0.669245719909668,-0.5532037615776062,0.24513988196849823,0.019547484815120697,0.09770137071609497,0.033558160066604614,0.31021562218666077,0.051975708454847336,0.015899784862995148,0.018376441672444344,0.12710615992546082,0.08047938346862793
9,BRA,Brazil,2020,4.385476589202881,0.5333691239356995,4.781562805175781,5,-0.532637357711792,-0.5339787006378174,-0.5499132871627808,-0.5053941607475281,-0.37875303626060486,-0.5433382391929626,-0.669245719909668,-0.5532037615776062,0.24513988196849823,0.019547484815120697,0.09770137071609497,0.033558160066604614,0.31021562218666077,0.051975708454847336,0.015899784862995148,0.018376441672444344,0.12710615992546082,0.08047938346862793
9,BRA,Brazil,2021,8.511026382446289,0.6460123658180237,4.781562805175781,5,-0.532637357711792,-0.5339787006378174,-0.5499132871627808,-0.5053941607475281,-0.37875303626060486,-0.5433382391929626,-0.669245719909668,-0.5532037615776062,0.24513988196849823,0.019547484815120697,0.09770137071609497,0.033558160066604614,0.31021562218666077,0.051975708454847336,0.015899784862995148,0.018376441672444344,0.12710615992546082,0.08047938346862793
9,BRA,Brazil,2022,0.8233122229576111,0.6346498727798462,4.781562805175781,5,-0.532637357711792,-0.5339787006378174,-0.5499132871627808,-0.5053941607475281,-0.37875303626060486,-0.5433382391929626,-0.669245719909668,-0.5532037615776062,0.24513988196849823,0.019547484815120697,0.09770137071609497,0.033558160066604614,0.31021562218666077,0.051975708454847336,0.015899784862995148,0.018376441672444344,0.12710615992546082,0.08047938346862793
9,BRA,Brazil,2023,-0.02414296381175518,0.6762703657150269,4.781562805175781,5,-0.532637357711792,-0.5339787006378174,-0.5499132871627808,-0.5053941607475281,-0.37875303626060486,-0.5433382391929626,-0.669245719909668,-0.5532037615776062,0.24513988196849823,0.019547484815120697,0.09770137071609497,0.033558160066604614,0.31021562218666077,0.051975708454847336,0.015899784862995148,0.018376441672444344,0.12710615992546082,0.08047938346862793
10,CAN,Canada,2018,-3.718440532684326,-0.7806126475334167,4.7142181396484375,5,1.2861608266830444,0.230744406580925,1.3746321201324463,0.21839235723018646,1.1545178890228271,0.23478886485099792,1.3293325901031494,0.23905198276042938,0.2682326138019562,0.019970575347542763,0.09300568699836731,0.03635717183351517,0.2842181921005249,0.0515238419175148,0.016967272385954857,0.015718471258878708,0.1332162767648697,0.0807899460196495
10,CAN,Canada,2019,-3.770698308944702,-1.058243751525879,4.7142181396484375,5,1.2861608266830444,0.230744406580925,1.3746321201324463,0.21839235723018646,1.1545178890228271,0.23478886485099792,1.3293325901031494,0.23905198276042938,0.2682326138019562,0.019970575347542763,0.09300568699836731,0.03635717183351517,0.2842181921005249,0.0515238419175148,0.016967272385954857,0.015718471258878708,0.1332162767648697,0.0807899460196495
10,CAN,Canada,2020,-4.2692484855651855,-1.3107821941375732,4.7142181396484375,5,1.2861608266830444,0.230744406580925,1.3746321201324463,0.21839235723018646,1.1545178890228271,0.23478886485099792,1.3293325901031494,0.23905198276042938,0.2682326138019562,0.019970575347542763,0.09300568699836731,0.03635717183351517,0.2842181921005249,0.0515238419175148,0.016967272385954857,0.015718471258878708,0.1332162767648697,0.0807899460196495
10,CAN,Canada,2021,-4.04820442199707,-1.4840055704116821,4.7142181396484375,5,1.2861608266830444,0.230744406580925,1.3746321201324463,0.21839235723018646,1.1545178890228271,0.23478886485099792,1.3293325901031494,0.23905198276042938,0.2682326138019562,0.019970575347542763,0.09300568699836731,0.03635717183351517,0.2842181921005249,0.0515238419175148,0.016967272385954857,0.015718471258878708,0.1332162767648697,0.0807899460196495
10,CAN,Canada,2022,-4.334720611572266,-1.5923869609832764,4.7142181396484375,5,1.2861608266830444,0.230744406580925,1.3746321201324463,0.21839235723018646,1.1545178890228271,0.23478886485099792,1.3293325901031494,0.23905198276042938,0.2682326138019562,0.019970575347542763,0.09300568699836731,0.03635717183351517,0.2842181921005249,0.0515238419175148,0.016967272385954857,0.015718471258878708,0.1332162767648697,0.0807899460196495
10,CAN,Canada,2023,-3.507607936859131,-1.6802618503570557,4.7142181396484375,5,1.2861608266830444,0.230744406580925,1.3746321201324463,0.21839235723018646,1.1545178890228271,0.23478886485099792,1.3293325901031494,0.23905198276042938,0.2682326138019562,0.019970575347542763,0.09300568699836731,0.03635717183351517,0.2842181921005249,0.0515238419175148,0.016967272385954857,0.015718471258878708,0.1332162767648697,0.0807899460196495
11,CHE,Switzerland,2018,1.0894922018051147,0.39868783950805664,4.714129447937012,5,1.412360668182373,0.2316828817129135,1.4461179971694946,0.21928060054779053,1.2956862449645996,0.23574379086494446,1.4952778816223145,0.24002425372600555,0.2682618200778961,0.019971204921603203,0.09299987554550171,0.03636084496974945,0.28418540954589844,0.05152319744229317,0.016968701034784317,0.015715448185801506,0.13322342932224274,0.08079004287719727
11,CHE,Switzerland,2019,0.49372902512550354,0.13965415954589844,4.714129447937012,5,1.412360668182373,0.2316828817129135,1.4461179971694946,0.21928060054779053,1.2956862449645996,0.23574379086494446,1.4952778816223145,0.24002425372600555,0.2682618200778961,0.019971204921603203,0.09299987554550171,0.03636084496974945,0.28418540954589844,0.05152319744229317,0.016968701034784317,0.015715448185801506,0.13322342932224274,0.08079004287719727
11,CHE,Switzerland,2020,1.5537232160568237,0.05629636347293854,4.714129447937012,5,1.412360668182373,0.2316828817129135,1.4461179971694946,0.21928060054779053,1.2956862449645996,0.23574379086494446,1.4952778816223145,0.24002425372600555,0.2682618200778961,0.019971204921603203,0.09299987554550171,0.03636084496974945,0.28418540954589844,0.05152319744229317,0.016968701034784317,0.015715448185801506,0.13322342932224274,0.08079004287719727
11,CHE,Switzerland,2021,3.0005764961242676,-0.07755684852600098,4.714129447937012,5,1.412360668182373,0.2316828817129135,1.4461179971694946,0.21928060054779053,1.2956862449645996,0.23574379086494446,1.4952778816223145,0.24002425372600555,0.2682618200778961,0.019971204921603203,0.09299987554550171,0.03636084496974945,0.28418540954589844,0.05152319744229317,0.016968701034784317,0.015715448185801506,0.13322342932224274,0.08079004287719727
11,CHE,Switzerland,2022,2.025691270828247,-0.162471741437912,4.714129447937012,5,1.412360668182373,0.2316828817129135,1.4461179971694946,0.21928060054779053,1.2956862449645996,0.23574379086494446,1.4952778816223145,0.24002425372600555,0.2682618200778961,0.019971204921603203,0.09299987554550171,0.03636084496974945,0.28418540954589844,0.05152319744229317,0.016968701034784317,0.015715448185801506,0.13322342932224274,0.08079004287719727
11,CHE,Switzerland,2023,-4.210478782653809,-0.202799990773201,4.714129447937012,5,1.412360668182373,0.2316828817129135,1.4461179971694946,0.21928060054779053,1.2956862449645996,0.23574379086494446,1.4952778816223145,0.24002425372600555,0.2682618200778961,0.019971204921603203,0.09299987554550171,0.03636084496974945,0.28418540954589844,0.05152319744229317,0.016968701034784317,0.015715448185801506,0.13322342932224274,0.08079004287719727
12,CHL,Chile,2018,1.4454405307769775,0.7571534514427185,4.68312931060791,1,0.8483307957649231,0.5530532598495483,0.667232871055603,0.523447573184967,1.016435146331787,0.5627471208572388,0.8613244891166687,0.5729650259017944,0.2783494293689728,0.020204493775963783,0.09101082384586334,0.03765478730201721,0.27288299798965454,0.05129532516002655,0.017478784546256065,0.014715387485921383,0.1356215626001358,0.08078635483980179
12,CHL,Chile,2019,1.1679426431655884,0.9503963589668274,4.68312931060791,1,0.8483307957649231,0.5530532598495483,0.667232871055603,0.523447573184967,1.016435146331787,0.5627471208572388,0.8613244891166687,0.5729650259017944,0.2783494293689728,0.020204493775963783,0.09101082384586334,0.03765478730201721,0.27288299798965454,0.05129532516002655,0.017478784546256065,0.014715387485921383,0.1356215626001358,0.08078635483980179
12,CHL,Chile,2020,0.7698724865913391,0.9094288945198059,4.68312931060791,1,0.8483307957649231,0.5530532598495483,0.667232871055603,0.523447573184967,1.016435146331787,0.5627471208572388,0.8613244891166687,0.5729650259017944,0.2783494293689728,0.020204493775963783,0.09101082384586334,0.03765478730201721,0.27288299798965454,0.05129532516002655,0.017478784546256065,0.014715387485921383,0.1356215626001358,0.08078635483980179
12,CHL,Chile,2021,0.5402398705482483,1.0641435384750366,4.68312931060791,1,0.8483307957649231,0.5530532598495483,0.667232871055603,0.523447573184967,1.016435146331787,0.5627471208572388,0.8613244891166687,0.5729650259017944,0.2783494293689728,0.020204493775963783,0.09101082384586334,0.03765478730201721,0.27288299798965454,0.05129532516002655,0.017478784546256065,0.014715387485921383,0.1356215626001358,0.08078635483980179
12,CHL,Chile,2022,-0.5233001708984375,0.9056454300880432,4.68312931060791,1,0.8483307957649231,0.5530532598495483,0.667232871055603,0.523447573184967,1.016435146331787,0.5627471208572388,0.8613244891166687,0.5729650259017944,0.2783494293689728,0.020204493775963783,0.09101082384586334,0.03765478730201721,0.27288299798965454,0.05129532516002655,0.017478784546256065,0.014715387485921383,0.1356215626001358,0.08078635483980179
12,CHL,Chile,2023,-1.9592610597610474,0.829690158367157,4.68312931060791,1,0.8483307957649231,0.5530532598495483,0.667232871055603,0.523447573184967,1.016435146331787,0.5627471208572388,0.8613244891166687,0.5729650259017944,0.2783494293689728,0.020204493775963783,0.09101082384586334,0.03765478730201721,0.27288299798965454,0.05129532516002655,0.017478784546256065,0.014715387485921383,0.1356215626001358,0.08078635483980179
13,CHN,China,2018,-8.663586616516113,-0.1843651980161667,4.805356025695801,5,-0.8438493609428406,-0.8305980563163757,-0.7442506551742554,-0.7861350774765015,-0.7500977516174316,-0.8451566696166992,-1.03719961643219,-0.8605023622512817,0.23658688366413116,0.019430430606007576,0.09949565678834915,0.03257833048701286,0.31984105706214905,0.052123960107564926,0.015535450540482998,0.0195173230022192,0.12463772296905518,0.0802532359957695
13,CHN,China,2019,-9.760994911193848,-0.22274897992610931,4.805356025695801,5,-0.8438493609428406,-0.8305980563163757,-0.7442506551742554,-0.7861350774765015,-0.7500977516174316,-0.8451566696166992,-1.03719961643219,-0.8605023622512817,0.23658688366413116,0.019430430606007576,0.09949565678834915,0.03257833048701286,0.31984105706214905,0.052123960107564926,0.015535450540482998,0.0195173230022192,0.12463772296905518,0.0802532359957695
13,CHN,China,2020,-10.60916519165039,-0.3280019164085388,4.805356025695801,5,-0.8438493609428406,-0.8305980563163757,-0.7442506551742554,-0.7861350774765015,-0.7500977516174316,-0.8451566696166992,-1.03719961643219,-0.8605023622512817,0.23658688366413116,0.019430430606007576,0.09949565678834915,0.03257833048701286,0.31984105706214905,0.052123960107564926,0.015535450540482998,0.0195173230022192,0.12463772296905518,0.0802532359957695
13,CHN,China,2021,-11.069491386413574,-0.4249345660209656,4.805356025695801,5,-0.8438493609428406,-0.8305980563163757,-0.7442506551742554,-0.7861350774765015,-0.7500977516174316,-0.8451566696166992,-1.03719961643219,-0.8605023622512817,0.23658688366413116,0.019430430606007576,0.09949565678834915,0.03257833048701286,0.31984105706214905,0.052123960107564926,0.015535450540482998,0.0195173230022192,0.12463772296905518,0.0802532359957695
13,CHN,China,2022,-11.851537704467773,-0.49817460775375366,4.805356025695801,5,-0.8438493609428406,-0.8305980563163757,-0.7442506551742554,-0.7861350774765015,-0.7500977516174316,-0.8451566696166992,-1.03719961643219,-0.8605023622512817,0.23658688366413116,0.019430430606007576,0.09949565678834915,0.03257833048701286,0.31984105706214905,0.052123960107564926,0.015535450540482998,0.0195173230022192,0.12463772296905518,0.0802532359957695
13,CHN,China,2023,-12.087423324584961,-0.5485149621963501,4.805356025695801,5,-0.8438493609428406,-0.8305980563163757,-0.7442506551742554,-0.7861350774765015,-0.7500977516174316,-0.8451566696166992,-1.03719961643219,-0.8605023622512817,0.23658688366413116,0.019430430606007576,0.09949565678834915,0.03257833048701286,0.31984105706214905,0.052123960107564926,0.015535450540482998,0.0195173230022192,0.12463772296905518,0.0802532359957695
14,COL,Colombia,2018,0.3820185363292694,-0.09150570631027222,4.804707050323486,5,-0.757061779499054,-0.8223237991333008,-0.7152259349822998,-0.7783037424087524,-0.5119652152061462,-0.8367373943328857,-1.0439940690994263,-0.8519302010536194,0.23682235181331635,0.01943335123360157,0.0994458943605423,0.03260482847690582,0.3195765018463135,0.05211992189288139,0.015545288100838661,0.019484616816043854,0.12470696866512299,0.08026023209095001
14,COL,Colombia,2019,2.6013519763946533,0.01610119640827179,4.804707050323486,5,-0.757061779499054,-0.8223237991333008,-0.7152259349822998,-0.7783037424087524,-0.5119652152061462,-0.8367373943328857,-1.0439940690994263,-0.8519302010536194,0.23682235181331635,0.01943335123360157,0.0994458943605423,0.03260482847690582,0.3195765018463135,0.05211992189288139,0.015545288100838661,0.019484616816043854,0.12470696866512299,0.08026023209095001
14,COL,Colombia,2020,3.8599977493286133,-0.03439702093601227,4.804707050323486,5,-0.757061779499054,-0.8223237991333008,-0.7152259349822998,-0.7783037424087524,-0.5119652152061462,-0.8367373943328857,-1.0439940690994263,-0.8519302010536194,0.23682235181331635,0.01943335123360157,0.0994458943605423,0.03260482847690582,0.3195765018463135,0.05211992189288139,0.015545288100838661,0.019484616816043854,0.12470696866512299,0.08026023209095001
14,COL,Colombia,2021,0.7301899194717407,-0.06739898025989532,4.804707050323486,5,-0.757061779499054,-0.8223237991333008,-0.7152259349822998,-0.7783037424087524,-0.5119652152061462,-0.8367373943328857,-1.0439940690994263,-0.8519302010536194,0.23682235181331635,0.01943335123360157,0.0994458943605423,0.03260482847690582,0.3195765018463135,0.05211992189288139,0.015545288100838661,0.019484616816043854,0.12470696866512299,0.08026023209095001
14,COL,Colombia,2022,0.9924597144126892,-0.05154302716255188,4.804707050323486,5,-0.757061779499054,-0.8223237991333008,-0.7152259349822998,-0.7783037424087524,-0.5119652152061462,-0.8367373943328857,-1.0439940690994263,-0.8519302010536194,0.23682235181331635,0.01943335123360157,0.0994458943605423,0.03260482847690582,0.3195765018463135,0.05211992189288139,0.015545288100838661,0.019484616816043854,0.12470696866512299,0.08026023209095001
14,COL,Colombia,2023,3.7653815746307373,-0.04040464758872986,4.804707050323486,5,-0.757061779499054,-0.8223237991333008,-0.7152259349822998,-0.7783037424087524,-0.5119652152061462,-0.8367373943328857,-1.0439940690994263,-0.8519302010536194,0.23682235181331635,0.01943335123360157,0.0994458943605423,0.03260482847690582,0.3195765018463135,0.05211992189288139,0.015545288100838661,0.019484616816043854,0.12470696866512299,0.08026023209095001
15,CYP,Cyprus,2018,-11.052656173706055,-1.2606197595596313,4.698521614074707,5,0.7725202441215515,0.39546987414360046,0.8672822117805481,0.3742998540401459,0.7250233292579651,0.4024015963077545,0.725255012512207,0.4097081124782562,0.2733805179595947,0.02008587121963501,0.09198667109012604,0.037011463195085526,0.27844497561454773,0.0514097698032856,0.017223965376615524,0.015197265893220901,0.1344609260559082,0.08079856634140015
15,CYP,Cyprus,2019,-11.571080207824707,-1.2895995378494263,4.698521614074707,5,0.7725202441215515,0.39546987414360046,0.8672822117805481,0.3742998540401459,0.7250233292579651,0.4024015963077545,0.725255012512207,0.4097081124782562,0.2733805179595947,0.02008587121963501,0.09198667109012604,0.037011463195085526,0.27844497561454773,0.0514097698032856,0.017223965376615524,0.015197265893220901,0.1344609260559082,0.08079856634140015
15,CYP,Cyprus,2020,-14.400252342224121,-1.360558032989502,4.698521614074707,5,0.7725202441215515,0.39546987414360046,0.8672822117805481,0.3742998540401459,0.7250233292579651,0.4024015963077545,0.725255012512207,0.4097081124782562,0.2733805179595947,0.02008587121963501,0.09198667109012604,0.037011463195085526,0.27844497561454773,0.0514097698032856,0.017223965376615524,0.015197265893220901,0.1344609260559082,0.08079856634140015
15,CYP,Cyprus,2021,-17.67461395263672,-1.420356273651123,4.698521614074707,5,0.7725202441215515,0.39546987414360046,0.8672822117805481,0.3742998540401459,0.7250233292579651,0.4024015963077545,0.725255012512207,0.4097081124782562,0.2733805179595947,0.02008587121963501,0.09198667109012604,0.037011463195085526,0.27844497561454773,0.0514097698032856,0.017223965376615524,0.015197265893220901,0.1344609260559082,0.08079856634140015
15,CYP,Cyprus,2022,-19.47079086303711,-1.4670724868774414,4.698521614074707,5,0.7725202441215515,0.39546987414360046,0.8672822117805481,0.3742998540401459,0.7250233292579651,0.4024015963077545,0.725255012512207,0.4097081124782562,0.2733805179595947,0.02008587121963501,0.09198667109012604,0.037011463195085526,0.27844497561454773,0.0514097698032856,0.017223965376615524,0.015197265893220901,0.1344609260559082,0.08079856634140015
15,CYP,Cyprus,2023,-23.38113784790039,-1.498561143875122,4.698521614074707,5,0.7725202441215515,0.39546987414360046,0.8672822117805481,0.3742998540401459,0.7250233292579651,0.4024015963077545,0.725255012512207,0.4097081124782562,0.2733805179595947,0.02008587121963501,0.09198667109012604,0.037011463195085526,0.27844497561454773,0.0514097698032856,0.017223965376615524,0.015197265893220901,0.1344609260559082,0.08079856634140015
16,CZE,Czechia,2018,-2.3009228706359863,-0.8990758657455444,4.64611291885376,1,0.365255743265152,0.918236494064331,0.28039175271987915,0.8690820932388306,0.4478796720504761,0.9343312382698059,0.3674957752227783,0.9512961506843567,0.289994478225708,0.02051139622926712,0.08874933421611786,0.03921159729361534,0.25989335775375366,0.05101104825735092,0.01810496114194393,0.013660536147654057,0.13818368315696716,0.08067958801984787
16,CZE,Czechia,2019,-2.761939525604248,-0.9697701930999756,4.64611291885376,1,0.365255743265152,0.918236494064331,0.28039175271987915,0.8690820932388306,0.4478796720504761,0.9343312382698059,0.3674957752227783,0.9512961506843567,0.289994478225708,0.02051139622926712,0.08874933421611786,0.03921159729361534,0.25989335775375366,0.05101104825735092,0.01810496114194393,0.013660536147654057,0.13818368315696716,0.08067958801984787
16,CZE,Czechia,2020,-3.448472261428833,-1.0635126829147339,4.64611291885376,1,0.365255743265152,0.918236494064331,0.28039175271987915,0.8690820932388306,0.4478796720504761,0.9343312382698059,0.3674957752227783,0.9512961506843567,0.289994478225708,0.02051139622926712,0.08874933421611786,0.03921159729361534,0.25989335775375366,0.05101104825735092,0.01810496114194393,0.013660536147654057,0.13818368315696716,0.08067958801984787
16,CZE,Czechia,2021,-3.2644777297973633,-1.1485137939453125,4.64611291885376,1,0.365255743265152,0.918236494064331,0.28039175271987915,0.8690820932388306,0.4478796720504761,0.9343312382698059,0.3674957752227783,0.9512961506843567,0.289994478225708,0.02051139622926712,0.08874933421611786,0.03921159729361534,0.25989335775375366,0.05101104825735092,0.01810496114194393,0.013660536147654057,0.13818368315696716,0.08067958801984787
16,CZE,Czechia,2022,-3.0018773078918457,-1.2184406518936157,4.64611291885376,1,0.365255743265152,0.918236494064331,0.28039175271987915,0.8690820932388306,0.4478796720504761,0.9343312382698059,0.3674957752227783,0.9512961506843567,0.289994478225708,0.02051139622926712,0.08874933421611786,0.03921159729361534,0.25989335775375366,0.05101104825735092,0.01810496114194393,0.013660536147654057,0.13818368315696716,0.08067958801984787
16,CZE,Czechia,2023,-3.7278714179992676,-1.2699000835418701,4.64611291885376,1,0.365255743265152,0.918236494064331,0.28039175271987915,0.8690820932388306,0.4478796720504761,0.9343312382698059,0.3674957752227783,0.9512961506843567,0.289994478225708,0.02051139622926712,0.08874933421611786,0.03921159729361534,0.25989335775375366,0.05101104825735092,0.01810496114194393,0.013660536147654057,0.13818368315696716,0.08067958801984787
17,DEU,Germany,2018,-4.408335208892822,-0.10898098349571228,4.701655864715576,5,1.162001371383667,0.36291417479515076,1.2181392908096313,0.3434869050979614,0.9860901236534119,0.36927530169487,1.2817747592926025,0.37598031759262085,0.272359162569046,0.020062385126948357,0.09218817204236984,0.03688067942857742,0.27958959341049194,0.0514327734708786,0.017172453925013542,0.01529884897172451,0.13421739637851715,0.08079857379198074
17,DEU,Germany,2019,-7.129828929901123,-0.5194379091262817,4.701655864715576,5,1.162001371383667,0.36291417479515076,1.2181392908096313,0.3434869050979614,0.9860901236534119,0.36927530169487,1.2817747592926025,0.37598031759262085,0.272359162569046,0.020062385126948357,0.09218817204236984,0.03688067942857742,0.27958959341049194,0.0514327734708786,0.017172453925013542,0.01529884897172451,0.13421739637851715,0.08079857379198074
17,DEU,Germany,2020,-8.748512268066406,-0.8419345021247864,4.701655864715576,5,1.162001371383667,0.36291417479515076,1.2181392908096313,0.3434869050979614,0.9860901236534119,0.36927530169487,1.2817747592926025,0.37598031759262085,0.272359162569046,0.020062385126948357,0.09218817204236984,0.03688067942857742,0.27958959341049194,0.0514327734708786,0.017172453925013542,0.01529884897172451,0.13421739637851715,0.08079857379198074
17,DEU,Germany,2021,-7.036392688751221,-1.0729138851165771,4.701655864715576,5,1.162001371383667,0.36291417479515076,1.2181392908096313,0.3434869050979614,0.9860901236534119,0.36927530169487,1.2817747592926025,0.37598031759262085,0.272359162569046,0.020062385126948357,0.09218817204236984,0.03688067942857742,0.27958959341049194,0.0514327734708786,0.017172453925013542,0.01529884897172451,0.13421739637851715,0.08079857379198074
17,DEU,Germany,2022,-5.935337066650391,-1.2312674522399902,4.701655864715576,5,1.162001371383667,0.36291417479515076,1.2181392908096313,0.3434869050979614,0.9860901236534119,0.36927530169487,1.2817747592926025,0.37598031759262085,0.272359162569046,0.020062385126948357,0.09218817204236984,0.03688067942857742,0.27958959341049194,0.0514327734708786,0.017172453925013542,0.01529884897172451,0.13421739637851715,0.08079857379198074
17,DEU,Germany,2023,-8.335287094116211,-1.3344554901123047,4.701655864715576,5,1.162001371383667,0.36291417479515076,1.2181392908096313,0.3434869050979614,0.9860901236534119,0.36927530169487,1.2817747592926025,0.37598031759262085,0.272359162569046,0.020062385126948357,0.09218817204236984,0.03688067942857742,0.27958959341049194,0.0514327734708786,0.017172453925013542,0.01529884897172451,0.13421739637851715,0.08079857379198074
18,DNK,Denmark,2018,-4.1028218269348145,-0.37734901905059814,4.721949577331543,5,1.5067936182022095,0.147966668009758,1.5459808111190796,0.14004580676555634,1.4523217678070068,0.150560200214386,1.522078514099121,0.15329395234584808,0.265665739774704,0.019915945827960968,0.09351707994937897,0.036035340279340744,0.287100613117218,0.051578957587480545,0.01684195175766945,0.015987176448106766,0.13257962465286255,0.08077750355005264
18,DNK,Denmark,2019,-5.251770973205566,-0.65152907371521,4.721949577331543,5,1.5067936182022095,0.147966668009758,1.5459808111190796,0.14004580676555634,1.4523217678070068,0.150560200214386,1.522078514099121,0.15329395234584808,0.265665739774704,0.019915945827960968,0.09351707994937897,0.036035340279340744,0.287100613117218,0.051578957587480545,0.01684195175766945,0.015987176448106766,0.13257962465286255,0.08077750355005264
18,DNK,Denmark,2020,-5.442167282104492,-0.8434707522392273,4.721949577331543,5,1.5067936182022095,0.147966668009758,1.5459808111190796,0.14004580676555634,1.4523217678070068,0.150560200214386,1.522078514099121,0.15329395234584808,0.265665739774704,0.019915945827960968,0.09351707994937897,0.036035340279340744,0.287100613117218,0.051578957587480545,0.01684195175766945,0.015987176448106766,0.13257962465286255,0.08077750355005264
18,DNK,Denmark,2021,-5.020071029663086,-0.9677098393440247,4.721949577331543,5,1.5067936182022095,0.147966668009758,1.5459808111190796,0.14004580676555634,1.4523217678070068,0.150560200214386,1.522078514099121,0.15329395234584808,0.265665739774704,0.019915945827960968,0.09351707994937897,0.036035340279340744,0.287100613117218,0.051578957587480545,0.01684195175766945,0.015987176448106766,0.13257962465286255,0.08077750355005264
18,DNK,Denmark,2022,-5.26057767868042,-1.041292667388916,4.721949577331543,5,1.5067936182022095,0.147966668009758,1.5459808111190796,0.14004580676555634,1.4523217678070068,0.150560200214386,1.522078514099121,0.15329395234584808,0.265665739774704,0.019915945827960968,0.09351707994937897,0.036035340279340744,0.287100613117218,0.051578957587480545,0.01684195175766945,0.015987176448106766,0.13257962465286255,0.08077750355005264
18,DNK,Denmark,2023,-5.907427787780762,-1.0882844924926758,4.721949577331543,5,1.5067936182022095,0.147966668009758,1.5459808111190796,0.14004580676555634,1.4523217678070068,0.150560200214386,1.522078514099121,0.15329395234584808,0.265665739774704,0.019915945827960968,0.09351707994937897,0.036035340279340744,0.287100613117218,0.051578957587480545,0.01684195175766945,0.015987176448106766,0.13257962465286255,0.08077750355005264
19,DZA,Algeria,2018,-1.3783005475997925,-0.48585397005081177,4.810062408447266,5,-1.204992651939392,-0.8910150527954102,-1.152233362197876,-0.8433179259300232,-1.2305991649627686,-0.9066327214241028,-1.2321451902389526,-0.923094630241394,0.23487289249897003,0.0194096639752388,0.09985840320587158,0.03238619118928909,0.32176530361175537,0.05215328931808472,0.01546417735517025,0.019757641479372978,0.12413141876459122,0.08020107448101044
19,DZA,Algeria,2019,-1.3506704568862915,-0.23418763279914856,4.810062408447266,5,-1.204992651939392,-0.8910150527954102,-1.152233362197876,-0.8433179259300232,-1.2305991649627686,-0.9066327214241028,-1.2321451902389526,-0.923094630241394,0.23487289249897003,0.0194096639752388,0.09985840320587158,0.03238619118928909,0.32176530361175537,0.05215328931808472,0.01546417735517025,0.019757641479372978,0.12413141876459122,0.08020107448101044
19,DZA,Algeria,2020,-1.4138250350952148,-0.22808215022087097,4.810062408447266,5,-1.204992651939392,-0.8910150527954102,-1.152233362197876,-0.8433179259300232,-1.2305991649627686,-0.9066327214241028,-1.2321451902389526,-0.923094630241394,0.23487289249897003,0.0194096639752388,0.09985840320587158,0.03238619118928909,0.32176530361175537,0.05215328931808472,0.01546417735517025,0.019757641479372978,0.12413141876459122,0.08020107448101044
19,DZA,Algeria,2021,-1.0506858825683594,-0.2564828395843506,4.810062408447266,5,-1.204992651939392,-0.8910150527954102,-1.152233362197876,-0.8433179259300232,-1.2305991649627686,-0.9066327214241028,-1.2321451902389526,-0.923094630241394,0.23487289249897003,0.0194096639752388,0.09985840320587158,0.03238619118928909,0.32176530361175537,0.05215328931808472,0.01546417735517025,0.019757641479372978,0.12413141876459122,0.08020107448101044
19,DZA,Algeria,2022,-1.0033199787139893,-0.32486099004745483,4.810062408447266,5,-1.204992651939392,-0.8910150527954102,-1.152233362197876,-0.8433179259300232,-1.2305991649627686,-0.9066327214241028,-1.2321451902389526,-0.923094630241394,0.23487289249897003,0.0194096639752388,0.09985840320587158,0.03238619118928909,0.32176530361175537,0.05215328931808472,0.01546417735517025,0.019757641479372978,0.12413141876459122,0.08020107448101044
19,DZA,Algeria,2023,-1.0033199787139893,-0.3312872052192688,4.810062408447266,5,-1.204992651939392,-0.8910150527954102,-1.152233362197876,-0.8433179259300232,-1.2305991649627686,-0.9066327214241028,-1.2321451902389526,-0.923094630241394,0.23487289249897003,0.0194096639752388,0.09985840320587158,0.03238619118928909,0.32176530361175537,0.05215328931808472,0.01546417735517025,0.019757641479372978,0.12413141876459122,0.08020107448101044
20,ECU,Ecuador,2018,-1.1428673267364502,0.6145299077033997,4.809405326843262,5,-1.2054944038391113,-0.8825433254241943,-1.1715943813323975,-0.8352996706962585,-1.2544611692428589,-0.8980124592781067,-1.1904276609420776,-0.9143178462982178,0.23511263728141785,0.019412511959671974,0.09980759769678116,0.03241297975182533,0.32149624824523926,0.05214918777346611,0.0154741071164608,0.019723784178495407,0.12420247495174408,0.08020851761102676
20,ECU,Ecuador,2019,-1.7627936601638794,0.9331478476524353,4.809405326843262,5,-1.2054944038391113,-0.8825433254241943,-1.1715943813323975,-0.8352996706962585,-1.2544611692428589,-0.8980124592781067,-1.1904276609420776,-0.9143178462982178,0.23511263728141785,0.019412511959671974,0.09980759769678116,0.03241297975182533,0.32149624824523926,0.05214918777346611,0.0154741071164608,0.019723784178495407,0.12420247495174408,0.08020851761102676
20,ECU,Ecuador,2020,-1.9658561944961548,0.9269039630889893,4.809405326843262,5,-1.2054944038391113,-0.8825433254241943,-1.1715943813323975,-0.8352996706962585,-1.2544611692428589,-0.8980124592781067,-1.1904276609420776,-0.9143178462982178,0.23511263728141785,0.019412511959671974,0.09980759769678116,0.03241297975182533,0.32149624824523926,0.05214918777346611,0.0154741071164608,0.019723784178495407,0.12420247495174408,0.08020851761102676
20,ECU,Ecuador,2021,-2.1342613697052,0.9591589570045471,4.809405326843262,5,-1.2054944038391113,-0.8825433254241943,-1.1715943813323975,-0.8352996706962585,-1.2544611692428589,-0.8980124592781067,-1.1904276609420776,-0.9143178462982178,0.23511263728141785,0.019412511959671974,0.09980759769678116,0.03241297975182533,0.32149624824523926,0.05214918777346611,0.0154741071164608,0.019723784178495407,0.12420247495174408,0.08020851761102676
20,ECU,Ecuador,2022,-1.612612009048462,1.0562835931777954,4.809405326843262,5,-1.2054944038391113,-0.8825433254241943,-1.1715943813323975,-0.8352996706962585,-1.2544611692428589,-0.8980124592781067,-1.1904276609420776,-0.9143178462982178,0.23511263728141785,0.019412511959671974,0.09980759769678116,0.03241297975182533,0.32149624824523926,0.05214918777346611,0.0154741071164608,0.019723784178495407,0.12420247495174408,0.08020851761102676
20,ECU,Ecuador,2023,-1.6925028562545776,1.093846082687378,4.809405326843262,5,-1.2054944038391113,-0.8825433254241943,-1.1715943813323975,-0.8352996706962585,-1.2544611692428589,-0.8980124592781067,-1.1904276609420776,-0.9143178462982178,0.23511263728141785,0.019412511959671974,0.09980759769678116,0.03241297975182533,0.32149624824523926,0.05214918777346611,0.0154741071164608,0.019723784178495407,0.12420247495174408,0.08020851761102676
21,EGY,Egypt,2018,1.8549280166625977,0.6923599243164062,4.794245719909668,5,-0.7224758267402649,-0.6903279423713684,-0.816137969493866,-0.6533737778663635,-0.7838069200515747,-0.7024279236793518,-0.5674826502799988,-0.7151820659637451,0.24060367047786713,0.019482629373669624,0.09864982962608337,0.0330340676009655,0.31532496213912964,0.05205473676323891,0.015704737976193428,0.01896974816918373,0.12580902874469757,0.08036650717258453
21,EGY,Egypt,2019,1.397194504737854,0.9926820397377014,4.794245719909668,5,-0.7224758267402649,-0.6903279423713684,-0.816137969493866,-0.6533737778663635,-0.7838069200515747,-0.7024279236793518,-0.5674826502799988,-0.7151820659637451,0.24060367047786713,0.019482629373669624,0.09864982962608337,0.0330340676009655,0.31532496213912964,0.05205473676323891,0.015704737976193428,0.01896974816918373,0.12580902874469757,0.08036650717258453
21,EGY,Egypt,2020,0.7784237861633301,1.1134378910064697,4.794245719909668,5,-0.7224758267402649,-0.6903279423713684,-0.816137969493866,-0.6533737778663635,-0.7838069200515747,-0.7024279236793518,-0.5674826502799988,-0.7151820659637451,0.24060367047786713,0.019482629373669624,0.09864982962608337,0.0330340676009655,0.31532496213912964,0.05205473676323891,0.015704737976193428,0.01896974816918373,0.12580902874469757,0.08036650717258453
21,EGY,Egypt,2021,0.7313584089279175,1.1420478820800781,4.794245719909668,5,-0.7224758267402649,-0.6903279423713684,-0.816137969493866,-0.6533737778663635,-0.7838069200515747,-0.7024279236793518,-0.5674826502799988,-0.7151820659637451,0.24060367047786713,0.019482629373669624,0.09864982962608337,0.0330340676009655,0.31532496213912964,0.05205473676323891,0.015704737976193428,0.01896974816918373,0.12580902874469757,0.08036650717258453
21,EGY,Egypt,2022,0.8227205872535706,1.132612705230713,4.794245719909668,5,-0.7224758267402649,-0.6903279423713684,-0.816137969493866,-0.6533737778663635,-0.7838069200515747,-0.7024279236793518,-0.5674826502799988,-0.7151820659637451,0.24060367047786713,0.019482629373669624,0.09864982962608337,0.0330340676009655,0.31532496213912964,0.05205473676323891,0.015704737976193428,0.01896974816918373,0.12580902874469757,0.08036650717258453
21,EGY,Egypt,2023,0.880398690700531,1.1292967796325684,4.794245719909668,5,-0.7224758267402649,-0.6903279423713684,-0.816137969493866,-0.6533737778663635,-0.7838069200515747,-0.7024279236793518,-0.5674826502799988,-0.7151820659637451,0.24060367047786713,0.019482629373669624,0.09864982962608337,0.0330340676009655,0.31532496213912964,0.05205473676323891,0.015704737976193428,0.01896974816918373,0.12580902874469757,0.08036650717258453
22,ESP,Spain,2018,-2.3918983936309814,-0.49290889501571655,4.696346282958984,5,0.789492130279541,0.4179694652557373,0.8293587565422058,0.3955950438976288,0.796362042427063,0.4252955913543701,0.7427557706832886,0.4330177903175354,0.27408745884895325,0.02010231278836727,0.09184738993644714,0.03710227087140083,0.2776530086994171,0.05139375105500221,0.017259787768125534,0.015127469785511494,0.1346285194158554,0.08079805225133896
22,ESP,Spain,2019,-3.220625877380371,-0.9302679300308228,4.696346282958984,5,0.789492130279541,0.4179694652557373,0.8293587565422058,0.3955950438976288,0.796362042427063,0.4252955913543701,0.7427557706832886,0.4330177903175354,0.27408745884895325,0.02010231278836727,0.09184738993644714,0.03710227087140083,0.2776530086994171,0.05139375105500221,0.017259787768125534,0.015127469785511494,0.1346285194158554,0.08079805225133896
22,ESP,Spain,2020,-4.112740993499756,-1.2143148183822632,4.696346282958984,5,0.789492130279541,0.4179694652557373,0.8293587565422058,0.3955950438976288,0.796362042427063,0.4252955913543701,0.7427557706832886,0.4330177903175354,0.27408745884895325,0.02010231278836727,0.09184738993644714,0.03710227087140083,0.2776530086994171,0.05139375105500221,0.017259787768125534,0.015127469785511494,0.1346285194158554,0.08079805225133896
22,ESP,Spain,2021,-4.21701192855835,-1.411679744720459,4.696346282958984,5,0.789492130279541,0.4179694652557373,0.8293587565422058,0.3955950438976288,0.796362042427063,0.4252955913543701,0.7427557706832886,0.4330177903175354,0.27408745884895325,0.02010231278836727,0.09184738993644714,0.03710227087140083,0.2776530086994171,0.05139375105500221,0.017259787768125534,0.015127469785511494,0.1346285194158554,0.08079805225133896
22,ESP,Spain,2022,-3.774611234664917,-1.5332274436950684,4.696346282958984,5,0.789492130279541,0.4179694652557373,0.8293587565422058,0.3955950438976288,0.796362042427063,0.4252955913543701,0.7427557706832886,0.4330177903175354,0.27408745884895325,0.02010231278836727,0.09184738993644714,0.03710227087140083,0.2776530086994171,0.05139375105500221,0.017259787768125534,0.015127469785511494,0.1346285194158554,0.08079805225133896
22,ESP,Spain,2023,-4.671977519989014,-1.6130447387695312,4.696346282958984,5,0.789492130279541,0.4179694652557373,0.8293587565422058,0.3955950438976288,0.796362042427063,0.4252955913543701,0.7427557706832886,0.4330177903175354,0.27408745884895325,0.02010231278836727,0.09184738993644714,0.03710227087140083,0.2776530086994171,0.05139375105500221,0.017259787768125534,0.015127469785511494,0.1346285194158554,0.08079805225133896
23,EST,Estonia,2018,-4.833373069763184,-0.9026463031768799,4.6619553565979,1,0.5303884744644165,0.7641289830207825,0.3051801919937134,0.7232242226600647,0.8016892075538635,0.777522623538971,0.48429596424102783,0.7916402816772461,0.28506168723106384,0.020376363769173622,0.08970342576503754,0.03854336217045784,0.2653876543045044,0.051134154200553894,0.017834549769759178,0.014095257967710495,0.13712547719478607,0.0807381197810173
23,EST,Estonia,2019,-9.96490478515625,-1.049996018409729,4.6619553565979,1,0.5303884744644165,0.7641289830207825,0.3051801919937134,0.7232242226600647,0.8016892075538635,0.777522623538971,0.48429596424102783,0.7916402816772461,0.28506168723106384,0.020376363769173622,0.08970342576503754,0.03854336217045784,0.2653876543045044,0.051134154200553894,0.017834549769759178,0.014095257967710495,0.13712547719478607,0.0807381197810173
23,EST,Estonia,2020,-18.38939094543457,-1.1828798055648804,4.6619553565979,1,0.5303884744644165,0.7641289830207825,0.3051801919937134,0.7232242226600647,0.8016892075538635,0.777522623538971,0.48429596424102783,0.7916402816772461,0.28506168723106384,0.020376363769173622,0.08970342576503754,0.03854336217045784,0.2653876543045044,0.051134154200553894,0.017834549769759178,0.014095257967710495,0.13712547719478607,0.0807381197810173
23,EST,Estonia,2021,-14.705828666687012,-1.2835060358047485,4.6619553565979,1,0.5303884744644165,0.7641289830207825,0.3051801919937134,0.7232242226600647,0.8016892075538635,0.777522623538971,0.48429596424102783,0.7916402816772461,0.28506168723106384,0.020376363769173622,0.08970342576503754,0.03854336217045784,0.2653876543045044,0.051134154200553894,0.017834549769759178,0.014095257967710495,0.13712547719478607,0.0807381197810173
23,EST,Estonia,2022,-11.738649368286133,-1.3626399040222168,4.6619553565979,1,0.5303884744644165,0.7641289830207825,0.3051801919937134,0.7232242226600647,0.8016892075538635,0.777522623538971,0.48429596424102783,0.7916402816772461,0.28506168723106384,0.020376363769173622,0.08970342576503754,0.03854336217045784,0.2653876543045044,0.051134154200553894,0.017834549769759178,0.014095257967710495,0.13712547719478607,0.0807381197810173
23,EST,Estonia,2023,-19.71649742126465,-1.4111260175704956,4.6619553565979,1,0.5303884744644165,0.7641289830207825,0.3051801919937134,0.7232242226600647,0.8016892075538635,0.777522623538971,0.48429596424102783,0.7916402816772461,0.28506168723106384,0.020376363769173622,0.08970342576503754,0.03854336217045784,0.2653876543045044,0.051134154200553894,0.017834549769759178,0.014095257967710495,0.13712547719478607,0.0807381197810173
24,FIN,Finland,2018,-2.4947378635406494,0.38290655612945557,4.720277786254883,5,1.5118976831436157,0.16596166789531708,1.5876092910766602,0.15707752108573914,1.3751853704452515,0.16887062788009644,1.572898507118225,0.17193683981895447,0.2662225365638733,0.019927632063627243,0.09340596199035645,0.036104921251535416,0.28647515177726746,0.05156710743904114,0.016868989914655685,0.015928374603390694,0.13271860778331757,0.08078067004680634
24,FIN,Finland,2019,-3.0343379974365234,0.060374557971954346,4.720277786254883,5,1.5118976831436157,0.16596166789531708,1.5876092910766602,0.15707752108573914,1.3751853704452515,0.16887062788009644,1.572898507118225,0.17193683981895447,0.2662225365638733,0.019927632063627243,0.09340596199035645,0.036104921251535416,0.28647515177726746,0.05156710743904114,0.016868989914655685,0.015928374603390694,0.13271860778331757,0.08078067004680634
24,FIN,Finland,2020,-4.05517578125,-0.16265758872032166,4.720277786254883,5,1.5118976831436157,0.16596166789531708,1.5876092910766602,0.15707752108573914,1.3751853704452515,0.16887062788009644,1.572898507118225,0.17193683981895447,0.2662225365638733,0.019927632063627243,0.09340596199035645,0.036104921251535416,0.28647515177726746,0.05156710743904114,0.016868989914655685,0.015928374603390694,0.13271860778331757,0.08078067004680634
24,FIN,Finland,2021,-3.9226253032684326,-0.30550050735473633,4.720277786254883,5,1.5118976831436157,0.16596166789531708,1.5876092910766602,0.15707752108573914,1.3751853704452515,0.16887062788009644,1.572898507118225,0.17193683981895447,0.2662225365638733,0.019927632063627243,0.09340596199035645,0.036104921251535416,0.28647515177726746,0.05156710743904114,0.016868989914655685,0.015928374603390694,0.13271860778331757,0.08078067004680634
24,FIN,Finland,2022,-4.062594890594482,-0.39244985580444336,4.720277786254883,5,1.5118976831436157,0.16596166789531708,1.5876092910766602,0.15707752108573914,1.3751853704452515,0.16887062788009644,1.572898507118225,0.17193683981895447,0.2662225365638733,0.019927632063627243,0.09340596199035645,0.036104921251535416,0.28647515177726746,0.05156710743904114,0.016868989914655685,0.015928374603390694,0.13271860778331757,0.08078067004680634
24,FIN,Finland,2023,-5.2590131759643555,-0.4465051293373108,4.720277786254883,5,1.5118976831436157,0.16596166789531708,1.5876092910766602,0.15707752108573914,1.3751853704452515,0.16887062788009644,1.572898507118225,0.17193683981895447,0.2662225365638733,0.019927632063627243,0.09340596199035645,0.036104921251535416,0.28647515177726746,0.05156710743904114,0.016868989914655685,0.015928374603390694,0.13271860778331757,0.08078067004680634
25,FRA,France,2018,-2.937512159347534,0.14920224249362946,4.7036871910095215,5,0.8883405327796936,0.3417302668094635,1.0859564542770386,0.32343703508377075,0.6707704067230225,0.34772011637687683,0.9082947969436646,0.3540337383747101,0.2716955542564392,0.02004728652536869,0.09231926500797272,0.036795973777770996,0.2803334593772888,0.05144761875271797,0.017139142379164696,0.015365328639745712,0.13405828177928925,0.08079811930656433
25,FRA,France,2019,-2.957599639892578,-0.07252819836139679,4.7036871910095215,5,0.8883405327796936,0.3417302668094635,1.0859564542770386,0.32343703508377075,0.6707704067230225,0.34772011637687683,0.9082947969436646,0.3540337383747101,0.2716955542564392,0.02004728652536869,0.09231926500797272,0.036795973777770996,0.2803334593772888,0.05144761875271797,0.017139142379164696,0.015365328639745712,0.13405828177928925,0.08079811930656433
25,FRA,France,2020,-3.0673086643218994,-0.289523720741272,4.7036871910095215,5,0.8883405327796936,0.3417302668094635,1.0859564542770386,0.32343703508377075,0.6707704067230225,0.34772011637687683,0.9082947969436646,0.3540337383747101,0.2716955542564392,0.02004728652536869,0.09231926500797272,0.036795973777770996,0.2803334593772888,0.05144761875271797,0.017139142379164696,0.015365328639745712,0.13405828177928925,0.08079811930656433
25,FRA,France,2021,-2.956054449081421,-0.45544129610061646,4.7036871910095215,5,0.8883405327796936,0.3417302668094635,1.0859564542770386,0.32343703508377075,0.6707704067230225,0.34772011637687683,0.9082947969436646,0.3540337383747101,0.2716955542564392,0.02004728652536869,0.09231926500797272,0.036795973777770996,0.2803334593772888,0.05144761875271797,0.017139142379164696,0.015365328639745712,0.13405828177928925,0.08079811930656433
25,FRA,France,2022,-0.05572359263896942,-0.5792067050933838,4.7036871910095215,5,0.8883405327796936,0.3417302668094635,1.0859564542770386,0.32343703508377075,0.6707704067230225,0.34772011637687683,0.9082947969436646,0.3540337383747101,0.2716955542564392,0.02004728652536869,0.09231926500797272,0.036795973777770996,0.2803334593772888,0.05144761875271797,0.017139142379164696,0.015365328639745712,0.13405828177928925,0.08079811930656433
25,FRA,France,2023,-3.9094398021698,-0.6589140892028809,4.7036871910095215,5,0.8883405327796936,0.3417302668094635,1.0859564542770386,0.32343703508377075,0.6707704067230225,0.34772011637687683,0.9082947969436646,0.3540337383747101,0.2716955542564392,0.02004728652536869,0.09231926500797272,0.036795973777770996,0.2803334593772888,0.05144761875271797,0.017139142379164696,0.015365328639745712,0.13405828177928925,0.08079811930656433
26,GBR,United Kingdom,2018,-11.656635284423828,0.3849078416824341,4.713468074798584,5,1.2583589553833008,0.23870991170406342,1.1897099018096924,0.22593145072460175,1.3614327907562256,0.2428939938545227,1.2239340543746948,0.2473042756319046,0.2684803605079651,0.019975947216153145,0.09295645356178284,0.03638838976621628,0.2839401066303253,0.051518458873033524,0.016979455947875977,0.01569284498691559,0.13327714800834656,0.08079085499048233
26,GBR,United Kingdom,2019,-12.48721694946289,0.034193143248558044,4.713468074798584,5,1.2583589553833008,0.23870991170406342,1.1897099018096924,0.22593145072460175,1.3614327907562256,0.2428939938545227,1.2239340543746948,0.2473042756319046,0.2684803605079651,0.019975947216153145,0.09295645356178284,0.03638838976621628,0.2839401066303253,0.051518458873033524,0.016979455947875977,0.01569284498691559,0.13327714800834656,0.08079085499048233
26,GBR,United Kingdom,2020,-13.733572006225586,-0.23409275710582733,4.713468074798584,5,1.2583589553833008,0.23870991170406342,1.1897099018096924,0.22593145072460175,1.3614327907562256,0.2428939938545227,1.2239340543746948,0.2473042756319046,0.2684803605079651,0.019975947216153145,0.09295645356178284,0.03638838976621628,0.2839401066303253,0.051518458873033524,0.016979455947875977,0.01569284498691559,0.13327714800834656,0.08079085499048233
26,GBR,United Kingdom,2021,-12.55033016204834,-0.42345303297042847,4.713468074798584,5,1.2583589553833008,0.23870991170406342,1.1897099018096924,0.22593145072460175,1.3614327907562256,0.2428939938545227,1.2239340543746948,0.2473042756319046,0.2684803605079651,0.019975947216153145,0.09295645356178284,0.03638838976621628,0.2839401066303253,0.051518458873033524,0.016979455947875977,0.01569284498691559,0.13327714800834656,0.08079085499048233
26,GBR,United Kingdom,2022,-13.13424301147461,-0.547461211681366,4.713468074798584,5,1.2583589553833008,0.23870991170406342,1.1897099018096924,0.22593145072460175,1.3614327907562256,0.2428939938545227,1.2239340543746948,0.2473042756319046,0.2684803605079651,0.019975947216153145,0.09295645356178284,0.03638838976621628,0.2839401066303253,0.051518458873033524,0.016979455947875977,0.01569284498691559,0.13327714800834656,0.08079085499048233
26,GBR,United Kingdom,2023,-14.066479682922363,-0.6279406547546387,4.713468074798584,5,1.2583589553833008,0.23870991170406342,1.1897099018096924,0.22593145072460175,1.3614327907562256,0.2428939938545227,1.2239340543746948,0.2473042756319046,0.2684803605079651,0.019975947216153145,0.09295645356178284,0.03638838976621628,0.2839401066303253,0.051518458873033524,0.016979455947875977,0.01569284498691559,0.13327714800834656,0.08079085499048233
27,GRC,Greece,2018,-5.507160186767578,-1.2322518825531006,4.599193572998047,1,0.21050052344799042,1.3590117692947388,0.004785913974046707,1.2862621545791626,0.24354657530784607,1.382832407951355,0.3831690847873688,1.4079408645629883,0.3041855990886688,0.020943576470017433,0.08602554351091385,0.041213508695364,0.244157612323761,0.050636742264032364,0.018929913640022278,0.012498881667852402,0.14100489020347595,0.08040372282266617
27,GRC,Greece,2019,-6.582149982452393,-1.0911591053009033,4.599193572998047,1,0.21050052344799042,1.3590117692947388,0.004785913974046707,1.2862621545791626,0.24354657530784607,1.382832407951355,0.3831690847873688,1.4079408645629883,0.3041855990886688,0.020943576470017433,0.08602554351091385,0.041213508695364,0.244157612323761,0.050636742264032364,0.018929913640022278,0.012498881667852402,0.14100489020347595,0.08040372282266617
27,GRC,Greece,2020,-8.231910705566406,-1.097437858581543,4.599193572998047,1,0.21050052344799042,1.3590117692947388,0.004785913974046707,1.2862621545791626,0.24354657530784607,1.382832407951355,0.3831690847873688,1.4079408645629883,0.3041855990886688,0.020943576470017433,0.08602554351091385,0.041213508695364,0.244157612323761,0.050636742264032364,0.018929913640022278,0.012498881667852402,0.14100489020347595,0.08040372282266617
27,GRC,Greece,2021,-9.12386703491211,-1.1124389171600342,4.599193572998047,1,0.21050052344799042,1.3590117692947388,0.004785913974046707,1.2862621545791626,0.24354657530784607,1.382832407951355,0.3831690847873688,1.4079408645629883,0.3041855990886688,0.020943576470017433,0.08602554351091385,0.041213508695364,0.244157612323761,0.050636742264032364,0.018929913640022278,0.012498881667852402,0.14100489020347595,0.08040372282266617
27,GRC,Greece,2022,-9.264490127563477,-1.1211512088775635,4.599193572998047,1,0.21050052344799042,1.3590117692947388,0.004785913974046707,1.2862621545791626,0.24354657530784607,1.382832407951355,0.3831690847873688,1.4079408645629883,0.3041855990886688,0.020943576470017433,0.08602554351091385,0.041213508695364,0.244157612323761,0.050636742264032364,0.018929913640022278,0.012498881667852402,0.14100489020347595,0.08040372282266617
27,GRC,Greece,2023,-10.155776977539062,-1.1324546337127686,4.599193572998047,1,0.21050052344799042,1.3590117692947388,0.004785913974046707,1.2862621545791626,0.24354657530784607,1.382832407951355,0.3831690847873688,1.4079408645629883,0.3041855990886688,0.020943576470017433,0.08602554351091385,0.041213508695364,0.244157612323761,0.050636742264032364,0.018929913640022278,0.012498881667852402,0.14100489020347595,0.08040372282266617
28,HKG,Hong Kong,2018,-1.1459519863128662,0.5071309804916382,4.725378036499023,5,1.1223636865615845,0.11090093851089478,1.0890463590621948,0.10496426373720169,1.3811711072921753,0.1128448024392128,0.8968734741210938,0.11489374935626984,0.2645209729671478,0.019892197102308273,0.09374590963125229,0.035892751067876816,0.28838685154914856,0.05160316452383995,0.01678663119673729,0.016108985990285873,0.1322922557592392,0.08077018707990646
28,HKG,Hong Kong,2019,-1.7272493839263916,0.09167627990245819,4.725378036499023,5,1.1223636865615845,0.11090093851089478,1.0890463590621948,0.10496426373720169,1.3811711072921753,0.1128448024392128,0.8968734741210938,0.11489374935626984,0.2645209729671478,0.019892197102308273,0.09374590963125229,0.035892751067876816,0.28838685154914856,0.05160316452383995,0.01678663119673729,0.016108985990285873,0.1322922557592392,0.08077018707990646
28,HKG,Hong Kong,2020,-5.682636260986328,-0.23069310188293457,4.725378036499023,5,1.1223636865615845,0.11090093851089478,1.0890463590621948,0.10496426373720169,1.3811711072921753,0.1128448024392128,0.8968734741210938,0.11489374935626984,0.2645209729671478,0.019892197102308273,0.09374590963125229,0.035892751067876816,0.28838685154914856,0.05160316452383995,0.01678663119673729,0.016108985990285873,0.1322922557592392,0.08077018707990646
28,HKG,Hong Kong,2021,-5.362922668457031,-0.410869836807251,4.725378036499023,5,1.1223636865615845,0.11090093851089478,1.0890463590621948,0.10496426373720169,1.3811711072921753,0.1128448024392128,0.8968734741210938,0.11489374935626984,0.2645209729671478,0.019892197102308273,0.09374590963125229,0.035892751067876816,0.28838685154914856,0.05160316452383995,0.01678663119673729,0.016108985990285873,0.1322922557592392,0.08077018707990646
28,HKG,Hong Kong,2022,-5.762137413024902,-0.5221351981163025,4.725378036499023,5,1.1223636865615845,0.11090093851089478,1.0890463590621948,0.10496426373720169,1.3811711072921753,0.1128448024392128,0.8968734741210938,0.11489374935626984,0.2645209729671478,0.019892197102308273,0.09374590963125229,0.035892751067876816,0.28838685154914856,0.05160316452383995,0.01678663119673729,0.016108985990285873,0.1322922557592392,0.08077018707990646
28,HKG,Hong Kong,2023,-5.774105072021484,-0.5800283551216125,4.725378036499023,5,1.1223636865615845,0.11090093851089478,1.0890463590621948,0.10496426373720169,1.3811711072921753,0.1128448024392128,0.8968734741210938,0.11489374935626984,0.2645209729671478,0.019892197102308273,0.09374590963125229,0.035892751067876816,0.28838685154914856,0.05160316452383995,0.01678663119673729,0.016108985990285873,0.1322922557592392,0.08077018707990646
29,HRV,Croatia,2018,-2.1691575050354004,0.1500360667705536,4.743825912475586,5,-0.3481642007827759,-0.09268280118703842,-0.2588765323162079,-0.08772137761116028,-0.3555670380592346,-0.09430733323097229,-0.4300490617752075,-0.0960196927189827,0.2582886219024658,0.019769513979554176,0.09500042349100113,0.03512600436806679,0.2953968942165375,0.05173073336482048,0.0164913609623909,0.016794417053461075,0.13069069385528564,0.08071131259202957
29,HRV,Croatia,2019,-1.4451857805252075,-0.002257734537124634,4.743825912475586,5,-0.3481642007827759,-0.09268280118703842,-0.2588765323162079,-0.08772137761116028,-0.3555670380592346,-0.09430733323097229,-0.4300490617752075,-0.0960196927189827,0.2582886219024658,0.019769513979554176,0.09500042349100113,0.03512600436806679,0.2953968942165375,0.05173073336482048,0.0164913609623909,0.016794417053461075,0.13069069385528564,0.08071131259202957
29,HRV,Croatia,2020,-1.7230193614959717,-0.003653690218925476,4.743825912475586,5,-0.3481642007827759,-0.09268280118703842,-0.2588765323162079,-0.08772137761116028,-0.3555670380592346,-0.09430733323097229,-0.4300490617752075,-0.0960196927189827,0.2582886219024658,0.019769513979554176,0.09500042349100113,0.03512600436806679,0.2953968942165375,0.05173073336482048,0.0164913609623909,0.016794417053461075,0.13069069385528564,0.08071131259202957
29,HRV,Croatia,2021,-2.0073060989379883,-0.02189706265926361,4.743825912475586,5,-0.3481642007827759,-0.09268280118703842,-0.2588765323162079,-0.08772137761116028,-0.3555670380592346,-0.09430733323097229,-0.4300490617752075,-0.0960196927189827,0.2582886219024658,0.019769513979554176,0.09500042349100113,0.03512600436806679,0.2953968942165375,0.05173073336482048,0.0164913609623909,0.016794417053461075,0.13069069385528564,0.08071131259202957
29,HRV,Croatia,2022,-1.4104783535003662,-0.14248879253864288,4.743825912475586,5,-0.3481642007827759,-0.09268280118703842,-0.2588765323162079,-0.08772137761116028,-0.3555670380592346,-0.09430733323097229,-0.4300490617752075,-0.0960196927189827,0.2582886219024658,0.019769513979554176,0.09500042349100113,0.03512600436806679,0.2953968942165375,0.05173073336482048,0.0164913609623909,0.016794417053461075,0.13069069385528564,0.08071131259202957
29,HRV,Croatia,2023,-2.236304998397827,-0.24982766807079315,4.743825912475586,5,-0.3481642007827759,-0.09268280118703842,-0.2588765323162079,-0.08772137761116028,-0.3555670380592346,-0.09430733323097229,-0.4300490617752075,-0.0960196927189827,0.2582886219024658,0.019769513979554176,0.09500042349100113,0.03512600436806679,0.2953968942165375,0.05173073336482048,0.0164913609623909,0.016794417053461075,0.13069069385528564,0.08071131259202957
30,HUN,Hungary,2018,-2.826733112335205,-1.455697774887085,4.649999618530273,1,0.43036317825317383,0.8807053565979004,0.30845627188682556,0.833560049533844,0.5491956472396851,0.896142303943634,0.4334375858306885,0.9124137163162231,0.28879114985466003,0.02047775499522686,0.08898168057203293,0.03904734551906586,0.26123252511024475,0.05104141682386398,0.018038257956504822,0.01376502588391304,0.13792920112609863,0.08069565147161484
30,HUN,Hungary,2019,-3.2313930988311768,-1.4178593158721924,4.649999618530273,1,0.43036317825317383,0.8807053565979004,0.30845627188682556,0.833560049533844,0.5491956472396851,0.896142303943634,0.4334375858306885,0.9124137163162231,0.28879114985466003,0.02047775499522686,0.08898168057203293,0.03904734551906586,0.26123252511024475,0.05104141682386398,0.018038257956504822,0.01376502588391304,0.13792920112609863,0.08069565147161484
30,HUN,Hungary,2020,-3.419083595275879,-1.4412813186645508,4.649999618530273,1,0.43036317825317383,0.8807053565979004,0.30845627188682556,0.833560049533844,0.5491956472396851,0.896142303943634,0.4334375858306885,0.9124137163162231,0.28879114985466003,0.02047775499522686,0.08898168057203293,0.03904734551906586,0.26123252511024475,0.05104141682386398,0.018038257956504822,0.01376502588391304,0.13792920112609863,0.08069565147161484
30,HUN,Hungary,2021,-3.8331387042999268,-1.4680068492889404,4.649999618530273,1,0.43036317825317383,0.8807053565979004,0.30845627188682556,0.833560049533844,0.5491956472396851,0.896142303943634,0.4334375858306885,0.9124137163162231,0.28879114985466003,0.02047775499522686,0.08898168057203293,0.03904734551906586,0.26123252511024475,0.05104141682386398,0.018038257956504822,0.01376502588391304,0.13792920112609863,0.08069565147161484
30,HUN,Hungary,2022,-4.042897701263428,-1.4877433776855469,4.649999618530273,1,0.43036317825317383,0.8807053565979004,0.30845627188682556,0.833560049533844,0.5491956472396851,0.896142303943634,0.4334375858306885,0.9124137163162231,0.28879114985466003,0.02047775499522686,0.08898168057203293,0.03904734551906586,0.26123252511024475,0.05104141682386398,0.018038257956504822,0.01376502588391304,0.13792920112609863,0.08069565147161484
30,HUN,Hungary,2023,-4.756733417510986,-1.4917747974395752,4.649999618530273,1,0.43036317825317383,0.8807053565979004,0.30845627188682556,0.833560049533844,0.5491956472396851,0.896142303943634,0.4334375858306885,0.9124137163162231,0.28879114985466003,0.02047775499522686,0.08898168057203293,0.03904734551906586,0.26123252511024475,0.05104141682386398,0.018038257956504822,0.01376502588391304,0.13792920112609863,0.08069565147161484
31,IDN,Indonesia,2018,2.64410662651062,0.6021620631217957,4.8108320236206055,5,-0.9561768174171448,-0.9009584784507751,-0.9402090311050415,-0.8527290225028992,-0.8002218008041382,-0.9167503714561462,-1.1280996799468994,-0.93339604139328,0.23459172248840332,0.019406339153647423,0.09991799294948578,0.032354798167943954,0.32208073139190674,0.052158087491989136,0.01545254047960043,0.01979745179414749,0.12404798716306686,0.08019228279590607
31,IDN,Indonesia,2019,3.317753314971924,0.8327215909957886,4.8108320236206055,5,-0.9561768174171448,-0.9009584784507751,-0.9402090311050415,-0.8527290225028992,-0.8002218008041382,-0.9167503714561462,-1.1280996799468994,-0.93339604139328,0.23459172248840332,0.019406339153647423,0.09991799294948578,0.032354798167943954,0.32208073139190674,0.052158087491989136,0.01545254047960043,0.01979745179414749,0.12404798716306686,0.08019228279590607
31,IDN,Indonesia,2020,2.719416856765747,0.9231839179992676,4.8108320236206055,5,-0.9561768174171448,-0.9009584784507751,-0.9402090311050415,-0.8527290225028992,-0.8002218008041382,-0.9167503714561462,-1.1280996799468994,-0.93339604139328,0.23459172248840332,0.019406339153647423,0.09991799294948578,0.032354798167943954,0.32208073139190674,0.052158087491989136,0.01545254047960043,0.01979745179414749,0.12404798716306686,0.08019228279590607
31,IDN,Indonesia,2021,2.6682887077331543,0.9883019328117371,4.8108320236206055,5,-0.9561768174171448,-0.9009584784507751,-0.9402090311050415,-0.8527290225028992,-0.8002218008041382,-0.9167503714561462,-1.1280996799468994,-0.93339604139328,0.23459172248840332,0.019406339153647423,0.09991799294948578,0.032354798167943954,0.32208073139190674,0.052158087491989136,0.01545254047960043,0.01979745179414749,0.12404798716306686,0.08019228279590607
31,IDN,Indonesia,2022,2.0740978717803955,0.9604972004890442,4.8108320236206055,5,-0.9561768174171448,-0.9009584784507751,-0.9402090311050415,-0.8527290225028992,-0.8002218008041382,-0.9167503714561462,-1.1280996799468994,-0.93339604139328,0.23459172248840332,0.019406339153647423,0.09991799294948578,0.032354798167943954,0.32208073139190674,0.052158087491989136,0.01545254047960043,0.01979745179414749,0.12404798716306686,0.08019228279590607
31,IDN,Indonesia,2023,2.4188666343688965,0.9474570155143738,4.8108320236206055,5,-0.9561768174171448,-0.9009584784507751,-0.9402090311050415,-0.8527290225028992,-0.8002218008041382,-0.9167503714561462,-1.1280996799468994,-0.93339604139328,0.23459172248840332,0.019406339153647423,0.09991799294948578,0.032354798167943954,0.32208073139190674,0.052158087491989136,0.01545254047960043,0.01979745179414749,0.12404798716306686,0.08019228279590607
32,IND,India,2018,0.023883648216724396,-1.3133971691131592,4.773053169250488,5,-0.5800058245658875,-0.4312504231929779,-0.6757107377052307,-0.4081650376319885,-0.8220545053482056,-0.438809335231781,-0.24225223064422607,-0.4467768967151642,0.2481534332036972,0.019593939185142517,0.09707532823085785,0.033911749720573425,0.3068174123764038,0.051922425627708435,0.016031751409173012,0.017996281385421753,0.1279521882534027,0.08054552972316742
32,IND,India,2019,-1.7109887599945068,-0.8393587470054626,4.773053169250488,5,-0.5800058245658875,-0.4312504231929779,-0.6757107377052307,-0.4081650376319885,-0.8220545053482056,-0.438809335231781,-0.24225223064422607,-0.4467768967151642,0.2481534332036972,0.019593939185142517,0.09707532823085785,0.033911749720573425,0.3068174123764038,0.051922425627708435,0.016031751409173012,0.017996281385421753,0.1279521882534027,0.08054552972316742
32,IND,India,2020,-2.832286834716797,-0.6271922588348389,4.773053169250488,5,-0.5800058245658875,-0.4312504231929779,-0.6757107377052307,-0.4081650376319885,-0.8220545053482056,-0.438809335231781,-0.24225223064422607,-0.4467768967151642,0.2481534332036972,0.019593939185142517,0.09707532823085785,0.033911749720573425,0.3068174123764038,0.051922425627708435,0.016031751409173012,0.017996281385421753,0.1279521882534027,0.08054552972316742
32,IND,India,2021,-2.1478464603424072,-0.5342641472816467,4.773053169250488,5,-0.5800058245658875,-0.4312504231929779,-0.6757107377052307,-0.4081650376319885,-0.8220545053482056,-0.438809335231781,-0.24225223064422607,-0.4467768967151642,0.2481534332036972,0.019593939185142517,0.09707532823085785,0.033911749720573425,0.3068174123764038,0.051922425627708435,0.016031751409173012,0.017996281385421753,0.1279521882534027,0.08054552972316742
32,IND,India,2022,-2.8932855129241943,-0.4857844114303589,4.773053169250488,5,-0.5800058245658875,-0.4312504231929779,-0.6757107377052307,-0.4081650376319885,-0.8220545053482056,-0.438809335231781,-0.24225223064422607,-0.4467768967151642,0.2481534332036972,0.019593939185142517,0.09707532823085785,0.033911749720573425,0.3068174123764038,0.051922425627708435,0.016031751409173012,0.017996281385421753,0.1279521882534027,0.08054552972316742
32,IND,India,2023,-2.182831048965454,-0.44457459449768066,4.773053169250488,5,-0.5800058245658875,-0.4312504231929779,-0.6757107377052307,-0.4081650376319885,-0.8220545053482056,-0.438809335231781,-0.24225223064422607,-0.4467768967151642,0.2481534332036972,0.019593939185142517,0.09707532823085785,0.033911749720573425,0.3068174123764038,0.051922425627708435,0.016031751409173012,0.017996281385421753,0.1279521882534027,0.08054552972316742
33,IRL,Ireland,2018,-3.2219769954681396,-1.0624170303344727,4.693178653717041,5,1.125100016593933,0.45058485865592957,0.9071259498596191,0.4264644682407379,1.2676217555999756,0.45848265290260315,1.2005521059036255,0.46680742502212524,0.2751138210296631,0.02012641727924347,0.09164542704820633,0.03723451867699623,0.27650362253189087,0.05137031897902489,0.017312046140432358,0.015026872977614403,0.13487030565738678,0.08079656958580017
33,IRL,Ireland,2019,-3.9652493000030518,-1.3712596893310547,4.693178653717041,5,1.125100016593933,0.45058485865592957,0.9071259498596191,0.4264644682407379,1.2676217555999756,0.45848265290260315,1.2005521059036255,0.46680742502212524,0.2751138210296631,0.02012641727924347,0.09164542704820633,0.03723451867699623,0.27650362253189087,0.05137031897902489,0.017312046140432358,0.015026872977614403,0.13487030565738678,0.08079656958580017
33,IRL,Ireland,2020,-4.2647223472595215,-1.5639489889144897,4.693178653717041,5,1.125100016593933,0.45058485865592957,0.9071259498596191,0.4264644682407379,1.2676217555999756,0.45848265290260315,1.2005521059036255,0.46680742502212524,0.2751138210296631,0.02012641727924347,0.09164542704820633,0.03723451867699623,0.27650362253189087,0.05137031897902489,0.017312046140432358,0.015026872977614403,0.13487030565738678,0.08079656958580017
33,IRL,Ireland,2021,-3.373614549636841,-1.6896222829818726,4.693178653717041,5,1.125100016593933,0.45058485865592957,0.9071259498596191,0.4264644682407379,1.2676217555999756,0.45848265290260315,1.2005521059036255,0.46680742502212524,0.2751138210296631,0.02012641727924347,0.09164542704820633,0.03723451867699623,0.27650362253189087,0.05137031897902489,0.017312046140432358,0.015026872977614403,0.13487030565738678,0.08079656958580017
33,IRL,Ireland,2022,-3.6817150115966797,-1.768095850944519,4.693178653717041,5,1.125100016593933,0.45058485865592957,0.9071259498596191,0.4264644682407379,1.2676217555999756,0.45848265290260315,1.2005521059036255,0.46680742502212524,0.2751138210296631,0.02012641727924347,0.09164542704820633,0.03723451867699623,0.27650362253189087,0.05137031897902489,0.017312046140432358,0.015026872977614403,0.13487030565738678,0.08079656958580017
33,IRL,Ireland,2023,-4.387845516204834,-1.8116004467010498,4.693178653717041,5,1.125100016593933,0.45058485865592957,0.9071259498596191,0.4264644682407379,1.2676217555999756,0.45848265290260315,1.2005521059036255,0.46680742502212524,0.2751138210296631,0.02012641727924347,0.09164542704820633,0.03723451867699623,0.27650362253189087,0.05137031897902489,0.017312046140432358,0.015026872977614403,0.13487030565738678,0.08079656958580017
34,IRN,Iran,2018,0.18575511872768402,-0.9217849373817444,4.79707145690918,5,-1.425826907157898,-0.7257040143013,-1.0039883852005005,-0.6868561506271362,-1.918333888053894,-0.7384240627288818,-1.3551583290100098,-0.7518318295478821,0.23958580195903778,0.019468938931822777,0.0988636165857315,0.032917849719524384,0.316470205783844,0.052072349935770035,0.015661533921957016,0.019106479361653328,0.12551425397396088,0.0803389847278595
34,IRN,Iran,2019,-3.3282368183135986,-0.5356739163398743,4.79707145690918,5,-1.425826907157898,-0.7257040143013,-1.0039883852005005,-0.6868561506271362,-1.918333888053894,-0.7384240627288818,-1.3551583290100098,-0.7518318295478821,0.23958580195903778,0.019468938931822777,0.0988636165857315,0.032917849719524384,0.316470205783844,0.052072349935770035,0.015661533921957016,0.019106479361653328,0.12551425397396088,0.0803389847278595
34,IRN,Iran,2020,-1.5740487575531006,-0.45841795206069946,4.79707145690918,5,-1.425826907157898,-0.7257040143013,-1.0039883852005005,-0.6868561506271362,-1.918333888053894,-0.7384240627288818,-1.3551583290100098,-0.7518318295478821,0.23958580195903778,0.019468938931822777,0.0988636165857315,0.032917849719524384,0.316470205783844,0.052072349935770035,0.015661533921957016,0.019106479361653328,0.12551425397396088,0.0803389847278595
34,IRN,Iran,2021,0.32263654470443726,-0.43274617195129395,4.79707145690918,5,-1.425826907157898,-0.7257040143013,-1.0039883852005005,-0.6868561506271362,-1.918333888053894,-0.7384240627288818,-1.3551583290100098,-0.7518318295478821,0.23958580195903778,0.019468938931822777,0.0988636165857315,0.032917849719524384,0.316470205783844,0.052072349935770035,0.015661533921957016,0.019106479361653328,0.12551425397396088,0.0803389847278595
34,IRN,Iran,2022,0.009564151056110859,-0.41852903366088867,4.79707145690918,5,-1.425826907157898,-0.7257040143013,-1.0039883852005005,-0.6868561506271362,-1.918333888053894,-0.7384240627288818,-1.3551583290100098,-0.7518318295478821,0.23958580195903778,0.019468938931822777,0.0988636165857315,0.032917849719524384,0.316470205783844,0.052072349935770035,0.015661533921957016,0.019106479361653328,0.12551425397396088,0.0803389847278595
34,IRN,Iran,2023,-0.9724723696708679,-0.40420424938201904,4.79707145690918,5,-1.425826907157898,-0.7257040143013,-1.0039883852005005,-0.6868561506271362,-1.918333888053894,-0.7384240627288818,-1.3551583290100098,-0.7518318295478821,0.23958580195903778,0.019468938931822777,0.0988636165857315,0.032917849719524384,0.316470205783844,0.052072349935770035,0.015661533921957016,0.019106479361653328,0.12551425397396088,0.0803389847278595
35,IRQ,Iraq,2018,1.4125878810882568,-0.8393964171409607,4.815275192260742,5,-2.0568058490753174,-0.9586530327796936,-2.0972113609313965,-0.9073351621627808,-2.079011917114258,-0.9754562377929688,-1.9941946268081665,-0.9931678175926208,0.23296597599983215,0.019387628883123398,0.100263312458992,0.03217402845621109,0.32390403747558594,0.0521857924759388,0.015385548584163189,0.020029887557029724,0.12356355041265488,0.08014032989740372
35,IRQ,Iraq,2019,1.0280742645263672,-0.5030560493469238,4.815275192260742,5,-2.0568058490753174,-0.9586530327796936,-2.0972113609313965,-0.9073351621627808,-2.079011917114258,-0.9754562377929688,-1.9941946268081665,-0.9931678175926208,0.23296597599983215,0.019387628883123398,0.100263312458992,0.03217402845621109,0.32390403747558594,0.0521857924759388,0.015385548584163189,0.020029887557029724,0.12356355041265488,0.08014032989740372
35,IRQ,Iraq,2020,1.1829884052276611,-0.3776283860206604,4.815275192260742,5,-2.0568058490753174,-0.9586530327796936,-2.0972113609313965,-0.9073351621627808,-2.079011917114258,-0.9754562377929688,-1.9941946268081665,-0.9931678175926208,0.23296597599983215,0.019387628883123398,0.100263312458992,0.03217402845621109,0.32390403747558594,0.0521857924759388,0.015385548584163189,0.020029887557029724,0.12356355041265488,0.08014032989740372
35,IRQ,Iraq,2021,1.2868479490280151,-0.3521556854248047,4.815275192260742,5,-2.0568058490753174,-0.9586530327796936,-2.0972113609313965,-0.9073351621627808,-2.079011917114258,-0.9754562377929688,-1.9941946268081665,-0.9931678175926208,0.23296597599983215,0.019387628883123398,0.100263312458992,0.03217402845621109,0.32390403747558594,0.0521857924759388,0.015385548584163189,0.020029887557029724,0.12356355041265488,0.08014032989740372
35,IRQ,Iraq,2022,1.606886863708496,-0.4129258394241333,4.815275192260742,5,-2.0568058490753174,-0.9586530327796936,-2.0972113609313965,-0.9073351621627808,-2.079011917114258,-0.9754562377929688,-1.9941946268081665,-0.9931678175926208,0.23296597599983215,0.019387628883123398,0.100263312458992,0.03217402845621109,0.32390403747558594,0.0521857924759388,0.015385548584163189,0.020029887557029724,0.12356355041265488,0.08014032989740372
35,IRQ,Iraq,2023,1.6270170211791992,-0.4941088557243347,4.815275192260742,5,-2.0568058490753174,-0.9586530327796936,-2.0972113609313965,-0.9073351621627808,-2.079011917114258,-0.9754562377929688,-1.9941946268081665,-0.9931678175926208,0.23296597599983215,0.019387628883123398,0.100263312458992,0.03217402845621109,0.32390403747558594,0.0521857924759388,0.015385548584163189,0.020029887557029724,0.12356355041265488,0.08014032989740372
36,ISL,Iceland,2018,2.5240752696990967,0.6452910304069519,4.697179317474365,5,1.1885734796524048,0.4093632996082306,1.2342337369918823,0.38744956254959106,0.9549963474273682,0.4165385961532593,1.376490592956543,0.4241017699241638,0.27381694316864014,0.020096002146601677,0.09190066158771515,0.03706750273704529,0.2779560387134552,0.05139988660812378,0.017246063798666,0.015154127031564713,0.13456450402736664,0.08079828321933746
36,ISL,Iceland,2019,2.4789857864379883,0.5235477089881897,4.697179317474365,5,1.1885734796524048,0.4093632996082306,1.2342337369918823,0.38744956254959106,0.9549963474273682,0.4165385961532593,1.376490592956543,0.4241017699241638,0.27381694316864014,0.020096002146601677,0.09190066158771515,0.03706750273704529,0.2779560387134552,0.05139988660812378,0.017246063798666,0.015154127031564713,0.13456450402736664,0.08079828321933746
36,ISL,Iceland,2020,1.9529410600662231,0.45022642612457275,4.697179317474365,5,1.1885734796524048,0.4093632996082306,1.2342337369918823,0.38744956254959106,0.9549963474273682,0.4165385961532593,1.376490592956543,0.4241017699241638,0.27381694316864014,0.020096002146601677,0.09190066158771515,0.03706750273704529,0.2779560387134552,0.05139988660812378,0.017246063798666,0.015154127031564713,0.13456450402736664,0.08079828321933746
36,ISL,Iceland,2021,1.6373142004013062,0.41332441568374634,4.697179317474365,5,1.1885734796524048,0.4093632996082306,1.2342337369918823,0.38744956254959106,0.9549963474273682,0.4165385961532593,1.376490592956543,0.4241017699241638,0.27381694316864014,0.020096002146601677,0.09190066158771515,0.03706750273704529,0.2779560387134552,0.05139988660812378,0.017246063798666,0.015154127031564713,0.13456450402736664,0.08079828321933746
36,ISL,Iceland,2022,1.38180673122406,0.4008304476737976,4.697179317474365,5,1.1885734796524048,0.4093632996082306,1.2342337369918823,0.38744956254959106,0.9549963474273682,0.4165385961532593,1.376490592956543,0.4241017699241638,0.27381694316864014,0.020096002146601677,0.09190066158771515,0.03706750273704529,0.2779560387134552,0.05139988660812378,0.017246063798666,0.015154127031564713,0.13456450402736664,0.08079828321933746
36,ISL,Iceland,2023,2.3587470054626465,0.399633526802063,4.697179317474365,5,1.1885734796524048,0.4093632996082306,1.2342337369918823,0.38744956254959106,0.9549963474273682,0.4165385961532593,1.376490592956543,0.4241017699241638,0.27381694316864014,0.020096002146601677,0.09190066158771515,0.03706750273704529,0.2779560387134552,0.05139988660812378,0.017246063798666,0.015154127031564713,0.13456450402736664,0.08079828321933746
37,ISR,Israel,2018,-6.285995006561279,-0.9994429349899292,4.709836006164551,5,0.6414921283721924,0.277164101600647,0.9020118117332458,0.2623271644115448,0.48677289485931396,0.2820222079753876,0.5356917977333069,0.28714296221733093,0.26967814564704895,0.02000216580927372,0.09271866083145142,0.03653967007994652,0.28259605169296265,0.05149227753281593,0.0170386154204607,0.015569772571325302,0.1335700899362564,0.08079454302787781
37,ISR,Israel,2019,-6.490711212158203,-1.1656107902526855,4.709836006164551,5,0.6414921283721924,0.277164101600647,0.9020118117332458,0.2623271644115448,0.48677289485931396,0.2820222079753876,0.5356917977333069,0.28714296221733093,0.26967814564704895,0.02000216580927372,0.09271866083145142,0.03653967007994652,0.28259605169296265,0.05149227753281593,0.0170386154204607,0.015569772571325302,0.1335700899362564,0.08079454302787781
37,ISR,Israel,2020,-7.341547966003418,-1.2561745643615723,4.709836006164551,5,0.6414921283721924,0.277164101600647,0.9020118117332458,0.2623271644115448,0.48677289485931396,0.2820222079753876,0.5356917977333069,0.28714296221733093,0.26967814564704895,0.02000216580927372,0.09271866083145142,0.03653967007994652,0.28259605169296265,0.05149227753281593,0.0170386154204607,0.015569772571325302,0.1335700899362564,0.08079454302787781
37,ISR,Israel,2021,-8.057387351989746,-1.308152437210083,4.709836006164551,5,0.6414921283721924,0.277164101600647,0.9020118117332458,0.2623271644115448,0.48677289485931396,0.2820222079753876,0.5356917977333069,0.28714296221733093,0.26967814564704895,0.02000216580927372,0.09271866083145142,0.03653967007994652,0.28259605169296265,0.05149227753281593,0.0170386154204607,0.015569772571325302,0.1335700899362564,0.08079454302787781
37,ISR,Israel,2022,-8.405094146728516,-1.3391973972320557,4.709836006164551,5,0.6414921283721924,0.277164101600647,0.9020118117332458,0.2623271644115448,0.48677289485931396,0.2820222079753876,0.5356917977333069,0.28714296221733093,0.26967814564704895,0.02000216580927372,0.09271866083145142,0.03653967007994652,0.28259605169296265,0.05149227753281593,0.0170386154204607,0.015569772571325302,0.1335700899362564,0.08079454302787781
37,ISR,Israel,2023,-9.675131797790527,-1.352534532546997,4.709836006164551,5,0.6414921283721924,0.277164101600647,0.9020118117332458,0.2623271644115448,0.48677289485931396,0.2820222079753876,0.5356917977333069,0.28714296221733093,0.26967814564704895,0.02000216580927372,0.09271866083145142,0.03653967007994652,0.28259605169296265,0.05149227753281593,0.0170386154204607,0.015569772571325302,0.1335700899362564,0.08079454302787781
38,ITA,Italy,2018,-5.143430233001709,-0.46116214990615845,4.621416091918945,1,0.23468120396137238,1.1528927087783813,0.07437334209680557,1.091176986694336,0.34910762310028076,1.1731005907058716,0.28056269884109497,1.1944009065628052,0.29754018783569336,0.020732901990413666,0.08729768544435501,0.040260642766952515,0.2515130043029785,0.05081569030880928,0.018534522503614426,0.013027222827076912,0.13972532749176025,0.08055274188518524
38,ITA,Italy,2019,-5.74995231628418,-0.8240852952003479,4.621416091918945,1,0.23468120396137238,1.1528927087783813,0.07437334209680557,1.091176986694336,0.34910762310028076,1.1731005907058716,0.28056269884109497,1.1944009065628052,0.29754018783569336,0.020732901990413666,0.08729768544435501,0.040260642766952515,0.2515130043029785,0.05081569030880928,0.018534522503614426,0.013027222827076912,0.13972532749176025,0.08055274188518524
38,ITA,Italy,2020,-6.417283058166504,-1.1255085468292236,4.621416091918945,1,0.23468120396137238,1.1528927087783813,0.07437334209680557,1.091176986694336,0.34910762310028076,1.1731005907058716,0.28056269884109497,1.1944009065628052,0.29754018783569336,0.020732901990413666,0.08729768544435501,0.040260642766952515,0.2515130043029785,0.05081569030880928,0.018534522503614426,0.013027222827076912,0.13972532749176025,0.08055274188518524
38,ITA,Italy,2021,-6.226283073425293,-1.3265719413757324,4.621416091918945,1,0.23468120396137238,1.1528927087783813,0.07437334209680557,1.091176986694336,0.34910762310028076,1.1731005907058716,0.28056269884109497,1.1944009065628052,0.29754018783569336,0.020732901990413666,0.08729768544435501,0.040260642766952515,0.2515130043029785,0.05081569030880928,0.018534522503614426,0.013027222827076912,0.13972532749176025,0.08055274188518524
38,ITA,Italy,2022,-4.716213703155518,-1.4574220180511475,4.621416091918945,1,0.23468120396137238,1.1528927087783813,0.07437334209680557,1.091176986694336,0.34910762310028076,1.1731005907058716,0.28056269884109497,1.1944009065628052,0.29754018783569336,0.020732901990413666,0.08729768544435501,0.040260642766952515,0.2515130043029785,0.05081569030880928,0.018534522503614426,0.013027222827076912,0.13972532749176025,0.08055274188518524
38,ITA,Italy,2023,-6.842550277709961,-1.5390442609786987,4.621416091918945,1,0.23468120396137238,1.1528927087783813,0.07437334209680557,1.091176986694336,0.34910762310028076,1.1731005907058716,0.28056269884109497,1.1944009065628052,0.29754018783569336,0.020732901990413666,0.08729768544435501,0.040260642766952515,0.2515130043029785,0.05081569030880928,0.018534522503614426,0.013027222827076912,0.13972532749176025,0.08055274188518524
39,JPN,Japan,2018,3.7277371883392334,1.2245509624481201,4.675094127655029,1,0.7284886837005615,0.6338872313499451,0.8470459580421448,0.5999544262886047,0.45311596989631653,0.6449979543685913,0.8853041529655457,0.6567093133926392,0.28091302514076233,0.020268546417355537,0.09051010757684708,0.037991441786289215,0.2700177729129791,0.051234662532806396,0.017613057047128677,0.014474498108029366,0.13620464503765106,0.08077222108840942
39,JPN,Japan,2019,3.204775810241699,1.1651209592819214,4.675094127655029,1,0.7284886837005615,0.6338872313499451,0.8470459580421448,0.5999544262886047,0.45311596989631653,0.6449979543685913,0.8853041529655457,0.6567093133926392,0.28091302514076233,0.020268546417355537,0.09051010757684708,0.037991441786289215,0.2700177729129791,0.051234662532806396,0.017613057047128677,0.014474498108029366,0.13620464503765106,0.08077222108840942
39,JPN,Japan,2020,3.1749613285064697,1.0647010803222656,4.675094127655029,1,0.7284886837005615,0.6338872313499451,0.8470459580421448,0.5999544262886047,0.45311596989631653,0.6449979543685913,0.8853041529655457,0.6567093133926392,0.28091302514076233,0.020268546417355537,0.09051010757684708,0.037991441786289215,0.2700177729129791,0.051234662532806396,0.017613057047128677,0.014474498108029366,0.13620464503765106,0.08077222108840942
39,JPN,Japan,2021,2.640718698501587,0.9725541472434998,4.675094127655029,1,0.7284886837005615,0.6338872313499451,0.8470459580421448,0.5999544262886047,0.45311596989631653,0.6449979543685913,0.8853041529655457,0.6567093133926392,0.28091302514076233,0.020268546417355537,0.09051010757684708,0.037991441786289215,0.2700177729129791,0.051234662532806396,0.017613057047128677,0.014474498108029366,0.13620464503765106,0.08077222108840942
39,JPN,Japan,2022,2.846599578857422,0.9052653908729553,4.675094127655029,1,0.7284886837005615,0.6338872313499451,0.8470459580421448,0.5999544262886047,0.45311596989631653,0.6449979543685913,0.8853041529655457,0.6567093133926392,0.28091302514076233,0.020268546417355537,0.09051010757684708,0.037991441786289215,0.2700177729129791,0.051234662532806396,0.017613057047128677,0.014474498108029366,0.13620464503765106,0.08077222108840942
39,JPN,Japan,2023,1.7527316808700562,0.8589656352996826,4.675094127655029,1,0.7284886837005615,0.6338872313499451,0.8470459580421448,0.5999544262886047,0.45311596989631653,0.6449979543685913,0.8853041529655457,0.6567093133926392,0.28091302514076233,0.020268546417355537,0.09051010757684708,0.037991441786289215,0.2700177729129791,0.051234662532806396,0.017613057047128677,0.014474498108029366,0.13620464503765106,0.08077222108840942
40,KAZ,Kazakhstan,2018,1.5828030109405518,1.1687626838684082,4.81589412689209,5,-1.2722676992416382,-0.966742217540741,-1.3743125200271606,-0.9149911999702454,-1.0817227363586426,-0.9836871027946472,-1.3607680797576904,-1.001548171043396,0.23273877799510956,0.019385073333978653,0.10031165182590485,0.03214886412024498,0.324158638715744,0.0521896556019783,0.015376226976513863,0.020062677562236786,0.12349554151296616,0.08013289421796799
40,KAZ,Kazakhstan,2019,1.5101414918899536,1.3262310028076172,4.81589412689209,5,-1.2722676992416382,-0.966742217540741,-1.3743125200271606,-0.9149911999702454,-1.0817227363586426,-0.9836871027946472,-1.3607680797576904,-1.001548171043396,0.23273877799510956,0.019385073333978653,0.10031165182590485,0.03214886412024498,0.324158638715744,0.0521896556019783,0.015376226976513863,0.020062677562236786,0.12349554151296616,0.08013289421796799
40,KAZ,Kazakhstan,2020,1.363572597503662,1.4301841259002686,4.81589412689209,5,-1.2722676992416382,-0.966742217540741,-1.3743125200271606,-0.9149911999702454,-1.0817227363586426,-0.9836871027946472,-1.3607680797576904,-1.001548171043396,0.23273877799510956,0.019385073333978653,0.10031165182590485,0.03214886412024498,0.324158638715744,0.0521896556019783,0.015376226976513863,0.020062677562236786,0.12349554151296616,0.08013289421796799
40,KAZ,Kazakhstan,2021,1.2543725967407227,1.325914740562439,4.81589412689209,5,-1.2722676992416382,-0.966742217540741,-1.3743125200271606,-0.9149911999702454,-1.0817227363586426,-0.9836871027946472,-1.3607680797576904,-1.001548171043396,0.23273877799510956,0.019385073333978653,0.10031165182590485,0.03214886412024498,0.324158638715744,0.0521896556019783,0.015376226976513863,0.020062677562236786,0.12349554151296616,0.08013289421796799
40,KAZ,Kazakhstan,2022,1.1613658666610718,1.3601272106170654,4.81589412689209,5,-1.2722676992416382,-0.966742217540741,-1.3743125200271606,-0.9149911999702454,-1.0817227363586426,-0.9836871027946472,-1.3607680797576904,-1.001548171043396,0.23273877799510956,0.019385073333978653,0.10031165182590485,0.03214886412024498,0.324158638715744,0.0521896556019783,0.015376226976513863,0.020062677562236786,0.12349554151296616,0.08013289421796799
40,KAZ,Kazakhstan,2023,0.9807498455047607,1.314136266708374,4.81589412689209,5,-1.2722676992416382,-0.966742217540741,-1.3743125200271606,-0.9149911999702454,-1.0817227363586426,-0.9836871027946472,-1.3607680797576904,-1.001548171043396,0.23273877799510956,0.019385073333978653,0.10031165182590485,0.03214886412024498,0.324158638715744,0.0521896556019783,0.015376226976513863,0.020062677562236786,0.12349554151296616,0.08013289421796799
41,KOR,South Korea,2018,3.200753688812256,0.8672565221786499,4.647590637207031,1,0.34772443771362305,0.9039847254753113,0.4346860945224762,0.855593204498291,0.1522836983203888,0.9198296666145325,0.45620352029800415,0.9365311861038208,0.2895374298095703,0.020498566329479218,0.08883756399154663,0.03914910927414894,0.2604019045829773,0.05102261155843735,0.018079563975334167,0.01370011456310749,0.13808727264404297,0.08068583160638809
41,KOR,South Korea,2019,1.7671101093292236,0.8570179343223572,4.647590637207031,1,0.34772443771362305,0.9039847254753113,0.4346860945224762,0.855593204498291,0.1522836983203888,0.9198296666145325,0.45620352029800415,0.9365311861038208,0.2895374298095703,0.020498566329479218,0.08883756399154663,0.03914910927414894,0.2604019045829773,0.05102261155843735,0.018079563975334167,0.01370011456310749,0.13808727264404297,0.08068583160638809
41,KOR,South Korea,2020,-0.8152863383293152,0.7920634746551514,4.647590637207031,1,0.34772443771362305,0.9039847254753113,0.4346860945224762,0.855593204498291,0.1522836983203888,0.9198296666145325,0.45620352029800415,0.9365311861038208,0.2895374298095703,0.020498566329479218,0.08883756399154663,0.03914910927414894,0.2604019045829773,0.05102261155843735,0.018079563975334167,0.01370011456310749,0.13808727264404297,0.08068583160638809
41,KOR,South Korea,2021,-0.6951596140861511,0.7468191981315613,4.647590637207031,1,0.34772443771362305,0.9039847254753113,0.4346860945224762,0.855593204498291,0.1522836983203888,0.9198296666145325,0.45620352029800415,0.9365311861038208,0.2895374298095703,0.020498566329479218,0.08883756399154663,0.03914910927414894,0.2604019045829773,0.05102261155843735,0.018079563975334167,0.01370011456310749,0.13808727264404297,0.08068583160638809
41,KOR,South Korea,2022,-2.0999202728271484,0.7151594758033752,4.647590637207031,1,0.34772443771362305,0.9039847254753113,0.4346860945224762,0.855593204498291,0.1522836983203888,0.9198296666145325,0.45620352029800415,0.9365311861038208,0.2895374298095703,0.020498566329479218,0.08883756399154663,0.03914910927414894,0.2604019045829773,0.05102261155843735,0.018079563975334167,0.01370011456310749,0.13808727264404297,0.08068583160638809
41,KOR,South Korea,2023,-2.8068954944610596,0.6931812763214111,4.647590637207031,1,0.34772443771362305,0.9039847254753113,0.4346860945224762,0.855593204498291,0.1522836983203888,0.9198296666145325,0.45620352029800415,0.9365311861038208,0.2895374298095703,0.020498566329479218,0.08883756399154663,0.03914910927414894,0.2604019045829773,0.05102261155843735,0.018079563975334167,0.01370011456310749,0.13808727264404297,0.08068583160638809
42,KWT,Kuwait,2018,-6.3546881675720215,0.02592712640762329,4.690587997436523,1,-0.23261572420597076,0.47716066241264343,-0.458217591047287,0.45161759853363037,-0.3800378143787384,0.4855242669582367,0.1404082179069519,0.49434003233909607,0.27595141530036926,0.020146341994404793,0.09148088097572327,0.03734282776713371,0.2755659520626068,0.051351092755794525,0.017354918643832207,0.014945430681109428,0.1350664645433426,0.08079475164413452
42,KWT,Kuwait,2019,-7.2538886070251465,-0.40737563371658325,4.690587997436523,1,-0.23261572420597076,0.47716066241264343,-0.458217591047287,0.45161759853363037,-0.3800378143787384,0.4855242669582367,0.1404082179069519,0.49434003233909607,0.27595141530036926,0.020146341994404793,0.09148088097572327,0.03734282776713371,0.2755659520626068,0.051351092755794525,0.017354918643832207,0.014945430681109428,0.1350664645433426,0.08079475164413452
42,KWT,Kuwait,2020,-6.158499240875244,-0.7489495873451233,4.690587997436523,1,-0.23261572420597076,0.47716066241264343,-0.458217591047287,0.45161759853363037,-0.3800378143787384,0.4855242669582367,0.1404082179069519,0.49434003233909607,0.27595141530036926,0.020146341994404793,0.09148088097572327,0.03734282776713371,0.2755659520626068,0.051351092755794525,0.017354918643832207,0.014945430681109428,0.1350664645433426,0.08079475164413452
42,KWT,Kuwait,2021,-7.0740485191345215,-0.997511625289917,4.690587997436523,1,-0.23261572420597076,0.47716066241264343,-0.458217591047287,0.45161759853363037,-0.3800378143787384,0.4855242669582367,0.1404082179069519,0.49434003233909607,0.27595141530036926,0.020146341994404793,0.09148088097572327,0.03734282776713371,0.2755659520626068,0.051351092755794525,0.017354918643832207,0.014945430681109428,0.1350664645433426,0.08079475164413452
42,KWT,Kuwait,2022,-27.902793884277344,-1.1684157848358154,4.690587997436523,1,-0.23261572420597076,0.47716066241264343,-0.458217591047287,0.45161759853363037,-0.3800378143787384,0.4855242669582367,0.1404082179069519,0.49434003233909607,0.27595141530036926,0.020146341994404793,0.09148088097572327,0.03734282776713371,0.2755659520626068,0.051351092755794525,0.017354918643832207,0.014945430681109428,0.1350664645433426,0.08079475164413452
42,KWT,Kuwait,2023,-27.870094299316406,-1.2842028141021729,4.690587997436523,1,-0.23261572420597076,0.47716066241264343,-0.458217591047287,0.45161759853363037,-0.3800378143787384,0.4855242669582367,0.1404082179069519,0.49434003233909607,0.27595141530036926,0.020146341994404793,0.09148088097572327,0.03734282776713371,0.2755659520626068,0.051351092755794525,0.017354918643832207,0.014945430681109428,0.1350664645433426,0.08079475164413452
43,LKA,Sri Lanka,2018,2.3601856231689453,-0.23386938869953156,4.778459548950195,5,-0.550111711025238,-0.49630141258239746,-0.720518171787262,-0.4697337746620178,-0.5627866387367249,-0.5050005316734314,-0.36703041195869446,-0.5141699314117432,0.24624189734458923,0.01956416666507721,0.09747196733951569,0.03368702530860901,0.3089730441570282,0.05195634067058563,0.01594780944287777,0.018236130475997925,0.12741714715957642,0.0805044025182724
43,LKA,Sri Lanka,2019,4.711722373962402,0.16250251233577728,4.778459548950195,5,-0.550111711025238,-0.49630141258239746,-0.720518171787262,-0.4697337746620178,-0.5627866387367249,-0.5050005316734314,-0.36703041195869446,-0.5141699314117432,0.24624189734458923,0.01956416666507721,0.09747196733951569,0.03368702530860901,0.3089730441570282,0.05195634067058563,0.01594780944287777,0.018236130475997925,0.12741714715957642,0.0805044025182724
43,LKA,Sri Lanka,2020,4.523720741271973,0.2862272262573242,4.778459548950195,5,-0.550111711025238,-0.49630141258239746,-0.720518171787262,-0.4697337746620178,-0.5627866387367249,-0.5050005316734314,-0.36703041195869446,-0.5141699314117432,0.24624189734458923,0.01956416666507721,0.09747196733951569,0.03368702530860901,0.3089730441570282,0.05195634067058563,0.01594780944287777,0.018236130475997925,0.12741714715957642,0.0805044025182724
43,LKA,Sri Lanka,2021,1.3256715536117554,0.22833220660686493,4.778459548950195,5,-0.550111711025238,-0.49630141258239746,-0.720518171787262,-0.4697337746620178,-0.5627866387367249,-0.5050005316734314,-0.36703041195869446,-0.5141699314117432,0.24624189734458923,0.01956416666507721,0.09747196733951569,0.03368702530860901,0.3089730441570282,0.05195634067058563,0.01594780944287777,0.018236130475997925,0.12741714715957642,0.0805044025182724
43,LKA,Sri Lanka,2022,4.413687705993652,0.271328866481781,4.778459548950195,5,-0.550111711025238,-0.49630141258239746,-0.720518171787262,-0.4697337746620178,-0.5627866387367249,-0.5050005316734314,-0.36703041195869446,-0.5141699314117432,0.24624189734458923,0.01956416666507721,0.09747196733951569,0.03368702530860901,0.3089730441570282,0.05195634067058563,0.01594780944287777,0.018236130475997925,0.12741714715957642,0.0805044025182724
43,LKA,Sri Lanka,2023,4.413687705993652,0.378787100315094,4.778459548950195,5,-0.550111711025238,-0.49630141258239746,-0.720518171787262,-0.4697337746620178,-0.5627866387367249,-0.5050005316734314,-0.36703041195869446,-0.5141699314117432,0.24624189734458923,0.01956416666507721,0.09747196733951569,0.03368702530860901,0.3089730441570282,0.05195634067058563,0.01594780944287777,0.018236130475997925,0.12741714715957642,0.0805044025182724
44,LTU,Lithuania,2018,0.5927717685699463,0.28821104764938354,4.634409427642822,1,0.11791292577981949,1.0302298069000244,-0.0774189680814743,0.9750802516937256,0.3881412148475647,1.0482875108718872,0.043016545474529266,1.067321538925171,0.2935917377471924,0.020614704117178917,0.08805624395608902,0.03970751911401749,0.2558944821357727,0.05091896280646324,0.018307270482182503,0.01335400901734829,0.1389303207397461,0.08062474429607391
44,LTU,Lithuania,2019,0.5042790174484253,0.47576552629470825,4.634409427642822,1,0.11791292577981949,1.0302298069000244,-0.0774189680814743,0.9750802516937256,0.3881412148475647,1.0482875108718872,0.043016545474529266,1.067321538925171,0.2935917377471924,0.020614704117178917,0.08805624395608902,0.03970751911401749,0.2558944821357727,0.05091896280646324,0.018307270482182503,0.01335400901734829,0.1389303207397461,0.08062474429607391
44,LTU,Lithuania,2020,1.2348809242248535,0.5482316017150879,4.634409427642822,1,0.11791292577981949,1.0302298069000244,-0.0774189680814743,0.9750802516937256,0.3881412148475647,1.0482875108718872,0.043016545474529266,1.067321538925171,0.2935917377471924,0.020614704117178917,0.08805624395608902,0.03970751911401749,0.2558944821357727,0.05091896280646324,0.018307270482182503,0.01335400901734829,0.1389303207397461,0.08062474429607391
44,LTU,Lithuania,2021,1.103811502456665,0.5804691910743713,4.634409427642822,1,0.11791292577981949,1.0302298069000244,-0.0774189680814743,0.9750802516937256,0.3881412148475647,1.0482875108718872,0.043016545474529266,1.067321538925171,0.2935917377471924,0.020614704117178917,0.08805624395608902,0.03970751911401749,0.2558944821357727,0.05091896280646324,0.018307270482182503,0.01335400901734829,0.1389303207397461,0.08062474429607391
44,LTU,Lithuania,2022,0.6238992810249329,0.5992429256439209,4.634409427642822,1,0.11791292577981949,1.0302298069000244,-0.0774189680814743,0.9750802516937256,0.3881412148475647,1.0482875108718872,0.043016545474529266,1.067321538925171,0.2935917377471924,0.020614704117178917,0.08805624395608902,0.03970751911401749,0.2558944821357727,0.05091896280646324,0.018307270482182503,0.01335400901734829,0.1389303207397461,0.08062474429607391
44,LTU,Lithuania,2023,-0.08893253654241562,0.6068010926246643,4.634409427642822,1,0.11791292577981949,1.0302298069000244,-0.0774189680814743,0.9750802516937256,0.3881412148475647,1.0482875108718872,0.043016545474529266,1.067321538925171,0.2935917377471924,0.020614704117178917,0.08805624395608902,0.03970751911401749,0.2558944821357727,0.05091896280646324,0.018307270482182503,0.01335400901734829,0.1389303207397461,0.08062474429607391
45,LUX,Luxembourg,2018,-2.6616039276123047,-0.18625780940055847,4.720848560333252,5,1.3627294301986694,0.15983158349990845,1.4299343824386597,0.15127559006214142,1.3163741827011108,0.16263310611248016,1.3418793678283691,0.16558606922626495,0.26603278517723083,0.01992364041507244,0.09344382584095001,0.03608120232820511,0.28668832778930664,0.05157115310430527,0.01685977354645729,0.015948385000228882,0.1326713114976883,0.08077961951494217
45,LUX,Luxembourg,2019,-3.0985145568847656,-0.4193829298019409,4.720848560333252,5,1.3627294301986694,0.15983158349990845,1.4299343824386597,0.15127559006214142,1.3163741827011108,0.16263310611248016,1.3418793678283691,0.16558606922626495,0.26603278517723083,0.01992364041507244,0.09344382584095001,0.03608120232820511,0.28668832778930664,0.05157115310430527,0.01685977354645729,0.015948385000228882,0.1326713114976883,0.08077961951494217
45,LUX,Luxembourg,2020,-3.1957318782806396,-0.5599802136421204,4.720848560333252,5,1.3627294301986694,0.15983158349990845,1.4299343824386597,0.15127559006214142,1.3163741827011108,0.16263310611248016,1.3418793678283691,0.16558606922626495,0.26603278517723083,0.01992364041507244,0.09344382584095001,0.03608120232820511,0.28668832778930664,0.05157115310430527,0.01685977354645729,0.015948385000228882,0.1326713114976883,0.08077961951494217
45,LUX,Luxembourg,2021,-3.2258713245391846,-0.6400933861732483,4.720848560333252,5,1.3627294301986694,0.15983158349990845,1.4299343824386597,0.15127559006214142,1.3163741827011108,0.16263310611248016,1.3418793678283691,0.16558606922626495,0.26603278517723083,0.01992364041507244,0.09344382584095001,0.03608120232820511,0.28668832778930664,0.05157115310430527,0.01685977354645729,0.015948385000228882,0.1326713114976883,0.08077961951494217
45,LUX,Luxembourg,2022,-3.72668719291687,-0.6812098622322083,4.720848560333252,5,1.3627294301986694,0.15983158349990845,1.4299343824386597,0.15127559006214142,1.3163741827011108,0.16263310611248016,1.3418793678283691,0.16558606922626495,0.26603278517723083,0.01992364041507244,0.09344382584095001,0.03608120232820511,0.28668832778930664,0.05157115310430527,0.01685977354645729,0.015948385000228882,0.1326713114976883,0.08077961951494217
45,LUX,Luxembourg,2023,-4.158839225769043,-0.6995399594306946,4.720848560333252,5,1.3627294301986694,0.15983158349990845,1.4299343824386597,0.15127559006214142,1.3163741827011108,0.16263310611248016,1.3418793678283691,0.16558606922626495,0.26603278517723083,0.01992364041507244,0.09344382584095001,0.03608120232820511,0.28668832778930664,0.05157115310430527,0.01685977354645729,0.015948385000228882,0.1326713114976883,0.08077961951494217
46,LVA,Latvia,2018,2.136277437210083,0.039099887013435364,4.631107330322266,1,0.05672547221183777,1.0615668296813965,-0.19147229194641113,1.0047398805618286,0.368137001991272,1.0801739692687988,-0.006488294806331396,1.0997868776321411,0.2945997714996338,0.020644400268793106,0.08786237239837646,0.03984785079956055,0.25477516651153564,0.050892818719148636,0.018364766612648964,0.01326963771134615,0.13913574814796448,0.08060754090547562
46,LVA,Latvia,2019,2.451484441757202,0.04341684281826019,4.631107330322266,1,0.05672547221183777,1.0615668296813965,-0.19147229194641113,1.0047398805618286,0.368137001991272,1.0801739692687988,-0.006488294806331396,1.0997868776321411,0.2945997714996338,0.020644400268793106,0.08786237239837646,0.03984785079956055,0.25477516651153564,0.050892818719148636,0.018364766612648964,0.01326963771134615,0.13913574814796448,0.08060754090547562
46,LVA,Latvia,2020,0.5582294464111328,0.10449810326099396,4.631107330322266,1,0.05672547221183777,1.0615668296813965,-0.19147229194641113,1.0047398805618286,0.368137001991272,1.0801739692687988,-0.006488294806331396,1.0997868776321411,0.2945997714996338,0.020644400268793106,0.08786237239837646,0.03984785079956055,0.25477516651153564,0.050892818719148636,0.018364766612648964,0.01326963771134615,0.13913574814796448,0.08060754090547562
46,LVA,Latvia,2021,0.538101315498352,-0.15315856039524078,4.631107330322266,1,0.05672547221183777,1.0615668296813965,-0.19147229194641113,1.0047398805618286,0.368137001991272,1.0801739692687988,-0.006488294806331396,1.0997868776321411,0.2945997714996338,0.020644400268793106,0.08786237239837646,0.03984785079956055,0.25477516651153564,0.050892818719148636,0.018364766612648964,0.01326963771134615,0.13913574814796448,0.08060754090547562
46,LVA,Latvia,2022,-1.1075773239135742,-0.21688471734523773,4.631107330322266,1,0.05672547221183777,1.0615668296813965,-0.19147229194641113,1.0047398805618286,0.368137001991272,1.0801739692687988,-0.006488294806331396,1.0997868776321411,0.2945997714996338,0.020644400268793106,0.08786237239837646,0.03984785079956055,0.25477516651153564,0.050892818719148636,0.018364766612648964,0.01326963771134615,0.13913574814796448,0.08060754090547562
46,LVA,Latvia,2023,-1.7468478679656982,-0.19368301331996918,4.631107330322266,1,0.05672547221183777,1.0615668296813965,-0.19147229194641113,1.0047398805618286,0.368137001991272,1.0801739692687988,-0.006488294806331396,1.0997868776321411,0.2945997714996338,0.020644400268793106,0.08786237239837646,0.03984785079956055,0.25477516651153564,0.050892818719148636,0.018364766612648964,0.01326963771134615,0.13913574814796448,0.08060754090547562
47,MAR,Morocco,2018,-2.0527760982513428,-1.5726947784423828,4.781984806060791,5,-0.5677001476287842,-0.5391176342964172,-0.5921026468276978,-0.5102580189704895,-0.603592574596405,-0.5485672950744629,-0.5074053406715393,-0.5585277676582336,0.24498984217643738,0.019545238465070724,0.09773262590169907,0.03354065865278244,0.31038472056388855,0.05197833105921745,0.01589326746761799,0.01839565485715866,0.12706369161605835,0.08047589659690857
47,MAR,Morocco,2019,-1.840488076210022,-1.3099770545959473,4.781984806060791,5,-0.5677001476287842,-0.5391176342964172,-0.5921026468276978,-0.5102580189704895,-0.603592574596405,-0.5485672950744629,-0.5074053406715393,-0.5585277676582336,0.24498984217643738,0.019545238465070724,0.09773262590169907,0.03354065865278244,0.31038472056388855,0.05197833105921745,0.01589326746761799,0.01839565485715866,0.12706369161605835,0.08047589659690857
47,MAR,Morocco,2020,-1.5523828268051147,-1.2438929080963135,4.781984806060791,5,-0.5677001476287842,-0.5391176342964172,-0.5921026468276978,-0.5102580189704895,-0.603592574596405,-0.5485672950744629,-0.5074053406715393,-0.5585277676582336,0.24498984217643738,0.019545238465070724,0.09773262590169907,0.03354065865278244,0.31038472056388855,0.05197833105921745,0.01589326746761799,0.01839565485715866,0.12706369161605835,0.08047589659690857
47,MAR,Morocco,2021,-1.670159101486206,-1.2441301345825195,4.781984806060791,5,-0.5677001476287842,-0.5391176342964172,-0.5921026468276978,-0.5102580189704895,-0.603592574596405,-0.5485672950744629,-0.5074053406715393,-0.5585277676582336,0.24498984217643738,0.019545238465070724,0.09773262590169907,0.03354065865278244,0.31038472056388855,0.05197833105921745,0.01589326746761799,0.01839565485715866,0.12706369161605835,0.08047589659690857
47,MAR,Morocco,2022,-1.1988462209701538,-1.2593563795089722,4.781984806060791,5,-0.5677001476287842,-0.5391176342964172,-0.5921026468276978,-0.5102580189704895,-0.603592574596405,-0.5485672950744629,-0.5074053406715393,-0.5585277676582336,0.24498984217643738,0.019545238465070724,0.09773262590169907,0.03354065865278244,0.31038472056388855,0.05197833105921745,0.01589326746761799,0.01839565485715866,0.12706369161605835,0.08047589659690857
47,MAR,Morocco,2023,-2.160374164581299,-1.2688689231872559,4.781984806060791,5,-0.5677001476287842,-0.5391176342964172,-0.5921026468276978,-0.5102580189704895,-0.603592574596405,-0.5485672950744629,-0.5074053406715393,-0.5585277676582336,0.24498984217643738,0.019545238465070724,0.09773262590169907,0.03354065865278244,0.31038472056388855,0.05197833105921745,0.01589326746761799,0.01839565485715866,0.12706369161605835,0.08047589659690857
48,MEX,Mexico,2018,-1.2096426486968994,0.1227041631937027,4.775312900543213,5,-0.4911726713180542,-0.4583449065685272,-0.5113726854324341,-0.4338091015815735,-0.13761571049690247,-0.46637871861457825,-0.8245296478271484,-0.47484686970710754,0.2473558485507965,0.01958138681948185,0.0972406268119812,0.03381781280040741,0.30771684646606445,0.05193665623664856,0.015996620059013367,0.018095826730132103,0.1277296394109726,0.08052873611450195
48,MEX,Mexico,2019,-1.0846872329711914,0.1521466225385666,4.775312900543213,5,-0.4911726713180542,-0.4583449065685272,-0.5113726854324341,-0.4338091015815735,-0.13761571049690247,-0.46637871861457825,-0.8245296478271484,-0.47484686970710754,0.2473558485507965,0.01958138681948185,0.0972406268119812,0.03381781280040741,0.30771684646606445,0.05193665623664856,0.015996620059013367,0.018095826730132103,0.1277296394109726,0.08052873611450195
48,MEX,Mexico,2020,-3.962113618850708,0.15569810569286346,4.775312900543213,5,-0.4911726713180542,-0.4583449065685272,-0.5113726854324341,-0.4338091015815735,-0.13761571049690247,-0.46637871861457825,-0.8245296478271484,-0.47484686970710754,0.2473558485507965,0.01958138681948185,0.0972406268119812,0.03381781280040741,0.30771684646606445,0.05193665623664856,0.015996620059013367,0.018095826730132103,0.1277296394109726,0.08052873611450195
48,MEX,Mexico,2021,-5.881318092346191,0.16637937724590302,4.775312900543213,5,-0.4911726713180542,-0.4583449065685272,-0.5113726854324341,-0.4338091015815735,-0.13761571049690247,-0.46637871861457825,-0.8245296478271484,-0.47484686970710754,0.2473558485507965,0.01958138681948185,0.0972406268119812,0.03381781280040741,0.30771684646606445,0.05193665623664856,0.015996620059013367,0.018095826730132103,0.1277296394109726,0.08052873611450195
48,MEX,Mexico,2022,-5.320054531097412,0.1232965737581253,4.775312900543213,5,-0.4911726713180542,-0.4583449065685272,-0.5113726854324341,-0.4338091015815735,-0.13761571049690247,-0.46637871861457825,-0.8245296478271484,-0.47484686970710754,0.2473558485507965,0.01958138681948185,0.0972406268119812,0.03381781280040741,0.30771684646606445,0.05193665623664856,0.015996620059013367,0.018095826730132103,0.1277296394109726,0.08052873611450195
48,MEX,Mexico,2023,-3.6169328689575195,-0.022953972220420837,4.775312900543213,5,-0.4911726713180542,-0.4583449065685272,-0.5113726854324341,-0.4338091015815735,-0.13761571049690247,-0.46637871861457825,-0.8245296478271484,-0.47484686970710754,0.2473558485507965,0.01958138681948185,0.0972406268119812,0.03381781280040741,0.30771684646606445,0.05193665623664856,0.015996620059013367,0.018095826730132103,0.1277296394109726,0.08052873611450195
49,MKD,North Macedonia,2018,-4.225182056427002,-1.322563648223877,4.806412696838379,5,-0.8401430249214172,-0.8441111445426941,-0.9831662178039551,-0.7989247441291809,-0.6911687254905701,-0.8589065670967102,-0.8460942506790161,-0.8745019435882568,0.236202672123909,0.01942569762468338,0.09957686811685562,0.0325351320207119,0.3202725350856781,0.05213054269552231,0.01551942341029644,0.019570838660001755,0.1245245635509491,0.08024174720048904
49,MKD,North Macedonia,2019,-2.3085620403289795,-1.0103206634521484,4.806412696838379,5,-0.8401430249214172,-0.8441111445426941,-0.9831662178039551,-0.7989247441291809,-0.6911687254905701,-0.8589065670967102,-0.8460942506790161,-0.8745019435882568,0.236202672123909,0.01942569762468338,0.09957686811685562,0.0325351320207119,0.3202725350856781,0.05213054269552231,0.01551942341029644,0.019570838660001755,0.1245245635509491,0.08024174720048904
49,MKD,North Macedonia,2020,-3.7089016437530518,-0.8297812342643738,4.806412696838379,5,-0.8401430249214172,-0.8441111445426941,-0.9831662178039551,-0.7989247441291809,-0.6911687254905701,-0.8589065670967102,-0.8460942506790161,-0.8745019435882568,0.236202672123909,0.01942569762468338,0.09957686811685562,0.0325351320207119,0.3202725350856781,0.05213054269552231,0.01551942341029644,0.019570838660001755,0.1245245635509491,0.08024174720048904
49,MKD,North Macedonia,2021,-4.82833194732666,-0.7506410479545593,4.806412696838379,5,-0.8401430249214172,-0.8441111445426941,-0.9831662178039551,-0.7989247441291809,-0.6911687254905701,-0.8589065670967102,-0.8460942506790161,-0.8745019435882568,0.236202672123909,0.01942569762468338,0.09957686811685562,0.0325351320207119,0.3202725350856781,0.05213054269552231,0.01551942341029644,0.019570838660001755,0.1245245635509491,0.08024174720048904
49,MKD,North Macedonia,2022,-3.69097900390625,-0.7061081528663635,4.806412696838379,5,-0.8401430249214172,-0.8441111445426941,-0.9831662178039551,-0.7989247441291809,-0.6911687254905701,-0.8589065670967102,-0.8460942506790161,-0.8745019435882568,0.236202672123909,0.01942569762468338,0.09957686811685562,0.0325351320207119,0.3202725350856781,0.05213054269552231,0.01551942341029644,0.019570838660001755,0.1245245635509491,0.08024174720048904
49,MKD,North Macedonia,2023,-4.7387189865112305,-0.7250446677207947,4.806412696838379,5,-0.8401430249214172,-0.8441111445426941,-0.9831662178039551,-0.7989247441291809,-0.6911687254905701,-0.8589065670967102,-0.8460942506790161,-0.8745019435882568,0.236202672123909,0.01942569762468338,0.09957686811685562,0.0325351320207119,0.3202725350856781,0.05213054269552231,0.01551942341029644,0.019570838660001755,0.1245245635509491,0.08024174720048904
50,MYS,Malaysia,2018,0.02772342786192894,0.5715723037719727,4.718868732452393,5,0.11615476757287979,0.18108971416950226,0.3967877924442291,0.17139574885368347,0.08836042881011963,0.18426384031772614,-0.1366838961839676,0.18760955333709717,0.2666911780834198,0.019937539473176003,0.09331252425909042,0.0361635684967041,0.28594884276390076,0.05155708268284798,0.016891805455088615,0.015879109501838684,0.1328352391719818,0.08078312873840332
50,MYS,Malaysia,2019,-0.08382336795330048,0.6913071870803833,4.718868732452393,5,0.11615476757287979,0.18108971416950226,0.3967877924442291,0.17139574885368347,0.08836042881011963,0.18426384031772614,-0.1366838961839676,0.18760955333709717,0.2666911780834198,0.019937539473176003,0.09331252425909042,0.0361635684967041,0.28594884276390076,0.05155708268284798,0.016891805455088615,0.015879109501838684,0.1328352391719818,0.08078312873840332
50,MYS,Malaysia,2020,0.11602042615413666,0.6114172339439392,4.718868732452393,5,0.11615476757287979,0.18108971416950226,0.3967877924442291,0.17139574885368347,0.08836042881011963,0.18426384031772614,-0.1366838961839676,0.18760955333709717,0.2666911780834198,0.019937539473176003,0.09331252425909042,0.0361635684967041,0.28594884276390076,0.05155708268284798,0.016891805455088615,0.015879109501838684,0.1328352391719818,0.08078312873840332
50,MYS,Malaysia,2021,-0.4654858112335205,0.509416401386261,4.718868732452393,5,0.11615476757287979,0.18108971416950226,0.3967877924442291,0.17139574885368347,0.08836042881011963,0.18426384031772614,-0.1366838961839676,0.18760955333709717,0.2666911780834198,0.019937539473176003,0.09331252425909042,0.0361635684967041,0.28594884276390076,0.05155708268284798,0.016891805455088615,0.015879109501838684,0.1328352391719818,0.08078312873840332
50,MYS,Malaysia,2022,-0.6587987542152405,0.44527125358581543,4.718868732452393,5,0.11615476757287979,0.18108971416950226,0.3967877924442291,0.17139574885368347,0.08836042881011963,0.18426384031772614,-0.1366838961839676,0.18760955333709717,0.2666911780834198,0.019937539473176003,0.09331252425909042,0.0361635684967041,0.28594884276390076,0.05155708268284798,0.016891805455088615,0.015879109501838684,0.1328352391719818,0.08078312873840332
50,MYS,Malaysia,2023,-0.5584850311279297,0.4040195941925049,4.718868732452393,5,0.11615476757287979,0.18108971416950226,0.3967877924442291,0.17139574885368347,0.08836042881011963,0.18426384031772614,-0.1366838961839676,0.18760955333709717,0.2666911780834198,0.019937539473176003,0.09331252425909042,0.0361635684967041,0.28594884276390076,0.05155708268284798,0.016891805455088615,0.015879109501838684,0.1328352391719818,0.08078312873840332
51,NLD,Netherlands,2018,-2.012981653213501,-0.5615983009338379,4.722577095031738,5,1.3984497785568237,0.14120791852474213,1.432983160018921,0.13364887237548828,1.4087532758712769,0.14368300139904022,1.3536127805709839,0.14629188179969788,0.26545679569244385,0.01991158537566662,0.09355884045362473,0.036009281873703,0.2873353660106659,0.051583413034677505,0.016831833869218826,0.016009321436285973,0.13252733647823334,0.08077626675367355
51,NLD,Netherlands,2019,-4.107210636138916,-0.9522345662117004,4.722577095031738,5,1.3984497785568237,0.14120791852474213,1.432983160018921,0.13364887237548828,1.4087532758712769,0.14368300139904022,1.3536127805709839,0.14629188179969788,0.26545679569244385,0.01991158537566662,0.09355884045362473,0.036009281873703,0.2873353660106659,0.051583413034677505,0.016831833869218826,0.016009321436285973,0.13252733647823334,0.08077626675367355
51,NLD,Netherlands,2020,-6.567773342132568,-1.2380478382110596,4.722577095031738,5,1.3984497785568237,0.14120791852474213,1.432983160018921,0.13364887237548828,1.4087532758712769,0.14368300139904022,1.3536127805709839,0.14629188179969788,0.26545679569244385,0.01991158537566662,0.09355884045362473,0.036009281873703,0.2873353660106659,0.051583413034677505,0.016831833869218826,0.016009321436285973,0.13252733647823334,0.08077626675367355
51,NLD,Netherlands,2021,-6.225274562835693,-1.4274117946624756,4.722577095031738,5,1.3984497785568237,0.14120791852474213,1.432983160018921,0.13364887237548828,1.4087532758712769,0.14368300139904022,1.3536127805709839,0.14629188179969788,0.26545679569244385,0.01991158537566662,0.09355884045362473,0.036009281873703,0.2873353660106659,0.051583413034677505,0.016831833869218826,0.016009321436285973,0.13252733647823334,0.08077626675367355
51,NLD,Netherlands,2022,-7.184930801391602,-1.5482605695724487,4.722577095031738,5,1.3984497785568237,0.14120791852474213,1.432983160018921,0.13364887237548828,1.4087532758712769,0.14368300139904022,1.3536127805709839,0.14629188179969788,0.26545679569244385,0.01991158537566662,0.09355884045362473,0.036009281873703,0.2873353660106659,0.051583413034677505,0.016831833869218826,0.016009321436285973,0.13252733647823334,0.08077626675367355
51,NLD,Netherlands,2023,-9.322796821594238,-1.622936487197876,4.722577095031738,5,1.3984497785568237,0.14120791852474213,1.432983160018921,0.13364887237548828,1.4087532758712769,0.14368300139904022,1.3536127805709839,0.14629188179969788,0.26545679569244385,0.01991158537566662,0.09355884045362473,0.036009281873703,0.2873353660106659,0.051583413034677505,0.016831833869218826,0.016009321436285973,0.13252733647823334,0.08077626675367355
52,NOR,Norway,2018,0.684697687625885,1.4154040813446045,4.70254373550415,5,1.3073252439498901,0.35366371273994446,1.3803420066833496,0.3347316384315491,1.0274958610534668,0.35986271500587463,1.5141379833221436,0.36639681458473206,0.2720692455768585,0.020055772736668587,0.0922454297542572,0.03684364631772041,0.2799144983291626,0.05143927037715912,0.01715788245201111,0.01532784290611744,0.13414797186851501,0.0807984247803688
52,NOR,Norway,2019,0.7579119205474854,1.2411894798278809,4.70254373550415,5,1.3073252439498901,0.35366371273994446,1.3803420066833496,0.3347316384315491,1.0274958610534668,0.35986271500587463,1.5141379833221436,0.36639681458473206,0.2720692455768585,0.020055772736668587,0.0922454297542572,0.03684364631772041,0.2799144983291626,0.05143927037715912,0.01715788245201111,0.01532784290611744,0.13414797186851501,0.0807984247803688
52,NOR,Norway,2020,0.16256453096866608,1.1068201065063477,4.70254373550415,5,1.3073252439498901,0.35366371273994446,1.3803420066833496,0.3347316384315491,1.0274958610534668,0.35986271500587463,1.5141379833221436,0.36639681458473206,0.2720692455768585,0.020055772736668587,0.0922454297542572,0.03684364631772041,0.2799144983291626,0.05143927037715912,0.01715788245201111,0.01532784290611744,0.13414797186851501,0.0807984247803688
52,NOR,Norway,2021,-0.5059971213340759,0.9174581170082092,4.70254373550415,5,1.3073252439498901,0.35366371273994446,1.3803420066833496,0.3347316384315491,1.0274958610534668,0.35986271500587463,1.5141379833221436,0.36639681458473206,0.2720692455768585,0.020055772736668587,0.0922454297542572,0.03684364631772041,0.2799144983291626,0.05143927037715912,0.01715788245201111,0.01532784290611744,0.13414797186851501,0.0807984247803688
52,NOR,Norway,2022,0.01806272566318512,0.8382598161697388,4.70254373550415,5,1.3073252439498901,0.35366371273994446,1.3803420066833496,0.3347316384315491,1.0274958610534668,0.35986271500587463,1.5141379833221436,0.36639681458473206,0.2720692455768585,0.020055772736668587,0.0922454297542572,0.03684364631772041,0.2799144983291626,0.05143927037715912,0.01715788245201111,0.01532784290611744,0.13414797186851501,0.0807984247803688
52,NOR,Norway,2023,0.1799047440290451,0.7758119702339172,4.70254373550415,5,1.3073252439498901,0.35366371273994446,1.3803420066833496,0.3347316384315491,1.0274958610534668,0.35986271500587463,1.5141379833221436,0.36639681458473206,0.2720692455768585,0.020055772736668587,0.0922454297542572,0.03684364631772041,0.2799144983291626,0.05143927037715912,0.01715788245201111,0.01532784290611744,0.13414797186851501,0.0807984247803688
53,NZL,New Zealand,2018,-2.981884479522705,0.08553384244441986,4.715710163116455,5,1.3908849954605103,0.21485449373722076,1.414912223815918,0.20335306227207184,1.3223596811294556,0.2186204493045807,1.4353830814361572,0.22258998453617096,0.26773884892463684,0.019959911704063416,0.09310387820005417,0.036295030266046524,0.28477248549461365,0.05153452977538109,0.01694302447140217,0.01576969213783741,0.13309462368488312,0.08078796416521072
53,NZL,New Zealand,2019,-2.6216039657592773,-0.4116061329841614,4.715710163116455,5,1.3908849954605103,0.21485449373722076,1.414912223815918,0.20335306227207184,1.3223596811294556,0.2186204493045807,1.4353830814361572,0.22258998453617096,0.26773884892463684,0.019959911704063416,0.09310387820005417,0.036295030266046524,0.28477248549461365,0.05153452977538109,0.01694302447140217,0.01576969213783741,0.13309462368488312,0.08078796416521072
53,NZL,New Zealand,2020,-2.319328546524048,-0.682830274105072,4.715710163116455,5,1.3908849954605103,0.21485449373722076,1.414912223815918,0.20335306227207184,1.3223596811294556,0.2186204493045807,1.4353830814361572,0.22258998453617096,0.26773884892463684,0.019959911704063416,0.09310387820005417,0.036295030266046524,0.28477248549461365,0.05153452977538109,0.01694302447140217,0.01576969213783741,0.13309462368488312,0.08078796416521072
53,NZL,New Zealand,2021,-2.2188103199005127,-0.9251993298530579,4.715710163116455,5,1.3908849954605103,0.21485449373722076,1.414912223815918,0.20335306227207184,1.3223596811294556,0.2186204493045807,1.4353830814361572,0.22258998453617096,0.26773884892463684,0.019959911704063416,0.09310387820005417,0.036295030266046524,0.28477248549461365,0.05153452977538109,0.01694302447140217,0.01576969213783741,0.13309462368488312,0.08078796416521072
53,NZL,New Zealand,2022,-3.390082359313965,-1.025952935218811,4.715710163116455,5,1.3908849954605103,0.21485449373722076,1.414912223815918,0.20335306227207184,1.3223596811294556,0.2186204493045807,1.4353830814361572,0.22258998453617096,0.26773884892463684,0.019959911704063416,0.09310387820005417,0.036295030266046524,0.28477248549461365,0.05153452977538109,0.01694302447140217,0.01576969213783741,0.13309462368488312,0.08078796416521072
53,NZL,New Zealand,2023,-3.6847918033599854,-1.1593936681747437,4.715710163116455,5,1.3908849954605103,0.21485449373722076,1.414912223815918,0.20335306227207184,1.3223596811294556,0.2186204493045807,1.4353830814361572,0.22258998453617096,0.26773884892463684,0.019959911704063416,0.09310387820005417,0.036295030266046524,0.28477248549461365,0.05153452977538109,0.01694302447140217,0.01576969213783741,0.13309462368488312,0.08078796416521072
54,OMN,Oman,2018,-1.4833542108535767,-0.6642673015594482,4.63877534866333,1,-0.0670604482293129,0.9886226654052734,-0.2567063570022583,0.9357004761695862,0.022247422486543655,1.005951166152954,0.033277593553066254,1.0242165327072144,0.2922542989253998,0.020575808361172676,0.08831367641687393,0.03952226787805557,0.2573804557323456,0.050953421741724014,0.018231531605124474,0.013466973789036274,0.1386551707983017,0.0806463286280632
54,OMN,Oman,2019,-1.4833542108535767,-1.0974169969558716,4.63877534866333,1,-0.0670604482293129,0.9886226654052734,-0.2567063570022583,0.9357004761695862,0.022247422486543655,1.005951166152954,0.033277593553066254,1.0242165327072144,0.2922542989253998,0.020575808361172676,0.08831367641687393,0.03952226787805557,0.2573804557323456,0.050953421741724014,0.018231531605124474,0.013466973789036274,0.1386551707983017,0.0806463286280632
54,OMN,Oman,2020,-1.9118425846099854,-1.4108651876449585,4.63877534866333,1,-0.0670604482293129,0.9886226654052734,-0.2567063570022583,0.9357004761695862,0.022247422486543655,1.005951166152954,0.033277593553066254,1.0242165327072144,0.2922542989253998,0.020575808361172676,0.08831367641687393,0.03952226787805557,0.2573804557323456,0.050953421741724014,0.018231531605124474,0.013466973789036274,0.1386551707983017,0.0806463286280632
54,OMN,Oman,2021,-2.7994258403778076,-1.6272997856140137,4.63877534866333,1,-0.0670604482293129,0.9886226654052734,-0.2567063570022583,0.9357004761695862,0.022247422486543655,1.005951166152954,0.033277593553066254,1.0242165327072144,0.2922542989253998,0.020575808361172676,0.08831367641687393,0.03952226787805557,0.2573804557323456,0.050953421741724014,0.018231531605124474,0.013466973789036274,0.1386551707983017,0.0806463286280632
54,OMN,Oman,2022,-4.406257152557373,-1.7707728147506714,4.63877534866333,1,-0.0670604482293129,0.9886226654052734,-0.2567063570022583,0.9357004761695862,0.022247422486543655,1.005951166152954,0.033277593553066254,1.0242165327072144,0.2922542989253998,0.020575808361172676,0.08831367641687393,0.03952226787805557,0.2573804557323456,0.050953421741724014,0.018231531605124474,0.013466973789036274,0.1386551707983017,0.0806463286280632
54,OMN,Oman,2023,-4.634274482727051,-1.865761637687683,4.63877534866333,1,-0.0670604482293129,0.9886226654052734,-0.2567063570022583,0.9357004761695862,0.022247422486543655,1.005951166152954,0.033277593553066254,1.0242165327072144,0.2922542989253998,0.020575808361172676,0.08831367641687393,0.03952226787805557,0.2573804557323456,0.050953421741724014,0.018231531605124474,0.013466973789036274,0.1386551707983017,0.0806463286280632
55,PAK,Pakistan,2018,0.6607634425163269,-1.3548585176467896,4.8084869384765625,5,-1.1695586442947388,-0.8707239031791687,-1.022442102432251,-0.8241129517555237,-1.2194249629974365,-0.8859858512878418,-1.2668088674545288,-0.9020729064941406,0.23544740676879883,0.01941651850938797,0.09973666816949844,0.03245043754577637,0.3211204707622528,0.05214346572756767,0.015488001517951488,0.019676631316542625,0.12430156022310257,0.08021881431341171
55,PAK,Pakistan,2019,0.263211190700531,-0.9042709469795227,4.8084869384765625,5,-1.1695586442947388,-0.8707239031791687,-1.022442102432251,-0.8241129517555237,-1.2194249629974365,-0.8859858512878418,-1.2668088674545288,-0.9020729064941406,0.23544740676879883,0.01941651850938797,0.09973666816949844,0.03245043754577637,0.3211204707622528,0.05214346572756767,0.015488001517951488,0.019676631316542625,0.12430156022310257,0.08021881431341171
55,PAK,Pakistan,2020,0.5979493856430054,-0.7057173848152161,4.8084869384765625,5,-1.1695586442947388,-0.8707239031791687,-1.022442102432251,-0.8241129517555237,-1.2194249629974365,-0.8859858512878418,-1.2668088674545288,-0.9020729064941406,0.23544740676879883,0.01941651850938797,0.09973666816949844,0.03245043754577637,0.3211204707622528,0.05214346572756767,0.015488001517951488,0.019676631316542625,0.12430156022310257,0.08021881431341171
55,PAK,Pakistan,2021,-0.27455824613571167,-0.6430261731147766,4.8084869384765625,5,-1.1695586442947388,-0.8707239031791687,-1.022442102432251,-0.8241129517555237,-1.2194249629974365,-0.8859858512878418,-1.2668088674545288,-0.9020729064941406,0.23544740676879883,0.01941651850938797,0.09973666816949844,0.03245043754577637,0.3211204707622528,0.05214346572756767,0.015488001517951488,0.019676631316542625,0.12430156022310257,0.08021881431341171
55,PAK,Pakistan,2022,-1.3144348859786987,-0.6593384146690369,4.8084869384765625,5,-1.1695586442947388,-0.8707239031791687,-1.022442102432251,-0.8241129517555237,-1.2194249629974365,-0.8859858512878418,-1.2668088674545288,-0.9020729064941406,0.23544740676879883,0.01941651850938797,0.09973666816949844,0.03245043754577637,0.3211204707622528,0.05214346572756767,0.015488001517951488,0.019676631316542625,0.12430156022310257,0.08021881431341171
55,PAK,Pakistan,2023,-1.7306287288665771,-0.6128903031349182,4.8084869384765625,5,-1.1695586442947388,-0.8707239031791687,-1.022442102432251,-0.8241129517555237,-1.2194249629974365,-0.8859858512878418,-1.2668088674545288,-0.9020729064941406,0.23544740676879883,0.01941651850938797,0.09973666816949844,0.03245043754577637,0.3211204707622528,0.05214346572756767,0.015488001517951488,0.019676631316542625,0.12430156022310257,0.08021881431341171
56,PER,Peru,2018,1.0936386585235596,0.809804379940033,4.797781467437744,5,-0.6950809359550476,-0.734626293182373,-0.8969854712486267,-0.695300817489624,-0.25150150060653687,-0.7475027441978455,-0.9367557168006897,-0.7610753178596497,0.23932954668998718,0.019465534016489983,0.09891748428344727,0.032888662070035934,0.3167583644390106,0.05207676813006401,0.015650691464543343,0.019141104072332382,0.1254398226737976,0.08033193647861481
56,PER,Peru,2019,1.1609760522842407,1.163114309310913,4.797781467437744,5,-0.6950809359550476,-0.734626293182373,-0.8969854712486267,-0.695300817489624,-0.25150150060653687,-0.7475027441978455,-0.9367557168006897,-0.7610753178596497,0.23932954668998718,0.019465534016489983,0.09891748428344727,0.032888662070035934,0.3167583644390106,0.05207676813006401,0.015650691464543343,0.019141104072332382,0.1254398226737976,0.08033193647861481
56,PER,Peru,2020,0.8656606674194336,1.3133203983306885,4.797781467437744,5,-0.6950809359550476,-0.734626293182373,-0.8969854712486267,-0.695300817489624,-0.25150150060653687,-0.7475027441978455,-0.9367557168006897,-0.7610753178596497,0.23932954668998718,0.019465534016489983,0.09891748428344727,0.032888662070035934,0.3167583644390106,0.05207676813006401,0.015650691464543343,0.019141104072332382,0.1254398226737976,0.08033193647861481
56,PER,Peru,2021,1.0604026317596436,1.3738082647323608,4.797781467437744,5,-0.6950809359550476,-0.734626293182373,-0.8969854712486267,-0.695300817489624,-0.25150150060653687,-0.7475027441978455,-0.9367557168006897,-0.7610753178596497,0.23932954668998718,0.019465534016489983,0.09891748428344727,0.032888662070035934,0.3167583644390106,0.05207676813006401,0.015650691464543343,0.019141104072332382,0.1254398226737976,0.08033193647861481
56,PER,Peru,2022,1.6989833116531372,1.4625099897384644,4.797781467437744,5,-0.6950809359550476,-0.734626293182373,-0.8969854712486267,-0.695300817489624,-0.25150150060653687,-0.7475027441978455,-0.9367557168006897,-0.7610753178596497,0.23932954668998718,0.019465534016489983,0.09891748428344727,0.032888662070035934,0.3167583644390106,0.05207676813006401,0.015650691464543343,0.019141104072332382,0.1254398226737976,0.08033193647861481
56,PER,Peru,2023,1.919171690940857,1.472236156463623,4.797781467437744,5,-0.6950809359550476,-0.734626293182373,-0.8969854712486267,-0.695300817489624,-0.25150150060653687,-0.7475027441978455,-0.9367557168006897,-0.7610753178596497,0.23932954668998718,0.019465534016489983,0.09891748428344727,0.032888662070035934,0.3167583644390106,0.05207676813006401,0.015650691464543343,0.019141104072332382,0.1254398226737976,0.08033193647861481
57,PHL,Philippines,2018,4.912133693695068,-0.9231853485107422,4.788380146026611,5,-0.5819682478904724,-0.6175360083580017,-0.5483519434928894,-0.5844785571098328,-0.43141669034957886,-0.6283601522445679,-0.7661361694335938,-0.639769434928894,0.24270811676979065,0.01951194554567337,0.0982089713215828,0.033275943249464035,0.3129557967185974,0.052018191665410995,0.01579470746219158,0.0186912938952446,0.1264141947031021,0.0804208442568779
57,PHL,Philippines,2019,5.833406925201416,-0.31898999214172363,4.788380146026611,5,-0.5819682478904724,-0.6175360083580017,-0.5483519434928894,-0.5844785571098328,-0.43141669034957886,-0.6283601522445679,-0.7661361694335938,-0.639769434928894,0.24270811676979065,0.01951194554567337,0.0982089713215828,0.033275943249464035,0.3129557967185974,0.052018191665410995,0.01579470746219158,0.0186912938952446,0.1264141947031021,0.0804208442568779
57,PHL,Philippines,2020,6.113379955291748,-0.1261703073978424,4.788380146026611,5,-0.5819682478904724,-0.6175360083580017,-0.5483519434928894,-0.5844785571098328,-0.43141669034957886,-0.6283601522445679,-0.7661361694335938,-0.639769434928894,0.24270811676979065,0.01951194554567337,0.0982089713215828,0.033275943249464035,0.3129557967185974,0.052018191665410995,0.01579470746219158,0.0186912938952446,0.1264141947031021,0.0804208442568779
57,PHL,Philippines,2021,6.149739742279053,-0.06788520514965057,4.788380146026611,5,-0.5819682478904724,-0.6175360083580017,-0.5483519434928894,-0.5844785571098328,-0.43141669034957886,-0.6283601522445679,-0.7661361694335938,-0.639769434928894,0.24270811676979065,0.01951194554567337,0.0982089713215828,0.033275943249464035,0.3129557967185974,0.052018191665410995,0.01579470746219158,0.0186912938952446,0.1264141947031021,0.0804208442568779
57,PHL,Philippines,2022,6.288362503051758,-0.0222804993391037,4.788380146026611,5,-0.5819682478904724,-0.6175360083580017,-0.5483519434928894,-0.5844785571098328,-0.43141669034957886,-0.6283601522445679,-0.7661361694335938,-0.639769434928894,0.24270811676979065,0.01951194554567337,0.0982089713215828,0.033275943249464035,0.3129557967185974,0.052018191665410995,0.01579470746219158,0.0186912938952446,0.1264141947031021,0.0804208442568779
57,PHL,Philippines,2023,6.736955165863037,-0.0017971247434616089,4.788380146026611,5,-0.5819682478904724,-0.6175360083580017,-0.5483519434928894,-0.5844785571098328,-0.43141669034957886,-0.6283601522445679,-0.7661361694335938,-0.639769434928894,0.24270811676979065,0.01951194554567337,0.0982089713215828,0.033275943249464035,0.3129557967185974,0.052018191665410995,0.01579470746219158,0.0186912938952446,0.1264141947031021,0.0804208442568779
58,POL,Poland,2018,-5.292060375213623,-0.8647612929344177,4.619067192077637,1,0.13508905470371246,1.1748876571655273,0.0030404042918235064,1.1119943857192993,0.21474087238311768,1.1954809427261353,0.18748588860034943,1.217187523841858,0.29824888706207275,0.020754659548401833,0.08716176450252533,0.04036092385649681,0.25072747468948364,0.05079690366983414,0.01857590116560459,0.012969608418643475,0.13986530900001526,0.08053851127624512
58,POL,Poland,2019,-6.858757495880127,-0.7919253706932068,4.619067192077637,1,0.13508905470371246,1.1748876571655273,0.0030404042918235064,1.1119943857192993,0.21474087238311768,1.1954809427261353,0.18748588860034943,1.217187523841858,0.29824888706207275,0.020754659548401833,0.08716176450252533,0.04036092385649681,0.25072747468948364,0.05079690366983414,0.01857590116560459,0.012969608418643475,0.13986530900001526,0.08053851127624512
58,POL,Poland,2020,-8.258927345275879,-0.8306872844696045,4.619067192077637,1,0.13508905470371246,1.1748876571655273,0.0030404042918235064,1.1119943857192993,0.21474087238311768,1.1954809427261353,0.18748588860034943,1.217187523841858,0.29824888706207275,0.020754659548401833,0.08716176450252533,0.04036092385649681,0.25072747468948364,0.05079690366983414,0.01857590116560459,0.012969608418643475,0.13986530900001526,0.08053851127624512
58,POL,Poland,2021,-7.500536918640137,-0.8971992135047913,4.619067192077637,1,0.13508905470371246,1.1748876571655273,0.0030404042918235064,1.1119943857192993,0.21474087238311768,1.1954809427261353,0.18748588860034943,1.217187523841858,0.29824888706207275,0.020754659548401833,0.08716176450252533,0.04036092385649681,0.25072747468948364,0.05079690366983414,0.01857590116560459,0.012969608418643475,0.13986530900001526,0.08053851127624512
58,POL,Poland,2022,-8.502216339111328,-0.9638766050338745,4.619067192077637,1,0.13508905470371246,1.1748876571655273,0.0030404042918235064,1.1119943857192993,0.21474087238311768,1.1954809427261353,0.18748588860034943,1.217187523841858,0.29824888706207275,0.020754659548401833,0.08716176450252533,0.04036092385649681,0.25072747468948364,0.05079690366983414,0.01857590116560459,0.012969608418643475,0.13986530900001526,0.08053851127624512
58,POL,Poland,2023,-11.761031150817871,-1.0145868062973022,4.619067192077637,1,0.13508905470371246,1.1748876571655273,0.0030404042918235064,1.1119943857192993,0.21474087238311768,1.1954809427261353,0.18748588860034943,1.217187523841858,0.29824888706207275,0.020754659548401833,0.08716176450252533,0.04036092385649681,0.25072747468948364,0.05079690366983414,0.01857590116560459,0.012969608418643475,0.13986530900001526,0.08053851127624512
59,PRT,Portugal,2018,-1.9006779193878174,-0.7964393496513367,4.643645763397217,1,0.5889715552330017,0.9419655203819275,0.3899436593055725,0.8915408849716187,0.6463295221328735,0.958476185798645,0.7306414842605591,0.9758794903755188,0.2907559275627136,0.020532919093966484,0.0886024609208107,0.03931594640016556,0.259046345949173,0.050991710275411606,0.018147414550185204,0.013594932854175568,0.1383434683084488,0.08066883683204651
59,PRT,Portugal,2019,-2.685220718383789,-0.9963456988334656,4.643645763397217,1,0.5889715552330017,0.9419655203819275,0.3899436593055725,0.8915408849716187,0.6463295221328735,0.958476185798645,0.7306414842605591,0.9758794903755188,0.2907559275627136,0.020532919093966484,0.0886024609208107,0.03931594640016556,0.259046345949173,0.050991710275411606,0.018147414550185204,0.013594932854175568,0.1383434683084488,0.08066883683204651
59,PRT,Portugal,2020,-3.400998592376709,-1.2006049156188965,4.643645763397217,1,0.5889715552330017,0.9419655203819275,0.3899436593055725,0.8915408849716187,0.6463295221328735,0.958476185798645,0.7306414842605591,0.9758794903755188,0.2907559275627136,0.020532919093966484,0.0886024609208107,0.03931594640016556,0.259046345949173,0.050991710275411606,0.018147414550185204,0.013594932854175568,0.1383434683084488,0.08066883683204651
59,PRT,Portugal,2021,-3.9149670600891113,-1.328261137008667,4.643645763397217,1,0.5889715552330017,0.9419655203819275,0.3899436593055725,0.8915408849716187,0.6463295221328735,0.958476185798645,0.7306414842605591,0.9758794903755188,0.2907559275627136,0.020532919093966484,0.0886024609208107,0.03931594640016556,0.259046345949173,0.050991710275411606,0.018147414550185204,0.013594932854175568,0.1383434683084488,0.08066883683204651
59,PRT,Portugal,2022,-3.713021755218506,-1.4290921688079834,4.643645763397217,1,0.5889715552330017,0.9419655203819275,0.3899436593055725,0.8915408849716187,0.6463295221328735,0.958476185798645,0.7306414842605591,0.9758794903755188,0.2907559275627136,0.020532919093966484,0.0886024609208107,0.03931594640016556,0.259046345949173,0.050991710275411606,0.018147414550185204,0.013594932854175568,0.1383434683084488,0.08066883683204651
59,PRT,Portugal,2023,-4.624629497528076,-1.4680349826812744,4.643645763397217,1,0.5889715552330017,0.9419655203819275,0.3899436593055725,0.8915408849716187,0.6463295221328735,0.958476185798645,0.7306414842605591,0.9758794903755188,0.2907559275627136,0.020532919093966484,0.0886024609208107,0.03931594640016556,0.259046345949173,0.050991710275411606,0.018147414550185204,0.013594932854175568,0.1383434683084488,0.08066883683204651
60,QAT,Qatar,2018,-6.880117416381836,0.541524350643158,4.657413482666016,1,-0.037850040942430496,0.8086269497871399,0.02352459356188774,0.7653401494026184,-0.20334964990615845,0.8228005170822144,0.06627492606639862,0.8377403020858765,0.28648361563682556,0.02041452005505562,0.08942791074514389,0.03873462229967117,0.26380255818367004,0.051099058240652084,0.017911694943904877,0.013968190178275108,0.13743455708026886,0.08072325587272644
60,QAT,Qatar,2019,-4.506235599517822,0.13205896317958832,4.657413482666016,1,-0.037850040942430496,0.8086269497871399,0.02352459356188774,0.7653401494026184,-0.20334964990615845,0.8228005170822144,0.06627492606639862,0.8377403020858765,0.28648361563682556,0.02041452005505562,0.08942791074514389,0.03873462229967117,0.26380255818367004,0.051099058240652084,0.017911694943904877,0.013968190178275108,0.13743455708026886,0.08072325587272644
60,QAT,Qatar,2020,-5.444746971130371,-0.20670431852340698,4.657413482666016,1,-0.037850040942430496,0.8086269497871399,0.02352459356188774,0.7653401494026184,-0.20334964990615845,0.8228005170822144,0.06627492606639862,0.8377403020858765,0.28648361563682556,0.02041452005505562,0.08942791074514389,0.03873462229967117,0.26380255818367004,0.051099058240652084,0.017911694943904877,0.013968190178275108,0.13743455708026886,0.08072325587272644
60,QAT,Qatar,2021,-6.548878192901611,-0.40884721279144287,4.657413482666016,1,-0.037850040942430496,0.8086269497871399,0.02352459356188774,0.7653401494026184,-0.20334964990615845,0.8228005170822144,0.06627492606639862,0.8377403020858765,0.28648361563682556,0.02041452005505562,0.08942791074514389,0.03873462229967117,0.26380255818367004,0.051099058240652084,0.017911694943904877,0.013968190178275108,0.13743455708026886,0.08072325587272644
60,QAT,Qatar,2022,-4.892681121826172,-0.502682626247406,4.657413482666016,1,-0.037850040942430496,0.8086269497871399,0.02352459356188774,0.7653401494026184,-0.20334964990615845,0.8228005170822144,0.06627492606639862,0.8377403020858765,0.28648361563682556,0.02041452005505562,0.08942791074514389,0.03873462229967117,0.26380255818367004,0.051099058240652084,0.017911694943904877,0.013968190178275108,0.13743455708026886,0.08072325587272644
60,QAT,Qatar,2023,-5.334333896636963,-0.5524804592132568,4.657413482666016,1,-0.037850040942430496,0.8086269497871399,0.02352459356188774,0.7653401494026184,-0.20334964990615845,0.8228005170822144,0.06627492606639862,0.8377403020858765,0.28648361563682556,0.02041452005505562,0.08942791074514389,0.03873462229967117,0.26380255818367004,0.051099058240652084,0.017911694943904877,0.013968190178275108,0.13743455708026886,0.08072325587272644
61,ROU,Romania,2018,-3.695746898651123,-1.0307468175888062,4.784923553466797,5,-0.6137262582778931,-0.5750322341918945,-0.9381364583969116,-0.5442500114440918,-0.44055911898612976,-0.5851113796234131,-0.4624831974506378,-0.5957353711128235,0.2439429759979248,0.019529765471816063,0.09795095026493073,0.03341888263821602,0.3115646243095398,0.05199664831161499,0.015847912058234215,0.01853048987686634,0.12676657736301422,0.08045113831758499
61,ROU,Romania,2019,-4.160907745361328,-0.9480947852134705,4.784923553466797,5,-0.6137262582778931,-0.5750322341918945,-0.9381364583969116,-0.5442500114440918,-0.44055911898612976,-0.5851113796234131,-0.4624831974506378,-0.5957353711128235,0.2439429759979248,0.019529765471816063,0.09795095026493073,0.03341888263821602,0.3115646243095398,0.05199664831161499,0.015847912058234215,0.01853048987686634,0.12676657736301422,0.08045113831758499
61,ROU,Romania,2020,-5.406534671783447,-0.9645680785179138,4.784923553466797,5,-0.6137262582778931,-0.5750322341918945,-0.9381364583969116,-0.5442500114440918,-0.44055911898612976,-0.5851113796234131,-0.4624831974506378,-0.5957353711128235,0.2439429759979248,0.019529765471816063,0.09795095026493073,0.03341888263821602,0.3115646243095398,0.05199664831161499,0.015847912058234215,0.01853048987686634,0.12676657736301422,0.08045113831758499
61,ROU,Romania,2021,-5.111453533172607,-0.9762451648712158,4.784923553466797,5,-0.6137262582778931,-0.5750322341918945,-0.9381364583969116,-0.5442500114440918,-0.44055911898612976,-0.5851113796234131,-0.4624831974506378,-0.5957353711128235,0.2439429759979248,0.019529765471816063,0.09795095026493073,0.03341888263821602,0.3115646243095398,0.05199664831161499,0.015847912058234215,0.01853048987686634,0.12676657736301422,0.08045113831758499
61,ROU,Romania,2022,-4.921149253845215,-0.9969356060028076,4.784923553466797,5,-0.6137262582778931,-0.5750322341918945,-0.9381364583969116,-0.5442500114440918,-0.44055911898612976,-0.5851113796234131,-0.4624831974506378,-0.5957353711128235,0.2439429759979248,0.019529765471816063,0.09795095026493073,0.03341888263821602,0.3115646243095398,0.05199664831161499,0.015847912058234215,0.01853048987686634,0.12676657736301422,0.08045113831758499
61,ROU,Romania,2023,-6.2508416175842285,-0.992214560508728,4.784923553466797,5,-0.6137262582778931,-0.5750322341918945,-0.9381364583969116,-0.5442500114440918,-0.44055911898612976,-0.5851113796234131,-0.4624831974506378,-0.5957353711128235,0.2439429759979248,0.019529765471816063,0.09795095026493073,0.03341888263821602,0.3115646243095398,0.05199664831161499,0.015847912058234215,0.01853048987686634,0.12676657736301422,0.08045113831758499
62,RUS,Russia,2018,-3.6435298919677734,-0.23737472295761108,4.8153557777404785,5,-1.1349221467971802,-0.9597041010856628,-1.1962112188339233,-0.9083299040794373,-0.9114767909049988,-0.9765256643295288,-1.2970784902572632,-0.9942566752433777,0.23293644189834595,0.019387297332286835,0.10026959329843521,0.03217075392603874,0.3239371180534363,0.05218628793954849,0.01538433600217104,0.020034151151776314,0.12355470657348633,0.08013936132192612
62,RUS,Russia,2019,-3.5361337661743164,-0.13421589136123657,4.8153557777404785,5,-1.1349221467971802,-0.9597041010856628,-1.1962112188339233,-0.9083299040794373,-0.9114767909049988,-0.9765256643295288,-1.2970784902572632,-0.9942566752433777,0.23293644189834595,0.019387297332286835,0.10026959329843521,0.03217075392603874,0.3239371180534363,0.05218628793954849,0.01538433600217104,0.020034151151776314,0.12355470657348633,0.08013936132192612
62,RUS,Russia,2020,-6.922895908355713,-0.19958104193210602,4.8153557777404785,5,-1.1349221467971802,-0.9597041010856628,-1.1962112188339233,-0.9083299040794373,-0.9114767909049988,-0.9765256643295288,-1.2970784902572632,-0.9942566752433777,0.23293644189834595,0.019387297332286835,0.10026959329843521,0.03217075392603874,0.3239371180534363,0.05218628793954849,0.01538433600217104,0.020034151151776314,0.12355470657348633,0.08013936132192612
62,RUS,Russia,2021,-5.5373334884643555,-0.42011767625808716,4.8153557777404785,5,-1.1349221467971802,-0.9597041010856628,-1.1962112188339233,-0.9083299040794373,-0.9114767909049988,-0.9765256643295288,-1.2970784902572632,-0.9942566752433777,0.23293644189834595,0.019387297332286835,0.10026959329843521,0.03217075392603874,0.3239371180534363,0.05218628793954849,0.01538433600217104,0.020034151151776314,0.12355470657348633,0.08013936132192612
62,RUS,Russia,2022,-4.097316741943359,-0.48878127336502075,4.8153557777404785,5,-1.1349221467971802,-0.9597041010856628,-1.1962112188339233,-0.9083299040794373,-0.9114767909049988,-0.9765256643295288,-1.2970784902572632,-0.9942566752433777,0.23293644189834595,0.019387297332286835,0.10026959329843521,0.03217075392603874,0.3239371180534363,0.05218628793954849,0.01538433600217104,0.020034151151776314,0.12355470657348633,0.08013936132192612
62,RUS,Russia,2023,-3.127725601196289,-0.4749806523323059,4.8153557777404785,5,-1.1349221467971802,-0.9597041010856628,-1.1962112188339233,-0.9083299040794373,-0.9114767909049988,-0.9765256643295288,-1.2970784902572632,-0.9942566752433777,0.23293644189834595,0.019387297332286835,0.10026959329843521,0.03217075392603874,0.3239371180534363,0.05218628793954849,0.01538433600217104,0.020034151151776314,0.12355470657348633,0.08013936132192612
63,SAU,Saudi Arabia,2018,2.299851655960083,-0.06814844906330109,4.7823052406311035,5,-0.5544285178184509,-0.5430169701576233,-0.6724381446838379,-0.5139485597610474,-0.49509498476982117,-0.5525348782539368,-0.4957524538040161,-0.5625673532485962,0.24487601220607758,0.019543539732694626,0.09775634855031967,0.03352740406990051,0.31051307916641235,0.05198032408952713,0.01588832587003708,0.018410243093967438,0.12703147530555725,0.08047324419021606
63,SAU,Saudi Arabia,2019,1.9578986167907715,-0.4637613296508789,4.7823052406311035,5,-0.5544285178184509,-0.5430169701576233,-0.6724381446838379,-0.5139485597610474,-0.49509498476982117,-0.5525348782539368,-0.4957524538040161,-0.5625673532485962,0.24487601220607758,0.019543539732694626,0.09775634855031967,0.03352740406990051,0.31051307916641235,0.05198032408952713,0.01588832587003708,0.018410243093967438,0.12703147530555725,0.08047324419021606
63,SAU,Saudi Arabia,2020,2.004265069961548,-0.8106721043586731,4.7823052406311035,5,-0.5544285178184509,-0.5430169701576233,-0.6724381446838379,-0.5139485597610474,-0.49509498476982117,-0.5525348782539368,-0.4957524538040161,-0.5625673532485962,0.24487601220607758,0.019543539732694626,0.09775634855031967,0.03352740406990051,0.31051307916641235,0.05198032408952713,0.01588832587003708,0.018410243093967438,0.12703147530555725,0.08047324419021606
63,SAU,Saudi Arabia,2021,2.169445753097534,-1.0519837141036987,4.7823052406311035,5,-0.5544285178184509,-0.5430169701576233,-0.6724381446838379,-0.5139485597610474,-0.49509498476982117,-0.5525348782539368,-0.4957524538040161,-0.5625673532485962,0.24487601220607758,0.019543539732694626,0.09775634855031967,0.03352740406990051,0.31051307916641235,0.05198032408952713,0.01588832587003708,0.018410243093967438,0.12703147530555725,0.08047324419021606
63,SAU,Saudi Arabia,2022,1.4797439575195312,-1.196913480758667,4.7823052406311035,5,-0.5544285178184509,-0.5430169701576233,-0.6724381446838379,-0.5139485597610474,-0.49509498476982117,-0.5525348782539368,-0.4957524538040161,-0.5625673532485962,0.24487601220607758,0.019543539732694626,0.09775634855031967,0.03352740406990051,0.31051307916641235,0.05198032408952713,0.01588832587003708,0.018410243093967438,0.12703147530555725,0.08047324419021606
63,SAU,Saudi Arabia,2023,0.6857173442840576,-1.2911381721496582,4.7823052406311035,5,-0.5544285178184509,-0.5430169701576233,-0.6724381446838379,-0.5139485597610474,-0.49509498476982117,-0.5525348782539368,-0.4957524538040161,-0.5625673532485962,0.24487601220607758,0.019543539732694626,0.09775634855031967,0.03352740406990051,0.31051307916641235,0.05198032408952713,0.01588832587003708,0.018410243093967438,0.12703147530555725,0.08047324419021606
64,SGP,Singapore,2018,-1.5155048370361328,-0.6530396342277527,4.754794120788574,5,1.4344711303710938,-0.21726496517658234,1.7217825651168823,-0.20563450455665588,1.536649465560913,-0.22107316553592682,1.0449817180633545,-0.2250872403383255,0.2545240819454193,0.019700832664966583,0.09576579183340073,0.03467044234275818,0.29963645339012146,0.051804255694150925,0.016317734494805336,0.017227640375494957,0.1296929121017456,0.08065994828939438
64,SGP,Singapore,2019,-1.5344992876052856,-1.0063927173614502,4.754794120788574,5,1.4344711303710938,-0.21726496517658234,1.7217825651168823,-0.20563450455665588,1.536649465560913,-0.22107316553592682,1.0449817180633545,-0.2250872403383255,0.2545240819454193,0.019700832664966583,0.09576579183340073,0.03467044234275818,0.29963645339012146,0.051804255694150925,0.016317734494805336,0.017227640375494957,0.1296929121017456,0.08065994828939438
64,SGP,Singapore,2020,-1.5631846189498901,-1.248734474182129,4.754794120788574,5,1.4344711303710938,-0.21726496517658234,1.7217825651168823,-0.20563450455665588,1.536649465560913,-0.22107316553592682,1.0449817180633545,-0.2250872403383255,0.2545240819454193,0.019700832664966583,0.09576579183340073,0.03467044234275818,0.29963645339012146,0.051804255694150925,0.016317734494805336,0.017227640375494957,0.1296929121017456,0.08065994828939438
64,SGP,Singapore,2021,-1.5329487323760986,-1.407438039779663,4.754794120788574,5,1.4344711303710938,-0.21726496517658234,1.7217825651168823,-0.20563450455665588,1.536649465560913,-0.22107316553592682,1.0449817180633545,-0.2250872403383255,0.2545240819454193,0.019700832664966583,0.09576579183340073,0.03467044234275818,0.29963645339012146,0.051804255694150925,0.016317734494805336,0.017227640375494957,0.1296929121017456,0.08065994828939438
64,SGP,Singapore,2022,-1.5709375143051147,-1.5095241069793701,4.754794120788574,5,1.4344711303710938,-0.21726496517658234,1.7217825651168823,-0.20563450455665588,1.536649465560913,-0.22107316553592682,1.0449817180633545,-0.2250872403383255,0.2545240819454193,0.019700832664966583,0.09576579183340073,0.03467044234275818,0.29963645339012146,0.051804255694150925,0.016317734494805336,0.017227640375494957,0.1296929121017456,0.08065994828939438
64,SGP,Singapore,2023,-1.6358672380447388,-1.5464777946472168,4.754794120788574,5,1.4344711303710938,-0.21726496517658234,1.7217825651168823,-0.20563450455665588,1.536649465560913,-0.22107316553592682,1.0449817180633545,-0.2250872403383255,0.2545240819454193,0.019700832664966583,0.09576579183340073,0.03467044234275818,0.29963645339012146,0.051804255694150925,0.016317734494805336,0.017227640375494957,0.1296929121017456,0.08065994828939438
65,SVK,Slovakia,2018,-1.5849237442016602,-1.0573521852493286,4.672033309936523,1,0.11652449518442154,0.6644405126571655,0.11614179611206055,0.6288721561431885,0.3065413236618042,0.6760867834091187,-0.07310961931943893,0.6883625984191895,0.2818843722343445,0.020293327048420906,0.09032085537910461,0.03811986371874809,0.2689329981803894,0.05121138319373131,0.01766444742679596,0.014384549111127853,0.1364227533340454,0.080765500664711
65,SVK,Slovakia,2019,-2.091881036758423,-0.9841182827949524,4.672033309936523,1,0.11652449518442154,0.6644405126571655,0.11614179611206055,0.6288721561431885,0.3065413236618042,0.6760867834091187,-0.07310961931943893,0.6883625984191895,0.2818843722343445,0.020293327048420906,0.09032085537910461,0.03811986371874809,0.2689329981803894,0.05121138319373131,0.01766444742679596,0.014384549111127853,0.1364227533340454,0.080765500664711
65,SVK,Slovakia,2020,-2.406219482421875,-1.0046260356903076,4.672033309936523,1,0.11652449518442154,0.6644405126571655,0.11614179611206055,0.6288721561431885,0.3065413236618042,0.6760867834091187,-0.07310961931943893,0.6883625984191895,0.2818843722343445,0.020293327048420906,0.09032085537910461,0.03811986371874809,0.2689329981803894,0.05121138319373131,0.01766444742679596,0.014384549111127853,0.1364227533340454,0.080765500664711
65,SVK,Slovakia,2021,-2.1880667209625244,-1.0379350185394287,4.672033309936523,1,0.11652449518442154,0.6644405126571655,0.11614179611206055,0.6288721561431885,0.3065413236618042,0.6760867834091187,-0.07310961931943893,0.6883625984191895,0.2818843722343445,0.020293327048420906,0.09032085537910461,0.03811986371874809,0.2689329981803894,0.05121138319373131,0.01766444742679596,0.014384549111127853,0.1364227533340454,0.080765500664711
65,SVK,Slovakia,2022,-2.8150081634521484,-1.0676167011260986,4.672033309936523,1,0.11652449518442154,0.6644405126571655,0.11614179611206055,0.6288721561431885,0.3065413236618042,0.6760867834091187,-0.07310961931943893,0.6883625984191895,0.2818843722343445,0.020293327048420906,0.09032085537910461,0.03811986371874809,0.2689329981803894,0.05121138319373131,0.01766444742679596,0.014384549111127853,0.1364227533340454,0.080765500664711
65,SVK,Slovakia,2023,-3.482109785079956,-1.0976144075393677,4.672033309936523,1,0.11652449518442154,0.6644405126571655,0.11614179611206055,0.6288721561431885,0.3065413236618042,0.6760867834091187,-0.07310961931943893,0.6883625984191895,0.2818843722343445,0.020293327048420906,0.09032085537910461,0.03811986371874809,0.2689329981803894,0.05121138319373131,0.01766444742679596,0.014384549111127853,0.1364227533340454,0.080765500664711
66,SVN,Slovenia,2018,-4.337141990661621,-0.6343954801559448,4.62750768661499,1,0.38642582297325134,1.0955945253372192,0.28950437903404236,1.0369459390640259,0.34630832076072693,1.1147980690002441,0.5234646797180176,1.1350396871566772,0.29569491744041443,0.02067703567445278,0.08765192329883575,0.040000978857278824,0.2535596489906311,0.050864242017269135,0.018427632749080658,0.013178715482354164,0.13935700058937073,0.08058793097734451
66,SVN,Slovenia,2019,-4.712256908416748,-0.9217167496681213,4.62750768661499,1,0.38642582297325134,1.0955945253372192,0.28950437903404236,1.0369459390640259,0.34630832076072693,1.1147980690002441,0.5234646797180176,1.1350396871566772,0.29569491744041443,0.02067703567445278,0.08765192329883575,0.040000978857278824,0.2535596489906311,0.050864242017269135,0.018427632749080658,0.013178715482354164,0.13935700058937073,0.08058793097734451
66,SVN,Slovenia,2020,-6.15969705581665,-1.1424795389175415,4.62750768661499,1,0.38642582297325134,1.0955945253372192,0.28950437903404236,1.0369459390640259,0.34630832076072693,1.1147980690002441,0.5234646797180176,1.1350396871566772,0.29569491744041443,0.02067703567445278,0.08765192329883575,0.040000978857278824,0.2535596489906311,0.050864242017269135,0.018427632749080658,0.013178715482354164,0.13935700058937073,0.08058793097734451
66,SVN,Slovenia,2021,-6.669349670410156,-1.2668068408966064,4.62750768661499,1,0.38642582297325134,1.0955945253372192,0.28950437903404236,1.0369459390640259,0.34630832076072693,1.1147980690002441,0.5234646797180176,1.1350396871566772,0.29569491744041443,0.02067703567445278,0.08765192329883575,0.040000978857278824,0.2535596489906311,0.050864242017269135,0.018427632749080658,0.013178715482354164,0.13935700058937073,0.08058793097734451
66,SVN,Slovenia,2022,-7.458681583404541,-1.3499157428741455,4.62750768661499,1,0.38642582297325134,1.0955945253372192,0.28950437903404236,1.0369459390640259,0.34630832076072693,1.1147980690002441,0.5234646797180176,1.1350396871566772,0.29569491744041443,0.02067703567445278,0.08765192329883575,0.040000978857278824,0.2535596489906311,0.050864242017269135,0.018427632749080658,0.013178715482354164,0.13935700058937073,0.08058793097734451
66,SVN,Slovenia,2023,-9.606645584106445,-1.3818010091781616,4.62750768661499,1,0.38642582297325134,1.0955945253372192,0.28950437903404236,1.0369459390640259,0.34630832076072693,1.1147980690002441,0.5234646797180176,1.1350396871566772,0.29569491744041443,0.02067703567445278,0.08765192329883575,0.040000978857278824,0.2535596489906311,0.050864242017269135,0.018427632749080658,0.013178715482354164,0.13935700058937073,0.08058793097734451
67,SWE,Sweden,2018,-1.111396074295044,0.08591775596141815,4.711881637573242,5,1.3480762243270874,0.2555358409881592,1.4301238059997559,0.2418566793203354,1.161694884300232,0.2600148618221283,1.4524099826812744,0.26473599672317505,0.26900407671928406,0.01998736336827278,0.09285241365432739,0.0364544615149498,0.2833523154258728,0.051507044583559036,0.017005281522870064,0.01563887670636177,0.13340552151203156,0.08079260587692261
67,SWE,Sweden,2019,-1.153639554977417,-0.2285597175359726,4.711881637573242,5,1.3480762243270874,0.2555358409881592,1.4301238059997559,0.2418566793203354,1.161694884300232,0.2600148618221283,1.4524099826812744,0.26473599672317505,0.26900407671928406,0.01998736336827278,0.09285241365432739,0.0364544615149498,0.2833523154258728,0.051507044583559036,0.017005281522870064,0.01563887670636177,0.13340552151203156,0.08079260587692261
67,SWE,Sweden,2020,-1.5468288660049438,-0.4018958806991577,4.711881637573242,5,1.3480762243270874,0.2555358409881592,1.4301238059997559,0.2418566793203354,1.161694884300232,0.2600148618221283,1.4524099826812744,0.26473599672317505,0.26900407671928406,0.01998736336827278,0.09285241365432739,0.0364544615149498,0.2833523154258728,0.051507044583559036,0.017005281522870064,0.01563887670636177,0.13340552151203156,0.08079260587692261
67,SWE,Sweden,2021,-1.2186294794082642,-0.4973369240760803,4.711881637573242,5,1.3480762243270874,0.2555358409881592,1.4301238059997559,0.2418566793203354,1.161694884300232,0.2600148618221283,1.4524099826812744,0.26473599672317505,0.26900407671928406,0.01998736336827278,0.09285241365432739,0.0364544615149498,0.2833523154258728,0.051507044583559036,0.017005281522870064,0.01563887670636177,0.13340552151203156,0.08079260587692261
67,SWE,Sweden,2022,-1.295534372329712,-0.5456075072288513,4.711881637573242,5,1.3480762243270874,0.2555358409881592,1.4301238059997559,0.2418566793203354,1.161694884300232,0.2600148618221283,1.4524099826812744,0.26473599672317505,0.26900407671928406,0.01998736336827278,0.09285241365432739,0.0364544615149498,0.2833523154258728,0.051507044583559036,0.017005281522870064,0.01563887670636177,0.13340552151203156,0.08079260587692261
67,SWE,Sweden,2023,-1.5739079713821411,-0.5684393048286438,4.711881637573242,5,1.3480762243270874,0.2555358409881592,1.4301238059997559,0.2418566793203354,1.161694884300232,0.2600148618221283,1.4524099826812744,0.26473599672317505,0.26900407671928406,0.01998736336827278,0.09285241365432739,0.0364544615149498,0.2833523154258728,0.051507044583559036,0.017005281522870064,0.01563887670636177,0.13340552151203156,0.08079260587692261
68,THA,Thailand,2018,-6.279742240905762,-0.5910489559173584,4.715633869171143,5,-0.2564157247543335,0.2156667858362198,-0.22457081079483032,0.20412187278270721,-0.3106171190738678,0.21944698691368103,-0.23405922949314117,0.2234315276145935,0.26776406168937683,0.01996045745909214,0.09309886395931244,0.03629821538925171,0.28474417328834534,0.05153398588299751,0.016944261267781258,0.01576707512140274,0.13310083746910095,0.08078806847333908
68,THA,Thailand,2019,-7.279186248779297,-0.15475744009017944,4.715633869171143,5,-0.2564157247543335,0.2156667858362198,-0.22457081079483032,0.20412187278270721,-0.3106171190738678,0.21944698691368103,-0.23405922949314117,0.2234315276145935,0.26776406168937683,0.01996045745909214,0.09309886395931244,0.03629821538925171,0.28474417328834534,0.05153398588299751,0.016944261267781258,0.01576707512140274,0.13310083746910095,0.08078806847333908
68,THA,Thailand,2020,-5.78999662399292,0.01295006275177002,4.715633869171143,5,-0.2564157247543335,0.2156667858362198,-0.22457081079483032,0.20412187278270721,-0.3106171190738678,0.21944698691368103,-0.23405922949314117,0.2234315276145935,0.26776406168937683,0.01996045745909214,0.09309886395931244,0.03629821538925171,0.28474417328834534,0.05153398588299751,0.016944261267781258,0.01576707512140274,0.13310083746910095,0.08078806847333908
68,THA,Thailand,2021,-6.593542575836182,0.08750112354755402,4.715633869171143,5,-0.2564157247543335,0.2156667858362198,-0.22457081079483032,0.20412187278270721,-0.3106171190738678,0.21944698691368103,-0.23405922949314117,0.2234315276145935,0.26776406168937683,0.01996045745909214,0.09309886395931244,0.03629821538925171,0.28474417328834534,0.05153398588299751,0.016944261267781258,0.01576707512140274,0.13310083746910095,0.08078806847333908
68,THA,Thailand,2022,-7.6401472091674805,0.12278832495212555,4.715633869171143,5,-0.2564157247543335,0.2156667858362198,-0.22457081079483032,0.20412187278270721,-0.3106171190738678,0.21944698691368103,-0.23405922949314117,0.2234315276145935,0.26776406168937683,0.01996045745909214,0.09309886395931244,0.03629821538925171,0.28474417328834534,0.05153398588299751,0.016944261267781258,0.01576707512140274,0.13310083746910095,0.08078806847333908
68,THA,Thailand,2023,-9.644476890563965,0.13711874186992645,4.715633869171143,5,-0.2564157247543335,0.2156667858362198,-0.22457081079483032,0.20412187278270721,-0.3106171190738678,0.21944698691368103,-0.23405922949314117,0.2234315276145935,0.26776406168937683,0.01996045745909214,0.09309886395931244,0.03629821538925171,0.28474417328834534,0.05153398588299751,0.016944261267781258,0.01576707512140274,0.13310083746910095,0.08078806847333908
69,TKM,Turkmenistan,2018,-0.8944293856620789,-0.6382442116737366,4.8069353103637695,5,-2.006190538406372,-0.8508126139640808,-1.8531438112258911,-0.8052674531936646,-2.4522314071655273,-0.8657255172729492,-1.7131962776184082,-0.8814446926116943,0.236012265086174,0.01942337304353714,0.099617138504982,0.03251376375555992,0.32048630714416504,0.05213380604982376,0.01551149319857359,0.019597427919507027,0.12446843832731247,0.08023600280284882
69,TKM,Turkmenistan,2019,1.0794837474822998,-0.1660325825214386,4.8069353103637695,5,-2.006190538406372,-0.8508126139640808,-1.8531438112258911,-0.8052674531936646,-2.4522314071655273,-0.8657255172729492,-1.7131962776184082,-0.8814446926116943,0.236012265086174,0.01942337304353714,0.099617138504982,0.03251376375555992,0.32048630714416504,0.05213380604982376,0.01551149319857359,0.019597427919507027,0.12446843832731247,0.08023600280284882
69,TKM,Turkmenistan,2020,1.1499806642532349,-0.14622430503368378,4.8069353103637695,5,-2.006190538406372,-0.8508126139640808,-1.8531438112258911,-0.8052674531936646,-2.4522314071655273,-0.8657255172729492,-1.7131962776184082,-0.8814446926116943,0.236012265086174,0.01942337304353714,0.099617138504982,0.03251376375555992,0.32048630714416504,0.05213380604982376,0.01551149319857359,0.019597427919507027,0.12446843832731247,0.08023600280284882
69,TKM,Turkmenistan,2021,-3.7143051624298096,0.05830906331539154,4.8069353103637695,5,-2.006190538406372,-0.8508126139640808,-1.8531438112258911,-0.8052674531936646,-2.4522314071655273,-0.8657255172729492,-1.7131962776184082,-0.8814446926116943,0.236012265086174,0.01942337304353714,0.099617138504982,0.03251376375555992,0.32048630714416504,0.05213380604982376,0.01551149319857359,0.019597427919507027,0.12446843832731247,0.08023600280284882
69,TKM,Turkmenistan,2022,-2.6568517684936523,-0.01731593906879425,4.8069353103637695,5,-2.006190538406372,-0.8508126139640808,-1.8531438112258911,-0.8052674531936646,-2.4522314071655273,-0.8657255172729492,-1.7131962776184082,-0.8814446926116943,0.236012265086174,0.01942337304353714,0.099617138504982,0.03251376375555992,0.32048630714416504,0.05213380604982376,0.01551149319857359,0.019597427919507027,0.12446843832731247,0.08023600280284882
69,TKM,Turkmenistan,2023,-1.52890145778656,0.1670924425125122,4.8069353103637695,5,-2.006190538406372,-0.8508126139640808,-1.8531438112258911,-0.8052674531936646,-2.4522314071655273,-0.8657255172729492,-1.7131962776184082,-0.8814446926116943,0.236012265086174,0.01942337304353714,0.099617138504982,0.03251376375555992,0.32048630714416504,0.05213380604982376,0.01551149319857359,0.019597427919507027,0.12446843832731247,0.08023600280284882
70,TTO,Trinidad and Tobago,2018,1.318193793296814,0.7305280566215515,4.653063774108887,1,-0.04588906839489937,0.8509929776191711,-0.1480531096458435,0.805438220500946,0.11017729341983795,0.8659090995788574,-0.09979138523340225,0.88163161277771,0.28783929347991943,0.020451467484235764,0.08916562795639038,0.03891799971461296,0.2622922360897064,0.05106528475880623,0.017985839396715164,0.013848373666405678,0.13772623240947723,0.08070755004882812
70,TTO,Trinidad and Tobago,2019,1.3760409355163574,0.6857086420059204,4.653063774108887,1,-0.04588906839489937,0.8509929776191711,-0.1480531096458435,0.805438220500946,0.11017729341983795,0.8659090995788574,-0.09979138523340225,0.88163161277771,0.28783929347991943,0.020451467484235764,0.08916562795639038,0.03891799971461296,0.2622922360897064,0.05106528475880623,0.017985839396715164,0.013848373666405678,0.13772623240947723,0.08070755004882812
70,TTO,Trinidad and Tobago,2020,1.318193793296814,0.6320034861564636,4.653063774108887,1,-0.04588906839489937,0.8509929776191711,-0.1480531096458435,0.805438220500946,0.11017729341983795,0.8659090995788574,-0.09979138523340225,0.88163161277771,0.28783929347991943,0.020451467484235764,0.08916562795639038,0.03891799971461296,0.2622922360897064,0.05106528475880623,0.017985839396715164,0.013848373666405678,0.13772623240947723,0.08070755004882812
70,TTO,Trinidad and Tobago,2021,1.665277123451233,0.5862940549850464,4.653063774108887,1,-0.04588906839489937,0.8509929776191711,-0.1480531096458435,0.805438220500946,0.11017729341983795,0.8659090995788574,-0.09979138523340225,0.88163161277771,0.28783929347991943,0.020451467484235764,0.08916562795639038,0.03891799971461296,0.2622922360897064,0.05106528475880623,0.017985839396715164,0.013848373666405678,0.13772623240947723,0.08070755004882812
70,TTO,Trinidad and Tobago,2022,2.058638334274292,0.5520533919334412,4.653063774108887,1,-0.04588906839489937,0.8509929776191711,-0.1480531096458435,0.805438220500946,0.11017729341983795,0.8659090995788574,-0.09979138523340225,0.88163161277771,0.28783929347991943,0.020451467484235764,0.08916562795639038,0.03891799971461296,0.2622922360897064,0.05106528475880623,0.017985839396715164,0.013848373666405678,0.13772623240947723,0.08070755004882812
70,TTO,Trinidad and Tobago,2023,2.058638334274292,0.528025209903717,4.653063774108887,1,-0.04588906839489937,0.8509929776191711,-0.1480531096458435,0.805438220500946,0.11017729341983795,0.8659090995788574,-0.09979138523340225,0.88163161277771,0.28783929347991943,0.020451467484235764,0.08916562795639038,0.03891799971461296,0.2622922360897064,0.05106528475880623,0.017985839396715164,0.013848373666405678,0.13772623240947723,0.08070755004882812
71,TUR,Turkey,2018,-0.10262159258127213,0.3054344654083252,4.743426322937012,5,-0.3568929135799408,-0.08819475024938583,-0.3960716426372528,-0.0834735780954361,-0.2856121361255646,-0.08974061906337738,-0.3889949917793274,-0.09137006103992462,0.2584249973297119,0.019772080704569817,0.09497282654047012,0.03514261171221733,0.29524344205856323,0.0517280213534832,0.016497718170285225,0.016779011115431786,0.1307263821363449,0.0807129442691803
71,TUR,Turkey,2019,-1.772402048110962,0.5300506949424744,4.743426322937012,5,-0.3568929135799408,-0.08819475024938583,-0.3960716426372528,-0.0834735780954361,-0.2856121361255646,-0.08974061906337738,-0.3889949917793274,-0.09137006103992462,0.2584249973297119,0.019772080704569817,0.09497282654047012,0.03514261171221733,0.29524344205856323,0.0517280213534832,0.016497718170285225,0.016779011115431786,0.1307263821363449,0.0807129442691803
71,TUR,Turkey,2020,-1.959740161895752,0.43729668855667114,4.743426322937012,5,-0.3568929135799408,-0.08819475024938583,-0.3960716426372528,-0.0834735780954361,-0.2856121361255646,-0.08974061906337738,-0.3889949917793274,-0.09137006103992462,0.2584249973297119,0.019772080704569817,0.09497282654047012,0.03514261171221733,0.29524344205856323,0.0517280213534832,0.016497718170285225,0.016779011115431786,0.1307263821363449,0.0807129442691803
71,TUR,Turkey,2021,-1.391783356666565,0.4095086455345154,4.743426322937012,5,-0.3568929135799408,-0.08819475024938583,-0.3960716426372528,-0.0834735780954361,-0.2856121361255646,-0.08974061906337738,-0.3889949917793274,-0.09137006103992462,0.2584249973297119,0.019772080704569817,0.09497282654047012,0.03514261171221733,0.29524344205856323,0.0517280213534832,0.016497718170285225,0.016779011115431786,0.1307263821363449,0.0807129442691803
71,TUR,Turkey,2022,-1.788352370262146,0.40006738901138306,4.743426322937012,5,-0.3568929135799408,-0.08819475024938583,-0.3960716426372528,-0.0834735780954361,-0.2856121361255646,-0.08974061906337738,-0.3889949917793274,-0.09137006103992462,0.2584249973297119,0.019772080704569817,0.09497282654047012,0.03514261171221733,0.29524344205856323,0.0517280213534832,0.016497718170285225,0.016779011115431786,0.1307263821363449,0.0807129442691803
71,TUR,Turkey,2023,-1.6069564819335938,0.3996865749359131,4.743426322937012,5,-0.3568929135799408,-0.08819475024938583,-0.3960716426372528,-0.0834735780954361,-0.2856121361255646,-0.08974061906337738,-0.3889949917793274,-0.09137006103992462,0.2584249973297119,0.019772080704569817,0.09497282654047012,0.03514261171221733,0.29524344205856323,0.0517280213534832,0.016497718170285225,0.016779011115431786,0.1307263821363449,0.0807129442691803
72,UKR,Ukraine,2018,-3.635014295578003,0.10017654299736023,4.813259124755859,5,-1.2346214056015015,-0.9323969483375549,-1.3236093521118164,-0.8824846148490906,-1.1485481262207031,-0.9487399458885193,-1.2317067384719849,-0.9659664034843445,0.23370468616485596,0.01939602941274643,0.10010627657175064,0.03225601464509964,0.3230757713317871,0.05217321589589119,0.015415927395224571,0.019923804327845573,0.12378409504890442,0.08016420900821686
72,UKR,Ukraine,2019,-4.1212358474731445,0.4467150568962097,4.813259124755859,5,-1.2346214056015015,-0.9323969483375549,-1.3236093521118164,-0.8824846148490906,-1.1485481262207031,-0.9487399458885193,-1.2317067384719849,-0.9659664034843445,0.23370468616485596,0.01939602941274643,0.10010627657175064,0.03225601464509964,0.3230757713317871,0.05217321589589119,0.015415927395224571,0.019923804327845573,0.12378409504890442,0.08016420900821686
72,UKR,Ukraine,2020,-5.126094341278076,0.7604145407676697,4.813259124755859,5,-1.2346214056015015,-0.9323969483375549,-1.3236093521118164,-0.8824846148490906,-1.1485481262207031,-0.9487399458885193,-1.2317067384719849,-0.9659664034843445,0.23370468616485596,0.01939602941274643,0.10010627657175064,0.03225601464509964,0.3230757713317871,0.05217321589589119,0.015415927395224571,0.019923804327845573,0.12378409504890442,0.08016420900821686
72,UKR,Ukraine,2021,-7.988569259643555,0.7296323776245117,4.813259124755859,5,-1.2346214056015015,-0.9323969483375549,-1.3236093521118164,-0.8824846148490906,-1.1485481262207031,-0.9487399458885193,-1.2317067384719849,-0.9659664034843445,0.23370468616485596,0.01939602941274643,0.10010627657175064,0.03225601464509964,0.3230757713317871,0.05217321589589119,0.015415927395224571,0.019923804327845573,0.12378409504890442,0.08016420900821686
72,UKR,Ukraine,2022,-9.796317100524902,0.6702877879142761,4.813259124755859,5,-1.2346214056015015,-0.9323969483375549,-1.3236093521118164,-0.8824846148490906,-1.1485481262207031,-0.9487399458885193,-1.2317067384719849,-0.9659664034843445,0.23370468616485596,0.01939602941274643,0.10010627657175064,0.03225601464509964,0.3230757713317871,0.05217321589589119,0.015415927395224571,0.019923804327845573,0.12378409504890442,0.08016420900821686
72,UKR,Ukraine,2023,-9.796317100524902,0.6662606596946716,4.813259124755859,5,-1.2346214056015015,-0.9323969483375549,-1.3236093521118164,-0.8824846148490906,-1.1485481262207031,-0.9487399458885193,-1.2317067384719849,-0.9659664034843445,0.23370468616485596,0.01939602941274643,0.10010627657175064,0.03225601464509964,0.3230757713317871,0.05217321589589119,0.015415927395224571,0.019923804327845573,0.12378409504890442,0.08016420900821686
73,USA,United States,2018,-7.697317123413086,-0.3271350860595703,4.70911169052124,5,1.167035460472107,0.28480175137519836,1.1881818771362305,0.269555926322937,1.1316249370574951,0.2897937297821045,1.1812996864318848,0.2950555682182312,0.2699163556098938,0.020007440820336342,0.09267143160104752,0.03656984865665436,0.2823287546634674,0.051487039774656296,0.017050432041287422,0.015545442700386047,0.13362805545330048,0.08079514652490616
73,USA,United States,2019,-9.035722732543945,-0.756168782711029,4.70911169052124,5,1.167035460472107,0.28480175137519836,1.1881818771362305,0.269555926322937,1.1316249370574951,0.2897937297821045,1.1812996864318848,0.2950555682182312,0.2699163556098938,0.020007440820336342,0.09267143160104752,0.03656984865665436,0.2823287546634674,0.051487039774656296,0.017050432041287422,0.015545442700386047,0.13362805545330048,0.08079514652490616
73,USA,United States,2020,-10.637649536132812,-1.1290335655212402,4.70911169052124,5,1.167035460472107,0.28480175137519836,1.1881818771362305,0.269555926322937,1.1316249370574951,0.2897937297821045,1.1812996864318848,0.2950555682182312,0.2699163556098938,0.020007440820336342,0.09267143160104752,0.03656984865665436,0.2823287546634674,0.051487039774656296,0.017050432041287422,0.015545442700386047,0.13362805545330048,0.08079514652490616
73,USA,United States,2021,-9.941286087036133,-1.40024733543396,4.70911169052124,5,1.167035460472107,0.28480175137519836,1.1881818771362305,0.269555926322937,1.1316249370574951,0.2897937297821045,1.1812996864318848,0.2950555682182312,0.2699163556098938,0.020007440820336342,0.09267143160104752,0.03656984865665436,0.2823287546634674,0.051487039774656296,0.017050432041287422,0.015545442700386047,0.13362805545330048,0.08079514652490616
73,USA,United States,2022,-10.715087890625,-1.582768201828003,4.70911169052124,5,1.167035460472107,0.28480175137519836,1.1881818771362305,0.269555926322937,1.1316249370574951,0.2897937297821045,1.1812996864318848,0.2950555682182312,0.2699163556098938,0.020007440820336342,0.09267143160104752,0.03656984865665436,0.2823287546634674,0.051487039774656296,0.017050432041287422,0.015545442700386047,0.13362805545330048,0.08079514652490616
73,USA,United States,2023,-11.726405143737793,-1.699355125427246,4.70911169052124,5,1.167035460472107,0.28480175137519836,1.1881818771362305,0.269555926322937,1.1316249370574951,0.2897937297821045,1.1812996864318848,0.2950555682182312,0.2699163556098938,0.020007440820336342,0.09267143160104752,0.03656984865665436,0.2823287546634674,0.051487039774656296,0.017050432041287422,0.015545442700386047,0.13362805545330048,0.08079514652490616
74,UZB,Uzbekistan,2018,1.4206937551498413,0.02569986879825592,4.806262016296387,5,-1.8003510236740112,-0.8421835899353027,-1.597791075706482,-0.7971004247665405,-2.1902878284454346,-0.856945276260376,-1.6129741668701172,-0.8725050091743469,0.2362574189901352,0.019426366314291954,0.0995652973651886,0.03254128620028496,0.3202110528945923,0.052129603922367096,0.015521704219281673,0.019563201814889908,0.12454071640968323,0.08024339377880096
74,UZB,Uzbekistan,2019,0.9323561787605286,0.42351627349853516,4.806262016296387,5,-1.8003510236740112,-0.8421835899353027,-1.597791075706482,-0.7971004247665405,-2.1902878284454346,-0.856945276260376,-1.6129741668701172,-0.8725050091743469,0.2362574189901352,0.019426366314291954,0.0995652973651886,0.03254128620028496,0.3202110528945923,0.052129603922367096,0.015521704219281673,0.019563201814889908,0.12454071640968323,0.08024339377880096
74,UZB,Uzbekistan,2020,1.6637600660324097,0.5492753386497498,4.806262016296387,5,-1.8003510236740112,-0.8421835899353027,-1.597791075706482,-0.7971004247665405,-2.1902878284454346,-0.856945276260376,-1.6129741668701172,-0.8725050091743469,0.2362574189901352,0.019426366314291954,0.0995652973651886,0.03254128620028496,0.3202110528945923,0.052129603922367096,0.015521704219281673,0.019563201814889908,0.12454071640968323,0.08024339377880096
74,UZB,Uzbekistan,2021,1.6973286867141724,0.4854334592819214,4.806262016296387,5,-1.8003510236740112,-0.8421835899353027,-1.597791075706482,-0.7971004247665405,-2.1902878284454346,-0.856945276260376,-1.6129741668701172,-0.8725050091743469,0.2362574189901352,0.019426366314291954,0.0995652973651886,0.03254128620028496,0.3202110528945923,0.052129603922367096,0.015521704219281673,0.019563201814889908,0.12454071640968323,0.08024339377880096
74,UZB,Uzbekistan,2022,0.9835667014122009,0.46193766593933105,4.806262016296387,5,-1.8003510236740112,-0.8421835899353027,-1.597791075706482,-0.7971004247665405,-2.1902878284454346,-0.856945276260376,-1.6129741668701172,-0.8725050091743469,0.2362574189901352,0.019426366314291954,0.0995652973651886,0.03254128620028496,0.3202110528945923,0.052129603922367096,0.015521704219281673,0.019563201814889908,0.12454071640968323,0.08024339377880096
74,UZB,Uzbekistan,2023,0.9794012308120728,0.5058466196060181,4.806262016296387,5,-1.8003510236740112,-0.8421835899353027,-1.597791075706482,-0.7971004247665405,-2.1902878284454346,-0.856945276260376,-1.6129741668701172,-0.8725050091743469,0.2362574189901352,0.019426366314291954,0.0995652973651886,0.03254128620028496,0.3202110528945923,0.052129603922367096,0.015521704219281673,0.019563201814889908,0.12454071640968323,0.08024339377880096
75,VEN,Venezuela,2018,4.365685939788818,-0.12841515243053436,4.8134002685546875,5,-1.5081526041030884,-0.934236466884613,-1.3741530179977417,-0.884225606918335,-1.5062425136566162,-0.9506116509437561,-1.6440623998641968,-0.967872142791748,0.23365287482738495,0.019395427778363228,0.1001172885298729,0.032250259071588516,0.3231338560581207,0.05217409133911133,0.01541378814727068,0.019931217655539513,0.12376866489648819,0.08016254007816315
75,VEN,Venezuela,2019,4.361935615539551,0.01912623643875122,4.8134002685546875,5,-1.5081526041030884,-0.934236466884613,-1.3741530179977417,-0.884225606918335,-1.5062425136566162,-0.9506116509437561,-1.6440623998641968,-0.967872142791748,0.23365287482738495,0.019395427778363228,0.1001172885298729,0.032250259071588516,0.3231338560581207,0.05217409133911133,0.01541378814727068,0.019931217655539513,0.12376866489648819,0.08016254007816315
75,VEN,Venezuela,2020,-2.0265071392059326,-0.014059305191040039,4.8134002685546875,5,-1.5081526041030884,-0.934236466884613,-1.3741530179977417,-0.884225606918335,-1.5062425136566162,-0.9506116509437561,-1.6440623998641968,-0.967872142791748,0.23365287482738495,0.019395427778363228,0.1001172885298729,0.032250259071588516,0.3231338560581207,0.05217409133911133,0.01541378814727068,0.019931217655539513,0.12376866489648819,0.08016254007816315
75,VEN,Venezuela,2021,-2.5107500553131104,-0.09885883331298828,4.8134002685546875,5,-1.5081526041030884,-0.934236466884613,-1.3741530179977417,-0.884225606918335,-1.5062425136566162,-0.9506116509437561,-1.6440623998641968,-0.967872142791748,0.23365287482738495,0.019395427778363228,0.1001172885298729,0.032250259071588516,0.3231338560581207,0.05217409133911133,0.01541378814727068,0.019931217655539513,0.12376866489648819,0.08016254007816315
75,VEN,Venezuela,2022,-2.220579147338867,-0.1080845296382904,4.8134002685546875,5,-1.5081526041030884,-0.934236466884613,-1.3741530179977417,-0.884225606918335,-1.5062425136566162,-0.9506116509437561,-1.6440623998641968,-0.967872142791748,0.23365287482738495,0.019395427778363228,0.1001172885298729,0.032250259071588516,0.3231338560581207,0.05217409133911133,0.01541378814727068,0.019931217655539513,0.12376866489648819,0.08016254007816315
75,VEN,Venezuela,2023,-2.2290172576904297,-0.19288600981235504,4.8134002685546875,5,-1.5081526041030884,-0.934236466884613,-1.3741530179977417,-0.884225606918335,-1.5062425136566162,-0.9506116509437561,-1.6440623998641968,-0.967872142791748,0.23365287482738495,0.019395427778363228,0.1001172885298729,0.032250259071588516,0.3231338560581207,0.05217409133911133,0.01541378814727068,0.019931217655539513,0.12376866489648819,0.08016254007816315
76,VNM,Vietnam,2018,1.8500128984451294,0.55933678150177,4.804276466369629,5,-1.0041168928146362,-0.8168277740478516,-0.9023603796958923,-0.7731019854545593,-1.090646505355835,-0.8311450481414795,-1.0193438529968262,-0.8462363481521606,0.23697887361049652,0.019435307011008263,0.09941285103559494,0.03262247145175934,0.31940069794654846,0.0521172396838665,0.015551835298538208,0.01946292631328106,0.12475298345088959,0.0802648514509201
76,VNM,Vietnam,2019,3.117563009262085,0.9579799771308899,4.804276466369629,5,-1.0041168928146362,-0.8168277740478516,-0.9023603796958923,-0.7731019854545593,-1.090646505355835,-0.8311450481414795,-1.0193438529968262,-0.8462363481521606,0.23697887361049652,0.019435307011008263,0.09941285103559494,0.03262247145175934,0.31940069794654846,0.0521172396838665,0.015551835298538208,0.01946292631328106,0.12475298345088959,0.0802648514509201
76,VNM,Vietnam,2020,2.663336753845215,1.1142570972442627,4.804276466369629,5,-1.0041168928146362,-0.8168277740478516,-0.9023603796958923,-0.7731019854545593,-1.090646505355835,-0.8311450481414795,-1.0193438529968262,-0.8462363481521606,0.23697887361049652,0.019435307011008263,0.09941285103559494,0.03262247145175934,0.31940069794654846,0.0521172396838665,0.015551835298538208,0.01946292631328106,0.12475298345088959,0.0802648514509201
76,VNM,Vietnam,2021,1.7106215953826904,1.1856012344360352,4.804276466369629,5,-1.0041168928146362,-0.8168277740478516,-0.9023603796958923,-0.7731019854545593,-1.090646505355835,-0.8311450481414795,-1.0193438529968262,-0.8462363481521606,0.23697887361049652,0.019435307011008263,0.09941285103559494,0.03262247145175934,0.31940069794654846,0.0521172396838665,0.015551835298538208,0.01946292631328106,0.12475298345088959,0.0802648514509201
76,VNM,Vietnam,2022,0.6460008025169373,1.237338662147522,4.804276466369629,5,-1.0041168928146362,-0.8168277740478516,-0.9023603796958923,-0.7731019854545593,-1.090646505355835,-0.8311450481414795,-1.0193438529968262,-0.8462363481521606,0.23697887361049652,0.019435307011008263,0.09941285103559494,0.03262247145175934,0.31940069794654846,0.0521172396838665,0.015551835298538208,0.01946292631328106,0.12475298345088959,0.0802648514509201
76,VNM,Vietnam,2023,1.6631464958190918,1.2521429061889648,4.804276466369629,5,-1.0041168928146362,-0.8168277740478516,-0.9023603796958923,-0.7731019854545593,-1.090646505355835,-0.8311450481414795,-1.0193438529968262,-0.8462363481521606,0.23697887361049652,0.019435307011008263,0.09941285103559494,0.03262247145175934,0.31940069794654846,0.0521172396838665,0.015551835298538208,0.01946292631328106,0.12475298345088959,0.0802648514509201
77,ZAF,South Africa,2018,-6.3950324058532715,0.6775676012039185,4.6953582763671875,5,-0.0641661062836647,0.42816126346588135,-0.015326484106481075,0.4052412509918213,0.13372927904129028,0.435666024684906,-0.31090110540390015,0.44357651472091675,0.2744080126285553,0.020109808072447777,0.0917842835187912,0.037143513560295105,0.2772940397262573,0.051386453211307526,0.017276078462600708,0.015095957554876804,0.13470421731472015,0.08079767227172852
77,ZAF,South Africa,2019,-8.257451057434082,0.6142374873161316,4.6953582763671875,5,-0.0641661062836647,0.42816126346588135,-0.015326484106481075,0.4052412509918213,0.13372927904129028,0.435666024684906,-0.31090110540390015,0.44357651472091675,0.2744080126285553,0.020109808072447777,0.0917842835187912,0.037143513560295105,0.2772940397262573,0.051386453211307526,0.017276078462600708,0.015095957554876804,0.13470421731472015,0.08079767227172852
77,ZAF,South Africa,2020,-7.980379581451416,0.5203908085823059,4.6953582763671875,5,-0.0641661062836647,0.42816126346588135,-0.015326484106481075,0.4052412509918213,0.13372927904129028,0.435666024684906,-0.31090110540390015,0.44357651472091675,0.2744080126285553,0.020109808072447777,0.0917842835187912,0.037143513560295105,0.2772940397262573,0.051386453211307526,0.017276078462600708,0.015095957554876804,0.13470421731472015,0.08079767227172852
77,ZAF,South Africa,2021,-12.659340858459473,0.5041799545288086,4.6953582763671875,5,-0.0641661062836647,0.42816126346588135,-0.015326484106481075,0.4052412509918213,0.13372927904129028,0.435666024684906,-0.31090110540390015,0.44357651472091675,0.2744080126285553,0.020109808072447777,0.0917842835187912,0.037143513560295105,0.2772940397262573,0.051386453211307526,0.017276078462600708,0.015095957554876804,0.13470421731472015,0.08079767227172852
77,ZAF,South Africa,2022,-15.694624900817871,0.49460387229919434,4.6953582763671875,5,-0.0641661062836647,0.42816126346588135,-0.015326484106481075,0.4052412509918213,0.13372927904129028,0.435666024684906,-0.31090110540390015,0.44357651472091675,0.2744080126285553,0.020109808072447777,0.0917842835187912,0.037143513560295105,0.2772940397262573,0.051386453211307526,0.017276078462600708,0.015095957554876804,0.13470421731472015,0.08079767227172852
77,ZAF,South Africa,2023,-19.3819637298584,0.3983045816421509,4.6953582763671875,5,-0.0641661062836647,0.42816126346588135,-0.015326484106481075,0.4052412509918213,0.13372927904129028,0.435666024684906,-0.31090110540390015,0.44357651472091675,0.2744080126285553,0.020109808072447777,0.0917842835187912,0.037143513560295105,0.2772940397262573,0.051386453211307526,0.017276078462600708,0.015095957554876804,0.13470421731472015,0.08079767227172852
