entity_id,entity_code,entity_name,year,y_true,y_pred,k_star,omega_peak,proxy_signal_true,proxy_signal_pred,proxy_1_true,proxy_1_pred,proxy_2_true,proxy_2_pred,proxy_3_true,proxy_3_pred,omega_1,omega_2,omega_3,omega_4,omega_5,omega_6,omega_7,omega_8,omega_9,omega_10
0,ARE,United Arab Emirates,2018,-77.53056335449219,0.5615177154541016,5.5,1,0.18880443274974823,0.9938244223594666,0.332748681306839,0.954562246799469,0.2764120101928711,1.1325770616531372,-0.042747389525175095,0.8943337798118591,0.10000000149011612,0.10000000149011612,0.10000000149011612,0.10000000149011612,0.10000000149011612,0.10000000149011612,0.10000000149011612,0.10000000149011612,0.10000000149011612,0.10000000149011612
0,ARE,United Arab Emirates,2019,-233.2926788330078,0.3717113733291626,5.5,1,0.18880443274974823,0.9938244223594666,0.332748681306839,0.954562246799469,0.2764120101928711,1.1325770616531372,-0.042747389525175095,0.8943337798118591,0.10000000149011612,0.10000000149011612,0.10000000149011612,0.10000000149011612,0.10000000149011612,0.10000000149011612,0.10000000149011612,0.10000000149011612,0.10000000149011612,0.10000000149011612
0,ARE,United Arab Emirates,2020,-435.1805725097656,0.19750931859016418,5.5,1,0.18880443274974823,0.9938244223594666,0.332748681306839,0.954562246799469,0.2764120101928711,1.1325770616531372,-0.042747389525175095,0.8943337798118591,0.10000000149011612,0.10000000149011612,0.10000000149011612,0.10000000149011612,0.10000000149011612,0.10000000149011612,0.10000000149011612,0.10000000149011612,0.10000000149011612,0.10000000149011612
0,ARE,United Arab Emirates,2021,-1001.4480590820312,0.024380894377827644,5.5,1,0.18880443274974823,0.9938244223594666,0.332748681306839,0.954562246799469,0.2764120101928711,1.1325770616531372,-0.042747389525175095,0.8943337798118591,0.10000000149011612,0.10000000149011612,0.10000000149011612,0.10000000149011612,0.10000000149011612,0.10000000149011612,0.10000000149011612,0.10000000149011612,0.10000000149011612,0.10000000149011612
0,ARE,United Arab Emirates,2022,-1657.7239990234375,-0.09282675385475159,5.5,1,0.18880443274974823,0.9938244223594666,0.332748681306839,0.954562246799469,0.2764120101928711,1.1325770616531372,-0.042747389525175095,0.8943337798118591,0.10000000149011612,0.10000000149011612,0.10000000149011612,0.10000000149011612,0.10000000149011612,0.10000000149011612,0.10000000149011612,0.10000000149011612,0.10000000149011612,0.10000000149011612
0,ARE,United Arab Emirates,2023,-2705.017333984375,-0.1667143702507019,5.5,1,0.18880443274974823,0.9938244223594666,0.332748681306839,0.954562246799469,0.2764120101928711,1.1325770616531372,-0.042747389525175095,0.8943337798118591,0.10000000149011612,0.10000000149011612,0.10000000149011612,0.10000000149011612,0.10000000149011612,0.10000000149011612,0.10000000149011612,0.10000000149011612,0.10000000149011612,0.10000000149011612
1,ARG,Argentina,2018,1.6428788900375366,0.20327582955360413,5.5,1,-0.6909387707710266,-0.4017578065395355,-0.40908560156822205,-0.38588598370552063,-0.8905236124992371,-0.45784908533096313,-0.7732071280479431,-0.36153826117515564,0.10000000149011612,0.10000000149011612,0.10000000149011612,0.10000000149011612,0.10000000149011612,0.10000000149011612,0.10000000149011612,0.10000000149011612,0.10000000149011612,0.10000000149011612
1,ARG,Argentina,2019,1.1453611850738525,0.3495244085788727,5.5,1,-0.6909387707710266,-0.4017578065395355,-0.40908560156822205,-0.38588598370552063,-0.8905236124992371,-0.45784908533096313,-0.7732071280479431,-0.36153826117515564,0.10000000149011612,0.10000000149011612,0.10000000149011612,0.10000000149011612,0.10000000149011612,0.10000000149011612,0.10000000149011612,0.10000000149011612,0.10000000149011612,0.10000000149011612
1,ARG,Argentina,2020,1.0582135915756226,0.3550174832344055,5.5,1,-0.6909387707710266,-0.4017578065395355,-0.40908560156822205,-0.38588598370552063,-0.8905236124992371,-0.45784908533096313,-0.7732071280479431,-0.36153826117515564,0.10000000149011612,0.10000000149011612,0.10000000149011612,0.10000000149011612,0.10000000149011612,0.10000000149011612,0.10000000149011612,0.10000000149011612,0.10000000149011612,0.10000000149011612
1,ARG,Argentina,2021,1.4250097274780273,0.32089415192604065,5.5,1,-0.6909387707710266,-0.4017578065395355,-0.40908560156822205,-0.38588598370552063,-0.8905236124992371,-0.45784908533096313,-0.7732071280479431,-0.36153826117515564,0.10000000149011612,0.10000000149011612,0.10000000149011612,0.10000000149011612,0.10000000149011612,0.10000000149011612,0.10000000149011612,0.10000000149011612,0.10000000149011612,0.10000000149011612
1,ARG,Argentina,2022,0.9982249736785889,0.24539576470851898,5.5,1,-0.6909387707710266,-0.4017578065395355,-0.40908560156822205,-0.38588598370552063,-0.8905236124992371,-0.45784908533096313,-0.7732071280479431,-0.36153826117515564,0.10000000149011612,0.10000000149011612,0.10000000149011612,0.10000000149011612,0.10000000149011612,0.10000000149011612,0.10000000149011612,0.10000000149011612,0.10000000149011612,0.10000000149011612
1,ARG,Argentina,2023,-0.24900130927562714,0.18543946743011475,5.5,1,-0.6909387707710266,-0.4017578065395355,-0.40908560156822205,-0.38588598370552063,-0.8905236124992371,-0.45784908533096313,-0.7732071280479431,-0.36153826117515564,0.10000000149011612,0.10000000149011612,0.10000000149011612,0.10000000149011612,0.10000000149011612,0.10000000149011612,0.10000000149011612,0.10000000149011612,0.10000000149011612,0.10000000149011612
2,AUS,Australia,2018,-7.367125034332275,-0.016614636406302452,5.5,1,1.25566828250885,0.13586854934692383,1.2781401872634888,0.13050086796283722,1.1565734148025513,0.15483786165714264,1.3322911262512207,0.12226692587137222,0.10000000149011612,0.10000000149011612,0.10000000149011612,0.10000000149011612,0.10000000149011612,0.10000000149011612,0.10000000149011612,0.10000000149011612,0.10000000149011612,0.10000000149011612
2,AUS,Australia,2019,-8.657783508300781,-0.13754785060882568,5.5,1,1.25566828250885,0.13586854934692383,1.2781401872634888,0.13050086796283722,1.1565734148025513,0.15483786165714264,1.3322911262512207,0.12226692587137222,0.10000000149011612,0.10000000149011612,0.10000000149011612,0.10000000149011612,0.10000000149011612,0.10000000149011612,0.10000000149011612,0.10000000149011612,0.10000000149011612,0.10000000149011612
2,AUS,Australia,2020,-10.614906311035156,-0.24435916543006897,5.5,1,1.25566828250885,0.13586854934692383,1.2781401872634888,0.13050086796283722,1.1565734148025513,0.15483786165714264,1.3322911262512207,0.12226692587137222,0.10000000149011612,0.10000000149011612,0.10000000149011612,0.10000000149011612,0.10000000149011612,0.10000000149011612,0.10000000149011612,0.10000000149011612,0.10000000149011612,0.10000000149011612
2,AUS,Australia,2021,-13.180018424987793,-0.3396870493888855,5.5,1,1.25566828250885,0.13586854934692383,1.2781401872634888,0.13050086796283722,1.1565734148025513,0.15483786165714264,1.3322911262512207,0.12226692587137222,0.10000000149011612,0.10000000149011612,0.10000000149011612,0.10000000149011612,0.10000000149011612,0.10000000149011612,0.10000000149011612,0.10000000149011612,0.10000000149011612,0.10000000149011612
2,AUS,Australia,2022,-15.15616226196289,-0.44715115427970886,5.5,1,1.25566828250885,0.13586854934692383,1.2781401872634888,0.13050086796283722,1.1565734148025513,0.15483786165714264,1.3322911262512207,0.12226692587137222,0.10000000149011612,0.10000000149011612,0.10000000149011612,0.10000000149011612,0.10000000149011612,0.10000000149011612,0.10000000149011612,0.10000000149011612,0.10000000149011612,0.10000000149011612
2,AUS,Australia,2023,-16.646900177001953,-0.5135646462440491,5.5,1,1.25566828250885,0.13586854934692383,1.2781401872634888,0.13050086796283722,1.1565734148025513,0.15483786165714264,1.3322911262512207,0.12226692587137222,0.10000000149011612,0.10000000149011612,0.10000000149011612,0.10000000149011612,0.10000000149011612,0.10000000149011612,0.10000000149011612,0.10000000149011612,0.10000000149011612,0.10000000149011612
3,AUT,Austria,2018,-3.331990957260132,0.440870463848114,5.5,1,1.3129711151123047,0.08642081171274185,1.3305449485778809,0.08300662040710449,1.1512476205825806,0.09848649054765701,1.4571207761764526,0.07776933908462524,0.10000000149011612,0.10000000149011612,0.10000000149011612,0.10000000149011612,0.10000000149011612,0.10000000149011612,0.10000000149011612,0.10000000149011612,0.10000000149011612,0.10000000149011612
3,AUT,Austria,2019,-3.5629565715789795,0.5214025378227234,5.5,1,1.3129711151123047,0.08642081171274185,1.3305449485778809,0.08300662040710449,1.1512476205825806,0.09848649054765701,1.4571207761764526,0.07776933908462524,0.10000000149011612,0.10000000149011612,0.10000000149011612,0.10000000149011612,0.10000000149011612,0.10000000149011612,0.10000000149011612,0.10000000149011612,0.10000000149011612,0.10000000149011612
3,AUT,Austria,2020,-4.44062614440918,0.43832871317863464,5.5,1,1.3129711151123047,0.08642081171274185,1.3305449485778809,0.08300662040710449,1.1512476205825806,0.09848649054765701,1.4571207761764526,0.07776933908462524,0.10000000149011612,0.10000000149011612,0.10000000149011612,0.10000000149011612,0.10000000149011612,0.10000000149011612,0.10000000149011612,0.10000000149011612,0.10000000149011612,0.10000000149011612
3,AUT,Austria,2021,-4.349145412445068,0.3977756202220917,5.5,1,1.3129711151123047,0.08642081171274185,1.3305449485778809,0.08300662040710449,1.1512476205825806,0.09848649054765701,1.4571207761764526,0.07776933908462524,0.10000000149011612,0.10000000149011612,0.10000000149011612,0.10000000149011612,0.10000000149011612,0.10000000149011612,0.10000000149011612,0.10000000149011612,0.10000000149011612,0.10000000149011612
3,AUT,Austria,2022,-4.098706245422363,0.401620477437973,5.5,1,1.3129711151123047,0.08642081171274185,1.3305449485778809,0.08300662040710449,1.1512476205825806,0.09848649054765701,1.4571207761764526,0.07776933908462524,0.10000000149011612,0.10000000149011612,0.10000000149011612,0.10000000149011612,0.10000000149011612,0.10000000149011612,0.10000000149011612,0.10000000149011612,0.10000000149011612,0.10000000149011612
3,AUT,Austria,2023,-5.443741798400879,0.32436051964759827,5.5,1,1.3129711151123047,0.08642081171274185,1.3305449485778809,0.08300662040710449,1.1512476205825806,0.09848649054765701,1.4571207761764526,0.07776933908462524,0.10000000149011612,0.10000000149011612,0.10000000149011612,0.10000000149011612,0.10000000149011612,0.10000000149011612,0.10000000149011612,0.10000000149011612,0.10000000149011612,0.10000000149011612
4,AZE,Azerbaijan,2018,3.094372272491455,-0.12508408725261688,5.5,1,-1.294363021850586,-0.9155490398406982,-1.4495718479156494,-0.879379391670227,-1.172594428062439,-1.0433732271194458,-1.2609230279922485,-0.8238945007324219,0.10000000149011612,0.10000000149011612,0.10000000149011612,0.10000000149011612,0.10000000149011612,0.10000000149011612,0.10000000149011612,0.10000000149011612,0.10000000149011612,0.10000000149011612
4,AZE,Azerbaijan,2019,3.558119297027588,0.14956989884376526,5.5,1,-1.294363021850586,-0.9155490398406982,-1.4495718479156494,-0.879379391670227,-1.172594428062439,-1.0433732271194458,-1.2609230279922485,-0.8238945007324219,0.10000000149011612,0.10000000149011612,0.10000000149011612,0.10000000149011612,0.10000000149011612,0.10000000149011612,0.10000000149011612,0.10000000149011612,0.10000000149011612,0.10000000149011612
4,AZE,Azerbaijan,2020,4.490204811096191,0.20404848456382751,5.5,1,-1.294363021850586,-0.9155490398406982,-1.4495718479156494,-0.879379391670227,-1.172594428062439,-1.0433732271194458,-1.2609230279922485,-0.8238945007324219,0.10000000149011612,0.10000000149011612,0.10000000149011612,0.10000000149011612,0.10000000149011612,0.10000000149011612,0.10000000149011612,0.10000000149011612,0.10000000149011612,0.10000000149011612
4,AZE,Azerbaijan,2021,4.194814682006836,0.1300433725118637,5.5,1,-1.294363021850586,-0.9155490398406982,-1.4495718479156494,-0.879379391670227,-1.172594428062439,-1.0433732271194458,-1.2609230279922485,-0.8238945007324219,0.10000000149011612,0.10000000149011612,0.10000000149011612,0.10000000149011612,0.10000000149011612,0.10000000149011612,0.10000000149011612,0.10000000149011612,0.10000000149011612,0.10000000149011612
4,AZE,Azerbaijan,2022,3.8313167095184326,0.03957618772983551,5.5,1,-1.294363021850586,-0.9155490398406982,-1.4495718479156494,-0.879379391670227,-1.172594428062439,-1.0433732271194458,-1.2609230279922485,-0.8238945007324219,0.10000000149011612,0.10000000149011612,0.10000000149011612,0.10000000149011612,0.10000000149011612,0.10000000149011612,0.10000000149011612,0.10000000149011612,0.10000000149011612,0.10000000149011612
4,AZE,Azerbaijan,2023,3.7241804599761963,-0.06901122629642487,5.5,1,-1.294363021850586,-0.9155490398406982,-1.4495718479156494,-0.879379391670227,-1.172594428062439,-1.0433732271194458,-1.2609230279922485,-0.8238945007324219,0.10000000149011612,0.10000000149011612,0.10000000149011612,0.10000000149011612,0.10000000149011612,0.10000000149011612,0.10000000149011612,0.10000000149011612,0.10000000149011612,0.10000000149011612
5,BEL,Belgium,2018,-2.035623550415039,0.08664250373840332,5.5,1,0.9798359274864197,0.308749794960022,1.2219529151916504,0.29655224084854126,0.8175865411758423,0.35185590386390686,0.8999684453010559,0.2778412103652954,0.10000000149011612,0.10000000149011612,0.10000000149011612,0.10000000149011612,0.10000000149011612,0.10000000149011612,0.10000000149011612,0.10000000149011612,0.10000000149011612,0.10000000149011612
5,BEL,Belgium,2019,-3.1006269454956055,0.14998555183410645,5.5,1,0.9798359274864197,0.308749794960022,1.2219529151916504,0.29655224084854126,0.8175865411758423,0.35185590386390686,0.8999684453010559,0.2778412103652954,0.10000000149011612,0.10000000149011612,0.10000000149011612,0.10000000149011612,0.10000000149011612,0.10000000149011612,0.10000000149011612,0.10000000149011612,0.10000000149011612,0.10000000149011612
5,BEL,Belgium,2020,-2.7479605674743652,0.1377011239528656,5.5,1,0.9798359274864197,0.308749794960022,1.2219529151916504,0.29655224084854126,0.8175865411758423,0.35185590386390686,0.8999684453010559,0.2778412103652954,0.10000000149011612,0.10000000149011612,0.10000000149011612,0.10000000149011612,0.10000000149011612,0.10000000149011612,0.10000000149011612,0.10000000149011612,0.10000000149011612,0.10000000149011612
5,BEL,Belgium,2021,-3.9674084186553955,0.1081799864768982,5.5,1,0.9798359274864197,0.308749794960022,1.2219529151916504,0.29655224084854126,0.8175865411758423,0.35185590386390686,0.8999684453010559,0.2778412103652954,0.10000000149011612,0.10000000149011612,0.10000000149011612,0.10000000149011612,0.10000000149011612,0.10000000149011612,0.10000000149011612,0.10000000149011612,0.10000000149011612,0.10000000149011612
5,BEL,Belgium,2022,-3.700895071029663,0.07691690325737,5.5,1,0.9798359274864197,0.308749794960022,1.2219529151916504,0.29655224084854126,0.8175865411758423,0.35185590386390686,0.8999684453010559,0.2778412103652954,0.10000000149011612,0.10000000149011612,0.10000000149011612,0.10000000149011612,0.10000000149011612,0.10000000149011612,0.10000000149011612,0.10000000149011612,0.10000000149011612,0.10000000149011612
5,BEL,Belgium,2023,-3.867947578430176,0.05395671725273132,5.5,1,0.9798359274864197,0.308749794960022,1.2219529151916504,0.29655224084854126,0.8175865411758423,0.35185590386390686,0.8999684453010559,0.2778412103652954,0.10000000149011612,0.10000000149011612,0.10000000149011612,0.10000000149011612,0.10000000149011612,0.10000000149011612,0.10000000149011612,0.10000000149011612,0.10000000149011612,0.10000000149011612
6,BGD,Bangladesh,2018,1.2597620487213135,0.014970822259783745,5.5,1,-1.3428869247436523,-1.017844557762146,-1.2080445289611816,-0.977633535861969,-1.482562780380249,-1.159950613975525,-1.3380534648895264,-0.9159492254257202,0.10000000149011612,0.10000000149011612,0.10000000149011612,0.10000000149011612,0.10000000149011612,0.10000000149011612,0.10000000149011612,0.10000000149011612,0.10000000149011612,0.10000000149011612
6,BGD,Bangladesh,2019,1.4318774938583374,0.7716952562332153,5.5,1,-1.3428869247436523,-1.017844557762146,-1.2080445289611816,-0.977633535861969,-1.482562780380249,-1.159950613975525,-1.3380534648895264,-0.9159492254257202,0.10000000149011612,0.10000000149011612,0.10000000149011612,0.10000000149011612,0.10000000149011612,0.10000000149011612,0.10000000149011612,0.10000000149011612,0.10000000149011612,0.10000000149011612
6,BGD,Bangladesh,2020,1.717698097229004,1.1881309747695923,5.5,1,-1.3428869247436523,-1.017844557762146,-1.2080445289611816,-0.977633535861969,-1.482562780380249,-1.159950613975525,-1.3380534648895264,-0.9159492254257202,0.10000000149011612,0.10000000149011612,0.10000000149011612,0.10000000149011612,0.10000000149011612,0.10000000149011612,0.10000000149011612,0.10000000149011612,0.10000000149011612,0.10000000149011612
6,BGD,Bangladesh,2021,1.7278225421905518,1.4312280416488647,5.5,1,-1.3428869247436523,-1.017844557762146,-1.2080445289611816,-0.977633535861969,-1.482562780380249,-1.159950613975525,-1.3380534648895264,-0.9159492254257202,0.10000000149011612,0.10000000149011612,0.10000000149011612,0.10000000149011612,0.10000000149011612,0.10000000149011612,0.10000000149011612,0.10000000149011612,0.10000000149011612,0.10000000149011612
6,BGD,Bangladesh,2022,1.5284489393234253,1.5629924535751343,5.5,1,-1.3428869247436523,-1.017844557762146,-1.2080445289611816,-0.977633535861969,-1.482562780380249,-1.159950613975525,-1.3380534648895264,-0.9159492254257202,0.10000000149011612,0.10000000149011612,0.10000000149011612,0.10000000149011612,0.10000000149011612,0.10000000149011612,0.10000000149011612,0.10000000149011612,0.10000000149011612,0.10000000149011612
6,BGD,Bangladesh,2023,2.0307767391204834,1.6329097747802734,5.5,1,-1.3428869247436523,-1.017844557762146,-1.2080445289611816,-0.977633535861969,-1.482562780380249,-1.159950613975525,-1.3380534648895264,-0.9159492254257202,0.10000000149011612,0.10000000149011612,0.10000000149011612,0.10000000149011612,0.10000000149011612,0.10000000149011612,0.10000000149011612,0.10000000149011612,0.10000000149011612,0.10000000149011612
7,BGR,Bulgaria,2018,-1.3296480178833008,1.0787934064865112,5.5,1,-0.42611977458000183,0.7366612553596497,-0.6209486722946167,0.7075586318969727,-0.13856160640716553,0.8395102024078369,-0.5188490152359009,0.6629149913787842,0.10000000149011612,0.10000000149011612,0.10000000149011612,0.10000000149011612,0.10000000149011612,0.10000000149011612,0.10000000149011612,0.10000000149011612,0.10000000149011612,0.10000000149011612
7,BGR,Bulgaria,2019,-1.4306131601333618,1.4627280235290527,5.5,1,-0.42611977458000183,0.7366612553596497,-0.6209486722946167,0.7075586318969727,-0.13856160640716553,0.8395102024078369,-0.5188490152359009,0.6629149913787842,0.10000000149011612,0.10000000149011612,0.10000000149011612,0.10000000149011612,0.10000000149011612,0.10000000149011612,0.10000000149011612,0.10000000149011612,0.10000000149011612,0.10000000149011612
7,BGR,Bulgaria,2020,-2.8135833740234375,1.629233479499817,5.5,1,-0.42611977458000183,0.7366612553596497,-0.6209486722946167,0.7075586318969727,-0.13856160640716553,0.8395102024078369,-0.5188490152359009,0.6629149913787842,0.10000000149011612,0.10000000149011612,0.10000000149011612,0.10000000149011612,0.10000000149011612,0.10000000149011612,0.10000000149011612,0.10000000149011612,0.10000000149011612,0.10000000149011612
7,BGR,Bulgaria,2021,-2.0215117931365967,1.7048507928848267,5.5,1,-0.42611977458000183,0.7366612553596497,-0.6209486722946167,0.7075586318969727,-0.13856160640716553,0.8395102024078369,-0.5188490152359009,0.6629149913787842,0.10000000149011612,0.10000000149011612,0.10000000149011612,0.10000000149011612,0.10000000149011612,0.10000000149011612,0.10000000149011612,0.10000000149011612,0.10000000149011612,0.10000000149011612
7,BGR,Bulgaria,2022,-0.48078346252441406,1.738554835319519,5.5,1,-0.42611977458000183,0.7366612553596497,-0.6209486722946167,0.7075586318969727,-0.13856160640716553,0.8395102024078369,-0.5188490152359009,0.6629149913787842,0.10000000149011612,0.10000000149011612,0.10000000149011612,0.10000000149011612,0.10000000149011612,0.10000000149011612,0.10000000149011612,0.10000000149011612,0.10000000149011612,0.10000000149011612
7,BGR,Bulgaria,2023,-3.970643997192383,1.75508451461792,5.5,1,-0.42611977458000183,0.7366612553596497,-0.6209486722946167,0.7075586318969727,-0.13856160640716553,0.8395102024078369,-0.5188490152359009,0.6629149913787842,0.10000000149011612,0.10000000149011612,0.10000000149011612,0.10000000149011612,0.10000000149011612,0.10000000149011612,0.10000000149011612,0.10000000149011612,0.10000000149011612,0.10000000149011612
8,BLR,Belarus,2018,-2.643580675125122,0.24987398087978363,5.5,1,-1.5520426034927368,-1.2319084405899048,-1.4920120239257812,-1.1832406520843506,-1.8896420001983643,-1.403901219367981,-1.2744739055633545,-1.1085835695266724,0.10000000149011612,0.10000000149011612,0.10000000149011612,0.10000000149011612,0.10000000149011612,0.10000000149011612,0.10000000149011612,0.10000000149011612,0.10000000149011612,0.10000000149011612
8,BLR,Belarus,2019,-3.0715856552124023,0.7324128746986389,5.5,1,-1.5520426034927368,-1.2319084405899048,-1.4920120239257812,-1.1832406520843506,-1.8896420001983643,-1.403901219367981,-1.2744739055633545,-1.1085835695266724,0.10000000149011612,0.10000000149011612,0.10000000149011612,0.10000000149011612,0.10000000149011612,0.10000000149011612,0.10000000149011612,0.10000000149011612,0.10000000149011612,0.10000000149011612
8,BLR,Belarus,2020,-3.0823307037353516,0.9422606825828552,5.5,1,-1.5520426034927368,-1.2319084405899048,-1.4920120239257812,-1.1832406520843506,-1.8896420001983643,-1.403901219367981,-1.2744739055633545,-1.1085835695266724,0.10000000149011612,0.10000000149011612,0.10000000149011612,0.10000000149011612,0.10000000149011612,0.10000000149011612,0.10000000149011612,0.10000000149011612,0.10000000149011612,0.10000000149011612
8,BLR,Belarus,2021,-14.810386657714844,1.0500494241714478,5.5,1,-1.5520426034927368,-1.2319084405899048,-1.4920120239257812,-1.1832406520843506,-1.8896420001983643,-1.403901219367981,-1.2744739055633545,-1.1085835695266724,0.10000000149011612,0.10000000149011612,0.10000000149011612,0.10000000149011612,0.10000000149011612,0.10000000149011612,0.10000000149011612,0.10000000149011612,0.10000000149011612,0.10000000149011612
8,BLR,Belarus,2022,-13.734106063842773,1.1115518808364868,5.5,1,-1.5520426034927368,-1.2319084405899048,-1.4920120239257812,-1.1832406520843506,-1.8896420001983643,-1.403901219367981,-1.2744739055633545,-1.1085835695266724,0.10000000149011612,0.10000000149011612,0.10000000149011612,0.10000000149011612,0.10000000149011612,0.10000000149011612,0.10000000149011612,0.10000000149011612,0.10000000149011612,0.10000000149011612
8,BLR,Belarus,2023,-27.134784698486328,1.1484025716781616,5.5,1,-1.5520426034927368,-1.2319084405899048,-1.4920120239257812,-1.1832406520843506,-1.8896420001983643,-1.403901219367981,-1.2744739055633545,-1.1085835695266724,0.10000000149011612,0.10000000149011612,0.10000000149011612,0.10000000149011612,0.10000000149011612,0.10000000149011612,0.10000000149011612,0.10000000149011612,0.10000000149011612,0.10000000149011612
9,BRA,Brazil,2018,4.812175750732422,0.14924733340740204,5.5,1,-0.532637357711792,0.3318016231060028,-0.5499132871627808,0.3186933994293213,-0.37875303626060486,0.3781261146068573,-0.669245719909668,0.29858535528182983,0.10000000149011612,0.10000000149011612,0.10000000149011612,0.10000000149011612,0.10000000149011612,0.10000000149011612,0.10000000149011612,0.10000000149011612,0.10000000149011612,0.10000000149011612
9,BRA,Brazil,2019,5.404086589813232,0.5476292967796326,5.5,1,-0.532637357711792,0.3318016231060028,-0.5499132871627808,0.3186933994293213,-0.37875303626060486,0.3781261146068573,-0.669245719909668,0.29858535528182983,0.10000000149011612,0.10000000149011612,0.10000000149011612,0.10000000149011612,0.10000000149011612,0.10000000149011612,0.10000000149011612,0.10000000149011612,0.10000000149011612,0.10000000149011612
9,BRA,Brazil,2020,4.385476589202881,0.7286598086357117,5.5,1,-0.532637357711792,0.3318016231060028,-0.5499132871627808,0.3186933994293213,-0.37875303626060486,0.3781261146068573,-0.669245719909668,0.29858535528182983,0.10000000149011612,0.10000000149011612,0.10000000149011612,0.10000000149011612,0.10000000149011612,0.10000000149011612,0.10000000149011612,0.10000000149011612,0.10000000149011612,0.10000000149011612
9,BRA,Brazil,2021,8.511026382446289,0.8375980257987976,5.5,1,-0.532637357711792,0.3318016231060028,-0.5499132871627808,0.3186933994293213,-0.37875303626060486,0.3781261146068573,-0.669245719909668,0.29858535528182983,0.10000000149011612,0.10000000149011612,0.10000000149011612,0.10000000149011612,0.10000000149011612,0.10000000149011612,0.10000000149011612,0.10000000149011612,0.10000000149011612,0.10000000149011612
9,BRA,Brazil,2022,0.8233122229576111,0.895278811454773,5.5,1,-0.532637357711792,0.3318016231060028,-0.5499132871627808,0.3186933994293213,-0.37875303626060486,0.3781261146068573,-0.669245719909668,0.29858535528182983,0.10000000149011612,0.10000000149011612,0.10000000149011612,0.10000000149011612,0.10000000149011612,0.10000000149011612,0.10000000149011612,0.10000000149011612,0.10000000149011612,0.10000000149011612
9,BRA,Brazil,2023,-0.02414296381175518,0.9392327666282654,5.5,1,-0.532637357711792,0.3318016231060028,-0.5499132871627808,0.3186933994293213,-0.37875303626060486,0.3781261146068573,-0.669245719909668,0.29858535528182983,0.10000000149011612,0.10000000149011612,0.10000000149011612,0.10000000149011612,0.10000000149011612,0.10000000149011612,0.10000000149011612,0.10000000149011612,0.10000000149011612,0.10000000149011612
10,CAN,Canada,2018,-3.718440532684326,-0.9575403332710266,5.5,1,1.2861608266830444,0.16433440148830414,1.3746321201324463,0.15784214437007904,1.1545178890228271,0.18727797269821167,1.3293325901031494,0.1478830873966217,0.10000000149011612,0.10000000149011612,0.10000000149011612,0.10000000149011612,0.10000000149011612,0.10000000149011612,0.10000000149011612,0.10000000149011612,0.10000000149011612,0.10000000149011612
10,CAN,Canada,2019,-3.770698308944702,-1.1111310720443726,5.5,1,1.2861608266830444,0.16433440148830414,1.3746321201324463,0.15784214437007904,1.1545178890228271,0.18727797269821167,1.3293325901031494,0.1478830873966217,0.10000000149011612,0.10000000149011612,0.10000000149011612,0.10000000149011612,0.10000000149011612,0.10000000149011612,0.10000000149011612,0.10000000149011612,0.10000000149011612,0.10000000149011612
10,CAN,Canada,2020,-4.2692484855651855,-1.335044026374817,5.5,1,1.2861608266830444,0.16433440148830414,1.3746321201324463,0.15784214437007904,1.1545178890228271,0.18727797269821167,1.3293325901031494,0.1478830873966217,0.10000000149011612,0.10000000149011612,0.10000000149011612,0.10000000149011612,0.10000000149011612,0.10000000149011612,0.10000000149011612,0.10000000149011612,0.10000000149011612,0.10000000149011612
10,CAN,Canada,2021,-4.04820442199707,-1.5421768426895142,5.5,1,1.2861608266830444,0.16433440148830414,1.3746321201324463,0.15784214437007904,1.1545178890228271,0.18727797269821167,1.3293325901031494,0.1478830873966217,0.10000000149011612,0.10000000149011612,0.10000000149011612,0.10000000149011612,0.10000000149011612,0.10000000149011612,0.10000000149011612,0.10000000149011612,0.10000000149011612,0.10000000149011612
10,CAN,Canada,2022,-4.334720611572266,-1.654103398323059,5.5,1,1.2861608266830444,0.16433440148830414,1.3746321201324463,0.15784214437007904,1.1545178890228271,0.18727797269821167,1.3293325901031494,0.1478830873966217,0.10000000149011612,0.10000000149011612,0.10000000149011612,0.10000000149011612,0.10000000149011612,0.10000000149011612,0.10000000149011612,0.10000000149011612,0.10000000149011612,0.10000000149011612
10,CAN,Canada,2023,-3.507607936859131,-1.7174530029296875,5.5,1,1.2861608266830444,0.16433440148830414,1.3746321201324463,0.15784214437007904,1.1545178890228271,0.18727797269821167,1.3293325901031494,0.1478830873966217,0.10000000149011612,0.10000000149011612,0.10000000149011612,0.10000000149011612,0.10000000149011612,0.10000000149011612,0.10000000149011612,0.10000000149011612,0.10000000149011612,0.10000000149011612
11,CHE,Switzerland,2018,1.0894922018051147,1.2428404092788696,5.5,1,1.412360668182373,0.127736434340477,1.4461179971694946,0.12269002199172974,1.2956862449645996,0.14557038247585297,1.4952778816223145,0.11494890600442886,0.10000000149011612,0.10000000149011612,0.10000000149011612,0.10000000149011612,0.10000000149011612,0.10000000149011612,0.10000000149011612,0.10000000149011612,0.10000000149011612,0.10000000149011612
11,CHE,Switzerland,2019,0.49372902512550354,1.0151718854904175,5.5,1,1.412360668182373,0.127736434340477,1.4461179971694946,0.12269002199172974,1.2956862449645996,0.14557038247585297,1.4952778816223145,0.11494890600442886,0.10000000149011612,0.10000000149011612,0.10000000149011612,0.10000000149011612,0.10000000149011612,0.10000000149011612,0.10000000149011612,0.10000000149011612,0.10000000149011612,0.10000000149011612
11,CHE,Switzerland,2020,1.5537232160568237,0.8579780459403992,5.5,1,1.412360668182373,0.127736434340477,1.4461179971694946,0.12269002199172974,1.2956862449645996,0.14557038247585297,1.4952778816223145,0.11494890600442886,0.10000000149011612,0.10000000149011612,0.10000000149011612,0.10000000149011612,0.10000000149011612,0.10000000149011612,0.10000000149011612,0.10000000149011612,0.10000000149011612,0.10000000149011612
11,CHE,Switzerland,2021,3.0005764961242676,0.7564262747764587,5.5,1,1.412360668182373,0.127736434340477,1.4461179971694946,0.12269002199172974,1.2956862449645996,0.14557038247585297,1.4952778816223145,0.11494890600442886,0.10000000149011612,0.10000000149011612,0.10000000149011612,0.10000000149011612,0.10000000149011612,0.10000000149011612,0.10000000149011612,0.10000000149011612,0.10000000149011612,0.10000000149011612
11,CHE,Switzerland,2022,2.025691270828247,0.7064589858055115,5.5,1,1.412360668182373,0.127736434340477,1.4461179971694946,0.12269002199172974,1.2956862449645996,0.14557038247585297,1.4952778816223145,0.11494890600442886,0.10000000149011612,0.10000000149011612,0.10000000149011612,0.10000000149011612,0.10000000149011612,0.10000000149011612,0.10000000149011612,0.10000000149011612,0.10000000149011612,0.10000000149011612
11,CHE,Switzerland,2023,-4.210478782653809,0.6639626026153564,5.5,1,1.412360668182373,0.127736434340477,1.4461179971694946,0.12269002199172974,1.2956862449645996,0.14557038247585297,1.4952778816223145,0.11494890600442886,0.10000000149011612,0.10000000149011612,0.10000000149011612,0.10000000149011612,0.10000000149011612,0.10000000149011612,0.10000000149011612,0.10000000149011612,0.10000000149011612,0.10000000149011612
12,CHL,Chile,2018,1.4454405307769775,0.30828675627708435,5.5,1,0.8483307957649231,0.22583937644958496,0.667232871055603,0.21691732108592987,1.016435146331787,0.2573699653148651,0.8613244891166687,0.20323088765144348,0.10000000149011612,0.10000000149011612,0.10000000149011612,0.10000000149011612,0.10000000149011612,0.10000000149011612,0.10000000149011612,0.10000000149011612,0.10000000149011612,0.10000000149011612
12,CHL,Chile,2019,1.1679426431655884,0.8128066062927246,5.5,1,0.8483307957649231,0.22583937644958496,0.667232871055603,0.21691732108592987,1.016435146331787,0.2573699653148651,0.8613244891166687,0.20323088765144348,0.10000000149011612,0.10000000149011612,0.10000000149011612,0.10000000149011612,0.10000000149011612,0.10000000149011612,0.10000000149011612,0.10000000149011612,0.10000000149011612,0.10000000149011612
12,CHL,Chile,2020,0.7698724865913391,0.9952792525291443,5.5,1,0.8483307957649231,0.22583937644958496,0.667232871055603,0.21691732108592987,1.016435146331787,0.2573699653148651,0.8613244891166687,0.20323088765144348,0.10000000149011612,0.10000000149011612,0.10000000149011612,0.10000000149011612,0.10000000149011612,0.10000000149011612,0.10000000149011612,0.10000000149011612,0.10000000149011612,0.10000000149011612
12,CHL,Chile,2021,0.5402398705482483,1.1296864748001099,5.5,1,0.8483307957649231,0.22583937644958496,0.667232871055603,0.21691732108592987,1.016435146331787,0.2573699653148651,0.8613244891166687,0.20323088765144348,0.10000000149011612,0.10000000149011612,0.10000000149011612,0.10000000149011612,0.10000000149011612,0.10000000149011612,0.10000000149011612,0.10000000149011612,0.10000000149011612,0.10000000149011612
12,CHL,Chile,2022,-0.5233001708984375,1.1731557846069336,5.5,1,0.8483307957649231,0.22583937644958496,0.667232871055603,0.21691732108592987,1.016435146331787,0.2573699653148651,0.8613244891166687,0.20323088765144348,0.10000000149011612,0.10000000149011612,0.10000000149011612,0.10000000149011612,0.10000000149011612,0.10000000149011612,0.10000000149011612,0.10000000149011612,0.10000000149011612,0.10000000149011612
12,CHL,Chile,2023,-1.9592610597610474,1.207116723060608,5.5,1,0.8483307957649231,0.22583937644958496,0.667232871055603,0.21691732108592987,1.016435146331787,0.2573699653148651,0.8613244891166687,0.20323088765144348,0.10000000149011612,0.10000000149011612,0.10000000149011612,0.10000000149011612,0.10000000149011612,0.10000000149011612,0.10000000149011612,0.10000000149011612,0.10000000149011612,0.10000000149011612
13,CHN,China,2018,-8.663586616516113,-0.4094052314758301,5.5,1,-0.8438493609428406,-0.360097736120224,-0.7442506551742554,-0.3458717465400696,-0.7500977516174316,-0.41037267446517944,-1.03719961643219,-0.3240487277507782,0.10000000149011612,0.10000000149011612,0.10000000149011612,0.10000000149011612,0.10000000149011612,0.10000000149011612,0.10000000149011612,0.10000000149011612,0.10000000149011612,0.10000000149011612
13,CHN,China,2019,-9.760994911193848,-0.35439205169677734,5.5,1,-0.8438493609428406,-0.360097736120224,-0.7442506551742554,-0.3458717465400696,-0.7500977516174316,-0.41037267446517944,-1.03719961643219,-0.3240487277507782,0.10000000149011612,0.10000000149011612,0.10000000149011612,0.10000000149011612,0.10000000149011612,0.10000000149011612,0.10000000149011612,0.10000000149011612,0.10000000149011612,0.10000000149011612
13,CHN,China,2020,-10.60916519165039,-0.36079707741737366,5.5,1,-0.8438493609428406,-0.360097736120224,-0.7442506551742554,-0.3458717465400696,-0.7500977516174316,-0.41037267446517944,-1.03719961643219,-0.3240487277507782,0.10000000149011612,0.10000000149011612,0.10000000149011612,0.10000000149011612,0.10000000149011612,0.10000000149011612,0.10000000149011612,0.10000000149011612,0.10000000149011612,0.10000000149011612
13,CHN,China,2021,-11.069491386413574,-0.386400431394577,5.5,1,-0.8438493609428406,-0.360097736120224,-0.7442506551742554,-0.3458717465400696,-0.7500977516174316,-0.41037267446517944,-1.03719961643219,-0.3240487277507782,0.10000000149011612,0.10000000149011612,0.10000000149011612,0.10000000149011612,0.10000000149011612,0.10000000149011612,0.10000000149011612,0.10000000149011612,0.10000000149011612,0.10000000149011612
13,CHN,China,2022,-11.851537704467773,-0.3946722149848938,5.5,1,-0.8438493609428406,-0.360097736120224,-0.7442506551742554,-0.3458717465400696,-0.7500977516174316,-0.41037267446517944,-1.03719961643219,-0.3240487277507782,0.10000000149011612,0.10000000149011612,0.10000000149011612,0.10000000149011612,0.10000000149011612,0.10000000149011612,0.10000000149011612,0.10000000149011612,0.10000000149011612,0.10000000149011612
13,CHN,China,2023,-12.087423324584961,-0.40228408575057983,5.5,1,-0.8438493609428406,-0.360097736120224,-0.7442506551742554,-0.3458717465400696,-0.7500977516174316,-0.41037267446517944,-1.03719961643219,-0.3240487277507782,0.10000000149011612,0.10000000149011612,0.10000000149011612,0.10000000149011612,0.10000000149011612,0.10000000149011612,0.10000000149011612,0.10000000149011612,0.10000000149011612,0.10000000149011612
14,COL,Colombia,2018,0.3820185363292694,-0.39104941487312317,5.5,1,-0.757061779499054,-0.05103684961795807,-0.7152259349822998,-0.049020636826753616,-0.5119652152061462,-0.05816230922937393,-1.0439940690994263,-0.04592759534716606,0.10000000149011612,0.10000000149011612,0.10000000149011612,0.10000000149011612,0.10000000149011612,0.10000000149011612,0.10000000149011612,0.10000000149011612,0.10000000149011612,0.10000000149011612
14,COL,Colombia,2019,2.6013519763946533,-0.07908262312412262,5.5,1,-0.757061779499054,-0.05103684961795807,-0.7152259349822998,-0.049020636826753616,-0.5119652152061462,-0.05816230922937393,-1.0439940690994263,-0.04592759534716606,0.10000000149011612,0.10000000149011612,0.10000000149011612,0.10000000149011612,0.10000000149011612,0.10000000149011612,0.10000000149011612,0.10000000149011612,0.10000000149011612,0.10000000149011612
14,COL,Colombia,2020,3.8599977493286133,0.03127618134021759,5.5,1,-0.757061779499054,-0.05103684961795807,-0.7152259349822998,-0.049020636826753616,-0.5119652152061462,-0.05816230922937393,-1.0439940690994263,-0.04592759534716606,0.10000000149011612,0.10000000149011612,0.10000000149011612,0.10000000149011612,0.10000000149011612,0.10000000149011612,0.10000000149011612,0.10000000149011612,0.10000000149011612,0.10000000149011612
14,COL,Colombia,2021,0.7301899194717407,0.016068311408162117,5.5,1,-0.757061779499054,-0.05103684961795807,-0.7152259349822998,-0.049020636826753616,-0.5119652152061462,-0.05816230922937393,-1.0439940690994263,-0.04592759534716606,0.10000000149011612,0.10000000149011612,0.10000000149011612,0.10000000149011612,0.10000000149011612,0.10000000149011612,0.10000000149011612,0.10000000149011612,0.10000000149011612,0.10000000149011612
14,COL,Colombia,2022,0.9924597144126892,-0.06762871146202087,5.5,1,-0.757061779499054,-0.05103684961795807,-0.7152259349822998,-0.049020636826753616,-0.5119652152061462,-0.05816230922937393,-1.0439940690994263,-0.04592759534716606,0.10000000149011612,0.10000000149011612,0.10000000149011612,0.10000000149011612,0.10000000149011612,0.10000000149011612,0.10000000149011612,0.10000000149011612,0.10000000149011612,0.10000000149011612
14,COL,Colombia,2023,3.7653815746307373,-0.14656278491020203,5.5,1,-0.757061779499054,-0.05103684961795807,-0.7152259349822998,-0.049020636826753616,-0.5119652152061462,-0.05816230922937393,-1.0439940690994263,-0.04592759534716606,0.10000000149011612,0.10000000149011612,0.10000000149011612,0.10000000149011612,0.10000000149011612,0.10000000149011612,0.10000000149011612,0.10000000149011612,0.10000000149011612,0.10000000149011612
15,CYP,Cyprus,2018,-11.052656173706055,0.29907047748565674,5.5,1,0.7725202441215515,0.3052283823490143,0.8672822117805481,0.2931699752807617,0.7250233292579651,0.34784287214279175,0.725255012512207,0.27467235922813416,0.10000000149011612,0.10000000149011612,0.10000000149011612,0.10000000149011612,0.10000000149011612,0.10000000149011612,0.10000000149011612,0.10000000149011612,0.10000000149011612,0.10000000149011612
15,CYP,Cyprus,2019,-11.571080207824707,0.4848747253417969,5.5,1,0.7725202441215515,0.3052283823490143,0.8672822117805481,0.2931699752807617,0.7250233292579651,0.34784287214279175,0.725255012512207,0.27467235922813416,0.10000000149011612,0.10000000149011612,0.10000000149011612,0.10000000149011612,0.10000000149011612,0.10000000149011612,0.10000000149011612,0.10000000149011612,0.10000000149011612,0.10000000149011612
15,CYP,Cyprus,2020,-14.400252342224121,0.5171635150909424,5.5,1,0.7725202441215515,0.3052283823490143,0.8672822117805481,0.2931699752807617,0.7250233292579651,0.34784287214279175,0.725255012512207,0.27467235922813416,0.10000000149011612,0.10000000149011612,0.10000000149011612,0.10000000149011612,0.10000000149011612,0.10000000149011612,0.10000000149011612,0.10000000149011612,0.10000000149011612,0.10000000149011612
15,CYP,Cyprus,2021,-17.67461395263672,0.5048546195030212,5.5,1,0.7725202441215515,0.3052283823490143,0.8672822117805481,0.2931699752807617,0.7250233292579651,0.34784287214279175,0.725255012512207,0.27467235922813416,0.10000000149011612,0.10000000149011612,0.10000000149011612,0.10000000149011612,0.10000000149011612,0.10000000149011612,0.10000000149011612,0.10000000149011612,0.10000000149011612,0.10000000149011612
15,CYP,Cyprus,2022,-19.47079086303711,0.4706728160381317,5.5,1,0.7725202441215515,0.3052283823490143,0.8672822117805481,0.2931699752807617,0.7250233292579651,0.34784287214279175,0.725255012512207,0.27467235922813416,0.10000000149011612,0.10000000149011612,0.10000000149011612,0.10000000149011612,0.10000000149011612,0.10000000149011612,0.10000000149011612,0.10000000149011612,0.10000000149011612,0.10000000149011612
15,CYP,Cyprus,2023,-23.38113784790039,0.4421003758907318,5.5,1,0.7725202441215515,0.3052283823490143,0.8672822117805481,0.2931699752807617,0.7250233292579651,0.34784287214279175,0.725255012512207,0.27467235922813416,0.10000000149011612,0.10000000149011612,0.10000000149011612,0.10000000149011612,0.10000000149011612,0.10000000149011612,0.10000000149011612,0.10000000149011612,0.10000000149011612,0.10000000149011612
16,CZE,Czechia,2018,-2.3009228706359863,0.3855781853199005,5.5,1,0.365255743265152,0.3842453956604004,0.28039175271987915,0.3690653443336487,0.4478796720504761,0.43789181113243103,0.3674957752227783,0.34577906131744385,0.10000000149011612,0.10000000149011612,0.10000000149011612,0.10000000149011612,0.10000000149011612,0.10000000149011612,0.10000000149011612,0.10000000149011612,0.10000000149011612,0.10000000149011612
16,CZE,Czechia,2019,-2.761939525604248,0.5305092930793762,5.5,1,0.365255743265152,0.3842453956604004,0.28039175271987915,0.3690653443336487,0.4478796720504761,0.43789181113243103,0.3674957752227783,0.34577906131744385,0.10000000149011612,0.10000000149011612,0.10000000149011612,0.10000000149011612,0.10000000149011612,0.10000000149011612,0.10000000149011612,0.10000000149011612,0.10000000149011612,0.10000000149011612
16,CZE,Czechia,2020,-3.448472261428833,0.5750953555107117,5.5,1,0.365255743265152,0.3842453956604004,0.28039175271987915,0.3690653443336487,0.4478796720504761,0.43789181113243103,0.3674957752227783,0.34577906131744385,0.10000000149011612,0.10000000149011612,0.10000000149011612,0.10000000149011612,0.10000000149011612,0.10000000149011612,0.10000000149011612,0.10000000149011612,0.10000000149011612,0.10000000149011612
16,CZE,Czechia,2021,-3.2644777297973633,0.5929324626922607,5.5,1,0.365255743265152,0.3842453956604004,0.28039175271987915,0.3690653443336487,0.4478796720504761,0.43789181113243103,0.3674957752227783,0.34577906131744385,0.10000000149011612,0.10000000149011612,0.10000000149011612,0.10000000149011612,0.10000000149011612,0.10000000149011612,0.10000000149011612,0.10000000149011612,0.10000000149011612,0.10000000149011612
16,CZE,Czechia,2022,-3.0018773078918457,0.5980536341667175,5.5,1,0.365255743265152,0.3842453956604004,0.28039175271987915,0.3690653443336487,0.4478796720504761,0.43789181113243103,0.3674957752227783,0.34577906131744385,0.10000000149011612,0.10000000149011612,0.10000000149011612,0.10000000149011612,0.10000000149011612,0.10000000149011612,0.10000000149011612,0.10000000149011612,0.10000000149011612,0.10000000149011612
16,CZE,Czechia,2023,-3.7278714179992676,0.604132890701294,5.5,1,0.365255743265152,0.3842453956604004,0.28039175271987915,0.3690653443336487,0.4478796720504761,0.43789181113243103,0.3674957752227783,0.34577906131744385,0.10000000149011612,0.10000000149011612,0.10000000149011612,0.10000000149011612,0.10000000149011612,0.10000000149011612,0.10000000149011612,0.10000000149011612,0.10000000149011612,0.10000000149011612
17,DEU,Germany,2018,-4.408335208892822,-0.14893782138824463,5.5,1,1.162001371383667,0.10604291409254074,1.2181392908096313,0.10185351967811584,0.9860901236534119,0.12084811180830002,1.2817747592926025,0.09542708843946457,0.10000000149011612,0.10000000149011612,0.10000000149011612,0.10000000149011612,0.10000000149011612,0.10000000149011612,0.10000000149011612,0.10000000149011612,0.10000000149011612,0.10000000149011612
17,DEU,Germany,2019,-7.129828929901123,-0.13804011046886444,5.5,1,1.162001371383667,0.10604291409254074,1.2181392908096313,0.10185351967811584,0.9860901236534119,0.12084811180830002,1.2817747592926025,0.09542708843946457,0.10000000149011612,0.10000000149011612,0.10000000149011612,0.10000000149011612,0.10000000149011612,0.10000000149011612,0.10000000149011612,0.10000000149011612,0.10000000149011612,0.10000000149011612
17,DEU,Germany,2020,-8.748512268066406,-0.17368271946907043,5.5,1,1.162001371383667,0.10604291409254074,1.2181392908096313,0.10185351967811584,0.9860901236534119,0.12084811180830002,1.2817747592926025,0.09542708843946457,0.10000000149011612,0.10000000149011612,0.10000000149011612,0.10000000149011612,0.10000000149011612,0.10000000149011612,0.10000000149011612,0.10000000149011612,0.10000000149011612,0.10000000149011612
17,DEU,Germany,2021,-7.036392688751221,-0.20512892305850983,5.5,1,1.162001371383667,0.10604291409254074,1.2181392908096313,0.10185351967811584,0.9860901236534119,0.12084811180830002,1.2817747592926025,0.09542708843946457,0.10000000149011612,0.10000000149011612,0.10000000149011612,0.10000000149011612,0.10000000149011612,0.10000000149011612,0.10000000149011612,0.10000000149011612,0.10000000149011612,0.10000000149011612
17,DEU,Germany,2022,-5.935337066650391,-0.2325451672077179,5.5,1,1.162001371383667,0.10604291409254074,1.2181392908096313,0.10185351967811584,0.9860901236534119,0.12084811180830002,1.2817747592926025,0.09542708843946457,0.10000000149011612,0.10000000149011612,0.10000000149011612,0.10000000149011612,0.10000000149011612,0.10000000149011612,0.10000000149011612,0.10000000149011612,0.10000000149011612,0.10000000149011612
17,DEU,Germany,2023,-8.335287094116211,-0.24665316939353943,5.5,1,1.162001371383667,0.10604291409254074,1.2181392908096313,0.10185351967811584,0.9860901236534119,0.12084811180830002,1.2817747592926025,0.09542708843946457,0.10000000149011612,0.10000000149011612,0.10000000149011612,0.10000000149011612,0.10000000149011612,0.10000000149011612,0.10000000149011612,0.10000000149011612,0.10000000149011612,0.10000000149011612
18,DNK,Denmark,2018,-4.1028218269348145,-0.01974761299788952,5.5,1,1.5067936182022095,0.16698598861694336,1.5459808111190796,0.1603889912366867,1.4523217678070068,0.19029977917671204,1.522078514099121,0.15026924014091492,0.10000000149011612,0.10000000149011612,0.10000000149011612,0.10000000149011612,0.10000000149011612,0.10000000149011612,0.10000000149011612,0.10000000149011612,0.10000000149011612,0.10000000149011612
18,DNK,Denmark,2019,-5.251770973205566,-0.11347272992134094,5.5,1,1.5067936182022095,0.16698598861694336,1.5459808111190796,0.1603889912366867,1.4523217678070068,0.19029977917671204,1.522078514099121,0.15026924014091492,0.10000000149011612,0.10000000149011612,0.10000000149011612,0.10000000149011612,0.10000000149011612,0.10000000149011612,0.10000000149011612,0.10000000149011612,0.10000000149011612,0.10000000149011612
18,DNK,Denmark,2020,-5.442167282104492,-0.24290794134140015,5.5,1,1.5067936182022095,0.16698598861694336,1.5459808111190796,0.1603889912366867,1.4523217678070068,0.19029977917671204,1.522078514099121,0.15026924014091492,0.10000000149011612,0.10000000149011612,0.10000000149011612,0.10000000149011612,0.10000000149011612,0.10000000149011612,0.10000000149011612,0.10000000149011612,0.10000000149011612,0.10000000149011612
18,DNK,Denmark,2021,-5.020071029663086,-0.3842308223247528,5.5,1,1.5067936182022095,0.16698598861694336,1.5459808111190796,0.1603889912366867,1.4523217678070068,0.19029977917671204,1.522078514099121,0.15026924014091492,0.10000000149011612,0.10000000149011612,0.10000000149011612,0.10000000149011612,0.10000000149011612,0.10000000149011612,0.10000000149011612,0.10000000149011612,0.10000000149011612,0.10000000149011612
18,DNK,Denmark,2022,-5.26057767868042,-0.5128017067909241,5.5,1,1.5067936182022095,0.16698598861694336,1.5459808111190796,0.1603889912366867,1.4523217678070068,0.19029977917671204,1.522078514099121,0.15026924014091492,0.10000000149011612,0.10000000149011612,0.10000000149011612,0.10000000149011612,0.10000000149011612,0.10000000149011612,0.10000000149011612,0.10000000149011612,0.10000000149011612,0.10000000149011612
18,DNK,Denmark,2023,-5.907427787780762,-0.6117132306098938,5.5,1,1.5067936182022095,0.16698598861694336,1.5459808111190796,0.1603889912366867,1.4523217678070068,0.19029977917671204,1.522078514099121,0.15026924014091492,0.10000000149011612,0.10000000149011612,0.10000000149011612,0.10000000149011612,0.10000000149011612,0.10000000149011612,0.10000000149011612,0.10000000149011612,0.10000000149011612,0.10000000149011612
19,DZA,Algeria,2018,-1.3783005475997925,-0.5907836556434631,5.5,1,-1.204992651939392,-0.8854660391807556,-1.152233362197876,-0.8504847884178162,-1.2305991649627686,-1.0090901851654053,-1.2321451902389526,-0.7968229651451111,0.10000000149011612,0.10000000149011612,0.10000000149011612,0.10000000149011612,0.10000000149011612,0.10000000149011612,0.10000000149011612,0.10000000149011612,0.10000000149011612,0.10000000149011612
19,DZA,Algeria,2019,-1.3506704568862915,-0.27934524416923523,5.5,1,-1.204992651939392,-0.8854660391807556,-1.152233362197876,-0.8504847884178162,-1.2305991649627686,-1.0090901851654053,-1.2321451902389526,-0.7968229651451111,0.10000000149011612,0.10000000149011612,0.10000000149011612,0.10000000149011612,0.10000000149011612,0.10000000149011612,0.10000000149011612,0.10000000149011612,0.10000000149011612,0.10000000149011612
19,DZA,Algeria,2020,-1.4138250350952148,-0.15635409951210022,5.5,1,-1.204992651939392,-0.8854660391807556,-1.152233362197876,-0.8504847884178162,-1.2305991649627686,-1.0090901851654053,-1.2321451902389526,-0.7968229651451111,0.10000000149011612,0.10000000149011612,0.10000000149011612,0.10000000149011612,0.10000000149011612,0.10000000149011612,0.10000000149011612,0.10000000149011612,0.10000000149011612,0.10000000149011612
19,DZA,Algeria,2021,-1.0506858825683594,-0.08970752358436584,5.5,1,-1.204992651939392,-0.8854660391807556,-1.152233362197876,-0.8504847884178162,-1.2305991649627686,-1.0090901851654053,-1.2321451902389526,-0.7968229651451111,0.10000000149011612,0.10000000149011612,0.10000000149011612,0.10000000149011612,0.10000000149011612,0.10000000149011612,0.10000000149011612,0.10000000149011612,0.10000000149011612,0.10000000149011612
19,DZA,Algeria,2022,-1.0033199787139893,-0.08907356858253479,5.5,1,-1.204992651939392,-0.8854660391807556,-1.152233362197876,-0.8504847884178162,-1.2305991649627686,-1.0090901851654053,-1.2321451902389526,-0.7968229651451111,0.10000000149011612,0.10000000149011612,0.10000000149011612,0.10000000149011612,0.10000000149011612,0.10000000149011612,0.10000000149011612,0.10000000149011612,0.10000000149011612,0.10000000149011612
19,DZA,Algeria,2023,-1.0033199787139893,-0.09815850853919983,5.5,1,-1.204992651939392,-0.8854660391807556,-1.152233362197876,-0.8504847884178162,-1.2305991649627686,-1.0090901851654053,-1.2321451902389526,-0.7968229651451111,0.10000000149011612,0.10000000149011612,0.10000000149011612,0.10000000149011612,0.10000000149011612,0.10000000149011612,0.10000000149011612,0.10000000149011612,0.10000000149011612,0.10000000149011612
20,ECU,Ecuador,2018,-1.1428673267364502,0.4004521369934082,5.5,1,-1.2054944038391113,-0.9109258055686951,-1.1715943813323975,-0.8749387264251709,-1.2544611692428589,-1.03810453414917,-1.1904276609420776,-0.8197340369224548,0.10000000149011612,0.10000000149011612,0.10000000149011612,0.10000000149011612,0.10000000149011612,0.10000000149011612,0.10000000149011612,0.10000000149011612,0.10000000149011612,0.10000000149011612
20,ECU,Ecuador,2019,-1.7627936601638794,0.8394671082496643,5.5,1,-1.2054944038391113,-0.9109258055686951,-1.1715943813323975,-0.8749387264251709,-1.2544611692428589,-1.03810453414917,-1.1904276609420776,-0.8197340369224548,0.10000000149011612,0.10000000149011612,0.10000000149011612,0.10000000149011612,0.10000000149011612,0.10000000149011612,0.10000000149011612,0.10000000149011612,0.10000000149011612,0.10000000149011612
20,ECU,Ecuador,2020,-1.9658561944961548,1.117836594581604,5.5,1,-1.2054944038391113,-0.9109258055686951,-1.1715943813323975,-0.8749387264251709,-1.2544611692428589,-1.03810453414917,-1.1904276609420776,-0.8197340369224548,0.10000000149011612,0.10000000149011612,0.10000000149011612,0.10000000149011612,0.10000000149011612,0.10000000149011612,0.10000000149011612,0.10000000149011612,0.10000000149011612,0.10000000149011612
20,ECU,Ecuador,2021,-2.1342613697052,1.2313369512557983,5.5,1,-1.2054944038391113,-0.9109258055686951,-1.1715943813323975,-0.8749387264251709,-1.2544611692428589,-1.03810453414917,-1.1904276609420776,-0.8197340369224548,0.10000000149011612,0.10000000149011612,0.10000000149011612,0.10000000149011612,0.10000000149011612,0.10000000149011612,0.10000000149011612,0.10000000149011612,0.10000000149011612,0.10000000149011612
20,ECU,Ecuador,2022,-1.612612009048462,1.3188660144805908,5.5,1,-1.2054944038391113,-0.9109258055686951,-1.1715943813323975,-0.8749387264251709,-1.2544611692428589,-1.03810453414917,-1.1904276609420776,-0.8197340369224548,0.10000000149011612,0.10000000149011612,0.10000000149011612,0.10000000149011612,0.10000000149011612,0.10000000149011612,0.10000000149011612,0.10000000149011612,0.10000000149011612,0.10000000149011612
20,ECU,Ecuador,2023,-1.6925028562545776,1.3716065883636475,5.5,1,-1.2054944038391113,-0.9109258055686951,-1.1715943813323975,-0.8749387264251709,-1.2544611692428589,-1.03810453414917,-1.1904276609420776,-0.8197340369224548,0.10000000149011612,0.10000000149011612,0.10000000149011612,0.10000000149011612,0.10000000149011612,0.10000000149011612,0.10000000149011612,0.10000000149011612,0.10000000149011612,0.10000000149011612
21,EGY,Egypt,2018,1.8549280166625977,0.7977122664451599,5.5,1,-0.7224758267402649,-0.5366531014442444,-0.816137969493866,-0.5154520869255066,-0.7838069200515747,-0.6115778088569641,-0.5674826502799988,-0.48292937874794006,0.10000000149011612,0.10000000149011612,0.10000000149011612,0.10000000149011612,0.10000000149011612,0.10000000149011612,0.10000000149011612,0.10000000149011612,0.10000000149011612,0.10000000149011612
21,EGY,Egypt,2019,1.397194504737854,1.166246771812439,5.5,1,-0.7224758267402649,-0.5366531014442444,-0.816137969493866,-0.5154520869255066,-0.7838069200515747,-0.6115778088569641,-0.5674826502799988,-0.48292937874794006,0.10000000149011612,0.10000000149011612,0.10000000149011612,0.10000000149011612,0.10000000149011612,0.10000000149011612,0.10000000149011612,0.10000000149011612,0.10000000149011612,0.10000000149011612
21,EGY,Egypt,2020,0.7784237861633301,1.2896870374679565,5.5,1,-0.7224758267402649,-0.5366531014442444,-0.816137969493866,-0.5154520869255066,-0.7838069200515747,-0.6115778088569641,-0.5674826502799988,-0.48292937874794006,0.10000000149011612,0.10000000149011612,0.10000000149011612,0.10000000149011612,0.10000000149011612,0.10000000149011612,0.10000000149011612,0.10000000149011612,0.10000000149011612,0.10000000149011612
21,EGY,Egypt,2021,0.7313584089279175,1.3096952438354492,5.5,1,-0.7224758267402649,-0.5366531014442444,-0.816137969493866,-0.5154520869255066,-0.7838069200515747,-0.6115778088569641,-0.5674826502799988,-0.48292937874794006,0.10000000149011612,0.10000000149011612,0.10000000149011612,0.10000000149011612,0.10000000149011612,0.10000000149011612,0.10000000149011612,0.10000000149011612,0.10000000149011612,0.10000000149011612
21,EGY,Egypt,2022,0.8227205872535706,1.2877095937728882,5.5,1,-0.7224758267402649,-0.5366531014442444,-0.816137969493866,-0.5154520869255066,-0.7838069200515747,-0.6115778088569641,-0.5674826502799988,-0.48292937874794006,0.10000000149011612,0.10000000149011612,0.10000000149011612,0.10000000149011612,0.10000000149011612,0.10000000149011612,0.10000000149011612,0.10000000149011612,0.10000000149011612,0.10000000149011612
21,EGY,Egypt,2023,0.880398690700531,1.249223232269287,5.5,1,-0.7224758267402649,-0.5366531014442444,-0.816137969493866,-0.5154520869255066,-0.7838069200515747,-0.6115778088569641,-0.5674826502799988,-0.48292937874794006,0.10000000149011612,0.10000000149011612,0.10000000149011612,0.10000000149011612,0.10000000149011612,0.10000000149011612,0.10000000149011612,0.10000000149011612,0.10000000149011612,0.10000000149011612
22,ESP,Spain,2018,-2.3918983936309814,0.24130494892597198,5.5,1,0.789492130279541,0.3036586344242096,0.8293587565422058,0.2916622459888458,0.796362042427063,0.34605395793914795,0.7427557706832886,0.2732597291469574,0.10000000149011612,0.10000000149011612,0.10000000149011612,0.10000000149011612,0.10000000149011612,0.10000000149011612,0.10000000149011612,0.10000000149011612,0.10000000149011612,0.10000000149011612
22,ESP,Spain,2019,-3.220625877380371,0.10675522685050964,5.5,1,0.789492130279541,0.3036586344242096,0.8293587565422058,0.2916622459888458,0.796362042427063,0.34605395793914795,0.7427557706832886,0.2732597291469574,0.10000000149011612,0.10000000149011612,0.10000000149011612,0.10000000149011612,0.10000000149011612,0.10000000149011612,0.10000000149011612,0.10000000149011612,0.10000000149011612,0.10000000149011612
22,ESP,Spain,2020,-4.112740993499756,-0.03564286231994629,5.5,1,0.789492130279541,0.3036586344242096,0.8293587565422058,0.2916622459888458,0.796362042427063,0.34605395793914795,0.7427557706832886,0.2732597291469574,0.10000000149011612,0.10000000149011612,0.10000000149011612,0.10000000149011612,0.10000000149011612,0.10000000149011612,0.10000000149011612,0.10000000149011612,0.10000000149011612,0.10000000149011612
22,ESP,Spain,2021,-4.21701192855835,-0.16573478281497955,5.5,1,0.789492130279541,0.3036586344242096,0.8293587565422058,0.2916622459888458,0.796362042427063,0.34605395793914795,0.7427557706832886,0.2732597291469574,0.10000000149011612,0.10000000149011612,0.10000000149011612,0.10000000149011612,0.10000000149011612,0.10000000149011612,0.10000000149011612,0.10000000149011612,0.10000000149011612,0.10000000149011612
22,ESP,Spain,2022,-3.774611234664917,-0.25506559014320374,5.5,1,0.789492130279541,0.3036586344242096,0.8293587565422058,0.2916622459888458,0.796362042427063,0.34605395793914795,0.7427557706832886,0.2732597291469574,0.10000000149011612,0.10000000149011612,0.10000000149011612,0.10000000149011612,0.10000000149011612,0.10000000149011612,0.10000000149011612,0.10000000149011612,0.10000000149011612,0.10000000149011612
22,ESP,Spain,2023,-4.671977519989014,-0.3135337829589844,5.5,1,0.789492130279541,0.3036586344242096,0.8293587565422058,0.2916622459888458,0.796362042427063,0.34605395793914795,0.7427557706832886,0.2732597291469574,0.10000000149011612,0.10000000149011612,0.10000000149011612,0.10000000149011612,0.10000000149011612,0.10000000149011612,0.10000000149011612,0.10000000149011612,0.10000000149011612,0.10000000149011612
23,EST,Estonia,2018,-4.833373069763184,0.3058462142944336,5.5,1,0.5303884744644165,0.4303535521030426,0.3051801919937134,0.4133519232273102,0.8016892075538635,0.4904373586177826,0.48429596424102783,0.38727137446403503,0.10000000149011612,0.10000000149011612,0.10000000149011612,0.10000000149011612,0.10000000149011612,0.10000000149011612,0.10000000149011612,0.10000000149011612,0.10000000149011612,0.10000000149011612
23,EST,Estonia,2019,-9.96490478515625,0.507189154624939,5.5,1,0.5303884744644165,0.4303535521030426,0.3051801919937134,0.4133519232273102,0.8016892075538635,0.4904373586177826,0.48429596424102783,0.38727137446403503,0.10000000149011612,0.10000000149011612,0.10000000149011612,0.10000000149011612,0.10000000149011612,0.10000000149011612,0.10000000149011612,0.10000000149011612,0.10000000149011612,0.10000000149011612
23,EST,Estonia,2020,-18.38939094543457,0.5133428573608398,5.5,1,0.5303884744644165,0.4303535521030426,0.3051801919937134,0.4133519232273102,0.8016892075538635,0.4904373586177826,0.48429596424102783,0.38727137446403503,0.10000000149011612,0.10000000149011612,0.10000000149011612,0.10000000149011612,0.10000000149011612,0.10000000149011612,0.10000000149011612,0.10000000149011612,0.10000000149011612,0.10000000149011612
23,EST,Estonia,2021,-14.705828666687012,0.4752558469772339,5.5,1,0.5303884744644165,0.4303535521030426,0.3051801919937134,0.4133519232273102,0.8016892075538635,0.4904373586177826,0.48429596424102783,0.38727137446403503,0.10000000149011612,0.10000000149011612,0.10000000149011612,0.10000000149011612,0.10000000149011612,0.10000000149011612,0.10000000149011612,0.10000000149011612,0.10000000149011612,0.10000000149011612
23,EST,Estonia,2022,-11.738649368286133,0.44113484025001526,5.5,1,0.5303884744644165,0.4303535521030426,0.3051801919937134,0.4133519232273102,0.8016892075538635,0.4904373586177826,0.48429596424102783,0.38727137446403503,0.10000000149011612,0.10000000149011612,0.10000000149011612,0.10000000149011612,0.10000000149011612,0.10000000149011612,0.10000000149011612,0.10000000149011612,0.10000000149011612,0.10000000149011612
23,EST,Estonia,2023,-19.71649742126465,0.41531023383140564,5.5,1,0.5303884744644165,0.4303535521030426,0.3051801919937134,0.4133519232273102,0.8016892075538635,0.4904373586177826,0.48429596424102783,0.38727137446403503,0.10000000149011612,0.10000000149011612,0.10000000149011612,0.10000000149011612,0.10000000149011612,0.10000000149011612,0.10000000149011612,0.10000000149011612,0.10000000149011612,0.10000000149011612
24,FIN,Finland,2018,-2.4947378635406494,0.6065316796302795,5.5,1,1.5118976831436157,0.14212331175804138,1.5876092910766602,0.1365085244178772,1.3751853704452515,0.16196587681770325,1.572898507118225,0.1278955340385437,0.10000000149011612,0.10000000149011612,0.10000000149011612,0.10000000149011612,0.10000000149011612,0.10000000149011612,0.10000000149011612,0.10000000149011612,0.10000000149011612,0.10000000149011612
24,FIN,Finland,2019,-3.0343379974365234,0.5626972317695618,5.5,1,1.5118976831436157,0.14212331175804138,1.5876092910766602,0.1365085244178772,1.3751853704452515,0.16196587681770325,1.572898507118225,0.1278955340385437,0.10000000149011612,0.10000000149011612,0.10000000149011612,0.10000000149011612,0.10000000149011612,0.10000000149011612,0.10000000149011612,0.10000000149011612,0.10000000149011612,0.10000000149011612
24,FIN,Finland,2020,-4.05517578125,0.5361768007278442,5.5,1,1.5118976831436157,0.14212331175804138,1.5876092910766602,0.1365085244178772,1.3751853704452515,0.16196587681770325,1.572898507118225,0.1278955340385437,0.10000000149011612,0.10000000149011612,0.10000000149011612,0.10000000149011612,0.10000000149011612,0.10000000149011612,0.10000000149011612,0.10000000149011612,0.10000000149011612,0.10000000149011612
24,FIN,Finland,2021,-3.9226253032684326,0.5172796249389648,5.5,1,1.5118976831436157,0.14212331175804138,1.5876092910766602,0.1365085244178772,1.3751853704452515,0.16196587681770325,1.572898507118225,0.1278955340385437,0.10000000149011612,0.10000000149011612,0.10000000149011612,0.10000000149011612,0.10000000149011612,0.10000000149011612,0.10000000149011612,0.10000000149011612,0.10000000149011612,0.10000000149011612
24,FIN,Finland,2022,-4.062594890594482,0.5014179348945618,5.5,1,1.5118976831436157,0.14212331175804138,1.5876092910766602,0.1365085244178772,1.3751853704452515,0.16196587681770325,1.572898507118225,0.1278955340385437,0.10000000149011612,0.10000000149011612,0.10000000149011612,0.10000000149011612,0.10000000149011612,0.10000000149011612,0.10000000149011612,0.10000000149011612,0.10000000149011612,0.10000000149011612
24,FIN,Finland,2023,-5.2590131759643555,0.4839026629924774,5.5,1,1.5118976831436157,0.14212331175804138,1.5876092910766602,0.1365085244178772,1.3751853704452515,0.16196587681770325,1.572898507118225,0.1278955340385437,0.10000000149011612,0.10000000149011612,0.10000000149011612,0.10000000149011612,0.10000000149011612,0.10000000149011612,0.10000000149011612,0.10000000149011612,0.10000000149011612,0.10000000149011612
25,FRA,France,2018,-2.937512159347534,0.14626982808113098,5.5,1,0.8883405327796936,0.20980937778949738,1.0859564542770386,0.20152059197425842,0.6707704067230225,0.23910193145275116,0.9082947969436646,0.18880562484264374,0.10000000149011612,0.10000000149011612,0.10000000149011612,0.10000000149011612,0.10000000149011612,0.10000000149011612,0.10000000149011612,0.10000000149011612,0.10000000149011612,0.10000000149011612
25,FRA,France,2019,-2.957599639892578,0.1746891885995865,5.5,1,0.8883405327796936,0.20980937778949738,1.0859564542770386,0.20152059197425842,0.6707704067230225,0.23910193145275116,0.9082947969436646,0.18880562484264374,0.10000000149011612,0.10000000149011612,0.10000000149011612,0.10000000149011612,0.10000000149011612,0.10000000149011612,0.10000000149011612,0.10000000149011612,0.10000000149011612,0.10000000149011612
25,FRA,France,2020,-3.0673086643218994,0.15884000062942505,5.5,1,0.8883405327796936,0.20980937778949738,1.0859564542770386,0.20152059197425842,0.6707704067230225,0.23910193145275116,0.9082947969436646,0.18880562484264374,0.10000000149011612,0.10000000149011612,0.10000000149011612,0.10000000149011612,0.10000000149011612,0.10000000149011612,0.10000000149011612,0.10000000149011612,0.10000000149011612,0.10000000149011612
25,FRA,France,2021,-2.956054449081421,0.12716440856456757,5.5,1,0.8883405327796936,0.20980937778949738,1.0859564542770386,0.20152059197425842,0.6707704067230225,0.23910193145275116,0.9082947969436646,0.18880562484264374,0.10000000149011612,0.10000000149011612,0.10000000149011612,0.10000000149011612,0.10000000149011612,0.10000000149011612,0.10000000149011612,0.10000000149011612,0.10000000149011612,0.10000000149011612
25,FRA,France,2022,-0.05572359263896942,0.13405533134937286,5.5,1,0.8883405327796936,0.20980937778949738,1.0859564542770386,0.20152059197425842,0.6707704067230225,0.23910193145275116,0.9082947969436646,0.18880562484264374,0.10000000149011612,0.10000000149011612,0.10000000149011612,0.10000000149011612,0.10000000149011612,0.10000000149011612,0.10000000149011612,0.10000000149011612,0.10000000149011612,0.10000000149011612
25,FRA,France,2023,-3.9094398021698,0.11706389486789703,5.5,1,0.8883405327796936,0.20980937778949738,1.0859564542770386,0.20152059197425842,0.6707704067230225,0.23910193145275116,0.9082947969436646,0.18880562484264374,0.10000000149011612,0.10000000149011612,0.10000000149011612,0.10000000149011612,0.10000000149011612,0.10000000149011612,0.10000000149011612,0.10000000149011612,0.10000000149011612,0.10000000149011612
26,GBR,United Kingdom,2018,-11.656635284423828,1.0850228071212769,5.5,1,1.2583589553833008,0.21329033374786377,1.1897099018096924,0.2048640251159668,1.3614327907562256,0.2430688887834549,1.2239340543746948,0.1919381022453308,0.10000000149011612,0.10000000149011612,0.10000000149011612,0.10000000149011612,0.10000000149011612,0.10000000149011612,0.10000000149011612,0.10000000149011612,0.10000000149011612,0.10000000149011612
26,GBR,United Kingdom,2019,-12.48721694946289,0.8550235629081726,5.5,1,1.2583589553833008,0.21329033374786377,1.1897099018096924,0.2048640251159668,1.3614327907562256,0.2430688887834549,1.2239340543746948,0.1919381022453308,0.10000000149011612,0.10000000149011612,0.10000000149011612,0.10000000149011612,0.10000000149011612,0.10000000149011612,0.10000000149011612,0.10000000149011612,0.10000000149011612,0.10000000149011612
26,GBR,United Kingdom,2020,-13.733572006225586,0.6391705870628357,5.5,1,1.2583589553833008,0.21329033374786377,1.1897099018096924,0.2048640251159668,1.3614327907562256,0.2430688887834549,1.2239340543746948,0.1919381022453308,0.10000000149011612,0.10000000149011612,0.10000000149011612,0.10000000149011612,0.10000000149011612,0.10000000149011612,0.10000000149011612,0.10000000149011612,0.10000000149011612,0.10000000149011612
26,GBR,United Kingdom,2021,-12.55033016204834,0.45267146825790405,5.5,1,1.2583589553833008,0.21329033374786377,1.1897099018096924,0.2048640251159668,1.3614327907562256,0.2430688887834549,1.2239340543746948,0.1919381022453308,0.10000000149011612,0.10000000149011612,0.10000000149011612,0.10000000149011612,0.10000000149011612,0.10000000149011612,0.10000000149011612,0.10000000149011612,0.10000000149011612,0.10000000149011612
26,GBR,United Kingdom,2022,-13.13424301147461,0.3014591336250305,5.5,1,1.2583589553833008,0.21329033374786377,1.1897099018096924,0.2048640251159668,1.3614327907562256,0.2430688887834549,1.2239340543746948,0.1919381022453308,0.10000000149011612,0.10000000149011612,0.10000000149011612,0.10000000149011612,0.10000000149011612,0.10000000149011612,0.10000000149011612,0.10000000149011612,0.10000000149011612,0.10000000149011612
26,GBR,United Kingdom,2023,-14.066479682922363,0.19720099866390228,5.5,1,1.2583589553833008,0.21329033374786377,1.1897099018096924,0.2048640251159668,1.3614327907562256,0.2430688887834549,1.2239340543746948,0.1919381022453308,0.10000000149011612,0.10000000149011612,0.10000000149011612,0.10000000149011612,0.10000000149011612,0.10000000149011612,0.10000000149011612,0.10000000149011612,0.10000000149011612,0.10000000149011612
27,GRC,Greece,2018,-5.507160186767578,-0.2911059856414795,5.5,1,0.21050052344799042,0.10096583515405655,0.004785913974046707,0.09697702527046204,0.24354657530784607,0.11506220698356628,0.3831690847873688,0.09085827320814133,0.10000000149011612,0.10000000149011612,0.10000000149011612,0.10000000149011612,0.10000000149011612,0.10000000149011612,0.10000000149011612,0.10000000149011612,0.10000000149011612,0.10000000149011612
27,GRC,Greece,2019,-6.582149982452393,-0.056214481592178345,5.5,1,0.21050052344799042,0.10096583515405655,0.004785913974046707,0.09697702527046204,0.24354657530784607,0.11506220698356628,0.3831690847873688,0.09085827320814133,0.10000000149011612,0.10000000149011612,0.10000000149011612,0.10000000149011612,0.10000000149011612,0.10000000149011612,0.10000000149011612,0.10000000149011612,0.10000000149011612,0.10000000149011612
27,GRC,Greece,2020,-8.231910705566406,-0.02007230930030346,5.5,1,0.21050052344799042,0.10096583515405655,0.004785913974046707,0.09697702527046204,0.24354657530784607,0.11506220698356628,0.3831690847873688,0.09085827320814133,0.10000000149011612,0.10000000149011612,0.10000000149011612,0.10000000149011612,0.10000000149011612,0.10000000149011612,0.10000000149011612,0.10000000149011612,0.10000000149011612,0.10000000149011612
27,GRC,Greece,2021,-9.12386703491211,-0.049621909856796265,5.5,1,0.21050052344799042,0.10096583515405655,0.004785913974046707,0.09697702527046204,0.24354657530784607,0.11506220698356628,0.3831690847873688,0.09085827320814133,0.10000000149011612,0.10000000149011612,0.10000000149011612,0.10000000149011612,0.10000000149011612,0.10000000149011612,0.10000000149011612,0.10000000149011612,0.10000000149011612,0.10000000149011612
27,GRC,Greece,2022,-9.264490127563477,-0.05473855137825012,5.5,1,0.21050052344799042,0.10096583515405655,0.004785913974046707,0.09697702527046204,0.24354657530784607,0.11506220698356628,0.3831690847873688,0.09085827320814133,0.10000000149011612,0.10000000149011612,0.10000000149011612,0.10000000149011612,0.10000000149011612,0.10000000149011612,0.10000000149011612,0.10000000149011612,0.10000000149011612,0.10000000149011612
27,GRC,Greece,2023,-10.155776977539062,-0.07895991206169128,5.5,1,0.21050052344799042,0.10096583515405655,0.004785913974046707,0.09697702527046204,0.24354657530784607,0.11506220698356628,0.3831690847873688,0.09085827320814133,0.10000000149011612,0.10000000149011612,0.10000000149011612,0.10000000149011612,0.10000000149011612,0.10000000149011612,0.10000000149011612,0.10000000149011612,0.10000000149011612,0.10000000149011612
28,HKG,Hong Kong,2018,-1.1459519863128662,1.45265793800354,5.5,1,1.1223636865615845,0.4048759639263153,1.0890463590621948,0.3888808488845825,1.3811711072921753,0.4614027142524719,0.8968734741210938,0.3643442988395691,0.10000000149011612,0.10000000149011612,0.10000000149011612,0.10000000149011612,0.10000000149011612,0.10000000149011612,0.10000000149011612,0.10000000149011612,0.10000000149011612,0.10000000149011612
28,HKG,Hong Kong,2019,-1.7272493839263916,1.5114891529083252,5.5,1,1.1223636865615845,0.4048759639263153,1.0890463590621948,0.3888808488845825,1.3811711072921753,0.4614027142524719,0.8968734741210938,0.3643442988395691,0.10000000149011612,0.10000000149011612,0.10000000149011612,0.10000000149011612,0.10000000149011612,0.10000000149011612,0.10000000149011612,0.10000000149011612,0.10000000149011612,0.10000000149011612
28,HKG,Hong Kong,2020,-5.682636260986328,1.513131022453308,5.5,1,1.1223636865615845,0.4048759639263153,1.0890463590621948,0.3888808488845825,1.3811711072921753,0.4614027142524719,0.8968734741210938,0.3643442988395691,0.10000000149011612,0.10000000149011612,0.10000000149011612,0.10000000149011612,0.10000000149011612,0.10000000149011612,0.10000000149011612,0.10000000149011612,0.10000000149011612,0.10000000149011612
28,HKG,Hong Kong,2021,-5.362922668457031,1.491958737373352,5.5,1,1.1223636865615845,0.4048759639263153,1.0890463590621948,0.3888808488845825,1.3811711072921753,0.4614027142524719,0.8968734741210938,0.3643442988395691,0.10000000149011612,0.10000000149011612,0.10000000149011612,0.10000000149011612,0.10000000149011612,0.10000000149011612,0.10000000149011612,0.10000000149011612,0.10000000149011612,0.10000000149011612
28,HKG,Hong Kong,2022,-5.762137413024902,1.4656156301498413,5.5,1,1.1223636865615845,0.4048759639263153,1.0890463590621948,0.3888808488845825,1.3811711072921753,0.4614027142524719,0.8968734741210938,0.3643442988395691,0.10000000149011612,0.10000000149011612,0.10000000149011612,0.10000000149011612,0.10000000149011612,0.10000000149011612,0.10000000149011612,0.10000000149011612,0.10000000149011612,0.10000000149011612
28,HKG,Hong Kong,2023,-5.774105072021484,1.4636600017547607,5.5,1,1.1223636865615845,0.4048759639263153,1.0890463590621948,0.3888808488845825,1.3811711072921753,0.4614027142524719,0.8968734741210938,0.3643442988395691,0.10000000149011612,0.10000000149011612,0.10000000149011612,0.10000000149011612,0.10000000149011612,0.10000000149011612,0.10000000149011612,0.10000000149011612,0.10000000149011612,0.10000000149011612
29,HRV,Croatia,2018,-2.1691575050354004,0.5808966755867004,5.5,1,-0.3481642007827759,0.5159227252006531,-0.2588765323162079,0.4955406188964844,-0.3555670380592346,0.5879532694816589,-0.4300490617752075,0.4642743170261383,0.10000000149011612,0.10000000149011612,0.10000000149011612,0.10000000149011612,0.10000000149011612,0.10000000149011612,0.10000000149011612,0.10000000149011612,0.10000000149011612,0.10000000149011612
29,HRV,Croatia,2019,-1.4451857805252075,0.815335750579834,5.5,1,-0.3481642007827759,0.5159227252006531,-0.2588765323162079,0.4955406188964844,-0.3555670380592346,0.5879532694816589,-0.4300490617752075,0.4642743170261383,0.10000000149011612,0.10000000149011612,0.10000000149011612,0.10000000149011612,0.10000000149011612,0.10000000149011612,0.10000000149011612,0.10000000149011612,0.10000000149011612,0.10000000149011612
29,HRV,Croatia,2020,-1.7230193614959717,0.8897349238395691,5.5,1,-0.3481642007827759,0.5159227252006531,-0.2588765323162079,0.4955406188964844,-0.3555670380592346,0.5879532694816589,-0.4300490617752075,0.4642743170261383,0.10000000149011612,0.10000000149011612,0.10000000149011612,0.10000000149011612,0.10000000149011612,0.10000000149011612,0.10000000149011612,0.10000000149011612,0.10000000149011612,0.10000000149011612
29,HRV,Croatia,2021,-2.0073060989379883,0.8783518671989441,5.5,1,-0.3481642007827759,0.5159227252006531,-0.2588765323162079,0.4955406188964844,-0.3555670380592346,0.5879532694816589,-0.4300490617752075,0.4642743170261383,0.10000000149011612,0.10000000149011612,0.10000000149011612,0.10000000149011612,0.10000000149011612,0.10000000149011612,0.10000000149011612,0.10000000149011612,0.10000000149011612,0.10000000149011612
29,HRV,Croatia,2022,-1.4104783535003662,0.8660300970077515,5.5,1,-0.3481642007827759,0.5159227252006531,-0.2588765323162079,0.4955406188964844,-0.3555670380592346,0.5879532694816589,-0.4300490617752075,0.4642743170261383,0.10000000149011612,0.10000000149011612,0.10000000149011612,0.10000000149011612,0.10000000149011612,0.10000000149011612,0.10000000149011612,0.10000000149011612,0.10000000149011612,0.10000000149011612
29,HRV,Croatia,2023,-2.236304998397827,0.8914756178855896,5.5,1,-0.3481642007827759,0.5159227252006531,-0.2588765323162079,0.4955406188964844,-0.3555670380592346,0.5879532694816589,-0.4300490617752075,0.4642743170261383,0.10000000149011612,0.10000000149011612,0.10000000149011612,0.10000000149011612,0.10000000149011612,0.10000000149011612,0.10000000149011612,0.10000000149011612,0.10000000149011612,0.10000000149011612
30,HUN,Hungary,2018,-2.826733112335205,-0.3393556773662567,5.5,1,0.43036317825317383,0.36186328530311584,0.30845627188682556,0.34756743907928467,0.5491956472396851,0.4123848080635071,0.4334375858306885,0.3256375789642334,0.10000000149011612,0.10000000149011612,0.10000000149011612,0.10000000149011612,0.10000000149011612,0.10000000149011612,0.10000000149011612,0.10000000149011612,0.10000000149011612,0.10000000149011612
30,HUN,Hungary,2019,-3.2313930988311768,-0.09055250138044357,5.5,1,0.43036317825317383,0.36186328530311584,0.30845627188682556,0.34756743907928467,0.5491956472396851,0.4123848080635071,0.4334375858306885,0.3256375789642334,0.10000000149011612,0.10000000149011612,0.10000000149011612,0.10000000149011612,0.10000000149011612,0.10000000149011612,0.10000000149011612,0.10000000149011612,0.10000000149011612,0.10000000149011612
30,HUN,Hungary,2020,-3.419083595275879,-0.010413667187094688,5.5,1,0.43036317825317383,0.36186328530311584,0.30845627188682556,0.34756743907928467,0.5491956472396851,0.4123848080635071,0.4334375858306885,0.3256375789642334,0.10000000149011612,0.10000000149011612,0.10000000149011612,0.10000000149011612,0.10000000149011612,0.10000000149011612,0.10000000149011612,0.10000000149011612,0.10000000149011612,0.10000000149011612
30,HUN,Hungary,2021,-3.8331387042999268,0.019714118912816048,5.5,1,0.43036317825317383,0.36186328530311584,0.30845627188682556,0.34756743907928467,0.5491956472396851,0.4123848080635071,0.4334375858306885,0.3256375789642334,0.10000000149011612,0.10000000149011612,0.10000000149011612,0.10000000149011612,0.10000000149011612,0.10000000149011612,0.10000000149011612,0.10000000149011612,0.10000000149011612,0.10000000149011612
30,HUN,Hungary,2022,-4.042897701263428,0.038614749908447266,5.5,1,0.43036317825317383,0.36186328530311584,0.30845627188682556,0.34756743907928467,0.5491956472396851,0.4123848080635071,0.4334375858306885,0.3256375789642334,0.10000000149011612,0.10000000149011612,0.10000000149011612,0.10000000149011612,0.10000000149011612,0.10000000149011612,0.10000000149011612,0.10000000149011612,0.10000000149011612,0.10000000149011612
30,HUN,Hungary,2023,-4.756733417510986,0.05352047085762024,5.5,1,0.43036317825317383,0.36186328530311584,0.30845627188682556,0.34756743907928467,0.5491956472396851,0.4123848080635071,0.4334375858306885,0.3256375789642334,0.10000000149011612,0.10000000149011612,0.10000000149011612,0.10000000149011612,0.10000000149011612,0.10000000149011612,0.10000000149011612,0.10000000149011612,0.10000000149011612,0.10000000149011612
31,IDN,Indonesia,2018,2.64410662651062,0.32285428047180176,5.5,1,-0.9561768174171448,-0.49709728360176086,-0.9402090311050415,-0.47745898365974426,-0.8002218008041382,-0.5664994120597839,-1.1280996799468994,-0.447333425283432,0.10000000149011612,0.10000000149011612,0.10000000149011612,0.10000000149011612,0.10000000149011612,0.10000000149011612,0.10000000149011612,0.10000000149011612,0.10000000149011612,0.10000000149011612
31,IDN,Indonesia,2019,3.317753314971924,0.7926107048988342,5.5,1,-0.9561768174171448,-0.49709728360176086,-0.9402090311050415,-0.47745898365974426,-0.8002218008041382,-0.5664994120597839,-1.1280996799468994,-0.447333425283432,0.10000000149011612,0.10000000149011612,0.10000000149011612,0.10000000149011612,0.10000000149011612,0.10000000149011612,0.10000000149011612,0.10000000149011612,0.10000000149011612,0.10000000149011612
31,IDN,Indonesia,2020,2.719416856765747,1.003685712814331,5.5,1,-0.9561768174171448,-0.49709728360176086,-0.9402090311050415,-0.47745898365974426,-0.8002218008041382,-0.5664994120597839,-1.1280996799468994,-0.447333425283432,0.10000000149011612,0.10000000149011612,0.10000000149011612,0.10000000149011612,0.10000000149011612,0.10000000149011612,0.10000000149011612,0.10000000149011612,0.10000000149011612,0.10000000149011612
31,IDN,Indonesia,2021,2.6682887077331543,1.1173702478408813,5.5,1,-0.9561768174171448,-0.49709728360176086,-0.9402090311050415,-0.47745898365974426,-0.8002218008041382,-0.5664994120597839,-1.1280996799468994,-0.447333425283432,0.10000000149011612,0.10000000149011612,0.10000000149011612,0.10000000149011612,0.10000000149011612,0.10000000149011612,0.10000000149011612,0.10000000149011612,0.10000000149011612,0.10000000149011612
31,IDN,Indonesia,2022,2.0740978717803955,1.1568244695663452,5.5,1,-0.9561768174171448,-0.49709728360176086,-0.9402090311050415,-0.47745898365974426,-0.8002218008041382,-0.5664994120597839,-1.1280996799468994,-0.447333425283432,0.10000000149011612,0.10000000149011612,0.10000000149011612,0.10000000149011612,0.10000000149011612,0.10000000149011612,0.10000000149011612,0.10000000149011612,0.10000000149011612,0.10000000149011612
31,IDN,Indonesia,2023,2.4188666343688965,1.1708213090896606,5.5,1,-0.9561768174171448,-0.49709728360176086,-0.9402090311050415,-0.47745898365974426,-0.8002218008041382,-0.5664994120597839,-1.1280996799468994,-0.447333425283432,0.10000000149011612,0.10000000149011612,0.10000000149011612,0.10000000149011612,0.10000000149011612,0.10000000149011612,0.10000000149011612,0.10000000149011612,0.10000000149011612,0.10000000149011612
32,IND,India,2018,0.023883648216724396,-1.5664712190628052,5.5,1,-0.5800058245658875,-0.7288739681243896,-0.6757107377052307,-0.700079083442688,-0.8220545053482056,-0.8306356072425842,-0.24225223064422607,-0.6559072136878967,0.10000000149011612,0.10000000149011612,0.10000000149011612,0.10000000149011612,0.10000000149011612,0.10000000149011612,0.10000000149011612,0.10000000149011612,0.10000000149011612,0.10000000149011612
32,IND,India,2019,-1.7109887599945068,-0.9832345843315125,5.5,1,-0.5800058245658875,-0.7288739681243896,-0.6757107377052307,-0.700079083442688,-0.8220545053482056,-0.8306356072425842,-0.24225223064422607,-0.6559072136878967,0.10000000149011612,0.10000000149011612,0.10000000149011612,0.10000000149011612,0.10000000149011612,0.10000000149011612,0.10000000149011612,0.10000000149011612,0.10000000149011612,0.10000000149011612
32,IND,India,2020,-2.832286834716797,-0.6302720904350281,5.5,1,-0.5800058245658875,-0.7288739681243896,-0.6757107377052307,-0.700079083442688,-0.8220545053482056,-0.8306356072425842,-0.24225223064422607,-0.6559072136878967,0.10000000149011612,0.10000000149011612,0.10000000149011612,0.10000000149011612,0.10000000149011612,0.10000000149011612,0.10000000149011612,0.10000000149011612,0.10000000149011612,0.10000000149011612
32,IND,India,2021,-2.1478464603424072,-0.40156111121177673,5.5,1,-0.5800058245658875,-0.7288739681243896,-0.6757107377052307,-0.700079083442688,-0.8220545053482056,-0.8306356072425842,-0.24225223064422607,-0.6559072136878967,0.10000000149011612,0.10000000149011612,0.10000000149011612,0.10000000149011612,0.10000000149011612,0.10000000149011612,0.10000000149011612,0.10000000149011612,0.10000000149011612,0.10000000149011612
32,IND,India,2022,-2.8932855129241943,-0.27436649799346924,5.5,1,-0.5800058245658875,-0.7288739681243896,-0.6757107377052307,-0.700079083442688,-0.8220545053482056,-0.8306356072425842,-0.24225223064422607,-0.6559072136878967,0.10000000149011612,0.10000000149011612,0.10000000149011612,0.10000000149011612,0.10000000149011612,0.10000000149011612,0.10000000149011612,0.10000000149011612,0.10000000149011612,0.10000000149011612
32,IND,India,2023,-2.182831048965454,-0.17099003493785858,5.5,1,-0.5800058245658875,-0.7288739681243896,-0.6757107377052307,-0.700079083442688,-0.8220545053482056,-0.8306356072425842,-0.24225223064422607,-0.6559072136878967,0.10000000149011612,0.10000000149011612,0.10000000149011612,0.10000000149011612,0.10000000149011612,0.10000000149011612,0.10000000149011612,0.10000000149011612,0.10000000149011612,0.10000000149011612
33,IRL,Ireland,2018,-3.2219769954681396,-0.14564882218837738,5.5,1,1.125100016593933,0.12928162515163422,0.9071259498596191,0.12417417019605637,1.2676217555999756,0.14733131229877472,1.2005521059036255,0.11633940786123276,0.10000000149011612,0.10000000149011612,0.10000000149011612,0.10000000149011612,0.10000000149011612,0.10000000149011612,0.10000000149011612,0.10000000149011612,0.10000000149011612,0.10000000149011612
33,IRL,Ireland,2019,-3.9652493000030518,-0.33261314034461975,5.5,1,1.125100016593933,0.12928162515163422,0.9071259498596191,0.12417417019605637,1.2676217555999756,0.14733131229877472,1.2005521059036255,0.11633940786123276,0.10000000149011612,0.10000000149011612,0.10000000149011612,0.10000000149011612,0.10000000149011612,0.10000000149011612,0.10000000149011612,0.10000000149011612,0.10000000149011612,0.10000000149011612
33,IRL,Ireland,2020,-4.2647223472595215,-0.5386224985122681,5.5,1,1.125100016593933,0.12928162515163422,0.9071259498596191,0.12417417019605637,1.2676217555999756,0.14733131229877472,1.2005521059036255,0.11633940786123276,0.10000000149011612,0.10000000149011612,0.10000000149011612,0.10000000149011612,0.10000000149011612,0.10000000149011612,0.10000000149011612,0.10000000149011612,0.10000000149011612,0.10000000149011612
33,IRL,Ireland,2021,-3.373614549636841,-0.6999012231826782,5.5,1,1.125100016593933,0.12928162515163422,0.9071259498596191,0.12417417019605637,1.2676217555999756,0.14733131229877472,1.2005521059036255,0.11633940786123276,0.10000000149011612,0.10000000149011612,0.10000000149011612,0.10000000149011612,0.10000000149011612,0.10000000149011612,0.10000000149011612,0.10000000149011612,0.10000000149011612,0.10000000149011612
33,IRL,Ireland,2022,-3.6817150115966797,-0.8336730599403381,5.5,1,1.125100016593933,0.12928162515163422,0.9071259498596191,0.12417417019605637,1.2676217555999756,0.14733131229877472,1.2005521059036255,0.11633940786123276,0.10000000149011612,0.10000000149011612,0.10000000149011612,0.10000000149011612,0.10000000149011612,0.10000000149011612,0.10000000149011612,0.10000000149011612,0.10000000149011612,0.10000000149011612
33,IRL,Ireland,2023,-4.387845516204834,-0.919138491153717,5.5,1,1.125100016593933,0.12928162515163422,0.9071259498596191,0.12417417019605637,1.2676217555999756,0.14733131229877472,1.2005521059036255,0.11633940786123276,0.10000000149011612,0.10000000149011612,0.10000000149011612,0.10000000149011612,0.10000000149011612,0.10000000149011612,0.10000000149011612,0.10000000149011612,0.10000000149011612,0.10000000149011612
34,IRN,Iran,2018,0.18575511872768402,-1.216110110282898,5.5,1,-1.425826907157898,-1.1652050018310547,-1.0039883852005005,-1.1191723346710205,-1.918333888053894,-1.3278849124908447,-1.3551583290100098,-1.0485576391220093,0.10000000149011612,0.10000000149011612,0.10000000149011612,0.10000000149011612,0.10000000149011612,0.10000000149011612,0.10000000149011612,0.10000000149011612,0.10000000149011612,0.10000000149011612
34,IRN,Iran,2019,-3.3282368183135986,-0.8186914324760437,5.5,1,-1.425826907157898,-1.1652050018310547,-1.0039883852005005,-1.1191723346710205,-1.918333888053894,-1.3278849124908447,-1.3551583290100098,-1.0485576391220093,0.10000000149011612,0.10000000149011612,0.10000000149011612,0.10000000149011612,0.10000000149011612,0.10000000149011612,0.10000000149011612,0.10000000149011612,0.10000000149011612,0.10000000149011612
34,IRN,Iran,2020,-1.5740487575531006,-0.6890383362770081,5.5,1,-1.425826907157898,-1.1652050018310547,-1.0039883852005005,-1.1191723346710205,-1.918333888053894,-1.3278849124908447,-1.3551583290100098,-1.0485576391220093,0.10000000149011612,0.10000000149011612,0.10000000149011612,0.10000000149011612,0.10000000149011612,0.10000000149011612,0.10000000149011612,0.10000000149011612,0.10000000149011612,0.10000000149011612
34,IRN,Iran,2021,0.32263654470443726,-0.6426916718482971,5.5,1,-1.425826907157898,-1.1652050018310547,-1.0039883852005005,-1.1191723346710205,-1.918333888053894,-1.3278849124908447,-1.3551583290100098,-1.0485576391220093,0.10000000149011612,0.10000000149011612,0.10000000149011612,0.10000000149011612,0.10000000149011612,0.10000000149011612,0.10000000149011612,0.10000000149011612,0.10000000149011612,0.10000000149011612
34,IRN,Iran,2022,0.009564151056110859,-0.6534242033958435,5.5,1,-1.425826907157898,-1.1652050018310547,-1.0039883852005005,-1.1191723346710205,-1.918333888053894,-1.3278849124908447,-1.3551583290100098,-1.0485576391220093,0.10000000149011612,0.10000000149011612,0.10000000149011612,0.10000000149011612,0.10000000149011612,0.10000000149011612,0.10000000149011612,0.10000000149011612,0.10000000149011612,0.10000000149011612
34,IRN,Iran,2023,-0.9724723696708679,-0.6744343042373657,5.5,1,-1.425826907157898,-1.1652050018310547,-1.0039883852005005,-1.1191723346710205,-1.918333888053894,-1.3278849124908447,-1.3551583290100098,-1.0485576391220093,0.10000000149011612,0.10000000149011612,0.10000000149011612,0.10000000149011612,0.10000000149011612,0.10000000149011612,0.10000000149011612,0.10000000149011612,0.10000000149011612,0.10000000149011612
35,IRQ,Iraq,2018,1.4125878810882568,-1.339264154434204,5.5,1,-2.0568058490753174,-1.2367075681686401,-2.0972113609313965,-1.1878502368927002,-2.079011917114258,-1.4093703031539917,-1.9941946268081665,-1.112902283668518,0.10000000149011612,0.10000000149011612,0.10000000149011612,0.10000000149011612,0.10000000149011612,0.10000000149011612,0.10000000149011612,0.10000000149011612,0.10000000149011612,0.10000000149011612
35,IRQ,Iraq,2019,1.0280742645263672,-0.8822451233863831,5.5,1,-2.0568058490753174,-1.2367075681686401,-2.0972113609313965,-1.1878502368927002,-2.079011917114258,-1.4093703031539917,-1.9941946268081665,-1.112902283668518,0.10000000149011612,0.10000000149011612,0.10000000149011612,0.10000000149011612,0.10000000149011612,0.10000000149011612,0.10000000149011612,0.10000000149011612,0.10000000149011612,0.10000000149011612
35,IRQ,Iraq,2020,1.1829884052276611,-0.7125829458236694,5.5,1,-2.0568058490753174,-1.2367075681686401,-2.0972113609313965,-1.1878502368927002,-2.079011917114258,-1.4093703031539917,-1.9941946268081665,-1.112902283668518,0.10000000149011612,0.10000000149011612,0.10000000149011612,0.10000000149011612,0.10000000149011612,0.10000000149011612,0.10000000149011612,0.10000000149011612,0.10000000149011612,0.10000000149011612
35,IRQ,Iraq,2021,1.2868479490280151,-0.6583998799324036,5.5,1,-2.0568058490753174,-1.2367075681686401,-2.0972113609313965,-1.1878502368927002,-2.079011917114258,-1.4093703031539917,-1.9941946268081665,-1.112902283668518,0.10000000149011612,0.10000000149011612,0.10000000149011612,0.10000000149011612,0.10000000149011612,0.10000000149011612,0.10000000149011612,0.10000000149011612,0.10000000149011612,0.10000000149011612
35,IRQ,Iraq,2022,1.606886863708496,-0.6704524755477905,5.5,1,-2.0568058490753174,-1.2367075681686401,-2.0972113609313965,-1.1878502368927002,-2.079011917114258,-1.4093703031539917,-1.9941946268081665,-1.112902283668518,0.10000000149011612,0.10000000149011612,0.10000000149011612,0.10000000149011612,0.10000000149011612,0.10000000149011612,0.10000000149011612,0.10000000149011612,0.10000000149011612,0.10000000149011612
35,IRQ,Iraq,2023,1.6270170211791992,-0.7076151371002197,5.5,1,-2.0568058490753174,-1.2367075681686401,-2.0972113609313965,-1.1878502368927002,-2.079011917114258,-1.4093703031539917,-1.9941946268081665,-1.112902283668518,0.10000000149011612,0.10000000149011612,0.10000000149011612,0.10000000149011612,0.10000000149011612,0.10000000149011612,0.10000000149011612,0.10000000149011612,0.10000000149011612,0.10000000149011612
36,ISL,Iceland,2018,2.5240752696990967,1.9251224994659424,5.5,1,1.1885734796524048,0.05329212173819542,1.2342337369918823,0.051186706870794296,0.9549963474273682,0.060732536017894745,1.376490592956543,0.04795712232589722,0.10000000149011612,0.10000000149011612,0.10000000149011612,0.10000000149011612,0.10000000149011612,0.10000000149011612,0.10000000149011612,0.10000000149011612,0.10000000149011612,0.10000000149011612
36,ISL,Iceland,2019,2.4789857864379883,1.8929015398025513,5.5,1,1.1885734796524048,0.05329212173819542,1.2342337369918823,0.051186706870794296,0.9549963474273682,0.060732536017894745,1.376490592956543,0.04795712232589722,0.10000000149011612,0.10000000149011612,0.10000000149011612,0.10000000149011612,0.10000000149011612,0.10000000149011612,0.10000000149011612,0.10000000149011612,0.10000000149011612,0.10000000149011612
36,ISL,Iceland,2020,1.9529410600662231,1.82270085811615,5.5,1,1.1885734796524048,0.05329212173819542,1.2342337369918823,0.051186706870794296,0.9549963474273682,0.060732536017894745,1.376490592956543,0.04795712232589722,0.10000000149011612,0.10000000149011612,0.10000000149011612,0.10000000149011612,0.10000000149011612,0.10000000149011612,0.10000000149011612,0.10000000149011612,0.10000000149011612,0.10000000149011612
36,ISL,Iceland,2021,1.6373142004013062,1.7623313665390015,5.5,1,1.1885734796524048,0.05329212173819542,1.2342337369918823,0.051186706870794296,0.9549963474273682,0.060732536017894745,1.376490592956543,0.04795712232589722,0.10000000149011612,0.10000000149011612,0.10000000149011612,0.10000000149011612,0.10000000149011612,0.10000000149011612,0.10000000149011612,0.10000000149011612,0.10000000149011612,0.10000000149011612
36,ISL,Iceland,2022,1.38180673122406,1.711658000946045,5.5,1,1.1885734796524048,0.05329212173819542,1.2342337369918823,0.051186706870794296,0.9549963474273682,0.060732536017894745,1.376490592956543,0.04795712232589722,0.10000000149011612,0.10000000149011612,0.10000000149011612,0.10000000149011612,0.10000000149011612,0.10000000149011612,0.10000000149011612,0.10000000149011612,0.10000000149011612,0.10000000149011612
36,ISL,Iceland,2023,2.3587470054626465,1.6697474718093872,5.5,1,1.1885734796524048,0.05329212173819542,1.2342337369918823,0.051186706870794296,0.9549963474273682,0.060732536017894745,1.376490592956543,0.04795712232589722,0.10000000149011612,0.10000000149011612,0.10000000149011612,0.10000000149011612,0.10000000149011612,0.10000000149011612,0.10000000149011612,0.10000000149011612,0.10000000149011612,0.10000000149011612
37,ISR,Israel,2018,-6.285995006561279,0.1393340677022934,5.5,1,0.6414921283721924,0.40257778763771057,0.9020118117332458,0.3866734802722931,0.48677289485931396,0.45878365635871887,0.5356917977333069,0.36227619647979736,0.10000000149011612,0.10000000149011612,0.10000000149011612,0.10000000149011612,0.10000000149011612,0.10000000149011612,0.10000000149011612,0.10000000149011612,0.10000000149011612,0.10000000149011612
37,ISR,Israel,2019,-6.490711212158203,0.3532653748989105,5.5,1,0.6414921283721924,0.40257778763771057,0.9020118117332458,0.3866734802722931,0.48677289485931396,0.45878365635871887,0.5356917977333069,0.36227619647979736,0.10000000149011612,0.10000000149011612,0.10000000149011612,0.10000000149011612,0.10000000149011612,0.10000000149011612,0.10000000149011612,0.10000000149011612,0.10000000149011612,0.10000000149011612
37,ISR,Israel,2020,-7.341547966003418,0.38520947098731995,5.5,1,0.6414921283721924,0.40257778763771057,0.9020118117332458,0.3866734802722931,0.48677289485931396,0.45878365635871887,0.5356917977333069,0.36227619647979736,0.10000000149011612,0.10000000149011612,0.10000000149011612,0.10000000149011612,0.10000000149011612,0.10000000149011612,0.10000000149011612,0.10000000149011612,0.10000000149011612,0.10000000149011612
37,ISR,Israel,2021,-8.057387351989746,0.3574461042881012,5.5,1,0.6414921283721924,0.40257778763771057,0.9020118117332458,0.3866734802722931,0.48677289485931396,0.45878365635871887,0.5356917977333069,0.36227619647979736,0.10000000149011612,0.10000000149011612,0.10000000149011612,0.10000000149011612,0.10000000149011612,0.10000000149011612,0.10000000149011612,0.10000000149011612,0.10000000149011612,0.10000000149011612
37,ISR,Israel,2022,-8.405094146728516,0.31523433327674866,5.5,1,0.6414921283721924,0.40257778763771057,0.9020118117332458,0.3866734802722931,0.48677289485931396,0.45878365635871887,0.5356917977333069,0.36227619647979736,0.10000000149011612,0.10000000149011612,0.10000000149011612,0.10000000149011612,0.10000000149011612,0.10000000149011612,0.10000000149011612,0.10000000149011612,0.10000000149011612,0.10000000149011612
37,ISR,Israel,2023,-9.675131797790527,0.2792430818080902,5.5,1,0.6414921283721924,0.40257778763771057,0.9020118117332458,0.3866734802722931,0.48677289485931396,0.45878365635871887,0.5356917977333069,0.36227619647979736,0.10000000149011612,0.10000000149011612,0.10000000149011612,0.10000000149011612,0.10000000149011612,0.10000000149011612,0.10000000149011612,0.10000000149011612,0.10000000149011612,0.10000000149011612
38,ITA,Italy,2018,-5.143430233001709,-0.1502770036458969,5.5,1,0.23468120396137238,0.40276047587394714,0.07437334209680557,0.38684895634651184,0.34910762310028076,0.4589918851852417,0.28056269884109497,0.3624406158924103,0.10000000149011612,0.10000000149011612,0.10000000149011612,0.10000000149011612,0.10000000149011612,0.10000000149011612,0.10000000149011612,0.10000000149011612,0.10000000149011612,0.10000000149011612
38,ITA,Italy,2019,-5.74995231628418,-0.019795281812548637,5.5,1,0.23468120396137238,0.40276047587394714,0.07437334209680557,0.38684895634651184,0.34910762310028076,0.4589918851852417,0.28056269884109497,0.3624406158924103,0.10000000149011612,0.10000000149011612,0.10000000149011612,0.10000000149011612,0.10000000149011612,0.10000000149011612,0.10000000149011612,0.10000000149011612,0.10000000149011612,0.10000000149011612
38,ITA,Italy,2020,-6.417283058166504,-0.04783116281032562,5.5,1,0.23468120396137238,0.40276047587394714,0.07437334209680557,0.38684895634651184,0.34910762310028076,0.4589918851852417,0.28056269884109497,0.3624406158924103,0.10000000149011612,0.10000000149011612,0.10000000149011612,0.10000000149011612,0.10000000149011612,0.10000000149011612,0.10000000149011612,0.10000000149011612,0.10000000149011612,0.10000000149011612
38,ITA,Italy,2021,-6.226283073425293,-0.09037390351295471,5.5,1,0.23468120396137238,0.40276047587394714,0.07437334209680557,0.38684895634651184,0.34910762310028076,0.4589918851852417,0.28056269884109497,0.3624406158924103,0.10000000149011612,0.10000000149011612,0.10000000149011612,0.10000000149011612,0.10000000149011612,0.10000000149011612,0.10000000149011612,0.10000000149011612,0.10000000149011612,0.10000000149011612
38,ITA,Italy,2022,-4.716213703155518,-0.1279979944229126,5.5,1,0.23468120396137238,0.40276047587394714,0.07437334209680557,0.38684895634651184,0.34910762310028076,0.4589918851852417,0.28056269884109497,0.3624406158924103,0.10000000149011612,0.10000000149011612,0.10000000149011612,0.10000000149011612,0.10000000149011612,0.10000000149011612,0.10000000149011612,0.10000000149011612,0.10000000149011612,0.10000000149011612
38,ITA,Italy,2023,-6.842550277709961,-0.15887948870658875,5.5,1,0.23468120396137238,0.40276047587394714,0.07437334209680557,0.38684895634651184,0.34910762310028076,0.4589918851852417,0.28056269884109497,0.3624406158924103,0.10000000149011612,0.10000000149011612,0.10000000149011612,0.10000000149011612,0.10000000149011612,0.10000000149011612,0.10000000149011612,0.10000000149011612,0.10000000149011612,0.10000000149011612
39,JPN,Japan,2018,3.7277371883392334,0.8250844478607178,5.5,1,0.7284886837005615,0.04366692900657654,0.8470459580421448,0.04194176569581032,0.45311596989631653,0.0497635193169117,0.8853041529655457,0.039295494556427,0.10000000149011612,0.10000000149011612,0.10000000149011612,0.10000000149011612,0.10000000149011612,0.10000000149011612,0.10000000149011612,0.10000000149011612,0.10000000149011612,0.10000000149011612
39,JPN,Japan,2019,3.204775810241699,1.0251272916793823,5.5,1,0.7284886837005615,0.04366692900657654,0.8470459580421448,0.04194176569581032,0.45311596989631653,0.0497635193169117,0.8853041529655457,0.039295494556427,0.10000000149011612,0.10000000149011612,0.10000000149011612,0.10000000149011612,0.10000000149011612,0.10000000149011612,0.10000000149011612,0.10000000149011612,0.10000000149011612,0.10000000149011612
39,JPN,Japan,2020,3.1749613285064697,1.1038371324539185,5.5,1,0.7284886837005615,0.04366692900657654,0.8470459580421448,0.04194176569581032,0.45311596989631653,0.0497635193169117,0.8853041529655457,0.039295494556427,0.10000000149011612,0.10000000149011612,0.10000000149011612,0.10000000149011612,0.10000000149011612,0.10000000149011612,0.10000000149011612,0.10000000149011612,0.10000000149011612,0.10000000149011612
39,JPN,Japan,2021,2.640718698501587,1.129662275314331,5.5,1,0.7284886837005615,0.04366692900657654,0.8470459580421448,0.04194176569581032,0.45311596989631653,0.0497635193169117,0.8853041529655457,0.039295494556427,0.10000000149011612,0.10000000149011612,0.10000000149011612,0.10000000149011612,0.10000000149011612,0.10000000149011612,0.10000000149011612,0.10000000149011612,0.10000000149011612,0.10000000149011612
39,JPN,Japan,2022,2.846599578857422,1.1382875442504883,5.5,1,0.7284886837005615,0.04366692900657654,0.8470459580421448,0.04194176569581032,0.45311596989631653,0.0497635193169117,0.8853041529655457,0.039295494556427,0.10000000149011612,0.10000000149011612,0.10000000149011612,0.10000000149011612,0.10000000149011612,0.10000000149011612,0.10000000149011612,0.10000000149011612,0.10000000149011612,0.10000000149011612
39,JPN,Japan,2023,1.7527316808700562,1.1422982215881348,5.5,1,0.7284886837005615,0.04366692900657654,0.8470459580421448,0.04194176569581032,0.45311596989631653,0.0497635193169117,0.8853041529655457,0.039295494556427,0.10000000149011612,0.10000000149011612,0.10000000149011612,0.10000000149011612,0.10000000149011612,0.10000000149011612,0.10000000149011612,0.10000000149011612,0.10000000149011612,0.10000000149011612
40,KAZ,Kazakhstan,2018,1.5828030109405518,0.4968380630016327,5.5,1,-1.2722676992416382,-0.8317148089408875,-1.3743125200271606,-0.7988570928573608,-1.0817227363586426,-0.9478345513343811,-1.3607680797576904,-0.7484527826309204,0.10000000149011612,0.10000000149011612,0.10000000149011612,0.10000000149011612,0.10000000149011612,0.10000000149011612,0.10000000149011612,0.10000000149011612,0.10000000149011612,0.10000000149011612
40,KAZ,Kazakhstan,2019,1.5101414918899536,0.8595085740089417,5.5,1,-1.2722676992416382,-0.8317148089408875,-1.3743125200271606,-0.7988570928573608,-1.0817227363586426,-0.9478345513343811,-1.3607680797576904,-0.7484527826309204,0.10000000149011612,0.10000000149011612,0.10000000149011612,0.10000000149011612,0.10000000149011612,0.10000000149011612,0.10000000149011612,0.10000000149011612,0.10000000149011612,0.10000000149011612
40,KAZ,Kazakhstan,2020,1.363572597503662,0.9939184188842773,5.5,1,-1.2722676992416382,-0.8317148089408875,-1.3743125200271606,-0.7988570928573608,-1.0817227363586426,-0.9478345513343811,-1.3607680797576904,-0.7484527826309204,0.10000000149011612,0.10000000149011612,0.10000000149011612,0.10000000149011612,0.10000000149011612,0.10000000149011612,0.10000000149011612,0.10000000149011612,0.10000000149011612,0.10000000149011612
40,KAZ,Kazakhstan,2021,1.2543725967407227,1.0325425863265991,5.5,1,-1.2722676992416382,-0.8317148089408875,-1.3743125200271606,-0.7988570928573608,-1.0817227363586426,-0.9478345513343811,-1.3607680797576904,-0.7484527826309204,0.10000000149011612,0.10000000149011612,0.10000000149011612,0.10000000149011612,0.10000000149011612,0.10000000149011612,0.10000000149011612,0.10000000149011612,0.10000000149011612,0.10000000149011612
40,KAZ,Kazakhstan,2022,1.1613658666610718,1.0113191604614258,5.5,1,-1.2722676992416382,-0.8317148089408875,-1.3743125200271606,-0.7988570928573608,-1.0817227363586426,-0.9478345513343811,-1.3607680797576904,-0.7484527826309204,0.10000000149011612,0.10000000149011612,0.10000000149011612,0.10000000149011612,0.10000000149011612,0.10000000149011612,0.10000000149011612,0.10000000149011612,0.10000000149011612,0.10000000149011612
40,KAZ,Kazakhstan,2023,0.9807498455047607,0.9582518935203552,5.5,1,-1.2722676992416382,-0.8317148089408875,-1.3743125200271606,-0.7988570928573608,-1.0817227363586426,-0.9478345513343811,-1.3607680797576904,-0.7484527826309204,0.10000000149011612,0.10000000149011612,0.10000000149011612,0.10000000149011612,0.10000000149011612,0.10000000149011612,0.10000000149011612,0.10000000149011612,0.10000000149011612,0.10000000149011612
41,KOR,South Korea,2018,3.200753688812256,1.1680775880813599,5.5,1,0.34772443771362305,0.07723470777273178,0.4346860945224762,0.07418341934680939,0.1522836983203888,0.08801786601543427,0.45620352029800415,0.06950284540653229,0.10000000149011612,0.10000000149011612,0.10000000149011612,0.10000000149011612,0.10000000149011612,0.10000000149011612,0.10000000149011612,0.10000000149011612,0.10000000149011612,0.10000000149011612
41,KOR,South Korea,2019,1.7671101093292236,1.2335933446884155,5.5,1,0.34772443771362305,0.07723470777273178,0.4346860945224762,0.07418341934680939,0.1522836983203888,0.08801786601543427,0.45620352029800415,0.06950284540653229,0.10000000149011612,0.10000000149011612,0.10000000149011612,0.10000000149011612,0.10000000149011612,0.10000000149011612,0.10000000149011612,0.10000000149011612,0.10000000149011612,0.10000000149011612
41,KOR,South Korea,2020,-0.8152863383293152,1.2421927452087402,5.5,1,0.34772443771362305,0.07723470777273178,0.4346860945224762,0.07418341934680939,0.1522836983203888,0.08801786601543427,0.45620352029800415,0.06950284540653229,0.10000000149011612,0.10000000149011612,0.10000000149011612,0.10000000149011612,0.10000000149011612,0.10000000149011612,0.10000000149011612,0.10000000149011612,0.10000000149011612,0.10000000149011612
41,KOR,South Korea,2021,-0.6951596140861511,1.2343939542770386,5.5,1,0.34772443771362305,0.07723470777273178,0.4346860945224762,0.07418341934680939,0.1522836983203888,0.08801786601543427,0.45620352029800415,0.06950284540653229,0.10000000149011612,0.10000000149011612,0.10000000149011612,0.10000000149011612,0.10000000149011612,0.10000000149011612,0.10000000149011612,0.10000000149011612,0.10000000149011612,0.10000000149011612
41,KOR,South Korea,2022,-2.0999202728271484,1.224502444267273,5.5,1,0.34772443771362305,0.07723470777273178,0.4346860945224762,0.07418341934680939,0.1522836983203888,0.08801786601543427,0.45620352029800415,0.06950284540653229,0.10000000149011612,0.10000000149011612,0.10000000149011612,0.10000000149011612,0.10000000149011612,0.10000000149011612,0.10000000149011612,0.10000000149011612,0.10000000149011612,0.10000000149011612
41,KOR,South Korea,2023,-2.8068954944610596,1.2189401388168335,5.5,1,0.34772443771362305,0.07723470777273178,0.4346860945224762,0.07418341934680939,0.1522836983203888,0.08801786601543427,0.45620352029800415,0.06950284540653229,0.10000000149011612,0.10000000149011612,0.10000000149011612,0.10000000149011612,0.10000000149011612,0.10000000149011612,0.10000000149011612,0.10000000149011612,0.10000000149011612,0.10000000149011612
42,KWT,Kuwait,2018,-6.3546881675720215,-0.18491230905056,5.5,1,-0.23261572420597076,-0.4727843701839447,-0.458217591047287,-0.45410653948783875,-0.3800378143787384,-0.5387920141220093,0.1404082179069519,-0.42545443773269653,0.10000000149011612,0.10000000149011612,0.10000000149011612,0.10000000149011612,0.10000000149011612,0.10000000149011612,0.10000000149011612,0.10000000149011612,0.10000000149011612,0.10000000149011612
42,KWT,Kuwait,2019,-7.2538886070251465,-0.370309978723526,5.5,1,-0.23261572420597076,-0.4727843701839447,-0.458217591047287,-0.45410653948783875,-0.3800378143787384,-0.5387920141220093,0.1404082179069519,-0.42545443773269653,0.10000000149011612,0.10000000149011612,0.10000000149011612,0.10000000149011612,0.10000000149011612,0.10000000149011612,0.10000000149011612,0.10000000149011612,0.10000000149011612,0.10000000149011612
42,KWT,Kuwait,2020,-6.158499240875244,-0.6395068168640137,5.5,1,-0.23261572420597076,-0.4727843701839447,-0.458217591047287,-0.45410653948783875,-0.3800378143787384,-0.5387920141220093,0.1404082179069519,-0.42545443773269653,0.10000000149011612,0.10000000149011612,0.10000000149011612,0.10000000149011612,0.10000000149011612,0.10000000149011612,0.10000000149011612,0.10000000149011612,0.10000000149011612,0.10000000149011612
42,KWT,Kuwait,2021,-7.0740485191345215,-0.9283302426338196,5.5,1,-0.23261572420597076,-0.4727843701839447,-0.458217591047287,-0.45410653948783875,-0.3800378143787384,-0.5387920141220093,0.1404082179069519,-0.42545443773269653,0.10000000149011612,0.10000000149011612,0.10000000149011612,0.10000000149011612,0.10000000149011612,0.10000000149011612,0.10000000149011612,0.10000000149011612,0.10000000149011612,0.10000000149011612
42,KWT,Kuwait,2022,-27.902793884277344,-1.1826502084732056,5.5,1,-0.23261572420597076,-0.4727843701839447,-0.458217591047287,-0.45410653948783875,-0.3800378143787384,-0.5387920141220093,0.1404082179069519,-0.42545443773269653,0.10000000149011612,0.10000000149011612,0.10000000149011612,0.10000000149011612,0.10000000149011612,0.10000000149011612,0.10000000149011612,0.10000000149011612,0.10000000149011612,0.10000000149011612
42,KWT,Kuwait,2023,-27.870094299316406,-1.3753520250320435,5.5,1,-0.23261572420597076,-0.4727843701839447,-0.458217591047287,-0.45410653948783875,-0.3800378143787384,-0.5387920141220093,0.1404082179069519,-0.42545443773269653,0.10000000149011612,0.10000000149011612,0.10000000149011612,0.10000000149011612,0.10000000149011612,0.10000000149011612,0.10000000149011612,0.10000000149011612,0.10000000149011612,0.10000000149011612
43,LKA,Sri Lanka,2018,2.3601856231689453,-0.6205154657363892,5.5,1,-0.550111711025238,-0.2879222333431244,-0.720518171787262,-0.2765476107597351,-0.5627866387367249,-0.3281204104423523,-0.36703041195869446,-0.2590986490249634,0.10000000149011612,0.10000000149011612,0.10000000149011612,0.10000000149011612,0.10000000149011612,0.10000000149011612,0.10000000149011612,0.10000000149011612,0.10000000149011612,0.10000000149011612
43,LKA,Sri Lanka,2019,4.711722373962402,-0.11413711309432983,5.5,1,-0.550111711025238,-0.2879222333431244,-0.720518171787262,-0.2765476107597351,-0.5627866387367249,-0.3281204104423523,-0.36703041195869446,-0.2590986490249634,0.10000000149011612,0.10000000149011612,0.10000000149011612,0.10000000149011612,0.10000000149011612,0.10000000149011612,0.10000000149011612,0.10000000149011612,0.10000000149011612,0.10000000149011612
43,LKA,Sri Lanka,2020,4.523720741271973,0.12462246417999268,5.5,1,-0.550111711025238,-0.2879222333431244,-0.720518171787262,-0.2765476107597351,-0.5627866387367249,-0.3281204104423523,-0.36703041195869446,-0.2590986490249634,0.10000000149011612,0.10000000149011612,0.10000000149011612,0.10000000149011612,0.10000000149011612,0.10000000149011612,0.10000000149011612,0.10000000149011612,0.10000000149011612,0.10000000149011612
43,LKA,Sri Lanka,2021,1.3256715536117554,0.1503884494304657,5.5,1,-0.550111711025238,-0.2879222333431244,-0.720518171787262,-0.2765476107597351,-0.5627866387367249,-0.3281204104423523,-0.36703041195869446,-0.2590986490249634,0.10000000149011612,0.10000000149011612,0.10000000149011612,0.10000000149011612,0.10000000149011612,0.10000000149011612,0.10000000149011612,0.10000000149011612,0.10000000149011612,0.10000000149011612
43,LKA,Sri Lanka,2022,4.413687705993652,0.21064156293869019,5.5,1,-0.550111711025238,-0.2879222333431244,-0.720518171787262,-0.2765476107597351,-0.5627866387367249,-0.3281204104423523,-0.36703041195869446,-0.2590986490249634,0.10000000149011612,0.10000000149011612,0.10000000149011612,0.10000000149011612,0.10000000149011612,0.10000000149011612,0.10000000149011612,0.10000000149011612,0.10000000149011612,0.10000000149011612
43,LKA,Sri Lanka,2023,4.413687705993652,0.25568774342536926,5.5,1,-0.550111711025238,-0.2879222333431244,-0.720518171787262,-0.2765476107597351,-0.5627866387367249,-0.3281204104423523,-0.36703041195869446,-0.2590986490249634,0.10000000149011612,0.10000000149011612,0.10000000149011612,0.10000000149011612,0.10000000149011612,0.10000000149011612,0.10000000149011612,0.10000000149011612,0.10000000149011612,0.10000000149011612
44,LTU,Lithuania,2018,0.5927717685699463,1.0702749490737915,5.5,1,0.11791292577981949,0.9287452697753906,-0.0774189680814743,0.8920542001724243,0.3881412148475647,1.058411955833435,0.043016545474529266,0.8357697129249573,0.10000000149011612,0.10000000149011612,0.10000000149011612,0.10000000149011612,0.10000000149011612,0.10000000149011612,0.10000000149011612,0.10000000149011612,0.10000000149011612,0.10000000149011612
44,LTU,Lithuania,2019,0.5042790174484253,1.3636339902877808,5.5,1,0.11791292577981949,0.9287452697753906,-0.0774189680814743,0.8920542001724243,0.3881412148475647,1.058411955833435,0.043016545474529266,0.8357697129249573,0.10000000149011612,0.10000000149011612,0.10000000149011612,0.10000000149011612,0.10000000149011612,0.10000000149011612,0.10000000149011612,0.10000000149011612,0.10000000149011612,0.10000000149011612
44,LTU,Lithuania,2020,1.2348809242248535,1.474286675453186,5.5,1,0.11791292577981949,0.9287452697753906,-0.0774189680814743,0.8920542001724243,0.3881412148475647,1.058411955833435,0.043016545474529266,0.8357697129249573,0.10000000149011612,0.10000000149011612,0.10000000149011612,0.10000000149011612,0.10000000149011612,0.10000000149011612,0.10000000149011612,0.10000000149011612,0.10000000149011612,0.10000000149011612
44,LTU,Lithuania,2021,1.103811502456665,1.5205953121185303,5.5,1,0.11791292577981949,0.9287452697753906,-0.0774189680814743,0.8920542001724243,0.3881412148475647,1.058411955833435,0.043016545474529266,0.8357697129249573,0.10000000149011612,0.10000000149011612,0.10000000149011612,0.10000000149011612,0.10000000149011612,0.10000000149011612,0.10000000149011612,0.10000000149011612,0.10000000149011612,0.10000000149011612
44,LTU,Lithuania,2022,0.6238992810249329,1.540312647819519,5.5,1,0.11791292577981949,0.9287452697753906,-0.0774189680814743,0.8920542001724243,0.3881412148475647,1.058411955833435,0.043016545474529266,0.8357697129249573,0.10000000149011612,0.10000000149011612,0.10000000149011612,0.10000000149011612,0.10000000149011612,0.10000000149011612,0.10000000149011612,0.10000000149011612,0.10000000149011612,0.10000000149011612
44,LTU,Lithuania,2023,-0.08893253654241562,1.5489131212234497,5.5,1,0.11791292577981949,0.9287452697753906,-0.0774189680814743,0.8920542001724243,0.3881412148475647,1.058411955833435,0.043016545474529266,0.8357697129249573,0.10000000149011612,0.10000000149011612,0.10000000149011612,0.10000000149011612,0.10000000149011612,0.10000000149011612,0.10000000149011612,0.10000000149011612,0.10000000149011612,0.10000000149011612
45,LUX,Luxembourg,2018,-2.6616039276123047,1.0028088092803955,5.5,1,1.3627294301986694,0.20362050831317902,1.4299343824386597,0.19557622075080872,1.3163741827011108,0.23204901814460754,1.3418793678283691,0.18323631584644318,0.10000000149011612,0.10000000149011612,0.10000000149011612,0.10000000149011612,0.10000000149011612,0.10000000149011612,0.10000000149011612,0.10000000149011612,0.10000000149011612,0.10000000149011612
45,LUX,Luxembourg,2019,-3.0985145568847656,0.8404240012168884,5.5,1,1.3627294301986694,0.20362050831317902,1.4299343824386597,0.19557622075080872,1.3163741827011108,0.23204901814460754,1.3418793678283691,0.18323631584644318,0.10000000149011612,0.10000000149011612,0.10000000149011612,0.10000000149011612,0.10000000149011612,0.10000000149011612,0.10000000149011612,0.10000000149011612,0.10000000149011612,0.10000000149011612
45,LUX,Luxembourg,2020,-3.1957318782806396,0.658059298992157,5.5,1,1.3627294301986694,0.20362050831317902,1.4299343824386597,0.19557622075080872,1.3163741827011108,0.23204901814460754,1.3418793678283691,0.18323631584644318,0.10000000149011612,0.10000000149011612,0.10000000149011612,0.10000000149011612,0.10000000149011612,0.10000000149011612,0.10000000149011612,0.10000000149011612,0.10000000149011612,0.10000000149011612
45,LUX,Luxembourg,2021,-3.2258713245391846,0.4918006360530853,5.5,1,1.3627294301986694,0.20362050831317902,1.4299343824386597,0.19557622075080872,1.3163741827011108,0.23204901814460754,1.3418793678283691,0.18323631584644318,0.10000000149011612,0.10000000149011612,0.10000000149011612,0.10000000149011612,0.10000000149011612,0.10000000149011612,0.10000000149011612,0.10000000149011612,0.10000000149011612,0.10000000149011612
45,LUX,Luxembourg,2022,-3.72668719291687,0.3557364046573639,5.5,1,1.3627294301986694,0.20362050831317902,1.4299343824386597,0.19557622075080872,1.3163741827011108,0.23204901814460754,1.3418793678283691,0.18323631584644318,0.10000000149011612,0.10000000149011612,0.10000000149011612,0.10000000149011612,0.10000000149011612,0.10000000149011612,0.10000000149011612,0.10000000149011612,0.10000000149011612,0.10000000149011612
45,LUX,Luxembourg,2023,-4.158839225769043,0.24877405166625977,5.5,1,1.3627294301986694,0.20362050831317902,1.4299343824386597,0.19557622075080872,1.3163741827011108,0.23204901814460754,1.3418793678283691,0.18323631584644318,0.10000000149011612,0.10000000149011612,0.10000000149011612,0.10000000149011612,0.10000000149011612,0.10000000149011612,0.10000000149011612,0.10000000149011612,0.10000000149011612,0.10000000149011612
46,LVA,Latvia,2018,2.136277437210083,0.17449070513248444,5.5,1,0.05672547221183777,1.0113071203231812,-0.19147229194641113,0.9713542461395264,0.368137001991272,1.1525006294250488,-0.006488294806331396,0.9100663065910339,0.10000000149011612,0.10000000149011612,0.10000000149011612,0.10000000149011612,0.10000000149011612,0.10000000149011612,0.10000000149011612,0.10000000149011612,0.10000000149011612,0.10000000149011612
46,LVA,Latvia,2019,2.451484441757202,0.4182271659374237,5.5,1,0.05672547221183777,1.0113071203231812,-0.19147229194641113,0.9713542461395264,0.368137001991272,1.1525006294250488,-0.006488294806331396,0.9100663065910339,0.10000000149011612,0.10000000149011612,0.10000000149011612,0.10000000149011612,0.10000000149011612,0.10000000149011612,0.10000000149011612,0.10000000149011612,0.10000000149011612,0.10000000149011612
46,LVA,Latvia,2020,0.5582294464111328,0.472629189491272,5.5,1,0.05672547221183777,1.0113071203231812,-0.19147229194641113,0.9713542461395264,0.368137001991272,1.1525006294250488,-0.006488294806331396,0.9100663065910339,0.10000000149011612,0.10000000149011612,0.10000000149011612,0.10000000149011612,0.10000000149011612,0.10000000149011612,0.10000000149011612,0.10000000149011612,0.10000000149011612,0.10000000149011612
46,LVA,Latvia,2021,0.538101315498352,0.5295317769050598,5.5,1,0.05672547221183777,1.0113071203231812,-0.19147229194641113,0.9713542461395264,0.368137001991272,1.1525006294250488,-0.006488294806331396,0.9100663065910339,0.10000000149011612,0.10000000149011612,0.10000000149011612,0.10000000149011612,0.10000000149011612,0.10000000149011612,0.10000000149011612,0.10000000149011612,0.10000000149011612,0.10000000149011612
46,LVA,Latvia,2022,-1.1075773239135742,0.5787106156349182,5.5,1,0.05672547221183777,1.0113071203231812,-0.19147229194641113,0.9713542461395264,0.368137001991272,1.1525006294250488,-0.006488294806331396,0.9100663065910339,0.10000000149011612,0.10000000149011612,0.10000000149011612,0.10000000149011612,0.10000000149011612,0.10000000149011612,0.10000000149011612,0.10000000149011612,0.10000000149011612,0.10000000149011612
46,LVA,Latvia,2023,-1.7468478679656982,0.5904681086540222,5.5,1,0.05672547221183777,1.0113071203231812,-0.19147229194641113,0.9713542461395264,0.368137001991272,1.1525006294250488,-0.006488294806331396,0.9100663065910339,0.10000000149011612,0.10000000149011612,0.10000000149011612,0.10000000149011612,0.10000000149011612,0.10000000149011612,0.10000000149011612,0.10000000149011612,0.10000000149011612,0.10000000149011612
47,MAR,Morocco,2018,-2.0527760982513428,-0.9541282057762146,5.5,1,-0.5677001476287842,-0.16371507942676544,-0.5921026468276978,-0.157247394323349,-0.603592574596405,-0.1865721046924591,-0.5074053406715393,-0.14732573926448822,0.10000000149011612,0.10000000149011612,0.10000000149011612,0.10000000149011612,0.10000000149011612,0.10000000149011612,0.10000000149011612,0.10000000149011612,0.10000000149011612,0.10000000149011612
47,MAR,Morocco,2019,-1.840488076210022,-0.2658255994319916,5.5,1,-0.5677001476287842,-0.16371507942676544,-0.5921026468276978,-0.157247394323349,-0.603592574596405,-0.1865721046924591,-0.5074053406715393,-0.14732573926448822,0.10000000149011612,0.10000000149011612,0.10000000149011612,0.10000000149011612,0.10000000149011612,0.10000000149011612,0.10000000149011612,0.10000000149011612,0.10000000149011612,0.10000000149011612
47,MAR,Morocco,2020,-1.5523828268051147,0.07123029232025146,5.5,1,-0.5677001476287842,-0.16371507942676544,-0.5921026468276978,-0.157247394323349,-0.603592574596405,-0.1865721046924591,-0.5074053406715393,-0.14732573926448822,0.10000000149011612,0.10000000149011612,0.10000000149011612,0.10000000149011612,0.10000000149011612,0.10000000149011612,0.10000000149011612,0.10000000149011612,0.10000000149011612,0.10000000149011612
47,MAR,Morocco,2021,-1.670159101486206,0.24631819128990173,5.5,1,-0.5677001476287842,-0.16371507942676544,-0.5921026468276978,-0.157247394323349,-0.603592574596405,-0.1865721046924591,-0.5074053406715393,-0.14732573926448822,0.10000000149011612,0.10000000149011612,0.10000000149011612,0.10000000149011612,0.10000000149011612,0.10000000149011612,0.10000000149011612,0.10000000149011612,0.10000000149011612,0.10000000149011612
47,MAR,Morocco,2022,-1.1988462209701538,0.4234725534915924,5.5,1,-0.5677001476287842,-0.16371507942676544,-0.5921026468276978,-0.157247394323349,-0.603592574596405,-0.1865721046924591,-0.5074053406715393,-0.14732573926448822,0.10000000149011612,0.10000000149011612,0.10000000149011612,0.10000000149011612,0.10000000149011612,0.10000000149011612,0.10000000149011612,0.10000000149011612,0.10000000149011612,0.10000000149011612
47,MAR,Morocco,2023,-2.160374164581299,0.5696350932121277,5.5,1,-0.5677001476287842,-0.16371507942676544,-0.5921026468276978,-0.157247394323349,-0.603592574596405,-0.1865721046924591,-0.5074053406715393,-0.14732573926448822,0.10000000149011612,0.10000000149011612,0.10000000149011612,0.10000000149011612,0.10000000149011612,0.10000000149011612,0.10000000149011612,0.10000000149011612,0.10000000149011612,0.10000000149011612
48,MEX,Mexico,2018,-1.2096426486968994,0.11425364017486572,5.5,1,-0.4911726713180542,0.7892680168151855,-0.5113726854324341,0.7580870985984802,-0.13761571049690247,0.899461567401886,-0.8245296478271484,0.7102553248405457,0.10000000149011612,0.10000000149011612,0.10000000149011612,0.10000000149011612,0.10000000149011612,0.10000000149011612,0.10000000149011612,0.10000000149011612,0.10000000149011612,0.10000000149011612
48,MEX,Mexico,2019,-1.0846872329711914,0.2322925627231598,5.5,1,-0.4911726713180542,0.7892680168151855,-0.5113726854324341,0.7580870985984802,-0.13761571049690247,0.899461567401886,-0.8245296478271484,0.7102553248405457,0.10000000149011612,0.10000000149011612,0.10000000149011612,0.10000000149011612,0.10000000149011612,0.10000000149011612,0.10000000149011612,0.10000000149011612,0.10000000149011612,0.10000000149011612
48,MEX,Mexico,2020,-3.962113618850708,0.15051916241645813,5.5,1,-0.4911726713180542,0.7892680168151855,-0.5113726854324341,0.7580870985984802,-0.13761571049690247,0.899461567401886,-0.8245296478271484,0.7102553248405457,0.10000000149011612,0.10000000149011612,0.10000000149011612,0.10000000149011612,0.10000000149011612,0.10000000149011612,0.10000000149011612,0.10000000149011612,0.10000000149011612,0.10000000149011612
48,MEX,Mexico,2021,-5.881318092346191,0.09436240792274475,5.5,1,-0.4911726713180542,0.7892680168151855,-0.5113726854324341,0.7580870985984802,-0.13761571049690247,0.899461567401886,-0.8245296478271484,0.7102553248405457,0.10000000149011612,0.10000000149011612,0.10000000149011612,0.10000000149011612,0.10000000149011612,0.10000000149011612,0.10000000149011612,0.10000000149011612,0.10000000149011612,0.10000000149011612
48,MEX,Mexico,2022,-5.320054531097412,0.04997986555099487,5.5,1,-0.4911726713180542,0.7892680168151855,-0.5113726854324341,0.7580870985984802,-0.13761571049690247,0.899461567401886,-0.8245296478271484,0.7102553248405457,0.10000000149011612,0.10000000149011612,0.10000000149011612,0.10000000149011612,0.10000000149011612,0.10000000149011612,0.10000000149011612,0.10000000149011612,0.10000000149011612,0.10000000149011612
48,MEX,Mexico,2023,-3.6169328689575195,0.020663799718022346,5.5,1,-0.4911726713180542,0.7892680168151855,-0.5113726854324341,0.7580870985984802,-0.13761571049690247,0.899461567401886,-0.8245296478271484,0.7102553248405457,0.10000000149011612,0.10000000149011612,0.10000000149011612,0.10000000149011612,0.10000000149011612,0.10000000149011612,0.10000000149011612,0.10000000149011612,0.10000000149011612,0.10000000149011612
49,MKD,North Macedonia,2018,-4.225182056427002,-0.7909429669380188,5.5,1,-0.8401430249214172,-0.42913565039634705,-0.9831662178039551,-0.4121822416782379,-0.6911687254905701,-0.4890493154525757,-0.8460942506790161,-0.38617536425590515,0.10000000149011612,0.10000000149011612,0.10000000149011612,0.10000000149011612,0.10000000149011612,0.10000000149011612,0.10000000149011612,0.10000000149011612,0.10000000149011612,0.10000000149011612
49,MKD,North Macedonia,2019,-2.3085620403289795,-0.45146435499191284,5.5,1,-0.8401430249214172,-0.42913565039634705,-0.9831662178039551,-0.4121822416782379,-0.6911687254905701,-0.4890493154525757,-0.8460942506790161,-0.38617536425590515,0.10000000149011612,0.10000000149011612,0.10000000149011612,0.10000000149011612,0.10000000149011612,0.10000000149011612,0.10000000149011612,0.10000000149011612,0.10000000149011612,0.10000000149011612
49,MKD,North Macedonia,2020,-3.7089016437530518,-0.357390433549881,5.5,1,-0.8401430249214172,-0.42913565039634705,-0.9831662178039551,-0.4121822416782379,-0.6911687254905701,-0.4890493154525757,-0.8460942506790161,-0.38617536425590515,0.10000000149011612,0.10000000149011612,0.10000000149011612,0.10000000149011612,0.10000000149011612,0.10000000149011612,0.10000000149011612,0.10000000149011612,0.10000000149011612,0.10000000149011612
49,MKD,North Macedonia,2021,-4.82833194732666,-0.3866698145866394,5.5,1,-0.8401430249214172,-0.42913565039634705,-0.9831662178039551,-0.4121822416782379,-0.6911687254905701,-0.4890493154525757,-0.8460942506790161,-0.38617536425590515,0.10000000149011612,0.10000000149011612,0.10000000149011612,0.10000000149011612,0.10000000149011612,0.10000000149011612,0.10000000149011612,0.10000000149011612,0.10000000149011612,0.10000000149011612
49,MKD,North Macedonia,2022,-3.69097900390625,-0.3703947365283966,5.5,1,-0.8401430249214172,-0.42913565039634705,-0.9831662178039551,-0.4121822416782379,-0.6911687254905701,-0.4890493154525757,-0.8460942506790161,-0.38617536425590515,0.10000000149011612,0.10000000149011612,0.10000000149011612,0.10000000149011612,0.10000000149011612,0.10000000149011612,0.10000000149011612,0.10000000149011612,0.10000000149011612,0.10000000149011612
49,MKD,North Macedonia,2023,-4.7387189865112305,-0.36099907755851746,5.5,1,-0.8401430249214172,-0.42913565039634705,-0.9831662178039551,-0.4121822416782379,-0.6911687254905701,-0.4890493154525757,-0.8460942506790161,-0.38617536425590515,0.10000000149011612,0.10000000149011612,0.10000000149011612,0.10000000149011612,0.10000000149011612,0.10000000149011612,0.10000000149011612,0.10000000149011612,0.10000000149011612,0.10000000149011612
50,MYS,Malaysia,2018,0.02772342786192894,0.728308379650116,5.5,1,0.11615476757287979,0.9208518862724304,0.3967877924442291,0.8844726085662842,0.08836042881011963,1.0494165420532227,-0.1366838961839676,0.8286665081977844,0.10000000149011612,0.10000000149011612,0.10000000149011612,0.10000000149011612,0.10000000149011612,0.10000000149011612,0.10000000149011612,0.10000000149011612,0.10000000149011612,0.10000000149011612
50,MYS,Malaysia,2019,-0.08382336795330048,1.1441136598587036,5.5,1,0.11615476757287979,0.9208518862724304,0.3967877924442291,0.8844726085662842,0.08836042881011963,1.0494165420532227,-0.1366838961839676,0.8286665081977844,0.10000000149011612,0.10000000149011612,0.10000000149011612,0.10000000149011612,0.10000000149011612,0.10000000149011612,0.10000000149011612,0.10000000149011612,0.10000000149011612,0.10000000149011612
50,MYS,Malaysia,2020,0.11602042615413666,1.350225567817688,5.5,1,0.11615476757287979,0.9208518862724304,0.3967877924442291,0.8844726085662842,0.08836042881011963,1.0494165420532227,-0.1366838961839676,0.8286665081977844,0.10000000149011612,0.10000000149011612,0.10000000149011612,0.10000000149011612,0.10000000149011612,0.10000000149011612,0.10000000149011612,0.10000000149011612,0.10000000149011612,0.10000000149011612
50,MYS,Malaysia,2021,-0.4654858112335205,1.4525128602981567,5.5,1,0.11615476757287979,0.9208518862724304,0.3967877924442291,0.8844726085662842,0.08836042881011963,1.0494165420532227,-0.1366838961839676,0.8286665081977844,0.10000000149011612,0.10000000149011612,0.10000000149011612,0.10000000149011612,0.10000000149011612,0.10000000149011612,0.10000000149011612,0.10000000149011612,0.10000000149011612,0.10000000149011612
50,MYS,Malaysia,2022,-0.6587987542152405,1.5208680629730225,5.5,1,0.11615476757287979,0.9208518862724304,0.3967877924442291,0.8844726085662842,0.08836042881011963,1.0494165420532227,-0.1366838961839676,0.8286665081977844,0.10000000149011612,0.10000000149011612,0.10000000149011612,0.10000000149011612,0.10000000149011612,0.10000000149011612,0.10000000149011612,0.10000000149011612,0.10000000149011612,0.10000000149011612
50,MYS,Malaysia,2023,-0.5584850311279297,1.5608490705490112,5.5,1,0.11615476757287979,0.9208518862724304,0.3967877924442291,0.8844726085662842,0.08836042881011963,1.0494165420532227,-0.1366838961839676,0.8286665081977844,0.10000000149011612,0.10000000149011612,0.10000000149011612,0.10000000149011612,0.10000000149011612,0.10000000149011612,0.10000000149011612,0.10000000149011612,0.10000000149011612,0.10000000149011612
51,NLD,Netherlands,2018,-2.012981653213501,-0.7637503743171692,5.5,1,1.3984497785568237,0.21416312456130981,1.432983160018921,0.20570233464241028,1.4087532758712769,0.24406352639198303,1.3536127805709839,0.19272351264953613,0.10000000149011612,0.10000000149011612,0.10000000149011612,0.10000000149011612,0.10000000149011612,0.10000000149011612,0.10000000149011612,0.10000000149011612,0.10000000149011612,0.10000000149011612
51,NLD,Netherlands,2019,-4.107210636138916,-0.7509881258010864,5.5,1,1.3984497785568237,0.21416312456130981,1.432983160018921,0.20570233464241028,1.4087532758712769,0.24406352639198303,1.3536127805709839,0.19272351264953613,0.10000000149011612,0.10000000149011612,0.10000000149011612,0.10000000149011612,0.10000000149011612,0.10000000149011612,0.10000000149011612,0.10000000149011612,0.10000000149011612,0.10000000149011612
51,NLD,Netherlands,2020,-6.567773342132568,-0.8426804542541504,5.5,1,1.3984497785568237,0.21416312456130981,1.432983160018921,0.20570233464241028,1.4087532758712769,0.24406352639198303,1.3536127805709839,0.19272351264953613,0.10000000149011612,0.10000000149011612,0.10000000149011612,0.10000000149011612,0.10000000149011612,0.10000000149011612,0.10000000149011612,0.10000000149011612,0.10000000149011612,0.10000000149011612
51,NLD,Netherlands,2021,-6.225274562835693,-0.9402607679367065,5.5,1,1.3984497785568237,0.21416312456130981,1.432983160018921,0.20570233464241028,1.4087532758712769,0.24406352639198303,1.3536127805709839,0.19272351264953613,0.10000000149011612,0.10000000149011612,0.10000000149011612,0.10000000149011612,0.10000000149011612,0.10000000149011612,0.10000000149011612,0.10000000149011612,0.10000000149011612,0.10000000149011612
51,NLD,Netherlands,2022,-7.184930801391602,-1.0256558656692505,5.5,1,1.3984497785568237,0.21416312456130981,1.432983160018921,0.20570233464241028,1.4087532758712769,0.24406352639198303,1.3536127805709839,0.19272351264953613,0.10000000149011612,0.10000000149011612,0.10000000149011612,0.10000000149011612,0.10000000149011612,0.10000000149011612,0.10000000149011612,0.10000000149011612,0.10000000149011612,0.10000000149011612
51,NLD,Netherlands,2023,-9.322796821594238,-1.0855973958969116,5.5,1,1.3984497785568237,0.21416312456130981,1.432983160018921,0.20570233464241028,1.4087532758712769,0.24406352639198303,1.3536127805709839,0.19272351264953613,0.10000000149011612,0.10000000149011612,0.10000000149011612,0.10000000149011612,0.10000000149011612,0.10000000149011612,0.10000000149011612,0.10000000149011612,0.10000000149011612,0.10000000149011612
52,NOR,Norway,2018,0.684697687625885,1.3005295991897583,5.5,1,1.3073252439498901,0.04765406250953674,1.3803420066833496,0.045771386474370956,1.0274958610534668,0.05430731922388077,1.5141379833221436,0.042883481830358505,0.10000000149011612,0.10000000149011612,0.10000000149011612,0.10000000149011612,0.10000000149011612,0.10000000149011612,0.10000000149011612,0.10000000149011612,0.10000000149011612,0.10000000149011612
52,NOR,Norway,2019,0.7579119205474854,1.1826050281524658,5.5,1,1.3073252439498901,0.04765406250953674,1.3803420066833496,0.045771386474370956,1.0274958610534668,0.05430731922388077,1.5141379833221436,0.042883481830358505,0.10000000149011612,0.10000000149011612,0.10000000149011612,0.10000000149011612,0.10000000149011612,0.10000000149011612,0.10000000149011612,0.10000000149011612,0.10000000149011612,0.10000000149011612
52,NOR,Norway,2020,0.16256453096866608,1.0674769878387451,5.5,1,1.3073252439498901,0.04765406250953674,1.3803420066833496,0.045771386474370956,1.0274958610534668,0.05430731922388077,1.5141379833221436,0.042883481830358505,0.10000000149011612,0.10000000149011612,0.10000000149011612,0.10000000149011612,0.10000000149011612,0.10000000149011612,0.10000000149011612,0.10000000149011612,0.10000000149011612,0.10000000149011612
52,NOR,Norway,2021,-0.5059971213340759,1.0024336576461792,5.5,1,1.3073252439498901,0.04765406250953674,1.3803420066833496,0.045771386474370956,1.0274958610534668,0.05430731922388077,1.5141379833221436,0.042883481830358505,0.10000000149011612,0.10000000149011612,0.10000000149011612,0.10000000149011612,0.10000000149011612,0.10000000149011612,0.10000000149011612,0.10000000149011612,0.10000000149011612,0.10000000149011612
52,NOR,Norway,2022,0.01806272566318512,0.9876101613044739,5.5,1,1.3073252439498901,0.04765406250953674,1.3803420066833496,0.045771386474370956,1.0274958610534668,0.05430731922388077,1.5141379833221436,0.042883481830358505,0.10000000149011612,0.10000000149011612,0.10000000149011612,0.10000000149011612,0.10000000149011612,0.10000000149011612,0.10000000149011612,0.10000000149011612,0.10000000149011612,0.10000000149011612
52,NOR,Norway,2023,0.1799047440290451,0.959196150302887,5.5,1,1.3073252439498901,0.04765406250953674,1.3803420066833496,0.045771386474370956,1.0274958610534668,0.05430731922388077,1.5141379833221436,0.042883481830358505,0.10000000149011612,0.10000000149011612,0.10000000149011612,0.10000000149011612,0.10000000149011612,0.10000000149011612,0.10000000149011612,0.10000000149011612,0.10000000149011612,0.10000000149011612
53,NZL,New Zealand,2018,-2.981884479522705,1.1692426204681396,5.5,1,1.3908849954605103,0.15313826501369476,1.414912223815918,0.14708831906318665,1.3223596811294556,0.1745186746120453,1.4353830814361572,0.13780777156352997,0.10000000149011612,0.10000000149011612,0.10000000149011612,0.10000000149011612,0.10000000149011612,0.10000000149011612,0.10000000149011612,0.10000000149011612,0.10000000149011612,0.10000000149011612
53,NZL,New Zealand,2019,-2.6216039657592773,1.0044158697128296,5.5,1,1.3908849954605103,0.15313826501369476,1.414912223815918,0.14708831906318665,1.3223596811294556,0.1745186746120453,1.4353830814361572,0.13780777156352997,0.10000000149011612,0.10000000149011612,0.10000000149011612,0.10000000149011612,0.10000000149011612,0.10000000149011612,0.10000000149011612,0.10000000149011612,0.10000000149011612,0.10000000149011612
53,NZL,New Zealand,2020,-2.319328546524048,0.7855998277664185,5.5,1,1.3908849954605103,0.15313826501369476,1.414912223815918,0.14708831906318665,1.3223596811294556,0.1745186746120453,1.4353830814361572,0.13780777156352997,0.10000000149011612,0.10000000149011612,0.10000000149011612,0.10000000149011612,0.10000000149011612,0.10000000149011612,0.10000000149011612,0.10000000149011612,0.10000000149011612,0.10000000149011612
53,NZL,New Zealand,2021,-2.2188103199005127,0.6024609804153442,5.5,1,1.3908849954605103,0.15313826501369476,1.414912223815918,0.14708831906318665,1.3223596811294556,0.1745186746120453,1.4353830814361572,0.13780777156352997,0.10000000149011612,0.10000000149011612,0.10000000149011612,0.10000000149011612,0.10000000149011612,0.10000000149011612,0.10000000149011612,0.10000000149011612,0.10000000149011612,0.10000000149011612
53,NZL,New Zealand,2022,-3.390082359313965,0.45056280493736267,5.5,1,1.3908849954605103,0.15313826501369476,1.414912223815918,0.14708831906318665,1.3223596811294556,0.1745186746120453,1.4353830814361572,0.13780777156352997,0.10000000149011612,0.10000000149011612,0.10000000149011612,0.10000000149011612,0.10000000149011612,0.10000000149011612,0.10000000149011612,0.10000000149011612,0.10000000149011612,0.10000000149011612
53,NZL,New Zealand,2023,-3.6847918033599854,0.4069041907787323,5.5,1,1.3908849954605103,0.15313826501369476,1.414912223815918,0.14708831906318665,1.3223596811294556,0.1745186746120453,1.4353830814361572,0.13780777156352997,0.10000000149011612,0.10000000149011612,0.10000000149011612,0.10000000149011612,0.10000000149011612,0.10000000149011612,0.10000000149011612,0.10000000149011612,0.10000000149011612,0.10000000149011612
54,OMN,Oman,2018,-1.4833542108535767,-0.6952728629112244,5.5,1,-0.0670604482293129,0.4951957166194916,-0.2567063570022583,0.4756324589252472,0.022247422486543655,0.5643324851989746,0.033277593553066254,0.4456222653388977,0.10000000149011612,0.10000000149011612,0.10000000149011612,0.10000000149011612,0.10000000149011612,0.10000000149011612,0.10000000149011612,0.10000000149011612,0.10000000149011612,0.10000000149011612
54,OMN,Oman,2019,-1.4833542108535767,-0.7965611219406128,5.5,1,-0.0670604482293129,0.4951957166194916,-0.2567063570022583,0.4756324589252472,0.022247422486543655,0.5643324851989746,0.033277593553066254,0.4456222653388977,0.10000000149011612,0.10000000149011612,0.10000000149011612,0.10000000149011612,0.10000000149011612,0.10000000149011612,0.10000000149011612,0.10000000149011612,0.10000000149011612,0.10000000149011612
54,OMN,Oman,2020,-1.9118425846099854,-0.9984073042869568,5.5,1,-0.0670604482293129,0.4951957166194916,-0.2567063570022583,0.4756324589252472,0.022247422486543655,0.5643324851989746,0.033277593553066254,0.4456222653388977,0.10000000149011612,0.10000000149011612,0.10000000149011612,0.10000000149011612,0.10000000149011612,0.10000000149011612,0.10000000149011612,0.10000000149011612,0.10000000149011612,0.10000000149011612
54,OMN,Oman,2021,-2.7994258403778076,-1.2222578525543213,5.5,1,-0.0670604482293129,0.4951957166194916,-0.2567063570022583,0.4756324589252472,0.022247422486543655,0.5643324851989746,0.033277593553066254,0.4456222653388977,0.10000000149011612,0.10000000149011612,0.10000000149011612,0.10000000149011612,0.10000000149011612,0.10000000149011612,0.10000000149011612,0.10000000149011612,0.10000000149011612,0.10000000149011612
54,OMN,Oman,2022,-4.406257152557373,-1.4222067594528198,5.5,1,-0.0670604482293129,0.4951957166194916,-0.2567063570022583,0.4756324589252472,0.022247422486543655,0.5643324851989746,0.033277593553066254,0.4456222653388977,0.10000000149011612,0.10000000149011612,0.10000000149011612,0.10000000149011612,0.10000000149011612,0.10000000149011612,0.10000000149011612,0.10000000149011612,0.10000000149011612,0.10000000149011612
54,OMN,Oman,2023,-4.634274482727051,-1.5787556171417236,5.5,1,-0.0670604482293129,0.4951957166194916,-0.2567063570022583,0.4756324589252472,0.022247422486543655,0.5643324851989746,0.033277593553066254,0.4456222653388977,0.10000000149011612,0.10000000149011612,0.10000000149011612,0.10000000149011612,0.10000000149011612,0.10000000149011612,0.10000000149011612,0.10000000149011612,0.10000000149011612,0.10000000149011612
55,PAK,Pakistan,2018,0.6607634425163269,-1.2149676084518433,5.5,1,-1.1695586442947388,-0.8416061401367188,-1.022442102432251,-0.8083576560020447,-1.2194249629974365,-0.9591068029403687,-1.2668088674545288,-0.7573539018630981,0.10000000149011612,0.10000000149011612,0.10000000149011612,0.10000000149011612,0.10000000149011612,0.10000000149011612,0.10000000149011612,0.10000000149011612,0.10000000149011612,0.10000000149011612
55,PAK,Pakistan,2019,0.263211190700531,-0.8322258591651917,5.5,1,-1.1695586442947388,-0.8416061401367188,-1.022442102432251,-0.8083576560020447,-1.2194249629974365,-0.9591068029403687,-1.2668088674545288,-0.7573539018630981,0.10000000149011612,0.10000000149011612,0.10000000149011612,0.10000000149011612,0.10000000149011612,0.10000000149011612,0.10000000149011612,0.10000000149011612,0.10000000149011612,0.10000000149011612
55,PAK,Pakistan,2020,0.5979493856430054,-0.6915499567985535,5.5,1,-1.1695586442947388,-0.8416061401367188,-1.022442102432251,-0.8083576560020447,-1.2194249629974365,-0.9591068029403687,-1.2668088674545288,-0.7573539018630981,0.10000000149011612,0.10000000149011612,0.10000000149011612,0.10000000149011612,0.10000000149011612,0.10000000149011612,0.10000000149011612,0.10000000149011612,0.10000000149011612,0.10000000149011612
55,PAK,Pakistan,2021,-0.27455824613571167,-0.6668871641159058,5.5,1,-1.1695586442947388,-0.8416061401367188,-1.022442102432251,-0.8083576560020447,-1.2194249629974365,-0.9591068029403687,-1.2668088674545288,-0.7573539018630981,0.10000000149011612,0.10000000149011612,0.10000000149011612,0.10000000149011612,0.10000000149011612,0.10000000149011612,0.10000000149011612,0.10000000149011612,0.10000000149011612,0.10000000149011612
55,PAK,Pakistan,2022,-1.3144348859786987,-0.6757920980453491,5.5,1,-1.1695586442947388,-0.8416061401367188,-1.022442102432251,-0.8083576560020447,-1.2194249629974365,-0.9591068029403687,-1.2668088674545288,-0.7573539018630981,0.10000000149011612,0.10000000149011612,0.10000000149011612,0.10000000149011612,0.10000000149011612,0.10000000149011612,0.10000000149011612,0.10000000149011612,0.10000000149011612,0.10000000149011612
55,PAK,Pakistan,2023,-1.7306287288665771,-0.7140373587608337,5.5,1,-1.1695586442947388,-0.8416061401367188,-1.022442102432251,-0.8083576560020447,-1.2194249629974365,-0.9591068029403687,-1.2668088674545288,-0.7573539018630981,0.10000000149011612,0.10000000149011612,0.10000000149011612,0.10000000149011612,0.10000000149011612,0.10000000149011612,0.10000000149011612,0.10000000149011612,0.10000000149011612,0.10000000149011612
56,PER,Peru,2018,1.0936386585235596,0.2169458270072937,5.5,1,-0.6950809359550476,0.21919526159763336,-0.8969854712486267,0.2105356752872467,-0.25150150060653687,0.2497982233762741,-0.9367557168006897,0.19725190103054047,0.10000000149011612,0.10000000149011612,0.10000000149011612,0.10000000149011612,0.10000000149011612,0.10000000149011612,0.10000000149011612,0.10000000149011612,0.10000000149011612,0.10000000149011612
56,PER,Peru,2019,1.1609760522842407,0.7940019369125366,5.5,1,-0.6950809359550476,0.21919526159763336,-0.8969854712486267,0.2105356752872467,-0.25150150060653687,0.2497982233762741,-0.9367557168006897,0.19725190103054047,0.10000000149011612,0.10000000149011612,0.10000000149011612,0.10000000149011612,0.10000000149011612,0.10000000149011612,0.10000000149011612,0.10000000149011612,0.10000000149011612,0.10000000149011612
56,PER,Peru,2020,0.8656606674194336,1.050718903541565,5.5,1,-0.6950809359550476,0.21919526159763336,-0.8969854712486267,0.2105356752872467,-0.25150150060653687,0.2497982233762741,-0.9367557168006897,0.19725190103054047,0.10000000149011612,0.10000000149011612,0.10000000149011612,0.10000000149011612,0.10000000149011612,0.10000000149011612,0.10000000149011612,0.10000000149011612,0.10000000149011612,0.10000000149011612
56,PER,Peru,2021,1.0604026317596436,1.191443681716919,5.5,1,-0.6950809359550476,0.21919526159763336,-0.8969854712486267,0.2105356752872467,-0.25150150060653687,0.2497982233762741,-0.9367557168006897,0.19725190103054047,0.10000000149011612,0.10000000149011612,0.10000000149011612,0.10000000149011612,0.10000000149011612,0.10000000149011612,0.10000000149011612,0.10000000149011612,0.10000000149011612,0.10000000149011612
56,PER,Peru,2022,1.6989833116531372,1.2251641750335693,5.5,1,-0.6950809359550476,0.21919526159763336,-0.8969854712486267,0.2105356752872467,-0.25150150060653687,0.2497982233762741,-0.9367557168006897,0.19725190103054047,0.10000000149011612,0.10000000149011612,0.10000000149011612,0.10000000149011612,0.10000000149011612,0.10000000149011612,0.10000000149011612,0.10000000149011612,0.10000000149011612,0.10000000149011612
56,PER,Peru,2023,1.919171690940857,1.238585352897644,5.5,1,-0.6950809359550476,0.21919526159763336,-0.8969854712486267,0.2105356752872467,-0.25150150060653687,0.2497982233762741,-0.9367557168006897,0.19725190103054047,0.10000000149011612,0.10000000149011612,0.10000000149011612,0.10000000149011612,0.10000000149011612,0.10000000149011612,0.10000000149011612,0.10000000149011612,0.10000000149011612,0.10000000149011612
57,PHL,Philippines,2018,4.912133693695068,-1.282339334487915,5.5,1,-0.5819682478904724,0.23008501529693604,-0.5483519434928894,0.2209952175617218,-0.43141669034957886,0.26220834255218506,-0.7661361694335938,0.20705148577690125,0.10000000149011612,0.10000000149011612,0.10000000149011612,0.10000000149011612,0.10000000149011612,0.10000000149011612,0.10000000149011612,0.10000000149011612,0.10000000149011612,0.10000000149011612
57,PHL,Philippines,2019,5.833406925201416,-0.674816906452179,5.5,1,-0.5819682478904724,0.23008501529693604,-0.5483519434928894,0.2209952175617218,-0.43141669034957886,0.26220834255218506,-0.7661361694335938,0.20705148577690125,0.10000000149011612,0.10000000149011612,0.10000000149011612,0.10000000149011612,0.10000000149011612,0.10000000149011612,0.10000000149011612,0.10000000149011612,0.10000000149011612,0.10000000149011612
57,PHL,Philippines,2020,6.113379955291748,-0.31793051958084106,5.5,1,-0.5819682478904724,0.23008501529693604,-0.5483519434928894,0.2209952175617218,-0.43141669034957886,0.26220834255218506,-0.7661361694335938,0.20705148577690125,0.10000000149011612,0.10000000149011612,0.10000000149011612,0.10000000149011612,0.10000000149011612,0.10000000149011612,0.10000000149011612,0.10000000149011612,0.10000000149011612,0.10000000149011612
57,PHL,Philippines,2021,6.149739742279053,-0.08734890818595886,5.5,1,-0.5819682478904724,0.23008501529693604,-0.5483519434928894,0.2209952175617218,-0.43141669034957886,0.26220834255218506,-0.7661361694335938,0.20705148577690125,0.10000000149011612,0.10000000149011612,0.10000000149011612,0.10000000149011612,0.10000000149011612,0.10000000149011612,0.10000000149011612,0.10000000149011612,0.10000000149011612,0.10000000149011612
57,PHL,Philippines,2022,6.288362503051758,0.05069485306739807,5.5,1,-0.5819682478904724,0.23008501529693604,-0.5483519434928894,0.2209952175617218,-0.43141669034957886,0.26220834255218506,-0.7661361694335938,0.20705148577690125,0.10000000149011612,0.10000000149011612,0.10000000149011612,0.10000000149011612,0.10000000149011612,0.10000000149011612,0.10000000149011612,0.10000000149011612,0.10000000149011612,0.10000000149011612
57,PHL,Philippines,2023,6.736955165863037,0.12453561276197433,5.5,1,-0.5819682478904724,0.23008501529693604,-0.5483519434928894,0.2209952175617218,-0.43141669034957886,0.26220834255218506,-0.7661361694335938,0.20705148577690125,0.10000000149011612,0.10000000149011612,0.10000000149011612,0.10000000149011612,0.10000000149011612,0.10000000149011612,0.10000000149011612,0.10000000149011612,0.10000000149011612,0.10000000149011612
58,POL,Poland,2018,-5.292060375213623,-0.6414585113525391,5.5,1,0.13508905470371246,0.4464605748653412,0.0030404042918235064,0.4288226068019867,0.21474087238311768,0.5087931156158447,0.18748588860034943,0.401765912771225,0.10000000149011612,0.10000000149011612,0.10000000149011612,0.10000000149011612,0.10000000149011612,0.10000000149011612,0.10000000149011612,0.10000000149011612,0.10000000149011612,0.10000000149011612
58,POL,Poland,2019,-6.858757495880127,-0.3652496635913849,5.5,1,0.13508905470371246,0.4464605748653412,0.0030404042918235064,0.4288226068019867,0.21474087238311768,0.5087931156158447,0.18748588860034943,0.401765912771225,0.10000000149011612,0.10000000149011612,0.10000000149011612,0.10000000149011612,0.10000000149011612,0.10000000149011612,0.10000000149011612,0.10000000149011612,0.10000000149011612,0.10000000149011612
58,POL,Poland,2020,-8.258927345275879,-0.2677648365497589,5.5,1,0.13508905470371246,0.4464605748653412,0.0030404042918235064,0.4288226068019867,0.21474087238311768,0.5087931156158447,0.18748588860034943,0.401765912771225,0.10000000149011612,0.10000000149011612,0.10000000149011612,0.10000000149011612,0.10000000149011612,0.10000000149011612,0.10000000149011612,0.10000000149011612,0.10000000149011612,0.10000000149011612
58,POL,Poland,2021,-7.500536918640137,-0.22885411977767944,5.5,1,0.13508905470371246,0.4464605748653412,0.0030404042918235064,0.4288226068019867,0.21474087238311768,0.5087931156158447,0.18748588860034943,0.401765912771225,0.10000000149011612,0.10000000149011612,0.10000000149011612,0.10000000149011612,0.10000000149011612,0.10000000149011612,0.10000000149011612,0.10000000149011612,0.10000000149011612,0.10000000149011612
58,POL,Poland,2022,-8.502216339111328,-0.2162897288799286,5.5,1,0.13508905470371246,0.4464605748653412,0.0030404042918235064,0.4288226068019867,0.21474087238311768,0.5087931156158447,0.18748588860034943,0.401765912771225,0.10000000149011612,0.10000000149011612,0.10000000149011612,0.10000000149011612,0.10000000149011612,0.10000000149011612,0.10000000149011612,0.10000000149011612,0.10000000149011612,0.10000000149011612
58,POL,Poland,2023,-11.761031150817871,-0.21429851651191711,5.5,1,0.13508905470371246,0.4464605748653412,0.0030404042918235064,0.4288226068019867,0.21474087238311768,0.5087931156158447,0.18748588860034943,0.401765912771225,0.10000000149011612,0.10000000149011612,0.10000000149011612,0.10000000149011612,0.10000000149011612,0.10000000149011612,0.10000000149011612,0.10000000149011612,0.10000000149011612,0.10000000149011612
59,PRT,Portugal,2018,-1.9006779193878174,0.5264429450035095,5.5,1,0.5889715552330017,0.08975111693143845,0.3899436593055725,0.08620534837245941,0.6463295221328735,0.10228174924850464,0.7306414842605591,0.08076624572277069,0.10000000149011612,0.10000000149011612,0.10000000149011612,0.10000000149011612,0.10000000149011612,0.10000000149011612,0.10000000149011612,0.10000000149011612,0.10000000149011612,0.10000000149011612
59,PRT,Portugal,2019,-2.685220718383789,0.6550423502922058,5.5,1,0.5889715552330017,0.08975111693143845,0.3899436593055725,0.08620534837245941,0.6463295221328735,0.10228174924850464,0.7306414842605591,0.08076624572277069,0.10000000149011612,0.10000000149011612,0.10000000149011612,0.10000000149011612,0.10000000149011612,0.10000000149011612,0.10000000149011612,0.10000000149011612,0.10000000149011612,0.10000000149011612
59,PRT,Portugal,2020,-3.400998592376709,0.6541981101036072,5.5,1,0.5889715552330017,0.08975111693143845,0.3899436593055725,0.08620534837245941,0.6463295221328735,0.10228174924850464,0.7306414842605591,0.08076624572277069,0.10000000149011612,0.10000000149011612,0.10000000149011612,0.10000000149011612,0.10000000149011612,0.10000000149011612,0.10000000149011612,0.10000000149011612,0.10000000149011612,0.10000000149011612
59,PRT,Portugal,2021,-3.9149670600891113,0.5844160914421082,5.5,1,0.5889715552330017,0.08975111693143845,0.3899436593055725,0.08620534837245941,0.6463295221328735,0.10228174924850464,0.7306414842605591,0.08076624572277069,0.10000000149011612,0.10000000149011612,0.10000000149011612,0.10000000149011612,0.10000000149011612,0.10000000149011612,0.10000000149011612,0.10000000149011612,0.10000000149011612,0.10000000149011612
59,PRT,Portugal,2022,-3.713021755218506,0.5557692050933838,5.5,1,0.5889715552330017,0.08975111693143845,0.3899436593055725,0.08620534837245941,0.6463295221328735,0.10228174924850464,0.7306414842605591,0.08076624572277069,0.10000000149011612,0.10000000149011612,0.10000000149011612,0.10000000149011612,0.10000000149011612,0.10000000149011612,0.10000000149011612,0.10000000149011612,0.10000000149011612,0.10000000149011612
59,PRT,Portugal,2023,-4.624629497528076,0.5694355964660645,5.5,1,0.5889715552330017,0.08975111693143845,0.3899436593055725,0.08620534837245941,0.6463295221328735,0.10228174924850464,0.7306414842605591,0.08076624572277069,0.10000000149011612,0.10000000149011612,0.10000000149011612,0.10000000149011612,0.10000000149011612,0.10000000149011612,0.10000000149011612,0.10000000149011612,0.10000000149011612,0.10000000149011612
60,QAT,Qatar,2018,-6.880117416381836,1.5580470561981201,5.5,1,-0.037850040942430496,0.178260937333107,0.02352459356188774,0.17121849954128265,-0.20334964990615845,0.20314884185791016,0.06627492606639862,0.16041545569896698,0.10000000149011612,0.10000000149011612,0.10000000149011612,0.10000000149011612,0.10000000149011612,0.10000000149011612,0.10000000149011612,0.10000000149011612,0.10000000149011612,0.10000000149011612
60,QAT,Qatar,2019,-4.506235599517822,1.4494096040725708,5.5,1,-0.037850040942430496,0.178260937333107,0.02352459356188774,0.17121849954128265,-0.20334964990615845,0.20314884185791016,0.06627492606639862,0.16041545569896698,0.10000000149011612,0.10000000149011612,0.10000000149011612,0.10000000149011612,0.10000000149011612,0.10000000149011612,0.10000000149011612,0.10000000149011612,0.10000000149011612,0.10000000149011612
60,QAT,Qatar,2020,-5.444746971130371,1.3102459907531738,5.5,1,-0.037850040942430496,0.178260937333107,0.02352459356188774,0.17121849954128265,-0.20334964990615845,0.20314884185791016,0.06627492606639862,0.16041545569896698,0.10000000149011612,0.10000000149011612,0.10000000149011612,0.10000000149011612,0.10000000149011612,0.10000000149011612,0.10000000149011612,0.10000000149011612,0.10000000149011612,0.10000000149011612
60,QAT,Qatar,2021,-6.548878192901611,1.1720707416534424,5.5,1,-0.037850040942430496,0.178260937333107,0.02352459356188774,0.17121849954128265,-0.20334964990615845,0.20314884185791016,0.06627492606639862,0.16041545569896698,0.10000000149011612,0.10000000149011612,0.10000000149011612,0.10000000149011612,0.10000000149011612,0.10000000149011612,0.10000000149011612,0.10000000149011612,0.10000000149011612,0.10000000149011612
60,QAT,Qatar,2022,-4.892681121826172,1.012168049812317,5.5,1,-0.037850040942430496,0.178260937333107,0.02352459356188774,0.17121849954128265,-0.20334964990615845,0.20314884185791016,0.06627492606639862,0.16041545569896698,0.10000000149011612,0.10000000149011612,0.10000000149011612,0.10000000149011612,0.10000000149011612,0.10000000149011612,0.10000000149011612,0.10000000149011612,0.10000000149011612,0.10000000149011612
60,QAT,Qatar,2023,-5.334333896636963,0.8981664776802063,5.5,1,-0.037850040942430496,0.178260937333107,0.02352459356188774,0.17121849954128265,-0.20334964990615845,0.20314884185791016,0.06627492606639862,0.16041545569896698,0.10000000149011612,0.10000000149011612,0.10000000149011612,0.10000000149011612,0.10000000149011612,0.10000000149011612,0.10000000149011612,0.10000000149011612,0.10000000149011612,0.10000000149011612
61,ROU,Romania,2018,-3.695746898651123,-0.1849115937948227,5.5,1,-0.6137262582778931,-0.19443626701831818,-0.9381364583969116,-0.18675492703914642,-0.44055911898612976,-0.22158242762088776,-0.4624831974506378,-0.17497147619724274,0.10000000149011612,0.10000000149011612,0.10000000149011612,0.10000000149011612,0.10000000149011612,0.10000000149011612,0.10000000149011612,0.10000000149011612,0.10000000149011612,0.10000000149011612
61,ROU,Romania,2019,-4.160907745361328,0.22268939018249512,5.5,1,-0.6137262582778931,-0.19443626701831818,-0.9381364583969116,-0.18675492703914642,-0.44055911898612976,-0.22158242762088776,-0.4624831974506378,-0.17497147619724274,0.10000000149011612,0.10000000149011612,0.10000000149011612,0.10000000149011612,0.10000000149011612,0.10000000149011612,0.10000000149011612,0.10000000149011612,0.10000000149011612,0.10000000149011612
61,ROU,Romania,2020,-5.406534671783447,0.426090806722641,5.5,1,-0.6137262582778931,-0.19443626701831818,-0.9381364583969116,-0.18675492703914642,-0.44055911898612976,-0.22158242762088776,-0.4624831974506378,-0.17497147619724274,0.10000000149011612,0.10000000149011612,0.10000000149011612,0.10000000149011612,0.10000000149011612,0.10000000149011612,0.10000000149011612,0.10000000149011612,0.10000000149011612,0.10000000149011612
61,ROU,Romania,2021,-5.111453533172607,0.4865875542163849,5.5,1,-0.6137262582778931,-0.19443626701831818,-0.9381364583969116,-0.18675492703914642,-0.44055911898612976,-0.22158242762088776,-0.4624831974506378,-0.17497147619724274,0.10000000149011612,0.10000000149011612,0.10000000149011612,0.10000000149011612,0.10000000149011612,0.10000000149011612,0.10000000149011612,0.10000000149011612,0.10000000149011612,0.10000000149011612
61,ROU,Romania,2022,-4.921149253845215,0.5733513236045837,5.5,1,-0.6137262582778931,-0.19443626701831818,-0.9381364583969116,-0.18675492703914642,-0.44055911898612976,-0.22158242762088776,-0.4624831974506378,-0.17497147619724274,0.10000000149011612,0.10000000149011612,0.10000000149011612,0.10000000149011612,0.10000000149011612,0.10000000149011612,0.10000000149011612,0.10000000149011612,0.10000000149011612,0.10000000149011612
61,ROU,Romania,2023,-6.2508416175842285,0.6650459170341492,5.5,1,-0.6137262582778931,-0.19443626701831818,-0.9381364583969116,-0.18675492703914642,-0.44055911898612976,-0.22158242762088776,-0.4624831974506378,-0.17497147619724274,0.10000000149011612,0.10000000149011612,0.10000000149011612,0.10000000149011612,0.10000000149011612,0.10000000149011612,0.10000000149011612,0.10000000149011612,0.10000000149011612,0.10000000149011612
62,RUS,Russia,2018,-3.6435298919677734,-0.41571488976478577,5.5,1,-1.1349221467971802,-0.6744605898857117,-1.1962112188339233,-0.6478153467178345,-0.9114767909049988,-0.7686252593994141,-1.2970784902572632,-0.6069411039352417,0.10000000149011612,0.10000000149011612,0.10000000149011612,0.10000000149011612,0.10000000149011612,0.10000000149011612,0.10000000149011612,0.10000000149011612,0.10000000149011612,0.10000000149011612
62,RUS,Russia,2019,-3.5361337661743164,-0.29266107082366943,5.5,1,-1.1349221467971802,-0.6744605898857117,-1.1962112188339233,-0.6478153467178345,-0.9114767909049988,-0.7686252593994141,-1.2970784902572632,-0.6069411039352417,0.10000000149011612,0.10000000149011612,0.10000000149011612,0.10000000149011612,0.10000000149011612,0.10000000149011612,0.10000000149011612,0.10000000149011612,0.10000000149011612,0.10000000149011612
62,RUS,Russia,2020,-6.922895908355713,-0.39147061109542847,5.5,1,-1.1349221467971802,-0.6744605898857117,-1.1962112188339233,-0.6478153467178345,-0.9114767909049988,-0.7686252593994141,-1.2970784902572632,-0.6069411039352417,0.10000000149011612,0.10000000149011612,0.10000000149011612,0.10000000149011612,0.10000000149011612,0.10000000149011612,0.10000000149011612,0.10000000149011612,0.10000000149011612,0.10000000149011612
62,RUS,Russia,2021,-5.5373334884643555,-0.563153862953186,5.5,1,-1.1349221467971802,-0.6744605898857117,-1.1962112188339233,-0.6478153467178345,-0.9114767909049988,-0.7686252593994141,-1.2970784902572632,-0.6069411039352417,0.10000000149011612,0.10000000149011612,0.10000000149011612,0.10000000149011612,0.10000000149011612,0.10000000149011612,0.10000000149011612,0.10000000149011612,0.10000000149011612,0.10000000149011612
62,RUS,Russia,2022,-4.097316741943359,-0.7002107501029968,5.5,1,-1.1349221467971802,-0.6744605898857117,-1.1962112188339233,-0.6478153467178345,-0.9114767909049988,-0.7686252593994141,-1.2970784902572632,-0.6069411039352417,0.10000000149011612,0.10000000149011612,0.10000000149011612,0.10000000149011612,0.10000000149011612,0.10000000149011612,0.10000000149011612,0.10000000149011612,0.10000000149011612,0.10000000149011612
62,RUS,Russia,2023,-3.127725601196289,-0.8125318884849548,5.5,1,-1.1349221467971802,-0.6744605898857117,-1.1962112188339233,-0.6478153467178345,-0.9114767909049988,-0.7686252593994141,-1.2970784902572632,-0.6069411039352417,0.10000000149011612,0.10000000149011612,0.10000000149011612,0.10000000149011612,0.10000000149011612,0.10000000149011612,0.10000000149011612,0.10000000149011612,0.10000000149011612,0.10000000149011612
63,SAU,Saudi Arabia,2018,2.299851655960083,0.43541520833969116,5.5,1,-0.5544285178184509,-0.04174591228365898,-0.6724381446838379,-0.040096744894981384,-0.49509498476982117,-0.04757421836256981,-0.4957524538040161,-0.037566762417554855,0.10000000149011612,0.10000000149011612,0.10000000149011612,0.10000000149011612,0.10000000149011612,0.10000000149011612,0.10000000149011612,0.10000000149011612,0.10000000149011612,0.10000000149011612
63,SAU,Saudi Arabia,2019,1.9578986167907715,0.2944807708263397,5.5,1,-0.5544285178184509,-0.04174591228365898,-0.6724381446838379,-0.040096744894981384,-0.49509498476982117,-0.04757421836256981,-0.4957524538040161,-0.037566762417554855,0.10000000149011612,0.10000000149011612,0.10000000149011612,0.10000000149011612,0.10000000149011612,0.10000000149011612,0.10000000149011612,0.10000000149011612,0.10000000149011612,0.10000000149011612
63,SAU,Saudi Arabia,2020,2.004265069961548,0.2061356008052826,5.5,1,-0.5544285178184509,-0.04174591228365898,-0.6724381446838379,-0.040096744894981384,-0.49509498476982117,-0.04757421836256981,-0.4957524538040161,-0.037566762417554855,0.10000000149011612,0.10000000149011612,0.10000000149011612,0.10000000149011612,0.10000000149011612,0.10000000149011612,0.10000000149011612,0.10000000149011612,0.10000000149011612,0.10000000149011612
63,SAU,Saudi Arabia,2021,2.169445753097534,0.17490306496620178,5.5,1,-0.5544285178184509,-0.04174591228365898,-0.6724381446838379,-0.040096744894981384,-0.49509498476982117,-0.04757421836256981,-0.4957524538040161,-0.037566762417554855,0.10000000149011612,0.10000000149011612,0.10000000149011612,0.10000000149011612,0.10000000149011612,0.10000000149011612,0.10000000149011612,0.10000000149011612,0.10000000149011612,0.10000000149011612
63,SAU,Saudi Arabia,2022,1.4797439575195312,0.11327806115150452,5.5,1,-0.5544285178184509,-0.04174591228365898,-0.6724381446838379,-0.040096744894981384,-0.49509498476982117,-0.04757421836256981,-0.4957524538040161,-0.037566762417554855,0.10000000149011612,0.10000000149011612,0.10000000149011612,0.10000000149011612,0.10000000149011612,0.10000000149011612,0.10000000149011612,0.10000000149011612,0.10000000149011612,0.10000000149011612
63,SAU,Saudi Arabia,2023,0.6857173442840576,0.07942071557044983,5.5,1,-0.5544285178184509,-0.04174591228365898,-0.6724381446838379,-0.040096744894981384,-0.49509498476982117,-0.04757421836256981,-0.4957524538040161,-0.037566762417554855,0.10000000149011612,0.10000000149011612,0.10000000149011612,0.10000000149011612,0.10000000149011612,0.10000000149011612,0.10000000149011612,0.10000000149011612,0.10000000149011612,0.10000000149011612
64,SGP,Singapore,2018,-1.5155048370361328,-0.5799312591552734,5.5,1,1.4344711303710938,0.4755212366580963,1.7217825651168823,0.456735223531723,1.536649465560913,0.5419111251831055,1.0449817180633545,0.42791736125946045,0.10000000149011612,0.10000000149011612,0.10000000149011612,0.10000000149011612,0.10000000149011612,0.10000000149011612,0.10000000149011612,0.10000000149011612,0.10000000149011612,0.10000000149011612
64,SGP,Singapore,2019,-1.5344992876052856,-0.7646459341049194,5.5,1,1.4344711303710938,0.4755212366580963,1.7217825651168823,0.456735223531723,1.536649465560913,0.5419111251831055,1.0449817180633545,0.42791736125946045,0.10000000149011612,0.10000000149011612,0.10000000149011612,0.10000000149011612,0.10000000149011612,0.10000000149011612,0.10000000149011612,0.10000000149011612,0.10000000149011612,0.10000000149011612
64,SGP,Singapore,2020,-1.5631846189498901,-0.9923076033592224,5.5,1,1.4344711303710938,0.4755212366580963,1.7217825651168823,0.456735223531723,1.536649465560913,0.5419111251831055,1.0449817180633545,0.42791736125946045,0.10000000149011612,0.10000000149011612,0.10000000149011612,0.10000000149011612,0.10000000149011612,0.10000000149011612,0.10000000149011612,0.10000000149011612,0.10000000149011612,0.10000000149011612
64,SGP,Singapore,2021,-1.5329487323760986,-1.184106469154358,5.5,1,1.4344711303710938,0.4755212366580963,1.7217825651168823,0.456735223531723,1.536649465560913,0.5419111251831055,1.0449817180633545,0.42791736125946045,0.10000000149011612,0.10000000149011612,0.10000000149011612,0.10000000149011612,0.10000000149011612,0.10000000149011612,0.10000000149011612,0.10000000149011612,0.10000000149011612,0.10000000149011612
64,SGP,Singapore,2022,-1.5709375143051147,-1.303449273109436,5.5,1,1.4344711303710938,0.4755212366580963,1.7217825651168823,0.456735223531723,1.536649465560913,0.5419111251831055,1.0449817180633545,0.42791736125946045,0.10000000149011612,0.10000000149011612,0.10000000149011612,0.10000000149011612,0.10000000149011612,0.10000000149011612,0.10000000149011612,0.10000000149011612,0.10000000149011612,0.10000000149011612
64,SGP,Singapore,2023,-1.6358672380447388,-1.3387471437454224,5.5,1,1.4344711303710938,0.4755212366580963,1.7217825651168823,0.456735223531723,1.536649465560913,0.5419111251831055,1.0449817180633545,0.42791736125946045,0.10000000149011612,0.10000000149011612,0.10000000149011612,0.10000000149011612,0.10000000149011612,0.10000000149011612,0.10000000149011612,0.10000000149011612,0.10000000149011612,0.10000000149011612
65,SVK,Slovakia,2018,-1.5849237442016602,-0.006986817345023155,5.5,1,0.11652449518442154,1.122194766998291,0.11614179611206055,1.0778613090515137,0.3065413236618042,1.278869867324829,-0.07310961931943893,1.0098531246185303,0.10000000149011612,0.10000000149011612,0.10000000149011612,0.10000000149011612,0.10000000149011612,0.10000000149011612,0.10000000149011612,0.10000000149011612,0.10000000149011612,0.10000000149011612
65,SVK,Slovakia,2019,-2.091881036758423,0.3224441409111023,5.5,1,0.11652449518442154,1.122194766998291,0.11614179611206055,1.0778613090515137,0.3065413236618042,1.278869867324829,-0.07310961931943893,1.0098531246185303,0.10000000149011612,0.10000000149011612,0.10000000149011612,0.10000000149011612,0.10000000149011612,0.10000000149011612,0.10000000149011612,0.10000000149011612,0.10000000149011612,0.10000000149011612
65,SVK,Slovakia,2020,-2.406219482421875,0.41305115818977356,5.5,1,0.11652449518442154,1.122194766998291,0.11614179611206055,1.0778613090515137,0.3065413236618042,1.278869867324829,-0.07310961931943893,1.0098531246185303,0.10000000149011612,0.10000000149011612,0.10000000149011612,0.10000000149011612,0.10000000149011612,0.10000000149011612,0.10000000149011612,0.10000000149011612,0.10000000149011612,0.10000000149011612
65,SVK,Slovakia,2021,-2.1880667209625244,0.4336763620376587,5.5,1,0.11652449518442154,1.122194766998291,0.11614179611206055,1.0778613090515137,0.3065413236618042,1.278869867324829,-0.07310961931943893,1.0098531246185303,0.10000000149011612,0.10000000149011612,0.10000000149011612,0.10000000149011612,0.10000000149011612,0.10000000149011612,0.10000000149011612,0.10000000149011612,0.10000000149011612,0.10000000149011612
65,SVK,Slovakia,2022,-2.8150081634521484,0.4576251804828644,5.5,1,0.11652449518442154,1.122194766998291,0.11614179611206055,1.0778613090515137,0.3065413236618042,1.278869867324829,-0.07310961931943893,1.0098531246185303,0.10000000149011612,0.10000000149011612,0.10000000149011612,0.10000000149011612,0.10000000149011612,0.10000000149011612,0.10000000149011612,0.10000000149011612,0.10000000149011612,0.10000000149011612
65,SVK,Slovakia,2023,-3.482109785079956,0.45826682448387146,5.5,1,0.11652449518442154,1.122194766998291,0.11614179611206055,1.0778613090515137,0.3065413236618042,1.278869867324829,-0.07310961931943893,1.0098531246185303,0.10000000149011612,0.10000000149011612,0.10000000149011612,0.10000000149011612,0.10000000149011612,0.10000000149011612,0.10000000149011612,0.10000000149011612,0.10000000149011612,0.10000000149011612
66,SVN,Slovenia,2018,-4.337141990661621,0.24360918998718262,5.5,1,0.38642582297325134,0.08360836654901505,0.28950437903404236,0.08030528575181961,0.34630832076072693,0.09528139233589172,0.5234646797180176,0.07523845136165619,0.10000000149011612,0.10000000149011612,0.10000000149011612,0.10000000149011612,0.10000000149011612,0.10000000149011612,0.10000000149011612,0.10000000149011612,0.10000000149011612,0.10000000149011612
66,SVN,Slovenia,2019,-4.712256908416748,0.19081363081932068,5.5,1,0.38642582297325134,0.08360836654901505,0.28950437903404236,0.08030528575181961,0.34630832076072693,0.09528139233589172,0.5234646797180176,0.07523845136165619,0.10000000149011612,0.10000000149011612,0.10000000149011612,0.10000000149011612,0.10000000149011612,0.10000000149011612,0.10000000149011612,0.10000000149011612,0.10000000149011612,0.10000000149011612
66,SVN,Slovenia,2020,-6.15969705581665,0.06908814609050751,5.5,1,0.38642582297325134,0.08360836654901505,0.28950437903404236,0.08030528575181961,0.34630832076072693,0.09528139233589172,0.5234646797180176,0.07523845136165619,0.10000000149011612,0.10000000149011612,0.10000000149011612,0.10000000149011612,0.10000000149011612,0.10000000149011612,0.10000000149011612,0.10000000149011612,0.10000000149011612,0.10000000149011612
66,SVN,Slovenia,2021,-6.669349670410156,-0.03029732219874859,5.5,1,0.38642582297325134,0.08360836654901505,0.28950437903404236,0.08030528575181961,0.34630832076072693,0.09528139233589172,0.5234646797180176,0.07523845136165619,0.10000000149011612,0.10000000149011612,0.10000000149011612,0.10000000149011612,0.10000000149011612,0.10000000149011612,0.10000000149011612,0.10000000149011612,0.10000000149011612,0.10000000149011612
66,SVN,Slovenia,2022,-7.458681583404541,-0.04271133244037628,5.5,1,0.38642582297325134,0.08360836654901505,0.28950437903404236,0.08030528575181961,0.34630832076072693,0.09528139233589172,0.5234646797180176,0.07523845136165619,0.10000000149011612,0.10000000149011612,0.10000000149011612,0.10000000149011612,0.10000000149011612,0.10000000149011612,0.10000000149011612,0.10000000149011612,0.10000000149011612,0.10000000149011612
66,SVN,Slovenia,2023,-9.606645584106445,-0.08180540055036545,5.5,1,0.38642582297325134,0.08360836654901505,0.28950437903404236,0.08030528575181961,0.34630832076072693,0.09528139233589172,0.5234646797180176,0.07523845136165619,0.10000000149011612,0.10000000149011612,0.10000000149011612,0.10000000149011612,0.10000000149011612,0.10000000149011612,0.10000000149011612,0.10000000149011612,0.10000000149011612,0.10000000149011612
67,SWE,Sweden,2018,-1.111396074295044,0.6756570339202881,5.5,1,1.3480762243270874,0.11873243004083633,1.4301238059997559,0.11404173076152802,1.161694884300232,0.13530929386615753,1.4524099826812744,0.10684628039598465,0.10000000149011612,0.10000000149011612,0.10000000149011612,0.10000000149011612,0.10000000149011612,0.10000000149011612,0.10000000149011612,0.10000000149011612,0.10000000149011612,0.10000000149011612
67,SWE,Sweden,2019,-1.153639554977417,0.6504433751106262,5.5,1,1.3480762243270874,0.11873243004083633,1.4301238059997559,0.11404173076152802,1.161694884300232,0.13530929386615753,1.4524099826812744,0.10684628039598465,0.10000000149011612,0.10000000149011612,0.10000000149011612,0.10000000149011612,0.10000000149011612,0.10000000149011612,0.10000000149011612,0.10000000149011612,0.10000000149011612,0.10000000149011612
67,SWE,Sweden,2020,-1.5468288660049438,0.5874484777450562,5.5,1,1.3480762243270874,0.11873243004083633,1.4301238059997559,0.11404173076152802,1.161694884300232,0.13530929386615753,1.4524099826812744,0.10684628039598465,0.10000000149011612,0.10000000149011612,0.10000000149011612,0.10000000149011612,0.10000000149011612,0.10000000149011612,0.10000000149011612,0.10000000149011612,0.10000000149011612,0.10000000149011612
67,SWE,Sweden,2021,-1.2186294794082642,0.551683783531189,5.5,1,1.3480762243270874,0.11873243004083633,1.4301238059997559,0.11404173076152802,1.161694884300232,0.13530929386615753,1.4524099826812744,0.10684628039598465,0.10000000149011612,0.10000000149011612,0.10000000149011612,0.10000000149011612,0.10000000149011612,0.10000000149011612,0.10000000149011612,0.10000000149011612,0.10000000149011612,0.10000000149011612
67,SWE,Sweden,2022,-1.295534372329712,0.5256791114807129,5.5,1,1.3480762243270874,0.11873243004083633,1.4301238059997559,0.11404173076152802,1.161694884300232,0.13530929386615753,1.4524099826812744,0.10684628039598465,0.10000000149011612,0.10000000149011612,0.10000000149011612,0.10000000149011612,0.10000000149011612,0.10000000149011612,0.10000000149011612,0.10000000149011612,0.10000000149011612,0.10000000149011612
67,SWE,Sweden,2023,-1.5739079713821411,0.5052105784416199,5.5,1,1.3480762243270874,0.11873243004083633,1.4301238059997559,0.11404173076152802,1.161694884300232,0.13530929386615753,1.4524099826812744,0.10684628039598465,0.10000000149011612,0.10000000149011612,0.10000000149011612,0.10000000149011612,0.10000000149011612,0.10000000149011612,0.10000000149011612,0.10000000149011612,0.10000000149011612,0.10000000149011612
68,THA,Thailand,2018,-6.279742240905762,0.5231558084487915,5.5,1,-0.2564157247543335,0.4328164756298065,-0.22457081079483032,0.41571754217147827,-0.3106171190738678,0.49324411153793335,-0.23405922949314117,0.38948771357536316,0.10000000149011612,0.10000000149011612,0.10000000149011612,0.10000000149011612,0.10000000149011612,0.10000000149011612,0.10000000149011612,0.10000000149011612,0.10000000149011612,0.10000000149011612
68,THA,Thailand,2019,-7.279186248779297,0.8236859440803528,5.5,1,-0.2564157247543335,0.4328164756298065,-0.22457081079483032,0.41571754217147827,-0.3106171190738678,0.49324411153793335,-0.23405922949314117,0.38948771357536316,0.10000000149011612,0.10000000149011612,0.10000000149011612,0.10000000149011612,0.10000000149011612,0.10000000149011612,0.10000000149011612,0.10000000149011612,0.10000000149011612,0.10000000149011612
68,THA,Thailand,2020,-5.78999662399292,0.9471942782402039,5.5,1,-0.2564157247543335,0.4328164756298065,-0.22457081079483032,0.41571754217147827,-0.3106171190738678,0.49324411153793335,-0.23405922949314117,0.38948771357536316,0.10000000149011612,0.10000000149011612,0.10000000149011612,0.10000000149011612,0.10000000149011612,0.10000000149011612,0.10000000149011612,0.10000000149011612,0.10000000149011612,0.10000000149011612
68,THA,Thailand,2021,-6.593542575836182,1.0234812498092651,5.5,1,-0.2564157247543335,0.4328164756298065,-0.22457081079483032,0.41571754217147827,-0.3106171190738678,0.49324411153793335,-0.23405922949314117,0.38948771357536316,0.10000000149011612,0.10000000149011612,0.10000000149011612,0.10000000149011612,0.10000000149011612,0.10000000149011612,0.10000000149011612,0.10000000149011612,0.10000000149011612,0.10000000149011612
68,THA,Thailand,2022,-7.6401472091674805,1.0542678833007812,5.5,1,-0.2564157247543335,0.4328164756298065,-0.22457081079483032,0.41571754217147827,-0.3106171190738678,0.49324411153793335,-0.23405922949314117,0.38948771357536316,0.10000000149011612,0.10000000149011612,0.10000000149011612,0.10000000149011612,0.10000000149011612,0.10000000149011612,0.10000000149011612,0.10000000149011612,0.10000000149011612,0.10000000149011612
68,THA,Thailand,2023,-9.644476890563965,1.071531891822815,5.5,1,-0.2564157247543335,0.4328164756298065,-0.22457081079483032,0.41571754217147827,-0.3106171190738678,0.49324411153793335,-0.23405922949314117,0.38948771357536316,0.10000000149011612,0.10000000149011612,0.10000000149011612,0.10000000149011612,0.10000000149011612,0.10000000149011612,0.10000000149011612,0.10000000149011612,0.10000000149011612,0.10000000149011612
69,TKM,Turkmenistan,2018,-0.8944293856620789,-0.46788445115089417,5.5,1,-2.006190538406372,-1.3423115015029907,-1.8531438112258911,-1.2892820835113525,-2.4522314071655273,-1.529718041419983,-1.7131962776184082,-1.2079342603683472,0.10000000149011612,0.10000000149011612,0.10000000149011612,0.10000000149011612,0.10000000149011612,0.10000000149011612,0.10000000149011612,0.10000000149011612,0.10000000149011612,0.10000000149011612
69,TKM,Turkmenistan,2019,1.0794837474822998,0.03184467554092407,5.5,1,-2.006190538406372,-1.3423115015029907,-1.8531438112258911,-1.2892820835113525,-2.4522314071655273,-1.529718041419983,-1.7131962776184082,-1.2079342603683472,0.10000000149011612,0.10000000149011612,0.10000000149011612,0.10000000149011612,0.10000000149011612,0.10000000149011612,0.10000000149011612,0.10000000149011612,0.10000000149011612,0.10000000149011612
69,TKM,Turkmenistan,2020,1.1499806642532349,0.1827644407749176,5.5,1,-2.006190538406372,-1.3423115015029907,-1.8531438112258911,-1.2892820835113525,-2.4522314071655273,-1.529718041419983,-1.7131962776184082,-1.2079342603683472,0.10000000149011612,0.10000000149011612,0.10000000149011612,0.10000000149011612,0.10000000149011612,0.10000000149011612,0.10000000149011612,0.10000000149011612,0.10000000149011612,0.10000000149011612
69,TKM,Turkmenistan,2021,-3.7143051624298096,0.1883610188961029,5.5,1,-2.006190538406372,-1.3423115015029907,-1.8531438112258911,-1.2892820835113525,-2.4522314071655273,-1.529718041419983,-1.7131962776184082,-1.2079342603683472,0.10000000149011612,0.10000000149011612,0.10000000149011612,0.10000000149011612,0.10000000149011612,0.10000000149011612,0.10000000149011612,0.10000000149011612,0.10000000149011612,0.10000000149011612
69,TKM,Turkmenistan,2022,-2.6568517684936523,0.13477668166160583,5.5,1,-2.006190538406372,-1.3423115015029907,-1.8531438112258911,-1.2892820835113525,-2.4522314071655273,-1.529718041419983,-1.7131962776184082,-1.2079342603683472,0.10000000149011612,0.10000000149011612,0.10000000149011612,0.10000000149011612,0.10000000149011612,0.10000000149011612,0.10000000149011612,0.10000000149011612,0.10000000149011612,0.10000000149011612
69,TKM,Turkmenistan,2023,-1.52890145778656,0.05510658025741577,5.5,1,-2.006190538406372,-1.3423115015029907,-1.8531438112258911,-1.2892820835113525,-2.4522314071655273,-1.529718041419983,-1.7131962776184082,-1.2079342603683472,0.10000000149011612,0.10000000149011612,0.10000000149011612,0.10000000149011612,0.10000000149011612,0.10000000149011612,0.10000000149011612,0.10000000149011612,0.10000000149011612,0.10000000149011612
70,TTO,Trinidad and Tobago,2018,1.318193793296814,0.6888400912284851,5.5,1,-0.04588906839489937,0.9636830687522888,-0.1480531096458435,0.925611674785614,0.11017729341983795,1.098227620124817,-0.09979138523340225,0.8672098517417908,0.10000000149011612,0.10000000149011612,0.10000000149011612,0.10000000149011612,0.10000000149011612,0.10000000149011612,0.10000000149011612,0.10000000149011612,0.10000000149011612,0.10000000149011612
70,TTO,Trinidad and Tobago,2019,1.3760409355163574,0.6460341215133667,5.5,1,-0.04588906839489937,0.9636830687522888,-0.1480531096458435,0.925611674785614,0.11017729341983795,1.098227620124817,-0.09979138523340225,0.8672098517417908,0.10000000149011612,0.10000000149011612,0.10000000149011612,0.10000000149011612,0.10000000149011612,0.10000000149011612,0.10000000149011612,0.10000000149011612,0.10000000149011612,0.10000000149011612
70,TTO,Trinidad and Tobago,2020,1.318193793296814,0.526476263999939,5.5,1,-0.04588906839489937,0.9636830687522888,-0.1480531096458435,0.925611674785614,0.11017729341983795,1.098227620124817,-0.09979138523340225,0.8672098517417908,0.10000000149011612,0.10000000149011612,0.10000000149011612,0.10000000149011612,0.10000000149011612,0.10000000149011612,0.10000000149011612,0.10000000149011612,0.10000000149011612,0.10000000149011612
70,TTO,Trinidad and Tobago,2021,1.665277123451233,0.3367598354816437,5.5,1,-0.04588906839489937,0.9636830687522888,-0.1480531096458435,0.925611674785614,0.11017729341983795,1.098227620124817,-0.09979138523340225,0.8672098517417908,0.10000000149011612,0.10000000149011612,0.10000000149011612,0.10000000149011612,0.10000000149011612,0.10000000149011612,0.10000000149011612,0.10000000149011612,0.10000000149011612,0.10000000149011612
70,TTO,Trinidad and Tobago,2022,2.058638334274292,0.1522769033908844,5.5,1,-0.04588906839489937,0.9636830687522888,-0.1480531096458435,0.925611674785614,0.11017729341983795,1.098227620124817,-0.09979138523340225,0.8672098517417908,0.10000000149011612,0.10000000149011612,0.10000000149011612,0.10000000149011612,0.10000000149011612,0.10000000149011612,0.10000000149011612,0.10000000149011612,0.10000000149011612,0.10000000149011612
70,TTO,Trinidad and Tobago,2023,2.058638334274292,-0.003271518275141716,5.5,1,-0.04588906839489937,0.9636830687522888,-0.1480531096458435,0.925611674785614,0.11017729341983795,1.098227620124817,-0.09979138523340225,0.8672098517417908,0.10000000149011612,0.10000000149011612,0.10000000149011612,0.10000000149011612,0.10000000149011612,0.10000000149011612,0.10000000149011612,0.10000000149011612,0.10000000149011612,0.10000000149011612
71,TUR,Turkey,2018,-0.10262159258127213,0.17882627248764038,5.5,1,-0.3568929135799408,0.5545023083686829,-0.3960716426372528,0.5325960516929626,-0.2856121361255646,0.6319190859794617,-0.3889949917793274,0.4989917278289795,0.10000000149011612,0.10000000149011612,0.10000000149011612,0.10000000149011612,0.10000000149011612,0.10000000149011612,0.10000000149011612,0.10000000149011612,0.10000000149011612,0.10000000149011612
71,TUR,Turkey,2019,-1.772402048110962,0.5521610975265503,5.5,1,-0.3568929135799408,0.5545023083686829,-0.3960716426372528,0.5325960516929626,-0.2856121361255646,0.6319190859794617,-0.3889949917793274,0.4989917278289795,0.10000000149011612,0.10000000149011612,0.10000000149011612,0.10000000149011612,0.10000000149011612,0.10000000149011612,0.10000000149011612,0.10000000149011612,0.10000000149011612,0.10000000149011612
71,TUR,Turkey,2020,-1.959740161895752,0.7539626359939575,5.5,1,-0.3568929135799408,0.5545023083686829,-0.3960716426372528,0.5325960516929626,-0.2856121361255646,0.6319190859794617,-0.3889949917793274,0.4989917278289795,0.10000000149011612,0.10000000149011612,0.10000000149011612,0.10000000149011612,0.10000000149011612,0.10000000149011612,0.10000000149011612,0.10000000149011612,0.10000000149011612,0.10000000149011612
71,TUR,Turkey,2021,-1.391783356666565,0.8700990676879883,5.5,1,-0.3568929135799408,0.5545023083686829,-0.3960716426372528,0.5325960516929626,-0.2856121361255646,0.6319190859794617,-0.3889949917793274,0.4989917278289795,0.10000000149011612,0.10000000149011612,0.10000000149011612,0.10000000149011612,0.10000000149011612,0.10000000149011612,0.10000000149011612,0.10000000149011612,0.10000000149011612,0.10000000149011612
71,TUR,Turkey,2022,-1.788352370262146,0.9523590207099915,5.5,1,-0.3568929135799408,0.5545023083686829,-0.3960716426372528,0.5325960516929626,-0.2856121361255646,0.6319190859794617,-0.3889949917793274,0.4989917278289795,0.10000000149011612,0.10000000149011612,0.10000000149011612,0.10000000149011612,0.10000000149011612,0.10000000149011612,0.10000000149011612,0.10000000149011612,0.10000000149011612,0.10000000149011612
71,TUR,Turkey,2023,-1.6069564819335938,1.0126841068267822,5.5,1,-0.3568929135799408,0.5545023083686829,-0.3960716426372528,0.5325960516929626,-0.2856121361255646,0.6319190859794617,-0.3889949917793274,0.4989917278289795,0.10000000149011612,0.10000000149011612,0.10000000149011612,0.10000000149011612,0.10000000149011612,0.10000000149011612,0.10000000149011612,0.10000000149011612,0.10000000149011612,0.10000000149011612
72,UKR,Ukraine,2018,-3.635014295578003,-0.26318225264549255,5.5,1,-1.2346214056015015,-0.8771378397941589,-1.3236093521118164,-0.8424856066703796,-1.1485481262207031,-0.999599277973175,-1.2317067384719849,-0.7893285751342773,0.10000000149011612,0.10000000149011612,0.10000000149011612,0.10000000149011612,0.10000000149011612,0.10000000149011612,0.10000000149011612,0.10000000149011612,0.10000000149011612,0.10000000149011612
72,UKR,Ukraine,2019,-4.1212358474731445,0.3458425998687744,5.5,1,-1.2346214056015015,-0.8771378397941589,-1.3236093521118164,-0.8424856066703796,-1.1485481262207031,-0.999599277973175,-1.2317067384719849,-0.7893285751342773,0.10000000149011612,0.10000000149011612,0.10000000149011612,0.10000000149011612,0.10000000149011612,0.10000000149011612,0.10000000149011612,0.10000000149011612,0.10000000149011612,0.10000000149011612
72,UKR,Ukraine,2020,-5.126094341278076,0.6577736735343933,5.5,1,-1.2346214056015015,-0.8771378397941589,-1.3236093521118164,-0.8424856066703796,-1.1485481262207031,-0.999599277973175,-1.2317067384719849,-0.7893285751342773,0.10000000149011612,0.10000000149011612,0.10000000149011612,0.10000000149011612,0.10000000149011612,0.10000000149011612,0.10000000149011612,0.10000000149011612,0.10000000149011612,0.10000000149011612
72,UKR,Ukraine,2021,-7.988569259643555,0.8376206159591675,5.5,1,-1.2346214056015015,-0.8771378397941589,-1.3236093521118164,-0.8424856066703796,-1.1485481262207031,-0.999599277973175,-1.2317067384719849,-0.7893285751342773,0.10000000149011612,0.10000000149011612,0.10000000149011612,0.10000000149011612,0.10000000149011612,0.10000000149011612,0.10000000149011612,0.10000000149011612,0.10000000149011612,0.10000000149011612
72,UKR,Ukraine,2022,-9.796317100524902,0.9772735238075256,5.5,1,-1.2346214056015015,-0.8771378397941589,-1.3236093521118164,-0.8424856066703796,-1.1485481262207031,-0.999599277973175,-1.2317067384719849,-0.7893285751342773,0.10000000149011612,0.10000000149011612,0.10000000149011612,0.10000000149011612,0.10000000149011612,0.10000000149011612,0.10000000149011612,0.10000000149011612,0.10000000149011612,0.10000000149011612
72,UKR,Ukraine,2023,-9.796317100524902,1.0725229978561401,5.5,1,-1.2346214056015015,-0.8771378397941589,-1.3236093521118164,-0.8424856066703796,-1.1485481262207031,-0.999599277973175,-1.2317067384719849,-0.7893285751342773,0.10000000149011612,0.10000000149011612,0.10000000149011612,0.10000000149011612,0.10000000149011612,0.10000000149011612,0.10000000149011612,0.10000000149011612,0.10000000149011612,0.10000000149011612
73,USA,United States,2018,-7.697317123413086,-0.1641799509525299,5.5,1,1.167035460472107,0.18970178067684174,1.1881818771362305,0.1822073608636856,1.1316249370574951,0.2161870151758194,1.1812996864318848,0.1707109659910202,0.10000000149011612,0.10000000149011612,0.10000000149011612,0.10000000149011612,0.10000000149011612,0.10000000149011612,0.10000000149011612,0.10000000149011612,0.10000000149011612,0.10000000149011612
73,USA,United States,2019,-9.035722732543945,-0.2877040207386017,5.5,1,1.167035460472107,0.18970178067684174,1.1881818771362305,0.1822073608636856,1.1316249370574951,0.2161870151758194,1.1812996864318848,0.1707109659910202,0.10000000149011612,0.10000000149011612,0.10000000149011612,0.10000000149011612,0.10000000149011612,0.10000000149011612,0.10000000149011612,0.10000000149011612,0.10000000149011612,0.10000000149011612
73,USA,United States,2020,-10.637649536132812,-0.44171008467674255,5.5,1,1.167035460472107,0.18970178067684174,1.1881818771362305,0.1822073608636856,1.1316249370574951,0.2161870151758194,1.1812996864318848,0.1707109659910202,0.10000000149011612,0.10000000149011612,0.10000000149011612,0.10000000149011612,0.10000000149011612,0.10000000149011612,0.10000000149011612,0.10000000149011612,0.10000000149011612,0.10000000149011612
73,USA,United States,2021,-9.941286087036133,-0.5651230812072754,5.5,1,1.167035460472107,0.18970178067684174,1.1881818771362305,0.1822073608636856,1.1316249370574951,0.2161870151758194,1.1812996864318848,0.1707109659910202,0.10000000149011612,0.10000000149011612,0.10000000149011612,0.10000000149011612,0.10000000149011612,0.10000000149011612,0.10000000149011612,0.10000000149011612,0.10000000149011612,0.10000000149011612
73,USA,United States,2022,-10.715087890625,-0.6652278900146484,5.5,1,1.167035460472107,0.18970178067684174,1.1881818771362305,0.1822073608636856,1.1316249370574951,0.2161870151758194,1.1812996864318848,0.1707109659910202,0.10000000149011612,0.10000000149011612,0.10000000149011612,0.10000000149011612,0.10000000149011612,0.10000000149011612,0.10000000149011612,0.10000000149011612,0.10000000149011612,0.10000000149011612
73,USA,United States,2023,-11.726405143737793,-0.7262129187583923,5.5,1,1.167035460472107,0.18970178067684174,1.1881818771362305,0.1822073608636856,1.1316249370574951,0.2161870151758194,1.1812996864318848,0.1707109659910202,0.10000000149011612,0.10000000149011612,0.10000000149011612,0.10000000149011612,0.10000000149011612,0.10000000149011612,0.10000000149011612,0.10000000149011612,0.10000000149011612,0.10000000149011612
74,UZB,Uzbekistan,2018,1.4206937551498413,-0.017170926555991173,5.5,1,-1.8003510236740112,-1.2766385078430176,-1.597791075706482,-1.2262036800384521,-2.1902878284454346,-1.4548763036727905,-1.6129741668701172,-1.1488357782363892,0.10000000149011612,0.10000000149011612,0.10000000149011612,0.10000000149011612,0.10000000149011612,0.10000000149011612,0.10000000149011612,0.10000000149011612,0.10000000149011612,0.10000000149011612
74,UZB,Uzbekistan,2019,0.9323561787605286,0.35345613956451416,5.5,1,-1.8003510236740112,-1.2766385078430176,-1.597791075706482,-1.2262036800384521,-2.1902878284454346,-1.4548763036727905,-1.6129741668701172,-1.1488357782363892,0.10000000149011612,0.10000000149011612,0.10000000149011612,0.10000000149011612,0.10000000149011612,0.10000000149011612,0.10000000149011612,0.10000000149011612,0.10000000149011612,0.10000000149011612
74,UZB,Uzbekistan,2020,1.6637600660324097,0.4932737648487091,5.5,1,-1.8003510236740112,-1.2766385078430176,-1.597791075706482,-1.2262036800384521,-2.1902878284454346,-1.4548763036727905,-1.6129741668701172,-1.1488357782363892,0.10000000149011612,0.10000000149011612,0.10000000149011612,0.10000000149011612,0.10000000149011612,0.10000000149011612,0.10000000149011612,0.10000000149011612,0.10000000149011612,0.10000000149011612
74,UZB,Uzbekistan,2021,1.6973286867141724,0.5257748961448669,5.5,1,-1.8003510236740112,-1.2766385078430176,-1.597791075706482,-1.2262036800384521,-2.1902878284454346,-1.4548763036727905,-1.6129741668701172,-1.1488357782363892,0.10000000149011612,0.10000000149011612,0.10000000149011612,0.10000000149011612,0.10000000149011612,0.10000000149011612,0.10000000149011612,0.10000000149011612,0.10000000149011612,0.10000000149011612
74,UZB,Uzbekistan,2022,0.9835667014122009,0.5263190865516663,5.5,1,-1.8003510236740112,-1.2766385078430176,-1.597791075706482,-1.2262036800384521,-2.1902878284454346,-1.4548763036727905,-1.6129741668701172,-1.1488357782363892,0.10000000149011612,0.10000000149011612,0.10000000149011612,0.10000000149011612,0.10000000149011612,0.10000000149011612,0.10000000149011612,0.10000000149011612,0.10000000149011612,0.10000000149011612
74,UZB,Uzbekistan,2023,0.9794012308120728,0.5156758427619934,5.5,1,-1.8003510236740112,-1.2766385078430176,-1.597791075706482,-1.2262036800384521,-2.1902878284454346,-1.4548763036727905,-1.6129741668701172,-1.1488357782363892,0.10000000149011612,0.10000000149011612,0.10000000149011612,0.10000000149011612,0.10000000149011612,0.10000000149011612,0.10000000149011612,0.10000000149011612,0.10000000149011612,0.10000000149011612
75,VEN,Venezuela,2018,4.365685939788818,-0.5717642903327942,5.5,1,-1.5081526041030884,-1.0179616212844849,-1.3741530179977417,-0.9777461290359497,-1.5062425136566162,-1.1600842475891113,-1.6440623998641968,-0.9160547256469727,0.10000000149011612,0.10000000149011612,0.10000000149011612,0.10000000149011612,0.10000000149011612,0.10000000149011612,0.10000000149011612,0.10000000149011612,0.10000000149011612,0.10000000149011612
75,VEN,Venezuela,2019,4.361935615539551,-0.27128469944000244,5.5,1,-1.5081526041030884,-1.0179616212844849,-1.3741530179977417,-0.9777461290359497,-1.5062425136566162,-1.1600842475891113,-1.6440623998641968,-0.9160547256469727,0.10000000149011612,0.10000000149011612,0.10000000149011612,0.10000000149011612,0.10000000149011612,0.10000000149011612,0.10000000149011612,0.10000000149011612,0.10000000149011612,0.10000000149011612
75,VEN,Venezuela,2020,-2.0265071392059326,-0.16900521516799927,5.5,1,-1.5081526041030884,-1.0179616212844849,-1.3741530179977417,-0.9777461290359497,-1.5062425136566162,-1.1600842475891113,-1.6440623998641968,-0.9160547256469727,0.10000000149011612,0.10000000149011612,0.10000000149011612,0.10000000149011612,0.10000000149011612,0.10000000149011612,0.10000000149011612,0.10000000149011612,0.10000000149011612,0.10000000149011612
75,VEN,Venezuela,2021,-2.5107500553131104,-0.143694669008255,5.5,1,-1.5081526041030884,-1.0179616212844849,-1.3741530179977417,-0.9777461290359497,-1.5062425136566162,-1.1600842475891113,-1.6440623998641968,-0.9160547256469727,0.10000000149011612,0.10000000149011612,0.10000000149011612,0.10000000149011612,0.10000000149011612,0.10000000149011612,0.10000000149011612,0.10000000149011612,0.10000000149011612,0.10000000149011612
75,VEN,Venezuela,2022,-2.220579147338867,-0.1091604083776474,5.5,1,-1.5081526041030884,-1.0179616212844849,-1.3741530179977417,-0.9777461290359497,-1.5062425136566162,-1.1600842475891113,-1.6440623998641968,-0.9160547256469727,0.10000000149011612,0.10000000149011612,0.10000000149011612,0.10000000149011612,0.10000000149011612,0.10000000149011612,0.10000000149011612,0.10000000149011612,0.10000000149011612,0.10000000149011612
75,VEN,Venezuela,2023,-2.2290172576904297,-0.08634676784276962,5.5,1,-1.5081526041030884,-1.0179616212844849,-1.3741530179977417,-0.9777461290359497,-1.5062425136566162,-1.1600842475891113,-1.6440623998641968,-0.9160547256469727,0.10000000149011612,0.10000000149011612,0.10000000149011612,0.10000000149011612,0.10000000149011612,0.10000000149011612,0.10000000149011612,0.10000000149011612,0.10000000149011612,0.10000000149011612
76,VNM,Vietnam,2018,1.8500128984451294,0.23295193910598755,5.5,1,-1.0041168928146362,-0.7502220273017883,-0.9023603796958923,-0.7205837965011597,-1.090646505355835,-0.8549641370773315,-1.0193438529968262,-0.6751181483268738,0.10000000149011612,0.10000000149011612,0.10000000149011612,0.10000000149011612,0.10000000149011612,0.10000000149011612,0.10000000149011612,0.10000000149011612,0.10000000149011612,0.10000000149011612
76,VNM,Vietnam,2019,3.117563009262085,0.7471703886985779,5.5,1,-1.0041168928146362,-0.7502220273017883,-0.9023603796958923,-0.7205837965011597,-1.090646505355835,-0.8549641370773315,-1.0193438529968262,-0.6751181483268738,0.10000000149011612,0.10000000149011612,0.10000000149011612,0.10000000149011612,0.10000000149011612,0.10000000149011612,0.10000000149011612,0.10000000149011612,0.10000000149011612,0.10000000149011612
76,VNM,Vietnam,2020,2.663336753845215,1.01841139793396,5.5,1,-1.0041168928146362,-0.7502220273017883,-0.9023603796958923,-0.7205837965011597,-1.090646505355835,-0.8549641370773315,-1.0193438529968262,-0.6751181483268738,0.10000000149011612,0.10000000149011612,0.10000000149011612,0.10000000149011612,0.10000000149011612,0.10000000149011612,0.10000000149011612,0.10000000149011612,0.10000000149011612,0.10000000149011612
76,VNM,Vietnam,2021,1.7106215953826904,1.161615014076233,5.5,1,-1.0041168928146362,-0.7502220273017883,-0.9023603796958923,-0.7205837965011597,-1.090646505355835,-0.8549641370773315,-1.0193438529968262,-0.6751181483268738,0.10000000149011612,0.10000000149011612,0.10000000149011612,0.10000000149011612,0.10000000149011612,0.10000000149011612,0.10000000149011612,0.10000000149011612,0.10000000149011612,0.10000000149011612
76,VNM,Vietnam,2022,0.6460008025169373,1.248432993888855,5.5,1,-1.0041168928146362,-0.7502220273017883,-0.9023603796958923,-0.7205837965011597,-1.090646505355835,-0.8549641370773315,-1.0193438529968262,-0.6751181483268738,0.10000000149011612,0.10000000149011612,0.10000000149011612,0.10000000149011612,0.10000000149011612,0.10000000149011612,0.10000000149011612,0.10000000149011612,0.10000000149011612,0.10000000149011612
76,VNM,Vietnam,2023,1.6631464958190918,1.2938672304153442,5.5,1,-1.0041168928146362,-0.7502220273017883,-0.9023603796958923,-0.7205837965011597,-1.090646505355835,-0.8549641370773315,-1.0193438529968262,-0.6751181483268738,0.10000000149011612,0.10000000149011612,0.10000000149011612,0.10000000149011612,0.10000000149011612,0.10000000149011612,0.10000000149011612,0.10000000149011612,0.10000000149011612,0.10000000149011612
77,ZAF,South Africa,2018,-6.3950324058532715,0.8511326909065247,5.5,1,-0.0641661062836647,1.4070309400558472,-0.015326484106481075,1.3514446020126343,0.13372927904129028,1.603473424911499,-0.31090110540390015,1.2661746740341187,0.10000000149011612,0.10000000149011612,0.10000000149011612,0.10000000149011612,0.10000000149011612,0.10000000149011612,0.10000000149011612,0.10000000149011612,0.10000000149011612,0.10000000149011612
77,ZAF,South Africa,2019,-8.257451057434082,1.0306967496871948,5.5,1,-0.0641661062836647,1.4070309400558472,-0.015326484106481075,1.3514446020126343,0.13372927904129028,1.603473424911499,-0.31090110540390015,1.2661746740341187,0.10000000149011612,0.10000000149011612,0.10000000149011612,0.10000000149011612,0.10000000149011612,0.10000000149011612,0.10000000149011612,0.10000000149011612,0.10000000149011612,0.10000000149011612
77,ZAF,South Africa,2020,-7.980379581451416,1.0934501886367798,5.5,1,-0.0641661062836647,1.4070309400558472,-0.015326484106481075,1.3514446020126343,0.13372927904129028,1.603473424911499,-0.31090110540390015,1.2661746740341187,0.10000000149011612,0.10000000149011612,0.10000000149011612,0.10000000149011612,0.10000000149011612,0.10000000149011612,0.10000000149011612,0.10000000149011612,0.10000000149011612,0.10000000149011612
77,ZAF,South Africa,2021,-12.659340858459473,1.100356101989746,5.5,1,-0.0641661062836647,1.4070309400558472,-0.015326484106481075,1.3514446020126343,0.13372927904129028,1.603473424911499,-0.31090110540390015,1.2661746740341187,0.10000000149011612,0.10000000149011612,0.10000000149011612,0.10000000149011612,0.10000000149011612,0.10000000149011612,0.10000000149011612,0.10000000149011612,0.10000000149011612,0.10000000149011612
77,ZAF,South Africa,2022,-15.694624900817871,1.125592589378357,5.5,1,-0.0641661062836647,1.4070309400558472,-0.015326484106481075,1.3514446020126343,0.13372927904129028,1.603473424911499,-0.31090110540390015,1.2661746740341187,0.10000000149011612,0.10000000149011612,0.10000000149011612,0.10000000149011612,0.10000000149011612,0.10000000149011612,0.10000000149011612,0.10000000149011612,0.10000000149011612,0.10000000149011612
77,ZAF,South Africa,2023,-19.3819637298584,1.1351021528244019,5.5,1,-0.0641661062836647,1.4070309400558472,-0.015326484106481075,1.3514446020126343,0.13372927904129028,1.603473424911499,-0.31090110540390015,1.2661746740341187,0.10000000149011612,0.10000000149011612,0.10000000149011612,0.10000000149011612,0.10000000149011612,0.10000000149011612,0.10000000149011612,0.10000000149011612,0.10000000149011612,0.10000000149011612
