entity_id,entity_code,entity_name,year,y_true,y_pred,k_star,omega_peak,proxy_signal_true,proxy_signal_pred,proxy_1_true,proxy_1_pred,proxy_2_true,proxy_2_pred,proxy_3_true,proxy_3_pred,omega_1,omega_2,omega_3,omega_4,omega_5,omega_6,omega_7,omega_8,omega_9,omega_10
0,ARE,United Arab Emirates,2018,-77.53056335449219,0.3310253322124481,3.006768226623535,2,0.18880443274974823,-0.3217161297798157,0.332748681306839,-0.24135330319404602,0.2764120101928711,-0.6072466969490051,-0.042747389525175095,-0.11654838174581528,0.047321680933237076,0.7291154265403748,0.01678149774670601,0.0229635126888752,0.02374444343149662,0.03232400119304657,0.05097244679927826,0.013301225379109383,0.051623132079839706,0.011852585710585117
0,ARE,United Arab Emirates,2019,-233.2926788330078,-0.1293286681175232,3.006768226623535,2,0.18880443274974823,-0.3217161297798157,0.332748681306839,-0.24135330319404602,0.2764120101928711,-0.6072466969490051,-0.042747389525175095,-0.11654838174581528,0.047321680933237076,0.7291154265403748,0.01678149774670601,0.0229635126888752,0.02374444343149662,0.03232400119304657,0.05097244679927826,0.013301225379109383,0.051623132079839706,0.011852585710585117
0,ARE,United Arab Emirates,2020,-435.1805725097656,-0.46990200877189636,3.006768226623535,2,0.18880443274974823,-0.3217161297798157,0.332748681306839,-0.24135330319404602,0.2764120101928711,-0.6072466969490051,-0.042747389525175095,-0.11654838174581528,0.047321680933237076,0.7291154265403748,0.01678149774670601,0.0229635126888752,0.02374444343149662,0.03232400119304657,0.05097244679927826,0.013301225379109383,0.051623132079839706,0.011852585710585117
0,ARE,United Arab Emirates,2021,-1001.4480590820312,-0.7239511013031006,3.006768226623535,2,0.18880443274974823,-0.3217161297798157,0.332748681306839,-0.24135330319404602,0.2764120101928711,-0.6072466969490051,-0.042747389525175095,-0.11654838174581528,0.047321680933237076,0.7291154265403748,0.01678149774670601,0.0229635126888752,0.02374444343149662,0.03232400119304657,0.05097244679927826,0.013301225379109383,0.051623132079839706,0.011852585710585117
0,ARE,United Arab Emirates,2022,-1657.7239990234375,-0.8980417251586914,3.006768226623535,2,0.18880443274974823,-0.3217161297798157,0.332748681306839,-0.24135330319404602,0.2764120101928711,-0.6072466969490051,-0.042747389525175095,-0.11654838174581528,0.047321680933237076,0.7291154265403748,0.01678149774670601,0.0229635126888752,0.02374444343149662,0.03232400119304657,0.05097244679927826,0.013301225379109383,0.051623132079839706,0.011852585710585117
0,ARE,United Arab Emirates,2023,-2705.017333984375,-1.011675477027893,3.006768226623535,2,0.18880443274974823,-0.3217161297798157,0.332748681306839,-0.24135330319404602,0.2764120101928711,-0.6072466969490051,-0.042747389525175095,-0.11654838174581528,0.047321680933237076,0.7291154265403748,0.01678149774670601,0.0229635126888752,0.02374444343149662,0.03232400119304657,0.05097244679927826,0.013301225379109383,0.051623132079839706,0.011852585710585117
1,ARG,Argentina,2018,1.6428788900375366,0.7476252317428589,3.006768226623535,2,-0.6909387707710266,-0.3217161297798157,-0.40908560156822205,-0.24135330319404602,-0.8905236124992371,-0.6072466969490051,-0.7732071280479431,-0.11654838174581528,0.047321680933237076,0.7291154265403748,0.01678149774670601,0.0229635126888752,0.02374444343149662,0.03232400119304657,0.05097244679927826,0.013301225379109383,0.051623132079839706,0.011852585710585117
1,ARG,Argentina,2019,1.1453611850738525,0.9673304557800293,3.006768226623535,2,-0.6909387707710266,-0.3217161297798157,-0.40908560156822205,-0.24135330319404602,-0.8905236124992371,-0.6072466969490051,-0.7732071280479431,-0.11654838174581528,0.047321680933237076,0.7291154265403748,0.01678149774670601,0.0229635126888752,0.02374444343149662,0.03232400119304657,0.05097244679927826,0.013301225379109383,0.051623132079839706,0.011852585710585117
1,ARG,Argentina,2020,1.0582135915756226,1.0129010677337646,3.006768226623535,2,-0.6909387707710266,-0.3217161297798157,-0.40908560156822205,-0.24135330319404602,-0.8905236124992371,-0.6072466969490051,-0.7732071280479431,-0.11654838174581528,0.047321680933237076,0.7291154265403748,0.01678149774670601,0.0229635126888752,0.02374444343149662,0.03232400119304657,0.05097244679927826,0.013301225379109383,0.051623132079839706,0.011852585710585117
1,ARG,Argentina,2021,1.4250097274780273,1.0348539352416992,3.006768226623535,2,-0.6909387707710266,-0.3217161297798157,-0.40908560156822205,-0.24135330319404602,-0.8905236124992371,-0.6072466969490051,-0.7732071280479431,-0.11654838174581528,0.047321680933237076,0.7291154265403748,0.01678149774670601,0.0229635126888752,0.02374444343149662,0.03232400119304657,0.05097244679927826,0.013301225379109383,0.051623132079839706,0.011852585710585117
1,ARG,Argentina,2022,0.9982249736785889,1.0399893522262573,3.006768226623535,2,-0.6909387707710266,-0.3217161297798157,-0.40908560156822205,-0.24135330319404602,-0.8905236124992371,-0.6072466969490051,-0.7732071280479431,-0.11654838174581528,0.047321680933237076,0.7291154265403748,0.01678149774670601,0.0229635126888752,0.02374444343149662,0.03232400119304657,0.05097244679927826,0.013301225379109383,0.051623132079839706,0.011852585710585117
1,ARG,Argentina,2023,-0.24900130927562714,0.9521958827972412,3.006768226623535,2,-0.6909387707710266,-0.3217161297798157,-0.40908560156822205,-0.24135330319404602,-0.8905236124992371,-0.6072466969490051,-0.7732071280479431,-0.11654838174581528,0.047321680933237076,0.7291154265403748,0.01678149774670601,0.0229635126888752,0.02374444343149662,0.03232400119304657,0.05097244679927826,0.013301225379109383,0.051623132079839706,0.011852585710585117
2,AUS,Australia,2018,-7.367125034332275,-0.3726745545864105,3.006768226623535,2,1.25566828250885,-0.3217161297798157,1.2781401872634888,-0.24135330319404602,1.1565734148025513,-0.6072466969490051,1.3322911262512207,-0.11654838174581528,0.047321680933237076,0.7291154265403748,0.01678149774670601,0.0229635126888752,0.02374444343149662,0.03232400119304657,0.05097244679927826,0.013301225379109383,0.051623132079839706,0.011852585710585117
2,AUS,Australia,2019,-8.657783508300781,-0.6018491983413696,3.006768226623535,2,1.25566828250885,-0.3217161297798157,1.2781401872634888,-0.24135330319404602,1.1565734148025513,-0.6072466969490051,1.3322911262512207,-0.11654838174581528,0.047321680933237076,0.7291154265403748,0.01678149774670601,0.0229635126888752,0.02374444343149662,0.03232400119304657,0.05097244679927826,0.013301225379109383,0.051623132079839706,0.011852585710585117
2,AUS,Australia,2020,-10.614906311035156,-0.8367435932159424,3.006768226623535,2,1.25566828250885,-0.3217161297798157,1.2781401872634888,-0.24135330319404602,1.1565734148025513,-0.6072466969490051,1.3322911262512207,-0.11654838174581528,0.047321680933237076,0.7291154265403748,0.01678149774670601,0.0229635126888752,0.02374444343149662,0.03232400119304657,0.05097244679927826,0.013301225379109383,0.051623132079839706,0.011852585710585117
2,AUS,Australia,2021,-13.180018424987793,-1.0342848300933838,3.006768226623535,2,1.25566828250885,-0.3217161297798157,1.2781401872634888,-0.24135330319404602,1.1565734148025513,-0.6072466969490051,1.3322911262512207,-0.11654838174581528,0.047321680933237076,0.7291154265403748,0.01678149774670601,0.0229635126888752,0.02374444343149662,0.03232400119304657,0.05097244679927826,0.013301225379109383,0.051623132079839706,0.011852585710585117
2,AUS,Australia,2022,-15.15616226196289,-1.1953949928283691,3.006768226623535,2,1.25566828250885,-0.3217161297798157,1.2781401872634888,-0.24135330319404602,1.1565734148025513,-0.6072466969490051,1.3322911262512207,-0.11654838174581528,0.047321680933237076,0.7291154265403748,0.01678149774670601,0.0229635126888752,0.02374444343149662,0.03232400119304657,0.05097244679927826,0.013301225379109383,0.051623132079839706,0.011852585710585117
2,AUS,Australia,2023,-16.646900177001953,-1.3112895488739014,3.006768226623535,2,1.25566828250885,-0.3217161297798157,1.2781401872634888,-0.24135330319404602,1.1565734148025513,-0.6072466969490051,1.3322911262512207,-0.11654838174581528,0.047321680933237076,0.7291154265403748,0.01678149774670601,0.0229635126888752,0.02374444343149662,0.03232400119304657,0.05097244679927826,0.013301225379109383,0.051623132079839706,0.011852585710585117
3,AUT,Austria,2018,-3.331990957260132,0.619767427444458,3.006768226623535,2,1.3129711151123047,-0.3217161297798157,1.3305449485778809,-0.24135330319404602,1.1512476205825806,-0.6072466969490051,1.4571207761764526,-0.11654838174581528,0.047321680933237076,0.7291154265403748,0.01678149774670601,0.0229635126888752,0.02374444343149662,0.03232400119304657,0.05097244679927826,0.013301225379109383,0.051623132079839706,0.011852585710585117
3,AUT,Austria,2019,-3.5629565715789795,0.3596133589744568,3.006768226623535,2,1.3129711151123047,-0.3217161297798157,1.3305449485778809,-0.24135330319404602,1.1512476205825806,-0.6072466969490051,1.4571207761764526,-0.11654838174581528,0.047321680933237076,0.7291154265403748,0.01678149774670601,0.0229635126888752,0.02374444343149662,0.03232400119304657,0.05097244679927826,0.013301225379109383,0.051623132079839706,0.011852585710585117
3,AUT,Austria,2020,-4.44062614440918,0.17268334329128265,3.006768226623535,2,1.3129711151123047,-0.3217161297798157,1.3305449485778809,-0.24135330319404602,1.1512476205825806,-0.6072466969490051,1.4571207761764526,-0.11654838174581528,0.047321680933237076,0.7291154265403748,0.01678149774670601,0.0229635126888752,0.02374444343149662,0.03232400119304657,0.05097244679927826,0.013301225379109383,0.051623132079839706,0.011852585710585117
3,AUT,Austria,2021,-4.349145412445068,0.0447576642036438,3.006768226623535,2,1.3129711151123047,-0.3217161297798157,1.3305449485778809,-0.24135330319404602,1.1512476205825806,-0.6072466969490051,1.4571207761764526,-0.11654838174581528,0.047321680933237076,0.7291154265403748,0.01678149774670601,0.0229635126888752,0.02374444343149662,0.03232400119304657,0.05097244679927826,0.013301225379109383,0.051623132079839706,0.011852585710585117
3,AUT,Austria,2022,-4.098706245422363,-0.04609924554824829,3.006768226623535,2,1.3129711151123047,-0.3217161297798157,1.3305449485778809,-0.24135330319404602,1.1512476205825806,-0.6072466969490051,1.4571207761764526,-0.11654838174581528,0.047321680933237076,0.7291154265403748,0.01678149774670601,0.0229635126888752,0.02374444343149662,0.03232400119304657,0.05097244679927826,0.013301225379109383,0.051623132079839706,0.011852585710585117
3,AUT,Austria,2023,-5.443741798400879,-0.09535601735115051,3.006768226623535,2,1.3129711151123047,-0.3217161297798157,1.3305449485778809,-0.24135330319404602,1.1512476205825806,-0.6072466969490051,1.4571207761764526,-0.11654838174581528,0.047321680933237076,0.7291154265403748,0.01678149774670601,0.0229635126888752,0.02374444343149662,0.03232400119304657,0.05097244679927826,0.013301225379109383,0.051623132079839706,0.011852585710585117
4,AZE,Azerbaijan,2018,3.094372272491455,-0.08898782730102539,3.006768226623535,2,-1.294363021850586,-0.3217161297798157,-1.4495718479156494,-0.24135330319404602,-1.172594428062439,-0.6072466969490051,-1.2609230279922485,-0.11654838174581528,0.047321680933237076,0.7291154265403748,0.01678149774670601,0.0229635126888752,0.02374444343149662,0.03232400119304657,0.05097244679927826,0.013301225379109383,0.051623132079839706,0.011852585710585117
4,AZE,Azerbaijan,2019,3.558119297027588,-0.012781098484992981,3.006768226623535,2,-1.294363021850586,-0.3217161297798157,-1.4495718479156494,-0.24135330319404602,-1.172594428062439,-0.6072466969490051,-1.2609230279922485,-0.11654838174581528,0.047321680933237076,0.7291154265403748,0.01678149774670601,0.0229635126888752,0.02374444343149662,0.03232400119304657,0.05097244679927826,0.013301225379109383,0.051623132079839706,0.011852585710585117
4,AZE,Azerbaijan,2020,4.490204811096191,0.04563315212726593,3.006768226623535,2,-1.294363021850586,-0.3217161297798157,-1.4495718479156494,-0.24135330319404602,-1.172594428062439,-0.6072466969490051,-1.2609230279922485,-0.11654838174581528,0.047321680933237076,0.7291154265403748,0.01678149774670601,0.0229635126888752,0.02374444343149662,0.03232400119304657,0.05097244679927826,0.013301225379109383,0.051623132079839706,0.011852585710585117
4,AZE,Azerbaijan,2021,4.194814682006836,0.0014756694436073303,3.006768226623535,2,-1.294363021850586,-0.3217161297798157,-1.4495718479156494,-0.24135330319404602,-1.172594428062439,-0.6072466969490051,-1.2609230279922485,-0.11654838174581528,0.047321680933237076,0.7291154265403748,0.01678149774670601,0.0229635126888752,0.02374444343149662,0.03232400119304657,0.05097244679927826,0.013301225379109383,0.051623132079839706,0.011852585710585117
4,AZE,Azerbaijan,2022,3.8313167095184326,-0.061373598873615265,3.006768226623535,2,-1.294363021850586,-0.3217161297798157,-1.4495718479156494,-0.24135330319404602,-1.172594428062439,-0.6072466969490051,-1.2609230279922485,-0.11654838174581528,0.047321680933237076,0.7291154265403748,0.01678149774670601,0.0229635126888752,0.02374444343149662,0.03232400119304657,0.05097244679927826,0.013301225379109383,0.051623132079839706,0.011852585710585117
4,AZE,Azerbaijan,2023,3.7241804599761963,-0.05074785649776459,3.006768226623535,2,-1.294363021850586,-0.3217161297798157,-1.4495718479156494,-0.24135330319404602,-1.172594428062439,-0.6072466969490051,-1.2609230279922485,-0.11654838174581528,0.047321680933237076,0.7291154265403748,0.01678149774670601,0.0229635126888752,0.02374444343149662,0.03232400119304657,0.05097244679927826,0.013301225379109383,0.051623132079839706,0.011852585710585117
5,BEL,Belgium,2018,-2.035623550415039,-0.6515469551086426,3.006768226623535,2,0.9798359274864197,-0.3217161297798157,1.2219529151916504,-0.24135330319404602,0.8175865411758423,-0.6072466969490051,0.8999684453010559,-0.11654838174581528,0.047321680933237076,0.7291154265403748,0.01678149774670601,0.0229635126888752,0.02374444343149662,0.03232400119304657,0.05097244679927826,0.013301225379109383,0.051623132079839706,0.011852585710585117
5,BEL,Belgium,2019,-3.1006269454956055,-1.037284255027771,3.006768226623535,2,0.9798359274864197,-0.3217161297798157,1.2219529151916504,-0.24135330319404602,0.8175865411758423,-0.6072466969490051,0.8999684453010559,-0.11654838174581528,0.047321680933237076,0.7291154265403748,0.01678149774670601,0.0229635126888752,0.02374444343149662,0.03232400119304657,0.05097244679927826,0.013301225379109383,0.051623132079839706,0.011852585710585117
5,BEL,Belgium,2020,-2.7479605674743652,-1.3164358139038086,3.006768226623535,2,0.9798359274864197,-0.3217161297798157,1.2219529151916504,-0.24135330319404602,0.8175865411758423,-0.6072466969490051,0.8999684453010559,-0.11654838174581528,0.047321680933237076,0.7291154265403748,0.01678149774670601,0.0229635126888752,0.02374444343149662,0.03232400119304657,0.05097244679927826,0.013301225379109383,0.051623132079839706,0.011852585710585117
5,BEL,Belgium,2021,-3.9674084186553955,-1.5259864330291748,3.006768226623535,2,0.9798359274864197,-0.3217161297798157,1.2219529151916504,-0.24135330319404602,0.8175865411758423,-0.6072466969490051,0.8999684453010559,-0.11654838174581528,0.047321680933237076,0.7291154265403748,0.01678149774670601,0.0229635126888752,0.02374444343149662,0.03232400119304657,0.05097244679927826,0.013301225379109383,0.051623132079839706,0.011852585710585117
5,BEL,Belgium,2022,-3.700895071029663,-1.677436113357544,3.006768226623535,2,0.9798359274864197,-0.3217161297798157,1.2219529151916504,-0.24135330319404602,0.8175865411758423,-0.6072466969490051,0.8999684453010559,-0.11654838174581528,0.047321680933237076,0.7291154265403748,0.01678149774670601,0.0229635126888752,0.02374444343149662,0.03232400119304657,0.05097244679927826,0.013301225379109383,0.051623132079839706,0.011852585710585117
5,BEL,Belgium,2023,-3.867947578430176,-1.7773957252502441,3.006768226623535,2,0.9798359274864197,-0.3217161297798157,1.2219529151916504,-0.24135330319404602,0.8175865411758423,-0.6072466969490051,0.8999684453010559,-0.11654838174581528,0.047321680933237076,0.7291154265403748,0.01678149774670601,0.0229635126888752,0.02374444343149662,0.03232400119304657,0.05097244679927826,0.013301225379109383,0.051623132079839706,0.011852585710585117
6,BGD,Bangladesh,2018,1.2597620487213135,0.5082550048828125,3.006768226623535,2,-1.3428869247436523,-0.3217161297798157,-1.2080445289611816,-0.24135330319404602,-1.482562780380249,-0.6072466969490051,-1.3380534648895264,-0.11654838174581528,0.047321680933237076,0.7291154265403748,0.01678149774670601,0.0229635126888752,0.02374444343149662,0.03232400119304657,0.05097244679927826,0.013301225379109383,0.051623132079839706,0.011852585710585117
6,BGD,Bangladesh,2019,1.4318774938583374,0.9555011987686157,3.006768226623535,2,-1.3428869247436523,-0.3217161297798157,-1.2080445289611816,-0.24135330319404602,-1.482562780380249,-0.6072466969490051,-1.3380534648895264,-0.11654838174581528,0.047321680933237076,0.7291154265403748,0.01678149774670601,0.0229635126888752,0.02374444343149662,0.03232400119304657,0.05097244679927826,0.013301225379109383,0.051623132079839706,0.011852585710585117
6,BGD,Bangladesh,2020,1.717698097229004,1.136603832244873,3.006768226623535,2,-1.3428869247436523,-0.3217161297798157,-1.2080445289611816,-0.24135330319404602,-1.482562780380249,-0.6072466969490051,-1.3380534648895264,-0.11654838174581528,0.047321680933237076,0.7291154265403748,0.01678149774670601,0.0229635126888752,0.02374444343149662,0.03232400119304657,0.05097244679927826,0.013301225379109383,0.051623132079839706,0.011852585710585117
6,BGD,Bangladesh,2021,1.7278225421905518,1.2316060066223145,3.006768226623535,2,-1.3428869247436523,-0.3217161297798157,-1.2080445289611816,-0.24135330319404602,-1.482562780380249,-0.6072466969490051,-1.3380534648895264,-0.11654838174581528,0.047321680933237076,0.7291154265403748,0.01678149774670601,0.0229635126888752,0.02374444343149662,0.03232400119304657,0.05097244679927826,0.013301225379109383,0.051623132079839706,0.011852585710585117
6,BGD,Bangladesh,2022,1.5284489393234253,1.289003849029541,3.006768226623535,2,-1.3428869247436523,-0.3217161297798157,-1.2080445289611816,-0.24135330319404602,-1.482562780380249,-0.6072466969490051,-1.3380534648895264,-0.11654838174581528,0.047321680933237076,0.7291154265403748,0.01678149774670601,0.0229635126888752,0.02374444343149662,0.03232400119304657,0.05097244679927826,0.013301225379109383,0.051623132079839706,0.011852585710585117
6,BGD,Bangladesh,2023,2.0307767391204834,1.318169355392456,3.006768226623535,2,-1.3428869247436523,-0.3217161297798157,-1.2080445289611816,-0.24135330319404602,-1.482562780380249,-0.6072466969490051,-1.3380534648895264,-0.11654838174581528,0.047321680933237076,0.7291154265403748,0.01678149774670601,0.0229635126888752,0.02374444343149662,0.03232400119304657,0.05097244679927826,0.013301225379109383,0.051623132079839706,0.011852585710585117
7,BGR,Bulgaria,2018,-1.3296480178833008,1.1568818092346191,3.006768226623535,2,-0.42611977458000183,-0.3217161297798157,-0.6209486722946167,-0.24135330319404602,-0.13856160640716553,-0.6072466969490051,-0.5188490152359009,-0.11654838174581528,0.047321680933237076,0.7291154265403748,0.01678149774670601,0.0229635126888752,0.02374444343149662,0.03232400119304657,0.05097244679927826,0.013301225379109383,0.051623132079839706,0.011852585710585117
7,BGR,Bulgaria,2019,-1.4306131601333618,1.3938148021697998,3.006768226623535,2,-0.42611977458000183,-0.3217161297798157,-0.6209486722946167,-0.24135330319404602,-0.13856160640716553,-0.6072466969490051,-0.5188490152359009,-0.11654838174581528,0.047321680933237076,0.7291154265403748,0.01678149774670601,0.0229635126888752,0.02374444343149662,0.03232400119304657,0.05097244679927826,0.013301225379109383,0.051623132079839706,0.011852585710585117
7,BGR,Bulgaria,2020,-2.8135833740234375,1.4303693771362305,3.006768226623535,2,-0.42611977458000183,-0.3217161297798157,-0.6209486722946167,-0.24135330319404602,-0.13856160640716553,-0.6072466969490051,-0.5188490152359009,-0.11654838174581528,0.047321680933237076,0.7291154265403748,0.01678149774670601,0.0229635126888752,0.02374444343149662,0.03232400119304657,0.05097244679927826,0.013301225379109383,0.051623132079839706,0.011852585710585117
7,BGR,Bulgaria,2021,-2.0215117931365967,1.4711370468139648,3.006768226623535,2,-0.42611977458000183,-0.3217161297798157,-0.6209486722946167,-0.24135330319404602,-0.13856160640716553,-0.6072466969490051,-0.5188490152359009,-0.11654838174581528,0.047321680933237076,0.7291154265403748,0.01678149774670601,0.0229635126888752,0.02374444343149662,0.03232400119304657,0.05097244679927826,0.013301225379109383,0.051623132079839706,0.011852585710585117
7,BGR,Bulgaria,2022,-0.48078346252441406,1.4696812629699707,3.006768226623535,2,-0.42611977458000183,-0.3217161297798157,-0.6209486722946167,-0.24135330319404602,-0.13856160640716553,-0.6072466969490051,-0.5188490152359009,-0.11654838174581528,0.047321680933237076,0.7291154265403748,0.01678149774670601,0.0229635126888752,0.02374444343149662,0.03232400119304657,0.05097244679927826,0.013301225379109383,0.051623132079839706,0.011852585710585117
7,BGR,Bulgaria,2023,-3.970643997192383,1.4621200561523438,3.006768226623535,2,-0.42611977458000183,-0.3217161297798157,-0.6209486722946167,-0.24135330319404602,-0.13856160640716553,-0.6072466969490051,-0.5188490152359009,-0.11654838174581528,0.047321680933237076,0.7291154265403748,0.01678149774670601,0.0229635126888752,0.02374444343149662,0.03232400119304657,0.05097244679927826,0.013301225379109383,0.051623132079839706,0.011852585710585117
8,BLR,Belarus,2018,-2.643580675125122,-0.8408529758453369,3.006768226623535,2,-1.5520426034927368,-0.3217161297798157,-1.4920120239257812,-0.24135330319404602,-1.8896420001983643,-0.6072466969490051,-1.2744739055633545,-0.11654838174581528,0.047321680933237076,0.7291154265403748,0.01678149774670601,0.0229635126888752,0.02374444343149662,0.03232400119304657,0.05097244679927826,0.013301225379109383,0.051623132079839706,0.011852585710585117
8,BLR,Belarus,2019,-3.0715856552124023,-0.8097963333129883,3.006768226623535,2,-1.5520426034927368,-0.3217161297798157,-1.4920120239257812,-0.24135330319404602,-1.8896420001983643,-0.6072466969490051,-1.2744739055633545,-0.11654838174581528,0.047321680933237076,0.7291154265403748,0.01678149774670601,0.0229635126888752,0.02374444343149662,0.03232400119304657,0.05097244679927826,0.013301225379109383,0.051623132079839706,0.011852585710585117
8,BLR,Belarus,2020,-3.0823307037353516,-0.7870011329650879,3.006768226623535,2,-1.5520426034927368,-0.3217161297798157,-1.4920120239257812,-0.24135330319404602,-1.8896420001983643,-0.6072466969490051,-1.2744739055633545,-0.11654838174581528,0.047321680933237076,0.7291154265403748,0.01678149774670601,0.0229635126888752,0.02374444343149662,0.03232400119304657,0.05097244679927826,0.013301225379109383,0.051623132079839706,0.011852585710585117
8,BLR,Belarus,2021,-14.810386657714844,-0.8049720525741577,3.006768226623535,2,-1.5520426034927368,-0.3217161297798157,-1.4920120239257812,-0.24135330319404602,-1.8896420001983643,-0.6072466969490051,-1.2744739055633545,-0.11654838174581528,0.047321680933237076,0.7291154265403748,0.01678149774670601,0.0229635126888752,0.02374444343149662,0.03232400119304657,0.05097244679927826,0.013301225379109383,0.051623132079839706,0.011852585710585117
8,BLR,Belarus,2022,-13.734106063842773,-0.829033613204956,3.006768226623535,2,-1.5520426034927368,-0.3217161297798157,-1.4920120239257812,-0.24135330319404602,-1.8896420001983643,-0.6072466969490051,-1.2744739055633545,-0.11654838174581528,0.047321680933237076,0.7291154265403748,0.01678149774670601,0.0229635126888752,0.02374444343149662,0.03232400119304657,0.05097244679927826,0.013301225379109383,0.051623132079839706,0.011852585710585117
8,BLR,Belarus,2023,-27.134784698486328,-0.8433369398117065,3.006768226623535,2,-1.5520426034927368,-0.3217161297798157,-1.4920120239257812,-0.24135330319404602,-1.8896420001983643,-0.6072466969490051,-1.2744739055633545,-0.11654838174581528,0.047321680933237076,0.7291154265403748,0.01678149774670601,0.0229635126888752,0.02374444343149662,0.03232400119304657,0.05097244679927826,0.013301225379109383,0.051623132079839706,0.011852585710585117
9,BRA,Brazil,2018,4.812175750732422,0.39161357283592224,3.006768226623535,2,-0.532637357711792,-0.3217161297798157,-0.5499132871627808,-0.24135330319404602,-0.37875303626060486,-0.6072466969490051,-0.669245719909668,-0.11654838174581528,0.047321680933237076,0.7291154265403748,0.01678149774670601,0.0229635126888752,0.02374444343149662,0.03232400119304657,0.05097244679927826,0.013301225379109383,0.051623132079839706,0.011852585710585117
9,BRA,Brazil,2019,5.404086589813232,0.6210446357727051,3.006768226623535,2,-0.532637357711792,-0.3217161297798157,-0.5499132871627808,-0.24135330319404602,-0.37875303626060486,-0.6072466969490051,-0.669245719909668,-0.11654838174581528,0.047321680933237076,0.7291154265403748,0.01678149774670601,0.0229635126888752,0.02374444343149662,0.03232400119304657,0.05097244679927826,0.013301225379109383,0.051623132079839706,0.011852585710585117
9,BRA,Brazil,2020,4.385476589202881,0.20461058616638184,3.006768226623535,2,-0.532637357711792,-0.3217161297798157,-0.5499132871627808,-0.24135330319404602,-0.37875303626060486,-0.6072466969490051,-0.669245719909668,-0.11654838174581528,0.047321680933237076,0.7291154265403748,0.01678149774670601,0.0229635126888752,0.02374444343149662,0.03232400119304657,0.05097244679927826,0.013301225379109383,0.051623132079839706,0.011852585710585117
9,BRA,Brazil,2021,8.511026382446289,0.1966051608324051,3.006768226623535,2,-0.532637357711792,-0.3217161297798157,-0.5499132871627808,-0.24135330319404602,-0.37875303626060486,-0.6072466969490051,-0.669245719909668,-0.11654838174581528,0.047321680933237076,0.7291154265403748,0.01678149774670601,0.0229635126888752,0.02374444343149662,0.03232400119304657,0.05097244679927826,0.013301225379109383,0.051623132079839706,0.011852585710585117
9,BRA,Brazil,2022,0.8233122229576111,0.15009468793869019,3.006768226623535,2,-0.532637357711792,-0.3217161297798157,-0.5499132871627808,-0.24135330319404602,-0.37875303626060486,-0.6072466969490051,-0.669245719909668,-0.11654838174581528,0.047321680933237076,0.7291154265403748,0.01678149774670601,0.0229635126888752,0.02374444343149662,0.03232400119304657,0.05097244679927826,0.013301225379109383,0.051623132079839706,0.011852585710585117
9,BRA,Brazil,2023,-0.02414296381175518,0.27245938777923584,3.006768226623535,2,-0.532637357711792,-0.3217161297798157,-0.5499132871627808,-0.24135330319404602,-0.37875303626060486,-0.6072466969490051,-0.669245719909668,-0.11654838174581528,0.047321680933237076,0.7291154265403748,0.01678149774670601,0.0229635126888752,0.02374444343149662,0.03232400119304657,0.05097244679927826,0.013301225379109383,0.051623132079839706,0.011852585710585117
10,CAN,Canada,2018,-3.718440532684326,-0.8282079696655273,3.006768226623535,2,1.2861608266830444,-0.3217161297798157,1.3746321201324463,-0.24135330319404602,1.1545178890228271,-0.6072466969490051,1.3293325901031494,-0.11654838174581528,0.047321680933237076,0.7291154265403748,0.01678149774670601,0.0229635126888752,0.02374444343149662,0.03232400119304657,0.05097244679927826,0.013301225379109383,0.051623132079839706,0.011852585710585117
10,CAN,Canada,2019,-3.770698308944702,-0.9960381984710693,3.006768226623535,2,1.2861608266830444,-0.3217161297798157,1.3746321201324463,-0.24135330319404602,1.1545178890228271,-0.6072466969490051,1.3293325901031494,-0.11654838174581528,0.047321680933237076,0.7291154265403748,0.01678149774670601,0.0229635126888752,0.02374444343149662,0.03232400119304657,0.05097244679927826,0.013301225379109383,0.051623132079839706,0.011852585710585117
10,CAN,Canada,2020,-4.2692484855651855,-1.1574608087539673,3.006768226623535,2,1.2861608266830444,-0.3217161297798157,1.3746321201324463,-0.24135330319404602,1.1545178890228271,-0.6072466969490051,1.3293325901031494,-0.11654838174581528,0.047321680933237076,0.7291154265403748,0.01678149774670601,0.0229635126888752,0.02374444343149662,0.03232400119304657,0.05097244679927826,0.013301225379109383,0.051623132079839706,0.011852585710585117
10,CAN,Canada,2021,-4.04820442199707,-1.3105477094650269,3.006768226623535,2,1.2861608266830444,-0.3217161297798157,1.3746321201324463,-0.24135330319404602,1.1545178890228271,-0.6072466969490051,1.3293325901031494,-0.11654838174581528,0.047321680933237076,0.7291154265403748,0.01678149774670601,0.0229635126888752,0.02374444343149662,0.03232400119304657,0.05097244679927826,0.013301225379109383,0.051623132079839706,0.011852585710585117
10,CAN,Canada,2022,-4.334720611572266,-1.4070013761520386,3.006768226623535,2,1.2861608266830444,-0.3217161297798157,1.3746321201324463,-0.24135330319404602,1.1545178890228271,-0.6072466969490051,1.3293325901031494,-0.11654838174581528,0.047321680933237076,0.7291154265403748,0.01678149774670601,0.0229635126888752,0.02374444343149662,0.03232400119304657,0.05097244679927826,0.013301225379109383,0.051623132079839706,0.011852585710585117
10,CAN,Canada,2023,-3.507607936859131,-1.4532558917999268,3.006768226623535,2,1.2861608266830444,-0.3217161297798157,1.3746321201324463,-0.24135330319404602,1.1545178890228271,-0.6072466969490051,1.3293325901031494,-0.11654838174581528,0.047321680933237076,0.7291154265403748,0.01678149774670601,0.0229635126888752,0.02374444343149662,0.03232400119304657,0.05097244679927826,0.013301225379109383,0.051623132079839706,0.011852585710585117
11,CHE,Switzerland,2018,1.0894922018051147,0.851980447769165,3.006768226623535,2,1.412360668182373,-0.3217161297798157,1.4461179971694946,-0.24135330319404602,1.2956862449645996,-0.6072466969490051,1.4952778816223145,-0.11654838174581528,0.047321680933237076,0.7291154265403748,0.01678149774670601,0.0229635126888752,0.02374444343149662,0.03232400119304657,0.05097244679927826,0.013301225379109383,0.051623132079839706,0.011852585710585117
11,CHE,Switzerland,2019,0.49372902512550354,0.5745916366577148,3.006768226623535,2,1.412360668182373,-0.3217161297798157,1.4461179971694946,-0.24135330319404602,1.2956862449645996,-0.6072466969490051,1.4952778816223145,-0.11654838174581528,0.047321680933237076,0.7291154265403748,0.01678149774670601,0.0229635126888752,0.02374444343149662,0.03232400119304657,0.05097244679927826,0.013301225379109383,0.051623132079839706,0.011852585710585117
11,CHE,Switzerland,2020,1.5537232160568237,0.37151703238487244,3.006768226623535,2,1.412360668182373,-0.3217161297798157,1.4461179971694946,-0.24135330319404602,1.2956862449645996,-0.6072466969490051,1.4952778816223145,-0.11654838174581528,0.047321680933237076,0.7291154265403748,0.01678149774670601,0.0229635126888752,0.02374444343149662,0.03232400119304657,0.05097244679927826,0.013301225379109383,0.051623132079839706,0.011852585710585117
11,CHE,Switzerland,2021,3.0005764961242676,0.16259008646011353,3.006768226623535,2,1.412360668182373,-0.3217161297798157,1.4461179971694946,-0.24135330319404602,1.2956862449645996,-0.6072466969490051,1.4952778816223145,-0.11654838174581528,0.047321680933237076,0.7291154265403748,0.01678149774670601,0.0229635126888752,0.02374444343149662,0.03232400119304657,0.05097244679927826,0.013301225379109383,0.051623132079839706,0.011852585710585117
11,CHE,Switzerland,2022,2.025691270828247,0.01855120062828064,3.006768226623535,2,1.412360668182373,-0.3217161297798157,1.4461179971694946,-0.24135330319404602,1.2956862449645996,-0.6072466969490051,1.4952778816223145,-0.11654838174581528,0.047321680933237076,0.7291154265403748,0.01678149774670601,0.0229635126888752,0.02374444343149662,0.03232400119304657,0.05097244679927826,0.013301225379109383,0.051623132079839706,0.011852585710585117
11,CHE,Switzerland,2023,-4.210478782653809,-0.060958296060562134,3.006768226623535,2,1.412360668182373,-0.3217161297798157,1.4461179971694946,-0.24135330319404602,1.2956862449645996,-0.6072466969490051,1.4952778816223145,-0.11654838174581528,0.047321680933237076,0.7291154265403748,0.01678149774670601,0.0229635126888752,0.02374444343149662,0.03232400119304657,0.05097244679927826,0.013301225379109383,0.051623132079839706,0.011852585710585117
12,CHL,Chile,2018,1.4454405307769775,0.7072895765304565,3.006768226623535,2,0.8483307957649231,-0.3217161297798157,0.667232871055603,-0.24135330319404602,1.016435146331787,-0.6072466969490051,0.8613244891166687,-0.11654838174581528,0.047321680933237076,0.7291154265403748,0.01678149774670601,0.0229635126888752,0.02374444343149662,0.03232400119304657,0.05097244679927826,0.013301225379109383,0.051623132079839706,0.011852585710585117
12,CHL,Chile,2019,1.1679426431655884,1.252943992614746,3.006768226623535,2,0.8483307957649231,-0.3217161297798157,0.667232871055603,-0.24135330319404602,1.016435146331787,-0.6072466969490051,0.8613244891166687,-0.11654838174581528,0.047321680933237076,0.7291154265403748,0.01678149774670601,0.0229635126888752,0.02374444343149662,0.03232400119304657,0.05097244679927826,0.013301225379109383,0.051623132079839706,0.011852585710585117
12,CHL,Chile,2020,0.7698724865913391,1.389838457107544,3.006768226623535,2,0.8483307957649231,-0.3217161297798157,0.667232871055603,-0.24135330319404602,1.016435146331787,-0.6072466969490051,0.8613244891166687,-0.11654838174581528,0.047321680933237076,0.7291154265403748,0.01678149774670601,0.0229635126888752,0.02374444343149662,0.03232400119304657,0.05097244679927826,0.013301225379109383,0.051623132079839706,0.011852585710585117
12,CHL,Chile,2021,0.5402398705482483,1.424364686012268,3.006768226623535,2,0.8483307957649231,-0.3217161297798157,0.667232871055603,-0.24135330319404602,1.016435146331787,-0.6072466969490051,0.8613244891166687,-0.11654838174581528,0.047321680933237076,0.7291154265403748,0.01678149774670601,0.0229635126888752,0.02374444343149662,0.03232400119304657,0.05097244679927826,0.013301225379109383,0.051623132079839706,0.011852585710585117
12,CHL,Chile,2022,-0.5233001708984375,1.4600003957748413,3.006768226623535,2,0.8483307957649231,-0.3217161297798157,0.667232871055603,-0.24135330319404602,1.016435146331787,-0.6072466969490051,0.8613244891166687,-0.11654838174581528,0.047321680933237076,0.7291154265403748,0.01678149774670601,0.0229635126888752,0.02374444343149662,0.03232400119304657,0.05097244679927826,0.013301225379109383,0.051623132079839706,0.011852585710585117
12,CHL,Chile,2023,-1.9592610597610474,1.4894347190856934,3.006768226623535,2,0.8483307957649231,-0.3217161297798157,0.667232871055603,-0.24135330319404602,1.016435146331787,-0.6072466969490051,0.8613244891166687,-0.11654838174581528,0.047321680933237076,0.7291154265403748,0.01678149774670601,0.0229635126888752,0.02374444343149662,0.03232400119304657,0.05097244679927826,0.013301225379109383,0.051623132079839706,0.011852585710585117
13,CHN,China,2018,-8.663586616516113,-1.3118256330490112,3.006768226623535,2,-0.8438493609428406,-0.3217161297798157,-0.7442506551742554,-0.24135330319404602,-0.7500977516174316,-0.6072466969490051,-1.03719961643219,-0.11654838174581528,0.047321680933237076,0.7291154265403748,0.01678149774670601,0.0229635126888752,0.02374444343149662,0.03232400119304657,0.05097244679927826,0.013301225379109383,0.051623132079839706,0.011852585710585117
13,CHN,China,2019,-9.760994911193848,-1.229519248008728,3.006768226623535,2,-0.8438493609428406,-0.3217161297798157,-0.7442506551742554,-0.24135330319404602,-0.7500977516174316,-0.6072466969490051,-1.03719961643219,-0.11654838174581528,0.047321680933237076,0.7291154265403748,0.01678149774670601,0.0229635126888752,0.02374444343149662,0.03232400119304657,0.05097244679927826,0.013301225379109383,0.051623132079839706,0.011852585710585117
13,CHN,China,2020,-10.60916519165039,-1.1906745433807373,3.006768226623535,2,-0.8438493609428406,-0.3217161297798157,-0.7442506551742554,-0.24135330319404602,-0.7500977516174316,-0.6072466969490051,-1.03719961643219,-0.11654838174581528,0.047321680933237076,0.7291154265403748,0.01678149774670601,0.0229635126888752,0.02374444343149662,0.03232400119304657,0.05097244679927826,0.013301225379109383,0.051623132079839706,0.011852585710585117
13,CHN,China,2021,-11.069491386413574,-1.1924675703048706,3.006768226623535,2,-0.8438493609428406,-0.3217161297798157,-0.7442506551742554,-0.24135330319404602,-0.7500977516174316,-0.6072466969490051,-1.03719961643219,-0.11654838174581528,0.047321680933237076,0.7291154265403748,0.01678149774670601,0.0229635126888752,0.02374444343149662,0.03232400119304657,0.05097244679927826,0.013301225379109383,0.051623132079839706,0.011852585710585117
13,CHN,China,2022,-11.851537704467773,-1.2024807929992676,3.006768226623535,2,-0.8438493609428406,-0.3217161297798157,-0.7442506551742554,-0.24135330319404602,-0.7500977516174316,-0.6072466969490051,-1.03719961643219,-0.11654838174581528,0.047321680933237076,0.7291154265403748,0.01678149774670601,0.0229635126888752,0.02374444343149662,0.03232400119304657,0.05097244679927826,0.013301225379109383,0.051623132079839706,0.011852585710585117
13,CHN,China,2023,-12.087423324584961,-1.2156457901000977,3.006768226623535,2,-0.8438493609428406,-0.3217161297798157,-0.7442506551742554,-0.24135330319404602,-0.7500977516174316,-0.6072466969490051,-1.03719961643219,-0.11654838174581528,0.047321680933237076,0.7291154265403748,0.01678149774670601,0.0229635126888752,0.02374444343149662,0.03232400119304657,0.05097244679927826,0.013301225379109383,0.051623132079839706,0.011852585710585117
14,COL,Colombia,2018,0.3820185363292694,-0.4990631639957428,3.006768226623535,2,-0.757061779499054,-0.3217161297798157,-0.7152259349822998,-0.24135330319404602,-0.5119652152061462,-0.6072466969490051,-1.0439940690994263,-0.11654838174581528,0.047321680933237076,0.7291154265403748,0.01678149774670601,0.0229635126888752,0.02374444343149662,0.03232400119304657,0.05097244679927826,0.013301225379109383,0.051623132079839706,0.011852585710585117
14,COL,Colombia,2019,2.6013519763946533,-0.1325545758008957,3.006768226623535,2,-0.757061779499054,-0.3217161297798157,-0.7152259349822998,-0.24135330319404602,-0.5119652152061462,-0.6072466969490051,-1.0439940690994263,-0.11654838174581528,0.047321680933237076,0.7291154265403748,0.01678149774670601,0.0229635126888752,0.02374444343149662,0.03232400119304657,0.05097244679927826,0.013301225379109383,0.051623132079839706,0.011852585710585117
14,COL,Colombia,2020,3.8599977493286133,-0.2102685570716858,3.006768226623535,2,-0.757061779499054,-0.3217161297798157,-0.7152259349822998,-0.24135330319404602,-0.5119652152061462,-0.6072466969490051,-1.0439940690994263,-0.11654838174581528,0.047321680933237076,0.7291154265403748,0.01678149774670601,0.0229635126888752,0.02374444343149662,0.03232400119304657,0.05097244679927826,0.013301225379109383,0.051623132079839706,0.011852585710585117
14,COL,Colombia,2021,0.7301899194717407,-0.3273773789405823,3.006768226623535,2,-0.757061779499054,-0.3217161297798157,-0.7152259349822998,-0.24135330319404602,-0.5119652152061462,-0.6072466969490051,-1.0439940690994263,-0.11654838174581528,0.047321680933237076,0.7291154265403748,0.01678149774670601,0.0229635126888752,0.02374444343149662,0.03232400119304657,0.05097244679927826,0.013301225379109383,0.051623132079839706,0.011852585710585117
14,COL,Colombia,2022,0.9924597144126892,-0.3428923785686493,3.006768226623535,2,-0.757061779499054,-0.3217161297798157,-0.7152259349822998,-0.24135330319404602,-0.5119652152061462,-0.6072466969490051,-1.0439940690994263,-0.11654838174581528,0.047321680933237076,0.7291154265403748,0.01678149774670601,0.0229635126888752,0.02374444343149662,0.03232400119304657,0.05097244679927826,0.013301225379109383,0.051623132079839706,0.011852585710585117
14,COL,Colombia,2023,3.7653815746307373,-0.187095507979393,3.006768226623535,2,-0.757061779499054,-0.3217161297798157,-0.7152259349822998,-0.24135330319404602,-0.5119652152061462,-0.6072466969490051,-1.0439940690994263,-0.11654838174581528,0.047321680933237076,0.7291154265403748,0.01678149774670601,0.0229635126888752,0.02374444343149662,0.03232400119304657,0.05097244679927826,0.013301225379109383,0.051623132079839706,0.011852585710585117
15,CYP,Cyprus,2018,-11.052656173706055,-0.033047765493392944,3.006768226623535,2,0.7725202441215515,-0.3217161297798157,0.8672822117805481,-0.24135330319404602,0.7250233292579651,-0.6072466969490051,0.725255012512207,-0.11654838174581528,0.047321680933237076,0.7291154265403748,0.01678149774670601,0.0229635126888752,0.02374444343149662,0.03232400119304657,0.05097244679927826,0.013301225379109383,0.051623132079839706,0.011852585710585117
15,CYP,Cyprus,2019,-11.571080207824707,-0.31452813744544983,3.006768226623535,2,0.7725202441215515,-0.3217161297798157,0.8672822117805481,-0.24135330319404602,0.7250233292579651,-0.6072466969490051,0.725255012512207,-0.11654838174581528,0.047321680933237076,0.7291154265403748,0.01678149774670601,0.0229635126888752,0.02374444343149662,0.03232400119304657,0.05097244679927826,0.013301225379109383,0.051623132079839706,0.011852585710585117
15,CYP,Cyprus,2020,-14.400252342224121,-0.510567307472229,3.006768226623535,2,0.7725202441215515,-0.3217161297798157,0.8672822117805481,-0.24135330319404602,0.7250233292579651,-0.6072466969490051,0.725255012512207,-0.11654838174581528,0.047321680933237076,0.7291154265403748,0.01678149774670601,0.0229635126888752,0.02374444343149662,0.03232400119304657,0.05097244679927826,0.013301225379109383,0.051623132079839706,0.011852585710585117
15,CYP,Cyprus,2021,-17.67461395263672,-0.6631865501403809,3.006768226623535,2,0.7725202441215515,-0.3217161297798157,0.8672822117805481,-0.24135330319404602,0.7250233292579651,-0.6072466969490051,0.725255012512207,-0.11654838174581528,0.047321680933237076,0.7291154265403748,0.01678149774670601,0.0229635126888752,0.02374444343149662,0.03232400119304657,0.05097244679927826,0.013301225379109383,0.051623132079839706,0.011852585710585117
15,CYP,Cyprus,2022,-19.47079086303711,-0.770836353302002,3.006768226623535,2,0.7725202441215515,-0.3217161297798157,0.8672822117805481,-0.24135330319404602,0.7250233292579651,-0.6072466969490051,0.725255012512207,-0.11654838174581528,0.047321680933237076,0.7291154265403748,0.01678149774670601,0.0229635126888752,0.02374444343149662,0.03232400119304657,0.05097244679927826,0.013301225379109383,0.051623132079839706,0.011852585710585117
15,CYP,Cyprus,2023,-23.38113784790039,-0.851600170135498,3.006768226623535,2,0.7725202441215515,-0.3217161297798157,0.8672822117805481,-0.24135330319404602,0.7250233292579651,-0.6072466969490051,0.725255012512207,-0.11654838174581528,0.047321680933237076,0.7291154265403748,0.01678149774670601,0.0229635126888752,0.02374444343149662,0.03232400119304657,0.05097244679927826,0.013301225379109383,0.051623132079839706,0.011852585710585117
16,CZE,Czechia,2018,-2.3009228706359863,-0.5592713356018066,3.006768226623535,2,0.365255743265152,-0.3217161297798157,0.28039175271987915,-0.24135330319404602,0.4478796720504761,-0.6072466969490051,0.3674957752227783,-0.11654838174581528,0.047321680933237076,0.7291154265403748,0.01678149774670601,0.0229635126888752,0.02374444343149662,0.03232400119304657,0.05097244679927826,0.013301225379109383,0.051623132079839706,0.011852585710585117
16,CZE,Czechia,2019,-2.761939525604248,-0.6362788677215576,3.006768226623535,2,0.365255743265152,-0.3217161297798157,0.28039175271987915,-0.24135330319404602,0.4478796720504761,-0.6072466969490051,0.3674957752227783,-0.11654838174581528,0.047321680933237076,0.7291154265403748,0.01678149774670601,0.0229635126888752,0.02374444343149662,0.03232400119304657,0.05097244679927826,0.013301225379109383,0.051623132079839706,0.011852585710585117
16,CZE,Czechia,2020,-3.448472261428833,-0.7451255321502686,3.006768226623535,2,0.365255743265152,-0.3217161297798157,0.28039175271987915,-0.24135330319404602,0.4478796720504761,-0.6072466969490051,0.3674957752227783,-0.11654838174581528,0.047321680933237076,0.7291154265403748,0.01678149774670601,0.0229635126888752,0.02374444343149662,0.03232400119304657,0.05097244679927826,0.013301225379109383,0.051623132079839706,0.011852585710585117
16,CZE,Czechia,2021,-3.2644777297973633,-0.842872142791748,3.006768226623535,2,0.365255743265152,-0.3217161297798157,0.28039175271987915,-0.24135330319404602,0.4478796720504761,-0.6072466969490051,0.3674957752227783,-0.11654838174581528,0.047321680933237076,0.7291154265403748,0.01678149774670601,0.0229635126888752,0.02374444343149662,0.03232400119304657,0.05097244679927826,0.013301225379109383,0.051623132079839706,0.011852585710585117
16,CZE,Czechia,2022,-3.0018773078918457,-0.9178062677383423,3.006768226623535,2,0.365255743265152,-0.3217161297798157,0.28039175271987915,-0.24135330319404602,0.4478796720504761,-0.6072466969490051,0.3674957752227783,-0.11654838174581528,0.047321680933237076,0.7291154265403748,0.01678149774670601,0.0229635126888752,0.02374444343149662,0.03232400119304657,0.05097244679927826,0.013301225379109383,0.051623132079839706,0.011852585710585117
16,CZE,Czechia,2023,-3.7278714179992676,-0.9682914018630981,3.006768226623535,2,0.365255743265152,-0.3217161297798157,0.28039175271987915,-0.24135330319404602,0.4478796720504761,-0.6072466969490051,0.3674957752227783,-0.11654838174581528,0.047321680933237076,0.7291154265403748,0.01678149774670601,0.0229635126888752,0.02374444343149662,0.03232400119304657,0.05097244679927826,0.013301225379109383,0.051623132079839706,0.011852585710585117
17,DEU,Germany,2018,-4.408335208892822,-0.8084815740585327,3.006768226623535,2,1.162001371383667,-0.3217161297798157,1.2181392908096313,-0.24135330319404602,0.9860901236534119,-0.6072466969490051,1.2817747592926025,-0.11654838174581528,0.047321680933237076,0.7291154265403748,0.01678149774670601,0.0229635126888752,0.02374444343149662,0.03232400119304657,0.05097244679927826,0.013301225379109383,0.051623132079839706,0.011852585710585117
17,DEU,Germany,2019,-7.129828929901123,-1.0437915325164795,3.006768226623535,2,1.162001371383667,-0.3217161297798157,1.2181392908096313,-0.24135330319404602,0.9860901236534119,-0.6072466969490051,1.2817747592926025,-0.11654838174581528,0.047321680933237076,0.7291154265403748,0.01678149774670601,0.0229635126888752,0.02374444343149662,0.03232400119304657,0.05097244679927826,0.013301225379109383,0.051623132079839706,0.011852585710585117
17,DEU,Germany,2020,-8.748512268066406,-1.233204960823059,3.006768226623535,2,1.162001371383667,-0.3217161297798157,1.2181392908096313,-0.24135330319404602,0.9860901236534119,-0.6072466969490051,1.2817747592926025,-0.11654838174581528,0.047321680933237076,0.7291154265403748,0.01678149774670601,0.0229635126888752,0.02374444343149662,0.03232400119304657,0.05097244679927826,0.013301225379109383,0.051623132079839706,0.011852585710585117
17,DEU,Germany,2021,-7.036392688751221,-1.3809890747070312,3.006768226623535,2,1.162001371383667,-0.3217161297798157,1.2181392908096313,-0.24135330319404602,0.9860901236534119,-0.6072466969490051,1.2817747592926025,-0.11654838174581528,0.047321680933237076,0.7291154265403748,0.01678149774670601,0.0229635126888752,0.02374444343149662,0.03232400119304657,0.05097244679927826,0.013301225379109383,0.051623132079839706,0.011852585710585117
17,DEU,Germany,2022,-5.935337066650391,-1.488526701927185,3.006768226623535,2,1.162001371383667,-0.3217161297798157,1.2181392908096313,-0.24135330319404602,0.9860901236534119,-0.6072466969490051,1.2817747592926025,-0.11654838174581528,0.047321680933237076,0.7291154265403748,0.01678149774670601,0.0229635126888752,0.02374444343149662,0.03232400119304657,0.05097244679927826,0.013301225379109383,0.051623132079839706,0.011852585710585117
17,DEU,Germany,2023,-8.335287094116211,-1.5622966289520264,3.006768226623535,2,1.162001371383667,-0.3217161297798157,1.2181392908096313,-0.24135330319404602,0.9860901236534119,-0.6072466969490051,1.2817747592926025,-0.11654838174581528,0.047321680933237076,0.7291154265403748,0.01678149774670601,0.0229635126888752,0.02374444343149662,0.03232400119304657,0.05097244679927826,0.013301225379109383,0.051623132079839706,0.011852585710585117
18,DNK,Denmark,2018,-4.1028218269348145,-0.17524340748786926,3.006768226623535,2,1.5067936182022095,-0.3217161297798157,1.5459808111190796,-0.24135330319404602,1.4523217678070068,-0.6072466969490051,1.522078514099121,-0.11654838174581528,0.047321680933237076,0.7291154265403748,0.01678149774670601,0.0229635126888752,0.02374444343149662,0.03232400119304657,0.05097244679927826,0.013301225379109383,0.051623132079839706,0.011852585710585117
18,DNK,Denmark,2019,-5.251770973205566,-0.6128517389297485,3.006768226623535,2,1.5067936182022095,-0.3217161297798157,1.5459808111190796,-0.24135330319404602,1.4523217678070068,-0.6072466969490051,1.522078514099121,-0.11654838174581528,0.047321680933237076,0.7291154265403748,0.01678149774670601,0.0229635126888752,0.02374444343149662,0.03232400119304657,0.05097244679927826,0.013301225379109383,0.051623132079839706,0.011852585710585117
18,DNK,Denmark,2020,-5.442167282104492,-0.9585237503051758,3.006768226623535,2,1.5067936182022095,-0.3217161297798157,1.5459808111190796,-0.24135330319404602,1.4523217678070068,-0.6072466969490051,1.522078514099121,-0.11654838174581528,0.047321680933237076,0.7291154265403748,0.01678149774670601,0.0229635126888752,0.02374444343149662,0.03232400119304657,0.05097244679927826,0.013301225379109383,0.051623132079839706,0.011852585710585117
18,DNK,Denmark,2021,-5.020071029663086,-1.228895664215088,3.006768226623535,2,1.5067936182022095,-0.3217161297798157,1.5459808111190796,-0.24135330319404602,1.4523217678070068,-0.6072466969490051,1.522078514099121,-0.11654838174581528,0.047321680933237076,0.7291154265403748,0.01678149774670601,0.0229635126888752,0.02374444343149662,0.03232400119304657,0.05097244679927826,0.013301225379109383,0.051623132079839706,0.011852585710585117
18,DNK,Denmark,2022,-5.26057767868042,-1.4200340509414673,3.006768226623535,2,1.5067936182022095,-0.3217161297798157,1.5459808111190796,-0.24135330319404602,1.4523217678070068,-0.6072466969490051,1.522078514099121,-0.11654838174581528,0.047321680933237076,0.7291154265403748,0.01678149774670601,0.0229635126888752,0.02374444343149662,0.03232400119304657,0.05097244679927826,0.013301225379109383,0.051623132079839706,0.011852585710585117
18,DNK,Denmark,2023,-5.907427787780762,-1.5474014282226562,3.006768226623535,2,1.5067936182022095,-0.3217161297798157,1.5459808111190796,-0.24135330319404602,1.4523217678070068,-0.6072466969490051,1.522078514099121,-0.11654838174581528,0.047321680933237076,0.7291154265403748,0.01678149774670601,0.0229635126888752,0.02374444343149662,0.03232400119304657,0.05097244679927826,0.013301225379109383,0.051623132079839706,0.011852585710585117
19,DZA,Algeria,2018,-1.3783005475997925,-0.21937021613121033,3.006768226623535,2,-1.204992651939392,-0.3217161297798157,-1.152233362197876,-0.24135330319404602,-1.2305991649627686,-0.6072466969490051,-1.2321451902389526,-0.11654838174581528,0.047321680933237076,0.7291154265403748,0.01678149774670601,0.0229635126888752,0.02374444343149662,0.03232400119304657,0.05097244679927826,0.013301225379109383,0.051623132079839706,0.011852585710585117
19,DZA,Algeria,2019,-1.3506704568862915,-0.14304529130458832,3.006768226623535,2,-1.204992651939392,-0.3217161297798157,-1.152233362197876,-0.24135330319404602,-1.2305991649627686,-0.6072466969490051,-1.2321451902389526,-0.11654838174581528,0.047321680933237076,0.7291154265403748,0.01678149774670601,0.0229635126888752,0.02374444343149662,0.03232400119304657,0.05097244679927826,0.013301225379109383,0.051623132079839706,0.011852585710585117
19,DZA,Algeria,2020,-1.4138250350952148,-0.2310580015182495,3.006768226623535,2,-1.204992651939392,-0.3217161297798157,-1.152233362197876,-0.24135330319404602,-1.2305991649627686,-0.6072466969490051,-1.2321451902389526,-0.11654838174581528,0.047321680933237076,0.7291154265403748,0.01678149774670601,0.0229635126888752,0.02374444343149662,0.03232400119304657,0.05097244679927826,0.013301225379109383,0.051623132079839706,0.011852585710585117
19,DZA,Algeria,2021,-1.0506858825683594,-0.2531971037387848,3.006768226623535,2,-1.204992651939392,-0.3217161297798157,-1.152233362197876,-0.24135330319404602,-1.2305991649627686,-0.6072466969490051,-1.2321451902389526,-0.11654838174581528,0.047321680933237076,0.7291154265403748,0.01678149774670601,0.0229635126888752,0.02374444343149662,0.03232400119304657,0.05097244679927826,0.013301225379109383,0.051623132079839706,0.011852585710585117
19,DZA,Algeria,2022,-1.0033199787139893,-0.3040403127670288,3.006768226623535,2,-1.204992651939392,-0.3217161297798157,-1.152233362197876,-0.24135330319404602,-1.2305991649627686,-0.6072466969490051,-1.2321451902389526,-0.11654838174581528,0.047321680933237076,0.7291154265403748,0.01678149774670601,0.0229635126888752,0.02374444343149662,0.03232400119304657,0.05097244679927826,0.013301225379109383,0.051623132079839706,0.011852585710585117
19,DZA,Algeria,2023,-1.0033199787139893,-0.21419882774353027,3.006768226623535,2,-1.204992651939392,-0.3217161297798157,-1.152233362197876,-0.24135330319404602,-1.2305991649627686,-0.6072466969490051,-1.2321451902389526,-0.11654838174581528,0.047321680933237076,0.7291154265403748,0.01678149774670601,0.0229635126888752,0.02374444343149662,0.03232400119304657,0.05097244679927826,0.013301225379109383,0.051623132079839706,0.011852585710585117
20,ECU,Ecuador,2018,-1.1428673267364502,1.3157529830932617,3.006768226623535,2,-1.2054944038391113,-0.3217161297798157,-1.1715943813323975,-0.24135330319404602,-1.2544611692428589,-0.6072466969490051,-1.1904276609420776,-0.11654838174581528,0.047321680933237076,0.7291154265403748,0.01678149774670601,0.0229635126888752,0.02374444343149662,0.03232400119304657,0.05097244679927826,0.013301225379109383,0.051623132079839706,0.011852585710585117
20,ECU,Ecuador,2019,-1.7627936601638794,1.3972752094268799,3.006768226623535,2,-1.2054944038391113,-0.3217161297798157,-1.1715943813323975,-0.24135330319404602,-1.2544611692428589,-0.6072466969490051,-1.1904276609420776,-0.11654838174581528,0.047321680933237076,0.7291154265403748,0.01678149774670601,0.0229635126888752,0.02374444343149662,0.03232400119304657,0.05097244679927826,0.013301225379109383,0.051623132079839706,0.011852585710585117
20,ECU,Ecuador,2020,-1.9658561944961548,1.4295692443847656,3.006768226623535,2,-1.2054944038391113,-0.3217161297798157,-1.1715943813323975,-0.24135330319404602,-1.2544611692428589,-0.6072466969490051,-1.1904276609420776,-0.11654838174581528,0.047321680933237076,0.7291154265403748,0.01678149774670601,0.0229635126888752,0.02374444343149662,0.03232400119304657,0.05097244679927826,0.013301225379109383,0.051623132079839706,0.011852585710585117
20,ECU,Ecuador,2021,-2.1342613697052,1.4351656436920166,3.006768226623535,2,-1.2054944038391113,-0.3217161297798157,-1.1715943813323975,-0.24135330319404602,-1.2544611692428589,-0.6072466969490051,-1.1904276609420776,-0.11654838174581528,0.047321680933237076,0.7291154265403748,0.01678149774670601,0.0229635126888752,0.02374444343149662,0.03232400119304657,0.05097244679927826,0.013301225379109383,0.051623132079839706,0.011852585710585117
20,ECU,Ecuador,2022,-1.612612009048462,1.4248132705688477,3.006768226623535,2,-1.2054944038391113,-0.3217161297798157,-1.1715943813323975,-0.24135330319404602,-1.2544611692428589,-0.6072466969490051,-1.1904276609420776,-0.11654838174581528,0.047321680933237076,0.7291154265403748,0.01678149774670601,0.0229635126888752,0.02374444343149662,0.03232400119304657,0.05097244679927826,0.013301225379109383,0.051623132079839706,0.011852585710585117
20,ECU,Ecuador,2023,-1.6925028562545776,1.4161944389343262,3.006768226623535,2,-1.2054944038391113,-0.3217161297798157,-1.1715943813323975,-0.24135330319404602,-1.2544611692428589,-0.6072466969490051,-1.1904276609420776,-0.11654838174581528,0.047321680933237076,0.7291154265403748,0.01678149774670601,0.0229635126888752,0.02374444343149662,0.03232400119304657,0.05097244679927826,0.013301225379109383,0.051623132079839706,0.011852585710585117
21,EGY,Egypt,2018,1.8549280166625977,0.43530237674713135,3.006768226623535,2,-0.7224758267402649,-0.3217161297798157,-0.816137969493866,-0.24135330319404602,-0.7838069200515747,-0.6072466969490051,-0.5674826502799988,-0.11654838174581528,0.047321680933237076,0.7291154265403748,0.01678149774670601,0.0229635126888752,0.02374444343149662,0.03232400119304657,0.05097244679927826,0.013301225379109383,0.051623132079839706,0.011852585710585117
21,EGY,Egypt,2019,1.397194504737854,0.6366652250289917,3.006768226623535,2,-0.7224758267402649,-0.3217161297798157,-0.816137969493866,-0.24135330319404602,-0.7838069200515747,-0.6072466969490051,-0.5674826502799988,-0.11654838174581528,0.047321680933237076,0.7291154265403748,0.01678149774670601,0.0229635126888752,0.02374444343149662,0.03232400119304657,0.05097244679927826,0.013301225379109383,0.051623132079839706,0.011852585710585117
21,EGY,Egypt,2020,0.7784237861633301,0.7340230941772461,3.006768226623535,2,-0.7224758267402649,-0.3217161297798157,-0.816137969493866,-0.24135330319404602,-0.7838069200515747,-0.6072466969490051,-0.5674826502799988,-0.11654838174581528,0.047321680933237076,0.7291154265403748,0.01678149774670601,0.0229635126888752,0.02374444343149662,0.03232400119304657,0.05097244679927826,0.013301225379109383,0.051623132079839706,0.011852585710585117
21,EGY,Egypt,2021,0.7313584089279175,0.876253604888916,3.006768226623535,2,-0.7224758267402649,-0.3217161297798157,-0.816137969493866,-0.24135330319404602,-0.7838069200515747,-0.6072466969490051,-0.5674826502799988,-0.11654838174581528,0.047321680933237076,0.7291154265403748,0.01678149774670601,0.0229635126888752,0.02374444343149662,0.03232400119304657,0.05097244679927826,0.013301225379109383,0.051623132079839706,0.011852585710585117
21,EGY,Egypt,2022,0.8227205872535706,1.2834489345550537,3.006768226623535,2,-0.7224758267402649,-0.3217161297798157,-0.816137969493866,-0.24135330319404602,-0.7838069200515747,-0.6072466969490051,-0.5674826502799988,-0.11654838174581528,0.047321680933237076,0.7291154265403748,0.01678149774670601,0.0229635126888752,0.02374444343149662,0.03232400119304657,0.05097244679927826,0.013301225379109383,0.051623132079839706,0.011852585710585117
21,EGY,Egypt,2023,0.880398690700531,1.28071129322052,3.006768226623535,2,-0.7224758267402649,-0.3217161297798157,-0.816137969493866,-0.24135330319404602,-0.7838069200515747,-0.6072466969490051,-0.5674826502799988,-0.11654838174581528,0.047321680933237076,0.7291154265403748,0.01678149774670601,0.0229635126888752,0.02374444343149662,0.03232400119304657,0.05097244679927826,0.013301225379109383,0.051623132079839706,0.011852585710585117
22,ESP,Spain,2018,-2.3918983936309814,-1.599799633026123,3.006768226623535,2,0.789492130279541,-0.3217161297798157,0.8293587565422058,-0.24135330319404602,0.796362042427063,-0.6072466969490051,0.7427557706832886,-0.11654838174581528,0.047321680933237076,0.7291154265403748,0.01678149774670601,0.0229635126888752,0.02374444343149662,0.03232400119304657,0.05097244679927826,0.013301225379109383,0.051623132079839706,0.011852585710585117
22,ESP,Spain,2019,-3.220625877380371,-1.7112191915512085,3.006768226623535,2,0.789492130279541,-0.3217161297798157,0.8293587565422058,-0.24135330319404602,0.796362042427063,-0.6072466969490051,0.7427557706832886,-0.11654838174581528,0.047321680933237076,0.7291154265403748,0.01678149774670601,0.0229635126888752,0.02374444343149662,0.03232400119304657,0.05097244679927826,0.013301225379109383,0.051623132079839706,0.011852585710585117
22,ESP,Spain,2020,-4.112740993499756,-1.8544114828109741,3.006768226623535,2,0.789492130279541,-0.3217161297798157,0.8293587565422058,-0.24135330319404602,0.796362042427063,-0.6072466969490051,0.7427557706832886,-0.11654838174581528,0.047321680933237076,0.7291154265403748,0.01678149774670601,0.0229635126888752,0.02374444343149662,0.03232400119304657,0.05097244679927826,0.013301225379109383,0.051623132079839706,0.011852585710585117
22,ESP,Spain,2021,-4.21701192855835,-1.9829275608062744,3.006768226623535,2,0.789492130279541,-0.3217161297798157,0.8293587565422058,-0.24135330319404602,0.796362042427063,-0.6072466969490051,0.7427557706832886,-0.11654838174581528,0.047321680933237076,0.7291154265403748,0.01678149774670601,0.0229635126888752,0.02374444343149662,0.03232400119304657,0.05097244679927826,0.013301225379109383,0.051623132079839706,0.011852585710585117
22,ESP,Spain,2022,-3.774611234664917,-2.0629334449768066,3.006768226623535,2,0.789492130279541,-0.3217161297798157,0.8293587565422058,-0.24135330319404602,0.796362042427063,-0.6072466969490051,0.7427557706832886,-0.11654838174581528,0.047321680933237076,0.7291154265403748,0.01678149774670601,0.0229635126888752,0.02374444343149662,0.03232400119304657,0.05097244679927826,0.013301225379109383,0.051623132079839706,0.011852585710585117
22,ESP,Spain,2023,-4.671977519989014,-2.1305530071258545,3.006768226623535,2,0.789492130279541,-0.3217161297798157,0.8293587565422058,-0.24135330319404602,0.796362042427063,-0.6072466969490051,0.7427557706832886,-0.11654838174581528,0.047321680933237076,0.7291154265403748,0.01678149774670601,0.0229635126888752,0.02374444343149662,0.03232400119304657,0.05097244679927826,0.013301225379109383,0.051623132079839706,0.011852585710585117
23,EST,Estonia,2018,-4.833373069763184,-0.903874397277832,3.006768226623535,2,0.5303884744644165,-0.3217161297798157,0.3051801919937134,-0.24135330319404602,0.8016892075538635,-0.6072466969490051,0.48429596424102783,-0.11654838174581528,0.047321680933237076,0.7291154265403748,0.01678149774670601,0.0229635126888752,0.02374444343149662,0.03232400119304657,0.05097244679927826,0.013301225379109383,0.051623132079839706,0.011852585710585117
23,EST,Estonia,2019,-9.96490478515625,-1.1191260814666748,3.006768226623535,2,0.5303884744644165,-0.3217161297798157,0.3051801919937134,-0.24135330319404602,0.8016892075538635,-0.6072466969490051,0.48429596424102783,-0.11654838174581528,0.047321680933237076,0.7291154265403748,0.01678149774670601,0.0229635126888752,0.02374444343149662,0.03232400119304657,0.05097244679927826,0.013301225379109383,0.051623132079839706,0.011852585710585117
23,EST,Estonia,2020,-18.38939094543457,-1.286697268486023,3.006768226623535,2,0.5303884744644165,-0.3217161297798157,0.3051801919937134,-0.24135330319404602,0.8016892075538635,-0.6072466969490051,0.48429596424102783,-0.11654838174581528,0.047321680933237076,0.7291154265403748,0.01678149774670601,0.0229635126888752,0.02374444343149662,0.03232400119304657,0.05097244679927826,0.013301225379109383,0.051623132079839706,0.011852585710585117
23,EST,Estonia,2021,-14.705828666687012,-1.423361897468567,3.006768226623535,2,0.5303884744644165,-0.3217161297798157,0.3051801919937134,-0.24135330319404602,0.8016892075538635,-0.6072466969490051,0.48429596424102783,-0.11654838174581528,0.047321680933237076,0.7291154265403748,0.01678149774670601,0.0229635126888752,0.02374444343149662,0.03232400119304657,0.05097244679927826,0.013301225379109383,0.051623132079839706,0.011852585710585117
23,EST,Estonia,2022,-11.738649368286133,-1.5268774032592773,3.006768226623535,2,0.5303884744644165,-0.3217161297798157,0.3051801919937134,-0.24135330319404602,0.8016892075538635,-0.6072466969490051,0.48429596424102783,-0.11654838174581528,0.047321680933237076,0.7291154265403748,0.01678149774670601,0.0229635126888752,0.02374444343149662,0.03232400119304657,0.05097244679927826,0.013301225379109383,0.051623132079839706,0.011852585710585117
23,EST,Estonia,2023,-19.71649742126465,-1.6049020290374756,3.006768226623535,2,0.5303884744644165,-0.3217161297798157,0.3051801919937134,-0.24135330319404602,0.8016892075538635,-0.6072466969490051,0.48429596424102783,-0.11654838174581528,0.047321680933237076,0.7291154265403748,0.01678149774670601,0.0229635126888752,0.02374444343149662,0.03232400119304657,0.05097244679927826,0.013301225379109383,0.051623132079839706,0.011852585710585117
24,FIN,Finland,2018,-2.4947378635406494,0.7605370283126831,3.006768226623535,2,1.5118976831436157,-0.3217161297798157,1.5876092910766602,-0.24135330319404602,1.3751853704452515,-0.6072466969490051,1.572898507118225,-0.11654838174581528,0.047321680933237076,0.7291154265403748,0.01678149774670601,0.0229635126888752,0.02374444343149662,0.03232400119304657,0.05097244679927826,0.013301225379109383,0.051623132079839706,0.011852585710585117
24,FIN,Finland,2019,-3.0343379974365234,0.5156245231628418,3.006768226623535,2,1.5118976831436157,-0.3217161297798157,1.5876092910766602,-0.24135330319404602,1.3751853704452515,-0.6072466969490051,1.572898507118225,-0.11654838174581528,0.047321680933237076,0.7291154265403748,0.01678149774670601,0.0229635126888752,0.02374444343149662,0.03232400119304657,0.05097244679927826,0.013301225379109383,0.051623132079839706,0.011852585710585117
24,FIN,Finland,2020,-4.05517578125,0.3310640752315521,3.006768226623535,2,1.5118976831436157,-0.3217161297798157,1.5876092910766602,-0.24135330319404602,1.3751853704452515,-0.6072466969490051,1.572898507118225,-0.11654838174581528,0.047321680933237076,0.7291154265403748,0.01678149774670601,0.0229635126888752,0.02374444343149662,0.03232400119304657,0.05097244679927826,0.013301225379109383,0.051623132079839706,0.011852585710585117
24,FIN,Finland,2021,-3.9226253032684326,0.1935155689716339,3.006768226623535,2,1.5118976831436157,-0.3217161297798157,1.5876092910766602,-0.24135330319404602,1.3751853704452515,-0.6072466969490051,1.572898507118225,-0.11654838174581528,0.047321680933237076,0.7291154265403748,0.01678149774670601,0.0229635126888752,0.02374444343149662,0.03232400119304657,0.05097244679927826,0.013301225379109383,0.051623132079839706,0.011852585710585117
24,FIN,Finland,2022,-4.062594890594482,0.09691306948661804,3.006768226623535,2,1.5118976831436157,-0.3217161297798157,1.5876092910766602,-0.24135330319404602,1.3751853704452515,-0.6072466969490051,1.572898507118225,-0.11654838174581528,0.047321680933237076,0.7291154265403748,0.01678149774670601,0.0229635126888752,0.02374444343149662,0.03232400119304657,0.05097244679927826,0.013301225379109383,0.051623132079839706,0.011852585710585117
24,FIN,Finland,2023,-5.2590131759643555,0.029646486043930054,3.006768226623535,2,1.5118976831436157,-0.3217161297798157,1.5876092910766602,-0.24135330319404602,1.3751853704452515,-0.6072466969490051,1.572898507118225,-0.11654838174581528,0.047321680933237076,0.7291154265403748,0.01678149774670601,0.0229635126888752,0.02374444343149662,0.03232400119304657,0.05097244679927826,0.013301225379109383,0.051623132079839706,0.011852585710585117
25,FRA,France,2018,-2.937512159347534,-0.44058310985565186,3.006768226623535,2,0.8883405327796936,-0.3217161297798157,1.0859564542770386,-0.24135330319404602,0.6707704067230225,-0.6072466969490051,0.9082947969436646,-0.11654838174581528,0.047321680933237076,0.7291154265403748,0.01678149774670601,0.0229635126888752,0.02374444343149662,0.03232400119304657,0.05097244679927826,0.013301225379109383,0.051623132079839706,0.011852585710585117
25,FRA,France,2019,-2.957599639892578,-0.5876569747924805,3.006768226623535,2,0.8883405327796936,-0.3217161297798157,1.0859564542770386,-0.24135330319404602,0.6707704067230225,-0.6072466969490051,0.9082947969436646,-0.11654838174581528,0.047321680933237076,0.7291154265403748,0.01678149774670601,0.0229635126888752,0.02374444343149662,0.03232400119304657,0.05097244679927826,0.013301225379109383,0.051623132079839706,0.011852585710585117
25,FRA,France,2020,-3.0673086643218994,-0.7526208162307739,3.006768226623535,2,0.8883405327796936,-0.3217161297798157,1.0859564542770386,-0.24135330319404602,0.6707704067230225,-0.6072466969490051,0.9082947969436646,-0.11654838174581528,0.047321680933237076,0.7291154265403748,0.01678149774670601,0.0229635126888752,0.02374444343149662,0.03232400119304657,0.05097244679927826,0.013301225379109383,0.051623132079839706,0.011852585710585117
25,FRA,France,2021,-2.956054449081421,-0.9066112041473389,3.006768226623535,2,0.8883405327796936,-0.3217161297798157,1.0859564542770386,-0.24135330319404602,0.6707704067230225,-0.6072466969490051,0.9082947969436646,-0.11654838174581528,0.047321680933237076,0.7291154265403748,0.01678149774670601,0.0229635126888752,0.02374444343149662,0.03232400119304657,0.05097244679927826,0.013301225379109383,0.051623132079839706,0.011852585710585117
25,FRA,France,2022,-0.05572359263896942,-1.026762843132019,3.006768226623535,2,0.8883405327796936,-0.3217161297798157,1.0859564542770386,-0.24135330319404602,0.6707704067230225,-0.6072466969490051,0.9082947969436646,-0.11654838174581528,0.047321680933237076,0.7291154265403748,0.01678149774670601,0.0229635126888752,0.02374444343149662,0.03232400119304657,0.05097244679927826,0.013301225379109383,0.051623132079839706,0.011852585710585117
25,FRA,France,2023,-3.9094398021698,-1.0859856605529785,3.006768226623535,2,0.8883405327796936,-0.3217161297798157,1.0859564542770386,-0.24135330319404602,0.6707704067230225,-0.6072466969490051,0.9082947969436646,-0.11654838174581528,0.047321680933237076,0.7291154265403748,0.01678149774670601,0.0229635126888752,0.02374444343149662,0.03232400119304657,0.05097244679927826,0.013301225379109383,0.051623132079839706,0.011852585710585117
26,GBR,United Kingdom,2018,-11.656635284423828,0.08526620268821716,3.006768226623535,2,1.2583589553833008,-0.3217161297798157,1.1897099018096924,-0.24135330319404602,1.3614327907562256,-0.6072466969490051,1.2239340543746948,-0.11654838174581528,0.047321680933237076,0.7291154265403748,0.01678149774670601,0.0229635126888752,0.02374444343149662,0.03232400119304657,0.05097244679927826,0.013301225379109383,0.051623132079839706,0.011852585710585117
26,GBR,United Kingdom,2019,-12.48721694946289,-0.138901025056839,3.006768226623535,2,1.2583589553833008,-0.3217161297798157,1.1897099018096924,-0.24135330319404602,1.3614327907562256,-0.6072466969490051,1.2239340543746948,-0.11654838174581528,0.047321680933237076,0.7291154265403748,0.01678149774670601,0.0229635126888752,0.02374444343149662,0.03232400119304657,0.05097244679927826,0.013301225379109383,0.051623132079839706,0.011852585710585117
26,GBR,United Kingdom,2020,-13.733572006225586,-0.35890433192253113,3.006768226623535,2,1.2583589553833008,-0.3217161297798157,1.1897099018096924,-0.24135330319404602,1.3614327907562256,-0.6072466969490051,1.2239340543746948,-0.11654838174581528,0.047321680933237076,0.7291154265403748,0.01678149774670601,0.0229635126888752,0.02374444343149662,0.03232400119304657,0.05097244679927826,0.013301225379109383,0.051623132079839706,0.011852585710585117
26,GBR,United Kingdom,2021,-12.55033016204834,-0.5405733585357666,3.006768226623535,2,1.2583589553833008,-0.3217161297798157,1.1897099018096924,-0.24135330319404602,1.3614327907562256,-0.6072466969490051,1.2239340543746948,-0.11654838174581528,0.047321680933237076,0.7291154265403748,0.01678149774670601,0.0229635126888752,0.02374444343149662,0.03232400119304657,0.05097244679927826,0.013301225379109383,0.051623132079839706,0.011852585710585117
26,GBR,United Kingdom,2022,-13.13424301147461,-0.6791284084320068,3.006768226623535,2,1.2583589553833008,-0.3217161297798157,1.1897099018096924,-0.24135330319404602,1.3614327907562256,-0.6072466969490051,1.2239340543746948,-0.11654838174581528,0.047321680933237076,0.7291154265403748,0.01678149774670601,0.0229635126888752,0.02374444343149662,0.03232400119304657,0.05097244679927826,0.013301225379109383,0.051623132079839706,0.011852585710585117
26,GBR,United Kingdom,2023,-14.066479682922363,-0.7762120962142944,3.006768226623535,2,1.2583589553833008,-0.3217161297798157,1.1897099018096924,-0.24135330319404602,1.3614327907562256,-0.6072466969490051,1.2239340543746948,-0.11654838174581528,0.047321680933237076,0.7291154265403748,0.01678149774670601,0.0229635126888752,0.02374444343149662,0.03232400119304657,0.05097244679927826,0.013301225379109383,0.051623132079839706,0.011852585710585117
27,GRC,Greece,2018,-5.507160186767578,-0.2772168815135956,3.006768226623535,2,0.21050052344799042,-0.3217161297798157,0.004785913974046707,-0.24135330319404602,0.24354657530784607,-0.6072466969490051,0.3831690847873688,-0.11654838174581528,0.047321680933237076,0.7291154265403748,0.01678149774670601,0.0229635126888752,0.02374444343149662,0.03232400119304657,0.05097244679927826,0.013301225379109383,0.051623132079839706,0.011852585710585117
27,GRC,Greece,2019,-6.582149982452393,-0.40262705087661743,3.006768226623535,2,0.21050052344799042,-0.3217161297798157,0.004785913974046707,-0.24135330319404602,0.24354657530784607,-0.6072466969490051,0.3831690847873688,-0.11654838174581528,0.047321680933237076,0.7291154265403748,0.01678149774670601,0.0229635126888752,0.02374444343149662,0.03232400119304657,0.05097244679927826,0.013301225379109383,0.051623132079839706,0.011852585710585117
27,GRC,Greece,2020,-8.231910705566406,-0.5427607297897339,3.006768226623535,2,0.21050052344799042,-0.3217161297798157,0.004785913974046707,-0.24135330319404602,0.24354657530784607,-0.6072466969490051,0.3831690847873688,-0.11654838174581528,0.047321680933237076,0.7291154265403748,0.01678149774670601,0.0229635126888752,0.02374444343149662,0.03232400119304657,0.05097244679927826,0.013301225379109383,0.051623132079839706,0.011852585710585117
27,GRC,Greece,2021,-9.12386703491211,-0.6433807611465454,3.006768226623535,2,0.21050052344799042,-0.3217161297798157,0.004785913974046707,-0.24135330319404602,0.24354657530784607,-0.6072466969490051,0.3831690847873688,-0.11654838174581528,0.047321680933237076,0.7291154265403748,0.01678149774670601,0.0229635126888752,0.02374444343149662,0.03232400119304657,0.05097244679927826,0.013301225379109383,0.051623132079839706,0.011852585710585117
27,GRC,Greece,2022,-9.264490127563477,-0.7192666530609131,3.006768226623535,2,0.21050052344799042,-0.3217161297798157,0.004785913974046707,-0.24135330319404602,0.24354657530784607,-0.6072466969490051,0.3831690847873688,-0.11654838174581528,0.047321680933237076,0.7291154265403748,0.01678149774670601,0.0229635126888752,0.02374444343149662,0.03232400119304657,0.05097244679927826,0.013301225379109383,0.051623132079839706,0.011852585710585117
27,GRC,Greece,2023,-10.155776977539062,-0.7652291059494019,3.006768226623535,2,0.21050052344799042,-0.3217161297798157,0.004785913974046707,-0.24135330319404602,0.24354657530784607,-0.6072466969490051,0.3831690847873688,-0.11654838174581528,0.047321680933237076,0.7291154265403748,0.01678149774670601,0.0229635126888752,0.02374444343149662,0.03232400119304657,0.05097244679927826,0.013301225379109383,0.051623132079839706,0.011852585710585117
28,HKG,Hong Kong,2018,-1.1459519863128662,1.2199244499206543,3.006768226623535,2,1.1223636865615845,-0.3217161297798157,1.0890463590621948,-0.24135330319404602,1.3811711072921753,-0.6072466969490051,0.8968734741210938,-0.11654838174581528,0.047321680933237076,0.7291154265403748,0.01678149774670601,0.0229635126888752,0.02374444343149662,0.03232400119304657,0.05097244679927826,0.013301225379109383,0.051623132079839706,0.011852585710585117
28,HKG,Hong Kong,2019,-1.7272493839263916,0.9490388631820679,3.006768226623535,2,1.1223636865615845,-0.3217161297798157,1.0890463590621948,-0.24135330319404602,1.3811711072921753,-0.6072466969490051,0.8968734741210938,-0.11654838174581528,0.047321680933237076,0.7291154265403748,0.01678149774670601,0.0229635126888752,0.02374444343149662,0.03232400119304657,0.05097244679927826,0.013301225379109383,0.051623132079839706,0.011852585710585117
28,HKG,Hong Kong,2020,-5.682636260986328,0.74750816822052,3.006768226623535,2,1.1223636865615845,-0.3217161297798157,1.0890463590621948,-0.24135330319404602,1.3811711072921753,-0.6072466969490051,0.8968734741210938,-0.11654838174581528,0.047321680933237076,0.7291154265403748,0.01678149774670601,0.0229635126888752,0.02374444343149662,0.03232400119304657,0.05097244679927826,0.013301225379109383,0.051623132079839706,0.011852585710585117
28,HKG,Hong Kong,2021,-5.362922668457031,0.6069958209991455,3.006768226623535,2,1.1223636865615845,-0.3217161297798157,1.0890463590621948,-0.24135330319404602,1.3811711072921753,-0.6072466969490051,0.8968734741210938,-0.11654838174581528,0.047321680933237076,0.7291154265403748,0.01678149774670601,0.0229635126888752,0.02374444343149662,0.03232400119304657,0.05097244679927826,0.013301225379109383,0.051623132079839706,0.011852585710585117
28,HKG,Hong Kong,2022,-5.762137413024902,0.49911537766456604,3.006768226623535,2,1.1223636865615845,-0.3217161297798157,1.0890463590621948,-0.24135330319404602,1.3811711072921753,-0.6072466969490051,0.8968734741210938,-0.11654838174581528,0.047321680933237076,0.7291154265403748,0.01678149774670601,0.0229635126888752,0.02374444343149662,0.03232400119304657,0.05097244679927826,0.013301225379109383,0.051623132079839706,0.011852585710585117
28,HKG,Hong Kong,2023,-5.774105072021484,0.4294634461402893,3.006768226623535,2,1.1223636865615845,-0.3217161297798157,1.0890463590621948,-0.24135330319404602,1.3811711072921753,-0.6072466969490051,0.8968734741210938,-0.11654838174581528,0.047321680933237076,0.7291154265403748,0.01678149774670601,0.0229635126888752,0.02374444343149662,0.03232400119304657,0.05097244679927826,0.013301225379109383,0.051623132079839706,0.011852585710585117
29,HRV,Croatia,2018,-2.1691575050354004,1.2276616096496582,3.006768226623535,2,-0.3481642007827759,-0.3217161297798157,-0.2588765323162079,-0.24135330319404602,-0.3555670380592346,-0.6072466969490051,-0.4300490617752075,-0.11654838174581528,0.047321680933237076,0.7291154265403748,0.01678149774670601,0.0229635126888752,0.02374444343149662,0.03232400119304657,0.05097244679927826,0.013301225379109383,0.051623132079839706,0.011852585710585117
29,HRV,Croatia,2019,-1.4451857805252075,1.1770148277282715,3.006768226623535,2,-0.3481642007827759,-0.3217161297798157,-0.2588765323162079,-0.24135330319404602,-0.3555670380592346,-0.6072466969490051,-0.4300490617752075,-0.11654838174581528,0.047321680933237076,0.7291154265403748,0.01678149774670601,0.0229635126888752,0.02374444343149662,0.03232400119304657,0.05097244679927826,0.013301225379109383,0.051623132079839706,0.011852585710585117
29,HRV,Croatia,2020,-1.7230193614959717,1.1592737436294556,3.006768226623535,2,-0.3481642007827759,-0.3217161297798157,-0.2588765323162079,-0.24135330319404602,-0.3555670380592346,-0.6072466969490051,-0.4300490617752075,-0.11654838174581528,0.047321680933237076,0.7291154265403748,0.01678149774670601,0.0229635126888752,0.02374444343149662,0.03232400119304657,0.05097244679927826,0.013301225379109383,0.051623132079839706,0.011852585710585117
29,HRV,Croatia,2021,-2.0073060989379883,1.1861164569854736,3.006768226623535,2,-0.3481642007827759,-0.3217161297798157,-0.2588765323162079,-0.24135330319404602,-0.3555670380592346,-0.6072466969490051,-0.4300490617752075,-0.11654838174581528,0.047321680933237076,0.7291154265403748,0.01678149774670601,0.0229635126888752,0.02374444343149662,0.03232400119304657,0.05097244679927826,0.013301225379109383,0.051623132079839706,0.011852585710585117
29,HRV,Croatia,2022,-1.4104783535003662,1.1098583936691284,3.006768226623535,2,-0.3481642007827759,-0.3217161297798157,-0.2588765323162079,-0.24135330319404602,-0.3555670380592346,-0.6072466969490051,-0.4300490617752075,-0.11654838174581528,0.047321680933237076,0.7291154265403748,0.01678149774670601,0.0229635126888752,0.02374444343149662,0.03232400119304657,0.05097244679927826,0.013301225379109383,0.051623132079839706,0.011852585710585117
29,HRV,Croatia,2023,-2.236304998397827,1.0406334400177002,3.006768226623535,2,-0.3481642007827759,-0.3217161297798157,-0.2588765323162079,-0.24135330319404602,-0.3555670380592346,-0.6072466969490051,-0.4300490617752075,-0.11654838174581528,0.047321680933237076,0.7291154265403748,0.01678149774670601,0.0229635126888752,0.02374444343149662,0.03232400119304657,0.05097244679927826,0.013301225379109383,0.051623132079839706,0.011852585710585117
30,HUN,Hungary,2018,-2.826733112335205,-1.073714256286621,3.006768226623535,2,0.43036317825317383,-0.3217161297798157,0.30845627188682556,-0.24135330319404602,0.5491956472396851,-0.6072466969490051,0.4334375858306885,-0.11654838174581528,0.047321680933237076,0.7291154265403748,0.01678149774670601,0.0229635126888752,0.02374444343149662,0.03232400119304657,0.05097244679927826,0.013301225379109383,0.051623132079839706,0.011852585710585117
30,HUN,Hungary,2019,-3.2313930988311768,-1.2197260856628418,3.006768226623535,2,0.43036317825317383,-0.3217161297798157,0.30845627188682556,-0.24135330319404602,0.5491956472396851,-0.6072466969490051,0.4334375858306885,-0.11654838174581528,0.047321680933237076,0.7291154265403748,0.01678149774670601,0.0229635126888752,0.02374444343149662,0.03232400119304657,0.05097244679927826,0.013301225379109383,0.051623132079839706,0.011852585710585117
30,HUN,Hungary,2020,-3.419083595275879,-1.37981379032135,3.006768226623535,2,0.43036317825317383,-0.3217161297798157,0.30845627188682556,-0.24135330319404602,0.5491956472396851,-0.6072466969490051,0.4334375858306885,-0.11654838174581528,0.047321680933237076,0.7291154265403748,0.01678149774670601,0.0229635126888752,0.02374444343149662,0.03232400119304657,0.05097244679927826,0.013301225379109383,0.051623132079839706,0.011852585710585117
30,HUN,Hungary,2021,-3.8331387042999268,-1.5278784036636353,3.006768226623535,2,0.43036317825317383,-0.3217161297798157,0.30845627188682556,-0.24135330319404602,0.5491956472396851,-0.6072466969490051,0.4334375858306885,-0.11654838174581528,0.047321680933237076,0.7291154265403748,0.01678149774670601,0.0229635126888752,0.02374444343149662,0.03232400119304657,0.05097244679927826,0.013301225379109383,0.051623132079839706,0.011852585710585117
30,HUN,Hungary,2022,-4.042897701263428,-1.643351674079895,3.006768226623535,2,0.43036317825317383,-0.3217161297798157,0.30845627188682556,-0.24135330319404602,0.5491956472396851,-0.6072466969490051,0.4334375858306885,-0.11654838174581528,0.047321680933237076,0.7291154265403748,0.01678149774670601,0.0229635126888752,0.02374444343149662,0.03232400119304657,0.05097244679927826,0.013301225379109383,0.051623132079839706,0.011852585710585117
30,HUN,Hungary,2023,-4.756733417510986,-1.7223236560821533,3.006768226623535,2,0.43036317825317383,-0.3217161297798157,0.30845627188682556,-0.24135330319404602,0.5491956472396851,-0.6072466969490051,0.4334375858306885,-0.11654838174581528,0.047321680933237076,0.7291154265403748,0.01678149774670601,0.0229635126888752,0.02374444343149662,0.03232400119304657,0.05097244679927826,0.013301225379109383,0.051623132079839706,0.011852585710585117
31,IDN,Indonesia,2018,2.64410662651062,0.4249631464481354,3.006768226623535,2,-0.9561768174171448,-0.3217161297798157,-0.9402090311050415,-0.24135330319404602,-0.8002218008041382,-0.6072466969490051,-1.1280996799468994,-0.11654838174581528,0.047321680933237076,0.7291154265403748,0.01678149774670601,0.0229635126888752,0.02374444343149662,0.03232400119304657,0.05097244679927826,0.013301225379109383,0.051623132079839706,0.011852585710585117
31,IDN,Indonesia,2019,3.317753314971924,0.6741008758544922,3.006768226623535,2,-0.9561768174171448,-0.3217161297798157,-0.9402090311050415,-0.24135330319404602,-0.8002218008041382,-0.6072466969490051,-1.1280996799468994,-0.11654838174581528,0.047321680933237076,0.7291154265403748,0.01678149774670601,0.0229635126888752,0.02374444343149662,0.03232400119304657,0.05097244679927826,0.013301225379109383,0.051623132079839706,0.011852585710585117
31,IDN,Indonesia,2020,2.719416856765747,0.7475709915161133,3.006768226623535,2,-0.9561768174171448,-0.3217161297798157,-0.9402090311050415,-0.24135330319404602,-0.8002218008041382,-0.6072466969490051,-1.1280996799468994,-0.11654838174581528,0.047321680933237076,0.7291154265403748,0.01678149774670601,0.0229635126888752,0.02374444343149662,0.03232400119304657,0.05097244679927826,0.013301225379109383,0.051623132079839706,0.011852585710585117
31,IDN,Indonesia,2021,2.6682887077331543,0.7981687784194946,3.006768226623535,2,-0.9561768174171448,-0.3217161297798157,-0.9402090311050415,-0.24135330319404602,-0.8002218008041382,-0.6072466969490051,-1.1280996799468994,-0.11654838174581528,0.047321680933237076,0.7291154265403748,0.01678149774670601,0.0229635126888752,0.02374444343149662,0.03232400119304657,0.05097244679927826,0.013301225379109383,0.051623132079839706,0.011852585710585117
31,IDN,Indonesia,2022,2.0740978717803955,0.7914047241210938,3.006768226623535,2,-0.9561768174171448,-0.3217161297798157,-0.9402090311050415,-0.24135330319404602,-0.8002218008041382,-0.6072466969490051,-1.1280996799468994,-0.11654838174581528,0.047321680933237076,0.7291154265403748,0.01678149774670601,0.0229635126888752,0.02374444343149662,0.03232400119304657,0.05097244679927826,0.013301225379109383,0.051623132079839706,0.011852585710585117
31,IDN,Indonesia,2023,2.4188666343688965,0.7801264524459839,3.006768226623535,2,-0.9561768174171448,-0.3217161297798157,-0.9402090311050415,-0.24135330319404602,-0.8002218008041382,-0.6072466969490051,-1.1280996799468994,-0.11654838174581528,0.047321680933237076,0.7291154265403748,0.01678149774670601,0.0229635126888752,0.02374444343149662,0.03232400119304657,0.05097244679927826,0.013301225379109383,0.051623132079839706,0.011852585710585117
32,IND,India,2018,0.023883648216724396,-1.1708829402923584,3.006768226623535,2,-0.5800058245658875,-0.3217161297798157,-0.6757107377052307,-0.24135330319404602,-0.8220545053482056,-0.6072466969490051,-0.24225223064422607,-0.11654838174581528,0.047321680933237076,0.7291154265403748,0.01678149774670601,0.0229635126888752,0.02374444343149662,0.03232400119304657,0.05097244679927826,0.013301225379109383,0.051623132079839706,0.011852585710585117
32,IND,India,2019,-1.7109887599945068,-0.8344727754592896,3.006768226623535,2,-0.5800058245658875,-0.3217161297798157,-0.6757107377052307,-0.24135330319404602,-0.8220545053482056,-0.6072466969490051,-0.24225223064422607,-0.11654838174581528,0.047321680933237076,0.7291154265403748,0.01678149774670601,0.0229635126888752,0.02374444343149662,0.03232400119304657,0.05097244679927826,0.013301225379109383,0.051623132079839706,0.011852585710585117
32,IND,India,2020,-2.832286834716797,-0.7357496023178101,3.006768226623535,2,-0.5800058245658875,-0.3217161297798157,-0.6757107377052307,-0.24135330319404602,-0.8220545053482056,-0.6072466969490051,-0.24225223064422607,-0.11654838174581528,0.047321680933237076,0.7291154265403748,0.01678149774670601,0.0229635126888752,0.02374444343149662,0.03232400119304657,0.05097244679927826,0.013301225379109383,0.051623132079839706,0.011852585710585117
32,IND,India,2021,-2.1478464603424072,-0.7134883403778076,3.006768226623535,2,-0.5800058245658875,-0.3217161297798157,-0.6757107377052307,-0.24135330319404602,-0.8220545053482056,-0.6072466969490051,-0.24225223064422607,-0.11654838174581528,0.047321680933237076,0.7291154265403748,0.01678149774670601,0.0229635126888752,0.02374444343149662,0.03232400119304657,0.05097244679927826,0.013301225379109383,0.051623132079839706,0.011852585710585117
32,IND,India,2022,-2.8932855129241943,-0.6949305534362793,3.006768226623535,2,-0.5800058245658875,-0.3217161297798157,-0.6757107377052307,-0.24135330319404602,-0.8220545053482056,-0.6072466969490051,-0.24225223064422607,-0.11654838174581528,0.047321680933237076,0.7291154265403748,0.01678149774670601,0.0229635126888752,0.02374444343149662,0.03232400119304657,0.05097244679927826,0.013301225379109383,0.051623132079839706,0.011852585710585117
32,IND,India,2023,-2.182831048965454,-0.6633520126342773,3.006768226623535,2,-0.5800058245658875,-0.3217161297798157,-0.6757107377052307,-0.24135330319404602,-0.8220545053482056,-0.6072466969490051,-0.24225223064422607,-0.11654838174581528,0.047321680933237076,0.7291154265403748,0.01678149774670601,0.0229635126888752,0.02374444343149662,0.03232400119304657,0.05097244679927826,0.013301225379109383,0.051623132079839706,0.011852585710585117
33,IRL,Ireland,2018,-3.2219769954681396,-0.6608728170394897,3.006768226623535,2,1.125100016593933,-0.3217161297798157,0.9071259498596191,-0.24135330319404602,1.2676217555999756,-0.6072466969490051,1.2005521059036255,-0.11654838174581528,0.047321680933237076,0.7291154265403748,0.01678149774670601,0.0229635126888752,0.02374444343149662,0.03232400119304657,0.05097244679927826,0.013301225379109383,0.051623132079839706,0.011852585710585117
33,IRL,Ireland,2019,-3.9652493000030518,-1.0883725881576538,3.006768226623535,2,1.125100016593933,-0.3217161297798157,0.9071259498596191,-0.24135330319404602,1.2676217555999756,-0.6072466969490051,1.2005521059036255,-0.11654838174581528,0.047321680933237076,0.7291154265403748,0.01678149774670601,0.0229635126888752,0.02374444343149662,0.03232400119304657,0.05097244679927826,0.013301225379109383,0.051623132079839706,0.011852585710585117
33,IRL,Ireland,2020,-4.2647223472595215,-1.4099786281585693,3.006768226623535,2,1.125100016593933,-0.3217161297798157,0.9071259498596191,-0.24135330319404602,1.2676217555999756,-0.6072466969490051,1.2005521059036255,-0.11654838174581528,0.047321680933237076,0.7291154265403748,0.01678149774670601,0.0229635126888752,0.02374444343149662,0.03232400119304657,0.05097244679927826,0.013301225379109383,0.051623132079839706,0.011852585710585117
33,IRL,Ireland,2021,-3.373614549636841,-1.638688087463379,3.006768226623535,2,1.125100016593933,-0.3217161297798157,0.9071259498596191,-0.24135330319404602,1.2676217555999756,-0.6072466969490051,1.2005521059036255,-0.11654838174581528,0.047321680933237076,0.7291154265403748,0.01678149774670601,0.0229635126888752,0.02374444343149662,0.03232400119304657,0.05097244679927826,0.013301225379109383,0.051623132079839706,0.011852585710585117
33,IRL,Ireland,2022,-3.6817150115966797,-1.7883548736572266,3.006768226623535,2,1.125100016593933,-0.3217161297798157,0.9071259498596191,-0.24135330319404602,1.2676217555999756,-0.6072466969490051,1.2005521059036255,-0.11654838174581528,0.047321680933237076,0.7291154265403748,0.01678149774670601,0.0229635126888752,0.02374444343149662,0.03232400119304657,0.05097244679927826,0.013301225379109383,0.051623132079839706,0.011852585710585117
33,IRL,Ireland,2023,-4.387845516204834,-1.8851640224456787,3.006768226623535,2,1.125100016593933,-0.3217161297798157,0.9071259498596191,-0.24135330319404602,1.2676217555999756,-0.6072466969490051,1.2005521059036255,-0.11654838174581528,0.047321680933237076,0.7291154265403748,0.01678149774670601,0.0229635126888752,0.02374444343149662,0.03232400119304657,0.05097244679927826,0.013301225379109383,0.051623132079839706,0.011852585710585117
34,IRN,Iran,2018,0.18575511872768402,-0.515833854675293,3.006768226623535,2,-1.425826907157898,-0.3217161297798157,-1.0039883852005005,-0.24135330319404602,-1.918333888053894,-0.6072466969490051,-1.3551583290100098,-0.11654838174581528,0.047321680933237076,0.7291154265403748,0.01678149774670601,0.0229635126888752,0.02374444343149662,0.03232400119304657,0.05097244679927826,0.013301225379109383,0.051623132079839706,0.011852585710585117
34,IRN,Iran,2019,-3.3282368183135986,-0.2818479537963867,3.006768226623535,2,-1.425826907157898,-0.3217161297798157,-1.0039883852005005,-0.24135330319404602,-1.918333888053894,-0.6072466969490051,-1.3551583290100098,-0.11654838174581528,0.047321680933237076,0.7291154265403748,0.01678149774670601,0.0229635126888752,0.02374444343149662,0.03232400119304657,0.05097244679927826,0.013301225379109383,0.051623132079839706,0.011852585710585117
34,IRN,Iran,2020,-1.5740487575531006,-0.22035789489746094,3.006768226623535,2,-1.425826907157898,-0.3217161297798157,-1.0039883852005005,-0.24135330319404602,-1.918333888053894,-0.6072466969490051,-1.3551583290100098,-0.11654838174581528,0.047321680933237076,0.7291154265403748,0.01678149774670601,0.0229635126888752,0.02374444343149662,0.03232400119304657,0.05097244679927826,0.013301225379109383,0.051623132079839706,0.011852585710585117
34,IRN,Iran,2021,0.32263654470443726,-0.2960057258605957,3.006768226623535,2,-1.425826907157898,-0.3217161297798157,-1.0039883852005005,-0.24135330319404602,-1.918333888053894,-0.6072466969490051,-1.3551583290100098,-0.11654838174581528,0.047321680933237076,0.7291154265403748,0.01678149774670601,0.0229635126888752,0.02374444343149662,0.03232400119304657,0.05097244679927826,0.013301225379109383,0.051623132079839706,0.011852585710585117
34,IRN,Iran,2022,0.009564151056110859,-0.17104551196098328,3.006768226623535,2,-1.425826907157898,-0.3217161297798157,-1.0039883852005005,-0.24135330319404602,-1.918333888053894,-0.6072466969490051,-1.3551583290100098,-0.11654838174581528,0.047321680933237076,0.7291154265403748,0.01678149774670601,0.0229635126888752,0.02374444343149662,0.03232400119304657,0.05097244679927826,0.013301225379109383,0.051623132079839706,0.011852585710585117
34,IRN,Iran,2023,-0.9724723696708679,-0.12864568829536438,3.006768226623535,2,-1.425826907157898,-0.3217161297798157,-1.0039883852005005,-0.24135330319404602,-1.918333888053894,-0.6072466969490051,-1.3551583290100098,-0.11654838174581528,0.047321680933237076,0.7291154265403748,0.01678149774670601,0.0229635126888752,0.02374444343149662,0.03232400119304657,0.05097244679927826,0.013301225379109383,0.051623132079839706,0.011852585710585117
35,IRQ,Iraq,2018,1.4125878810882568,-1.1598057746887207,3.006768226623535,2,-2.0568058490753174,-0.3217161297798157,-2.0972113609313965,-0.24135330319404602,-2.079011917114258,-0.6072466969490051,-1.9941946268081665,-0.11654838174581528,0.047321680933237076,0.7291154265403748,0.01678149774670601,0.0229635126888752,0.02374444343149662,0.03232400119304657,0.05097244679927826,0.013301225379109383,0.051623132079839706,0.011852585710585117
35,IRQ,Iraq,2019,1.0280742645263672,-0.8563494682312012,3.006768226623535,2,-2.0568058490753174,-0.3217161297798157,-2.0972113609313965,-0.24135330319404602,-2.079011917114258,-0.6072466969490051,-1.9941946268081665,-0.11654838174581528,0.047321680933237076,0.7291154265403748,0.01678149774670601,0.0229635126888752,0.02374444343149662,0.03232400119304657,0.05097244679927826,0.013301225379109383,0.051623132079839706,0.011852585710585117
35,IRQ,Iraq,2020,1.1829884052276611,-0.6632580757141113,3.006768226623535,2,-2.0568058490753174,-0.3217161297798157,-2.0972113609313965,-0.24135330319404602,-2.079011917114258,-0.6072466969490051,-1.9941946268081665,-0.11654838174581528,0.047321680933237076,0.7291154265403748,0.01678149774670601,0.0229635126888752,0.02374444343149662,0.03232400119304657,0.05097244679927826,0.013301225379109383,0.051623132079839706,0.011852585710585117
35,IRQ,Iraq,2021,1.2868479490280151,-0.4786974787712097,3.006768226623535,2,-2.0568058490753174,-0.3217161297798157,-2.0972113609313965,-0.24135330319404602,-2.079011917114258,-0.6072466969490051,-1.9941946268081665,-0.11654838174581528,0.047321680933237076,0.7291154265403748,0.01678149774670601,0.0229635126888752,0.02374444343149662,0.03232400119304657,0.05097244679927826,0.013301225379109383,0.051623132079839706,0.011852585710585117
35,IRQ,Iraq,2022,1.606886863708496,-0.44105467200279236,3.006768226623535,2,-2.0568058490753174,-0.3217161297798157,-2.0972113609313965,-0.24135330319404602,-2.079011917114258,-0.6072466969490051,-1.9941946268081665,-0.11654838174581528,0.047321680933237076,0.7291154265403748,0.01678149774670601,0.0229635126888752,0.02374444343149662,0.03232400119304657,0.05097244679927826,0.013301225379109383,0.051623132079839706,0.011852585710585117
35,IRQ,Iraq,2023,1.6270170211791992,-0.4589226543903351,3.006768226623535,2,-2.0568058490753174,-0.3217161297798157,-2.0972113609313965,-0.24135330319404602,-2.079011917114258,-0.6072466969490051,-1.9941946268081665,-0.11654838174581528,0.047321680933237076,0.7291154265403748,0.01678149774670601,0.0229635126888752,0.02374444343149662,0.03232400119304657,0.05097244679927826,0.013301225379109383,0.051623132079839706,0.011852585710585117
36,ISL,Iceland,2018,2.5240752696990967,1.8209236860275269,3.006768226623535,2,1.1885734796524048,-0.3217161297798157,1.2342337369918823,-0.24135330319404602,0.9549963474273682,-0.6072466969490051,1.376490592956543,-0.11654838174581528,0.047321680933237076,0.7291154265403748,0.01678149774670601,0.0229635126888752,0.02374444343149662,0.03232400119304657,0.05097244679927826,0.013301225379109383,0.051623132079839706,0.011852585710585117
36,ISL,Iceland,2019,2.4789857864379883,1.6277401447296143,3.006768226623535,2,1.1885734796524048,-0.3217161297798157,1.2342337369918823,-0.24135330319404602,0.9549963474273682,-0.6072466969490051,1.376490592956543,-0.11654838174581528,0.047321680933237076,0.7291154265403748,0.01678149774670601,0.0229635126888752,0.02374444343149662,0.03232400119304657,0.05097244679927826,0.013301225379109383,0.051623132079839706,0.011852585710585117
36,ISL,Iceland,2020,1.9529410600662231,1.484325647354126,3.006768226623535,2,1.1885734796524048,-0.3217161297798157,1.2342337369918823,-0.24135330319404602,0.9549963474273682,-0.6072466969490051,1.376490592956543,-0.11654838174581528,0.047321680933237076,0.7291154265403748,0.01678149774670601,0.0229635126888752,0.02374444343149662,0.03232400119304657,0.05097244679927826,0.013301225379109383,0.051623132079839706,0.011852585710585117
36,ISL,Iceland,2021,1.6373142004013062,1.4074296951293945,3.006768226623535,2,1.1885734796524048,-0.3217161297798157,1.2342337369918823,-0.24135330319404602,0.9549963474273682,-0.6072466969490051,1.376490592956543,-0.11654838174581528,0.047321680933237076,0.7291154265403748,0.01678149774670601,0.0229635126888752,0.02374444343149662,0.03232400119304657,0.05097244679927826,0.013301225379109383,0.051623132079839706,0.011852585710585117
36,ISL,Iceland,2022,1.38180673122406,1.359138011932373,3.006768226623535,2,1.1885734796524048,-0.3217161297798157,1.2342337369918823,-0.24135330319404602,0.9549963474273682,-0.6072466969490051,1.376490592956543,-0.11654838174581528,0.047321680933237076,0.7291154265403748,0.01678149774670601,0.0229635126888752,0.02374444343149662,0.03232400119304657,0.05097244679927826,0.013301225379109383,0.051623132079839706,0.011852585710585117
36,ISL,Iceland,2023,2.3587470054626465,1.2970083951950073,3.006768226623535,2,1.1885734796524048,-0.3217161297798157,1.2342337369918823,-0.24135330319404602,0.9549963474273682,-0.6072466969490051,1.376490592956543,-0.11654838174581528,0.047321680933237076,0.7291154265403748,0.01678149774670601,0.0229635126888752,0.02374444343149662,0.03232400119304657,0.05097244679927826,0.013301225379109383,0.051623132079839706,0.011852585710585117
37,ISR,Israel,2018,-6.285995006561279,-0.4003264904022217,3.006768226623535,2,0.6414921283721924,-0.3217161297798157,0.9020118117332458,-0.24135330319404602,0.48677289485931396,-0.6072466969490051,0.5356917977333069,-0.11654838174581528,0.047321680933237076,0.7291154265403748,0.01678149774670601,0.0229635126888752,0.02374444343149662,0.03232400119304657,0.05097244679927826,0.013301225379109383,0.051623132079839706,0.011852585710585117
37,ISR,Israel,2019,-6.490711212158203,-0.5605926513671875,3.006768226623535,2,0.6414921283721924,-0.3217161297798157,0.9020118117332458,-0.24135330319404602,0.48677289485931396,-0.6072466969490051,0.5356917977333069,-0.11654838174581528,0.047321680933237076,0.7291154265403748,0.01678149774670601,0.0229635126888752,0.02374444343149662,0.03232400119304657,0.05097244679927826,0.013301225379109383,0.051623132079839706,0.011852585710585117
37,ISR,Israel,2020,-7.341547966003418,-0.7094161510467529,3.006768226623535,2,0.6414921283721924,-0.3217161297798157,0.9020118117332458,-0.24135330319404602,0.48677289485931396,-0.6072466969490051,0.5356917977333069,-0.11654838174581528,0.047321680933237076,0.7291154265403748,0.01678149774670601,0.0229635126888752,0.02374444343149662,0.03232400119304657,0.05097244679927826,0.013301225379109383,0.051623132079839706,0.011852585710585117
37,ISR,Israel,2021,-8.057387351989746,-0.8362338542938232,3.006768226623535,2,0.6414921283721924,-0.3217161297798157,0.9020118117332458,-0.24135330319404602,0.48677289485931396,-0.6072466969490051,0.5356917977333069,-0.11654838174581528,0.047321680933237076,0.7291154265403748,0.01678149774670601,0.0229635126888752,0.02374444343149662,0.03232400119304657,0.05097244679927826,0.013301225379109383,0.051623132079839706,0.011852585710585117
37,ISR,Israel,2022,-8.405094146728516,-0.9346189498901367,3.006768226623535,2,0.6414921283721924,-0.3217161297798157,0.9020118117332458,-0.24135330319404602,0.48677289485931396,-0.6072466969490051,0.5356917977333069,-0.11654838174581528,0.047321680933237076,0.7291154265403748,0.01678149774670601,0.0229635126888752,0.02374444343149662,0.03232400119304657,0.05097244679927826,0.013301225379109383,0.051623132079839706,0.011852585710585117
37,ISR,Israel,2023,-9.675131797790527,-1.0074892044067383,3.006768226623535,2,0.6414921283721924,-0.3217161297798157,0.9020118117332458,-0.24135330319404602,0.48677289485931396,-0.6072466969490051,0.5356917977333069,-0.11654838174581528,0.047321680933237076,0.7291154265403748,0.01678149774670601,0.0229635126888752,0.02374444343149662,0.03232400119304657,0.05097244679927826,0.013301225379109383,0.051623132079839706,0.011852585710585117
38,ITA,Italy,2018,-5.143430233001709,-1.1582493782043457,3.006768226623535,2,0.23468120396137238,-0.3217161297798157,0.07437334209680557,-0.24135330319404602,0.34910762310028076,-0.6072466969490051,0.28056269884109497,-0.11654838174581528,0.047321680933237076,0.7291154265403748,0.01678149774670601,0.0229635126888752,0.02374444343149662,0.03232400119304657,0.05097244679927826,0.013301225379109383,0.051623132079839706,0.011852585710585117
38,ITA,Italy,2019,-5.74995231628418,-1.3199844360351562,3.006768226623535,2,0.23468120396137238,-0.3217161297798157,0.07437334209680557,-0.24135330319404602,0.34910762310028076,-0.6072466969490051,0.28056269884109497,-0.11654838174581528,0.047321680933237076,0.7291154265403748,0.01678149774670601,0.0229635126888752,0.02374444343149662,0.03232400119304657,0.05097244679927826,0.013301225379109383,0.051623132079839706,0.011852585710585117
38,ITA,Italy,2020,-6.417283058166504,-1.4815869331359863,3.006768226623535,2,0.23468120396137238,-0.3217161297798157,0.07437334209680557,-0.24135330319404602,0.34910762310028076,-0.6072466969490051,0.28056269884109497,-0.11654838174581528,0.047321680933237076,0.7291154265403748,0.01678149774670601,0.0229635126888752,0.02374444343149662,0.03232400119304657,0.05097244679927826,0.013301225379109383,0.051623132079839706,0.011852585710585117
38,ITA,Italy,2021,-6.226283073425293,-1.6104317903518677,3.006768226623535,2,0.23468120396137238,-0.3217161297798157,0.07437334209680557,-0.24135330319404602,0.34910762310028076,-0.6072466969490051,0.28056269884109497,-0.11654838174581528,0.047321680933237076,0.7291154265403748,0.01678149774670601,0.0229635126888752,0.02374444343149662,0.03232400119304657,0.05097244679927826,0.013301225379109383,0.051623132079839706,0.011852585710585117
38,ITA,Italy,2022,-4.716213703155518,-1.7117044925689697,3.006768226623535,2,0.23468120396137238,-0.3217161297798157,0.07437334209680557,-0.24135330319404602,0.34910762310028076,-0.6072466969490051,0.28056269884109497,-0.11654838174581528,0.047321680933237076,0.7291154265403748,0.01678149774670601,0.0229635126888752,0.02374444343149662,0.03232400119304657,0.05097244679927826,0.013301225379109383,0.051623132079839706,0.011852585710585117
38,ITA,Italy,2023,-6.842550277709961,-1.7768532037734985,3.006768226623535,2,0.23468120396137238,-0.3217161297798157,0.07437334209680557,-0.24135330319404602,0.34910762310028076,-0.6072466969490051,0.28056269884109497,-0.11654838174581528,0.047321680933237076,0.7291154265403748,0.01678149774670601,0.0229635126888752,0.02374444343149662,0.03232400119304657,0.05097244679927826,0.013301225379109383,0.051623132079839706,0.011852585710585117
39,JPN,Japan,2018,3.7277371883392334,0.9192526340484619,3.006768226623535,2,0.7284886837005615,-0.3217161297798157,0.8470459580421448,-0.24135330319404602,0.45311596989631653,-0.6072466969490051,0.8853041529655457,-0.11654838174581528,0.047321680933237076,0.7291154265403748,0.01678149774670601,0.0229635126888752,0.02374444343149662,0.03232400119304657,0.05097244679927826,0.013301225379109383,0.051623132079839706,0.011852585710585117
39,JPN,Japan,2019,3.204775810241699,0.8565667867660522,3.006768226623535,2,0.7284886837005615,-0.3217161297798157,0.8470459580421448,-0.24135330319404602,0.45311596989631653,-0.6072466969490051,0.8853041529655457,-0.11654838174581528,0.047321680933237076,0.7291154265403748,0.01678149774670601,0.0229635126888752,0.02374444343149662,0.03232400119304657,0.05097244679927826,0.013301225379109383,0.051623132079839706,0.011852585710585117
39,JPN,Japan,2020,3.1749613285064697,0.7807258367538452,3.006768226623535,2,0.7284886837005615,-0.3217161297798157,0.8470459580421448,-0.24135330319404602,0.45311596989631653,-0.6072466969490051,0.8853041529655457,-0.11654838174581528,0.047321680933237076,0.7291154265403748,0.01678149774670601,0.0229635126888752,0.02374444343149662,0.03232400119304657,0.05097244679927826,0.013301225379109383,0.051623132079839706,0.011852585710585117
39,JPN,Japan,2021,2.640718698501587,0.721885085105896,3.006768226623535,2,0.7284886837005615,-0.3217161297798157,0.8470459580421448,-0.24135330319404602,0.45311596989631653,-0.6072466969490051,0.8853041529655457,-0.11654838174581528,0.047321680933237076,0.7291154265403748,0.01678149774670601,0.0229635126888752,0.02374444343149662,0.03232400119304657,0.05097244679927826,0.013301225379109383,0.051623132079839706,0.011852585710585117
39,JPN,Japan,2022,2.846599578857422,0.6693724393844604,3.006768226623535,2,0.7284886837005615,-0.3217161297798157,0.8470459580421448,-0.24135330319404602,0.45311596989631653,-0.6072466969490051,0.8853041529655457,-0.11654838174581528,0.047321680933237076,0.7291154265403748,0.01678149774670601,0.0229635126888752,0.02374444343149662,0.03232400119304657,0.05097244679927826,0.013301225379109383,0.051623132079839706,0.011852585710585117
39,JPN,Japan,2023,1.7527316808700562,0.6356104612350464,3.006768226623535,2,0.7284886837005615,-0.3217161297798157,0.8470459580421448,-0.24135330319404602,0.45311596989631653,-0.6072466969490051,0.8853041529655457,-0.11654838174581528,0.047321680933237076,0.7291154265403748,0.01678149774670601,0.0229635126888752,0.02374444343149662,0.03232400119304657,0.05097244679927826,0.013301225379109383,0.051623132079839706,0.011852585710585117
40,KAZ,Kazakhstan,2018,1.5828030109405518,0.5850603580474854,3.006768226623535,2,-1.2722676992416382,-0.3217161297798157,-1.3743125200271606,-0.24135330319404602,-1.0817227363586426,-0.6072466969490051,-1.3607680797576904,-0.11654838174581528,0.047321680933237076,0.7291154265403748,0.01678149774670601,0.0229635126888752,0.02374444343149662,0.03232400119304657,0.05097244679927826,0.013301225379109383,0.051623132079839706,0.011852585710585117
40,KAZ,Kazakhstan,2019,1.5101414918899536,0.7987657785415649,3.006768226623535,2,-1.2722676992416382,-0.3217161297798157,-1.3743125200271606,-0.24135330319404602,-1.0817227363586426,-0.6072466969490051,-1.3607680797576904,-0.11654838174581528,0.047321680933237076,0.7291154265403748,0.01678149774670601,0.0229635126888752,0.02374444343149662,0.03232400119304657,0.05097244679927826,0.013301225379109383,0.051623132079839706,0.011852585710585117
40,KAZ,Kazakhstan,2020,1.363572597503662,0.858242392539978,3.006768226623535,2,-1.2722676992416382,-0.3217161297798157,-1.3743125200271606,-0.24135330319404602,-1.0817227363586426,-0.6072466969490051,-1.3607680797576904,-0.11654838174581528,0.047321680933237076,0.7291154265403748,0.01678149774670601,0.0229635126888752,0.02374444343149662,0.03232400119304657,0.05097244679927826,0.013301225379109383,0.051623132079839706,0.011852585710585117
40,KAZ,Kazakhstan,2021,1.2543725967407227,0.8898351192474365,3.006768226623535,2,-1.2722676992416382,-0.3217161297798157,-1.3743125200271606,-0.24135330319404602,-1.0817227363586426,-0.6072466969490051,-1.3607680797576904,-0.11654838174581528,0.047321680933237076,0.7291154265403748,0.01678149774670601,0.0229635126888752,0.02374444343149662,0.03232400119304657,0.05097244679927826,0.013301225379109383,0.051623132079839706,0.011852585710585117
40,KAZ,Kazakhstan,2022,1.1613658666610718,0.9564864635467529,3.006768226623535,2,-1.2722676992416382,-0.3217161297798157,-1.3743125200271606,-0.24135330319404602,-1.0817227363586426,-0.6072466969490051,-1.3607680797576904,-0.11654838174581528,0.047321680933237076,0.7291154265403748,0.01678149774670601,0.0229635126888752,0.02374444343149662,0.03232400119304657,0.05097244679927826,0.013301225379109383,0.051623132079839706,0.011852585710585117
40,KAZ,Kazakhstan,2023,0.9807498455047607,0.9199259281158447,3.006768226623535,2,-1.2722676992416382,-0.3217161297798157,-1.3743125200271606,-0.24135330319404602,-1.0817227363586426,-0.6072466969490051,-1.3607680797576904,-0.11654838174581528,0.047321680933237076,0.7291154265403748,0.01678149774670601,0.0229635126888752,0.02374444343149662,0.03232400119304657,0.05097244679927826,0.013301225379109383,0.051623132079839706,0.011852585710585117
41,KOR,South Korea,2018,3.200753688812256,0.8486131429672241,3.006768226623535,2,0.34772443771362305,-0.3217161297798157,0.4346860945224762,-0.24135330319404602,0.1522836983203888,-0.6072466969490051,0.45620352029800415,-0.11654838174581528,0.047321680933237076,0.7291154265403748,0.01678149774670601,0.0229635126888752,0.02374444343149662,0.03232400119304657,0.05097244679927826,0.013301225379109383,0.051623132079839706,0.011852585710585117
41,KOR,South Korea,2019,1.7671101093292236,0.9047338962554932,3.006768226623535,2,0.34772443771362305,-0.3217161297798157,0.4346860945224762,-0.24135330319404602,0.1522836983203888,-0.6072466969490051,0.45620352029800415,-0.11654838174581528,0.047321680933237076,0.7291154265403748,0.01678149774670601,0.0229635126888752,0.02374444343149662,0.03232400119304657,0.05097244679927826,0.013301225379109383,0.051623132079839706,0.011852585710585117
41,KOR,South Korea,2020,-0.8152863383293152,0.8971710205078125,3.006768226623535,2,0.34772443771362305,-0.3217161297798157,0.4346860945224762,-0.24135330319404602,0.1522836983203888,-0.6072466969490051,0.45620352029800415,-0.11654838174581528,0.047321680933237076,0.7291154265403748,0.01678149774670601,0.0229635126888752,0.02374444343149662,0.03232400119304657,0.05097244679927826,0.013301225379109383,0.051623132079839706,0.011852585710585117
41,KOR,South Korea,2021,-0.6951596140861511,0.8816133737564087,3.006768226623535,2,0.34772443771362305,-0.3217161297798157,0.4346860945224762,-0.24135330319404602,0.1522836983203888,-0.6072466969490051,0.45620352029800415,-0.11654838174581528,0.047321680933237076,0.7291154265403748,0.01678149774670601,0.0229635126888752,0.02374444343149662,0.03232400119304657,0.05097244679927826,0.013301225379109383,0.051623132079839706,0.011852585710585117
41,KOR,South Korea,2022,-2.0999202728271484,0.8650403022766113,3.006768226623535,2,0.34772443771362305,-0.3217161297798157,0.4346860945224762,-0.24135330319404602,0.1522836983203888,-0.6072466969490051,0.45620352029800415,-0.11654838174581528,0.047321680933237076,0.7291154265403748,0.01678149774670601,0.0229635126888752,0.02374444343149662,0.03232400119304657,0.05097244679927826,0.013301225379109383,0.051623132079839706,0.011852585710585117
41,KOR,South Korea,2023,-2.8068954944610596,0.853736400604248,3.006768226623535,2,0.34772443771362305,-0.3217161297798157,0.4346860945224762,-0.24135330319404602,0.1522836983203888,-0.6072466969490051,0.45620352029800415,-0.11654838174581528,0.047321680933237076,0.7291154265403748,0.01678149774670601,0.0229635126888752,0.02374444343149662,0.03232400119304657,0.05097244679927826,0.013301225379109383,0.051623132079839706,0.011852585710585117
42,KWT,Kuwait,2018,-6.3546881675720215,-0.035600095987319946,3.006768226623535,2,-0.23261572420597076,-0.3217161297798157,-0.458217591047287,-0.24135330319404602,-0.3800378143787384,-0.6072466969490051,0.1404082179069519,-0.11654838174581528,0.047321680933237076,0.7291154265403748,0.01678149774670601,0.0229635126888752,0.02374444343149662,0.03232400119304657,0.05097244679927826,0.013301225379109383,0.051623132079839706,0.011852585710585117
42,KWT,Kuwait,2019,-7.2538886070251465,-0.40359577536582947,3.006768226623535,2,-0.23261572420597076,-0.3217161297798157,-0.458217591047287,-0.24135330319404602,-0.3800378143787384,-0.6072466969490051,0.1404082179069519,-0.11654838174581528,0.047321680933237076,0.7291154265403748,0.01678149774670601,0.0229635126888752,0.02374444343149662,0.03232400119304657,0.05097244679927826,0.013301225379109383,0.051623132079839706,0.011852585710585117
42,KWT,Kuwait,2020,-6.158499240875244,-0.7029986381530762,3.006768226623535,2,-0.23261572420597076,-0.3217161297798157,-0.458217591047287,-0.24135330319404602,-0.3800378143787384,-0.6072466969490051,0.1404082179069519,-0.11654838174581528,0.047321680933237076,0.7291154265403748,0.01678149774670601,0.0229635126888752,0.02374444343149662,0.03232400119304657,0.05097244679927826,0.013301225379109383,0.051623132079839706,0.011852585710585117
42,KWT,Kuwait,2021,-7.0740485191345215,-0.9350086450576782,3.006768226623535,2,-0.23261572420597076,-0.3217161297798157,-0.458217591047287,-0.24135330319404602,-0.3800378143787384,-0.6072466969490051,0.1404082179069519,-0.11654838174581528,0.047321680933237076,0.7291154265403748,0.01678149774670601,0.0229635126888752,0.02374444343149662,0.03232400119304657,0.05097244679927826,0.013301225379109383,0.051623132079839706,0.011852585710585117
42,KWT,Kuwait,2022,-27.902793884277344,-1.096362829208374,3.006768226623535,2,-0.23261572420597076,-0.3217161297798157,-0.458217591047287,-0.24135330319404602,-0.3800378143787384,-0.6072466969490051,0.1404082179069519,-0.11654838174581528,0.047321680933237076,0.7291154265403748,0.01678149774670601,0.0229635126888752,0.02374444343149662,0.03232400119304657,0.05097244679927826,0.013301225379109383,0.051623132079839706,0.011852585710585117
42,KWT,Kuwait,2023,-27.870094299316406,-1.2024935483932495,3.006768226623535,2,-0.23261572420597076,-0.3217161297798157,-0.458217591047287,-0.24135330319404602,-0.3800378143787384,-0.6072466969490051,0.1404082179069519,-0.11654838174581528,0.047321680933237076,0.7291154265403748,0.01678149774670601,0.0229635126888752,0.02374444343149662,0.03232400119304657,0.05097244679927826,0.013301225379109383,0.051623132079839706,0.011852585710585117
43,LKA,Sri Lanka,2018,2.3601856231689453,0.021564438939094543,3.006768226623535,2,-0.550111711025238,-0.3217161297798157,-0.720518171787262,-0.24135330319404602,-0.5627866387367249,-0.6072466969490051,-0.36703041195869446,-0.11654838174581528,0.047321680933237076,0.7291154265403748,0.01678149774670601,0.0229635126888752,0.02374444343149662,0.03232400119304657,0.05097244679927826,0.013301225379109383,0.051623132079839706,0.011852585710585117
43,LKA,Sri Lanka,2019,4.711722373962402,0.20098291337490082,3.006768226623535,2,-0.550111711025238,-0.3217161297798157,-0.720518171787262,-0.24135330319404602,-0.5627866387367249,-0.6072466969490051,-0.36703041195869446,-0.11654838174581528,0.047321680933237076,0.7291154265403748,0.01678149774670601,0.0229635126888752,0.02374444343149662,0.03232400119304657,0.05097244679927826,0.013301225379109383,0.051623132079839706,0.011852585710585117
43,LKA,Sri Lanka,2020,4.523720741271973,0.3308243155479431,3.006768226623535,2,-0.550111711025238,-0.3217161297798157,-0.720518171787262,-0.24135330319404602,-0.5627866387367249,-0.6072466969490051,-0.36703041195869446,-0.11654838174581528,0.047321680933237076,0.7291154265403748,0.01678149774670601,0.0229635126888752,0.02374444343149662,0.03232400119304657,0.05097244679927826,0.013301225379109383,0.051623132079839706,0.011852585710585117
43,LKA,Sri Lanka,2021,1.3256715536117554,0.2559131681919098,3.006768226623535,2,-0.550111711025238,-0.3217161297798157,-0.720518171787262,-0.24135330319404602,-0.5627866387367249,-0.6072466969490051,-0.36703041195869446,-0.11654838174581528,0.047321680933237076,0.7291154265403748,0.01678149774670601,0.0229635126888752,0.02374444343149662,0.03232400119304657,0.05097244679927826,0.013301225379109383,0.051623132079839706,0.011852585710585117
43,LKA,Sri Lanka,2022,4.413687705993652,0.2513085901737213,3.006768226623535,2,-0.550111711025238,-0.3217161297798157,-0.720518171787262,-0.24135330319404602,-0.5627866387367249,-0.6072466969490051,-0.36703041195869446,-0.11654838174581528,0.047321680933237076,0.7291154265403748,0.01678149774670601,0.0229635126888752,0.02374444343149662,0.03232400119304657,0.05097244679927826,0.013301225379109383,0.051623132079839706,0.011852585710585117
43,LKA,Sri Lanka,2023,4.413687705993652,-0.15006843209266663,3.006768226623535,2,-0.550111711025238,-0.3217161297798157,-0.720518171787262,-0.24135330319404602,-0.5627866387367249,-0.6072466969490051,-0.36703041195869446,-0.11654838174581528,0.047321680933237076,0.7291154265403748,0.01678149774670601,0.0229635126888752,0.02374444343149662,0.03232400119304657,0.05097244679927826,0.013301225379109383,0.051623132079839706,0.011852585710585117
44,LTU,Lithuania,2018,0.5927717685699463,1.3346233367919922,3.006768226623535,2,0.11791292577981949,-0.3217161297798157,-0.0774189680814743,-0.24135330319404602,0.3881412148475647,-0.6072466969490051,0.043016545474529266,-0.11654838174581528,0.047321680933237076,0.7291154265403748,0.01678149774670601,0.0229635126888752,0.02374444343149662,0.03232400119304657,0.05097244679927826,0.013301225379109383,0.051623132079839706,0.011852585710585117
44,LTU,Lithuania,2019,0.5042790174484253,1.4098378419876099,3.006768226623535,2,0.11791292577981949,-0.3217161297798157,-0.0774189680814743,-0.24135330319404602,0.3881412148475647,-0.6072466969490051,0.043016545474529266,-0.11654838174581528,0.047321680933237076,0.7291154265403748,0.01678149774670601,0.0229635126888752,0.02374444343149662,0.03232400119304657,0.05097244679927826,0.013301225379109383,0.051623132079839706,0.011852585710585117
44,LTU,Lithuania,2020,1.2348809242248535,1.460188865661621,3.006768226623535,2,0.11791292577981949,-0.3217161297798157,-0.0774189680814743,-0.24135330319404602,0.3881412148475647,-0.6072466969490051,0.043016545474529266,-0.11654838174581528,0.047321680933237076,0.7291154265403748,0.01678149774670601,0.0229635126888752,0.02374444343149662,0.03232400119304657,0.05097244679927826,0.013301225379109383,0.051623132079839706,0.011852585710585117
44,LTU,Lithuania,2021,1.103811502456665,1.476567029953003,3.006768226623535,2,0.11791292577981949,-0.3217161297798157,-0.0774189680814743,-0.24135330319404602,0.3881412148475647,-0.6072466969490051,0.043016545474529266,-0.11654838174581528,0.047321680933237076,0.7291154265403748,0.01678149774670601,0.0229635126888752,0.02374444343149662,0.03232400119304657,0.05097244679927826,0.013301225379109383,0.051623132079839706,0.011852585710585117
44,LTU,Lithuania,2022,0.6238992810249329,1.4821481704711914,3.006768226623535,2,0.11791292577981949,-0.3217161297798157,-0.0774189680814743,-0.24135330319404602,0.3881412148475647,-0.6072466969490051,0.043016545474529266,-0.11654838174581528,0.047321680933237076,0.7291154265403748,0.01678149774670601,0.0229635126888752,0.02374444343149662,0.03232400119304657,0.05097244679927826,0.013301225379109383,0.051623132079839706,0.011852585710585117
44,LTU,Lithuania,2023,-0.08893253654241562,1.4862620830535889,3.006768226623535,2,0.11791292577981949,-0.3217161297798157,-0.0774189680814743,-0.24135330319404602,0.3881412148475647,-0.6072466969490051,0.043016545474529266,-0.11654838174581528,0.047321680933237076,0.7291154265403748,0.01678149774670601,0.0229635126888752,0.02374444343149662,0.03232400119304657,0.05097244679927826,0.013301225379109383,0.051623132079839706,0.011852585710585117
45,LUX,Luxembourg,2018,-2.6616039276123047,1.1083252429962158,3.006768226623535,2,1.3627294301986694,-0.3217161297798157,1.4299343824386597,-0.24135330319404602,1.3163741827011108,-0.6072466969490051,1.3418793678283691,-0.11654838174581528,0.047321680933237076,0.7291154265403748,0.01678149774670601,0.0229635126888752,0.02374444343149662,0.03232400119304657,0.05097244679927826,0.013301225379109383,0.051623132079839706,0.011852585710585117
45,LUX,Luxembourg,2019,-3.0985145568847656,0.7718268632888794,3.006768226623535,2,1.3627294301986694,-0.3217161297798157,1.4299343824386597,-0.24135330319404602,1.3163741827011108,-0.6072466969490051,1.3418793678283691,-0.11654838174581528,0.047321680933237076,0.7291154265403748,0.01678149774670601,0.0229635126888752,0.02374444343149662,0.03232400119304657,0.05097244679927826,0.013301225379109383,0.051623132079839706,0.011852585710585117
45,LUX,Luxembourg,2020,-3.1957318782806396,0.533205509185791,3.006768226623535,2,1.3627294301986694,-0.3217161297798157,1.4299343824386597,-0.24135330319404602,1.3163741827011108,-0.6072466969490051,1.3418793678283691,-0.11654838174581528,0.047321680933237076,0.7291154265403748,0.01678149774670601,0.0229635126888752,0.02374444343149662,0.03232400119304657,0.05097244679927826,0.013301225379109383,0.051623132079839706,0.011852585710585117
45,LUX,Luxembourg,2021,-3.2258713245391846,0.35373178124427795,3.006768226623535,2,1.3627294301986694,-0.3217161297798157,1.4299343824386597,-0.24135330319404602,1.3163741827011108,-0.6072466969490051,1.3418793678283691,-0.11654838174581528,0.047321680933237076,0.7291154265403748,0.01678149774670601,0.0229635126888752,0.02374444343149662,0.03232400119304657,0.05097244679927826,0.013301225379109383,0.051623132079839706,0.011852585710585117
45,LUX,Luxembourg,2022,-3.72668719291687,0.22586968541145325,3.006768226623535,2,1.3627294301986694,-0.3217161297798157,1.4299343824386597,-0.24135330319404602,1.3163741827011108,-0.6072466969490051,1.3418793678283691,-0.11654838174581528,0.047321680933237076,0.7291154265403748,0.01678149774670601,0.0229635126888752,0.02374444343149662,0.03232400119304657,0.05097244679927826,0.013301225379109383,0.051623132079839706,0.011852585710585117
45,LUX,Luxembourg,2023,-4.158839225769043,0.13580277562141418,3.006768226623535,2,1.3627294301986694,-0.3217161297798157,1.4299343824386597,-0.24135330319404602,1.3163741827011108,-0.6072466969490051,1.3418793678283691,-0.11654838174581528,0.047321680933237076,0.7291154265403748,0.01678149774670601,0.0229635126888752,0.02374444343149662,0.03232400119304657,0.05097244679927826,0.013301225379109383,0.051623132079839706,0.011852585710585117
46,LVA,Latvia,2018,2.136277437210083,0.7464262247085571,3.006768226623535,2,0.05672547221183777,-0.3217161297798157,-0.19147229194641113,-0.24135330319404602,0.368137001991272,-0.6072466969490051,-0.006488294806331396,-0.11654838174581528,0.047321680933237076,0.7291154265403748,0.01678149774670601,0.0229635126888752,0.02374444343149662,0.03232400119304657,0.05097244679927826,0.013301225379109383,0.051623132079839706,0.011852585710585117
46,LVA,Latvia,2019,2.451484441757202,0.5475984811782837,3.006768226623535,2,0.05672547221183777,-0.3217161297798157,-0.19147229194641113,-0.24135330319404602,0.368137001991272,-0.6072466969490051,-0.006488294806331396,-0.11654838174581528,0.047321680933237076,0.7291154265403748,0.01678149774670601,0.0229635126888752,0.02374444343149662,0.03232400119304657,0.05097244679927826,0.013301225379109383,0.051623132079839706,0.011852585710585117
46,LVA,Latvia,2020,0.5582294464111328,0.5702993869781494,3.006768226623535,2,0.05672547221183777,-0.3217161297798157,-0.19147229194641113,-0.24135330319404602,0.368137001991272,-0.6072466969490051,-0.006488294806331396,-0.11654838174581528,0.047321680933237076,0.7291154265403748,0.01678149774670601,0.0229635126888752,0.02374444343149662,0.03232400119304657,0.05097244679927826,0.013301225379109383,0.051623132079839706,0.011852585710585117
46,LVA,Latvia,2021,0.538101315498352,0.440745085477829,3.006768226623535,2,0.05672547221183777,-0.3217161297798157,-0.19147229194641113,-0.24135330319404602,0.368137001991272,-0.6072466969490051,-0.006488294806331396,-0.11654838174581528,0.047321680933237076,0.7291154265403748,0.01678149774670601,0.0229635126888752,0.02374444343149662,0.03232400119304657,0.05097244679927826,0.013301225379109383,0.051623132079839706,0.011852585710585117
46,LVA,Latvia,2022,-1.1075773239135742,0.406088262796402,3.006768226623535,2,0.05672547221183777,-0.3217161297798157,-0.19147229194641113,-0.24135330319404602,0.368137001991272,-0.6072466969490051,-0.006488294806331396,-0.11654838174581528,0.047321680933237076,0.7291154265403748,0.01678149774670601,0.0229635126888752,0.02374444343149662,0.03232400119304657,0.05097244679927826,0.013301225379109383,0.051623132079839706,0.011852585710585117
46,LVA,Latvia,2023,-1.7468478679656982,0.3962886929512024,3.006768226623535,2,0.05672547221183777,-0.3217161297798157,-0.19147229194641113,-0.24135330319404602,0.368137001991272,-0.6072466969490051,-0.006488294806331396,-0.11654838174581528,0.047321680933237076,0.7291154265403748,0.01678149774670601,0.0229635126888752,0.02374444343149662,0.03232400119304657,0.05097244679927826,0.013301225379109383,0.051623132079839706,0.011852585710585117
47,MAR,Morocco,2018,-2.0527760982513428,-0.9811321496963501,3.006768226623535,2,-0.5677001476287842,-0.3217161297798157,-0.5921026468276978,-0.24135330319404602,-0.603592574596405,-0.6072466969490051,-0.5074053406715393,-0.11654838174581528,0.047321680933237076,0.7291154265403748,0.01678149774670601,0.0229635126888752,0.02374444343149662,0.03232400119304657,0.05097244679927826,0.013301225379109383,0.051623132079839706,0.011852585710585117
47,MAR,Morocco,2019,-1.840488076210022,-0.8036112785339355,3.006768226623535,2,-0.5677001476287842,-0.3217161297798157,-0.5921026468276978,-0.24135330319404602,-0.603592574596405,-0.6072466969490051,-0.5074053406715393,-0.11654838174581528,0.047321680933237076,0.7291154265403748,0.01678149774670601,0.0229635126888752,0.02374444343149662,0.03232400119304657,0.05097244679927826,0.013301225379109383,0.051623132079839706,0.011852585710585117
47,MAR,Morocco,2020,-1.5523828268051147,-0.827357292175293,3.006768226623535,2,-0.5677001476287842,-0.3217161297798157,-0.5921026468276978,-0.24135330319404602,-0.603592574596405,-0.6072466969490051,-0.5074053406715393,-0.11654838174581528,0.047321680933237076,0.7291154265403748,0.01678149774670601,0.0229635126888752,0.02374444343149662,0.03232400119304657,0.05097244679927826,0.013301225379109383,0.051623132079839706,0.011852585710585117
47,MAR,Morocco,2021,-1.670159101486206,-0.8263058662414551,3.006768226623535,2,-0.5677001476287842,-0.3217161297798157,-0.5921026468276978,-0.24135330319404602,-0.603592574596405,-0.6072466969490051,-0.5074053406715393,-0.11654838174581528,0.047321680933237076,0.7291154265403748,0.01678149774670601,0.0229635126888752,0.02374444343149662,0.03232400119304657,0.05097244679927826,0.013301225379109383,0.051623132079839706,0.011852585710585117
47,MAR,Morocco,2022,-1.1988462209701538,-0.800700306892395,3.006768226623535,2,-0.5677001476287842,-0.3217161297798157,-0.5921026468276978,-0.24135330319404602,-0.603592574596405,-0.6072466969490051,-0.5074053406715393,-0.11654838174581528,0.047321680933237076,0.7291154265403748,0.01678149774670601,0.0229635126888752,0.02374444343149662,0.03232400119304657,0.05097244679927826,0.013301225379109383,0.051623132079839706,0.011852585710585117
47,MAR,Morocco,2023,-2.160374164581299,-0.7914557456970215,3.006768226623535,2,-0.5677001476287842,-0.3217161297798157,-0.5921026468276978,-0.24135330319404602,-0.603592574596405,-0.6072466969490051,-0.5074053406715393,-0.11654838174581528,0.047321680933237076,0.7291154265403748,0.01678149774670601,0.0229635126888752,0.02374444343149662,0.03232400119304657,0.05097244679927826,0.013301225379109383,0.051623132079839706,0.011852585710585117
48,MEX,Mexico,2018,-1.2096426486968994,0.22022581100463867,3.006768226623535,2,-0.4911726713180542,-0.3217161297798157,-0.5113726854324341,-0.24135330319404602,-0.13761571049690247,-0.6072466969490051,-0.8245296478271484,-0.11654838174581528,0.047321680933237076,0.7291154265403748,0.01678149774670601,0.0229635126888752,0.02374444343149662,0.03232400119304657,0.05097244679927826,0.013301225379109383,0.051623132079839706,0.011852585710585117
48,MEX,Mexico,2019,-1.0846872329711914,0.2947942912578583,3.006768226623535,2,-0.4911726713180542,-0.3217161297798157,-0.5113726854324341,-0.24135330319404602,-0.13761571049690247,-0.6072466969490051,-0.8245296478271484,-0.11654838174581528,0.047321680933237076,0.7291154265403748,0.01678149774670601,0.0229635126888752,0.02374444343149662,0.03232400119304657,0.05097244679927826,0.013301225379109383,0.051623132079839706,0.011852585710585117
48,MEX,Mexico,2020,-3.962113618850708,0.11446887254714966,3.006768226623535,2,-0.4911726713180542,-0.3217161297798157,-0.5113726854324341,-0.24135330319404602,-0.13761571049690247,-0.6072466969490051,-0.8245296478271484,-0.11654838174581528,0.047321680933237076,0.7291154265403748,0.01678149774670601,0.0229635126888752,0.02374444343149662,0.03232400119304657,0.05097244679927826,0.013301225379109383,0.051623132079839706,0.011852585710585117
48,MEX,Mexico,2021,-5.881318092346191,-0.013013988733291626,3.006768226623535,2,-0.4911726713180542,-0.3217161297798157,-0.5113726854324341,-0.24135330319404602,-0.13761571049690247,-0.6072466969490051,-0.8245296478271484,-0.11654838174581528,0.047321680933237076,0.7291154265403748,0.01678149774670601,0.0229635126888752,0.02374444343149662,0.03232400119304657,0.05097244679927826,0.013301225379109383,0.051623132079839706,0.011852585710585117
48,MEX,Mexico,2022,-5.320054531097412,-0.2736983299255371,3.006768226623535,2,-0.4911726713180542,-0.3217161297798157,-0.5113726854324341,-0.24135330319404602,-0.13761571049690247,-0.6072466969490051,-0.8245296478271484,-0.11654838174581528,0.047321680933237076,0.7291154265403748,0.01678149774670601,0.0229635126888752,0.02374444343149662,0.03232400119304657,0.05097244679927826,0.013301225379109383,0.051623132079839706,0.011852585710585117
48,MEX,Mexico,2023,-3.6169328689575195,-0.34883037209510803,3.006768226623535,2,-0.4911726713180542,-0.3217161297798157,-0.5113726854324341,-0.24135330319404602,-0.13761571049690247,-0.6072466969490051,-0.8245296478271484,-0.11654838174581528,0.047321680933237076,0.7291154265403748,0.01678149774670601,0.0229635126888752,0.02374444343149662,0.03232400119304657,0.05097244679927826,0.013301225379109383,0.051623132079839706,0.011852585710585117
49,MKD,North Macedonia,2018,-4.225182056427002,-0.5667393207550049,3.006768226623535,2,-0.8401430249214172,-0.3217161297798157,-0.9831662178039551,-0.24135330319404602,-0.6911687254905701,-0.6072466969490051,-0.8460942506790161,-0.11654838174581528,0.047321680933237076,0.7291154265403748,0.01678149774670601,0.0229635126888752,0.02374444343149662,0.03232400119304657,0.05097244679927826,0.013301225379109383,0.051623132079839706,0.011852585710585117
49,MKD,North Macedonia,2019,-2.3085620403289795,-0.4455074369907379,3.006768226623535,2,-0.8401430249214172,-0.3217161297798157,-0.9831662178039551,-0.24135330319404602,-0.6911687254905701,-0.6072466969490051,-0.8460942506790161,-0.11654838174581528,0.047321680933237076,0.7291154265403748,0.01678149774670601,0.0229635126888752,0.02374444343149662,0.03232400119304657,0.05097244679927826,0.013301225379109383,0.051623132079839706,0.011852585710585117
49,MKD,North Macedonia,2020,-3.7089016437530518,-0.25455906987190247,3.006768226623535,2,-0.8401430249214172,-0.3217161297798157,-0.9831662178039551,-0.24135330319404602,-0.6911687254905701,-0.6072466969490051,-0.8460942506790161,-0.11654838174581528,0.047321680933237076,0.7291154265403748,0.01678149774670601,0.0229635126888752,0.02374444343149662,0.03232400119304657,0.05097244679927826,0.013301225379109383,0.051623132079839706,0.011852585710585117
49,MKD,North Macedonia,2021,-4.82833194732666,-0.3426537811756134,3.006768226623535,2,-0.8401430249214172,-0.3217161297798157,-0.9831662178039551,-0.24135330319404602,-0.6911687254905701,-0.6072466969490051,-0.8460942506790161,-0.11654838174581528,0.047321680933237076,0.7291154265403748,0.01678149774670601,0.0229635126888752,0.02374444343149662,0.03232400119304657,0.05097244679927826,0.013301225379109383,0.051623132079839706,0.011852585710585117
49,MKD,North Macedonia,2022,-3.69097900390625,-0.110653817653656,3.006768226623535,2,-0.8401430249214172,-0.3217161297798157,-0.9831662178039551,-0.24135330319404602,-0.6911687254905701,-0.6072466969490051,-0.8460942506790161,-0.11654838174581528,0.047321680933237076,0.7291154265403748,0.01678149774670601,0.0229635126888752,0.02374444343149662,0.03232400119304657,0.05097244679927826,0.013301225379109383,0.051623132079839706,0.011852585710585117
49,MKD,North Macedonia,2023,-4.7387189865112305,-0.0988621711730957,3.006768226623535,2,-0.8401430249214172,-0.3217161297798157,-0.9831662178039551,-0.24135330319404602,-0.6911687254905701,-0.6072466969490051,-0.8460942506790161,-0.11654838174581528,0.047321680933237076,0.7291154265403748,0.01678149774670601,0.0229635126888752,0.02374444343149662,0.03232400119304657,0.05097244679927826,0.013301225379109383,0.051623132079839706,0.011852585710585117
50,MYS,Malaysia,2018,0.02772342786192894,0.5351686477661133,3.006768226623535,2,0.11615476757287979,-0.3217161297798157,0.3967877924442291,-0.24135330319404602,0.08836042881011963,-0.6072466969490051,-0.1366838961839676,-0.11654838174581528,0.047321680933237076,0.7291154265403748,0.01678149774670601,0.0229635126888752,0.02374444343149662,0.03232400119304657,0.05097244679927826,0.013301225379109383,0.051623132079839706,0.011852585710585117
50,MYS,Malaysia,2019,-0.08382336795330048,0.5116723775863647,3.006768226623535,2,0.11615476757287979,-0.3217161297798157,0.3967877924442291,-0.24135330319404602,0.08836042881011963,-0.6072466969490051,-0.1366838961839676,-0.11654838174581528,0.047321680933237076,0.7291154265403748,0.01678149774670601,0.0229635126888752,0.02374444343149662,0.03232400119304657,0.05097244679927826,0.013301225379109383,0.051623132079839706,0.011852585710585117
50,MYS,Malaysia,2020,0.11602042615413666,0.4785141050815582,3.006768226623535,2,0.11615476757287979,-0.3217161297798157,0.3967877924442291,-0.24135330319404602,0.08836042881011963,-0.6072466969490051,-0.1366838961839676,-0.11654838174581528,0.047321680933237076,0.7291154265403748,0.01678149774670601,0.0229635126888752,0.02374444343149662,0.03232400119304657,0.05097244679927826,0.013301225379109383,0.051623132079839706,0.011852585710585117
50,MYS,Malaysia,2021,-0.4654858112335205,0.4360668957233429,3.006768226623535,2,0.11615476757287979,-0.3217161297798157,0.3967877924442291,-0.24135330319404602,0.08836042881011963,-0.6072466969490051,-0.1366838961839676,-0.11654838174581528,0.047321680933237076,0.7291154265403748,0.01678149774670601,0.0229635126888752,0.02374444343149662,0.03232400119304657,0.05097244679927826,0.013301225379109383,0.051623132079839706,0.011852585710585117
50,MYS,Malaysia,2022,-0.6587987542152405,0.3736391067504883,3.006768226623535,2,0.11615476757287979,-0.3217161297798157,0.3967877924442291,-0.24135330319404602,0.08836042881011963,-0.6072466969490051,-0.1366838961839676,-0.11654838174581528,0.047321680933237076,0.7291154265403748,0.01678149774670601,0.0229635126888752,0.02374444343149662,0.03232400119304657,0.05097244679927826,0.013301225379109383,0.051623132079839706,0.011852585710585117
50,MYS,Malaysia,2023,-0.5584850311279297,0.3277314007282257,3.006768226623535,2,0.11615476757287979,-0.3217161297798157,0.3967877924442291,-0.24135330319404602,0.08836042881011963,-0.6072466969490051,-0.1366838961839676,-0.11654838174581528,0.047321680933237076,0.7291154265403748,0.01678149774670601,0.0229635126888752,0.02374444343149662,0.03232400119304657,0.05097244679927826,0.013301225379109383,0.051623132079839706,0.011852585710585117
51,NLD,Netherlands,2018,-2.012981653213501,-0.8041141033172607,3.006768226623535,2,1.3984497785568237,-0.3217161297798157,1.432983160018921,-0.24135330319404602,1.4087532758712769,-0.6072466969490051,1.3536127805709839,-0.11654838174581528,0.047321680933237076,0.7291154265403748,0.01678149774670601,0.0229635126888752,0.02374444343149662,0.03232400119304657,0.05097244679927826,0.013301225379109383,0.051623132079839706,0.011852585710585117
51,NLD,Netherlands,2019,-4.107210636138916,-1.0529214143753052,3.006768226623535,2,1.3984497785568237,-0.3217161297798157,1.432983160018921,-0.24135330319404602,1.4087532758712769,-0.6072466969490051,1.3536127805709839,-0.11654838174581528,0.047321680933237076,0.7291154265403748,0.01678149774670601,0.0229635126888752,0.02374444343149662,0.03232400119304657,0.05097244679927826,0.013301225379109383,0.051623132079839706,0.011852585710585117
51,NLD,Netherlands,2020,-6.567773342132568,-1.2858574390411377,3.006768226623535,2,1.3984497785568237,-0.3217161297798157,1.432983160018921,-0.24135330319404602,1.4087532758712769,-0.6072466969490051,1.3536127805709839,-0.11654838174581528,0.047321680933237076,0.7291154265403748,0.01678149774670601,0.0229635126888752,0.02374444343149662,0.03232400119304657,0.05097244679927826,0.013301225379109383,0.051623132079839706,0.011852585710585117
51,NLD,Netherlands,2021,-6.225274562835693,-1.4821770191192627,3.006768226623535,2,1.3984497785568237,-0.3217161297798157,1.432983160018921,-0.24135330319404602,1.4087532758712769,-0.6072466969490051,1.3536127805709839,-0.11654838174581528,0.047321680933237076,0.7291154265403748,0.01678149774670601,0.0229635126888752,0.02374444343149662,0.03232400119304657,0.05097244679927826,0.013301225379109383,0.051623132079839706,0.011852585710585117
51,NLD,Netherlands,2022,-7.184930801391602,-1.6333446502685547,3.006768226623535,2,1.3984497785568237,-0.3217161297798157,1.432983160018921,-0.24135330319404602,1.4087532758712769,-0.6072466969490051,1.3536127805709839,-0.11654838174581528,0.047321680933237076,0.7291154265403748,0.01678149774670601,0.0229635126888752,0.02374444343149662,0.03232400119304657,0.05097244679927826,0.013301225379109383,0.051623132079839706,0.011852585710585117
51,NLD,Netherlands,2023,-9.322796821594238,-1.7339708805084229,3.006768226623535,2,1.3984497785568237,-0.3217161297798157,1.432983160018921,-0.24135330319404602,1.4087532758712769,-0.6072466969490051,1.3536127805709839,-0.11654838174581528,0.047321680933237076,0.7291154265403748,0.01678149774670601,0.0229635126888752,0.02374444343149662,0.03232400119304657,0.05097244679927826,0.013301225379109383,0.051623132079839706,0.011852585710585117
52,NOR,Norway,2018,0.684697687625885,1.459390640258789,3.006768226623535,2,1.3073252439498901,-0.3217161297798157,1.3803420066833496,-0.24135330319404602,1.0274958610534668,-0.6072466969490051,1.5141379833221436,-0.11654838174581528,0.047321680933237076,0.7291154265403748,0.01678149774670601,0.0229635126888752,0.02374444343149662,0.03232400119304657,0.05097244679927826,0.013301225379109383,0.051623132079839706,0.011852585710585117
52,NOR,Norway,2019,0.7579119205474854,1.3541903495788574,3.006768226623535,2,1.3073252439498901,-0.3217161297798157,1.3803420066833496,-0.24135330319404602,1.0274958610534668,-0.6072466969490051,1.5141379833221436,-0.11654838174581528,0.047321680933237076,0.7291154265403748,0.01678149774670601,0.0229635126888752,0.02374444343149662,0.03232400119304657,0.05097244679927826,0.013301225379109383,0.051623132079839706,0.011852585710585117
52,NOR,Norway,2020,0.16256453096866608,1.2019319534301758,3.006768226623535,2,1.3073252439498901,-0.3217161297798157,1.3803420066833496,-0.24135330319404602,1.0274958610534668,-0.6072466969490051,1.5141379833221436,-0.11654838174581528,0.047321680933237076,0.7291154265403748,0.01678149774670601,0.0229635126888752,0.02374444343149662,0.03232400119304657,0.05097244679927826,0.013301225379109383,0.051623132079839706,0.011852585710585117
52,NOR,Norway,2021,-0.5059971213340759,1.010892629623413,3.006768226623535,2,1.3073252439498901,-0.3217161297798157,1.3803420066833496,-0.24135330319404602,1.0274958610534668,-0.6072466969490051,1.5141379833221436,-0.11654838174581528,0.047321680933237076,0.7291154265403748,0.01678149774670601,0.0229635126888752,0.02374444343149662,0.03232400119304657,0.05097244679927826,0.013301225379109383,0.051623132079839706,0.011852585710585117
52,NOR,Norway,2022,0.01806272566318512,1.1262414455413818,3.006768226623535,2,1.3073252439498901,-0.3217161297798157,1.3803420066833496,-0.24135330319404602,1.0274958610534668,-0.6072466969490051,1.5141379833221436,-0.11654838174581528,0.047321680933237076,0.7291154265403748,0.01678149774670601,0.0229635126888752,0.02374444343149662,0.03232400119304657,0.05097244679927826,0.013301225379109383,0.051623132079839706,0.011852585710585117
52,NOR,Norway,2023,0.1799047440290451,1.0880752801895142,3.006768226623535,2,1.3073252439498901,-0.3217161297798157,1.3803420066833496,-0.24135330319404602,1.0274958610534668,-0.6072466969490051,1.5141379833221436,-0.11654838174581528,0.047321680933237076,0.7291154265403748,0.01678149774670601,0.0229635126888752,0.02374444343149662,0.03232400119304657,0.05097244679927826,0.013301225379109383,0.051623132079839706,0.011852585710585117
53,NZL,New Zealand,2018,-2.981884479522705,0.7450687885284424,3.006768226623535,2,1.3908849954605103,-0.3217161297798157,1.414912223815918,-0.24135330319404602,1.3223596811294556,-0.6072466969490051,1.4353830814361572,-0.11654838174581528,0.047321680933237076,0.7291154265403748,0.01678149774670601,0.0229635126888752,0.02374444343149662,0.03232400119304657,0.05097244679927826,0.013301225379109383,0.051623132079839706,0.011852585710585117
53,NZL,New Zealand,2019,-2.6216039657592773,0.6487973928451538,3.006768226623535,2,1.3908849954605103,-0.3217161297798157,1.414912223815918,-0.24135330319404602,1.3223596811294556,-0.6072466969490051,1.4353830814361572,-0.11654838174581528,0.047321680933237076,0.7291154265403748,0.01678149774670601,0.0229635126888752,0.02374444343149662,0.03232400119304657,0.05097244679927826,0.013301225379109383,0.051623132079839706,0.011852585710585117
53,NZL,New Zealand,2020,-2.319328546524048,0.3883645236492157,3.006768226623535,2,1.3908849954605103,-0.3217161297798157,1.414912223815918,-0.24135330319404602,1.3223596811294556,-0.6072466969490051,1.4353830814361572,-0.11654838174581528,0.047321680933237076,0.7291154265403748,0.01678149774670601,0.0229635126888752,0.02374444343149662,0.03232400119304657,0.05097244679927826,0.013301225379109383,0.051623132079839706,0.011852585710585117
53,NZL,New Zealand,2021,-2.2188103199005127,0.33716270327568054,3.006768226623535,2,1.3908849954605103,-0.3217161297798157,1.414912223815918,-0.24135330319404602,1.3223596811294556,-0.6072466969490051,1.4353830814361572,-0.11654838174581528,0.047321680933237076,0.7291154265403748,0.01678149774670601,0.0229635126888752,0.02374444343149662,0.03232400119304657,0.05097244679927826,0.013301225379109383,0.051623132079839706,0.011852585710585117
53,NZL,New Zealand,2022,-3.390082359313965,0.042216211557388306,3.006768226623535,2,1.3908849954605103,-0.3217161297798157,1.414912223815918,-0.24135330319404602,1.3223596811294556,-0.6072466969490051,1.4353830814361572,-0.11654838174581528,0.047321680933237076,0.7291154265403748,0.01678149774670601,0.0229635126888752,0.02374444343149662,0.03232400119304657,0.05097244679927826,0.013301225379109383,0.051623132079839706,0.011852585710585117
53,NZL,New Zealand,2023,-3.6847918033599854,-0.08975681662559509,3.006768226623535,2,1.3908849954605103,-0.3217161297798157,1.414912223815918,-0.24135330319404602,1.3223596811294556,-0.6072466969490051,1.4353830814361572,-0.11654838174581528,0.047321680933237076,0.7291154265403748,0.01678149774670601,0.0229635126888752,0.02374444343149662,0.03232400119304657,0.05097244679927826,0.013301225379109383,0.051623132079839706,0.011852585710585117
54,OMN,Oman,2018,-1.4833542108535767,-0.5485519170761108,3.006768226623535,2,-0.0670604482293129,-0.3217161297798157,-0.2567063570022583,-0.24135330319404602,0.022247422486543655,-0.6072466969490051,0.033277593553066254,-0.11654838174581528,0.047321680933237076,0.7291154265403748,0.01678149774670601,0.0229635126888752,0.02374444343149662,0.03232400119304657,0.05097244679927826,0.013301225379109383,0.051623132079839706,0.011852585710585117
54,OMN,Oman,2019,-1.4833542108535767,-0.9807573556900024,3.006768226623535,2,-0.0670604482293129,-0.3217161297798157,-0.2567063570022583,-0.24135330319404602,0.022247422486543655,-0.6072466969490051,0.033277593553066254,-0.11654838174581528,0.047321680933237076,0.7291154265403748,0.01678149774670601,0.0229635126888752,0.02374444343149662,0.03232400119304657,0.05097244679927826,0.013301225379109383,0.051623132079839706,0.011852585710585117
54,OMN,Oman,2020,-1.9118425846099854,-1.3229520320892334,3.006768226623535,2,-0.0670604482293129,-0.3217161297798157,-0.2567063570022583,-0.24135330319404602,0.022247422486543655,-0.6072466969490051,0.033277593553066254,-0.11654838174581528,0.047321680933237076,0.7291154265403748,0.01678149774670601,0.0229635126888752,0.02374444343149662,0.03232400119304657,0.05097244679927826,0.013301225379109383,0.051623132079839706,0.011852585710585117
54,OMN,Oman,2021,-2.7994258403778076,-1.5680742263793945,3.006768226623535,2,-0.0670604482293129,-0.3217161297798157,-0.2567063570022583,-0.24135330319404602,0.022247422486543655,-0.6072466969490051,0.033277593553066254,-0.11654838174581528,0.047321680933237076,0.7291154265403748,0.01678149774670601,0.0229635126888752,0.02374444343149662,0.03232400119304657,0.05097244679927826,0.013301225379109383,0.051623132079839706,0.011852585710585117
54,OMN,Oman,2022,-4.406257152557373,-1.723017692565918,3.006768226623535,2,-0.0670604482293129,-0.3217161297798157,-0.2567063570022583,-0.24135330319404602,0.022247422486543655,-0.6072466969490051,0.033277593553066254,-0.11654838174581528,0.047321680933237076,0.7291154265403748,0.01678149774670601,0.0229635126888752,0.02374444343149662,0.03232400119304657,0.05097244679927826,0.013301225379109383,0.051623132079839706,0.011852585710585117
54,OMN,Oman,2023,-4.634274482727051,-1.8169116973876953,3.006768226623535,2,-0.0670604482293129,-0.3217161297798157,-0.2567063570022583,-0.24135330319404602,0.022247422486543655,-0.6072466969490051,0.033277593553066254,-0.11654838174581528,0.047321680933237076,0.7291154265403748,0.01678149774670601,0.0229635126888752,0.02374444343149662,0.03232400119304657,0.05097244679927826,0.013301225379109383,0.051623132079839706,0.011852585710585117
55,PAK,Pakistan,2018,0.6607634425163269,-1.1874139308929443,3.006768226623535,2,-1.1695586442947388,-0.3217161297798157,-1.022442102432251,-0.24135330319404602,-1.2194249629974365,-0.6072466969490051,-1.2668088674545288,-0.11654838174581528,0.047321680933237076,0.7291154265403748,0.01678149774670601,0.0229635126888752,0.02374444343149662,0.03232400119304657,0.05097244679927826,0.013301225379109383,0.051623132079839706,0.011852585710585117
55,PAK,Pakistan,2019,0.263211190700531,-0.9449317455291748,3.006768226623535,2,-1.1695586442947388,-0.3217161297798157,-1.022442102432251,-0.24135330319404602,-1.2194249629974365,-0.6072466969490051,-1.2668088674545288,-0.11654838174581528,0.047321680933237076,0.7291154265403748,0.01678149774670601,0.0229635126888752,0.02374444343149662,0.03232400119304657,0.05097244679927826,0.013301225379109383,0.051623132079839706,0.011852585710585117
55,PAK,Pakistan,2020,0.5979493856430054,-0.7491602897644043,3.006768226623535,2,-1.1695586442947388,-0.3217161297798157,-1.022442102432251,-0.24135330319404602,-1.2194249629974365,-0.6072466969490051,-1.2668088674545288,-0.11654838174581528,0.047321680933237076,0.7291154265403748,0.01678149774670601,0.0229635126888752,0.02374444343149662,0.03232400119304657,0.05097244679927826,0.013301225379109383,0.051623132079839706,0.011852585710585117
55,PAK,Pakistan,2021,-0.27455824613571167,-0.5462900400161743,3.006768226623535,2,-1.1695586442947388,-0.3217161297798157,-1.022442102432251,-0.24135330319404602,-1.2194249629974365,-0.6072466969490051,-1.2668088674545288,-0.11654838174581528,0.047321680933237076,0.7291154265403748,0.01678149774670601,0.0229635126888752,0.02374444343149662,0.03232400119304657,0.05097244679927826,0.013301225379109383,0.051623132079839706,0.011852585710585117
55,PAK,Pakistan,2022,-1.3144348859786987,-0.46414926648139954,3.006768226623535,2,-1.1695586442947388,-0.3217161297798157,-1.022442102432251,-0.24135330319404602,-1.2194249629974365,-0.6072466969490051,-1.2668088674545288,-0.11654838174581528,0.047321680933237076,0.7291154265403748,0.01678149774670601,0.0229635126888752,0.02374444343149662,0.03232400119304657,0.05097244679927826,0.013301225379109383,0.051623132079839706,0.011852585710585117
55,PAK,Pakistan,2023,-1.7306287288665771,-0.5415083169937134,3.006768226623535,2,-1.1695586442947388,-0.3217161297798157,-1.022442102432251,-0.24135330319404602,-1.2194249629974365,-0.6072466969490051,-1.2668088674545288,-0.11654838174581528,0.047321680933237076,0.7291154265403748,0.01678149774670601,0.0229635126888752,0.02374444343149662,0.03232400119304657,0.05097244679927826,0.013301225379109383,0.051623132079839706,0.011852585710585117
56,PER,Peru,2018,1.0936386585235596,-0.06835737079381943,3.006768226623535,2,-0.6950809359550476,-0.3217161297798157,-0.8969854712486267,-0.24135330319404602,-0.25150150060653687,-0.6072466969490051,-0.9367557168006897,-0.11654838174581528,0.047321680933237076,0.7291154265403748,0.01678149774670601,0.0229635126888752,0.02374444343149662,0.03232400119304657,0.05097244679927826,0.013301225379109383,0.051623132079839706,0.011852585710585117
56,PER,Peru,2019,1.1609760522842407,0.5302896499633789,3.006768226623535,2,-0.6950809359550476,-0.3217161297798157,-0.8969854712486267,-0.24135330319404602,-0.25150150060653687,-0.6072466969490051,-0.9367557168006897,-0.11654838174581528,0.047321680933237076,0.7291154265403748,0.01678149774670601,0.0229635126888752,0.02374444343149662,0.03232400119304657,0.05097244679927826,0.013301225379109383,0.051623132079839706,0.011852585710585117
56,PER,Peru,2020,0.8656606674194336,0.7357195615768433,3.006768226623535,2,-0.6950809359550476,-0.3217161297798157,-0.8969854712486267,-0.24135330319404602,-0.25150150060653687,-0.6072466969490051,-0.9367557168006897,-0.11654838174581528,0.047321680933237076,0.7291154265403748,0.01678149774670601,0.0229635126888752,0.02374444343149662,0.03232400119304657,0.05097244679927826,0.013301225379109383,0.051623132079839706,0.011852585710585117
56,PER,Peru,2021,1.0604026317596436,0.8133041858673096,3.006768226623535,2,-0.6950809359550476,-0.3217161297798157,-0.8969854712486267,-0.24135330319404602,-0.25150150060653687,-0.6072466969490051,-0.9367557168006897,-0.11654838174581528,0.047321680933237076,0.7291154265403748,0.01678149774670601,0.0229635126888752,0.02374444343149662,0.03232400119304657,0.05097244679927826,0.013301225379109383,0.051623132079839706,0.011852585710585117
56,PER,Peru,2022,1.6989833116531372,1.1701269149780273,3.006768226623535,2,-0.6950809359550476,-0.3217161297798157,-0.8969854712486267,-0.24135330319404602,-0.25150150060653687,-0.6072466969490051,-0.9367557168006897,-0.11654838174581528,0.047321680933237076,0.7291154265403748,0.01678149774670601,0.0229635126888752,0.02374444343149662,0.03232400119304657,0.05097244679927826,0.013301225379109383,0.051623132079839706,0.011852585710585117
56,PER,Peru,2023,1.919171690940857,0.9325546026229858,3.006768226623535,2,-0.6950809359550476,-0.3217161297798157,-0.8969854712486267,-0.24135330319404602,-0.25150150060653687,-0.6072466969490051,-0.9367557168006897,-0.11654838174581528,0.047321680933237076,0.7291154265403748,0.01678149774670601,0.0229635126888752,0.02374444343149662,0.03232400119304657,0.05097244679927826,0.013301225379109383,0.051623132079839706,0.011852585710585117
57,PHL,Philippines,2018,4.912133693695068,-0.9917813539505005,3.006768226623535,2,-0.5819682478904724,-0.3217161297798157,-0.5483519434928894,-0.24135330319404602,-0.43141669034957886,-0.6072466969490051,-0.7661361694335938,-0.11654838174581528,0.047321680933237076,0.7291154265403748,0.01678149774670601,0.0229635126888752,0.02374444343149662,0.03232400119304657,0.05097244679927826,0.013301225379109383,0.051623132079839706,0.011852585710585117
57,PHL,Philippines,2019,5.833406925201416,-0.6498163938522339,3.006768226623535,2,-0.5819682478904724,-0.3217161297798157,-0.5483519434928894,-0.24135330319404602,-0.43141669034957886,-0.6072466969490051,-0.7661361694335938,-0.11654838174581528,0.047321680933237076,0.7291154265403748,0.01678149774670601,0.0229635126888752,0.02374444343149662,0.03232400119304657,0.05097244679927826,0.013301225379109383,0.051623132079839706,0.011852585710585117
57,PHL,Philippines,2020,6.113379955291748,-0.4608505666255951,3.006768226623535,2,-0.5819682478904724,-0.3217161297798157,-0.5483519434928894,-0.24135330319404602,-0.43141669034957886,-0.6072466969490051,-0.7661361694335938,-0.11654838174581528,0.047321680933237076,0.7291154265403748,0.01678149774670601,0.0229635126888752,0.02374444343149662,0.03232400119304657,0.05097244679927826,0.013301225379109383,0.051623132079839706,0.011852585710585117
57,PHL,Philippines,2021,6.149739742279053,-0.395356148481369,3.006768226623535,2,-0.5819682478904724,-0.3217161297798157,-0.5483519434928894,-0.24135330319404602,-0.43141669034957886,-0.6072466969490051,-0.7661361694335938,-0.11654838174581528,0.047321680933237076,0.7291154265403748,0.01678149774670601,0.0229635126888752,0.02374444343149662,0.03232400119304657,0.05097244679927826,0.013301225379109383,0.051623132079839706,0.011852585710585117
57,PHL,Philippines,2022,6.288362503051758,-0.28615492582321167,3.006768226623535,2,-0.5819682478904724,-0.3217161297798157,-0.5483519434928894,-0.24135330319404602,-0.43141669034957886,-0.6072466969490051,-0.7661361694335938,-0.11654838174581528,0.047321680933237076,0.7291154265403748,0.01678149774670601,0.0229635126888752,0.02374444343149662,0.03232400119304657,0.05097244679927826,0.013301225379109383,0.051623132079839706,0.011852585710585117
57,PHL,Philippines,2023,6.736955165863037,-0.2532207667827606,3.006768226623535,2,-0.5819682478904724,-0.3217161297798157,-0.5483519434928894,-0.24135330319404602,-0.43141669034957886,-0.6072466969490051,-0.7661361694335938,-0.11654838174581528,0.047321680933237076,0.7291154265403748,0.01678149774670601,0.0229635126888752,0.02374444343149662,0.03232400119304657,0.05097244679927826,0.013301225379109383,0.051623132079839706,0.011852585710585117
58,POL,Poland,2018,-5.292060375213623,-1.4932793378829956,3.006768226623535,2,0.13508905470371246,-0.3217161297798157,0.0030404042918235064,-0.24135330319404602,0.21474087238311768,-0.6072466969490051,0.18748588860034943,-0.11654838174581528,0.047321680933237076,0.7291154265403748,0.01678149774670601,0.0229635126888752,0.02374444343149662,0.03232400119304657,0.05097244679927826,0.013301225379109383,0.051623132079839706,0.011852585710585117
58,POL,Poland,2019,-6.858757495880127,-1.5225753784179688,3.006768226623535,2,0.13508905470371246,-0.3217161297798157,0.0030404042918235064,-0.24135330319404602,0.21474087238311768,-0.6072466969490051,0.18748588860034943,-0.11654838174581528,0.047321680933237076,0.7291154265403748,0.01678149774670601,0.0229635126888752,0.02374444343149662,0.03232400119304657,0.05097244679927826,0.013301225379109383,0.051623132079839706,0.011852585710585117
58,POL,Poland,2020,-8.258927345275879,-1.572478175163269,3.006768226623535,2,0.13508905470371246,-0.3217161297798157,0.0030404042918235064,-0.24135330319404602,0.21474087238311768,-0.6072466969490051,0.18748588860034943,-0.11654838174581528,0.047321680933237076,0.7291154265403748,0.01678149774670601,0.0229635126888752,0.02374444343149662,0.03232400119304657,0.05097244679927826,0.013301225379109383,0.051623132079839706,0.011852585710585117
58,POL,Poland,2021,-7.500536918640137,-1.645460844039917,3.006768226623535,2,0.13508905470371246,-0.3217161297798157,0.0030404042918235064,-0.24135330319404602,0.21474087238311768,-0.6072466969490051,0.18748588860034943,-0.11654838174581528,0.047321680933237076,0.7291154265403748,0.01678149774670601,0.0229635126888752,0.02374444343149662,0.03232400119304657,0.05097244679927826,0.013301225379109383,0.051623132079839706,0.011852585710585117
58,POL,Poland,2022,-8.502216339111328,-1.6958520412445068,3.006768226623535,2,0.13508905470371246,-0.3217161297798157,0.0030404042918235064,-0.24135330319404602,0.21474087238311768,-0.6072466969490051,0.18748588860034943,-0.11654838174581528,0.047321680933237076,0.7291154265403748,0.01678149774670601,0.0229635126888752,0.02374444343149662,0.03232400119304657,0.05097244679927826,0.013301225379109383,0.051623132079839706,0.011852585710585117
58,POL,Poland,2023,-11.761031150817871,-1.7256578207015991,3.006768226623535,2,0.13508905470371246,-0.3217161297798157,0.0030404042918235064,-0.24135330319404602,0.21474087238311768,-0.6072466969490051,0.18748588860034943,-0.11654838174581528,0.047321680933237076,0.7291154265403748,0.01678149774670601,0.0229635126888752,0.02374444343149662,0.03232400119304657,0.05097244679927826,0.013301225379109383,0.051623132079839706,0.011852585710585117
59,PRT,Portugal,2018,-1.9006779193878174,-0.6870331764221191,3.006768226623535,2,0.5889715552330017,-0.3217161297798157,0.3899436593055725,-0.24135330319404602,0.6463295221328735,-0.6072466969490051,0.7306414842605591,-0.11654838174581528,0.047321680933237076,0.7291154265403748,0.01678149774670601,0.0229635126888752,0.02374444343149662,0.03232400119304657,0.05097244679927826,0.013301225379109383,0.051623132079839706,0.011852585710585117
59,PRT,Portugal,2019,-2.685220718383789,-0.9650577306747437,3.006768226623535,2,0.5889715552330017,-0.3217161297798157,0.3899436593055725,-0.24135330319404602,0.6463295221328735,-0.6072466969490051,0.7306414842605591,-0.11654838174581528,0.047321680933237076,0.7291154265403748,0.01678149774670601,0.0229635126888752,0.02374444343149662,0.03232400119304657,0.05097244679927826,0.013301225379109383,0.051623132079839706,0.011852585710585117
59,PRT,Portugal,2020,-3.400998592376709,-1.2108896970748901,3.006768226623535,2,0.5889715552330017,-0.3217161297798157,0.3899436593055725,-0.24135330319404602,0.6463295221328735,-0.6072466969490051,0.7306414842605591,-0.11654838174581528,0.047321680933237076,0.7291154265403748,0.01678149774670601,0.0229635126888752,0.02374444343149662,0.03232400119304657,0.05097244679927826,0.013301225379109383,0.051623132079839706,0.011852585710585117
59,PRT,Portugal,2021,-3.9149670600891113,-1.3991873264312744,3.006768226623535,2,0.5889715552330017,-0.3217161297798157,0.3899436593055725,-0.24135330319404602,0.6463295221328735,-0.6072466969490051,0.7306414842605591,-0.11654838174581528,0.047321680933237076,0.7291154265403748,0.01678149774670601,0.0229635126888752,0.02374444343149662,0.03232400119304657,0.05097244679927826,0.013301225379109383,0.051623132079839706,0.011852585710585117
59,PRT,Portugal,2022,-3.713021755218506,-1.5365662574768066,3.006768226623535,2,0.5889715552330017,-0.3217161297798157,0.3899436593055725,-0.24135330319404602,0.6463295221328735,-0.6072466969490051,0.7306414842605591,-0.11654838174581528,0.047321680933237076,0.7291154265403748,0.01678149774670601,0.0229635126888752,0.02374444343149662,0.03232400119304657,0.05097244679927826,0.013301225379109383,0.051623132079839706,0.011852585710585117
59,PRT,Portugal,2023,-4.624629497528076,-1.6227307319641113,3.006768226623535,2,0.5889715552330017,-0.3217161297798157,0.3899436593055725,-0.24135330319404602,0.6463295221328735,-0.6072466969490051,0.7306414842605591,-0.11654838174581528,0.047321680933237076,0.7291154265403748,0.01678149774670601,0.0229635126888752,0.02374444343149662,0.03232400119304657,0.05097244679927826,0.013301225379109383,0.051623132079839706,0.011852585710585117
60,QAT,Qatar,2018,-6.880117416381836,1.149101972579956,3.006768226623535,2,-0.037850040942430496,-0.3217161297798157,0.02352459356188774,-0.24135330319404602,-0.20334964990615845,-0.6072466969490051,0.06627492606639862,-0.11654838174581528,0.047321680933237076,0.7291154265403748,0.01678149774670601,0.0229635126888752,0.02374444343149662,0.03232400119304657,0.05097244679927826,0.013301225379109383,0.051623132079839706,0.011852585710585117
60,QAT,Qatar,2019,-4.506235599517822,0.897432804107666,3.006768226623535,2,-0.037850040942430496,-0.3217161297798157,0.02352459356188774,-0.24135330319404602,-0.20334964990615845,-0.6072466969490051,0.06627492606639862,-0.11654838174581528,0.047321680933237076,0.7291154265403748,0.01678149774670601,0.0229635126888752,0.02374444343149662,0.03232400119304657,0.05097244679927826,0.013301225379109383,0.051623132079839706,0.011852585710585117
60,QAT,Qatar,2020,-5.444746971130371,0.7072086334228516,3.006768226623535,2,-0.037850040942430496,-0.3217161297798157,0.02352459356188774,-0.24135330319404602,-0.20334964990615845,-0.6072466969490051,0.06627492606639862,-0.11654838174581528,0.047321680933237076,0.7291154265403748,0.01678149774670601,0.0229635126888752,0.02374444343149662,0.03232400119304657,0.05097244679927826,0.013301225379109383,0.051623132079839706,0.011852585710585117
60,QAT,Qatar,2021,-6.548878192901611,0.5436693429946899,3.006768226623535,2,-0.037850040942430496,-0.3217161297798157,0.02352459356188774,-0.24135330319404602,-0.20334964990615845,-0.6072466969490051,0.06627492606639862,-0.11654838174581528,0.047321680933237076,0.7291154265403748,0.01678149774670601,0.0229635126888752,0.02374444343149662,0.03232400119304657,0.05097244679927826,0.013301225379109383,0.051623132079839706,0.011852585710585117
60,QAT,Qatar,2022,-4.892681121826172,0.41900634765625,3.006768226623535,2,-0.037850040942430496,-0.3217161297798157,0.02352459356188774,-0.24135330319404602,-0.20334964990615845,-0.6072466969490051,0.06627492606639862,-0.11654838174581528,0.047321680933237076,0.7291154265403748,0.01678149774670601,0.0229635126888752,0.02374444343149662,0.03232400119304657,0.05097244679927826,0.013301225379109383,0.051623132079839706,0.011852585710585117
60,QAT,Qatar,2023,-5.334333896636963,0.323369562625885,3.006768226623535,2,-0.037850040942430496,-0.3217161297798157,0.02352459356188774,-0.24135330319404602,-0.20334964990615845,-0.6072466969490051,0.06627492606639862,-0.11654838174581528,0.047321680933237076,0.7291154265403748,0.01678149774670601,0.0229635126888752,0.02374444343149662,0.03232400119304657,0.05097244679927826,0.013301225379109383,0.051623132079839706,0.011852585710585117
61,ROU,Romania,2018,-3.695746898651123,0.05227506160736084,3.006768226623535,2,-0.6137262582778931,-0.3217161297798157,-0.9381364583969116,-0.24135330319404602,-0.44055911898612976,-0.6072466969490051,-0.4624831974506378,-0.11654838174581528,0.047321680933237076,0.7291154265403748,0.01678149774670601,0.0229635126888752,0.02374444343149662,0.03232400119304657,0.05097244679927826,0.013301225379109383,0.051623132079839706,0.011852585710585117
61,ROU,Romania,2019,-4.160907745361328,0.21669840812683105,3.006768226623535,2,-0.6137262582778931,-0.3217161297798157,-0.9381364583969116,-0.24135330319404602,-0.44055911898612976,-0.6072466969490051,-0.4624831974506378,-0.11654838174581528,0.047321680933237076,0.7291154265403748,0.01678149774670601,0.0229635126888752,0.02374444343149662,0.03232400119304657,0.05097244679927826,0.013301225379109383,0.051623132079839706,0.011852585710585117
61,ROU,Romania,2020,-5.406534671783447,0.2550239861011505,3.006768226623535,2,-0.6137262582778931,-0.3217161297798157,-0.9381364583969116,-0.24135330319404602,-0.44055911898612976,-0.6072466969490051,-0.4624831974506378,-0.11654838174581528,0.047321680933237076,0.7291154265403748,0.01678149774670601,0.0229635126888752,0.02374444343149662,0.03232400119304657,0.05097244679927826,0.013301225379109383,0.051623132079839706,0.011852585710585117
61,ROU,Romania,2021,-5.111453533172607,0.27383774518966675,3.006768226623535,2,-0.6137262582778931,-0.3217161297798157,-0.9381364583969116,-0.24135330319404602,-0.44055911898612976,-0.6072466969490051,-0.4624831974506378,-0.11654838174581528,0.047321680933237076,0.7291154265403748,0.01678149774670601,0.0229635126888752,0.02374444343149662,0.03232400119304657,0.05097244679927826,0.013301225379109383,0.051623132079839706,0.011852585710585117
61,ROU,Romania,2022,-4.921149253845215,0.25858980417251587,3.006768226623535,2,-0.6137262582778931,-0.3217161297798157,-0.9381364583969116,-0.24135330319404602,-0.44055911898612976,-0.6072466969490051,-0.4624831974506378,-0.11654838174581528,0.047321680933237076,0.7291154265403748,0.01678149774670601,0.0229635126888752,0.02374444343149662,0.03232400119304657,0.05097244679927826,0.013301225379109383,0.051623132079839706,0.011852585710585117
61,ROU,Romania,2023,-6.2508416175842285,0.2554776668548584,3.006768226623535,2,-0.6137262582778931,-0.3217161297798157,-0.9381364583969116,-0.24135330319404602,-0.44055911898612976,-0.6072466969490051,-0.4624831974506378,-0.11654838174581528,0.047321680933237076,0.7291154265403748,0.01678149774670601,0.0229635126888752,0.02374444343149662,0.03232400119304657,0.05097244679927826,0.013301225379109383,0.051623132079839706,0.011852585710585117
62,RUS,Russia,2018,-3.6435298919677734,-0.22183309495449066,3.006768226623535,2,-1.1349221467971802,-0.3217161297798157,-1.1962112188339233,-0.24135330319404602,-0.9114767909049988,-0.6072466969490051,-1.2970784902572632,-0.11654838174581528,0.047321680933237076,0.7291154265403748,0.01678149774670601,0.0229635126888752,0.02374444343149662,0.03232400119304657,0.05097244679927826,0.013301225379109383,0.051623132079839706,0.011852585710585117
62,RUS,Russia,2019,-3.5361337661743164,-0.1608574390411377,3.006768226623535,2,-1.1349221467971802,-0.3217161297798157,-1.1962112188339233,-0.24135330319404602,-0.9114767909049988,-0.6072466969490051,-1.2970784902572632,-0.11654838174581528,0.047321680933237076,0.7291154265403748,0.01678149774670601,0.0229635126888752,0.02374444343149662,0.03232400119304657,0.05097244679927826,0.013301225379109383,0.051623132079839706,0.011852585710585117
62,RUS,Russia,2020,-6.922895908355713,-0.22186113893985748,3.006768226623535,2,-1.1349221467971802,-0.3217161297798157,-1.1962112188339233,-0.24135330319404602,-0.9114767909049988,-0.6072466969490051,-1.2970784902572632,-0.11654838174581528,0.047321680933237076,0.7291154265403748,0.01678149774670601,0.0229635126888752,0.02374444343149662,0.03232400119304657,0.05097244679927826,0.013301225379109383,0.051623132079839706,0.011852585710585117
62,RUS,Russia,2021,-5.5373334884643555,-0.2560495138168335,3.006768226623535,2,-1.1349221467971802,-0.3217161297798157,-1.1962112188339233,-0.24135330319404602,-0.9114767909049988,-0.6072466969490051,-1.2970784902572632,-0.11654838174581528,0.047321680933237076,0.7291154265403748,0.01678149774670601,0.0229635126888752,0.02374444343149662,0.03232400119304657,0.05097244679927826,0.013301225379109383,0.051623132079839706,0.011852585710585117
62,RUS,Russia,2022,-4.097316741943359,-0.7613022327423096,3.006768226623535,2,-1.1349221467971802,-0.3217161297798157,-1.1962112188339233,-0.24135330319404602,-0.9114767909049988,-0.6072466969490051,-1.2970784902572632,-0.11654838174581528,0.047321680933237076,0.7291154265403748,0.01678149774670601,0.0229635126888752,0.02374444343149662,0.03232400119304657,0.05097244679927826,0.013301225379109383,0.051623132079839706,0.011852585710585117
62,RUS,Russia,2023,-3.127725601196289,-0.7316628694534302,3.006768226623535,2,-1.1349221467971802,-0.3217161297798157,-1.1962112188339233,-0.24135330319404602,-0.9114767909049988,-0.6072466969490051,-1.2970784902572632,-0.11654838174581528,0.047321680933237076,0.7291154265403748,0.01678149774670601,0.0229635126888752,0.02374444343149662,0.03232400119304657,0.05097244679927826,0.013301225379109383,0.051623132079839706,0.011852585710585117
63,SAU,Saudi Arabia,2018,2.299851655960083,0.44696250557899475,3.006768226623535,2,-0.5544285178184509,-0.3217161297798157,-0.6724381446838379,-0.24135330319404602,-0.49509498476982117,-0.6072466969490051,-0.4957524538040161,-0.11654838174581528,0.047321680933237076,0.7291154265403748,0.01678149774670601,0.0229635126888752,0.02374444343149662,0.03232400119304657,0.05097244679927826,0.013301225379109383,0.051623132079839706,0.011852585710585117
63,SAU,Saudi Arabia,2019,1.9578986167907715,0.23485633730888367,3.006768226623535,2,-0.5544285178184509,-0.3217161297798157,-0.6724381446838379,-0.24135330319404602,-0.49509498476982117,-0.6072466969490051,-0.4957524538040161,-0.11654838174581528,0.047321680933237076,0.7291154265403748,0.01678149774670601,0.0229635126888752,0.02374444343149662,0.03232400119304657,0.05097244679927826,0.013301225379109383,0.051623132079839706,0.011852585710585117
63,SAU,Saudi Arabia,2020,2.004265069961548,0.06889021396636963,3.006768226623535,2,-0.5544285178184509,-0.3217161297798157,-0.6724381446838379,-0.24135330319404602,-0.49509498476982117,-0.6072466969490051,-0.4957524538040161,-0.11654838174581528,0.047321680933237076,0.7291154265403748,0.01678149774670601,0.0229635126888752,0.02374444343149662,0.03232400119304657,0.05097244679927826,0.013301225379109383,0.051623132079839706,0.011852585710585117
63,SAU,Saudi Arabia,2021,2.169445753097534,-0.05564197897911072,3.006768226623535,2,-0.5544285178184509,-0.3217161297798157,-0.6724381446838379,-0.24135330319404602,-0.49509498476982117,-0.6072466969490051,-0.4957524538040161,-0.11654838174581528,0.047321680933237076,0.7291154265403748,0.01678149774670601,0.0229635126888752,0.02374444343149662,0.03232400119304657,0.05097244679927826,0.013301225379109383,0.051623132079839706,0.011852585710585117
63,SAU,Saudi Arabia,2022,1.4797439575195312,-0.14225241541862488,3.006768226623535,2,-0.5544285178184509,-0.3217161297798157,-0.6724381446838379,-0.24135330319404602,-0.49509498476982117,-0.6072466969490051,-0.4957524538040161,-0.11654838174581528,0.047321680933237076,0.7291154265403748,0.01678149774670601,0.0229635126888752,0.02374444343149662,0.03232400119304657,0.05097244679927826,0.013301225379109383,0.051623132079839706,0.011852585710585117
63,SAU,Saudi Arabia,2023,0.6857173442840576,-0.1980125606060028,3.006768226623535,2,-0.5544285178184509,-0.3217161297798157,-0.6724381446838379,-0.24135330319404602,-0.49509498476982117,-0.6072466969490051,-0.4957524538040161,-0.11654838174581528,0.047321680933237076,0.7291154265403748,0.01678149774670601,0.0229635126888752,0.02374444343149662,0.03232400119304657,0.05097244679927826,0.013301225379109383,0.051623132079839706,0.011852585710585117
64,SGP,Singapore,2018,-1.5155048370361328,-0.38986024260520935,3.006768226623535,2,1.4344711303710938,-0.3217161297798157,1.7217825651168823,-0.24135330319404602,1.536649465560913,-0.6072466969490051,1.0449817180633545,-0.11654838174581528,0.047321680933237076,0.7291154265403748,0.01678149774670601,0.0229635126888752,0.02374444343149662,0.03232400119304657,0.05097244679927826,0.013301225379109383,0.051623132079839706,0.011852585710585117
64,SGP,Singapore,2019,-1.5344992876052856,-0.6610827445983887,3.006768226623535,2,1.4344711303710938,-0.3217161297798157,1.7217825651168823,-0.24135330319404602,1.536649465560913,-0.6072466969490051,1.0449817180633545,-0.11654838174581528,0.047321680933237076,0.7291154265403748,0.01678149774670601,0.0229635126888752,0.02374444343149662,0.03232400119304657,0.05097244679927826,0.013301225379109383,0.051623132079839706,0.011852585710585117
64,SGP,Singapore,2020,-1.5631846189498901,-0.8842315673828125,3.006768226623535,2,1.4344711303710938,-0.3217161297798157,1.7217825651168823,-0.24135330319404602,1.536649465560913,-0.6072466969490051,1.0449817180633545,-0.11654838174581528,0.047321680933237076,0.7291154265403748,0.01678149774670601,0.0229635126888752,0.02374444343149662,0.03232400119304657,0.05097244679927826,0.013301225379109383,0.051623132079839706,0.011852585710585117
64,SGP,Singapore,2021,-1.5329487323760986,-1.0049710273742676,3.006768226623535,2,1.4344711303710938,-0.3217161297798157,1.7217825651168823,-0.24135330319404602,1.536649465560913,-0.6072466969490051,1.0449817180633545,-0.11654838174581528,0.047321680933237076,0.7291154265403748,0.01678149774670601,0.0229635126888752,0.02374444343149662,0.03232400119304657,0.05097244679927826,0.013301225379109383,0.051623132079839706,0.011852585710585117
64,SGP,Singapore,2022,-1.5709375143051147,-1.094954490661621,3.006768226623535,2,1.4344711303710938,-0.3217161297798157,1.7217825651168823,-0.24135330319404602,1.536649465560913,-0.6072466969490051,1.0449817180633545,-0.11654838174581528,0.047321680933237076,0.7291154265403748,0.01678149774670601,0.0229635126888752,0.02374444343149662,0.03232400119304657,0.05097244679927826,0.013301225379109383,0.051623132079839706,0.011852585710585117
64,SGP,Singapore,2023,-1.6358672380447388,-1.1703944206237793,3.006768226623535,2,1.4344711303710938,-0.3217161297798157,1.7217825651168823,-0.24135330319404602,1.536649465560913,-0.6072466969490051,1.0449817180633545,-0.11654838174581528,0.047321680933237076,0.7291154265403748,0.01678149774670601,0.0229635126888752,0.02374444343149662,0.03232400119304657,0.05097244679927826,0.013301225379109383,0.051623132079839706,0.011852585710585117
65,SVK,Slovakia,2018,-1.5849237442016602,-0.938373327255249,3.006768226623535,2,0.11652449518442154,-0.3217161297798157,0.11614179611206055,-0.24135330319404602,0.3065413236618042,-0.6072466969490051,-0.07310961931943893,-0.11654838174581528,0.047321680933237076,0.7291154265403748,0.01678149774670601,0.0229635126888752,0.02374444343149662,0.03232400119304657,0.05097244679927826,0.013301225379109383,0.051623132079839706,0.011852585710585117
65,SVK,Slovakia,2019,-2.091881036758423,-0.984199047088623,3.006768226623535,2,0.11652449518442154,-0.3217161297798157,0.11614179611206055,-0.24135330319404602,0.3065413236618042,-0.6072466969490051,-0.07310961931943893,-0.11654838174581528,0.047321680933237076,0.7291154265403748,0.01678149774670601,0.0229635126888752,0.02374444343149662,0.03232400119304657,0.05097244679927826,0.013301225379109383,0.051623132079839706,0.011852585710585117
65,SVK,Slovakia,2020,-2.406219482421875,-1.0467873811721802,3.006768226623535,2,0.11652449518442154,-0.3217161297798157,0.11614179611206055,-0.24135330319404602,0.3065413236618042,-0.6072466969490051,-0.07310961931943893,-0.11654838174581528,0.047321680933237076,0.7291154265403748,0.01678149774670601,0.0229635126888752,0.02374444343149662,0.03232400119304657,0.05097244679927826,0.013301225379109383,0.051623132079839706,0.011852585710585117
65,SVK,Slovakia,2021,-2.1880667209625244,-1.1427068710327148,3.006768226623535,2,0.11652449518442154,-0.3217161297798157,0.11614179611206055,-0.24135330319404602,0.3065413236618042,-0.6072466969490051,-0.07310961931943893,-0.11654838174581528,0.047321680933237076,0.7291154265403748,0.01678149774670601,0.0229635126888752,0.02374444343149662,0.03232400119304657,0.05097244679927826,0.013301225379109383,0.051623132079839706,0.011852585710585117
65,SVK,Slovakia,2022,-2.8150081634521484,-1.2084465026855469,3.006768226623535,2,0.11652449518442154,-0.3217161297798157,0.11614179611206055,-0.24135330319404602,0.3065413236618042,-0.6072466969490051,-0.07310961931943893,-0.11654838174581528,0.047321680933237076,0.7291154265403748,0.01678149774670601,0.0229635126888752,0.02374444343149662,0.03232400119304657,0.05097244679927826,0.013301225379109383,0.051623132079839706,0.011852585710585117
65,SVK,Slovakia,2023,-3.482109785079956,-1.2514348030090332,3.006768226623535,2,0.11652449518442154,-0.3217161297798157,0.11614179611206055,-0.24135330319404602,0.3065413236618042,-0.6072466969490051,-0.07310961931943893,-0.11654838174581528,0.047321680933237076,0.7291154265403748,0.01678149774670601,0.0229635126888752,0.02374444343149662,0.03232400119304657,0.05097244679927826,0.013301225379109383,0.051623132079839706,0.011852585710585117
66,SVN,Slovenia,2018,-4.337141990661621,0.3457900285720825,3.006768226623535,2,0.38642582297325134,-0.3217161297798157,0.28950437903404236,-0.24135330319404602,0.34630832076072693,-0.6072466969490051,0.5234646797180176,-0.11654838174581528,0.047321680933237076,0.7291154265403748,0.01678149774670601,0.0229635126888752,0.02374444343149662,0.03232400119304657,0.05097244679927826,0.013301225379109383,0.051623132079839706,0.011852585710585117
66,SVN,Slovenia,2019,-4.712256908416748,0.1926339566707611,3.006768226623535,2,0.38642582297325134,-0.3217161297798157,0.28950437903404236,-0.24135330319404602,0.34630832076072693,-0.6072466969490051,0.5234646797180176,-0.11654838174581528,0.047321680933237076,0.7291154265403748,0.01678149774670601,0.0229635126888752,0.02374444343149662,0.03232400119304657,0.05097244679927826,0.013301225379109383,0.051623132079839706,0.011852585710585117
66,SVN,Slovenia,2020,-6.15969705581665,-0.020057111978530884,3.006768226623535,2,0.38642582297325134,-0.3217161297798157,0.28950437903404236,-0.24135330319404602,0.34630832076072693,-0.6072466969490051,0.5234646797180176,-0.11654838174581528,0.047321680933237076,0.7291154265403748,0.01678149774670601,0.0229635126888752,0.02374444343149662,0.03232400119304657,0.05097244679927826,0.013301225379109383,0.051623132079839706,0.011852585710585117
66,SVN,Slovenia,2021,-6.669349670410156,-0.13157275319099426,3.006768226623535,2,0.38642582297325134,-0.3217161297798157,0.28950437903404236,-0.24135330319404602,0.34630832076072693,-0.6072466969490051,0.5234646797180176,-0.11654838174581528,0.047321680933237076,0.7291154265403748,0.01678149774670601,0.0229635126888752,0.02374444343149662,0.03232400119304657,0.05097244679927826,0.013301225379109383,0.051623132079839706,0.011852585710585117
66,SVN,Slovenia,2022,-7.458681583404541,-0.2310119867324829,3.006768226623535,2,0.38642582297325134,-0.3217161297798157,0.28950437903404236,-0.24135330319404602,0.34630832076072693,-0.6072466969490051,0.5234646797180176,-0.11654838174581528,0.047321680933237076,0.7291154265403748,0.01678149774670601,0.0229635126888752,0.02374444343149662,0.03232400119304657,0.05097244679927826,0.013301225379109383,0.051623132079839706,0.011852585710585117
66,SVN,Slovenia,2023,-9.606645584106445,-0.2833099961280823,3.006768226623535,2,0.38642582297325134,-0.3217161297798157,0.28950437903404236,-0.24135330319404602,0.34630832076072693,-0.6072466969490051,0.5234646797180176,-0.11654838174581528,0.047321680933237076,0.7291154265403748,0.01678149774670601,0.0229635126888752,0.02374444343149662,0.03232400119304657,0.05097244679927826,0.013301225379109383,0.051623132079839706,0.011852585710585117
67,SWE,Sweden,2018,-1.111396074295044,0.45761069655418396,3.006768226623535,2,1.3480762243270874,-0.3217161297798157,1.4301238059997559,-0.24135330319404602,1.161694884300232,-0.6072466969490051,1.4524099826812744,-0.11654838174581528,0.047321680933237076,0.7291154265403748,0.01678149774670601,0.0229635126888752,0.02374444343149662,0.03232400119304657,0.05097244679927826,0.013301225379109383,0.051623132079839706,0.011852585710585117
67,SWE,Sweden,2019,-1.153639554977417,0.29466575384140015,3.006768226623535,2,1.3480762243270874,-0.3217161297798157,1.4301238059997559,-0.24135330319404602,1.161694884300232,-0.6072466969490051,1.4524099826812744,-0.11654838174581528,0.047321680933237076,0.7291154265403748,0.01678149774670601,0.0229635126888752,0.02374444343149662,0.03232400119304657,0.05097244679927826,0.013301225379109383,0.051623132079839706,0.011852585710585117
67,SWE,Sweden,2020,-1.5468288660049438,0.13800352811813354,3.006768226623535,2,1.3480762243270874,-0.3217161297798157,1.4301238059997559,-0.24135330319404602,1.161694884300232,-0.6072466969490051,1.4524099826812744,-0.11654838174581528,0.047321680933237076,0.7291154265403748,0.01678149774670601,0.0229635126888752,0.02374444343149662,0.03232400119304657,0.05097244679927826,0.013301225379109383,0.051623132079839706,0.011852585710585117
67,SWE,Sweden,2021,-1.2186294794082642,0.0073545463383197784,3.006768226623535,2,1.3480762243270874,-0.3217161297798157,1.4301238059997559,-0.24135330319404602,1.161694884300232,-0.6072466969490051,1.4524099826812744,-0.11654838174581528,0.047321680933237076,0.7291154265403748,0.01678149774670601,0.0229635126888752,0.02374444343149662,0.03232400119304657,0.05097244679927826,0.013301225379109383,0.051623132079839706,0.011852585710585117
67,SWE,Sweden,2022,-1.295534372329712,-0.10198395699262619,3.006768226623535,2,1.3480762243270874,-0.3217161297798157,1.4301238059997559,-0.24135330319404602,1.161694884300232,-0.6072466969490051,1.4524099826812744,-0.11654838174581528,0.047321680933237076,0.7291154265403748,0.01678149774670601,0.0229635126888752,0.02374444343149662,0.03232400119304657,0.05097244679927826,0.013301225379109383,0.051623132079839706,0.011852585710585117
67,SWE,Sweden,2023,-1.5739079713821411,-0.18464022874832153,3.006768226623535,2,1.3480762243270874,-0.3217161297798157,1.4301238059997559,-0.24135330319404602,1.161694884300232,-0.6072466969490051,1.4524099826812744,-0.11654838174581528,0.047321680933237076,0.7291154265403748,0.01678149774670601,0.0229635126888752,0.02374444343149662,0.03232400119304657,0.05097244679927826,0.013301225379109383,0.051623132079839706,0.011852585710585117
68,THA,Thailand,2018,-6.279742240905762,-0.15623000264167786,3.006768226623535,2,-0.2564157247543335,-0.3217161297798157,-0.22457081079483032,-0.24135330319404602,-0.3106171190738678,-0.6072466969490051,-0.23405922949314117,-0.11654838174581528,0.047321680933237076,0.7291154265403748,0.01678149774670601,0.0229635126888752,0.02374444343149662,0.03232400119304657,0.05097244679927826,0.013301225379109383,0.051623132079839706,0.011852585710585117
68,THA,Thailand,2019,-7.279186248779297,0.08563658595085144,3.006768226623535,2,-0.2564157247543335,-0.3217161297798157,-0.22457081079483032,-0.24135330319404602,-0.3106171190738678,-0.6072466969490051,-0.23405922949314117,-0.11654838174581528,0.047321680933237076,0.7291154265403748,0.01678149774670601,0.0229635126888752,0.02374444343149662,0.03232400119304657,0.05097244679927826,0.013301225379109383,0.051623132079839706,0.011852585710585117
68,THA,Thailand,2020,-5.78999662399292,0.14220860600471497,3.006768226623535,2,-0.2564157247543335,-0.3217161297798157,-0.22457081079483032,-0.24135330319404602,-0.3106171190738678,-0.6072466969490051,-0.23405922949314117,-0.11654838174581528,0.047321680933237076,0.7291154265403748,0.01678149774670601,0.0229635126888752,0.02374444343149662,0.03232400119304657,0.05097244679927826,0.013301225379109383,0.051623132079839706,0.011852585710585117
68,THA,Thailand,2021,-6.593542575836182,0.16141784191131592,3.006768226623535,2,-0.2564157247543335,-0.3217161297798157,-0.22457081079483032,-0.24135330319404602,-0.3106171190738678,-0.6072466969490051,-0.23405922949314117,-0.11654838174581528,0.047321680933237076,0.7291154265403748,0.01678149774670601,0.0229635126888752,0.02374444343149662,0.03232400119304657,0.05097244679927826,0.013301225379109383,0.051623132079839706,0.011852585710585117
68,THA,Thailand,2022,-7.6401472091674805,0.1731238067150116,3.006768226623535,2,-0.2564157247543335,-0.3217161297798157,-0.22457081079483032,-0.24135330319404602,-0.3106171190738678,-0.6072466969490051,-0.23405922949314117,-0.11654838174581528,0.047321680933237076,0.7291154265403748,0.01678149774670601,0.0229635126888752,0.02374444343149662,0.03232400119304657,0.05097244679927826,0.013301225379109383,0.051623132079839706,0.011852585710585117
68,THA,Thailand,2023,-9.644476890563965,0.17274892330169678,3.006768226623535,2,-0.2564157247543335,-0.3217161297798157,-0.22457081079483032,-0.24135330319404602,-0.3106171190738678,-0.6072466969490051,-0.23405922949314117,-0.11654838174581528,0.047321680933237076,0.7291154265403748,0.01678149774670601,0.0229635126888752,0.02374444343149662,0.03232400119304657,0.05097244679927826,0.013301225379109383,0.051623132079839706,0.011852585710585117
69,TKM,Turkmenistan,2018,-0.8944293856620789,-0.10363277792930603,3.006768226623535,2,-2.006190538406372,-0.3217161297798157,-1.8531438112258911,-0.24135330319404602,-2.4522314071655273,-0.6072466969490051,-1.7131962776184082,-0.11654838174581528,0.047321680933237076,0.7291154265403748,0.01678149774670601,0.0229635126888752,0.02374444343149662,0.03232400119304657,0.05097244679927826,0.013301225379109383,0.051623132079839706,0.011852585710585117
69,TKM,Turkmenistan,2019,1.0794837474822998,0.22637948393821716,3.006768226623535,2,-2.006190538406372,-0.3217161297798157,-1.8531438112258911,-0.24135330319404602,-2.4522314071655273,-0.6072466969490051,-1.7131962776184082,-0.11654838174581528,0.047321680933237076,0.7291154265403748,0.01678149774670601,0.0229635126888752,0.02374444343149662,0.03232400119304657,0.05097244679927826,0.013301225379109383,0.051623132079839706,0.011852585710585117
69,TKM,Turkmenistan,2020,1.1499806642532349,0.3228246867656708,3.006768226623535,2,-2.006190538406372,-0.3217161297798157,-1.8531438112258911,-0.24135330319404602,-2.4522314071655273,-0.6072466969490051,-1.7131962776184082,-0.11654838174581528,0.047321680933237076,0.7291154265403748,0.01678149774670601,0.0229635126888752,0.02374444343149662,0.03232400119304657,0.05097244679927826,0.013301225379109383,0.051623132079839706,0.011852585710585117
69,TKM,Turkmenistan,2021,-3.7143051624298096,0.38795289397239685,3.006768226623535,2,-2.006190538406372,-0.3217161297798157,-1.8531438112258911,-0.24135330319404602,-2.4522314071655273,-0.6072466969490051,-1.7131962776184082,-0.11654838174581528,0.047321680933237076,0.7291154265403748,0.01678149774670601,0.0229635126888752,0.02374444343149662,0.03232400119304657,0.05097244679927826,0.013301225379109383,0.051623132079839706,0.011852585710585117
69,TKM,Turkmenistan,2022,-2.6568517684936523,0.3545418679714203,3.006768226623535,2,-2.006190538406372,-0.3217161297798157,-1.8531438112258911,-0.24135330319404602,-2.4522314071655273,-0.6072466969490051,-1.7131962776184082,-0.11654838174581528,0.047321680933237076,0.7291154265403748,0.01678149774670601,0.0229635126888752,0.02374444343149662,0.03232400119304657,0.05097244679927826,0.013301225379109383,0.051623132079839706,0.011852585710585117
69,TKM,Turkmenistan,2023,-1.52890145778656,0.3591028153896332,3.006768226623535,2,-2.006190538406372,-0.3217161297798157,-1.8531438112258911,-0.24135330319404602,-2.4522314071655273,-0.6072466969490051,-1.7131962776184082,-0.11654838174581528,0.047321680933237076,0.7291154265403748,0.01678149774670601,0.0229635126888752,0.02374444343149662,0.03232400119304657,0.05097244679927826,0.013301225379109383,0.051623132079839706,0.011852585710585117
70,TTO,Trinidad and Tobago,2018,1.318193793296814,0.5715333223342896,3.006768226623535,2,-0.04588906839489937,-0.3217161297798157,-0.1480531096458435,-0.24135330319404602,0.11017729341983795,-0.6072466969490051,-0.09979138523340225,-0.11654838174581528,0.047321680933237076,0.7291154265403748,0.01678149774670601,0.0229635126888752,0.02374444343149662,0.03232400119304657,0.05097244679927826,0.013301225379109383,0.051623132079839706,0.011852585710585117
70,TTO,Trinidad and Tobago,2019,1.3760409355163574,0.2937326729297638,3.006768226623535,2,-0.04588906839489937,-0.3217161297798157,-0.1480531096458435,-0.24135330319404602,0.11017729341983795,-0.6072466969490051,-0.09979138523340225,-0.11654838174581528,0.047321680933237076,0.7291154265403748,0.01678149774670601,0.0229635126888752,0.02374444343149662,0.03232400119304657,0.05097244679927826,0.013301225379109383,0.051623132079839706,0.011852585710585117
70,TTO,Trinidad and Tobago,2020,1.318193793296814,0.07703599333763123,3.006768226623535,2,-0.04588906839489937,-0.3217161297798157,-0.1480531096458435,-0.24135330319404602,0.11017729341983795,-0.6072466969490051,-0.09979138523340225,-0.11654838174581528,0.047321680933237076,0.7291154265403748,0.01678149774670601,0.0229635126888752,0.02374444343149662,0.03232400119304657,0.05097244679927826,0.013301225379109383,0.051623132079839706,0.011852585710585117
70,TTO,Trinidad and Tobago,2021,1.665277123451233,-0.09760189056396484,3.006768226623535,2,-0.04588906839489937,-0.3217161297798157,-0.1480531096458435,-0.24135330319404602,0.11017729341983795,-0.6072466969490051,-0.09979138523340225,-0.11654838174581528,0.047321680933237076,0.7291154265403748,0.01678149774670601,0.0229635126888752,0.02374444343149662,0.03232400119304657,0.05097244679927826,0.013301225379109383,0.051623132079839706,0.011852585710585117
70,TTO,Trinidad and Tobago,2022,2.058638334274292,-0.22584150731563568,3.006768226623535,2,-0.04588906839489937,-0.3217161297798157,-0.1480531096458435,-0.24135330319404602,0.11017729341983795,-0.6072466969490051,-0.09979138523340225,-0.11654838174581528,0.047321680933237076,0.7291154265403748,0.01678149774670601,0.0229635126888752,0.02374444343149662,0.03232400119304657,0.05097244679927826,0.013301225379109383,0.051623132079839706,0.011852585710585117
70,TTO,Trinidad and Tobago,2023,2.058638334274292,-0.31931209564208984,3.006768226623535,2,-0.04588906839489937,-0.3217161297798157,-0.1480531096458435,-0.24135330319404602,0.11017729341983795,-0.6072466969490051,-0.09979138523340225,-0.11654838174581528,0.047321680933237076,0.7291154265403748,0.01678149774670601,0.0229635126888752,0.02374444343149662,0.03232400119304657,0.05097244679927826,0.013301225379109383,0.051623132079839706,0.011852585710585117
71,TUR,Turkey,2018,-0.10262159258127213,0.26806989312171936,3.006768226623535,2,-0.3568929135799408,-0.3217161297798157,-0.3960716426372528,-0.24135330319404602,-0.2856121361255646,-0.6072466969490051,-0.3889949917793274,-0.11654838174581528,0.047321680933237076,0.7291154265403748,0.01678149774670601,0.0229635126888752,0.02374444343149662,0.03232400119304657,0.05097244679927826,0.013301225379109383,0.051623132079839706,0.011852585710585117
71,TUR,Turkey,2019,-1.772402048110962,0.46747419238090515,3.006768226623535,2,-0.3568929135799408,-0.3217161297798157,-0.3960716426372528,-0.24135330319404602,-0.2856121361255646,-0.6072466969490051,-0.3889949917793274,-0.11654838174581528,0.047321680933237076,0.7291154265403748,0.01678149774670601,0.0229635126888752,0.02374444343149662,0.03232400119304657,0.05097244679927826,0.013301225379109383,0.051623132079839706,0.011852585710585117
71,TUR,Turkey,2020,-1.959740161895752,0.4839336574077606,3.006768226623535,2,-0.3568929135799408,-0.3217161297798157,-0.3960716426372528,-0.24135330319404602,-0.2856121361255646,-0.6072466969490051,-0.3889949917793274,-0.11654838174581528,0.047321680933237076,0.7291154265403748,0.01678149774670601,0.0229635126888752,0.02374444343149662,0.03232400119304657,0.05097244679927826,0.013301225379109383,0.051623132079839706,0.011852585710585117
71,TUR,Turkey,2021,-1.391783356666565,0.49071571230888367,3.006768226623535,2,-0.3568929135799408,-0.3217161297798157,-0.3960716426372528,-0.24135330319404602,-0.2856121361255646,-0.6072466969490051,-0.3889949917793274,-0.11654838174581528,0.047321680933237076,0.7291154265403748,0.01678149774670601,0.0229635126888752,0.02374444343149662,0.03232400119304657,0.05097244679927826,0.013301225379109383,0.051623132079839706,0.011852585710585117
71,TUR,Turkey,2022,-1.788352370262146,0.4767080843448639,3.006768226623535,2,-0.3568929135799408,-0.3217161297798157,-0.3960716426372528,-0.24135330319404602,-0.2856121361255646,-0.6072466969490051,-0.3889949917793274,-0.11654838174581528,0.047321680933237076,0.7291154265403748,0.01678149774670601,0.0229635126888752,0.02374444343149662,0.03232400119304657,0.05097244679927826,0.013301225379109383,0.051623132079839706,0.011852585710585117
71,TUR,Turkey,2023,-1.6069564819335938,0.5037317276000977,3.006768226623535,2,-0.3568929135799408,-0.3217161297798157,-0.3960716426372528,-0.24135330319404602,-0.2856121361255646,-0.6072466969490051,-0.3889949917793274,-0.11654838174581528,0.047321680933237076,0.7291154265403748,0.01678149774670601,0.0229635126888752,0.02374444343149662,0.03232400119304657,0.05097244679927826,0.013301225379109383,0.051623132079839706,0.011852585710585117
72,UKR,Ukraine,2018,-3.635014295578003,0.05978068709373474,3.006768226623535,2,-1.2346214056015015,-0.3217161297798157,-1.3236093521118164,-0.24135330319404602,-1.1485481262207031,-0.6072466969490051,-1.2317067384719849,-0.11654838174581528,0.047321680933237076,0.7291154265403748,0.01678149774670601,0.0229635126888752,0.02374444343149662,0.03232400119304657,0.05097244679927826,0.013301225379109383,0.051623132079839706,0.011852585710585117
72,UKR,Ukraine,2019,-4.1212358474731445,0.1047535240650177,3.006768226623535,2,-1.2346214056015015,-0.3217161297798157,-1.3236093521118164,-0.24135330319404602,-1.1485481262207031,-0.6072466969490051,-1.2317067384719849,-0.11654838174581528,0.047321680933237076,0.7291154265403748,0.01678149774670601,0.0229635126888752,0.02374444343149662,0.03232400119304657,0.05097244679927826,0.013301225379109383,0.051623132079839706,0.011852585710585117
72,UKR,Ukraine,2020,-5.126094341278076,0.1668681800365448,3.006768226623535,2,-1.2346214056015015,-0.3217161297798157,-1.3236093521118164,-0.24135330319404602,-1.1485481262207031,-0.6072466969490051,-1.2317067384719849,-0.11654838174581528,0.047321680933237076,0.7291154265403748,0.01678149774670601,0.0229635126888752,0.02374444343149662,0.03232400119304657,0.05097244679927826,0.013301225379109383,0.051623132079839706,0.011852585710585117
72,UKR,Ukraine,2021,-7.988569259643555,0.26173004508018494,3.006768226623535,2,-1.2346214056015015,-0.3217161297798157,-1.3236093521118164,-0.24135330319404602,-1.1485481262207031,-0.6072466969490051,-1.2317067384719849,-0.11654838174581528,0.047321680933237076,0.7291154265403748,0.01678149774670601,0.0229635126888752,0.02374444343149662,0.03232400119304657,0.05097244679927826,0.013301225379109383,0.051623132079839706,0.011852585710585117
72,UKR,Ukraine,2022,-9.796317100524902,0.155901700258255,3.006768226623535,2,-1.2346214056015015,-0.3217161297798157,-1.3236093521118164,-0.24135330319404602,-1.1485481262207031,-0.6072466969490051,-1.2317067384719849,-0.11654838174581528,0.047321680933237076,0.7291154265403748,0.01678149774670601,0.0229635126888752,0.02374444343149662,0.03232400119304657,0.05097244679927826,0.013301225379109383,0.051623132079839706,0.011852585710585117
72,UKR,Ukraine,2023,-9.796317100524902,0.14812567830085754,3.006768226623535,2,-1.2346214056015015,-0.3217161297798157,-1.3236093521118164,-0.24135330319404602,-1.1485481262207031,-0.6072466969490051,-1.2317067384719849,-0.11654838174581528,0.047321680933237076,0.7291154265403748,0.01678149774670601,0.0229635126888752,0.02374444343149662,0.03232400119304657,0.05097244679927826,0.013301225379109383,0.051623132079839706,0.011852585710585117
73,USA,United States,2018,-7.697317123413086,-1.2589082717895508,3.006768226623535,2,1.167035460472107,-0.3217161297798157,1.1881818771362305,-0.24135330319404602,1.1316249370574951,-0.6072466969490051,1.1812996864318848,-0.11654838174581528,0.047321680933237076,0.7291154265403748,0.01678149774670601,0.0229635126888752,0.02374444343149662,0.03232400119304657,0.05097244679927826,0.013301225379109383,0.051623132079839706,0.011852585710585117
73,USA,United States,2019,-9.035722732543945,-1.4761680364608765,3.006768226623535,2,1.167035460472107,-0.3217161297798157,1.1881818771362305,-0.24135330319404602,1.1316249370574951,-0.6072466969490051,1.1812996864318848,-0.11654838174581528,0.047321680933237076,0.7291154265403748,0.01678149774670601,0.0229635126888752,0.02374444343149662,0.03232400119304657,0.05097244679927826,0.013301225379109383,0.051623132079839706,0.011852585710585117
73,USA,United States,2020,-10.637649536132812,-1.7003644704818726,3.006768226623535,2,1.167035460472107,-0.3217161297798157,1.1881818771362305,-0.24135330319404602,1.1316249370574951,-0.6072466969490051,1.1812996864318848,-0.11654838174581528,0.047321680933237076,0.7291154265403748,0.01678149774670601,0.0229635126888752,0.02374444343149662,0.03232400119304657,0.05097244679927826,0.013301225379109383,0.051623132079839706,0.011852585710585117
73,USA,United States,2021,-9.941286087036133,-1.8897002935409546,3.006768226623535,2,1.167035460472107,-0.3217161297798157,1.1881818771362305,-0.24135330319404602,1.1316249370574951,-0.6072466969490051,1.1812996864318848,-0.11654838174581528,0.047321680933237076,0.7291154265403748,0.01678149774670601,0.0229635126888752,0.02374444343149662,0.03232400119304657,0.05097244679927826,0.013301225379109383,0.051623132079839706,0.011852585710585117
73,USA,United States,2022,-10.715087890625,-2.0300228595733643,3.006768226623535,2,1.167035460472107,-0.3217161297798157,1.1881818771362305,-0.24135330319404602,1.1316249370574951,-0.6072466969490051,1.1812996864318848,-0.11654838174581528,0.047321680933237076,0.7291154265403748,0.01678149774670601,0.0229635126888752,0.02374444343149662,0.03232400119304657,0.05097244679927826,0.013301225379109383,0.051623132079839706,0.011852585710585117
73,USA,United States,2023,-11.726405143737793,-2.120774745941162,3.006768226623535,2,1.167035460472107,-0.3217161297798157,1.1881818771362305,-0.24135330319404602,1.1316249370574951,-0.6072466969490051,1.1812996864318848,-0.11654838174581528,0.047321680933237076,0.7291154265403748,0.01678149774670601,0.0229635126888752,0.02374444343149662,0.03232400119304657,0.05097244679927826,0.013301225379109383,0.051623132079839706,0.011852585710585117
74,UZB,Uzbekistan,2018,1.4206937551498413,0.6780412197113037,3.006768226623535,2,-1.8003510236740112,-0.3217161297798157,-1.597791075706482,-0.24135330319404602,-2.1902878284454346,-0.6072466969490051,-1.6129741668701172,-0.11654838174581528,0.047321680933237076,0.7291154265403748,0.01678149774670601,0.0229635126888752,0.02374444343149662,0.03232400119304657,0.05097244679927826,0.013301225379109383,0.051623132079839706,0.011852585710585117
74,UZB,Uzbekistan,2019,0.9323561787605286,0.9097658395767212,3.006768226623535,2,-1.8003510236740112,-0.3217161297798157,-1.597791075706482,-0.24135330319404602,-2.1902878284454346,-0.6072466969490051,-1.6129741668701172,-0.11654838174581528,0.047321680933237076,0.7291154265403748,0.01678149774670601,0.0229635126888752,0.02374444343149662,0.03232400119304657,0.05097244679927826,0.013301225379109383,0.051623132079839706,0.011852585710585117
74,UZB,Uzbekistan,2020,1.6637600660324097,0.6502745151519775,3.006768226623535,2,-1.8003510236740112,-0.3217161297798157,-1.597791075706482,-0.24135330319404602,-2.1902878284454346,-0.6072466969490051,-1.6129741668701172,-0.11654838174581528,0.047321680933237076,0.7291154265403748,0.01678149774670601,0.0229635126888752,0.02374444343149662,0.03232400119304657,0.05097244679927826,0.013301225379109383,0.051623132079839706,0.011852585710585117
74,UZB,Uzbekistan,2021,1.6973286867141724,0.7576898336410522,3.006768226623535,2,-1.8003510236740112,-0.3217161297798157,-1.597791075706482,-0.24135330319404602,-2.1902878284454346,-0.6072466969490051,-1.6129741668701172,-0.11654838174581528,0.047321680933237076,0.7291154265403748,0.01678149774670601,0.0229635126888752,0.02374444343149662,0.03232400119304657,0.05097244679927826,0.013301225379109383,0.051623132079839706,0.011852585710585117
74,UZB,Uzbekistan,2022,0.9835667014122009,0.5205696821212769,3.006768226623535,2,-1.8003510236740112,-0.3217161297798157,-1.597791075706482,-0.24135330319404602,-2.1902878284454346,-0.6072466969490051,-1.6129741668701172,-0.11654838174581528,0.047321680933237076,0.7291154265403748,0.01678149774670601,0.0229635126888752,0.02374444343149662,0.03232400119304657,0.05097244679927826,0.013301225379109383,0.051623132079839706,0.011852585710585117
74,UZB,Uzbekistan,2023,0.9794012308120728,0.4852066934108734,3.006768226623535,2,-1.8003510236740112,-0.3217161297798157,-1.597791075706482,-0.24135330319404602,-2.1902878284454346,-0.6072466969490051,-1.6129741668701172,-0.11654838174581528,0.047321680933237076,0.7291154265403748,0.01678149774670601,0.0229635126888752,0.02374444343149662,0.03232400119304657,0.05097244679927826,0.013301225379109383,0.051623132079839706,0.011852585710585117
75,VEN,Venezuela,2018,4.365685939788818,-0.08260628581047058,3.006768226623535,2,-1.5081526041030884,-0.3217161297798157,-1.3741530179977417,-0.24135330319404602,-1.5062425136566162,-0.6072466969490051,-1.6440623998641968,-0.11654838174581528,0.047321680933237076,0.7291154265403748,0.01678149774670601,0.0229635126888752,0.02374444343149662,0.03232400119304657,0.05097244679927826,0.013301225379109383,0.051623132079839706,0.011852585710585117
75,VEN,Venezuela,2019,4.361935615539551,-0.031023576855659485,3.006768226623535,2,-1.5081526041030884,-0.3217161297798157,-1.3741530179977417,-0.24135330319404602,-1.5062425136566162,-0.6072466969490051,-1.6440623998641968,-0.11654838174581528,0.047321680933237076,0.7291154265403748,0.01678149774670601,0.0229635126888752,0.02374444343149662,0.03232400119304657,0.05097244679927826,0.013301225379109383,0.051623132079839706,0.011852585710585117
75,VEN,Venezuela,2020,-2.0265071392059326,0.02455390989780426,3.006768226623535,2,-1.5081526041030884,-0.3217161297798157,-1.3741530179977417,-0.24135330319404602,-1.5062425136566162,-0.6072466969490051,-1.6440623998641968,-0.11654838174581528,0.047321680933237076,0.7291154265403748,0.01678149774670601,0.0229635126888752,0.02374444343149662,0.03232400119304657,0.05097244679927826,0.013301225379109383,0.051623132079839706,0.011852585710585117
75,VEN,Venezuela,2021,-2.5107500553131104,-0.16214728355407715,3.006768226623535,2,-1.5081526041030884,-0.3217161297798157,-1.3741530179977417,-0.24135330319404602,-1.5062425136566162,-0.6072466969490051,-1.6440623998641968,-0.11654838174581528,0.047321680933237076,0.7291154265403748,0.01678149774670601,0.0229635126888752,0.02374444343149662,0.03232400119304657,0.05097244679927826,0.013301225379109383,0.051623132079839706,0.011852585710585117
75,VEN,Venezuela,2022,-2.220579147338867,-0.4382431209087372,3.006768226623535,2,-1.5081526041030884,-0.3217161297798157,-1.3741530179977417,-0.24135330319404602,-1.5062425136566162,-0.6072466969490051,-1.6440623998641968,-0.11654838174581528,0.047321680933237076,0.7291154265403748,0.01678149774670601,0.0229635126888752,0.02374444343149662,0.03232400119304657,0.05097244679927826,0.013301225379109383,0.051623132079839706,0.011852585710585117
75,VEN,Venezuela,2023,-2.2290172576904297,-0.43680340051651,3.006768226623535,2,-1.5081526041030884,-0.3217161297798157,-1.3741530179977417,-0.24135330319404602,-1.5062425136566162,-0.6072466969490051,-1.6440623998641968,-0.11654838174581528,0.047321680933237076,0.7291154265403748,0.01678149774670601,0.0229635126888752,0.02374444343149662,0.03232400119304657,0.05097244679927826,0.013301225379109383,0.051623132079839706,0.011852585710585117
76,VNM,Vietnam,2018,1.8500128984451294,0.7017877101898193,3.006768226623535,2,-1.0041168928146362,-0.3217161297798157,-0.9023603796958923,-0.24135330319404602,-1.090646505355835,-0.6072466969490051,-1.0193438529968262,-0.11654838174581528,0.047321680933237076,0.7291154265403748,0.01678149774670601,0.0229635126888752,0.02374444343149662,0.03232400119304657,0.05097244679927826,0.013301225379109383,0.051623132079839706,0.011852585710585117
76,VNM,Vietnam,2019,3.117563009262085,0.9370189905166626,3.006768226623535,2,-1.0041168928146362,-0.3217161297798157,-0.9023603796958923,-0.24135330319404602,-1.090646505355835,-0.6072466969490051,-1.0193438529968262,-0.11654838174581528,0.047321680933237076,0.7291154265403748,0.01678149774670601,0.0229635126888752,0.02374444343149662,0.03232400119304657,0.05097244679927826,0.013301225379109383,0.051623132079839706,0.011852585710585117
76,VNM,Vietnam,2020,2.663336753845215,1.1537261009216309,3.006768226623535,2,-1.0041168928146362,-0.3217161297798157,-0.9023603796958923,-0.24135330319404602,-1.090646505355835,-0.6072466969490051,-1.0193438529968262,-0.11654838174581528,0.047321680933237076,0.7291154265403748,0.01678149774670601,0.0229635126888752,0.02374444343149662,0.03232400119304657,0.05097244679927826,0.013301225379109383,0.051623132079839706,0.011852585710585117
76,VNM,Vietnam,2021,1.7106215953826904,1.2144291400909424,3.006768226623535,2,-1.0041168928146362,-0.3217161297798157,-0.9023603796958923,-0.24135330319404602,-1.090646505355835,-0.6072466969490051,-1.0193438529968262,-0.11654838174581528,0.047321680933237076,0.7291154265403748,0.01678149774670601,0.0229635126888752,0.02374444343149662,0.03232400119304657,0.05097244679927826,0.013301225379109383,0.051623132079839706,0.011852585710585117
76,VNM,Vietnam,2022,0.6460008025169373,1.2998557090759277,3.006768226623535,2,-1.0041168928146362,-0.3217161297798157,-0.9023603796958923,-0.24135330319404602,-1.090646505355835,-0.6072466969490051,-1.0193438529968262,-0.11654838174581528,0.047321680933237076,0.7291154265403748,0.01678149774670601,0.0229635126888752,0.02374444343149662,0.03232400119304657,0.05097244679927826,0.013301225379109383,0.051623132079839706,0.011852585710585117
76,VNM,Vietnam,2023,1.6631464958190918,1.2112455368041992,3.006768226623535,2,-1.0041168928146362,-0.3217161297798157,-0.9023603796958923,-0.24135330319404602,-1.090646505355835,-0.6072466969490051,-1.0193438529968262,-0.11654838174581528,0.047321680933237076,0.7291154265403748,0.01678149774670601,0.0229635126888752,0.02374444343149662,0.03232400119304657,0.05097244679927826,0.013301225379109383,0.051623132079839706,0.011852585710585117
77,ZAF,South Africa,2018,-6.3950324058532715,0.4693376123905182,3.006768226623535,2,-0.0641661062836647,-0.3217161297798157,-0.015326484106481075,-0.24135330319404602,0.13372927904129028,-0.6072466969490051,-0.31090110540390015,-0.11654838174581528,0.047321680933237076,0.7291154265403748,0.01678149774670601,0.0229635126888752,0.02374444343149662,0.03232400119304657,0.05097244679927826,0.013301225379109383,0.051623132079839706,0.011852585710585117
77,ZAF,South Africa,2019,-8.257451057434082,0.5730702877044678,3.006768226623535,2,-0.0641661062836647,-0.3217161297798157,-0.015326484106481075,-0.24135330319404602,0.13372927904129028,-0.6072466969490051,-0.31090110540390015,-0.11654838174581528,0.047321680933237076,0.7291154265403748,0.01678149774670601,0.0229635126888752,0.02374444343149662,0.03232400119304657,0.05097244679927826,0.013301225379109383,0.051623132079839706,0.011852585710585117
77,ZAF,South Africa,2020,-7.980379581451416,0.5791356563568115,3.006768226623535,2,-0.0641661062836647,-0.3217161297798157,-0.015326484106481075,-0.24135330319404602,0.13372927904129028,-0.6072466969490051,-0.31090110540390015,-0.11654838174581528,0.047321680933237076,0.7291154265403748,0.01678149774670601,0.0229635126888752,0.02374444343149662,0.03232400119304657,0.05097244679927826,0.013301225379109383,0.051623132079839706,0.011852585710585117
77,ZAF,South Africa,2021,-12.659340858459473,0.5743800401687622,3.006768226623535,2,-0.0641661062836647,-0.3217161297798157,-0.015326484106481075,-0.24135330319404602,0.13372927904129028,-0.6072466969490051,-0.31090110540390015,-0.11654838174581528,0.047321680933237076,0.7291154265403748,0.01678149774670601,0.0229635126888752,0.02374444343149662,0.03232400119304657,0.05097244679927826,0.013301225379109383,0.051623132079839706,0.011852585710585117
77,ZAF,South Africa,2022,-15.694624900817871,0.5543578863143921,3.006768226623535,2,-0.0641661062836647,-0.3217161297798157,-0.015326484106481075,-0.24135330319404602,0.13372927904129028,-0.6072466969490051,-0.31090110540390015,-0.11654838174581528,0.047321680933237076,0.7291154265403748,0.01678149774670601,0.0229635126888752,0.02374444343149662,0.03232400119304657,0.05097244679927826,0.013301225379109383,0.051623132079839706,0.011852585710585117
77,ZAF,South Africa,2023,-19.3819637298584,0.497105211019516,3.006768226623535,2,-0.0641661062836647,-0.3217161297798157,-0.015326484106481075,-0.24135330319404602,0.13372927904129028,-0.6072466969490051,-0.31090110540390015,-0.11654838174581528,0.047321680933237076,0.7291154265403748,0.01678149774670601,0.0229635126888752,0.02374444343149662,0.03232400119304657,0.05097244679927826,0.013301225379109383,0.051623132079839706,0.011852585710585117
