entity_id,entity_code,entity_name,year,y_true,y_pred,posthoc_k_star,lag_profile_peak,proxy_signal_true,proxy_1_true,proxy_2_true,proxy_3_true,lag_profile_1,lag_profile_2,lag_profile_3,lag_profile_4,lag_profile_5,lag_profile_6,lag_profile_7,lag_profile_8,lag_profile_9,lag_profile_10
0,ARE,United Arab Emirates,2018,-77.53056335449219,0.20274542272090912,4.671739101409912,3,0.18880443274974823,0.332748681306839,0.2764120101928711,-0.042747389525175095,0.08403260260820389,0.1302846521139145,0.1497972458600998,0.14008110761642456,0.13799333572387695,0.12018709629774094,0.09352792054414749,0.07074316591024399,0.04783795773983002,0.025514915585517883
0,ARE,United Arab Emirates,2019,-233.2926788330078,0.11434806883335114,4.671739101409912,3,0.18880443274974823,0.332748681306839,0.2764120101928711,-0.042747389525175095,0.08403260260820389,0.1302846521139145,0.1497972458600998,0.14008110761642456,0.13799333572387695,0.12018709629774094,0.09352792054414749,0.07074316591024399,0.04783795773983002,0.025514915585517883
0,ARE,United Arab Emirates,2020,-435.1805725097656,0.1001046746969223,4.671739101409912,3,0.18880443274974823,0.332748681306839,0.2764120101928711,-0.042747389525175095,0.08403260260820389,0.1302846521139145,0.1497972458600998,0.14008110761642456,0.13799333572387695,0.12018709629774094,0.09352792054414749,0.07074316591024399,0.04783795773983002,0.025514915585517883
0,ARE,United Arab Emirates,2021,-1001.4480590820312,0.07972384989261627,4.671739101409912,3,0.18880443274974823,0.332748681306839,0.2764120101928711,-0.042747389525175095,0.08403260260820389,0.1302846521139145,0.1497972458600998,0.14008110761642456,0.13799333572387695,0.12018709629774094,0.09352792054414749,0.07074316591024399,0.04783795773983002,0.025514915585517883
0,ARE,United Arab Emirates,2022,-1657.7239990234375,0.03414161503314972,4.671739101409912,3,0.18880443274974823,0.332748681306839,0.2764120101928711,-0.042747389525175095,0.08403260260820389,0.1302846521139145,0.1497972458600998,0.14008110761642456,0.13799333572387695,0.12018709629774094,0.09352792054414749,0.07074316591024399,0.04783795773983002,0.025514915585517883
0,ARE,United Arab Emirates,2023,-2705.017333984375,-0.011867180466651917,4.671739101409912,3,0.18880443274974823,0.332748681306839,0.2764120101928711,-0.042747389525175095,0.08403260260820389,0.1302846521139145,0.1497972458600998,0.14008110761642456,0.13799333572387695,0.12018709629774094,0.09352792054414749,0.07074316591024399,0.04783795773983002,0.025514915585517883
1,ARG,Argentina,2018,1.6428788900375366,0.10163433849811554,6.10031270980835,6,-0.6909387707710266,-0.40908560156822205,-0.8905236124992371,-0.7732071280479431,0.027374954894185066,0.05536817014217377,0.07773342728614807,0.10339429974555969,0.130137637257576,0.1513294130563736,0.14857882261276245,0.1222446858882904,0.09963583201169968,0.08420275151729584
1,ARG,Argentina,2019,1.1453611850738525,0.09072823822498322,6.10031270980835,6,-0.6909387707710266,-0.40908560156822205,-0.8905236124992371,-0.7732071280479431,0.027374954894185066,0.05536817014217377,0.07773342728614807,0.10339429974555969,0.130137637257576,0.1513294130563736,0.14857882261276245,0.1222446858882904,0.09963583201169968,0.08420275151729584
1,ARG,Argentina,2020,1.0582135915756226,0.08491675555706024,6.10031270980835,6,-0.6909387707710266,-0.40908560156822205,-0.8905236124992371,-0.7732071280479431,0.027374954894185066,0.05536817014217377,0.07773342728614807,0.10339429974555969,0.130137637257576,0.1513294130563736,0.14857882261276245,0.1222446858882904,0.09963583201169968,0.08420275151729584
1,ARG,Argentina,2021,1.4250097274780273,0.07682003080844879,6.10031270980835,6,-0.6909387707710266,-0.40908560156822205,-0.8905236124992371,-0.7732071280479431,0.027374954894185066,0.05536817014217377,0.07773342728614807,0.10339429974555969,0.130137637257576,0.1513294130563736,0.14857882261276245,0.1222446858882904,0.09963583201169968,0.08420275151729584
1,ARG,Argentina,2022,0.9982249736785889,0.07056590914726257,6.10031270980835,6,-0.6909387707710266,-0.40908560156822205,-0.8905236124992371,-0.7732071280479431,0.027374954894185066,0.05536817014217377,0.07773342728614807,0.10339429974555969,0.130137637257576,0.1513294130563736,0.14857882261276245,0.1222446858882904,0.09963583201169968,0.08420275151729584
1,ARG,Argentina,2023,-0.24900130927562714,0.051260873675346375,6.10031270980835,6,-0.6909387707710266,-0.40908560156822205,-0.8905236124992371,-0.7732071280479431,0.027374954894185066,0.05536817014217377,0.07773342728614807,0.10339429974555969,0.130137637257576,0.1513294130563736,0.14857882261276245,0.1222446858882904,0.09963583201169968,0.08420275151729584
2,AUS,Australia,2018,-7.367125034332275,-0.07860780507326126,5.448750019073486,5,1.25566828250885,1.2781401872634888,1.1565734148025513,1.3322911262512207,0.04769065976142883,0.08125437796115875,0.1136702373623848,0.13151811063289642,0.1378687024116516,0.13670097291469574,0.12318148463964462,0.10298104584217072,0.07554491609334946,0.04958948865532875
2,AUS,Australia,2019,-8.657783508300781,-0.1336880326271057,5.448750019073486,5,1.25566828250885,1.2781401872634888,1.1565734148025513,1.3322911262512207,0.04769065976142883,0.08125437796115875,0.1136702373623848,0.13151811063289642,0.1378687024116516,0.13670097291469574,0.12318148463964462,0.10298104584217072,0.07554491609334946,0.04958948865532875
2,AUS,Australia,2020,-10.614906311035156,-0.18322166800498962,5.448750019073486,5,1.25566828250885,1.2781401872634888,1.1565734148025513,1.3322911262512207,0.04769065976142883,0.08125437796115875,0.1136702373623848,0.13151811063289642,0.1378687024116516,0.13670097291469574,0.12318148463964462,0.10298104584217072,0.07554491609334946,0.04958948865532875
2,AUS,Australia,2021,-13.180018424987793,-0.2039128988981247,5.448750019073486,5,1.25566828250885,1.2781401872634888,1.1565734148025513,1.3322911262512207,0.04769065976142883,0.08125437796115875,0.1136702373623848,0.13151811063289642,0.1378687024116516,0.13670097291469574,0.12318148463964462,0.10298104584217072,0.07554491609334946,0.04958948865532875
2,AUS,Australia,2022,-15.15616226196289,-0.18481072783470154,5.448750019073486,5,1.25566828250885,1.2781401872634888,1.1565734148025513,1.3322911262512207,0.04769065976142883,0.08125437796115875,0.1136702373623848,0.13151811063289642,0.1378687024116516,0.13670097291469574,0.12318148463964462,0.10298104584217072,0.07554491609334946,0.04958948865532875
2,AUS,Australia,2023,-16.646900177001953,-0.18191125988960266,5.448750019073486,5,1.25566828250885,1.2781401872634888,1.1565734148025513,1.3322911262512207,0.04769065976142883,0.08125437796115875,0.1136702373623848,0.13151811063289642,0.1378687024116516,0.13670097291469574,0.12318148463964462,0.10298104584217072,0.07554491609334946,0.04958948865532875
3,AUT,Austria,2018,-3.331990957260132,-0.1340658962726593,5.249636650085449,5,1.3129711151123047,1.3305449485778809,1.1512476205825806,1.4571207761764526,0.08217373490333557,0.09898526221513748,0.11245054006576538,0.12177380919456482,0.1260564923286438,0.12089753895998001,0.10697323083877563,0.09420286864042282,0.07792285829782486,0.05856366455554962
3,AUT,Austria,2019,-3.5629565715789795,-0.1671036183834076,5.249636650085449,5,1.3129711151123047,1.3305449485778809,1.1512476205825806,1.4571207761764526,0.08217373490333557,0.09898526221513748,0.11245054006576538,0.12177380919456482,0.1260564923286438,0.12089753895998001,0.10697323083877563,0.09420286864042282,0.07792285829782486,0.05856366455554962
3,AUT,Austria,2020,-4.44062614440918,-0.17890499532222748,5.249636650085449,5,1.3129711151123047,1.3305449485778809,1.1512476205825806,1.4571207761764526,0.08217373490333557,0.09898526221513748,0.11245054006576538,0.12177380919456482,0.1260564923286438,0.12089753895998001,0.10697323083877563,0.09420286864042282,0.07792285829782486,0.05856366455554962
3,AUT,Austria,2021,-4.349145412445068,-0.19479122757911682,5.249636650085449,5,1.3129711151123047,1.3305449485778809,1.1512476205825806,1.4571207761764526,0.08217373490333557,0.09898526221513748,0.11245054006576538,0.12177380919456482,0.1260564923286438,0.12089753895998001,0.10697323083877563,0.09420286864042282,0.07792285829782486,0.05856366455554962
3,AUT,Austria,2022,-4.098706245422363,-0.21843314170837402,5.249636650085449,5,1.3129711151123047,1.3305449485778809,1.1512476205825806,1.4571207761764526,0.08217373490333557,0.09898526221513748,0.11245054006576538,0.12177380919456482,0.1260564923286438,0.12089753895998001,0.10697323083877563,0.09420286864042282,0.07792285829782486,0.05856366455554962
3,AUT,Austria,2023,-5.443741798400879,-0.22186048328876495,5.249636650085449,5,1.3129711151123047,1.3305449485778809,1.1512476205825806,1.4571207761764526,0.08217373490333557,0.09898526221513748,0.11245054006576538,0.12177380919456482,0.1260564923286438,0.12089753895998001,0.10697323083877563,0.09420286864042282,0.07792285829782486,0.05856366455554962
4,AZE,Azerbaijan,2018,3.094372272491455,0.12176327407360077,5.118279933929443,5,-1.294363021850586,-1.4495718479156494,-1.172594428062439,-1.2609230279922485,0.0726616308093071,0.09567385911941528,0.11777596920728683,0.13402117788791656,0.14287763833999634,0.1415966898202896,0.10706403106451035,0.08552727103233337,0.060794346034526825,0.042007386684417725
4,AZE,Azerbaijan,2019,3.558119297027588,0.12830916047096252,5.118279933929443,5,-1.294363021850586,-1.4495718479156494,-1.172594428062439,-1.2609230279922485,0.0726616308093071,0.09567385911941528,0.11777596920728683,0.13402117788791656,0.14287763833999634,0.1415966898202896,0.10706403106451035,0.08552727103233337,0.060794346034526825,0.042007386684417725
4,AZE,Azerbaijan,2020,4.490204811096191,0.1388537883758545,5.118279933929443,5,-1.294363021850586,-1.4495718479156494,-1.172594428062439,-1.2609230279922485,0.0726616308093071,0.09567385911941528,0.11777596920728683,0.13402117788791656,0.14287763833999634,0.1415966898202896,0.10706403106451035,0.08552727103233337,0.060794346034526825,0.042007386684417725
4,AZE,Azerbaijan,2021,4.194814682006836,0.12327113747596741,5.118279933929443,5,-1.294363021850586,-1.4495718479156494,-1.172594428062439,-1.2609230279922485,0.0726616308093071,0.09567385911941528,0.11777596920728683,0.13402117788791656,0.14287763833999634,0.1415966898202896,0.10706403106451035,0.08552727103233337,0.060794346034526825,0.042007386684417725
4,AZE,Azerbaijan,2022,3.8313167095184326,0.1273999661207199,5.118279933929443,5,-1.294363021850586,-1.4495718479156494,-1.172594428062439,-1.2609230279922485,0.0726616308093071,0.09567385911941528,0.11777596920728683,0.13402117788791656,0.14287763833999634,0.1415966898202896,0.10706403106451035,0.08552727103233337,0.060794346034526825,0.042007386684417725
4,AZE,Azerbaijan,2023,3.7241804599761963,0.12457829713821411,5.118279933929443,5,-1.294363021850586,-1.4495718479156494,-1.172594428062439,-1.2609230279922485,0.0726616308093071,0.09567385911941528,0.11777596920728683,0.13402117788791656,0.14287763833999634,0.1415966898202896,0.10706403106451035,0.08552727103233337,0.060794346034526825,0.042007386684417725
5,BEL,Belgium,2018,-2.035623550415039,-0.1547696441411972,5.510392665863037,6,0.9798359274864197,1.2219529151916504,0.8175865411758423,0.8999684453010559,0.07042189687490463,0.08706765621900558,0.09890759736299515,0.1153889149427414,0.12371212989091873,0.12449883669614792,0.11913926154375076,0.10598035156726837,0.08864805102348328,0.06623531132936478
5,BEL,Belgium,2019,-3.1006269454956055,-0.19031557440757751,5.510392665863037,6,0.9798359274864197,1.2219529151916504,0.8175865411758423,0.8999684453010559,0.07042189687490463,0.08706765621900558,0.09890759736299515,0.1153889149427414,0.12371212989091873,0.12449883669614792,0.11913926154375076,0.10598035156726837,0.08864805102348328,0.06623531132936478
5,BEL,Belgium,2020,-2.7479605674743652,-0.21056728065013885,5.510392665863037,6,0.9798359274864197,1.2219529151916504,0.8175865411758423,0.8999684453010559,0.07042189687490463,0.08706765621900558,0.09890759736299515,0.1153889149427414,0.12371212989091873,0.12449883669614792,0.11913926154375076,0.10598035156726837,0.08864805102348328,0.06623531132936478
5,BEL,Belgium,2021,-3.9674084186553955,-0.22160997986793518,5.510392665863037,6,0.9798359274864197,1.2219529151916504,0.8175865411758423,0.8999684453010559,0.07042189687490463,0.08706765621900558,0.09890759736299515,0.1153889149427414,0.12371212989091873,0.12449883669614792,0.11913926154375076,0.10598035156726837,0.08864805102348328,0.06623531132936478
5,BEL,Belgium,2022,-3.700895071029663,-0.22975732386112213,5.510392665863037,6,0.9798359274864197,1.2219529151916504,0.8175865411758423,0.8999684453010559,0.07042189687490463,0.08706765621900558,0.09890759736299515,0.1153889149427414,0.12371212989091873,0.12449883669614792,0.11913926154375076,0.10598035156726837,0.08864805102348328,0.06623531132936478
5,BEL,Belgium,2023,-3.867947578430176,-0.2335563451051712,5.510392665863037,6,0.9798359274864197,1.2219529151916504,0.8175865411758423,0.8999684453010559,0.07042189687490463,0.08706765621900558,0.09890759736299515,0.1153889149427414,0.12371212989091873,0.12449883669614792,0.11913926154375076,0.10598035156726837,0.08864805102348328,0.06623531132936478
6,BGD,Bangladesh,2018,1.2597620487213135,0.11248475313186646,5.295480251312256,5,-1.3428869247436523,-1.2080445289611816,-1.482562780380249,-1.3380534648895264,0.0751953274011612,0.09417495876550674,0.11013543605804443,0.12302211672067642,0.13038957118988037,0.12617181241512299,0.11271217465400696,0.09642598032951355,0.07765770703554153,0.05411491170525551
6,BGD,Bangladesh,2019,1.4318774938583374,0.12520277500152588,5.295480251312256,5,-1.3428869247436523,-1.2080445289611816,-1.482562780380249,-1.3380534648895264,0.0751953274011612,0.09417495876550674,0.11013543605804443,0.12302211672067642,0.13038957118988037,0.12617181241512299,0.11271217465400696,0.09642598032951355,0.07765770703554153,0.05411491170525551
6,BGD,Bangladesh,2020,1.717698097229004,0.1236066073179245,5.295480251312256,5,-1.3428869247436523,-1.2080445289611816,-1.482562780380249,-1.3380534648895264,0.0751953274011612,0.09417495876550674,0.11013543605804443,0.12302211672067642,0.13038957118988037,0.12617181241512299,0.11271217465400696,0.09642598032951355,0.07765770703554153,0.05411491170525551
6,BGD,Bangladesh,2021,1.7278225421905518,0.12237338721752167,5.295480251312256,5,-1.3428869247436523,-1.2080445289611816,-1.482562780380249,-1.3380534648895264,0.0751953274011612,0.09417495876550674,0.11013543605804443,0.12302211672067642,0.13038957118988037,0.12617181241512299,0.11271217465400696,0.09642598032951355,0.07765770703554153,0.05411491170525551
6,BGD,Bangladesh,2022,1.5284489393234253,0.12330375611782074,5.295480251312256,5,-1.3428869247436523,-1.2080445289611816,-1.482562780380249,-1.3380534648895264,0.0751953274011612,0.09417495876550674,0.11013543605804443,0.12302211672067642,0.13038957118988037,0.12617181241512299,0.11271217465400696,0.09642598032951355,0.07765770703554153,0.05411491170525551
6,BGD,Bangladesh,2023,2.0307767391204834,0.1226307600736618,5.295480251312256,5,-1.3428869247436523,-1.2080445289611816,-1.482562780380249,-1.3380534648895264,0.0751953274011612,0.09417495876550674,0.11013543605804443,0.12302211672067642,0.13038957118988037,0.12617181241512299,0.11271217465400696,0.09642598032951355,0.07765770703554153,0.05411491170525551
7,BGR,Bulgaria,2018,-1.3296480178833008,-0.11601157486438751,5.328997611999512,6,-0.42611977458000183,-0.6209486722946167,-0.13856160640716553,-0.5188490152359009,0.08231592178344727,0.09835215657949448,0.10789214074611664,0.11457283794879913,0.11733949184417725,0.12369086593389511,0.11158142238855362,0.10000096261501312,0.08445265889167786,0.05980154126882553
7,BGR,Bulgaria,2019,-1.4306131601333618,-0.16461700201034546,5.328997611999512,6,-0.42611977458000183,-0.6209486722946167,-0.13856160640716553,-0.5188490152359009,0.08231592178344727,0.09835215657949448,0.10789214074611664,0.11457283794879913,0.11733949184417725,0.12369086593389511,0.11158142238855362,0.10000096261501312,0.08445265889167786,0.05980154126882553
7,BGR,Bulgaria,2020,-2.8135833740234375,-0.1894524246454239,5.328997611999512,6,-0.42611977458000183,-0.6209486722946167,-0.13856160640716553,-0.5188490152359009,0.08231592178344727,0.09835215657949448,0.10789214074611664,0.11457283794879913,0.11733949184417725,0.12369086593389511,0.11158142238855362,0.10000096261501312,0.08445265889167786,0.05980154126882553
7,BGR,Bulgaria,2021,-2.0215117931365967,-0.1980622112751007,5.328997611999512,6,-0.42611977458000183,-0.6209486722946167,-0.13856160640716553,-0.5188490152359009,0.08231592178344727,0.09835215657949448,0.10789214074611664,0.11457283794879913,0.11733949184417725,0.12369086593389511,0.11158142238855362,0.10000096261501312,0.08445265889167786,0.05980154126882553
7,BGR,Bulgaria,2022,-0.48078346252441406,-0.22354961931705475,5.328997611999512,6,-0.42611977458000183,-0.6209486722946167,-0.13856160640716553,-0.5188490152359009,0.08231592178344727,0.09835215657949448,0.10789214074611664,0.11457283794879913,0.11733949184417725,0.12369086593389511,0.11158142238855362,0.10000096261501312,0.08445265889167786,0.05980154126882553
7,BGR,Bulgaria,2023,-3.970643997192383,-0.23200613260269165,5.328997611999512,6,-0.42611977458000183,-0.6209486722946167,-0.13856160640716553,-0.5188490152359009,0.08231592178344727,0.09835215657949448,0.10789214074611664,0.11457283794879913,0.11733949184417725,0.12369086593389511,0.11158142238855362,0.10000096261501312,0.08445265889167786,0.05980154126882553
8,BLR,Belarus,2018,-2.643580675125122,-0.13911975920200348,5.320254325866699,5,-1.5520426034927368,-1.4920120239257812,-1.8896420001983643,-1.2744739055633545,0.05613339692354202,0.0840725377202034,0.11361243575811386,0.13602276146411896,0.1451718956232071,0.13587868213653564,0.12093290686607361,0.0947839692234993,0.06880014389753342,0.044591281563043594
8,BLR,Belarus,2019,-3.0715856552124023,-0.17996302247047424,5.320254325866699,5,-1.5520426034927368,-1.4920120239257812,-1.8896420001983643,-1.2744739055633545,0.05613339692354202,0.0840725377202034,0.11361243575811386,0.13602276146411896,0.1451718956232071,0.13587868213653564,0.12093290686607361,0.0947839692234993,0.06880014389753342,0.044591281563043594
8,BLR,Belarus,2020,-3.0823307037353516,-0.19375154376029968,5.320254325866699,5,-1.5520426034927368,-1.4920120239257812,-1.8896420001983643,-1.2744739055633545,0.05613339692354202,0.0840725377202034,0.11361243575811386,0.13602276146411896,0.1451718956232071,0.13587868213653564,0.12093290686607361,0.0947839692234993,0.06880014389753342,0.044591281563043594
8,BLR,Belarus,2021,-14.810386657714844,-0.19718897342681885,5.320254325866699,5,-1.5520426034927368,-1.4920120239257812,-1.8896420001983643,-1.2744739055633545,0.05613339692354202,0.0840725377202034,0.11361243575811386,0.13602276146411896,0.1451718956232071,0.13587868213653564,0.12093290686607361,0.0947839692234993,0.06880014389753342,0.044591281563043594
8,BLR,Belarus,2022,-13.734106063842773,-0.19968406856060028,5.320254325866699,5,-1.5520426034927368,-1.4920120239257812,-1.8896420001983643,-1.2744739055633545,0.05613339692354202,0.0840725377202034,0.11361243575811386,0.13602276146411896,0.1451718956232071,0.13587868213653564,0.12093290686607361,0.0947839692234993,0.06880014389753342,0.044591281563043594
8,BLR,Belarus,2023,-27.134784698486328,-0.20588319003582,5.320254325866699,5,-1.5520426034927368,-1.4920120239257812,-1.8896420001983643,-1.2744739055633545,0.05613339692354202,0.0840725377202034,0.11361243575811386,0.13602276146411896,0.1451718956232071,0.13587868213653564,0.12093290686607361,0.0947839692234993,0.06880014389753342,0.044591281563043594
9,BRA,Brazil,2018,4.812175750732422,0.04239366948604584,6.6755571365356445,6,-0.532637357711792,-0.5499132871627808,-0.37875303626060486,-0.669245719909668,0.0,0.0,0.03987112268805504,0.08378714323043823,0.1439899206161499,0.20897921919822693,0.17885860800743103,0.1686697155237198,0.11284090578556061,0.06300338357686996
9,BRA,Brazil,2019,5.404086589813232,0.021230965852737427,6.6755571365356445,6,-0.532637357711792,-0.5499132871627808,-0.37875303626060486,-0.669245719909668,0.0,0.0,0.03987112268805504,0.08378714323043823,0.1439899206161499,0.20897921919822693,0.17885860800743103,0.1686697155237198,0.11284090578556061,0.06300338357686996
9,BRA,Brazil,2020,4.385476589202881,0.020501837134361267,6.6755571365356445,6,-0.532637357711792,-0.5499132871627808,-0.37875303626060486,-0.669245719909668,0.0,0.0,0.03987112268805504,0.08378714323043823,0.1439899206161499,0.20897921919822693,0.17885860800743103,0.1686697155237198,0.11284090578556061,0.06300338357686996
9,BRA,Brazil,2021,8.511026382446289,0.031960323452949524,6.6755571365356445,6,-0.532637357711792,-0.5499132871627808,-0.37875303626060486,-0.669245719909668,0.0,0.0,0.03987112268805504,0.08378714323043823,0.1439899206161499,0.20897921919822693,0.17885860800743103,0.1686697155237198,0.11284090578556061,0.06300338357686996
9,BRA,Brazil,2022,0.8233122229576111,0.027410492300987244,6.6755571365356445,6,-0.532637357711792,-0.5499132871627808,-0.37875303626060486,-0.669245719909668,0.0,0.0,0.03987112268805504,0.08378714323043823,0.1439899206161499,0.20897921919822693,0.17885860800743103,0.1686697155237198,0.11284090578556061,0.06300338357686996
9,BRA,Brazil,2023,-0.02414296381175518,-0.016601666808128357,6.6755571365356445,6,-0.532637357711792,-0.5499132871627808,-0.37875303626060486,-0.669245719909668,0.0,0.0,0.03987112268805504,0.08378714323043823,0.1439899206161499,0.20897921919822693,0.17885860800743103,0.1686697155237198,0.11284090578556061,0.06300338357686996
10,CAN,Canada,2018,-3.718440532684326,-0.04389871656894684,3.9160757064819336,3,1.2861608266830444,1.3746321201324463,1.1545178890228271,1.3293325901031494,0.1313253790140152,0.17740356922149658,0.1835644692182541,0.10624197870492935,0.13818039000034332,0.15121808648109436,0.08819666504859924,0.0,0.0,0.023869475349783897
10,CAN,Canada,2019,-3.770698308944702,-0.06018856167793274,3.9160757064819336,3,1.2861608266830444,1.3746321201324463,1.1545178890228271,1.3293325901031494,0.1313253790140152,0.17740356922149658,0.1835644692182541,0.10624197870492935,0.13818039000034332,0.15121808648109436,0.08819666504859924,0.0,0.0,0.023869475349783897
10,CAN,Canada,2020,-4.2692484855651855,-0.05129106342792511,3.9160757064819336,3,1.2861608266830444,1.3746321201324463,1.1545178890228271,1.3293325901031494,0.1313253790140152,0.17740356922149658,0.1835644692182541,0.10624197870492935,0.13818039000034332,0.15121808648109436,0.08819666504859924,0.0,0.0,0.023869475349783897
10,CAN,Canada,2021,-4.04820442199707,-0.08136050403118134,3.9160757064819336,3,1.2861608266830444,1.3746321201324463,1.1545178890228271,1.3293325901031494,0.1313253790140152,0.17740356922149658,0.1835644692182541,0.10624197870492935,0.13818039000034332,0.15121808648109436,0.08819666504859924,0.0,0.0,0.023869475349783897
10,CAN,Canada,2022,-4.334720611572266,-0.09863950312137604,3.9160757064819336,3,1.2861608266830444,1.3746321201324463,1.1545178890228271,1.3293325901031494,0.1313253790140152,0.17740356922149658,0.1835644692182541,0.10624197870492935,0.13818039000034332,0.15121808648109436,0.08819666504859924,0.0,0.0,0.023869475349783897
10,CAN,Canada,2023,-3.507607936859131,-0.1066921204328537,3.9160757064819336,3,1.2861608266830444,1.3746321201324463,1.1545178890228271,1.3293325901031494,0.1313253790140152,0.17740356922149658,0.1835644692182541,0.10624197870492935,0.13818039000034332,0.15121808648109436,0.08819666504859924,0.0,0.0,0.023869475349783897
11,CHE,Switzerland,2018,1.0894922018051147,-0.09820839762687683,5.5,1,1.412360668182373,1.4461179971694946,1.2956862449645996,1.4952778816223145,0.10000000149011612,0.10000000149011612,0.10000000149011612,0.10000000149011612,0.10000000149011612,0.10000000149011612,0.10000000149011612,0.10000000149011612,0.10000000149011612,0.10000000149011612
11,CHE,Switzerland,2019,0.49372902512550354,-0.13005970418453217,5.5,1,1.412360668182373,1.4461179971694946,1.2956862449645996,1.4952778816223145,0.10000000149011612,0.10000000149011612,0.10000000149011612,0.10000000149011612,0.10000000149011612,0.10000000149011612,0.10000000149011612,0.10000000149011612,0.10000000149011612,0.10000000149011612
11,CHE,Switzerland,2020,1.5537232160568237,-0.15366604924201965,5.5,1,1.412360668182373,1.4461179971694946,1.2956862449645996,1.4952778816223145,0.10000000149011612,0.10000000149011612,0.10000000149011612,0.10000000149011612,0.10000000149011612,0.10000000149011612,0.10000000149011612,0.10000000149011612,0.10000000149011612,0.10000000149011612
11,CHE,Switzerland,2021,3.0005764961242676,-0.17505952715873718,5.5,1,1.412360668182373,1.4461179971694946,1.2956862449645996,1.4952778816223145,0.10000000149011612,0.10000000149011612,0.10000000149011612,0.10000000149011612,0.10000000149011612,0.10000000149011612,0.10000000149011612,0.10000000149011612,0.10000000149011612,0.10000000149011612
11,CHE,Switzerland,2022,2.025691270828247,-0.20441368222236633,5.5,1,1.412360668182373,1.4461179971694946,1.2956862449645996,1.4952778816223145,0.10000000149011612,0.10000000149011612,0.10000000149011612,0.10000000149011612,0.10000000149011612,0.10000000149011612,0.10000000149011612,0.10000000149011612,0.10000000149011612,0.10000000149011612
11,CHE,Switzerland,2023,-4.210478782653809,-0.2091461569070816,5.5,1,1.412360668182373,1.4461179971694946,1.2956862449645996,1.4952778816223145,0.10000000149011612,0.10000000149011612,0.10000000149011612,0.10000000149011612,0.10000000149011612,0.10000000149011612,0.10000000149011612,0.10000000149011612,0.10000000149011612,0.10000000149011612
12,CHL,Chile,2018,1.4454405307769775,0.04219244420528412,6.265811920166016,8,0.8483307957649231,0.667232871055603,1.016435146331787,0.8613244891166687,0.0845087468624115,0.0899481326341629,0.07060986012220383,0.05383232980966568,0.049011051654815674,0.07820697873830795,0.13967609405517578,0.15794460475444794,0.1439611315727234,0.13230107724666595
12,CHL,Chile,2019,1.1679426431655884,0.024251356720924377,6.265811920166016,8,0.8483307957649231,0.667232871055603,1.016435146331787,0.8613244891166687,0.0845087468624115,0.0899481326341629,0.07060986012220383,0.05383232980966568,0.049011051654815674,0.07820697873830795,0.13967609405517578,0.15794460475444794,0.1439611315727234,0.13230107724666595
12,CHL,Chile,2020,0.7698724865913391,0.014308914542198181,6.265811920166016,8,0.8483307957649231,0.667232871055603,1.016435146331787,0.8613244891166687,0.0845087468624115,0.0899481326341629,0.07060986012220383,0.05383232980966568,0.049011051654815674,0.07820697873830795,0.13967609405517578,0.15794460475444794,0.1439611315727234,0.13230107724666595
12,CHL,Chile,2021,0.5402398705482483,-0.014630481600761414,6.265811920166016,8,0.8483307957649231,0.667232871055603,1.016435146331787,0.8613244891166687,0.0845087468624115,0.0899481326341629,0.07060986012220383,0.05383232980966568,0.049011051654815674,0.07820697873830795,0.13967609405517578,0.15794460475444794,0.1439611315727234,0.13230107724666595
12,CHL,Chile,2022,-0.5233001708984375,-0.06068374216556549,6.265811920166016,8,0.8483307957649231,0.667232871055603,1.016435146331787,0.8613244891166687,0.0845087468624115,0.0899481326341629,0.07060986012220383,0.05383232980966568,0.049011051654815674,0.07820697873830795,0.13967609405517578,0.15794460475444794,0.1439611315727234,0.13230107724666595
12,CHL,Chile,2023,-1.9592610597610474,-0.09871630370616913,6.265811920166016,8,0.8483307957649231,0.667232871055603,1.016435146331787,0.8613244891166687,0.0845087468624115,0.0899481326341629,0.07060986012220383,0.05383232980966568,0.049011051654815674,0.07820697873830795,0.13967609405517578,0.15794460475444794,0.1439611315727234,0.13230107724666595
13,CHN,China,2018,-8.663586616516113,-0.17978154122829437,5.6453070640563965,6,-0.8438493609428406,-0.7442506551742554,-0.7500977516174316,-1.03719961643219,0.06617629528045654,0.0794876366853714,0.09341283142566681,0.10702068358659744,0.12213055044412613,0.1291259378194809,0.12624460458755493,0.11400102823972702,0.09329920262098312,0.0691012367606163
13,CHN,China,2019,-9.760994911193848,-0.18515503406524658,5.6453070640563965,6,-0.8438493609428406,-0.7442506551742554,-0.7500977516174316,-1.03719961643219,0.06617629528045654,0.0794876366853714,0.09341283142566681,0.10702068358659744,0.12213055044412613,0.1291259378194809,0.12624460458755493,0.11400102823972702,0.09329920262098312,0.0691012367606163
13,CHN,China,2020,-10.60916519165039,-0.19742976129055023,5.6453070640563965,6,-0.8438493609428406,-0.7442506551742554,-0.7500977516174316,-1.03719961643219,0.06617629528045654,0.0794876366853714,0.09341283142566681,0.10702068358659744,0.12213055044412613,0.1291259378194809,0.12624460458755493,0.11400102823972702,0.09329920262098312,0.0691012367606163
13,CHN,China,2021,-11.069491386413574,-0.20538896322250366,5.6453070640563965,6,-0.8438493609428406,-0.7442506551742554,-0.7500977516174316,-1.03719961643219,0.06617629528045654,0.0794876366853714,0.09341283142566681,0.10702068358659744,0.12213055044412613,0.1291259378194809,0.12624460458755493,0.11400102823972702,0.09329920262098312,0.0691012367606163
13,CHN,China,2022,-11.851537704467773,-0.22266961634159088,5.6453070640563965,6,-0.8438493609428406,-0.7442506551742554,-0.7500977516174316,-1.03719961643219,0.06617629528045654,0.0794876366853714,0.09341283142566681,0.10702068358659744,0.12213055044412613,0.1291259378194809,0.12624460458755493,0.11400102823972702,0.09329920262098312,0.0691012367606163
13,CHN,China,2023,-12.087423324584961,-0.22836211323738098,5.6453070640563965,6,-0.8438493609428406,-0.7442506551742554,-0.7500977516174316,-1.03719961643219,0.06617629528045654,0.0794876366853714,0.09341283142566681,0.10702068358659744,0.12213055044412613,0.1291259378194809,0.12624460458755493,0.11400102823972702,0.09329920262098312,0.0691012367606163
14,COL,Colombia,2018,0.3820185363292694,0.0949372798204422,5.185568809509277,5,-0.757061779499054,-0.7152259349822998,-0.5119652152061462,-1.0439940690994263,0.06658376753330231,0.08946312963962555,0.12109847366809845,0.1388777792453766,0.14645583927631378,0.12932917475700378,0.10476276278495789,0.09309567511081696,0.0684410110116005,0.041892386972904205
14,COL,Colombia,2019,2.6013519763946533,0.10419167578220367,5.185568809509277,5,-0.757061779499054,-0.7152259349822998,-0.5119652152061462,-1.0439940690994263,0.06658376753330231,0.08946312963962555,0.12109847366809845,0.1388777792453766,0.14645583927631378,0.12932917475700378,0.10476276278495789,0.09309567511081696,0.0684410110116005,0.041892386972904205
14,COL,Colombia,2020,3.8599977493286133,0.10687412321567535,5.185568809509277,5,-0.757061779499054,-0.7152259349822998,-0.5119652152061462,-1.0439940690994263,0.06658376753330231,0.08946312963962555,0.12109847366809845,0.1388777792453766,0.14645583927631378,0.12932917475700378,0.10476276278495789,0.09309567511081696,0.0684410110116005,0.041892386972904205
14,COL,Colombia,2021,0.7301899194717407,0.10394644737243652,5.185568809509277,5,-0.757061779499054,-0.7152259349822998,-0.5119652152061462,-1.0439940690994263,0.06658376753330231,0.08946312963962555,0.12109847366809845,0.1388777792453766,0.14645583927631378,0.12932917475700378,0.10476276278495789,0.09309567511081696,0.0684410110116005,0.041892386972904205
14,COL,Colombia,2022,0.9924597144126892,0.10191261768341064,5.185568809509277,5,-0.757061779499054,-0.7152259349822998,-0.5119652152061462,-1.0439940690994263,0.06658376753330231,0.08946312963962555,0.12109847366809845,0.1388777792453766,0.14645583927631378,0.12932917475700378,0.10476276278495789,0.09309567511081696,0.0684410110116005,0.041892386972904205
14,COL,Colombia,2023,3.7653815746307373,0.10458286106586456,5.185568809509277,5,-0.757061779499054,-0.7152259349822998,-0.5119652152061462,-1.0439940690994263,0.06658376753330231,0.08946312963962555,0.12109847366809845,0.1388777792453766,0.14645583927631378,0.12932917475700378,0.10476276278495789,0.09309567511081696,0.0684410110116005,0.041892386972904205
15,CYP,Cyprus,2018,-11.052656173706055,-0.1699388027191162,5.369571685791016,5,0.7725202441215515,0.8672822117805481,0.7250233292579651,0.725255012512207,0.0727912113070488,0.09191833436489105,0.10862019658088684,0.12261677533388138,0.1256437748670578,0.12261771410703659,0.11424992233514786,0.10033763200044632,0.0818043053150177,0.059400126338005066
15,CYP,Cyprus,2019,-11.571080207824707,-0.18934543430805206,5.369571685791016,5,0.7725202441215515,0.8672822117805481,0.7250233292579651,0.725255012512207,0.0727912113070488,0.09191833436489105,0.10862019658088684,0.12261677533388138,0.1256437748670578,0.12261771410703659,0.11424992233514786,0.10033763200044632,0.0818043053150177,0.059400126338005066
15,CYP,Cyprus,2020,-14.400252342224121,-0.20980314910411835,5.369571685791016,5,0.7725202441215515,0.8672822117805481,0.7250233292579651,0.725255012512207,0.0727912113070488,0.09191833436489105,0.10862019658088684,0.12261677533388138,0.1256437748670578,0.12261771410703659,0.11424992233514786,0.10033763200044632,0.0818043053150177,0.059400126338005066
15,CYP,Cyprus,2021,-17.67461395263672,-0.22280529141426086,5.369571685791016,5,0.7725202441215515,0.8672822117805481,0.7250233292579651,0.725255012512207,0.0727912113070488,0.09191833436489105,0.10862019658088684,0.12261677533388138,0.1256437748670578,0.12261771410703659,0.11424992233514786,0.10033763200044632,0.0818043053150177,0.059400126338005066
15,CYP,Cyprus,2022,-19.47079086303711,-0.2265162467956543,5.369571685791016,5,0.7725202441215515,0.8672822117805481,0.7250233292579651,0.725255012512207,0.0727912113070488,0.09191833436489105,0.10862019658088684,0.12261677533388138,0.1256437748670578,0.12261771410703659,0.11424992233514786,0.10033763200044632,0.0818043053150177,0.059400126338005066
15,CYP,Cyprus,2023,-23.38113784790039,-0.2282412350177765,5.369571685791016,5,0.7725202441215515,0.8672822117805481,0.7250233292579651,0.725255012512207,0.0727912113070488,0.09191833436489105,0.10862019658088684,0.12261677533388138,0.1256437748670578,0.12261771410703659,0.11424992233514786,0.10033763200044632,0.0818043053150177,0.059400126338005066
16,CZE,Czechia,2018,-2.3009228706359863,-0.16083312034606934,5.452876091003418,5,0.365255743265152,0.28039175271987915,0.4478796720504761,0.3674957752227783,0.07793780416250229,0.093045674264431,0.1040499210357666,0.11288975924253464,0.1176479309797287,0.11713339388370514,0.11302454024553299,0.10481719672679901,0.09014926850795746,0.06930450350046158
16,CZE,Czechia,2019,-2.761939525604248,-0.19502346217632294,5.452876091003418,5,0.365255743265152,0.28039175271987915,0.4478796720504761,0.3674957752227783,0.07793780416250229,0.093045674264431,0.1040499210357666,0.11288975924253464,0.1176479309797287,0.11713339388370514,0.11302454024553299,0.10481719672679901,0.09014926850795746,0.06930450350046158
16,CZE,Czechia,2020,-3.448472261428833,-0.21225731074810028,5.452876091003418,5,0.365255743265152,0.28039175271987915,0.4478796720504761,0.3674957752227783,0.07793780416250229,0.093045674264431,0.1040499210357666,0.11288975924253464,0.1176479309797287,0.11713339388370514,0.11302454024553299,0.10481719672679901,0.09014926850795746,0.06930450350046158
16,CZE,Czechia,2021,-3.2644777297973633,-0.22309084236621857,5.452876091003418,5,0.365255743265152,0.28039175271987915,0.4478796720504761,0.3674957752227783,0.07793780416250229,0.093045674264431,0.1040499210357666,0.11288975924253464,0.1176479309797287,0.11713339388370514,0.11302454024553299,0.10481719672679901,0.09014926850795746,0.06930450350046158
16,CZE,Czechia,2022,-3.0018773078918457,-0.22939066588878632,5.452876091003418,5,0.365255743265152,0.28039175271987915,0.4478796720504761,0.3674957752227783,0.07793780416250229,0.093045674264431,0.1040499210357666,0.11288975924253464,0.1176479309797287,0.11713339388370514,0.11302454024553299,0.10481719672679901,0.09014926850795746,0.06930450350046158
16,CZE,Czechia,2023,-3.7278714179992676,-0.2337864190340042,5.452876091003418,5,0.365255743265152,0.28039175271987915,0.4478796720504761,0.3674957752227783,0.07793780416250229,0.093045674264431,0.1040499210357666,0.11288975924253464,0.1176479309797287,0.11713339388370514,0.11302454024553299,0.10481719672679901,0.09014926850795746,0.06930450350046158
17,DEU,Germany,2018,-4.408335208892822,-0.18118128180503845,5.554337501525879,6,1.162001371383667,1.2181392908096313,0.9860901236534119,1.2817747592926025,0.06997723877429962,0.08610835671424866,0.09803839772939682,0.11157830059528351,0.12210088968276978,0.1237545907497406,0.11942780762910843,0.10808524489402771,0.09128520637750626,0.06964395940303802
17,DEU,Germany,2019,-7.129828929901123,-0.19897957146167755,5.554337501525879,6,1.162001371383667,1.2181392908096313,0.9860901236534119,1.2817747592926025,0.06997723877429962,0.08610835671424866,0.09803839772939682,0.11157830059528351,0.12210088968276978,0.1237545907497406,0.11942780762910843,0.10808524489402771,0.09128520637750626,0.06964395940303802
17,DEU,Germany,2020,-8.748512268066406,-0.2104509025812149,5.554337501525879,6,1.162001371383667,1.2181392908096313,0.9860901236534119,1.2817747592926025,0.06997723877429962,0.08610835671424866,0.09803839772939682,0.11157830059528351,0.12210088968276978,0.1237545907497406,0.11942780762910843,0.10808524489402771,0.09128520637750626,0.06964395940303802
17,DEU,Germany,2021,-7.036392688751221,-0.219964399933815,5.554337501525879,6,1.162001371383667,1.2181392908096313,0.9860901236534119,1.2817747592926025,0.06997723877429962,0.08610835671424866,0.09803839772939682,0.11157830059528351,0.12210088968276978,0.1237545907497406,0.11942780762910843,0.10808524489402771,0.09128520637750626,0.06964395940303802
17,DEU,Germany,2022,-5.935337066650391,-0.2266116589307785,5.554337501525879,6,1.162001371383667,1.2181392908096313,0.9860901236534119,1.2817747592926025,0.06997723877429962,0.08610835671424866,0.09803839772939682,0.11157830059528351,0.12210088968276978,0.1237545907497406,0.11942780762910843,0.10808524489402771,0.09128520637750626,0.06964395940303802
17,DEU,Germany,2023,-8.335287094116211,-0.23056595027446747,5.554337501525879,6,1.162001371383667,1.2181392908096313,0.9860901236534119,1.2817747592926025,0.06997723877429962,0.08610835671424866,0.09803839772939682,0.11157830059528351,0.12210088968276978,0.1237545907497406,0.11942780762910843,0.10808524489402771,0.09128520637750626,0.06964395940303802
18,DNK,Denmark,2018,-4.1028218269348145,-0.15275229513645172,5.543230056762695,6,1.5067936182022095,1.5459808111190796,1.4523217678070068,1.522078514099121,0.06985006481409073,0.0871419832110405,0.10100692510604858,0.11168286204338074,0.12010113149881363,0.12165854126214981,0.1197238564491272,0.10815218836069107,0.09122251719236374,0.069459930062294
18,DNK,Denmark,2019,-5.251770973205566,-0.18307188153266907,5.543230056762695,6,1.5067936182022095,1.5459808111190796,1.4523217678070068,1.522078514099121,0.06985006481409073,0.0871419832110405,0.10100692510604858,0.11168286204338074,0.12010113149881363,0.12165854126214981,0.1197238564491272,0.10815218836069107,0.09122251719236374,0.069459930062294
18,DNK,Denmark,2020,-5.442167282104492,-0.20644041895866394,5.543230056762695,6,1.5067936182022095,1.5459808111190796,1.4523217678070068,1.522078514099121,0.06985006481409073,0.0871419832110405,0.10100692510604858,0.11168286204338074,0.12010113149881363,0.12165854126214981,0.1197238564491272,0.10815218836069107,0.09122251719236374,0.069459930062294
18,DNK,Denmark,2021,-5.020071029663086,-0.22074827551841736,5.543230056762695,6,1.5067936182022095,1.5459808111190796,1.4523217678070068,1.522078514099121,0.06985006481409073,0.0871419832110405,0.10100692510604858,0.11168286204338074,0.12010113149881363,0.12165854126214981,0.1197238564491272,0.10815218836069107,0.09122251719236374,0.069459930062294
18,DNK,Denmark,2022,-5.26057767868042,-0.22785581648349762,5.543230056762695,6,1.5067936182022095,1.5459808111190796,1.4523217678070068,1.522078514099121,0.06985006481409073,0.0871419832110405,0.10100692510604858,0.11168286204338074,0.12010113149881363,0.12165854126214981,0.1197238564491272,0.10815218836069107,0.09122251719236374,0.069459930062294
18,DNK,Denmark,2023,-5.907427787780762,-0.231942817568779,5.543230056762695,6,1.5067936182022095,1.5459808111190796,1.4523217678070068,1.522078514099121,0.06985006481409073,0.0871419832110405,0.10100692510604858,0.11168286204338074,0.12010113149881363,0.12165854126214981,0.1197238564491272,0.10815218836069107,0.09122251719236374,0.069459930062294
19,DZA,Algeria,2018,-1.3783005475997925,0.003361538052558899,1.659566044807434,1,-1.204992651939392,-1.152233362197876,-1.2305991649627686,-1.2321451902389526,0.47818809747695923,0.38405779004096985,0.13775411248207092,0.0,0.0,0.0,0.0,0.0,0.0,0.0
19,DZA,Algeria,2019,-1.3506704568862915,-0.0009491294622421265,1.659566044807434,1,-1.204992651939392,-1.152233362197876,-1.2305991649627686,-1.2321451902389526,0.47818809747695923,0.38405779004096985,0.13775411248207092,0.0,0.0,0.0,0.0,0.0,0.0,0.0
19,DZA,Algeria,2020,-1.4138250350952148,-0.003072187304496765,1.659566044807434,1,-1.204992651939392,-1.152233362197876,-1.2305991649627686,-1.2321451902389526,0.47818809747695923,0.38405779004096985,0.13775411248207092,0.0,0.0,0.0,0.0,0.0,0.0,0.0
19,DZA,Algeria,2021,-1.0506858825683594,-0.03659228980541229,1.659566044807434,1,-1.204992651939392,-1.152233362197876,-1.2305991649627686,-1.2321451902389526,0.47818809747695923,0.38405779004096985,0.13775411248207092,0.0,0.0,0.0,0.0,0.0,0.0,0.0
19,DZA,Algeria,2022,-1.0033199787139893,-0.038226500153541565,1.659566044807434,1,-1.204992651939392,-1.152233362197876,-1.2305991649627686,-1.2321451902389526,0.47818809747695923,0.38405779004096985,0.13775411248207092,0.0,0.0,0.0,0.0,0.0,0.0,0.0
19,DZA,Algeria,2023,-1.0033199787139893,-0.04070572555065155,1.659566044807434,1,-1.204992651939392,-1.152233362197876,-1.2305991649627686,-1.2321451902389526,0.47818809747695923,0.38405779004096985,0.13775411248207092,0.0,0.0,0.0,0.0,0.0,0.0,0.0
20,ECU,Ecuador,2018,-1.1428673267364502,-0.028277143836021423,4.3324174880981445,4,-1.2054944038391113,-1.1715943813323975,-1.2544611692428589,-1.1904276609420776,0.05842563882470131,0.09460727125406265,0.17568853497505188,0.21367807686328888,0.16771286725997925,0.16477786004543304,0.12510976195335388,0.0,0.0,0.0
20,ECU,Ecuador,2019,-1.7627936601638794,-0.009436875581741333,4.3324174880981445,4,-1.2054944038391113,-1.1715943813323975,-1.2544611692428589,-1.1904276609420776,0.05842563882470131,0.09460727125406265,0.17568853497505188,0.21367807686328888,0.16771286725997925,0.16477786004543304,0.12510976195335388,0.0,0.0,0.0
20,ECU,Ecuador,2020,-1.9658561944961548,-0.005037978291511536,4.3324174880981445,4,-1.2054944038391113,-1.1715943813323975,-1.2544611692428589,-1.1904276609420776,0.05842563882470131,0.09460727125406265,0.17568853497505188,0.21367807686328888,0.16771286725997925,0.16477786004543304,0.12510976195335388,0.0,0.0,0.0
20,ECU,Ecuador,2021,-2.1342613697052,-0.03538118302822113,4.3324174880981445,4,-1.2054944038391113,-1.1715943813323975,-1.2544611692428589,-1.1904276609420776,0.05842563882470131,0.09460727125406265,0.17568853497505188,0.21367807686328888,0.16771286725997925,0.16477786004543304,0.12510976195335388,0.0,0.0,0.0
20,ECU,Ecuador,2022,-1.612612009048462,-0.06040032207965851,4.3324174880981445,4,-1.2054944038391113,-1.1715943813323975,-1.2544611692428589,-1.1904276609420776,0.05842563882470131,0.09460727125406265,0.17568853497505188,0.21367807686328888,0.16771286725997925,0.16477786004543304,0.12510976195335388,0.0,0.0,0.0
20,ECU,Ecuador,2023,-1.6925028562545776,-0.08799241483211517,4.3324174880981445,4,-1.2054944038391113,-1.1715943813323975,-1.2544611692428589,-1.1904276609420776,0.05842563882470131,0.09460727125406265,0.17568853497505188,0.21367807686328888,0.16771286725997925,0.16477786004543304,0.12510976195335388,0.0,0.0,0.0
21,EGY,Egypt,2018,1.8549280166625977,0.15142704546451569,5.911039352416992,6,-0.7224758267402649,-0.816137969493866,-0.7838069200515747,-0.5674826502799988,0.037546828389167786,0.059697482734918594,0.08680345118045807,0.11852528154850006,0.13456867635250092,0.1391253024339676,0.13020753860473633,0.1171480342745781,0.10042043775320053,0.07595696300268173
21,EGY,Egypt,2019,1.397194504737854,0.14202482998371124,5.911039352416992,6,-0.7224758267402649,-0.816137969493866,-0.7838069200515747,-0.5674826502799988,0.037546828389167786,0.059697482734918594,0.08680345118045807,0.11852528154850006,0.13456867635250092,0.1391253024339676,0.13020753860473633,0.1171480342745781,0.10042043775320053,0.07595696300268173
21,EGY,Egypt,2020,0.7784237861633301,0.13241977989673615,5.911039352416992,6,-0.7224758267402649,-0.816137969493866,-0.7838069200515747,-0.5674826502799988,0.037546828389167786,0.059697482734918594,0.08680345118045807,0.11852528154850006,0.13456867635250092,0.1391253024339676,0.13020753860473633,0.1171480342745781,0.10042043775320053,0.07595696300268173
21,EGY,Egypt,2021,0.7313584089279175,0.11736610531806946,5.911039352416992,6,-0.7224758267402649,-0.816137969493866,-0.7838069200515747,-0.5674826502799988,0.037546828389167786,0.059697482734918594,0.08680345118045807,0.11852528154850006,0.13456867635250092,0.1391253024339676,0.13020753860473633,0.1171480342745781,0.10042043775320053,0.07595696300268173
21,EGY,Egypt,2022,0.8227205872535706,0.10182443261146545,5.911039352416992,6,-0.7224758267402649,-0.816137969493866,-0.7838069200515747,-0.5674826502799988,0.037546828389167786,0.059697482734918594,0.08680345118045807,0.11852528154850006,0.13456867635250092,0.1391253024339676,0.13020753860473633,0.1171480342745781,0.10042043775320053,0.07595696300268173
21,EGY,Egypt,2023,0.880398690700531,0.08682991564273834,5.911039352416992,6,-0.7224758267402649,-0.816137969493866,-0.7838069200515747,-0.5674826502799988,0.037546828389167786,0.059697482734918594,0.08680345118045807,0.11852528154850006,0.13456867635250092,0.1391253024339676,0.13020753860473633,0.1171480342745781,0.10042043775320053,0.07595696300268173
22,ESP,Spain,2018,-2.3918983936309814,-0.15593403577804565,5.372808456420898,5,0.789492130279541,0.8293587565422058,0.796362042427063,0.7427557706832886,0.07760799676179886,0.09436526894569397,0.10948856920003891,0.11874060332775116,0.12043598294258118,0.11900278925895691,0.11088666319847107,0.09991348534822464,0.08425603806972504,0.06530261039733887
22,ESP,Spain,2019,-3.220625877380371,-0.19346189498901367,5.372808456420898,5,0.789492130279541,0.8293587565422058,0.796362042427063,0.7427557706832886,0.07760799676179886,0.09436526894569397,0.10948856920003891,0.11874060332775116,0.12043598294258118,0.11900278925895691,0.11088666319847107,0.09991348534822464,0.08425603806972504,0.06530261039733887
22,ESP,Spain,2020,-4.112740993499756,-0.20854368805885315,5.372808456420898,5,0.789492130279541,0.8293587565422058,0.796362042427063,0.7427557706832886,0.07760799676179886,0.09436526894569397,0.10948856920003891,0.11874060332775116,0.12043598294258118,0.11900278925895691,0.11088666319847107,0.09991348534822464,0.08425603806972504,0.06530261039733887
22,ESP,Spain,2021,-4.21701192855835,-0.2146155834197998,5.372808456420898,5,0.789492130279541,0.8293587565422058,0.796362042427063,0.7427557706832886,0.07760799676179886,0.09436526894569397,0.10948856920003891,0.11874060332775116,0.12043598294258118,0.11900278925895691,0.11088666319847107,0.09991348534822464,0.08425603806972504,0.06530261039733887
22,ESP,Spain,2022,-3.774611234664917,-0.2199774533510208,5.372808456420898,5,0.789492130279541,0.8293587565422058,0.796362042427063,0.7427557706832886,0.07760799676179886,0.09436526894569397,0.10948856920003891,0.11874060332775116,0.12043598294258118,0.11900278925895691,0.11088666319847107,0.09991348534822464,0.08425603806972504,0.06530261039733887
22,ESP,Spain,2023,-4.671977519989014,-0.22421690821647644,5.372808456420898,5,0.789492130279541,0.8293587565422058,0.796362042427063,0.7427557706832886,0.07760799676179886,0.09436526894569397,0.10948856920003891,0.11874060332775116,0.12043598294258118,0.11900278925895691,0.11088666319847107,0.09991348534822464,0.08425603806972504,0.06530261039733887
23,EST,Estonia,2018,-4.833373069763184,-0.14876596629619598,5.500095844268799,5,0.5303884744644165,0.3051801919937134,0.8016892075538635,0.48429596424102783,0.06446687132120132,0.08180470764636993,0.09979832172393799,0.12214846163988113,0.13309410214424133,0.12907783687114716,0.11947032809257507,0.10453316569328308,0.0845264345407486,0.06107977032661438
23,EST,Estonia,2019,-9.96490478515625,-0.19316574931144714,5.500095844268799,5,0.5303884744644165,0.3051801919937134,0.8016892075538635,0.48429596424102783,0.06446687132120132,0.08180470764636993,0.09979832172393799,0.12214846163988113,0.13309410214424133,0.12907783687114716,0.11947032809257507,0.10453316569328308,0.0845264345407486,0.06107977032661438
23,EST,Estonia,2020,-18.38939094543457,-0.20953170955181122,5.500095844268799,5,0.5303884744644165,0.3051801919937134,0.8016892075538635,0.48429596424102783,0.06446687132120132,0.08180470764636993,0.09979832172393799,0.12214846163988113,0.13309410214424133,0.12907783687114716,0.11947032809257507,0.10453316569328308,0.0845264345407486,0.06107977032661438
23,EST,Estonia,2021,-14.705828666687012,-0.2119428664445877,5.500095844268799,5,0.5303884744644165,0.3051801919937134,0.8016892075538635,0.48429596424102783,0.06446687132120132,0.08180470764636993,0.09979832172393799,0.12214846163988113,0.13309410214424133,0.12907783687114716,0.11947032809257507,0.10453316569328308,0.0845264345407486,0.06107977032661438
23,EST,Estonia,2022,-11.738649368286133,-0.21580365300178528,5.500095844268799,5,0.5303884744644165,0.3051801919937134,0.8016892075538635,0.48429596424102783,0.06446687132120132,0.08180470764636993,0.09979832172393799,0.12214846163988113,0.13309410214424133,0.12907783687114716,0.11947032809257507,0.10453316569328308,0.0845264345407486,0.06107977032661438
23,EST,Estonia,2023,-19.71649742126465,-0.2189183533191681,5.500095844268799,5,0.5303884744644165,0.3051801919937134,0.8016892075538635,0.48429596424102783,0.06446687132120132,0.08180470764636993,0.09979832172393799,0.12214846163988113,0.13309410214424133,0.12907783687114716,0.11947032809257507,0.10453316569328308,0.0845264345407486,0.06107977032661438
24,FIN,Finland,2018,-2.4947378635406494,-0.13629861176013947,5.445955276489258,5,1.5118976831436157,1.5876092910766602,1.3751853704452515,1.572898507118225,0.06915146857500076,0.0874030590057373,0.10200147330760956,0.11829911917448044,0.12848886847496033,0.12761662900447845,0.12174592167139053,0.10401448607444763,0.08247476071119308,0.058804210275411606
24,FIN,Finland,2019,-3.0343379974365234,-0.1518196314573288,5.445955276489258,5,1.5118976831436157,1.5876092910766602,1.3751853704452515,1.572898507118225,0.06915146857500076,0.0874030590057373,0.10200147330760956,0.11829911917448044,0.12848886847496033,0.12761662900447845,0.12174592167139053,0.10401448607444763,0.08247476071119308,0.058804210275411606
24,FIN,Finland,2020,-4.05517578125,-0.184223473072052,5.445955276489258,5,1.5118976831436157,1.5876092910766602,1.3751853704452515,1.572898507118225,0.06915146857500076,0.0874030590057373,0.10200147330760956,0.11829911917448044,0.12848886847496033,0.12761662900447845,0.12174592167139053,0.10401448607444763,0.08247476071119308,0.058804210275411606
24,FIN,Finland,2021,-3.9226253032684326,-0.20702876150608063,5.445955276489258,5,1.5118976831436157,1.5876092910766602,1.3751853704452515,1.572898507118225,0.06915146857500076,0.0874030590057373,0.10200147330760956,0.11829911917448044,0.12848886847496033,0.12761662900447845,0.12174592167139053,0.10401448607444763,0.08247476071119308,0.058804210275411606
24,FIN,Finland,2022,-4.062594890594482,-0.21960926055908203,5.445955276489258,5,1.5118976831436157,1.5876092910766602,1.3751853704452515,1.572898507118225,0.06915146857500076,0.0874030590057373,0.10200147330760956,0.11829911917448044,0.12848886847496033,0.12761662900447845,0.12174592167139053,0.10401448607444763,0.08247476071119308,0.058804210275411606
24,FIN,Finland,2023,-5.2590131759643555,-0.22263891994953156,5.445955276489258,5,1.5118976831436157,1.5876092910766602,1.3751853704452515,1.572898507118225,0.06915146857500076,0.0874030590057373,0.10200147330760956,0.11829911917448044,0.12848886847496033,0.12761662900447845,0.12174592167139053,0.10401448607444763,0.08247476071119308,0.058804210275411606
25,FRA,France,2018,-2.937512159347534,-0.16718068718910217,5.607362747192383,6,0.8883405327796936,1.0859564542770386,0.6707704067230225,0.9082947969436646,0.0635976493358612,0.08161020278930664,0.09678538888692856,0.11520612984895706,0.12420234084129333,0.12785840034484863,0.11849438399076462,0.10938175022602081,0.09195069223642349,0.07091305404901505
25,FRA,France,2019,-2.957599639892578,-0.18275967240333557,5.607362747192383,6,0.8883405327796936,1.0859564542770386,0.6707704067230225,0.9082947969436646,0.0635976493358612,0.08161020278930664,0.09678538888692856,0.11520612984895706,0.12420234084129333,0.12785840034484863,0.11849438399076462,0.10938175022602081,0.09195069223642349,0.07091305404901505
25,FRA,France,2020,-3.0673086643218994,-0.19557911157608032,5.607362747192383,6,0.8883405327796936,1.0859564542770386,0.6707704067230225,0.9082947969436646,0.0635976493358612,0.08161020278930664,0.09678538888692856,0.11520612984895706,0.12420234084129333,0.12785840034484863,0.11849438399076462,0.10938175022602081,0.09195069223642349,0.07091305404901505
25,FRA,France,2021,-2.956054449081421,-0.19895946979522705,5.607362747192383,6,0.8883405327796936,1.0859564542770386,0.6707704067230225,0.9082947969436646,0.0635976493358612,0.08161020278930664,0.09678538888692856,0.11520612984895706,0.12420234084129333,0.12785840034484863,0.11849438399076462,0.10938175022602081,0.09195069223642349,0.07091305404901505
25,FRA,France,2022,-0.05572359263896942,-0.2256280928850174,5.607362747192383,6,0.8883405327796936,1.0859564542770386,0.6707704067230225,0.9082947969436646,0.0635976493358612,0.08161020278930664,0.09678538888692856,0.11520612984895706,0.12420234084129333,0.12785840034484863,0.11849438399076462,0.10938175022602081,0.09195069223642349,0.07091305404901505
25,FRA,France,2023,-3.9094398021698,-0.23036016523838043,5.607362747192383,6,0.8883405327796936,1.0859564542770386,0.6707704067230225,0.9082947969436646,0.0635976493358612,0.08161020278930664,0.09678538888692856,0.11520612984895706,0.12420234084129333,0.12785840034484863,0.11849438399076462,0.10938175022602081,0.09195069223642349,0.07091305404901505
26,GBR,United Kingdom,2018,-11.656635284423828,-0.14000138640403748,5.733742713928223,6,1.2583589553833008,1.1897099018096924,1.3614327907562256,1.2239340543746948,0.05945073813199997,0.07482744753360748,0.08606652170419693,0.10794886946678162,0.12465845793485641,0.13323356211185455,0.13223184645175934,0.11702778190374374,0.09544499963521957,0.06910977512598038
26,GBR,United Kingdom,2019,-12.48721694946289,-0.1600169539451599,5.733742713928223,6,1.2583589553833008,1.1897099018096924,1.3614327907562256,1.2239340543746948,0.05945073813199997,0.07482744753360748,0.08606652170419693,0.10794886946678162,0.12465845793485641,0.13323356211185455,0.13223184645175934,0.11702778190374374,0.09544499963521957,0.06910977512598038
26,GBR,United Kingdom,2020,-13.733572006225586,-0.1783999800682068,5.733742713928223,6,1.2583589553833008,1.1897099018096924,1.3614327907562256,1.2239340543746948,0.05945073813199997,0.07482744753360748,0.08606652170419693,0.10794886946678162,0.12465845793485641,0.13323356211185455,0.13223184645175934,0.11702778190374374,0.09544499963521957,0.06910977512598038
26,GBR,United Kingdom,2021,-12.55033016204834,-0.19514194130897522,5.733742713928223,6,1.2583589553833008,1.1897099018096924,1.3614327907562256,1.2239340543746948,0.05945073813199997,0.07482744753360748,0.08606652170419693,0.10794886946678162,0.12465845793485641,0.13323356211185455,0.13223184645175934,0.11702778190374374,0.09544499963521957,0.06910977512598038
26,GBR,United Kingdom,2022,-13.13424301147461,-0.21233318746089935,5.733742713928223,6,1.2583589553833008,1.1897099018096924,1.3614327907562256,1.2239340543746948,0.05945073813199997,0.07482744753360748,0.08606652170419693,0.10794886946678162,0.12465845793485641,0.13323356211185455,0.13223184645175934,0.11702778190374374,0.09544499963521957,0.06910977512598038
26,GBR,United Kingdom,2023,-14.066479682922363,-0.225338876247406,5.733742713928223,6,1.2583589553833008,1.1897099018096924,1.3614327907562256,1.2239340543746948,0.05945073813199997,0.07482744753360748,0.08606652170419693,0.10794886946678162,0.12465845793485641,0.13323356211185455,0.13223184645175934,0.11702778190374374,0.09544499963521957,0.06910977512598038
27,GRC,Greece,2018,-5.507160186767578,-0.10918160527944565,5.435565948486328,6,0.21050052344799042,0.004785913974046707,0.24354657530784607,0.3831690847873688,0.0750088021159172,0.08971995860338211,0.10387664288282394,0.11751465499401093,0.1208975613117218,0.12306643277406693,0.11543010920286179,0.10453386604785919,0.0872594565153122,0.06269250810146332
27,GRC,Greece,2019,-6.582149982452393,-0.17470814287662506,5.435565948486328,6,0.21050052344799042,0.004785913974046707,0.24354657530784607,0.3831690847873688,0.0750088021159172,0.08971995860338211,0.10387664288282394,0.11751465499401093,0.1208975613117218,0.12306643277406693,0.11543010920286179,0.10453386604785919,0.0872594565153122,0.06269250810146332
27,GRC,Greece,2020,-8.231910705566406,-0.20090189576148987,5.435565948486328,6,0.21050052344799042,0.004785913974046707,0.24354657530784607,0.3831690847873688,0.0750088021159172,0.08971995860338211,0.10387664288282394,0.11751465499401093,0.1208975613117218,0.12306643277406693,0.11543010920286179,0.10453386604785919,0.0872594565153122,0.06269250810146332
27,GRC,Greece,2021,-9.12386703491211,-0.21013061702251434,5.435565948486328,6,0.21050052344799042,0.004785913974046707,0.24354657530784607,0.3831690847873688,0.0750088021159172,0.08971995860338211,0.10387664288282394,0.11751465499401093,0.1208975613117218,0.12306643277406693,0.11543010920286179,0.10453386604785919,0.0872594565153122,0.06269250810146332
27,GRC,Greece,2022,-9.264490127563477,-0.2255125343799591,5.435565948486328,6,0.21050052344799042,0.004785913974046707,0.24354657530784607,0.3831690847873688,0.0750088021159172,0.08971995860338211,0.10387664288282394,0.11751465499401093,0.1208975613117218,0.12306643277406693,0.11543010920286179,0.10453386604785919,0.0872594565153122,0.06269250810146332
27,GRC,Greece,2023,-10.155776977539062,-0.23298756778240204,5.435565948486328,6,0.21050052344799042,0.004785913974046707,0.24354657530784607,0.3831690847873688,0.0750088021159172,0.08971995860338211,0.10387664288282394,0.11751465499401093,0.1208975613117218,0.12306643277406693,0.11543010920286179,0.10453386604785919,0.0872594565153122,0.06269250810146332
28,HKG,Hong Kong,2018,-1.1459519863128662,-0.06618963181972504,5.366011619567871,5,1.1223636865615845,1.0890463590621948,1.3811711072921753,0.8968734741210938,0.047603778541088104,0.0910835862159729,0.1176137775182724,0.13418592512607574,0.13822072744369507,0.1326276957988739,0.11856967955827713,0.09900578111410141,0.07313881814479828,0.04795021563768387
28,HKG,Hong Kong,2019,-1.7272493839263916,-0.1395207941532135,5.366011619567871,5,1.1223636865615845,1.0890463590621948,1.3811711072921753,0.8968734741210938,0.047603778541088104,0.0910835862159729,0.1176137775182724,0.13418592512607574,0.13822072744369507,0.1326276957988739,0.11856967955827713,0.09900578111410141,0.07313881814479828,0.04795021563768387
28,HKG,Hong Kong,2020,-5.682636260986328,-0.1922352910041809,5.366011619567871,5,1.1223636865615845,1.0890463590621948,1.3811711072921753,0.8968734741210938,0.047603778541088104,0.0910835862159729,0.1176137775182724,0.13418592512607574,0.13822072744369507,0.1326276957988739,0.11856967955827713,0.09900578111410141,0.07313881814479828,0.04795021563768387
28,HKG,Hong Kong,2021,-5.362922668457031,-0.2007979303598404,5.366011619567871,5,1.1223636865615845,1.0890463590621948,1.3811711072921753,0.8968734741210938,0.047603778541088104,0.0910835862159729,0.1176137775182724,0.13418592512607574,0.13822072744369507,0.1326276957988739,0.11856967955827713,0.09900578111410141,0.07313881814479828,0.04795021563768387
28,HKG,Hong Kong,2022,-5.762137413024902,-0.17733894288539886,5.366011619567871,5,1.1223636865615845,1.0890463590621948,1.3811711072921753,0.8968734741210938,0.047603778541088104,0.0910835862159729,0.1176137775182724,0.13418592512607574,0.13822072744369507,0.1326276957988739,0.11856967955827713,0.09900578111410141,0.07313881814479828,0.04795021563768387
28,HKG,Hong Kong,2023,-5.774105072021484,-0.15094484388828278,5.366011619567871,5,1.1223636865615845,1.0890463590621948,1.3811711072921753,0.8968734741210938,0.047603778541088104,0.0910835862159729,0.1176137775182724,0.13418592512607574,0.13822072744369507,0.1326276957988739,0.11856967955827713,0.09900578111410141,0.07313881814479828,0.04795021563768387
29,HRV,Croatia,2018,-2.1691575050354004,-0.06550300121307373,4.5097808837890625,4,-0.3481642007827759,-0.2588765323162079,-0.3555670380592346,-0.4300490617752075,0.10082138329744339,0.12575297057628632,0.14836637675762177,0.14978013932704926,0.14914152026176453,0.11798890680074692,0.08157147467136383,0.06637783348560333,0.0444241426885128,0.01577524095773697
29,HRV,Croatia,2019,-1.4451857805252075,-0.10431283712387085,4.5097808837890625,4,-0.3481642007827759,-0.2588765323162079,-0.3555670380592346,-0.4300490617752075,0.10082138329744339,0.12575297057628632,0.14836637675762177,0.14978013932704926,0.14914152026176453,0.11798890680074692,0.08157147467136383,0.06637783348560333,0.0444241426885128,0.01577524095773697
29,HRV,Croatia,2020,-1.7230193614959717,-0.12121467292308807,4.5097808837890625,4,-0.3481642007827759,-0.2588765323162079,-0.3555670380592346,-0.4300490617752075,0.10082138329744339,0.12575297057628632,0.14836637675762177,0.14978013932704926,0.14914152026176453,0.11798890680074692,0.08157147467136383,0.06637783348560333,0.0444241426885128,0.01577524095773697
29,HRV,Croatia,2021,-2.0073060989379883,-0.12461342662572861,4.5097808837890625,4,-0.3481642007827759,-0.2588765323162079,-0.3555670380592346,-0.4300490617752075,0.10082138329744339,0.12575297057628632,0.14836637675762177,0.14978013932704926,0.14914152026176453,0.11798890680074692,0.08157147467136383,0.06637783348560333,0.0444241426885128,0.01577524095773697
29,HRV,Croatia,2022,-1.4104783535003662,-0.16326037049293518,4.5097808837890625,4,-0.3481642007827759,-0.2588765323162079,-0.3555670380592346,-0.4300490617752075,0.10082138329744339,0.12575297057628632,0.14836637675762177,0.14978013932704926,0.14914152026176453,0.11798890680074692,0.08157147467136383,0.06637783348560333,0.0444241426885128,0.01577524095773697
29,HRV,Croatia,2023,-2.236304998397827,-0.1970464140176773,4.5097808837890625,4,-0.3481642007827759,-0.2588765323162079,-0.3555670380592346,-0.4300490617752075,0.10082138329744339,0.12575297057628632,0.14836637675762177,0.14978013932704926,0.14914152026176453,0.11798890680074692,0.08157147467136383,0.06637783348560333,0.0444241426885128,0.01577524095773697
30,HUN,Hungary,2018,-2.826733112335205,-0.16810226440429688,5.411221981048584,5,0.43036317825317383,0.30845627188682556,0.5491956472396851,0.4334375858306885,0.07323737442493439,0.09183511883020401,0.10706400126218796,0.11781016737222672,0.12467558681964874,0.1224672719836235,0.11343468725681305,0.10046681761741638,0.08416670560836792,0.06484226882457733
30,HUN,Hungary,2019,-3.2313930988311768,-0.18683728575706482,5.411221981048584,5,0.43036317825317383,0.30845627188682556,0.5491956472396851,0.4334375858306885,0.07323737442493439,0.09183511883020401,0.10706400126218796,0.11781016737222672,0.12467558681964874,0.1224672719836235,0.11343468725681305,0.10046681761741638,0.08416670560836792,0.06484226882457733
30,HUN,Hungary,2020,-3.419083595275879,-0.19829143583774567,5.411221981048584,5,0.43036317825317383,0.30845627188682556,0.5491956472396851,0.4334375858306885,0.07323737442493439,0.09183511883020401,0.10706400126218796,0.11781016737222672,0.12467558681964874,0.1224672719836235,0.11343468725681305,0.10046681761741638,0.08416670560836792,0.06484226882457733
30,HUN,Hungary,2021,-3.8331387042999268,-0.2060007005929947,5.411221981048584,5,0.43036317825317383,0.30845627188682556,0.5491956472396851,0.4334375858306885,0.07323737442493439,0.09183511883020401,0.10706400126218796,0.11781016737222672,0.12467558681964874,0.1224672719836235,0.11343468725681305,0.10046681761741638,0.08416670560836792,0.06484226882457733
30,HUN,Hungary,2022,-4.042897701263428,-0.21224287152290344,5.411221981048584,5,0.43036317825317383,0.30845627188682556,0.5491956472396851,0.4334375858306885,0.07323737442493439,0.09183511883020401,0.10706400126218796,0.11781016737222672,0.12467558681964874,0.1224672719836235,0.11343468725681305,0.10046681761741638,0.08416670560836792,0.06484226882457733
30,HUN,Hungary,2023,-4.756733417510986,-0.21629011631011963,5.411221981048584,5,0.43036317825317383,0.30845627188682556,0.5491956472396851,0.4334375858306885,0.07323737442493439,0.09183511883020401,0.10706400126218796,0.11781016737222672,0.12467558681964874,0.1224672719836235,0.11343468725681305,0.10046681761741638,0.08416670560836792,0.06484226882457733
31,IDN,Indonesia,2018,2.64410662651062,-0.12721776962280273,5.5,1,-0.9561768174171448,-0.9402090311050415,-0.8002218008041382,-1.1280996799468994,0.10000000149011612,0.10000000149011612,0.10000000149011612,0.10000000149011612,0.10000000149011612,0.10000000149011612,0.10000000149011612,0.10000000149011612,0.10000000149011612,0.10000000149011612
31,IDN,Indonesia,2019,3.317753314971924,-0.10176602751016617,5.5,1,-0.9561768174171448,-0.9402090311050415,-0.8002218008041382,-1.1280996799468994,0.10000000149011612,0.10000000149011612,0.10000000149011612,0.10000000149011612,0.10000000149011612,0.10000000149011612,0.10000000149011612,0.10000000149011612,0.10000000149011612,0.10000000149011612
31,IDN,Indonesia,2020,2.719416856765747,-0.09325740486383438,5.5,1,-0.9561768174171448,-0.9402090311050415,-0.8002218008041382,-1.1280996799468994,0.10000000149011612,0.10000000149011612,0.10000000149011612,0.10000000149011612,0.10000000149011612,0.10000000149011612,0.10000000149011612,0.10000000149011612,0.10000000149011612,0.10000000149011612
31,IDN,Indonesia,2021,2.6682887077331543,-0.05262494087219238,5.5,1,-0.9561768174171448,-0.9402090311050415,-0.8002218008041382,-1.1280996799468994,0.10000000149011612,0.10000000149011612,0.10000000149011612,0.10000000149011612,0.10000000149011612,0.10000000149011612,0.10000000149011612,0.10000000149011612,0.10000000149011612,0.10000000149011612
31,IDN,Indonesia,2022,2.0740978717803955,-0.09123551845550537,5.5,1,-0.9561768174171448,-0.9402090311050415,-0.8002218008041382,-1.1280996799468994,0.10000000149011612,0.10000000149011612,0.10000000149011612,0.10000000149011612,0.10000000149011612,0.10000000149011612,0.10000000149011612,0.10000000149011612,0.10000000149011612,0.10000000149011612
31,IDN,Indonesia,2023,2.4188666343688965,-0.14818939566612244,5.5,1,-0.9561768174171448,-0.9402090311050415,-0.8002218008041382,-1.1280996799468994,0.10000000149011612,0.10000000149011612,0.10000000149011612,0.10000000149011612,0.10000000149011612,0.10000000149011612,0.10000000149011612,0.10000000149011612,0.10000000149011612,0.10000000149011612
32,IND,India,2018,0.023883648216724396,-0.03912931680679321,4.5768280029296875,5,-0.5800058245658875,-0.6757107377052307,-0.8220545053482056,-0.24225223064422607,0.12143652886152267,0.1266317218542099,0.12277576327323914,0.14781014621257782,0.15176698565483093,0.09397120773792267,0.07969163358211517,0.06716983020305634,0.06276402622461319,0.02598215639591217
32,IND,India,2019,-1.7109887599945068,-0.04453267157077789,4.5768280029296875,5,-0.5800058245658875,-0.6757107377052307,-0.8220545053482056,-0.24225223064422607,0.12143652886152267,0.1266317218542099,0.12277576327323914,0.14781014621257782,0.15176698565483093,0.09397120773792267,0.07969163358211517,0.06716983020305634,0.06276402622461319,0.02598215639591217
32,IND,India,2020,-2.832286834716797,-0.07265381515026093,4.5768280029296875,5,-0.5800058245658875,-0.6757107377052307,-0.8220545053482056,-0.24225223064422607,0.12143652886152267,0.1266317218542099,0.12277576327323914,0.14781014621257782,0.15176698565483093,0.09397120773792267,0.07969163358211517,0.06716983020305634,0.06276402622461319,0.02598215639591217
32,IND,India,2021,-2.1478464603424072,-0.0959494560956955,4.5768280029296875,5,-0.5800058245658875,-0.6757107377052307,-0.8220545053482056,-0.24225223064422607,0.12143652886152267,0.1266317218542099,0.12277576327323914,0.14781014621257782,0.15176698565483093,0.09397120773792267,0.07969163358211517,0.06716983020305634,0.06276402622461319,0.02598215639591217
32,IND,India,2022,-2.8932855129241943,-0.09577836096286774,4.5768280029296875,5,-0.5800058245658875,-0.6757107377052307,-0.8220545053482056,-0.24225223064422607,0.12143652886152267,0.1266317218542099,0.12277576327323914,0.14781014621257782,0.15176698565483093,0.09397120773792267,0.07969163358211517,0.06716983020305634,0.06276402622461319,0.02598215639591217
32,IND,India,2023,-2.182831048965454,-0.11947496235370636,4.5768280029296875,5,-0.5800058245658875,-0.6757107377052307,-0.8220545053482056,-0.24225223064422607,0.12143652886152267,0.1266317218542099,0.12277576327323914,0.14781014621257782,0.15176698565483093,0.09397120773792267,0.07969163358211517,0.06716983020305634,0.06276402622461319,0.02598215639591217
33,IRL,Ireland,2018,-3.2219769954681396,-0.14841343462467194,5.637627124786377,6,1.125100016593933,0.9071259498596191,1.2676217555999756,1.2005521059036255,0.06394350528717041,0.08095361292362213,0.09362059831619263,0.11126277595758438,0.12455184757709503,0.12791873514652252,0.12284181267023087,0.10998793691396713,0.09339603036642075,0.07152314484119415
33,IRL,Ireland,2019,-3.9652493000030518,-0.18182975053787231,5.637627124786377,6,1.125100016593933,0.9071259498596191,1.2676217555999756,1.2005521059036255,0.06394350528717041,0.08095361292362213,0.09362059831619263,0.11126277595758438,0.12455184757709503,0.12791873514652252,0.12284181267023087,0.10998793691396713,0.09339603036642075,0.07152314484119415
33,IRL,Ireland,2020,-4.2647223472595215,-0.19960692524909973,5.637627124786377,6,1.125100016593933,0.9071259498596191,1.2676217555999756,1.2005521059036255,0.06394350528717041,0.08095361292362213,0.09362059831619263,0.11126277595758438,0.12455184757709503,0.12791873514652252,0.12284181267023087,0.10998793691396713,0.09339603036642075,0.07152314484119415
33,IRL,Ireland,2021,-3.373614549636841,-0.21488283574581146,5.637627124786377,6,1.125100016593933,0.9071259498596191,1.2676217555999756,1.2005521059036255,0.06394350528717041,0.08095361292362213,0.09362059831619263,0.11126277595758438,0.12455184757709503,0.12791873514652252,0.12284181267023087,0.10998793691396713,0.09339603036642075,0.07152314484119415
33,IRL,Ireland,2022,-3.6817150115966797,-0.22304601967334747,5.637627124786377,6,1.125100016593933,0.9071259498596191,1.2676217555999756,1.2005521059036255,0.06394350528717041,0.08095361292362213,0.09362059831619263,0.11126277595758438,0.12455184757709503,0.12791873514652252,0.12284181267023087,0.10998793691396713,0.09339603036642075,0.07152314484119415
33,IRL,Ireland,2023,-4.387845516204834,-0.22957389056682587,5.637627124786377,6,1.125100016593933,0.9071259498596191,1.2676217555999756,1.2005521059036255,0.06394350528717041,0.08095361292362213,0.09362059831619263,0.11126277595758438,0.12455184757709503,0.12791873514652252,0.12284181267023087,0.10998793691396713,0.09339603036642075,0.07152314484119415
34,IRN,Iran,2018,0.18575511872768402,0.07073892652988434,5.5,1,-1.425826907157898,-1.0039883852005005,-1.918333888053894,-1.3551583290100098,0.10000000149011612,0.10000000149011612,0.10000000149011612,0.10000000149011612,0.10000000149011612,0.10000000149011612,0.10000000149011612,0.10000000149011612,0.10000000149011612,0.10000000149011612
34,IRN,Iran,2019,-3.3282368183135986,0.05823118984699249,5.5,1,-1.425826907157898,-1.0039883852005005,-1.918333888053894,-1.3551583290100098,0.10000000149011612,0.10000000149011612,0.10000000149011612,0.10000000149011612,0.10000000149011612,0.10000000149011612,0.10000000149011612,0.10000000149011612,0.10000000149011612,0.10000000149011612
34,IRN,Iran,2020,-1.5740487575531006,0.03707452118396759,5.5,1,-1.425826907157898,-1.0039883852005005,-1.918333888053894,-1.3551583290100098,0.10000000149011612,0.10000000149011612,0.10000000149011612,0.10000000149011612,0.10000000149011612,0.10000000149011612,0.10000000149011612,0.10000000149011612,0.10000000149011612,0.10000000149011612
34,IRN,Iran,2021,0.32263654470443726,0.01093032956123352,5.5,1,-1.425826907157898,-1.0039883852005005,-1.918333888053894,-1.3551583290100098,0.10000000149011612,0.10000000149011612,0.10000000149011612,0.10000000149011612,0.10000000149011612,0.10000000149011612,0.10000000149011612,0.10000000149011612,0.10000000149011612,0.10000000149011612
34,IRN,Iran,2022,0.009564151056110859,0.009345561265945435,5.5,1,-1.425826907157898,-1.0039883852005005,-1.918333888053894,-1.3551583290100098,0.10000000149011612,0.10000000149011612,0.10000000149011612,0.10000000149011612,0.10000000149011612,0.10000000149011612,0.10000000149011612,0.10000000149011612,0.10000000149011612,0.10000000149011612
34,IRN,Iran,2023,-0.9724723696708679,0.01705975830554962,5.5,1,-1.425826907157898,-1.0039883852005005,-1.918333888053894,-1.3551583290100098,0.10000000149011612,0.10000000149011612,0.10000000149011612,0.10000000149011612,0.10000000149011612,0.10000000149011612,0.10000000149011612,0.10000000149011612,0.10000000149011612,0.10000000149011612
35,IRQ,Iraq,2018,1.4125878810882568,0.15342368185520172,5.2813262939453125,5,-2.0568058490753174,-2.0972113609313965,-2.079011917114258,-1.9941946268081665,0.07593999803066254,0.09543660283088684,0.11061140894889832,0.12294729053974152,0.12959851324558258,0.12636636197566986,0.11350557953119278,0.09517496079206467,0.07543297857046127,0.054986320436000824
35,IRQ,Iraq,2019,1.0280742645263672,0.13938094675540924,5.2813262939453125,5,-2.0568058490753174,-2.0972113609313965,-2.079011917114258,-1.9941946268081665,0.07593999803066254,0.09543660283088684,0.11061140894889832,0.12294729053974152,0.12959851324558258,0.12636636197566986,0.11350557953119278,0.09517496079206467,0.07543297857046127,0.054986320436000824
35,IRQ,Iraq,2020,1.1829884052276611,0.12958978116512299,5.2813262939453125,5,-2.0568058490753174,-2.0972113609313965,-2.079011917114258,-1.9941946268081665,0.07593999803066254,0.09543660283088684,0.11061140894889832,0.12294729053974152,0.12959851324558258,0.12636636197566986,0.11350557953119278,0.09517496079206467,0.07543297857046127,0.054986320436000824
35,IRQ,Iraq,2021,1.2868479490280151,0.12470738589763641,5.2813262939453125,5,-2.0568058490753174,-2.0972113609313965,-2.079011917114258,-1.9941946268081665,0.07593999803066254,0.09543660283088684,0.11061140894889832,0.12294729053974152,0.12959851324558258,0.12636636197566986,0.11350557953119278,0.09517496079206467,0.07543297857046127,0.054986320436000824
35,IRQ,Iraq,2022,1.606886863708496,0.12200580537319183,5.2813262939453125,5,-2.0568058490753174,-2.0972113609313965,-2.079011917114258,-1.9941946268081665,0.07593999803066254,0.09543660283088684,0.11061140894889832,0.12294729053974152,0.12959851324558258,0.12636636197566986,0.11350557953119278,0.09517496079206467,0.07543297857046127,0.054986320436000824
35,IRQ,Iraq,2023,1.6270170211791992,0.12216101586818695,5.2813262939453125,5,-2.0568058490753174,-2.0972113609313965,-2.079011917114258,-1.9941946268081665,0.07593999803066254,0.09543660283088684,0.11061140894889832,0.12294729053974152,0.12959851324558258,0.12636636197566986,0.11350557953119278,0.09517496079206467,0.07543297857046127,0.054986320436000824
36,ISL,Iceland,2018,2.5240752696990967,-0.1527860462665558,5.5,1,1.1885734796524048,1.2342337369918823,0.9549963474273682,1.376490592956543,0.10000000149011612,0.10000000149011612,0.10000000149011612,0.10000000149011612,0.10000000149011612,0.10000000149011612,0.10000000149011612,0.10000000149011612,0.10000000149011612,0.10000000149011612
36,ISL,Iceland,2019,2.4789857864379883,-0.1723177134990692,5.5,1,1.1885734796524048,1.2342337369918823,0.9549963474273682,1.376490592956543,0.10000000149011612,0.10000000149011612,0.10000000149011612,0.10000000149011612,0.10000000149011612,0.10000000149011612,0.10000000149011612,0.10000000149011612,0.10000000149011612,0.10000000149011612
36,ISL,Iceland,2020,1.9529410600662231,-0.18320274353027344,5.5,1,1.1885734796524048,1.2342337369918823,0.9549963474273682,1.376490592956543,0.10000000149011612,0.10000000149011612,0.10000000149011612,0.10000000149011612,0.10000000149011612,0.10000000149011612,0.10000000149011612,0.10000000149011612,0.10000000149011612,0.10000000149011612
36,ISL,Iceland,2021,1.6373142004013062,-0.19084520637989044,5.5,1,1.1885734796524048,1.2342337369918823,0.9549963474273682,1.376490592956543,0.10000000149011612,0.10000000149011612,0.10000000149011612,0.10000000149011612,0.10000000149011612,0.10000000149011612,0.10000000149011612,0.10000000149011612,0.10000000149011612,0.10000000149011612
36,ISL,Iceland,2022,1.38180673122406,-0.19545938074588776,5.5,1,1.1885734796524048,1.2342337369918823,0.9549963474273682,1.376490592956543,0.10000000149011612,0.10000000149011612,0.10000000149011612,0.10000000149011612,0.10000000149011612,0.10000000149011612,0.10000000149011612,0.10000000149011612,0.10000000149011612,0.10000000149011612
36,ISL,Iceland,2023,2.3587470054626465,-0.197418212890625,5.5,1,1.1885734796524048,1.2342337369918823,0.9549963474273682,1.376490592956543,0.10000000149011612,0.10000000149011612,0.10000000149011612,0.10000000149011612,0.10000000149011612,0.10000000149011612,0.10000000149011612,0.10000000149011612,0.10000000149011612,0.10000000149011612
37,ISR,Israel,2018,-6.285995006561279,0.027828030288219452,5.636382579803467,7,0.6414921283721924,0.9020118117332458,0.48677289485931396,0.5356917977333069,0.06626506894826889,0.07427795231342316,0.08955208957195282,0.10952340066432953,0.12871278822422028,0.13114655017852783,0.13215404748916626,0.1168634444475174,0.09066405892372131,0.06084059923887253
37,ISR,Israel,2019,-6.490711212158203,-0.07442337274551392,5.636382579803467,7,0.6414921283721924,0.9020118117332458,0.48677289485931396,0.5356917977333069,0.06626506894826889,0.07427795231342316,0.08955208957195282,0.10952340066432953,0.12871278822422028,0.13114655017852783,0.13215404748916626,0.1168634444475174,0.09066405892372131,0.06084059923887253
37,ISR,Israel,2020,-7.341547966003418,-0.08943948894739151,5.636382579803467,7,0.6414921283721924,0.9020118117332458,0.48677289485931396,0.5356917977333069,0.06626506894826889,0.07427795231342316,0.08955208957195282,0.10952340066432953,0.12871278822422028,0.13114655017852783,0.13215404748916626,0.1168634444475174,0.09066405892372131,0.06084059923887253
37,ISR,Israel,2021,-8.057387351989746,-0.08400650322437286,5.636382579803467,7,0.6414921283721924,0.9020118117332458,0.48677289485931396,0.5356917977333069,0.06626506894826889,0.07427795231342316,0.08955208957195282,0.10952340066432953,0.12871278822422028,0.13114655017852783,0.13215404748916626,0.1168634444475174,0.09066405892372131,0.06084059923887253
37,ISR,Israel,2022,-8.405094146728516,-0.09992276132106781,5.636382579803467,7,0.6414921283721924,0.9020118117332458,0.48677289485931396,0.5356917977333069,0.06626506894826889,0.07427795231342316,0.08955208957195282,0.10952340066432953,0.12871278822422028,0.13114655017852783,0.13215404748916626,0.1168634444475174,0.09066405892372131,0.06084059923887253
37,ISR,Israel,2023,-9.675131797790527,-0.13011416792869568,5.636382579803467,7,0.6414921283721924,0.9020118117332458,0.48677289485931396,0.5356917977333069,0.06626506894826889,0.07427795231342316,0.08955208957195282,0.10952340066432953,0.12871278822422028,0.13114655017852783,0.13215404748916626,0.1168634444475174,0.09066405892372131,0.06084059923887253
38,ITA,Italy,2018,-5.143430233001709,-0.166887104511261,5.477181434631348,6,0.23468120396137238,0.07437334209680557,0.34910762310028076,0.28056269884109497,0.07848575711250305,0.09381774812936783,0.1055568978190422,0.11032214015722275,0.11279529333114624,0.1154240146279335,0.11231863498687744,0.10512864589691162,0.09218748658895493,0.07396338135004044
38,ITA,Italy,2019,-5.74995231628418,-0.2042350172996521,5.477181434631348,6,0.23468120396137238,0.07437334209680557,0.34910762310028076,0.28056269884109497,0.07848575711250305,0.09381774812936783,0.1055568978190422,0.11032214015722275,0.11279529333114624,0.1154240146279335,0.11231863498687744,0.10512864589691162,0.09218748658895493,0.07396338135004044
38,ITA,Italy,2020,-6.417283058166504,-0.21844710409641266,5.477181434631348,6,0.23468120396137238,0.07437334209680557,0.34910762310028076,0.28056269884109497,0.07848575711250305,0.09381774812936783,0.1055568978190422,0.11032214015722275,0.11279529333114624,0.1154240146279335,0.11231863498687744,0.10512864589691162,0.09218748658895493,0.07396338135004044
38,ITA,Italy,2021,-6.226283073425293,-0.2280200868844986,5.477181434631348,6,0.23468120396137238,0.07437334209680557,0.34910762310028076,0.28056269884109497,0.07848575711250305,0.09381774812936783,0.1055568978190422,0.11032214015722275,0.11279529333114624,0.1154240146279335,0.11231863498687744,0.10512864589691162,0.09218748658895493,0.07396338135004044
38,ITA,Italy,2022,-4.716213703155518,-0.2349597066640854,5.477181434631348,6,0.23468120396137238,0.07437334209680557,0.34910762310028076,0.28056269884109497,0.07848575711250305,0.09381774812936783,0.1055568978190422,0.11032214015722275,0.11279529333114624,0.1154240146279335,0.11231863498687744,0.10512864589691162,0.09218748658895493,0.07396338135004044
38,ITA,Italy,2023,-6.842550277709961,-0.23854322731494904,5.477181434631348,6,0.23468120396137238,0.07437334209680557,0.34910762310028076,0.28056269884109497,0.07848575711250305,0.09381774812936783,0.1055568978190422,0.11032214015722275,0.11279529333114624,0.1154240146279335,0.11231863498687744,0.10512864589691162,0.09218748658895493,0.07396338135004044
39,JPN,Japan,2018,3.7277371883392334,-0.07211709767580032,5.5,1,0.7284886837005615,0.8470459580421448,0.45311596989631653,0.8853041529655457,0.10000000149011612,0.10000000149011612,0.10000000149011612,0.10000000149011612,0.10000000149011612,0.10000000149011612,0.10000000149011612,0.10000000149011612,0.10000000149011612,0.10000000149011612
39,JPN,Japan,2019,3.204775810241699,-0.1270563155412674,5.5,1,0.7284886837005615,0.8470459580421448,0.45311596989631653,0.8853041529655457,0.10000000149011612,0.10000000149011612,0.10000000149011612,0.10000000149011612,0.10000000149011612,0.10000000149011612,0.10000000149011612,0.10000000149011612,0.10000000149011612,0.10000000149011612
39,JPN,Japan,2020,3.1749613285064697,-0.17443504929542542,5.5,1,0.7284886837005615,0.8470459580421448,0.45311596989631653,0.8853041529655457,0.10000000149011612,0.10000000149011612,0.10000000149011612,0.10000000149011612,0.10000000149011612,0.10000000149011612,0.10000000149011612,0.10000000149011612,0.10000000149011612,0.10000000149011612
39,JPN,Japan,2021,2.640718698501587,-0.17578770220279694,5.5,1,0.7284886837005615,0.8470459580421448,0.45311596989631653,0.8853041529655457,0.10000000149011612,0.10000000149011612,0.10000000149011612,0.10000000149011612,0.10000000149011612,0.10000000149011612,0.10000000149011612,0.10000000149011612,0.10000000149011612,0.10000000149011612
39,JPN,Japan,2022,2.846599578857422,-0.1886160969734192,5.5,1,0.7284886837005615,0.8470459580421448,0.45311596989631653,0.8853041529655457,0.10000000149011612,0.10000000149011612,0.10000000149011612,0.10000000149011612,0.10000000149011612,0.10000000149011612,0.10000000149011612,0.10000000149011612,0.10000000149011612,0.10000000149011612
39,JPN,Japan,2023,1.7527316808700562,-0.21074546873569489,5.5,1,0.7284886837005615,0.8470459580421448,0.45311596989631653,0.8853041529655457,0.10000000149011612,0.10000000149011612,0.10000000149011612,0.10000000149011612,0.10000000149011612,0.10000000149011612,0.10000000149011612,0.10000000149011612,0.10000000149011612,0.10000000149011612
40,KAZ,Kazakhstan,2018,1.5828030109405518,0.1468656361103058,6.38014030456543,8,-1.2722676992416382,-1.3743125200271606,-1.0817227363586426,-1.3607680797576904,0.051927350461483,0.0487142838537693,0.05823102220892906,0.08966893702745438,0.1075621098279953,0.11609537899494171,0.12627184391021729,0.14707934856414795,0.14200226962566376,0.11244744062423706
40,KAZ,Kazakhstan,2019,1.5101414918899536,0.11938333511352539,6.38014030456543,8,-1.2722676992416382,-1.3743125200271606,-1.0817227363586426,-1.3607680797576904,0.051927350461483,0.0487142838537693,0.05823102220892906,0.08966893702745438,0.1075621098279953,0.11609537899494171,0.12627184391021729,0.14707934856414795,0.14200226962566376,0.11244744062423706
40,KAZ,Kazakhstan,2020,1.363572597503662,0.1044851541519165,6.38014030456543,8,-1.2722676992416382,-1.3743125200271606,-1.0817227363586426,-1.3607680797576904,0.051927350461483,0.0487142838537693,0.05823102220892906,0.08966893702745438,0.1075621098279953,0.11609537899494171,0.12627184391021729,0.14707934856414795,0.14200226962566376,0.11244744062423706
40,KAZ,Kazakhstan,2021,1.2543725967407227,0.08894969522953033,6.38014030456543,8,-1.2722676992416382,-1.3743125200271606,-1.0817227363586426,-1.3607680797576904,0.051927350461483,0.0487142838537693,0.05823102220892906,0.08966893702745438,0.1075621098279953,0.11609537899494171,0.12627184391021729,0.14707934856414795,0.14200226962566376,0.11244744062423706
40,KAZ,Kazakhstan,2022,1.1613658666610718,0.07755713164806366,6.38014030456543,8,-1.2722676992416382,-1.3743125200271606,-1.0817227363586426,-1.3607680797576904,0.051927350461483,0.0487142838537693,0.05823102220892906,0.08966893702745438,0.1075621098279953,0.11609537899494171,0.12627184391021729,0.14707934856414795,0.14200226962566376,0.11244744062423706
40,KAZ,Kazakhstan,2023,0.9807498455047607,0.06320248544216156,6.38014030456543,8,-1.2722676992416382,-1.3743125200271606,-1.0817227363586426,-1.3607680797576904,0.051927350461483,0.0487142838537693,0.05823102220892906,0.08966893702745438,0.1075621098279953,0.11609537899494171,0.12627184391021729,0.14707934856414795,0.14200226962566376,0.11244744062423706
41,KOR,South Korea,2018,3.200753688812256,-0.07490084320306778,4.230714321136475,5,0.34772443771362305,0.4346860945224762,0.1522836983203888,0.45620352029800415,0.05974969640374184,0.1202486902475357,0.1733473688364029,0.19357150793075562,0.2020808458328247,0.15298204123973846,0.07631629705429077,0.021703556180000305,0.0,0.0
41,KOR,South Korea,2019,1.7671101093292236,-0.10720348358154297,4.230714321136475,5,0.34772443771362305,0.4346860945224762,0.1522836983203888,0.45620352029800415,0.05974969640374184,0.1202486902475357,0.1733473688364029,0.19357150793075562,0.2020808458328247,0.15298204123973846,0.07631629705429077,0.021703556180000305,0.0,0.0
41,KOR,South Korea,2020,-0.8152863383293152,-0.133277028799057,4.230714321136475,5,0.34772443771362305,0.4346860945224762,0.1522836983203888,0.45620352029800415,0.05974969640374184,0.1202486902475357,0.1733473688364029,0.19357150793075562,0.2020808458328247,0.15298204123973846,0.07631629705429077,0.021703556180000305,0.0,0.0
41,KOR,South Korea,2021,-0.6951596140861511,-0.1403414011001587,4.230714321136475,5,0.34772443771362305,0.4346860945224762,0.1522836983203888,0.45620352029800415,0.05974969640374184,0.1202486902475357,0.1733473688364029,0.19357150793075562,0.2020808458328247,0.15298204123973846,0.07631629705429077,0.021703556180000305,0.0,0.0
41,KOR,South Korea,2022,-2.0999202728271484,-0.15395985543727875,4.230714321136475,5,0.34772443771362305,0.4346860945224762,0.1522836983203888,0.45620352029800415,0.05974969640374184,0.1202486902475357,0.1733473688364029,0.19357150793075562,0.2020808458328247,0.15298204123973846,0.07631629705429077,0.021703556180000305,0.0,0.0
41,KOR,South Korea,2023,-2.8068954944610596,-0.16981875896453857,4.230714321136475,5,0.34772443771362305,0.4346860945224762,0.1522836983203888,0.45620352029800415,0.05974969640374184,0.1202486902475357,0.1733473688364029,0.19357150793075562,0.2020808458328247,0.15298204123973846,0.07631629705429077,0.021703556180000305,0.0,0.0
42,KWT,Kuwait,2018,-6.3546881675720215,0.002248436212539673,5.5,1,-0.23261572420597076,-0.458217591047287,-0.3800378143787384,0.1404082179069519,0.10000000149011612,0.10000000149011612,0.10000000149011612,0.10000000149011612,0.10000000149011612,0.10000000149011612,0.10000000149011612,0.10000000149011612,0.10000000149011612,0.10000000149011612
42,KWT,Kuwait,2019,-7.2538886070251465,-0.019078999757766724,5.5,1,-0.23261572420597076,-0.458217591047287,-0.3800378143787384,0.1404082179069519,0.10000000149011612,0.10000000149011612,0.10000000149011612,0.10000000149011612,0.10000000149011612,0.10000000149011612,0.10000000149011612,0.10000000149011612,0.10000000149011612,0.10000000149011612
42,KWT,Kuwait,2020,-6.158499240875244,-0.028901860117912292,5.5,1,-0.23261572420597076,-0.458217591047287,-0.3800378143787384,0.1404082179069519,0.10000000149011612,0.10000000149011612,0.10000000149011612,0.10000000149011612,0.10000000149011612,0.10000000149011612,0.10000000149011612,0.10000000149011612,0.10000000149011612,0.10000000149011612
42,KWT,Kuwait,2021,-7.0740485191345215,-0.03359167277812958,5.5,1,-0.23261572420597076,-0.458217591047287,-0.3800378143787384,0.1404082179069519,0.10000000149011612,0.10000000149011612,0.10000000149011612,0.10000000149011612,0.10000000149011612,0.10000000149011612,0.10000000149011612,0.10000000149011612,0.10000000149011612,0.10000000149011612
42,KWT,Kuwait,2022,-27.902793884277344,-0.035642728209495544,5.5,1,-0.23261572420597076,-0.458217591047287,-0.3800378143787384,0.1404082179069519,0.10000000149011612,0.10000000149011612,0.10000000149011612,0.10000000149011612,0.10000000149011612,0.10000000149011612,0.10000000149011612,0.10000000149011612,0.10000000149011612,0.10000000149011612
42,KWT,Kuwait,2023,-27.870094299316406,-0.03638945519924164,5.5,1,-0.23261572420597076,-0.458217591047287,-0.3800378143787384,0.1404082179069519,0.10000000149011612,0.10000000149011612,0.10000000149011612,0.10000000149011612,0.10000000149011612,0.10000000149011612,0.10000000149011612,0.10000000149011612,0.10000000149011612,0.10000000149011612
43,LKA,Sri Lanka,2018,2.3601856231689453,0.0866013765335083,4.887993812561035,4,-0.550111711025238,-0.720518171787262,-0.5627866387367249,-0.36703041195869446,0.08558288216590881,0.12218870967626572,0.13095557689666748,0.14910784363746643,0.11579973995685577,0.11843295395374298,0.10057666152715683,0.06440757215023041,0.06963885575532913,0.04330921173095703
43,LKA,Sri Lanka,2019,4.711722373962402,0.09682027995586395,4.887993812561035,4,-0.550111711025238,-0.720518171787262,-0.5627866387367249,-0.36703041195869446,0.08558288216590881,0.12218870967626572,0.13095557689666748,0.14910784363746643,0.11579973995685577,0.11843295395374298,0.10057666152715683,0.06440757215023041,0.06963885575532913,0.04330921173095703
43,LKA,Sri Lanka,2020,4.523720741271973,0.10093311965465546,4.887993812561035,4,-0.550111711025238,-0.720518171787262,-0.5627866387367249,-0.36703041195869446,0.08558288216590881,0.12218870967626572,0.13095557689666748,0.14910784363746643,0.11579973995685577,0.11843295395374298,0.10057666152715683,0.06440757215023041,0.06963885575532913,0.04330921173095703
43,LKA,Sri Lanka,2021,1.3256715536117554,0.11128140985965729,4.887993812561035,4,-0.550111711025238,-0.720518171787262,-0.5627866387367249,-0.36703041195869446,0.08558288216590881,0.12218870967626572,0.13095557689666748,0.14910784363746643,0.11579973995685577,0.11843295395374298,0.10057666152715683,0.06440757215023041,0.06963885575532913,0.04330921173095703
43,LKA,Sri Lanka,2022,4.413687705993652,0.09826336801052094,4.887993812561035,4,-0.550111711025238,-0.720518171787262,-0.5627866387367249,-0.36703041195869446,0.08558288216590881,0.12218870967626572,0.13095557689666748,0.14910784363746643,0.11579973995685577,0.11843295395374298,0.10057666152715683,0.06440757215023041,0.06963885575532913,0.04330921173095703
43,LKA,Sri Lanka,2023,4.413687705993652,0.07391701638698578,4.887993812561035,4,-0.550111711025238,-0.720518171787262,-0.5627866387367249,-0.36703041195869446,0.08558288216590881,0.12218870967626572,0.13095557689666748,0.14910784363746643,0.11579973995685577,0.11843295395374298,0.10057666152715683,0.06440757215023041,0.06963885575532913,0.04330921173095703
44,LTU,Lithuania,2018,0.5927717685699463,-0.17557860910892487,5.5,1,0.11791292577981949,-0.0774189680814743,0.3881412148475647,0.043016545474529266,0.10000000149011612,0.10000000149011612,0.10000000149011612,0.10000000149011612,0.10000000149011612,0.10000000149011612,0.10000000149011612,0.10000000149011612,0.10000000149011612,0.10000000149011612
44,LTU,Lithuania,2019,0.5042790174484253,-0.19296109676361084,5.5,1,0.11791292577981949,-0.0774189680814743,0.3881412148475647,0.043016545474529266,0.10000000149011612,0.10000000149011612,0.10000000149011612,0.10000000149011612,0.10000000149011612,0.10000000149011612,0.10000000149011612,0.10000000149011612,0.10000000149011612,0.10000000149011612
44,LTU,Lithuania,2020,1.2348809242248535,-0.2142026573419571,5.5,1,0.11791292577981949,-0.0774189680814743,0.3881412148475647,0.043016545474529266,0.10000000149011612,0.10000000149011612,0.10000000149011612,0.10000000149011612,0.10000000149011612,0.10000000149011612,0.10000000149011612,0.10000000149011612,0.10000000149011612,0.10000000149011612
44,LTU,Lithuania,2021,1.103811502456665,-0.22300508618354797,5.5,1,0.11791292577981949,-0.0774189680814743,0.3881412148475647,0.043016545474529266,0.10000000149011612,0.10000000149011612,0.10000000149011612,0.10000000149011612,0.10000000149011612,0.10000000149011612,0.10000000149011612,0.10000000149011612,0.10000000149011612,0.10000000149011612
44,LTU,Lithuania,2022,0.6238992810249329,-0.23009638488292694,5.5,1,0.11791292577981949,-0.0774189680814743,0.3881412148475647,0.043016545474529266,0.10000000149011612,0.10000000149011612,0.10000000149011612,0.10000000149011612,0.10000000149011612,0.10000000149011612,0.10000000149011612,0.10000000149011612,0.10000000149011612,0.10000000149011612
44,LTU,Lithuania,2023,-0.08893253654241562,-0.23455360531806946,5.5,1,0.11791292577981949,-0.0774189680814743,0.3881412148475647,0.043016545474529266,0.10000000149011612,0.10000000149011612,0.10000000149011612,0.10000000149011612,0.10000000149011612,0.10000000149011612,0.10000000149011612,0.10000000149011612,0.10000000149011612,0.10000000149011612
45,LUX,Luxembourg,2018,-2.6616039276123047,-0.16480067372322083,5.683171272277832,6,1.3627294301986694,1.4299343824386597,1.3163741827011108,1.3418793678283691,0.052402712404727936,0.07168189436197281,0.09151201695203781,0.11926552653312683,0.13348709046840668,0.13666869699954987,0.129660964012146,0.11162356287240982,0.0892316922545433,0.06446584314107895
45,LUX,Luxembourg,2019,-3.0985145568847656,-0.17490467429161072,5.683171272277832,6,1.3627294301986694,1.4299343824386597,1.3163741827011108,1.3418793678283691,0.052402712404727936,0.07168189436197281,0.09151201695203781,0.11926552653312683,0.13348709046840668,0.13666869699954987,0.129660964012146,0.11162356287240982,0.0892316922545433,0.06446584314107895
45,LUX,Luxembourg,2020,-3.1957318782806396,-0.1857297420501709,5.683171272277832,6,1.3627294301986694,1.4299343824386597,1.3163741827011108,1.3418793678283691,0.052402712404727936,0.07168189436197281,0.09151201695203781,0.11926552653312683,0.13348709046840668,0.13666869699954987,0.129660964012146,0.11162356287240982,0.0892316922545433,0.06446584314107895
45,LUX,Luxembourg,2021,-3.2258713245391846,-0.19029244780540466,5.683171272277832,6,1.3627294301986694,1.4299343824386597,1.3163741827011108,1.3418793678283691,0.052402712404727936,0.07168189436197281,0.09151201695203781,0.11926552653312683,0.13348709046840668,0.13666869699954987,0.129660964012146,0.11162356287240982,0.0892316922545433,0.06446584314107895
45,LUX,Luxembourg,2022,-3.72668719291687,-0.20572155714035034,5.683171272277832,6,1.3627294301986694,1.4299343824386597,1.3163741827011108,1.3418793678283691,0.052402712404727936,0.07168189436197281,0.09151201695203781,0.11926552653312683,0.13348709046840668,0.13666869699954987,0.129660964012146,0.11162356287240982,0.0892316922545433,0.06446584314107895
45,LUX,Luxembourg,2023,-4.158839225769043,-0.21676169335842133,5.683171272277832,6,1.3627294301986694,1.4299343824386597,1.3163741827011108,1.3418793678283691,0.052402712404727936,0.07168189436197281,0.09151201695203781,0.11926552653312683,0.13348709046840668,0.13666869699954987,0.129660964012146,0.11162356287240982,0.0892316922545433,0.06446584314107895
46,LVA,Latvia,2018,2.136277437210083,-0.08389611542224884,1.2483344078063965,1,0.05672547221183777,-0.19147229194641113,0.368137001991272,-0.006488294806331396,0.7516655325889587,0.24833446741104126,0.0,0.0,0.0,0.0,0.0,0.0,0.0,0.0
46,LVA,Latvia,2019,2.451484441757202,-0.10130511224269867,1.2483344078063965,1,0.05672547221183777,-0.19147229194641113,0.368137001991272,-0.006488294806331396,0.7516655325889587,0.24833446741104126,0.0,0.0,0.0,0.0,0.0,0.0,0.0,0.0
46,LVA,Latvia,2020,0.5582294464111328,-0.0945073813199997,1.2483344078063965,1,0.05672547221183777,-0.19147229194641113,0.368137001991272,-0.006488294806331396,0.7516655325889587,0.24833446741104126,0.0,0.0,0.0,0.0,0.0,0.0,0.0,0.0
46,LVA,Latvia,2021,0.538101315498352,-0.10676544159650803,1.2483344078063965,1,0.05672547221183777,-0.19147229194641113,0.368137001991272,-0.006488294806331396,0.7516655325889587,0.24833446741104126,0.0,0.0,0.0,0.0,0.0,0.0,0.0,0.0
46,LVA,Latvia,2022,-1.1075773239135742,-0.1292438954114914,1.2483344078063965,1,0.05672547221183777,-0.19147229194641113,0.368137001991272,-0.006488294806331396,0.7516655325889587,0.24833446741104126,0.0,0.0,0.0,0.0,0.0,0.0,0.0,0.0
46,LVA,Latvia,2023,-1.7468478679656982,-0.13009199500083923,1.2483344078063965,1,0.05672547221183777,-0.19147229194641113,0.368137001991272,-0.006488294806331396,0.7516655325889587,0.24833446741104126,0.0,0.0,0.0,0.0,0.0,0.0,0.0,0.0
47,MAR,Morocco,2018,-2.0527760982513428,-0.08334605395793915,5.046838760375977,5,-0.5677001476287842,-0.5921026468276978,-0.603592574596405,-0.5074053406715393,0.08425773680210114,0.10324535518884659,0.11985566467046738,0.13157297670841217,0.14289745688438416,0.12082480639219284,0.10067649185657501,0.08626619726419449,0.06810295581817627,0.04230036959052086
47,MAR,Morocco,2019,-1.840488076210022,-0.12771198153495789,5.046838760375977,5,-0.5677001476287842,-0.5921026468276978,-0.603592574596405,-0.5074053406715393,0.08425773680210114,0.10324535518884659,0.11985566467046738,0.13157297670841217,0.14289745688438416,0.12082480639219284,0.10067649185657501,0.08626619726419449,0.06810295581817627,0.04230036959052086
47,MAR,Morocco,2020,-1.5523828268051147,-0.1368468552827835,5.046838760375977,5,-0.5677001476287842,-0.5921026468276978,-0.603592574596405,-0.5074053406715393,0.08425773680210114,0.10324535518884659,0.11985566467046738,0.13157297670841217,0.14289745688438416,0.12082480639219284,0.10067649185657501,0.08626619726419449,0.06810295581817627,0.04230036959052086
47,MAR,Morocco,2021,-1.670159101486206,-0.14101141691207886,5.046838760375977,5,-0.5677001476287842,-0.5921026468276978,-0.603592574596405,-0.5074053406715393,0.08425773680210114,0.10324535518884659,0.11985566467046738,0.13157297670841217,0.14289745688438416,0.12082480639219284,0.10067649185657501,0.08626619726419449,0.06810295581817627,0.04230036959052086
47,MAR,Morocco,2022,-1.1988462209701538,-0.16167396306991577,5.046838760375977,5,-0.5677001476287842,-0.5921026468276978,-0.603592574596405,-0.5074053406715393,0.08425773680210114,0.10324535518884659,0.11985566467046738,0.13157297670841217,0.14289745688438416,0.12082480639219284,0.10067649185657501,0.08626619726419449,0.06810295581817627,0.04230036959052086
47,MAR,Morocco,2023,-2.160374164581299,-0.19042015075683594,5.046838760375977,5,-0.5677001476287842,-0.5921026468276978,-0.603592574596405,-0.5074053406715393,0.08425773680210114,0.10324535518884659,0.11985566467046738,0.13157297670841217,0.14289745688438416,0.12082480639219284,0.10067649185657501,0.08626619726419449,0.06810295581817627,0.04230036959052086
48,MEX,Mexico,2018,-1.2096426486968994,-0.010605975985527039,3.0938971042633057,4,-0.4911726713180542,-0.5113726854324341,-0.13761571049690247,-0.8245296478271484,0.15709932148456573,0.1782892942428589,0.2305375188589096,0.2921815812587738,0.13147328794002533,0.010418983176350594,0.0,0.0,0.0,0.0
48,MEX,Mexico,2019,-1.0846872329711914,-0.018647924065589905,3.0938971042633057,4,-0.4911726713180542,-0.5113726854324341,-0.13761571049690247,-0.8245296478271484,0.15709932148456573,0.1782892942428589,0.2305375188589096,0.2921815812587738,0.13147328794002533,0.010418983176350594,0.0,0.0,0.0,0.0
48,MEX,Mexico,2020,-3.962113618850708,-0.05467809736728668,3.0938971042633057,4,-0.4911726713180542,-0.5113726854324341,-0.13761571049690247,-0.8245296478271484,0.15709932148456573,0.1782892942428589,0.2305375188589096,0.2921815812587738,0.13147328794002533,0.010418983176350594,0.0,0.0,0.0,0.0
48,MEX,Mexico,2021,-5.881318092346191,-0.04939912259578705,3.0938971042633057,4,-0.4911726713180542,-0.5113726854324341,-0.13761571049690247,-0.8245296478271484,0.15709932148456573,0.1782892942428589,0.2305375188589096,0.2921815812587738,0.13147328794002533,0.010418983176350594,0.0,0.0,0.0,0.0
48,MEX,Mexico,2022,-5.320054531097412,-0.05384726822376251,3.0938971042633057,4,-0.4911726713180542,-0.5113726854324341,-0.13761571049690247,-0.8245296478271484,0.15709932148456573,0.1782892942428589,0.2305375188589096,0.2921815812587738,0.13147328794002533,0.010418983176350594,0.0,0.0,0.0,0.0
48,MEX,Mexico,2023,-3.6169328689575195,-0.08506584167480469,3.0938971042633057,4,-0.4911726713180542,-0.5113726854324341,-0.13761571049690247,-0.8245296478271484,0.15709932148456573,0.1782892942428589,0.2305375188589096,0.2921815812587738,0.13147328794002533,0.010418983176350594,0.0,0.0,0.0,0.0
49,MKD,North Macedonia,2018,-4.225182056427002,-0.03737744688987732,4.872138977050781,5,-0.8401430249214172,-0.9831662178039551,-0.6911687254905701,-0.8460942506790161,0.08903408795595169,0.11432057619094849,0.1266508251428604,0.1309843212366104,0.1521366983652115,0.10926192253828049,0.10408926755189896,0.08560092002153397,0.05832662805914879,0.02959473803639412
49,MKD,North Macedonia,2019,-2.3085620403289795,-0.08684773743152618,4.872138977050781,5,-0.8401430249214172,-0.9831662178039551,-0.6911687254905701,-0.8460942506790161,0.08903408795595169,0.11432057619094849,0.1266508251428604,0.1309843212366104,0.1521366983652115,0.10926192253828049,0.10408926755189896,0.08560092002153397,0.05832662805914879,0.02959473803639412
49,MKD,North Macedonia,2020,-3.7089016437530518,-0.09640289843082428,4.872138977050781,5,-0.8401430249214172,-0.9831662178039551,-0.6911687254905701,-0.8460942506790161,0.08903408795595169,0.11432057619094849,0.1266508251428604,0.1309843212366104,0.1521366983652115,0.10926192253828049,0.10408926755189896,0.08560092002153397,0.05832662805914879,0.02959473803639412
49,MKD,North Macedonia,2021,-4.82833194732666,-0.10116496682167053,4.872138977050781,5,-0.8401430249214172,-0.9831662178039551,-0.6911687254905701,-0.8460942506790161,0.08903408795595169,0.11432057619094849,0.1266508251428604,0.1309843212366104,0.1521366983652115,0.10926192253828049,0.10408926755189896,0.08560092002153397,0.05832662805914879,0.02959473803639412
49,MKD,North Macedonia,2022,-3.69097900390625,-0.11802943050861359,4.872138977050781,5,-0.8401430249214172,-0.9831662178039551,-0.6911687254905701,-0.8460942506790161,0.08903408795595169,0.11432057619094849,0.1266508251428604,0.1309843212366104,0.1521366983652115,0.10926192253828049,0.10408926755189896,0.08560092002153397,0.05832662805914879,0.02959473803639412
49,MKD,North Macedonia,2023,-4.7387189865112305,-0.14646652340888977,4.872138977050781,5,-0.8401430249214172,-0.9831662178039551,-0.6911687254905701,-0.8460942506790161,0.08903408795595169,0.11432057619094849,0.1266508251428604,0.1309843212366104,0.1521366983652115,0.10926192253828049,0.10408926755189896,0.08560092002153397,0.05832662805914879,0.02959473803639412
50,MYS,Malaysia,2018,0.02772342786192894,-0.026627808809280396,5.123567581176758,5,0.11615476757287979,0.3967877924442291,0.08836042881011963,-0.1366838961839676,0.057362355291843414,0.07512296736240387,0.11369108408689499,0.15227557718753815,0.16734880208969116,0.15592330694198608,0.1254647672176361,0.08238814026117325,0.04808845371007919,0.022334514185786247
50,MYS,Malaysia,2019,-0.08382336795330048,-0.053999900817871094,5.123567581176758,5,0.11615476757287979,0.3967877924442291,0.08836042881011963,-0.1366838961839676,0.057362355291843414,0.07512296736240387,0.11369108408689499,0.15227557718753815,0.16734880208969116,0.15592330694198608,0.1254647672176361,0.08238814026117325,0.04808845371007919,0.022334514185786247
50,MYS,Malaysia,2020,0.11602042615413666,-0.09280498325824738,5.123567581176758,5,0.11615476757287979,0.3967877924442291,0.08836042881011963,-0.1366838961839676,0.057362355291843414,0.07512296736240387,0.11369108408689499,0.15227557718753815,0.16734880208969116,0.15592330694198608,0.1254647672176361,0.08238814026117325,0.04808845371007919,0.022334514185786247
50,MYS,Malaysia,2021,-0.4654858112335205,-0.13834773004055023,5.123567581176758,5,0.11615476757287979,0.3967877924442291,0.08836042881011963,-0.1366838961839676,0.057362355291843414,0.07512296736240387,0.11369108408689499,0.15227557718753815,0.16734880208969116,0.15592330694198608,0.1254647672176361,0.08238814026117325,0.04808845371007919,0.022334514185786247
50,MYS,Malaysia,2022,-0.6587987542152405,-0.16909223794937134,5.123567581176758,5,0.11615476757287979,0.3967877924442291,0.08836042881011963,-0.1366838961839676,0.057362355291843414,0.07512296736240387,0.11369108408689499,0.15227557718753815,0.16734880208969116,0.15592330694198608,0.1254647672176361,0.08238814026117325,0.04808845371007919,0.022334514185786247
50,MYS,Malaysia,2023,-0.5584850311279297,-0.19717702269554138,5.123567581176758,5,0.11615476757287979,0.3967877924442291,0.08836042881011963,-0.1366838961839676,0.057362355291843414,0.07512296736240387,0.11369108408689499,0.15227557718753815,0.16734880208969116,0.15592330694198608,0.1254647672176361,0.08238814026117325,0.04808845371007919,0.022334514185786247
51,NLD,Netherlands,2018,-2.012981653213501,-0.1840226650238037,5.42852258682251,5,1.3984497785568237,1.432983160018921,1.4087532758712769,1.3536127805709839,0.05016171187162399,0.08494313806295395,0.11236026883125305,0.13252785801887512,0.13986021280288696,0.13304029405117035,0.1179848164319992,0.09847310185432434,0.07642510533332825,0.054223500192165375
51,NLD,Netherlands,2019,-4.107210636138916,-0.20101436972618103,5.42852258682251,5,1.3984497785568237,1.432983160018921,1.4087532758712769,1.3536127805709839,0.05016171187162399,0.08494313806295395,0.11236026883125305,0.13252785801887512,0.13986021280288696,0.13304029405117035,0.1179848164319992,0.09847310185432434,0.07642510533332825,0.054223500192165375
51,NLD,Netherlands,2020,-6.567773342132568,-0.20662710070610046,5.42852258682251,5,1.3984497785568237,1.432983160018921,1.4087532758712769,1.3536127805709839,0.05016171187162399,0.08494313806295395,0.11236026883125305,0.13252785801887512,0.13986021280288696,0.13304029405117035,0.1179848164319992,0.09847310185432434,0.07642510533332825,0.054223500192165375
51,NLD,Netherlands,2021,-6.225274562835693,-0.20535996556282043,5.42852258682251,5,1.3984497785568237,1.432983160018921,1.4087532758712769,1.3536127805709839,0.05016171187162399,0.08494313806295395,0.11236026883125305,0.13252785801887512,0.13986021280288696,0.13304029405117035,0.1179848164319992,0.09847310185432434,0.07642510533332825,0.054223500192165375
51,NLD,Netherlands,2022,-7.184930801391602,-0.19919362664222717,5.42852258682251,5,1.3984497785568237,1.432983160018921,1.4087532758712769,1.3536127805709839,0.05016171187162399,0.08494313806295395,0.11236026883125305,0.13252785801887512,0.13986021280288696,0.13304029405117035,0.1179848164319992,0.09847310185432434,0.07642510533332825,0.054223500192165375
51,NLD,Netherlands,2023,-9.322796821594238,-0.1874600648880005,5.42852258682251,5,1.3984497785568237,1.432983160018921,1.4087532758712769,1.3536127805709839,0.05016171187162399,0.08494313806295395,0.11236026883125305,0.13252785801887512,0.13986021280288696,0.13304029405117035,0.1179848164319992,0.09847310185432434,0.07642510533332825,0.054223500192165375
52,NOR,Norway,2018,0.684697687625885,-0.07243426144123077,5.5,1,1.3073252439498901,1.3803420066833496,1.0274958610534668,1.5141379833221436,0.10000000149011612,0.10000000149011612,0.10000000149011612,0.10000000149011612,0.10000000149011612,0.10000000149011612,0.10000000149011612,0.10000000149011612,0.10000000149011612,0.10000000149011612
52,NOR,Norway,2019,0.7579119205474854,-0.08655573427677155,5.5,1,1.3073252439498901,1.3803420066833496,1.0274958610534668,1.5141379833221436,0.10000000149011612,0.10000000149011612,0.10000000149011612,0.10000000149011612,0.10000000149011612,0.10000000149011612,0.10000000149011612,0.10000000149011612,0.10000000149011612,0.10000000149011612
52,NOR,Norway,2020,0.16256453096866608,-0.08689531683921814,5.5,1,1.3073252439498901,1.3803420066833496,1.0274958610534668,1.5141379833221436,0.10000000149011612,0.10000000149011612,0.10000000149011612,0.10000000149011612,0.10000000149011612,0.10000000149011612,0.10000000149011612,0.10000000149011612,0.10000000149011612,0.10000000149011612
52,NOR,Norway,2021,-0.5059971213340759,-0.12198197841644287,5.5,1,1.3073252439498901,1.3803420066833496,1.0274958610534668,1.5141379833221436,0.10000000149011612,0.10000000149011612,0.10000000149011612,0.10000000149011612,0.10000000149011612,0.10000000149011612,0.10000000149011612,0.10000000149011612,0.10000000149011612,0.10000000149011612
52,NOR,Norway,2022,0.01806272566318512,-0.14889317750930786,5.5,1,1.3073252439498901,1.3803420066833496,1.0274958610534668,1.5141379833221436,0.10000000149011612,0.10000000149011612,0.10000000149011612,0.10000000149011612,0.10000000149011612,0.10000000149011612,0.10000000149011612,0.10000000149011612,0.10000000149011612,0.10000000149011612
52,NOR,Norway,2023,0.1799047440290451,-0.15088871121406555,5.5,1,1.3073252439498901,1.3803420066833496,1.0274958610534668,1.5141379833221436,0.10000000149011612,0.10000000149011612,0.10000000149011612,0.10000000149011612,0.10000000149011612,0.10000000149011612,0.10000000149011612,0.10000000149011612,0.10000000149011612,0.10000000149011612
53,NZL,New Zealand,2018,-2.981884479522705,-0.10625845938920975,5.323246955871582,5,1.3908849954605103,1.414912223815918,1.3223596811294556,1.4353830814361572,0.07481192797422409,0.09671615809202194,0.1116233766078949,0.12076293677091599,0.12568864226341248,0.11951079964637756,0.11222279071807861,0.0990631952881813,0.08249388635158539,0.05710629001259804
53,NZL,New Zealand,2019,-2.6216039657592773,-0.15621955692768097,5.323246955871582,5,1.3908849954605103,1.414912223815918,1.3223596811294556,1.4353830814361572,0.07481192797422409,0.09671615809202194,0.1116233766078949,0.12076293677091599,0.12568864226341248,0.11951079964637756,0.11222279071807861,0.0990631952881813,0.08249388635158539,0.05710629001259804
53,NZL,New Zealand,2020,-2.319328546524048,-0.16461144387722015,5.323246955871582,5,1.3908849954605103,1.414912223815918,1.3223596811294556,1.4353830814361572,0.07481192797422409,0.09671615809202194,0.1116233766078949,0.12076293677091599,0.12568864226341248,0.11951079964637756,0.11222279071807861,0.0990631952881813,0.08249388635158539,0.05710629001259804
53,NZL,New Zealand,2021,-2.2188103199005127,-0.17043837904930115,5.323246955871582,5,1.3908849954605103,1.414912223815918,1.3223596811294556,1.4353830814361572,0.07481192797422409,0.09671615809202194,0.1116233766078949,0.12076293677091599,0.12568864226341248,0.11951079964637756,0.11222279071807861,0.0990631952881813,0.08249388635158539,0.05710629001259804
53,NZL,New Zealand,2022,-3.390082359313965,-0.17246019840240479,5.323246955871582,5,1.3908849954605103,1.414912223815918,1.3223596811294556,1.4353830814361572,0.07481192797422409,0.09671615809202194,0.1116233766078949,0.12076293677091599,0.12568864226341248,0.11951079964637756,0.11222279071807861,0.0990631952881813,0.08249388635158539,0.05710629001259804
53,NZL,New Zealand,2023,-3.6847918033599854,-0.17735853791236877,5.323246955871582,5,1.3908849954605103,1.414912223815918,1.3223596811294556,1.4353830814361572,0.07481192797422409,0.09671615809202194,0.1116233766078949,0.12076293677091599,0.12568864226341248,0.11951079964637756,0.11222279071807861,0.0990631952881813,0.08249388635158539,0.05710629001259804
54,OMN,Oman,2018,-1.4833542108535767,-0.03008897602558136,5.5,1,-0.0670604482293129,-0.2567063570022583,0.022247422486543655,0.033277593553066254,0.10000000149011612,0.10000000149011612,0.10000000149011612,0.10000000149011612,0.10000000149011612,0.10000000149011612,0.10000000149011612,0.10000000149011612,0.10000000149011612,0.10000000149011612
54,OMN,Oman,2019,-1.4833542108535767,-0.030203387141227722,5.5,1,-0.0670604482293129,-0.2567063570022583,0.022247422486543655,0.033277593553066254,0.10000000149011612,0.10000000149011612,0.10000000149011612,0.10000000149011612,0.10000000149011612,0.10000000149011612,0.10000000149011612,0.10000000149011612,0.10000000149011612,0.10000000149011612
54,OMN,Oman,2020,-1.9118425846099854,-0.03491672873497009,5.5,1,-0.0670604482293129,-0.2567063570022583,0.022247422486543655,0.033277593553066254,0.10000000149011612,0.10000000149011612,0.10000000149011612,0.10000000149011612,0.10000000149011612,0.10000000149011612,0.10000000149011612,0.10000000149011612,0.10000000149011612,0.10000000149011612
54,OMN,Oman,2021,-2.7994258403778076,-0.038208067417144775,5.5,1,-0.0670604482293129,-0.2567063570022583,0.022247422486543655,0.033277593553066254,0.10000000149011612,0.10000000149011612,0.10000000149011612,0.10000000149011612,0.10000000149011612,0.10000000149011612,0.10000000149011612,0.10000000149011612,0.10000000149011612,0.10000000149011612
54,OMN,Oman,2022,-4.406257152557373,-0.04020507633686066,5.5,1,-0.0670604482293129,-0.2567063570022583,0.022247422486543655,0.033277593553066254,0.10000000149011612,0.10000000149011612,0.10000000149011612,0.10000000149011612,0.10000000149011612,0.10000000149011612,0.10000000149011612,0.10000000149011612,0.10000000149011612,0.10000000149011612
54,OMN,Oman,2023,-4.634274482727051,-0.04130208492279053,5.5,1,-0.0670604482293129,-0.2567063570022583,0.022247422486543655,0.033277593553066254,0.10000000149011612,0.10000000149011612,0.10000000149011612,0.10000000149011612,0.10000000149011612,0.10000000149011612,0.10000000149011612,0.10000000149011612,0.10000000149011612,0.10000000149011612
55,PAK,Pakistan,2018,0.6607634425163269,0.12621387839317322,9.680736541748047,10,-1.1695586442947388,-1.022442102432251,-1.2194249629974365,-1.2668088674545288,0.0,0.0,0.0,0.0,0.0,0.0,0.0,0.0,0.3192633092403412,0.6807366609573364
55,PAK,Pakistan,2019,0.263211190700531,0.11989973485469818,9.680736541748047,10,-1.1695586442947388,-1.022442102432251,-1.2194249629974365,-1.2668088674545288,0.0,0.0,0.0,0.0,0.0,0.0,0.0,0.0,0.3192633092403412,0.6807366609573364
55,PAK,Pakistan,2020,0.5979493856430054,0.11327992379665375,9.680736541748047,10,-1.1695586442947388,-1.022442102432251,-1.2194249629974365,-1.2668088674545288,0.0,0.0,0.0,0.0,0.0,0.0,0.0,0.0,0.3192633092403412,0.6807366609573364
55,PAK,Pakistan,2021,-0.27455824613571167,0.10346339643001556,9.680736541748047,10,-1.1695586442947388,-1.022442102432251,-1.2194249629974365,-1.2668088674545288,0.0,0.0,0.0,0.0,0.0,0.0,0.0,0.0,0.3192633092403412,0.6807366609573364
55,PAK,Pakistan,2022,-1.3144348859786987,0.1039983481168747,9.680736541748047,10,-1.1695586442947388,-1.022442102432251,-1.2194249629974365,-1.2668088674545288,0.0,0.0,0.0,0.0,0.0,0.0,0.0,0.0,0.3192633092403412,0.6807366609573364
55,PAK,Pakistan,2023,-1.7306287288665771,0.1038583368062973,9.680736541748047,10,-1.1695586442947388,-1.022442102432251,-1.2194249629974365,-1.2668088674545288,0.0,0.0,0.0,0.0,0.0,0.0,0.0,0.0,0.3192633092403412,0.6807366609573364
56,PER,Peru,2018,1.0936386585235596,0.1388723999261856,5.749128341674805,6,-0.6950809359550476,-0.8969854712486267,-0.25150150060653687,-0.9367557168006897,0.04668562114238739,0.06446176022291183,0.08526483923196793,0.1219109296798706,0.1377209722995758,0.14362181723117828,0.13481375575065613,0.1153312399983406,0.08849165588617325,0.06169741600751877
56,PER,Peru,2019,1.1609760522842407,0.12755556404590607,5.749128341674805,6,-0.6950809359550476,-0.8969854712486267,-0.25150150060653687,-0.9367557168006897,0.04668562114238739,0.06446176022291183,0.08526483923196793,0.1219109296798706,0.1377209722995758,0.14362181723117828,0.13481375575065613,0.1153312399983406,0.08849165588617325,0.06169741600751877
56,PER,Peru,2020,0.8656606674194336,0.12224294245243073,5.749128341674805,6,-0.6950809359550476,-0.8969854712486267,-0.25150150060653687,-0.9367557168006897,0.04668562114238739,0.06446176022291183,0.08526483923196793,0.1219109296798706,0.1377209722995758,0.14362181723117828,0.13481375575065613,0.1153312399983406,0.08849165588617325,0.06169741600751877
56,PER,Peru,2021,1.0604026317596436,0.10531805455684662,5.749128341674805,6,-0.6950809359550476,-0.8969854712486267,-0.25150150060653687,-0.9367557168006897,0.04668562114238739,0.06446176022291183,0.08526483923196793,0.1219109296798706,0.1377209722995758,0.14362181723117828,0.13481375575065613,0.1153312399983406,0.08849165588617325,0.06169741600751877
56,PER,Peru,2022,1.6989833116531372,0.09487266838550568,5.749128341674805,6,-0.6950809359550476,-0.8969854712486267,-0.25150150060653687,-0.9367557168006897,0.04668562114238739,0.06446176022291183,0.08526483923196793,0.1219109296798706,0.1377209722995758,0.14362181723117828,0.13481375575065613,0.1153312399983406,0.08849165588617325,0.06169741600751877
56,PER,Peru,2023,1.919171690940857,0.09317243099212646,5.749128341674805,6,-0.6950809359550476,-0.8969854712486267,-0.25150150060653687,-0.9367557168006897,0.04668562114238739,0.06446176022291183,0.08526483923196793,0.1219109296798706,0.1377209722995758,0.14362181723117828,0.13481375575065613,0.1153312399983406,0.08849165588617325,0.06169741600751877
57,PHL,Philippines,2018,4.912133693695068,0.06149736046791077,4.594590187072754,5,-0.5819682478904724,-0.5483519434928894,-0.43141669034957886,-0.7661361694335938,0.09270703047513962,0.11894839257001877,0.13919417560100555,0.15283210575580597,0.15698988735675812,0.12320475280284882,0.09014365822076797,0.0702347531914711,0.039438262581825256,0.016306981444358826
57,PHL,Philippines,2019,5.833406925201416,0.08709143102169037,4.594590187072754,5,-0.5819682478904724,-0.5483519434928894,-0.43141669034957886,-0.7661361694335938,0.09270703047513962,0.11894839257001877,0.13919417560100555,0.15283210575580597,0.15698988735675812,0.12320475280284882,0.09014365822076797,0.0702347531914711,0.039438262581825256,0.016306981444358826
57,PHL,Philippines,2020,6.113379955291748,0.10382091999053955,4.594590187072754,5,-0.5819682478904724,-0.5483519434928894,-0.43141669034957886,-0.7661361694335938,0.09270703047513962,0.11894839257001877,0.13919417560100555,0.15283210575580597,0.15698988735675812,0.12320475280284882,0.09014365822076797,0.0702347531914711,0.039438262581825256,0.016306981444358826
57,PHL,Philippines,2021,6.149739742279053,0.10753507912158966,4.594590187072754,5,-0.5819682478904724,-0.5483519434928894,-0.43141669034957886,-0.7661361694335938,0.09270703047513962,0.11894839257001877,0.13919417560100555,0.15283210575580597,0.15698988735675812,0.12320475280284882,0.09014365822076797,0.0702347531914711,0.039438262581825256,0.016306981444358826
57,PHL,Philippines,2022,6.288362503051758,0.11822409927845001,4.594590187072754,5,-0.5819682478904724,-0.5483519434928894,-0.43141669034957886,-0.7661361694335938,0.09270703047513962,0.11894839257001877,0.13919417560100555,0.15283210575580597,0.15698988735675812,0.12320475280284882,0.09014365822076797,0.0702347531914711,0.039438262581825256,0.016306981444358826
57,PHL,Philippines,2023,6.736955165863037,0.12605516612529755,4.594590187072754,5,-0.5819682478904724,-0.5483519434928894,-0.43141669034957886,-0.7661361694335938,0.09270703047513962,0.11894839257001877,0.13919417560100555,0.15283210575580597,0.15698988735675812,0.12320475280284882,0.09014365822076797,0.0702347531914711,0.039438262581825256,0.016306981444358826
58,POL,Poland,2018,-5.292060375213623,-0.1800958812236786,5.396800518035889,5,0.13508905470371246,0.0030404042918235064,0.21474087238311768,0.18748588860034943,0.07795145362615585,0.0955505296587944,0.10569708794355392,0.11474868655204773,0.12194302678108215,0.11839666217565536,0.11221253871917725,0.10129276663064957,0.08633574843406677,0.06587150692939758
58,POL,Poland,2019,-6.858757495880127,-0.20376557111740112,5.396800518035889,5,0.13508905470371246,0.0030404042918235064,0.21474087238311768,0.18748588860034943,0.07795145362615585,0.0955505296587944,0.10569708794355392,0.11474868655204773,0.12194302678108215,0.11839666217565536,0.11221253871917725,0.10129276663064957,0.08633574843406677,0.06587150692939758
58,POL,Poland,2020,-8.258927345275879,-0.21647557616233826,5.396800518035889,5,0.13508905470371246,0.0030404042918235064,0.21474087238311768,0.18748588860034943,0.07795145362615585,0.0955505296587944,0.10569708794355392,0.11474868655204773,0.12194302678108215,0.11839666217565536,0.11221253871917725,0.10129276663064957,0.08633574843406677,0.06587150692939758
58,POL,Poland,2021,-7.500536918640137,-0.22532881796360016,5.396800518035889,5,0.13508905470371246,0.0030404042918235064,0.21474087238311768,0.18748588860034943,0.07795145362615585,0.0955505296587944,0.10569708794355392,0.11474868655204773,0.12194302678108215,0.11839666217565536,0.11221253871917725,0.10129276663064957,0.08633574843406677,0.06587150692939758
58,POL,Poland,2022,-8.502216339111328,-0.23161490261554718,5.396800518035889,5,0.13508905470371246,0.0030404042918235064,0.21474087238311768,0.18748588860034943,0.07795145362615585,0.0955505296587944,0.10569708794355392,0.11474868655204773,0.12194302678108215,0.11839666217565536,0.11221253871917725,0.10129276663064957,0.08633574843406677,0.06587150692939758
58,POL,Poland,2023,-11.761031150817871,-0.23363342881202698,5.396800518035889,5,0.13508905470371246,0.0030404042918235064,0.21474087238311768,0.18748588860034943,0.07795145362615585,0.0955505296587944,0.10569708794355392,0.11474868655204773,0.12194302678108215,0.11839666217565536,0.11221253871917725,0.10129276663064957,0.08633574843406677,0.06587150692939758
59,PRT,Portugal,2018,-1.9006779193878174,-0.14932456612586975,5.302606582641602,5,0.5889715552330017,0.3899436593055725,0.6463295221328735,0.7306414842605591,0.08137405663728714,0.09707434475421906,0.11222107708454132,0.11924713850021362,0.12104722857475281,0.11818405240774155,0.11036176234483719,0.0986531525850296,0.08103812485933304,0.06079905852675438
59,PRT,Portugal,2019,-2.685220718383789,-0.18257060647010803,5.302606582641602,5,0.5889715552330017,0.3899436593055725,0.6463295221328735,0.7306414842605591,0.08137405663728714,0.09707434475421906,0.11222107708454132,0.11924713850021362,0.12104722857475281,0.11818405240774155,0.11036176234483719,0.0986531525850296,0.08103812485933304,0.06079905852675438
59,PRT,Portugal,2020,-3.400998592376709,-0.19836272299289703,5.302606582641602,5,0.5889715552330017,0.3899436593055725,0.6463295221328735,0.7306414842605591,0.08137405663728714,0.09707434475421906,0.11222107708454132,0.11924713850021362,0.12104722857475281,0.11818405240774155,0.11036176234483719,0.0986531525850296,0.08103812485933304,0.06079905852675438
59,PRT,Portugal,2021,-3.9149670600891113,-0.20330169796943665,5.302606582641602,5,0.5889715552330017,0.3899436593055725,0.6463295221328735,0.7306414842605591,0.08137405663728714,0.09707434475421906,0.11222107708454132,0.11924713850021362,0.12104722857475281,0.11818405240774155,0.11036176234483719,0.0986531525850296,0.08103812485933304,0.06079905852675438
59,PRT,Portugal,2022,-3.713021755218506,-0.20809097588062286,5.302606582641602,5,0.5889715552330017,0.3899436593055725,0.6463295221328735,0.7306414842605591,0.08137405663728714,0.09707434475421906,0.11222107708454132,0.11924713850021362,0.12104722857475281,0.11818405240774155,0.11036176234483719,0.0986531525850296,0.08103812485933304,0.06079905852675438
59,PRT,Portugal,2023,-4.624629497528076,-0.21587581932544708,5.302606582641602,5,0.5889715552330017,0.3899436593055725,0.6463295221328735,0.7306414842605591,0.08137405663728714,0.09707434475421906,0.11222107708454132,0.11924713850021362,0.12104722857475281,0.11818405240774155,0.11036176234483719,0.0986531525850296,0.08103812485933304,0.06079905852675438
60,QAT,Qatar,2018,-6.880117416381836,0.16759313642978668,5.107933044433594,3,-0.037850040942430496,0.02352459356188774,-0.20334964990615845,0.06627492606639862,0.08841965347528458,0.11191550642251968,0.12859749794006348,0.12714289128780365,0.09325401484966278,0.1055450439453125,0.12486568093299866,0.10059148073196411,0.0736958310008049,0.045972395688295364
60,QAT,Qatar,2019,-4.506235599517822,0.02672271430492401,5.107933044433594,3,-0.037850040942430496,0.02352459356188774,-0.20334964990615845,0.06627492606639862,0.08841965347528458,0.11191550642251968,0.12859749794006348,0.12714289128780365,0.09325401484966278,0.1055450439453125,0.12486568093299866,0.10059148073196411,0.0736958310008049,0.045972395688295364
60,QAT,Qatar,2020,-5.444746971130371,-0.08686669170856476,5.107933044433594,3,-0.037850040942430496,0.02352459356188774,-0.20334964990615845,0.06627492606639862,0.08841965347528458,0.11191550642251968,0.12859749794006348,0.12714289128780365,0.09325401484966278,0.1055450439453125,0.12486568093299866,0.10059148073196411,0.0736958310008049,0.045972395688295364
60,QAT,Qatar,2021,-6.548878192901611,-0.16305170953273773,5.107933044433594,3,-0.037850040942430496,0.02352459356188774,-0.20334964990615845,0.06627492606639862,0.08841965347528458,0.11191550642251968,0.12859749794006348,0.12714289128780365,0.09325401484966278,0.1055450439453125,0.12486568093299866,0.10059148073196411,0.0736958310008049,0.045972395688295364
60,QAT,Qatar,2022,-4.892681121826172,-0.20533058047294617,5.107933044433594,3,-0.037850040942430496,0.02352459356188774,-0.20334964990615845,0.06627492606639862,0.08841965347528458,0.11191550642251968,0.12859749794006348,0.12714289128780365,0.09325401484966278,0.1055450439453125,0.12486568093299866,0.10059148073196411,0.0736958310008049,0.045972395688295364
60,QAT,Qatar,2023,-5.334333896636963,-0.15844930708408356,5.107933044433594,3,-0.037850040942430496,0.02352459356188774,-0.20334964990615845,0.06627492606639862,0.08841965347528458,0.11191550642251968,0.12859749794006348,0.12714289128780365,0.09325401484966278,0.1055450439453125,0.12486568093299866,0.10059148073196411,0.0736958310008049,0.045972395688295364
61,ROU,Romania,2018,-3.695746898651123,-0.08907686173915863,5.143670558929443,5,-0.6137262582778931,-0.9381364583969116,-0.44055911898612976,-0.4624831974506378,0.10078363865613937,0.10752341151237488,0.10985033959150314,0.11103378236293793,0.11996231973171234,0.11442232131958008,0.10557715594768524,0.10015915334224701,0.07938367873430252,0.051304202526807785
61,ROU,Romania,2019,-4.160907745361328,-0.12449148297309875,5.143670558929443,5,-0.6137262582778931,-0.9381364583969116,-0.44055911898612976,-0.4624831974506378,0.10078363865613937,0.10752341151237488,0.10985033959150314,0.11103378236293793,0.11996231973171234,0.11442232131958008,0.10557715594768524,0.10015915334224701,0.07938367873430252,0.051304202526807785
61,ROU,Romania,2020,-5.406534671783447,-0.15833333134651184,5.143670558929443,5,-0.6137262582778931,-0.9381364583969116,-0.44055911898612976,-0.4624831974506378,0.10078363865613937,0.10752341151237488,0.10985033959150314,0.11103378236293793,0.11996231973171234,0.11442232131958008,0.10557715594768524,0.10015915334224701,0.07938367873430252,0.051304202526807785
61,ROU,Romania,2021,-5.111453533172607,-0.16363516449928284,5.143670558929443,5,-0.6137262582778931,-0.9381364583969116,-0.44055911898612976,-0.4624831974506378,0.10078363865613937,0.10752341151237488,0.10985033959150314,0.11103378236293793,0.11996231973171234,0.11442232131958008,0.10557715594768524,0.10015915334224701,0.07938367873430252,0.051304202526807785
61,ROU,Romania,2022,-4.921149253845215,-0.19274991750717163,5.143670558929443,5,-0.6137262582778931,-0.9381364583969116,-0.44055911898612976,-0.4624831974506378,0.10078363865613937,0.10752341151237488,0.10985033959150314,0.11103378236293793,0.11996231973171234,0.11442232131958008,0.10557715594768524,0.10015915334224701,0.07938367873430252,0.051304202526807785
61,ROU,Romania,2023,-6.2508416175842285,-0.23023347556591034,5.143670558929443,5,-0.6137262582778931,-0.9381364583969116,-0.44055911898612976,-0.4624831974506378,0.10078363865613937,0.10752341151237488,0.10985033959150314,0.11103378236293793,0.11996231973171234,0.11442232131958008,0.10557715594768524,0.10015915334224701,0.07938367873430252,0.051304202526807785
62,RUS,Russia,2018,-3.6435298919677734,0.1189202219247818,5.5,1,-1.1349221467971802,-1.1962112188339233,-0.9114767909049988,-1.2970784902572632,0.10000000149011612,0.10000000149011612,0.10000000149011612,0.10000000149011612,0.10000000149011612,0.10000000149011612,0.10000000149011612,0.10000000149011612,0.10000000149011612,0.10000000149011612
62,RUS,Russia,2019,-3.5361337661743164,0.10712455213069916,5.5,1,-1.1349221467971802,-1.1962112188339233,-0.9114767909049988,-1.2970784902572632,0.10000000149011612,0.10000000149011612,0.10000000149011612,0.10000000149011612,0.10000000149011612,0.10000000149011612,0.10000000149011612,0.10000000149011612,0.10000000149011612,0.10000000149011612
62,RUS,Russia,2020,-6.922895908355713,0.10843046009540558,5.5,1,-1.1349221467971802,-1.1962112188339233,-0.9114767909049988,-1.2970784902572632,0.10000000149011612,0.10000000149011612,0.10000000149011612,0.10000000149011612,0.10000000149011612,0.10000000149011612,0.10000000149011612,0.10000000149011612,0.10000000149011612,0.10000000149011612
62,RUS,Russia,2021,-5.5373334884643555,0.10333757102489471,5.5,1,-1.1349221467971802,-1.1962112188339233,-0.9114767909049988,-1.2970784902572632,0.10000000149011612,0.10000000149011612,0.10000000149011612,0.10000000149011612,0.10000000149011612,0.10000000149011612,0.10000000149011612,0.10000000149011612,0.10000000149011612,0.10000000149011612
62,RUS,Russia,2022,-4.097316741943359,0.08850996196269989,5.5,1,-1.1349221467971802,-1.1962112188339233,-0.9114767909049988,-1.2970784902572632,0.10000000149011612,0.10000000149011612,0.10000000149011612,0.10000000149011612,0.10000000149011612,0.10000000149011612,0.10000000149011612,0.10000000149011612,0.10000000149011612,0.10000000149011612
62,RUS,Russia,2023,-3.127725601196289,0.07478503882884979,5.5,1,-1.1349221467971802,-1.1962112188339233,-0.9114767909049988,-1.2970784902572632,0.10000000149011612,0.10000000149011612,0.10000000149011612,0.10000000149011612,0.10000000149011612,0.10000000149011612,0.10000000149011612,0.10000000149011612,0.10000000149011612,0.10000000149011612
63,SAU,Saudi Arabia,2018,2.299851655960083,0.0786968320608139,5.5,1,-0.5544285178184509,-0.6724381446838379,-0.49509498476982117,-0.4957524538040161,0.10000000149011612,0.10000000149011612,0.10000000149011612,0.10000000149011612,0.10000000149011612,0.10000000149011612,0.10000000149011612,0.10000000149011612,0.10000000149011612,0.10000000149011612
63,SAU,Saudi Arabia,2019,1.9578986167907715,0.08869881927967072,5.5,1,-0.5544285178184509,-0.6724381446838379,-0.49509498476982117,-0.4957524538040161,0.10000000149011612,0.10000000149011612,0.10000000149011612,0.10000000149011612,0.10000000149011612,0.10000000149011612,0.10000000149011612,0.10000000149011612,0.10000000149011612,0.10000000149011612
63,SAU,Saudi Arabia,2020,2.004265069961548,0.02526649832725525,5.5,1,-0.5544285178184509,-0.6724381446838379,-0.49509498476982117,-0.4957524538040161,0.10000000149011612,0.10000000149011612,0.10000000149011612,0.10000000149011612,0.10000000149011612,0.10000000149011612,0.10000000149011612,0.10000000149011612,0.10000000149011612,0.10000000149011612
63,SAU,Saudi Arabia,2021,2.169445753097534,0.10709400475025177,5.5,1,-0.5544285178184509,-0.6724381446838379,-0.49509498476982117,-0.4957524538040161,0.10000000149011612,0.10000000149011612,0.10000000149011612,0.10000000149011612,0.10000000149011612,0.10000000149011612,0.10000000149011612,0.10000000149011612,0.10000000149011612,0.10000000149011612
63,SAU,Saudi Arabia,2022,1.4797439575195312,0.05567575991153717,5.5,1,-0.5544285178184509,-0.6724381446838379,-0.49509498476982117,-0.4957524538040161,0.10000000149011612,0.10000000149011612,0.10000000149011612,0.10000000149011612,0.10000000149011612,0.10000000149011612,0.10000000149011612,0.10000000149011612,0.10000000149011612,0.10000000149011612
63,SAU,Saudi Arabia,2023,0.6857173442840576,0.0730629414319992,5.5,1,-0.5544285178184509,-0.6724381446838379,-0.49509498476982117,-0.4957524538040161,0.10000000149011612,0.10000000149011612,0.10000000149011612,0.10000000149011612,0.10000000149011612,0.10000000149011612,0.10000000149011612,0.10000000149011612,0.10000000149011612,0.10000000149011612
64,SGP,Singapore,2018,-1.5155048370361328,-0.05463746190071106,4.526637077331543,5,1.4344711303710938,1.7217825651168823,1.536649465560913,1.0449817180633545,0.09222672134637833,0.12478181719779968,0.14149227738380432,0.1502111554145813,0.15044409036636353,0.13182665407657623,0.10067319869995117,0.06930528581142426,0.03319830447435379,0.005840502213686705
64,SGP,Singapore,2019,-1.5344992876052856,-0.08021692931652069,4.526637077331543,5,1.4344711303710938,1.7217825651168823,1.536649465560913,1.0449817180633545,0.09222672134637833,0.12478181719779968,0.14149227738380432,0.1502111554145813,0.15044409036636353,0.13182665407657623,0.10067319869995117,0.06930528581142426,0.03319830447435379,0.005840502213686705
64,SGP,Singapore,2020,-1.5631846189498901,-0.10885043442249298,4.526637077331543,5,1.4344711303710938,1.7217825651168823,1.536649465560913,1.0449817180633545,0.09222672134637833,0.12478181719779968,0.14149227738380432,0.1502111554145813,0.15044409036636353,0.13182665407657623,0.10067319869995117,0.06930528581142426,0.03319830447435379,0.005840502213686705
64,SGP,Singapore,2021,-1.5329487323760986,-0.13098682463169098,4.526637077331543,5,1.4344711303710938,1.7217825651168823,1.536649465560913,1.0449817180633545,0.09222672134637833,0.12478181719779968,0.14149227738380432,0.1502111554145813,0.15044409036636353,0.13182665407657623,0.10067319869995117,0.06930528581142426,0.03319830447435379,0.005840502213686705
64,SGP,Singapore,2022,-1.5709375143051147,-0.1527319997549057,4.526637077331543,5,1.4344711303710938,1.7217825651168823,1.536649465560913,1.0449817180633545,0.09222672134637833,0.12478181719779968,0.14149227738380432,0.1502111554145813,0.15044409036636353,0.13182665407657623,0.10067319869995117,0.06930528581142426,0.03319830447435379,0.005840502213686705
64,SGP,Singapore,2023,-1.6358672380447388,-0.1544446498155594,4.526637077331543,5,1.4344711303710938,1.7217825651168823,1.536649465560913,1.0449817180633545,0.09222672134637833,0.12478181719779968,0.14149227738380432,0.1502111554145813,0.15044409036636353,0.13182665407657623,0.10067319869995117,0.06930528581142426,0.03319830447435379,0.005840502213686705
65,SVK,Slovakia,2018,-1.5849237442016602,-0.13534918427467346,5.3820414543151855,5,0.11652449518442154,0.11614179611206055,0.3065413236618042,-0.07310961931943893,0.08427353948354721,0.09539008885622025,0.1047474667429924,0.11195812374353409,0.11913108080625534,0.11673502624034882,0.11151408404111862,0.10343606770038605,0.08738498389720917,0.06542953848838806
65,SVK,Slovakia,2019,-2.091881036758423,-0.18411633372306824,5.3820414543151855,5,0.11652449518442154,0.11614179611206055,0.3065413236618042,-0.07310961931943893,0.08427353948354721,0.09539008885622025,0.1047474667429924,0.11195812374353409,0.11913108080625534,0.11673502624034882,0.11151408404111862,0.10343606770038605,0.08738498389720917,0.06542953848838806
65,SVK,Slovakia,2020,-2.406219482421875,-0.20287635922431946,5.3820414543151855,5,0.11652449518442154,0.11614179611206055,0.3065413236618042,-0.07310961931943893,0.08427353948354721,0.09539008885622025,0.1047474667429924,0.11195812374353409,0.11913108080625534,0.11673502624034882,0.11151408404111862,0.10343606770038605,0.08738498389720917,0.06542953848838806
65,SVK,Slovakia,2021,-2.1880667209625244,-0.21235735714435577,5.3820414543151855,5,0.11652449518442154,0.11614179611206055,0.3065413236618042,-0.07310961931943893,0.08427353948354721,0.09539008885622025,0.1047474667429924,0.11195812374353409,0.11913108080625534,0.11673502624034882,0.11151408404111862,0.10343606770038605,0.08738498389720917,0.06542953848838806
65,SVK,Slovakia,2022,-2.8150081634521484,-0.22552883625030518,5.3820414543151855,5,0.11652449518442154,0.11614179611206055,0.3065413236618042,-0.07310961931943893,0.08427353948354721,0.09539008885622025,0.1047474667429924,0.11195812374353409,0.11913108080625534,0.11673502624034882,0.11151408404111862,0.10343606770038605,0.08738498389720917,0.06542953848838806
65,SVK,Slovakia,2023,-3.482109785079956,-0.2319255769252777,5.3820414543151855,5,0.11652449518442154,0.11614179611206055,0.3065413236618042,-0.07310961931943893,0.08427353948354721,0.09539008885622025,0.1047474667429924,0.11195812374353409,0.11913108080625534,0.11673502624034882,0.11151408404111862,0.10343606770038605,0.08738498389720917,0.06542953848838806
66,SVN,Slovenia,2018,-4.337141990661621,-0.13078078627586365,5.102364540100098,3,0.38642582297325134,0.28950437903404236,0.34630832076072693,0.5234646797180176,0.09078488498926163,0.10752400010824203,0.12490648776292801,0.11843421310186386,0.1209249496459961,0.11993668973445892,0.1015293076634407,0.08817286044359207,0.07012393325567245,0.05766267329454422
66,SVN,Slovenia,2019,-4.712256908416748,-0.16313499212265015,5.102364540100098,3,0.38642582297325134,0.28950437903404236,0.34630832076072693,0.5234646797180176,0.09078488498926163,0.10752400010824203,0.12490648776292801,0.11843421310186386,0.1209249496459961,0.11993668973445892,0.1015293076634407,0.08817286044359207,0.07012393325567245,0.05766267329454422
66,SVN,Slovenia,2020,-6.15969705581665,-0.17032258212566376,5.102364540100098,3,0.38642582297325134,0.28950437903404236,0.34630832076072693,0.5234646797180176,0.09078488498926163,0.10752400010824203,0.12490648776292801,0.11843421310186386,0.1209249496459961,0.11993668973445892,0.1015293076634407,0.08817286044359207,0.07012393325567245,0.05766267329454422
66,SVN,Slovenia,2021,-6.669349670410156,-0.17544806003570557,5.102364540100098,3,0.38642582297325134,0.28950437903404236,0.34630832076072693,0.5234646797180176,0.09078488498926163,0.10752400010824203,0.12490648776292801,0.11843421310186386,0.1209249496459961,0.11993668973445892,0.1015293076634407,0.08817286044359207,0.07012393325567245,0.05766267329454422
66,SVN,Slovenia,2022,-7.458681583404541,-0.2050887942314148,5.102364540100098,3,0.38642582297325134,0.28950437903404236,0.34630832076072693,0.5234646797180176,0.09078488498926163,0.10752400010824203,0.12490648776292801,0.11843421310186386,0.1209249496459961,0.11993668973445892,0.1015293076634407,0.08817286044359207,0.07012393325567245,0.05766267329454422
66,SVN,Slovenia,2023,-9.606645584106445,-0.21277005970478058,5.102364540100098,3,0.38642582297325134,0.28950437903404236,0.34630832076072693,0.5234646797180176,0.09078488498926163,0.10752400010824203,0.12490648776292801,0.11843421310186386,0.1209249496459961,0.11993668973445892,0.1015293076634407,0.08817286044359207,0.07012393325567245,0.05766267329454422
67,SWE,Sweden,2018,-1.111396074295044,-0.15600648522377014,5.443729400634766,5,1.3480762243270874,1.4301238059997559,1.161694884300232,1.4524099826812744,0.07133620232343674,0.09099525213241577,0.10341683775186539,0.11922889947891235,0.12584590911865234,0.12227647751569748,0.11365348845720291,0.10071556270122528,0.08626376837491989,0.06626755744218826
67,SWE,Sweden,2019,-1.153639554977417,-0.18470028042793274,5.443729400634766,5,1.3480762243270874,1.4301238059997559,1.161694884300232,1.4524099826812744,0.07133620232343674,0.09099525213241577,0.10341683775186539,0.11922889947891235,0.12584590911865234,0.12227647751569748,0.11365348845720291,0.10071556270122528,0.08626376837491989,0.06626755744218826
67,SWE,Sweden,2020,-1.5468288660049438,-0.19820794463157654,5.443729400634766,5,1.3480762243270874,1.4301238059997559,1.161694884300232,1.4524099826812744,0.07133620232343674,0.09099525213241577,0.10341683775186539,0.11922889947891235,0.12584590911865234,0.12227647751569748,0.11365348845720291,0.10071556270122528,0.08626376837491989,0.06626755744218826
67,SWE,Sweden,2021,-1.2186294794082642,-0.20713670551776886,5.443729400634766,5,1.3480762243270874,1.4301238059997559,1.161694884300232,1.4524099826812744,0.07133620232343674,0.09099525213241577,0.10341683775186539,0.11922889947891235,0.12584590911865234,0.12227647751569748,0.11365348845720291,0.10071556270122528,0.08626376837491989,0.06626755744218826
67,SWE,Sweden,2022,-1.295534372329712,-0.21347133815288544,5.443729400634766,5,1.3480762243270874,1.4301238059997559,1.161694884300232,1.4524099826812744,0.07133620232343674,0.09099525213241577,0.10341683775186539,0.11922889947891235,0.12584590911865234,0.12227647751569748,0.11365348845720291,0.10071556270122528,0.08626376837491989,0.06626755744218826
67,SWE,Sweden,2023,-1.5739079713821411,-0.21482905745506287,5.443729400634766,5,1.3480762243270874,1.4301238059997559,1.161694884300232,1.4524099826812744,0.07133620232343674,0.09099525213241577,0.10341683775186539,0.11922889947891235,0.12584590911865234,0.12227647751569748,0.11365348845720291,0.10071556270122528,0.08626376837491989,0.06626755744218826
68,THA,Thailand,2018,-6.279742240905762,-0.1584988832473755,5.676201820373535,6,-0.2564157247543335,-0.22457081079483032,-0.3106171190738678,-0.23405922949314117,0.05516175553202629,0.07250850647687912,0.09246249496936798,0.11160130798816681,0.13213413953781128,0.1400633156299591,0.13281092047691345,0.1112244725227356,0.08862375468015671,0.06340933591127396
68,THA,Thailand,2019,-7.279186248779297,-0.16743941605091095,5.676201820373535,6,-0.2564157247543335,-0.22457081079483032,-0.3106171190738678,-0.23405922949314117,0.05516175553202629,0.07250850647687912,0.09246249496936798,0.11160130798816681,0.13213413953781128,0.1400633156299591,0.13281092047691345,0.1112244725227356,0.08862375468015671,0.06340933591127396
68,THA,Thailand,2020,-5.78999662399292,-0.175094872713089,5.676201820373535,6,-0.2564157247543335,-0.22457081079483032,-0.3106171190738678,-0.23405922949314117,0.05516175553202629,0.07250850647687912,0.09246249496936798,0.11160130798816681,0.13213413953781128,0.1400633156299591,0.13281092047691345,0.1112244725227356,0.08862375468015671,0.06340933591127396
68,THA,Thailand,2021,-6.593542575836182,-0.20289865136146545,5.676201820373535,6,-0.2564157247543335,-0.22457081079483032,-0.3106171190738678,-0.23405922949314117,0.05516175553202629,0.07250850647687912,0.09246249496936798,0.11160130798816681,0.13213413953781128,0.1400633156299591,0.13281092047691345,0.1112244725227356,0.08862375468015671,0.06340933591127396
68,THA,Thailand,2022,-7.6401472091674805,-0.21196956932544708,5.676201820373535,6,-0.2564157247543335,-0.22457081079483032,-0.3106171190738678,-0.23405922949314117,0.05516175553202629,0.07250850647687912,0.09246249496936798,0.11160130798816681,0.13213413953781128,0.1400633156299591,0.13281092047691345,0.1112244725227356,0.08862375468015671,0.06340933591127396
68,THA,Thailand,2023,-9.644476890563965,-0.21852624416351318,5.676201820373535,6,-0.2564157247543335,-0.22457081079483032,-0.3106171190738678,-0.23405922949314117,0.05516175553202629,0.07250850647687912,0.09246249496936798,0.11160130798816681,0.13213413953781128,0.1400633156299591,0.13281092047691345,0.1112244725227356,0.08862375468015671,0.06340933591127396
69,TKM,Turkmenistan,2018,-0.8944293856620789,0.09697620570659637,3.039105176925659,4,-2.006190538406372,-1.8531438112258911,-2.4522314071655273,-1.7131962776184082,0.08199349045753479,0.20856700837612152,0.33060258626937866,0.3460146486759186,0.03282226249575615,0.0,0.0,0.0,0.0,0.0
69,TKM,Turkmenistan,2019,1.0794837474822998,0.06525121629238129,3.039105176925659,4,-2.006190538406372,-1.8531438112258911,-2.4522314071655273,-1.7131962776184082,0.08199349045753479,0.20856700837612152,0.33060258626937866,0.3460146486759186,0.03282226249575615,0.0,0.0,0.0,0.0,0.0
69,TKM,Turkmenistan,2020,1.1499806642532349,0.033137544989585876,3.039105176925659,4,-2.006190538406372,-1.8531438112258911,-2.4522314071655273,-1.7131962776184082,0.08199349045753479,0.20856700837612152,0.33060258626937866,0.3460146486759186,0.03282226249575615,0.0,0.0,0.0,0.0,0.0
69,TKM,Turkmenistan,2021,-3.7143051624298096,0.010612770915031433,3.039105176925659,4,-2.006190538406372,-1.8531438112258911,-2.4522314071655273,-1.7131962776184082,0.08199349045753479,0.20856700837612152,0.33060258626937866,0.3460146486759186,0.03282226249575615,0.0,0.0,0.0,0.0,0.0
69,TKM,Turkmenistan,2022,-2.6568517684936523,-0.005925968289375305,3.039105176925659,4,-2.006190538406372,-1.8531438112258911,-2.4522314071655273,-1.7131962776184082,0.08199349045753479,0.20856700837612152,0.33060258626937866,0.3460146486759186,0.03282226249575615,0.0,0.0,0.0,0.0,0.0
69,TKM,Turkmenistan,2023,-1.52890145778656,-0.013739854097366333,3.039105176925659,4,-2.006190538406372,-1.8531438112258911,-2.4522314071655273,-1.7131962776184082,0.08199349045753479,0.20856700837612152,0.33060258626937866,0.3460146486759186,0.03282226249575615,0.0,0.0,0.0,0.0,0.0
70,TTO,Trinidad and Tobago,2018,1.318193793296814,0.18406160175800323,5.234570503234863,5,-0.04588906839489937,-0.1480531096458435,0.11017729341983795,-0.09979138523340225,0.07789719104766846,0.096612848341465,0.11118277162313461,0.12257988750934601,0.13127265870571136,0.1283261924982071,0.11432112008333206,0.0963866263628006,0.07228847593069077,0.04913220927119255
70,TTO,Trinidad and Tobago,2019,1.3760409355163574,0.15441305935382843,5.234570503234863,5,-0.04588906839489937,-0.1480531096458435,0.11017729341983795,-0.09979138523340225,0.07789719104766846,0.096612848341465,0.11118277162313461,0.12257988750934601,0.13127265870571136,0.1283261924982071,0.11432112008333206,0.0963866263628006,0.07228847593069077,0.04913220927119255
70,TTO,Trinidad and Tobago,2020,1.318193793296814,0.14114411175251007,5.234570503234863,5,-0.04588906839489937,-0.1480531096458435,0.11017729341983795,-0.09979138523340225,0.07789719104766846,0.096612848341465,0.11118277162313461,0.12257988750934601,0.13127265870571136,0.1283261924982071,0.11432112008333206,0.0963866263628006,0.07228847593069077,0.04913220927119255
70,TTO,Trinidad and Tobago,2021,1.665277123451233,0.13015806674957275,5.234570503234863,5,-0.04588906839489937,-0.1480531096458435,0.11017729341983795,-0.09979138523340225,0.07789719104766846,0.096612848341465,0.11118277162313461,0.12257988750934601,0.13127265870571136,0.1283261924982071,0.11432112008333206,0.0963866263628006,0.07228847593069077,0.04913220927119255
70,TTO,Trinidad and Tobago,2022,2.058638334274292,0.12418492138385773,5.234570503234863,5,-0.04588906839489937,-0.1480531096458435,0.11017729341983795,-0.09979138523340225,0.07789719104766846,0.096612848341465,0.11118277162313461,0.12257988750934601,0.13127265870571136,0.1283261924982071,0.11432112008333206,0.0963866263628006,0.07228847593069077,0.04913220927119255
70,TTO,Trinidad and Tobago,2023,2.058638334274292,0.1210993081331253,5.234570503234863,5,-0.04588906839489937,-0.1480531096458435,0.11017729341983795,-0.09979138523340225,0.07789719104766846,0.096612848341465,0.11118277162313461,0.12257988750934601,0.13127265870571136,0.1283261924982071,0.11432112008333206,0.0963866263628006,0.07228847593069077,0.04913220927119255
71,TUR,Turkey,2018,-0.10262159258127213,-0.028746917843818665,4.555046558380127,3,-0.3568929135799408,-0.3960716426372528,-0.2856121361255646,-0.3889949917793274,0.1127648800611496,0.13788636028766632,0.15440376102924347,0.11605269461870193,0.13152329623699188,0.11534515023231506,0.09270024299621582,0.06480477750301361,0.023128880187869072,0.05138995498418808
71,TUR,Turkey,2019,-1.772402048110962,-0.0750335305929184,4.555046558380127,3,-0.3568929135799408,-0.3960716426372528,-0.2856121361255646,-0.3889949917793274,0.1127648800611496,0.13788636028766632,0.15440376102924347,0.11605269461870193,0.13152329623699188,0.11534515023231506,0.09270024299621582,0.06480477750301361,0.023128880187869072,0.05138995498418808
71,TUR,Turkey,2020,-1.959740161895752,-0.10708605498075485,4.555046558380127,3,-0.3568929135799408,-0.3960716426372528,-0.2856121361255646,-0.3889949917793274,0.1127648800611496,0.13788636028766632,0.15440376102924347,0.11605269461870193,0.13152329623699188,0.11534515023231506,0.09270024299621582,0.06480477750301361,0.023128880187869072,0.05138995498418808
71,TUR,Turkey,2021,-1.391783356666565,-0.11852188408374786,4.555046558380127,3,-0.3568929135799408,-0.3960716426372528,-0.2856121361255646,-0.3889949917793274,0.1127648800611496,0.13788636028766632,0.15440376102924347,0.11605269461870193,0.13152329623699188,0.11534515023231506,0.09270024299621582,0.06480477750301361,0.023128880187869072,0.05138995498418808
71,TUR,Turkey,2022,-1.788352370262146,-0.13926959037780762,4.555046558380127,3,-0.3568929135799408,-0.3960716426372528,-0.2856121361255646,-0.3889949917793274,0.1127648800611496,0.13788636028766632,0.15440376102924347,0.11605269461870193,0.13152329623699188,0.11534515023231506,0.09270024299621582,0.06480477750301361,0.023128880187869072,0.05138995498418808
71,TUR,Turkey,2023,-1.6069564819335938,-0.15298791229724884,4.555046558380127,3,-0.3568929135799408,-0.3960716426372528,-0.2856121361255646,-0.3889949917793274,0.1127648800611496,0.13788636028766632,0.15440376102924347,0.11605269461870193,0.13152329623699188,0.11534515023231506,0.09270024299621582,0.06480477750301361,0.023128880187869072,0.05138995498418808
72,UKR,Ukraine,2018,-3.635014295578003,-0.07556085288524628,5.111741065979004,5,-1.2346214056015015,-1.3236093521118164,-1.1485481262207031,-1.2317067384719849,0.038126517087221146,0.11903747171163559,0.13433338701725006,0.15616054832935333,0.1625603437423706,0.12410159409046173,0.07338473200798035,0.05259229242801666,0.08097689598798752,0.05872621387243271
72,UKR,Ukraine,2019,-4.1212358474731445,-0.08826564252376556,5.111741065979004,5,-1.2346214056015015,-1.3236093521118164,-1.1485481262207031,-1.2317067384719849,0.038126517087221146,0.11903747171163559,0.13433338701725006,0.15616054832935333,0.1625603437423706,0.12410159409046173,0.07338473200798035,0.05259229242801666,0.08097689598798752,0.05872621387243271
72,UKR,Ukraine,2020,-5.126094341278076,-0.08905909955501556,5.111741065979004,5,-1.2346214056015015,-1.3236093521118164,-1.1485481262207031,-1.2317067384719849,0.038126517087221146,0.11903747171163559,0.13433338701725006,0.15616054832935333,0.1625603437423706,0.12410159409046173,0.07338473200798035,0.05259229242801666,0.08097689598798752,0.05872621387243271
72,UKR,Ukraine,2021,-7.988569259643555,-0.06574453413486481,5.111741065979004,5,-1.2346214056015015,-1.3236093521118164,-1.1485481262207031,-1.2317067384719849,0.038126517087221146,0.11903747171163559,0.13433338701725006,0.15616054832935333,0.1625603437423706,0.12410159409046173,0.07338473200798035,0.05259229242801666,0.08097689598798752,0.05872621387243271
72,UKR,Ukraine,2022,-9.796317100524902,-0.06402645260095596,5.111741065979004,5,-1.2346214056015015,-1.3236093521118164,-1.1485481262207031,-1.2317067384719849,0.038126517087221146,0.11903747171163559,0.13433338701725006,0.15616054832935333,0.1625603437423706,0.12410159409046173,0.07338473200798035,0.05259229242801666,0.08097689598798752,0.05872621387243271
72,UKR,Ukraine,2023,-9.796317100524902,-0.05733975023031235,5.111741065979004,5,-1.2346214056015015,-1.3236093521118164,-1.1485481262207031,-1.2317067384719849,0.038126517087221146,0.11903747171163559,0.13433338701725006,0.15616054832935333,0.1625603437423706,0.12410159409046173,0.07338473200798035,0.05259229242801666,0.08097689598798752,0.05872621387243271
73,USA,United States,2018,-7.697317123413086,-0.17449283599853516,5.599625587463379,6,1.167035460472107,1.1881818771362305,1.1316249370574951,1.1812996864318848,0.06505419313907623,0.08101188391447067,0.09733466804027557,0.1134423241019249,0.12375374883413315,0.12620492279529572,0.12297671288251877,0.11040366441011429,0.09146896749734879,0.06834890693426132
73,USA,United States,2019,-9.035722732543945,-0.19988244771957397,5.599625587463379,6,1.167035460472107,1.1881818771362305,1.1316249370574951,1.1812996864318848,0.06505419313907623,0.08101188391447067,0.09733466804027557,0.1134423241019249,0.12375374883413315,0.12620492279529572,0.12297671288251877,0.11040366441011429,0.09146896749734879,0.06834890693426132
73,USA,United States,2020,-10.637649536132812,-0.2112659066915512,5.599625587463379,6,1.167035460472107,1.1881818771362305,1.1316249370574951,1.1812996864318848,0.06505419313907623,0.08101188391447067,0.09733466804027557,0.1134423241019249,0.12375374883413315,0.12620492279529572,0.12297671288251877,0.11040366441011429,0.09146896749734879,0.06834890693426132
73,USA,United States,2021,-9.941286087036133,-0.22115875780582428,5.599625587463379,6,1.167035460472107,1.1881818771362305,1.1316249370574951,1.1812996864318848,0.06505419313907623,0.08101188391447067,0.09733466804027557,0.1134423241019249,0.12375374883413315,0.12620492279529572,0.12297671288251877,0.11040366441011429,0.09146896749734879,0.06834890693426132
73,USA,United States,2022,-10.715087890625,-0.2253090739250183,5.599625587463379,6,1.167035460472107,1.1881818771362305,1.1316249370574951,1.1812996864318848,0.06505419313907623,0.08101188391447067,0.09733466804027557,0.1134423241019249,0.12375374883413315,0.12620492279529572,0.12297671288251877,0.11040366441011429,0.09146896749734879,0.06834890693426132
73,USA,United States,2023,-11.726405143737793,-0.22885562479496002,5.599625587463379,6,1.167035460472107,1.1881818771362305,1.1316249370574951,1.1812996864318848,0.06505419313907623,0.08101188391447067,0.09733466804027557,0.1134423241019249,0.12375374883413315,0.12620492279529572,0.12297671288251877,0.11040366441011429,0.09146896749734879,0.06834890693426132
74,UZB,Uzbekistan,2018,1.4206937551498413,0.019697576761245728,5.828496932983398,8,-1.8003510236740112,-1.597791075706482,-2.1902878284454346,-1.6129741668701172,0.09017454832792282,0.05680583044886589,0.08273904025554657,0.10097954422235489,0.11051323264837265,0.07631151378154755,0.14487139880657196,0.16035860776901245,0.10729130357503891,0.06995499134063721
74,UZB,Uzbekistan,2019,0.9323561787605286,0.019131198525428772,5.828496932983398,8,-1.8003510236740112,-1.597791075706482,-2.1902878284454346,-1.6129741668701172,0.09017454832792282,0.05680583044886589,0.08273904025554657,0.10097954422235489,0.11051323264837265,0.07631151378154755,0.14487139880657196,0.16035860776901245,0.10729130357503891,0.06995499134063721
74,UZB,Uzbekistan,2020,1.6637600660324097,0.03486679494380951,5.828496932983398,8,-1.8003510236740112,-1.597791075706482,-2.1902878284454346,-1.6129741668701172,0.09017454832792282,0.05680583044886589,0.08273904025554657,0.10097954422235489,0.11051323264837265,0.07631151378154755,0.14487139880657196,0.16035860776901245,0.10729130357503891,0.06995499134063721
74,UZB,Uzbekistan,2021,1.6973286867141724,0.058217570185661316,5.828496932983398,8,-1.8003510236740112,-1.597791075706482,-2.1902878284454346,-1.6129741668701172,0.09017454832792282,0.05680583044886589,0.08273904025554657,0.10097954422235489,0.11051323264837265,0.07631151378154755,0.14487139880657196,0.16035860776901245,0.10729130357503891,0.06995499134063721
74,UZB,Uzbekistan,2022,0.9835667014122009,0.06082363426685333,5.828496932983398,8,-1.8003510236740112,-1.597791075706482,-2.1902878284454346,-1.6129741668701172,0.09017454832792282,0.05680583044886589,0.08273904025554657,0.10097954422235489,0.11051323264837265,0.07631151378154755,0.14487139880657196,0.16035860776901245,0.10729130357503891,0.06995499134063721
74,UZB,Uzbekistan,2023,0.9794012308120728,0.07993991672992706,5.828496932983398,8,-1.8003510236740112,-1.597791075706482,-2.1902878284454346,-1.6129741668701172,0.09017454832792282,0.05680583044886589,0.08273904025554657,0.10097954422235489,0.11051323264837265,0.07631151378154755,0.14487139880657196,0.16035860776901245,0.10729130357503891,0.06995499134063721
75,VEN,Venezuela,2018,4.365685939788818,0.14760461449623108,5.5,1,-1.5081526041030884,-1.3741530179977417,-1.5062425136566162,-1.6440623998641968,0.10000000149011612,0.10000000149011612,0.10000000149011612,0.10000000149011612,0.10000000149011612,0.10000000149011612,0.10000000149011612,0.10000000149011612,0.10000000149011612,0.10000000149011612
75,VEN,Venezuela,2019,4.361935615539551,0.11853964626789093,5.5,1,-1.5081526041030884,-1.3741530179977417,-1.5062425136566162,-1.6440623998641968,0.10000000149011612,0.10000000149011612,0.10000000149011612,0.10000000149011612,0.10000000149011612,0.10000000149011612,0.10000000149011612,0.10000000149011612,0.10000000149011612,0.10000000149011612
75,VEN,Venezuela,2020,-2.0265071392059326,0.11431412398815155,5.5,1,-1.5081526041030884,-1.3741530179977417,-1.5062425136566162,-1.6440623998641968,0.10000000149011612,0.10000000149011612,0.10000000149011612,0.10000000149011612,0.10000000149011612,0.10000000149011612,0.10000000149011612,0.10000000149011612,0.10000000149011612,0.10000000149011612
75,VEN,Venezuela,2021,-2.5107500553131104,0.1779017597436905,5.5,1,-1.5081526041030884,-1.3741530179977417,-1.5062425136566162,-1.6440623998641968,0.10000000149011612,0.10000000149011612,0.10000000149011612,0.10000000149011612,0.10000000149011612,0.10000000149011612,0.10000000149011612,0.10000000149011612,0.10000000149011612,0.10000000149011612
75,VEN,Venezuela,2022,-2.220579147338867,0.19469301402568817,5.5,1,-1.5081526041030884,-1.3741530179977417,-1.5062425136566162,-1.6440623998641968,0.10000000149011612,0.10000000149011612,0.10000000149011612,0.10000000149011612,0.10000000149011612,0.10000000149011612,0.10000000149011612,0.10000000149011612,0.10000000149011612,0.10000000149011612
75,VEN,Venezuela,2023,-2.2290172576904297,0.15320974588394165,5.5,1,-1.5081526041030884,-1.3741530179977417,-1.5062425136566162,-1.6440623998641968,0.10000000149011612,0.10000000149011612,0.10000000149011612,0.10000000149011612,0.10000000149011612,0.10000000149011612,0.10000000149011612,0.10000000149011612,0.10000000149011612,0.10000000149011612
76,VNM,Vietnam,2018,1.8500128984451294,-0.050105735659599304,5.5,1,-1.0041168928146362,-0.9023603796958923,-1.090646505355835,-1.0193438529968262,0.10000000149011612,0.10000000149011612,0.10000000149011612,0.10000000149011612,0.10000000149011612,0.10000000149011612,0.10000000149011612,0.10000000149011612,0.10000000149011612,0.10000000149011612
76,VNM,Vietnam,2019,3.117563009262085,-0.0816192626953125,5.5,1,-1.0041168928146362,-0.9023603796958923,-1.090646505355835,-1.0193438529968262,0.10000000149011612,0.10000000149011612,0.10000000149011612,0.10000000149011612,0.10000000149011612,0.10000000149011612,0.10000000149011612,0.10000000149011612,0.10000000149011612,0.10000000149011612
76,VNM,Vietnam,2020,2.663336753845215,-0.06819798052310944,5.5,1,-1.0041168928146362,-0.9023603796958923,-1.090646505355835,-1.0193438529968262,0.10000000149011612,0.10000000149011612,0.10000000149011612,0.10000000149011612,0.10000000149011612,0.10000000149011612,0.10000000149011612,0.10000000149011612,0.10000000149011612,0.10000000149011612
76,VNM,Vietnam,2021,1.7106215953826904,-0.08605538308620453,5.5,1,-1.0041168928146362,-0.9023603796958923,-1.090646505355835,-1.0193438529968262,0.10000000149011612,0.10000000149011612,0.10000000149011612,0.10000000149011612,0.10000000149011612,0.10000000149011612,0.10000000149011612,0.10000000149011612,0.10000000149011612,0.10000000149011612
76,VNM,Vietnam,2022,0.6460008025169373,-0.10254651308059692,5.5,1,-1.0041168928146362,-0.9023603796958923,-1.090646505355835,-1.0193438529968262,0.10000000149011612,0.10000000149011612,0.10000000149011612,0.10000000149011612,0.10000000149011612,0.10000000149011612,0.10000000149011612,0.10000000149011612,0.10000000149011612,0.10000000149011612
76,VNM,Vietnam,2023,1.6631464958190918,-0.1020393818616867,5.5,1,-1.0041168928146362,-0.9023603796958923,-1.090646505355835,-1.0193438529968262,0.10000000149011612,0.10000000149011612,0.10000000149011612,0.10000000149011612,0.10000000149011612,0.10000000149011612,0.10000000149011612,0.10000000149011612,0.10000000149011612,0.10000000149011612
77,ZAF,South Africa,2018,-6.3950324058532715,0.1403059959411621,4.810253143310547,4,-0.0641661062836647,-0.015326484106481075,0.13372927904129028,-0.31090110540390015,0.047916363924741745,0.0898933857679367,0.14055965840816498,0.17996452748775482,0.16661100089550018,0.1428116261959076,0.1311696171760559,0.07676371932029724,0.024310115724802017,0.0
77,ZAF,South Africa,2019,-8.257451057434082,0.10065603256225586,4.810253143310547,4,-0.0641661062836647,-0.015326484106481075,0.13372927904129028,-0.31090110540390015,0.047916363924741745,0.0898933857679367,0.14055965840816498,0.17996452748775482,0.16661100089550018,0.1428116261959076,0.1311696171760559,0.07676371932029724,0.024310115724802017,0.0
77,ZAF,South Africa,2020,-7.980379581451416,0.028707340359687805,4.810253143310547,4,-0.0641661062836647,-0.015326484106481075,0.13372927904129028,-0.31090110540390015,0.047916363924741745,0.0898933857679367,0.14055965840816498,0.17996452748775482,0.16661100089550018,0.1428116261959076,0.1311696171760559,0.07676371932029724,0.024310115724802017,0.0
77,ZAF,South Africa,2021,-12.659340858459473,-0.05133317783474922,4.810253143310547,4,-0.0641661062836647,-0.015326484106481075,0.13372927904129028,-0.31090110540390015,0.047916363924741745,0.0898933857679367,0.14055965840816498,0.17996452748775482,0.16661100089550018,0.1428116261959076,0.1311696171760559,0.07676371932029724,0.024310115724802017,0.0
77,ZAF,South Africa,2022,-15.694624900817871,-0.06148243695497513,4.810253143310547,4,-0.0641661062836647,-0.015326484106481075,0.13372927904129028,-0.31090110540390015,0.047916363924741745,0.0898933857679367,0.14055965840816498,0.17996452748775482,0.16661100089550018,0.1428116261959076,0.1311696171760559,0.07676371932029724,0.024310115724802017,0.0
77,ZAF,South Africa,2023,-19.3819637298584,-0.1344311386346817,4.810253143310547,4,-0.0641661062836647,-0.015326484106481075,0.13372927904129028,-0.31090110540390015,0.047916363924741745,0.0898933857679367,0.14055965840816498,0.17996452748775482,0.16661100089550018,0.1428116261959076,0.1311696171760559,0.07676371932029724,0.024310115724802017,0.0
