entity_id,entity_code,entity_name,year,y_true,y_pred,posthoc_k_star,lag_profile_peak,proxy_signal_true,proxy_1_true,proxy_2_true,proxy_3_true,lag_profile_1,lag_profile_2,lag_profile_3,lag_profile_4,lag_profile_5,lag_profile_6,lag_profile_7,lag_profile_8,lag_profile_9,lag_profile_10
0,ARE,United Arab Emirates,2018,-77.53056335449219,-0.06291192024946213,5.5,1,0.18880443274974823,0.332748681306839,0.2764120101928711,-0.042747389525175095,0.10000000149011612,0.10000000149011612,0.10000000149011612,0.10000000149011612,0.10000000149011612,0.10000000149011612,0.10000000149011612,0.10000000149011612,0.10000000149011612,0.10000000149011612
0,ARE,United Arab Emirates,2019,-233.2926788330078,0.03247637301683426,5.5,1,0.18880443274974823,0.332748681306839,0.2764120101928711,-0.042747389525175095,0.10000000149011612,0.10000000149011612,0.10000000149011612,0.10000000149011612,0.10000000149011612,0.10000000149011612,0.10000000149011612,0.10000000149011612,0.10000000149011612,0.10000000149011612
0,ARE,United Arab Emirates,2020,-435.1805725097656,-0.006970696151256561,5.5,1,0.18880443274974823,0.332748681306839,0.2764120101928711,-0.042747389525175095,0.10000000149011612,0.10000000149011612,0.10000000149011612,0.10000000149011612,0.10000000149011612,0.10000000149011612,0.10000000149011612,0.10000000149011612,0.10000000149011612,0.10000000149011612
0,ARE,United Arab Emirates,2021,-1001.4480590820312,0.018671460449695587,5.5,1,0.18880443274974823,0.332748681306839,0.2764120101928711,-0.042747389525175095,0.10000000149011612,0.10000000149011612,0.10000000149011612,0.10000000149011612,0.10000000149011612,0.10000000149011612,0.10000000149011612,0.10000000149011612,0.10000000149011612,0.10000000149011612
0,ARE,United Arab Emirates,2022,-1657.7239990234375,0.08608395606279373,5.5,1,0.18880443274974823,0.332748681306839,0.2764120101928711,-0.042747389525175095,0.10000000149011612,0.10000000149011612,0.10000000149011612,0.10000000149011612,0.10000000149011612,0.10000000149011612,0.10000000149011612,0.10000000149011612,0.10000000149011612,0.10000000149011612
0,ARE,United Arab Emirates,2023,-2705.017333984375,0.1334347128868103,5.5,1,0.18880443274974823,0.332748681306839,0.2764120101928711,-0.042747389525175095,0.10000000149011612,0.10000000149011612,0.10000000149011612,0.10000000149011612,0.10000000149011612,0.10000000149011612,0.10000000149011612,0.10000000149011612,0.10000000149011612,0.10000000149011612
1,ARG,Argentina,2018,1.6428788900375366,-0.3698158860206604,5.5,1,-0.6909387707710266,-0.40908560156822205,-0.8905236124992371,-0.7732071280479431,0.10000000149011612,0.10000000149011612,0.10000000149011612,0.10000000149011612,0.10000000149011612,0.10000000149011612,0.10000000149011612,0.10000000149011612,0.10000000149011612,0.10000000149011612
1,ARG,Argentina,2019,1.1453611850738525,-0.3763122856616974,5.5,1,-0.6909387707710266,-0.40908560156822205,-0.8905236124992371,-0.7732071280479431,0.10000000149011612,0.10000000149011612,0.10000000149011612,0.10000000149011612,0.10000000149011612,0.10000000149011612,0.10000000149011612,0.10000000149011612,0.10000000149011612,0.10000000149011612
1,ARG,Argentina,2020,1.0582135915756226,-0.391026109457016,5.5,1,-0.6909387707710266,-0.40908560156822205,-0.8905236124992371,-0.7732071280479431,0.10000000149011612,0.10000000149011612,0.10000000149011612,0.10000000149011612,0.10000000149011612,0.10000000149011612,0.10000000149011612,0.10000000149011612,0.10000000149011612,0.10000000149011612
1,ARG,Argentina,2021,1.4250097274780273,-0.3914864659309387,5.5,1,-0.6909387707710266,-0.40908560156822205,-0.8905236124992371,-0.7732071280479431,0.10000000149011612,0.10000000149011612,0.10000000149011612,0.10000000149011612,0.10000000149011612,0.10000000149011612,0.10000000149011612,0.10000000149011612,0.10000000149011612,0.10000000149011612
1,ARG,Argentina,2022,0.9982249736785889,-0.39037591218948364,5.5,1,-0.6909387707710266,-0.40908560156822205,-0.8905236124992371,-0.7732071280479431,0.10000000149011612,0.10000000149011612,0.10000000149011612,0.10000000149011612,0.10000000149011612,0.10000000149011612,0.10000000149011612,0.10000000149011612,0.10000000149011612,0.10000000149011612
1,ARG,Argentina,2023,-0.24900130927562714,-0.35587432980537415,5.5,1,-0.6909387707710266,-0.40908560156822205,-0.8905236124992371,-0.7732071280479431,0.10000000149011612,0.10000000149011612,0.10000000149011612,0.10000000149011612,0.10000000149011612,0.10000000149011612,0.10000000149011612,0.10000000149011612,0.10000000149011612,0.10000000149011612
2,AUS,Australia,2018,-7.367125034332275,0.19217777252197266,5.5,1,1.25566828250885,1.2781401872634888,1.1565734148025513,1.3322911262512207,0.10000000149011612,0.10000000149011612,0.10000000149011612,0.10000000149011612,0.10000000149011612,0.10000000149011612,0.10000000149011612,0.10000000149011612,0.10000000149011612,0.10000000149011612
2,AUS,Australia,2019,-8.657783508300781,0.23831629753112793,5.5,1,1.25566828250885,1.2781401872634888,1.1565734148025513,1.3322911262512207,0.10000000149011612,0.10000000149011612,0.10000000149011612,0.10000000149011612,0.10000000149011612,0.10000000149011612,0.10000000149011612,0.10000000149011612,0.10000000149011612,0.10000000149011612
2,AUS,Australia,2020,-10.614906311035156,0.2852731943130493,5.5,1,1.25566828250885,1.2781401872634888,1.1565734148025513,1.3322911262512207,0.10000000149011612,0.10000000149011612,0.10000000149011612,0.10000000149011612,0.10000000149011612,0.10000000149011612,0.10000000149011612,0.10000000149011612,0.10000000149011612,0.10000000149011612
2,AUS,Australia,2021,-13.180018424987793,0.30605703592300415,5.5,1,1.25566828250885,1.2781401872634888,1.1565734148025513,1.3322911262512207,0.10000000149011612,0.10000000149011612,0.10000000149011612,0.10000000149011612,0.10000000149011612,0.10000000149011612,0.10000000149011612,0.10000000149011612,0.10000000149011612,0.10000000149011612
2,AUS,Australia,2022,-15.15616226196289,0.2895389199256897,5.5,1,1.25566828250885,1.2781401872634888,1.1565734148025513,1.3322911262512207,0.10000000149011612,0.10000000149011612,0.10000000149011612,0.10000000149011612,0.10000000149011612,0.10000000149011612,0.10000000149011612,0.10000000149011612,0.10000000149011612,0.10000000149011612
2,AUS,Australia,2023,-16.646900177001953,0.29265791177749634,5.5,1,1.25566828250885,1.2781401872634888,1.1565734148025513,1.3322911262512207,0.10000000149011612,0.10000000149011612,0.10000000149011612,0.10000000149011612,0.10000000149011612,0.10000000149011612,0.10000000149011612,0.10000000149011612,0.10000000149011612,0.10000000149011612
3,AUT,Austria,2018,-3.331990957260132,0.26262006163597107,5.5,1,1.3129711151123047,1.3305449485778809,1.1512476205825806,1.4571207761764526,0.10000000149011612,0.10000000149011612,0.10000000149011612,0.10000000149011612,0.10000000149011612,0.10000000149011612,0.10000000149011612,0.10000000149011612,0.10000000149011612,0.10000000149011612
3,AUT,Austria,2019,-3.5629565715789795,0.27209630608558655,5.5,1,1.3129711151123047,1.3305449485778809,1.1512476205825806,1.4571207761764526,0.10000000149011612,0.10000000149011612,0.10000000149011612,0.10000000149011612,0.10000000149011612,0.10000000149011612,0.10000000149011612,0.10000000149011612,0.10000000149011612,0.10000000149011612
3,AUT,Austria,2020,-4.44062614440918,0.2695170044898987,5.5,1,1.3129711151123047,1.3305449485778809,1.1512476205825806,1.4571207761764526,0.10000000149011612,0.10000000149011612,0.10000000149011612,0.10000000149011612,0.10000000149011612,0.10000000149011612,0.10000000149011612,0.10000000149011612,0.10000000149011612,0.10000000149011612
3,AUT,Austria,2021,-4.349145412445068,0.28761154413223267,5.5,1,1.3129711151123047,1.3305449485778809,1.1512476205825806,1.4571207761764526,0.10000000149011612,0.10000000149011612,0.10000000149011612,0.10000000149011612,0.10000000149011612,0.10000000149011612,0.10000000149011612,0.10000000149011612,0.10000000149011612,0.10000000149011612
3,AUT,Austria,2022,-4.098706245422363,0.3163701891899109,5.5,1,1.3129711151123047,1.3305449485778809,1.1512476205825806,1.4571207761764526,0.10000000149011612,0.10000000149011612,0.10000000149011612,0.10000000149011612,0.10000000149011612,0.10000000149011612,0.10000000149011612,0.10000000149011612,0.10000000149011612,0.10000000149011612
3,AUT,Austria,2023,-5.443741798400879,0.31875213980674744,5.5,1,1.3129711151123047,1.3305449485778809,1.1512476205825806,1.4571207761764526,0.10000000149011612,0.10000000149011612,0.10000000149011612,0.10000000149011612,0.10000000149011612,0.10000000149011612,0.10000000149011612,0.10000000149011612,0.10000000149011612,0.10000000149011612
4,AZE,Azerbaijan,2018,3.094372272491455,-0.33462998270988464,5.5,1,-1.294363021850586,-1.4495718479156494,-1.172594428062439,-1.2609230279922485,0.10000000149011612,0.10000000149011612,0.10000000149011612,0.10000000149011612,0.10000000149011612,0.10000000149011612,0.10000000149011612,0.10000000149011612,0.10000000149011612,0.10000000149011612
4,AZE,Azerbaijan,2019,3.558119297027588,-0.3932305872440338,5.5,1,-1.294363021850586,-1.4495718479156494,-1.172594428062439,-1.2609230279922485,0.10000000149011612,0.10000000149011612,0.10000000149011612,0.10000000149011612,0.10000000149011612,0.10000000149011612,0.10000000149011612,0.10000000149011612,0.10000000149011612,0.10000000149011612
4,AZE,Azerbaijan,2020,4.490204811096191,-0.47639840841293335,5.5,1,-1.294363021850586,-1.4495718479156494,-1.172594428062439,-1.2609230279922485,0.10000000149011612,0.10000000149011612,0.10000000149011612,0.10000000149011612,0.10000000149011612,0.10000000149011612,0.10000000149011612,0.10000000149011612,0.10000000149011612,0.10000000149011612
4,AZE,Azerbaijan,2021,4.194814682006836,-0.5176810026168823,5.5,1,-1.294363021850586,-1.4495718479156494,-1.172594428062439,-1.2609230279922485,0.10000000149011612,0.10000000149011612,0.10000000149011612,0.10000000149011612,0.10000000149011612,0.10000000149011612,0.10000000149011612,0.10000000149011612,0.10000000149011612,0.10000000149011612
4,AZE,Azerbaijan,2022,3.8313167095184326,-0.560552716255188,5.5,1,-1.294363021850586,-1.4495718479156494,-1.172594428062439,-1.2609230279922485,0.10000000149011612,0.10000000149011612,0.10000000149011612,0.10000000149011612,0.10000000149011612,0.10000000149011612,0.10000000149011612,0.10000000149011612,0.10000000149011612,0.10000000149011612
4,AZE,Azerbaijan,2023,3.7241804599761963,-0.5746643543243408,5.5,1,-1.294363021850586,-1.4495718479156494,-1.172594428062439,-1.2609230279922485,0.10000000149011612,0.10000000149011612,0.10000000149011612,0.10000000149011612,0.10000000149011612,0.10000000149011612,0.10000000149011612,0.10000000149011612,0.10000000149011612,0.10000000149011612
5,BEL,Belgium,2018,-2.035623550415039,0.30771684646606445,5.5,1,0.9798359274864197,1.2219529151916504,0.8175865411758423,0.8999684453010559,0.10000000149011612,0.10000000149011612,0.10000000149011612,0.10000000149011612,0.10000000149011612,0.10000000149011612,0.10000000149011612,0.10000000149011612,0.10000000149011612,0.10000000149011612
5,BEL,Belgium,2019,-3.1006269454956055,0.32247745990753174,5.5,1,0.9798359274864197,1.2219529151916504,0.8175865411758423,0.8999684453010559,0.10000000149011612,0.10000000149011612,0.10000000149011612,0.10000000149011612,0.10000000149011612,0.10000000149011612,0.10000000149011612,0.10000000149011612,0.10000000149011612,0.10000000149011612
5,BEL,Belgium,2020,-2.7479605674743652,0.3311946392059326,5.5,1,0.9798359274864197,1.2219529151916504,0.8175865411758423,0.8999684453010559,0.10000000149011612,0.10000000149011612,0.10000000149011612,0.10000000149011612,0.10000000149011612,0.10000000149011612,0.10000000149011612,0.10000000149011612,0.10000000149011612,0.10000000149011612
5,BEL,Belgium,2021,-3.9674084186553955,0.33544737100601196,5.5,1,0.9798359274864197,1.2219529151916504,0.8175865411758423,0.8999684453010559,0.10000000149011612,0.10000000149011612,0.10000000149011612,0.10000000149011612,0.10000000149011612,0.10000000149011612,0.10000000149011612,0.10000000149011612,0.10000000149011612,0.10000000149011612
5,BEL,Belgium,2022,-3.700895071029663,0.3399946093559265,5.5,1,0.9798359274864197,1.2219529151916504,0.8175865411758423,0.8999684453010559,0.10000000149011612,0.10000000149011612,0.10000000149011612,0.10000000149011612,0.10000000149011612,0.10000000149011612,0.10000000149011612,0.10000000149011612,0.10000000149011612,0.10000000149011612
5,BEL,Belgium,2023,-3.867947578430176,0.34186285734176636,5.5,1,0.9798359274864197,1.2219529151916504,0.8175865411758423,0.8999684453010559,0.10000000149011612,0.10000000149011612,0.10000000149011612,0.10000000149011612,0.10000000149011612,0.10000000149011612,0.10000000149011612,0.10000000149011612,0.10000000149011612,0.10000000149011612
6,BGD,Bangladesh,2018,1.2597620487213135,-0.4848570227622986,5.5,1,-1.3428869247436523,-1.2080445289611816,-1.482562780380249,-1.3380534648895264,0.10000000149011612,0.10000000149011612,0.10000000149011612,0.10000000149011612,0.10000000149011612,0.10000000149011612,0.10000000149011612,0.10000000149011612,0.10000000149011612,0.10000000149011612
6,BGD,Bangladesh,2019,1.4318774938583374,-0.5081411600112915,5.5,1,-1.3428869247436523,-1.2080445289611816,-1.482562780380249,-1.3380534648895264,0.10000000149011612,0.10000000149011612,0.10000000149011612,0.10000000149011612,0.10000000149011612,0.10000000149011612,0.10000000149011612,0.10000000149011612,0.10000000149011612,0.10000000149011612
6,BGD,Bangladesh,2020,1.717698097229004,-0.5176475644111633,5.5,1,-1.3428869247436523,-1.2080445289611816,-1.482562780380249,-1.3380534648895264,0.10000000149011612,0.10000000149011612,0.10000000149011612,0.10000000149011612,0.10000000149011612,0.10000000149011612,0.10000000149011612,0.10000000149011612,0.10000000149011612,0.10000000149011612
6,BGD,Bangladesh,2021,1.7278225421905518,-0.5322890281677246,5.5,1,-1.3428869247436523,-1.2080445289611816,-1.482562780380249,-1.3380534648895264,0.10000000149011612,0.10000000149011612,0.10000000149011612,0.10000000149011612,0.10000000149011612,0.10000000149011612,0.10000000149011612,0.10000000149011612,0.10000000149011612,0.10000000149011612
6,BGD,Bangladesh,2022,1.5284489393234253,-0.5493564605712891,5.5,1,-1.3428869247436523,-1.2080445289611816,-1.482562780380249,-1.3380534648895264,0.10000000149011612,0.10000000149011612,0.10000000149011612,0.10000000149011612,0.10000000149011612,0.10000000149011612,0.10000000149011612,0.10000000149011612,0.10000000149011612,0.10000000149011612
6,BGD,Bangladesh,2023,2.0307767391204834,-0.5584713220596313,5.5,1,-1.3428869247436523,-1.2080445289611816,-1.482562780380249,-1.3380534648895264,0.10000000149011612,0.10000000149011612,0.10000000149011612,0.10000000149011612,0.10000000149011612,0.10000000149011612,0.10000000149011612,0.10000000149011612,0.10000000149011612,0.10000000149011612
7,BGR,Bulgaria,2018,-1.3296480178833008,0.2795911431312561,5.5,1,-0.42611977458000183,-0.6209486722946167,-0.13856160640716553,-0.5188490152359009,0.10000000149011612,0.10000000149011612,0.10000000149011612,0.10000000149011612,0.10000000149011612,0.10000000149011612,0.10000000149011612,0.10000000149011612,0.10000000149011612,0.10000000149011612
7,BGR,Bulgaria,2019,-1.4306131601333618,0.30609130859375,5.5,1,-0.42611977458000183,-0.6209486722946167,-0.13856160640716553,-0.5188490152359009,0.10000000149011612,0.10000000149011612,0.10000000149011612,0.10000000149011612,0.10000000149011612,0.10000000149011612,0.10000000149011612,0.10000000149011612,0.10000000149011612,0.10000000149011612
7,BGR,Bulgaria,2020,-2.8135833740234375,0.3194901943206787,5.5,1,-0.42611977458000183,-0.6209486722946167,-0.13856160640716553,-0.5188490152359009,0.10000000149011612,0.10000000149011612,0.10000000149011612,0.10000000149011612,0.10000000149011612,0.10000000149011612,0.10000000149011612,0.10000000149011612,0.10000000149011612,0.10000000149011612
7,BGR,Bulgaria,2021,-2.0215117931365967,0.3180169463157654,5.5,1,-0.42611977458000183,-0.6209486722946167,-0.13856160640716553,-0.5188490152359009,0.10000000149011612,0.10000000149011612,0.10000000149011612,0.10000000149011612,0.10000000149011612,0.10000000149011612,0.10000000149011612,0.10000000149011612,0.10000000149011612,0.10000000149011612
7,BGR,Bulgaria,2022,-0.48078346252441406,0.34043145179748535,5.5,1,-0.42611977458000183,-0.6209486722946167,-0.13856160640716553,-0.5188490152359009,0.10000000149011612,0.10000000149011612,0.10000000149011612,0.10000000149011612,0.10000000149011612,0.10000000149011612,0.10000000149011612,0.10000000149011612,0.10000000149011612,0.10000000149011612
7,BGR,Bulgaria,2023,-3.970643997192383,0.3453453779220581,5.5,1,-0.42611977458000183,-0.6209486722946167,-0.13856160640716553,-0.5188490152359009,0.10000000149011612,0.10000000149011612,0.10000000149011612,0.10000000149011612,0.10000000149011612,0.10000000149011612,0.10000000149011612,0.10000000149011612,0.10000000149011612,0.10000000149011612
8,BLR,Belarus,2018,-2.643580675125122,0.3116827607154846,5.5,1,-1.5520426034927368,-1.4920120239257812,-1.8896420001983643,-1.2744739055633545,0.10000000149011612,0.10000000149011612,0.10000000149011612,0.10000000149011612,0.10000000149011612,0.10000000149011612,0.10000000149011612,0.10000000149011612,0.10000000149011612,0.10000000149011612
8,BLR,Belarus,2019,-3.0715856552124023,0.32529765367507935,5.5,1,-1.5520426034927368,-1.4920120239257812,-1.8896420001983643,-1.2744739055633545,0.10000000149011612,0.10000000149011612,0.10000000149011612,0.10000000149011612,0.10000000149011612,0.10000000149011612,0.10000000149011612,0.10000000149011612,0.10000000149011612,0.10000000149011612
8,BLR,Belarus,2020,-3.0823307037353516,0.32285362482070923,5.5,1,-1.5520426034927368,-1.4920120239257812,-1.8896420001983643,-1.2744739055633545,0.10000000149011612,0.10000000149011612,0.10000000149011612,0.10000000149011612,0.10000000149011612,0.10000000149011612,0.10000000149011612,0.10000000149011612,0.10000000149011612,0.10000000149011612
8,BLR,Belarus,2021,-14.810386657714844,0.3137357234954834,5.5,1,-1.5520426034927368,-1.4920120239257812,-1.8896420001983643,-1.2744739055633545,0.10000000149011612,0.10000000149011612,0.10000000149011612,0.10000000149011612,0.10000000149011612,0.10000000149011612,0.10000000149011612,0.10000000149011612,0.10000000149011612,0.10000000149011612
8,BLR,Belarus,2022,-13.734106063842773,0.30842190980911255,5.5,1,-1.5520426034927368,-1.4920120239257812,-1.8896420001983643,-1.2744739055633545,0.10000000149011612,0.10000000149011612,0.10000000149011612,0.10000000149011612,0.10000000149011612,0.10000000149011612,0.10000000149011612,0.10000000149011612,0.10000000149011612,0.10000000149011612
8,BLR,Belarus,2023,-27.134784698486328,0.3132827877998352,5.5,1,-1.5520426034927368,-1.4920120239257812,-1.8896420001983643,-1.2744739055633545,0.10000000149011612,0.10000000149011612,0.10000000149011612,0.10000000149011612,0.10000000149011612,0.10000000149011612,0.10000000149011612,0.10000000149011612,0.10000000149011612,0.10000000149011612
9,BRA,Brazil,2018,4.812175750732422,-0.23926246166229248,1.686588168144226,2,-0.532637357711792,-0.5499132871627808,-0.37875303626060486,-0.669245719909668,0.42523637413978577,0.4629390239715576,0.11182459443807602,0.0,0.0,0.0,0.0,0.0,0.0,0.0
9,BRA,Brazil,2019,5.404086589813232,-0.19974780082702637,1.686588168144226,2,-0.532637357711792,-0.5499132871627808,-0.37875303626060486,-0.669245719909668,0.42523637413978577,0.4629390239715576,0.11182459443807602,0.0,0.0,0.0,0.0,0.0,0.0,0.0
9,BRA,Brazil,2020,4.385476589202881,-0.21270808577537537,1.686588168144226,2,-0.532637357711792,-0.5499132871627808,-0.37875303626060486,-0.669245719909668,0.42523637413978577,0.4629390239715576,0.11182459443807602,0.0,0.0,0.0,0.0,0.0,0.0,0.0
9,BRA,Brazil,2021,8.511026382446289,-0.21874621510505676,1.686588168144226,2,-0.532637357711792,-0.5499132871627808,-0.37875303626060486,-0.669245719909668,0.42523637413978577,0.4629390239715576,0.11182459443807602,0.0,0.0,0.0,0.0,0.0,0.0,0.0
9,BRA,Brazil,2022,0.8233122229576111,-0.21040263772010803,1.686588168144226,2,-0.532637357711792,-0.5499132871627808,-0.37875303626060486,-0.669245719909668,0.42523637413978577,0.4629390239715576,0.11182459443807602,0.0,0.0,0.0,0.0,0.0,0.0,0.0
9,BRA,Brazil,2023,-0.02414296381175518,-0.10078378766775131,1.686588168144226,2,-0.532637357711792,-0.5499132871627808,-0.37875303626060486,-0.669245719909668,0.42523637413978577,0.4629390239715576,0.11182459443807602,0.0,0.0,0.0,0.0,0.0,0.0,0.0
10,CAN,Canada,2018,-3.718440532684326,-0.13650652766227722,9.0,9,1.2861608266830444,1.3746321201324463,1.1545178890228271,1.3293325901031494,0.0,0.0,0.0,0.0,0.0,0.0,0.0,0.0,1.0,0.0
10,CAN,Canada,2019,-3.770698308944702,-0.12044046074151993,9.0,9,1.2861608266830444,1.3746321201324463,1.1545178890228271,1.3293325901031494,0.0,0.0,0.0,0.0,0.0,0.0,0.0,0.0,1.0,0.0
10,CAN,Canada,2020,-4.2692484855651855,-0.14835482835769653,9.0,9,1.2861608266830444,1.3746321201324463,1.1545178890228271,1.3293325901031494,0.0,0.0,0.0,0.0,0.0,0.0,0.0,0.0,1.0,0.0
10,CAN,Canada,2021,-4.04820442199707,-0.07030586153268814,9.0,9,1.2861608266830444,1.3746321201324463,1.1545178890228271,1.3293325901031494,0.0,0.0,0.0,0.0,0.0,0.0,0.0,0.0,1.0,0.0
10,CAN,Canada,2022,-4.334720611572266,-0.01731162518262863,9.0,9,1.2861608266830444,1.3746321201324463,1.1545178890228271,1.3293325901031494,0.0,0.0,0.0,0.0,0.0,0.0,0.0,0.0,1.0,0.0
10,CAN,Canada,2023,-3.507607936859131,0.018755145370960236,9.0,9,1.2861608266830444,1.3746321201324463,1.1545178890228271,1.3293325901031494,0.0,0.0,0.0,0.0,0.0,0.0,0.0,0.0,1.0,0.0
11,CHE,Switzerland,2018,1.0894922018051147,0.1419532299041748,5.813497066497803,6,1.412360668182373,1.4461179971694946,1.2956862449645996,1.4952778816223145,0.010519349947571754,0.06475428491830826,0.10291879624128342,0.1264752894639969,0.13753680884838104,0.1753014475107193,0.13455967605113983,0.10944155603647232,0.08305929601192474,0.0554334931075573
11,CHE,Switzerland,2019,0.49372902512550354,0.1707252562046051,5.813497066497803,6,1.412360668182373,1.4461179971694946,1.2956862449645996,1.4952778816223145,0.010519349947571754,0.06475428491830826,0.10291879624128342,0.1264752894639969,0.13753680884838104,0.1753014475107193,0.13455967605113983,0.10944155603647232,0.08305929601192474,0.0554334931075573
11,CHE,Switzerland,2020,1.5537232160568237,0.2047867774963379,5.813497066497803,6,1.412360668182373,1.4461179971694946,1.2956862449645996,1.4952778816223145,0.010519349947571754,0.06475428491830826,0.10291879624128342,0.1264752894639969,0.13753680884838104,0.1753014475107193,0.13455967605113983,0.10944155603647232,0.08305929601192474,0.0554334931075573
11,CHE,Switzerland,2021,3.0005764961242676,0.24537962675094604,5.813497066497803,6,1.412360668182373,1.4461179971694946,1.2956862449645996,1.4952778816223145,0.010519349947571754,0.06475428491830826,0.10291879624128342,0.1264752894639969,0.13753680884838104,0.1753014475107193,0.13455967605113983,0.10944155603647232,0.08305929601192474,0.0554334931075573
11,CHE,Switzerland,2022,2.025691270828247,0.28900212049484253,5.813497066497803,6,1.412360668182373,1.4461179971694946,1.2956862449645996,1.4952778816223145,0.010519349947571754,0.06475428491830826,0.10291879624128342,0.1264752894639969,0.13753680884838104,0.1753014475107193,0.13455967605113983,0.10944155603647232,0.08305929601192474,0.0554334931075573
11,CHE,Switzerland,2023,-4.210478782653809,0.2959878444671631,5.813497066497803,6,1.412360668182373,1.4461179971694946,1.2956862449645996,1.4952778816223145,0.010519349947571754,0.06475428491830826,0.10291879624128342,0.1264752894639969,0.13753680884838104,0.1753014475107193,0.13455967605113983,0.10944155603647232,0.08305929601192474,0.0554334931075573
12,CHL,Chile,2018,1.4454405307769775,-0.16764986515045166,5.5,1,0.8483307957649231,0.667232871055603,1.016435146331787,0.8613244891166687,0.10000000149011612,0.10000000149011612,0.10000000149011612,0.10000000149011612,0.10000000149011612,0.10000000149011612,0.10000000149011612,0.10000000149011612,0.10000000149011612,0.10000000149011612
12,CHL,Chile,2019,1.1679426431655884,-0.16612625122070312,5.5,1,0.8483307957649231,0.667232871055603,1.016435146331787,0.8613244891166687,0.10000000149011612,0.10000000149011612,0.10000000149011612,0.10000000149011612,0.10000000149011612,0.10000000149011612,0.10000000149011612,0.10000000149011612,0.10000000149011612,0.10000000149011612
12,CHL,Chile,2020,0.7698724865913391,-0.18175837397575378,5.5,1,0.8483307957649231,0.667232871055603,1.016435146331787,0.8613244891166687,0.10000000149011612,0.10000000149011612,0.10000000149011612,0.10000000149011612,0.10000000149011612,0.10000000149011612,0.10000000149011612,0.10000000149011612,0.10000000149011612,0.10000000149011612
12,CHL,Chile,2021,0.5402398705482483,-0.12087317556142807,5.5,1,0.8483307957649231,0.667232871055603,1.016435146331787,0.8613244891166687,0.10000000149011612,0.10000000149011612,0.10000000149011612,0.10000000149011612,0.10000000149011612,0.10000000149011612,0.10000000149011612,0.10000000149011612,0.10000000149011612,0.10000000149011612
12,CHL,Chile,2022,-0.5233001708984375,-0.02631043642759323,5.5,1,0.8483307957649231,0.667232871055603,1.016435146331787,0.8613244891166687,0.10000000149011612,0.10000000149011612,0.10000000149011612,0.10000000149011612,0.10000000149011612,0.10000000149011612,0.10000000149011612,0.10000000149011612,0.10000000149011612,0.10000000149011612
12,CHL,Chile,2023,-1.9592610597610474,0.06538436561822891,5.5,1,0.8483307957649231,0.667232871055603,1.016435146331787,0.8613244891166687,0.10000000149011612,0.10000000149011612,0.10000000149011612,0.10000000149011612,0.10000000149011612,0.10000000149011612,0.10000000149011612,0.10000000149011612,0.10000000149011612,0.10000000149011612
13,CHN,China,2018,-8.663586616516113,0.266041100025177,5.5,1,-0.8438493609428406,-0.7442506551742554,-0.7500977516174316,-1.03719961643219,0.10000000149011612,0.10000000149011612,0.10000000149011612,0.10000000149011612,0.10000000149011612,0.10000000149011612,0.10000000149011612,0.10000000149011612,0.10000000149011612,0.10000000149011612
13,CHN,China,2019,-9.760994911193848,0.28390806913375854,5.5,1,-0.8438493609428406,-0.7442506551742554,-0.7500977516174316,-1.03719961643219,0.10000000149011612,0.10000000149011612,0.10000000149011612,0.10000000149011612,0.10000000149011612,0.10000000149011612,0.10000000149011612,0.10000000149011612,0.10000000149011612,0.10000000149011612
13,CHN,China,2020,-10.60916519165039,0.3052557706832886,5.5,1,-0.8438493609428406,-0.7442506551742554,-0.7500977516174316,-1.03719961643219,0.10000000149011612,0.10000000149011612,0.10000000149011612,0.10000000149011612,0.10000000149011612,0.10000000149011612,0.10000000149011612,0.10000000149011612,0.10000000149011612,0.10000000149011612
13,CHN,China,2021,-11.069491386413574,0.31654834747314453,5.5,1,-0.8438493609428406,-0.7442506551742554,-0.7500977516174316,-1.03719961643219,0.10000000149011612,0.10000000149011612,0.10000000149011612,0.10000000149011612,0.10000000149011612,0.10000000149011612,0.10000000149011612,0.10000000149011612,0.10000000149011612,0.10000000149011612
13,CHN,China,2022,-11.851537704467773,0.335182785987854,5.5,1,-0.8438493609428406,-0.7442506551742554,-0.7500977516174316,-1.03719961643219,0.10000000149011612,0.10000000149011612,0.10000000149011612,0.10000000149011612,0.10000000149011612,0.10000000149011612,0.10000000149011612,0.10000000149011612,0.10000000149011612,0.10000000149011612
13,CHN,China,2023,-12.087423324584961,0.3394808769226074,5.5,1,-0.8438493609428406,-0.7442506551742554,-0.7500977516174316,-1.03719961643219,0.10000000149011612,0.10000000149011612,0.10000000149011612,0.10000000149011612,0.10000000149011612,0.10000000149011612,0.10000000149011612,0.10000000149011612,0.10000000149011612,0.10000000149011612
14,COL,Colombia,2018,0.3820185363292694,-0.37001246213912964,5.5,1,-0.757061779499054,-0.7152259349822998,-0.5119652152061462,-1.0439940690994263,0.10000000149011612,0.10000000149011612,0.10000000149011612,0.10000000149011612,0.10000000149011612,0.10000000149011612,0.10000000149011612,0.10000000149011612,0.10000000149011612,0.10000000149011612
14,COL,Colombia,2019,2.6013519763946533,-0.42854052782058716,5.5,1,-0.757061779499054,-0.7152259349822998,-0.5119652152061462,-1.0439940690994263,0.10000000149011612,0.10000000149011612,0.10000000149011612,0.10000000149011612,0.10000000149011612,0.10000000149011612,0.10000000149011612,0.10000000149011612,0.10000000149011612,0.10000000149011612
14,COL,Colombia,2020,3.8599977493286133,-0.46544209122657776,5.5,1,-0.757061779499054,-0.7152259349822998,-0.5119652152061462,-1.0439940690994263,0.10000000149011612,0.10000000149011612,0.10000000149011612,0.10000000149011612,0.10000000149011612,0.10000000149011612,0.10000000149011612,0.10000000149011612,0.10000000149011612,0.10000000149011612
14,COL,Colombia,2021,0.7301899194717407,-0.4810137152671814,5.5,1,-0.757061779499054,-0.7152259349822998,-0.5119652152061462,-1.0439940690994263,0.10000000149011612,0.10000000149011612,0.10000000149011612,0.10000000149011612,0.10000000149011612,0.10000000149011612,0.10000000149011612,0.10000000149011612,0.10000000149011612,0.10000000149011612
14,COL,Colombia,2022,0.9924597144126892,-0.49967890977859497,5.5,1,-0.757061779499054,-0.7152259349822998,-0.5119652152061462,-1.0439940690994263,0.10000000149011612,0.10000000149011612,0.10000000149011612,0.10000000149011612,0.10000000149011612,0.10000000149011612,0.10000000149011612,0.10000000149011612,0.10000000149011612,0.10000000149011612
14,COL,Colombia,2023,3.7653815746307373,-0.5139273405075073,5.5,1,-0.757061779499054,-0.7152259349822998,-0.5119652152061462,-1.0439940690994263,0.10000000149011612,0.10000000149011612,0.10000000149011612,0.10000000149011612,0.10000000149011612,0.10000000149011612,0.10000000149011612,0.10000000149011612,0.10000000149011612,0.10000000149011612
15,CYP,Cyprus,2018,-11.052656173706055,0.34604376554489136,5.5,1,0.7725202441215515,0.8672822117805481,0.7250233292579651,0.725255012512207,0.10000000149011612,0.10000000149011612,0.10000000149011612,0.10000000149011612,0.10000000149011612,0.10000000149011612,0.10000000149011612,0.10000000149011612,0.10000000149011612,0.10000000149011612
15,CYP,Cyprus,2019,-11.571080207824707,0.34180909395217896,5.5,1,0.7725202441215515,0.8672822117805481,0.7250233292579651,0.725255012512207,0.10000000149011612,0.10000000149011612,0.10000000149011612,0.10000000149011612,0.10000000149011612,0.10000000149011612,0.10000000149011612,0.10000000149011612,0.10000000149011612,0.10000000149011612
15,CYP,Cyprus,2020,-14.400252342224121,0.34671175479888916,5.5,1,0.7725202441215515,0.8672822117805481,0.7250233292579651,0.725255012512207,0.10000000149011612,0.10000000149011612,0.10000000149011612,0.10000000149011612,0.10000000149011612,0.10000000149011612,0.10000000149011612,0.10000000149011612,0.10000000149011612,0.10000000149011612
15,CYP,Cyprus,2021,-17.67461395263672,0.3453670144081116,5.5,1,0.7725202441215515,0.8672822117805481,0.7250233292579651,0.725255012512207,0.10000000149011612,0.10000000149011612,0.10000000149011612,0.10000000149011612,0.10000000149011612,0.10000000149011612,0.10000000149011612,0.10000000149011612,0.10000000149011612,0.10000000149011612
15,CYP,Cyprus,2022,-19.47079086303711,0.33820658922195435,5.5,1,0.7725202441215515,0.8672822117805481,0.7250233292579651,0.725255012512207,0.10000000149011612,0.10000000149011612,0.10000000149011612,0.10000000149011612,0.10000000149011612,0.10000000149011612,0.10000000149011612,0.10000000149011612,0.10000000149011612,0.10000000149011612
15,CYP,Cyprus,2023,-23.38113784790039,0.33605247735977173,5.5,1,0.7725202441215515,0.8672822117805481,0.7250233292579651,0.725255012512207,0.10000000149011612,0.10000000149011612,0.10000000149011612,0.10000000149011612,0.10000000149011612,0.10000000149011612,0.10000000149011612,0.10000000149011612,0.10000000149011612,0.10000000149011612
16,CZE,Czechia,2018,-2.3009228706359863,0.28334611654281616,5.5,1,0.365255743265152,0.28039175271987915,0.4478796720504761,0.3674957752227783,0.10000000149011612,0.10000000149011612,0.10000000149011612,0.10000000149011612,0.10000000149011612,0.10000000149011612,0.10000000149011612,0.10000000149011612,0.10000000149011612,0.10000000149011612
16,CZE,Czechia,2019,-2.761939525604248,0.31279563903808594,5.5,1,0.365255743265152,0.28039175271987915,0.4478796720504761,0.3674957752227783,0.10000000149011612,0.10000000149011612,0.10000000149011612,0.10000000149011612,0.10000000149011612,0.10000000149011612,0.10000000149011612,0.10000000149011612,0.10000000149011612,0.10000000149011612
16,CZE,Czechia,2020,-3.448472261428833,0.32694268226623535,5.5,1,0.365255743265152,0.28039175271987915,0.4478796720504761,0.3674957752227783,0.10000000149011612,0.10000000149011612,0.10000000149011612,0.10000000149011612,0.10000000149011612,0.10000000149011612,0.10000000149011612,0.10000000149011612,0.10000000149011612,0.10000000149011612
16,CZE,Czechia,2021,-3.2644777297973633,0.33579665422439575,5.5,1,0.365255743265152,0.28039175271987915,0.4478796720504761,0.3674957752227783,0.10000000149011612,0.10000000149011612,0.10000000149011612,0.10000000149011612,0.10000000149011612,0.10000000149011612,0.10000000149011612,0.10000000149011612,0.10000000149011612,0.10000000149011612
16,CZE,Czechia,2022,-3.0018773078918457,0.3402966260910034,5.5,1,0.365255743265152,0.28039175271987915,0.4478796720504761,0.3674957752227783,0.10000000149011612,0.10000000149011612,0.10000000149011612,0.10000000149011612,0.10000000149011612,0.10000000149011612,0.10000000149011612,0.10000000149011612,0.10000000149011612,0.10000000149011612
16,CZE,Czechia,2023,-3.7278714179992676,0.3436080813407898,5.5,1,0.365255743265152,0.28039175271987915,0.4478796720504761,0.3674957752227783,0.10000000149011612,0.10000000149011612,0.10000000149011612,0.10000000149011612,0.10000000149011612,0.10000000149011612,0.10000000149011612,0.10000000149011612,0.10000000149011612,0.10000000149011612
17,DEU,Germany,2018,-4.408335208892822,0.294705867767334,5.5,1,1.162001371383667,1.2181392908096313,0.9860901236534119,1.2817747592926025,0.10000000149011612,0.10000000149011612,0.10000000149011612,0.10000000149011612,0.10000000149011612,0.10000000149011612,0.10000000149011612,0.10000000149011612,0.10000000149011612,0.10000000149011612
17,DEU,Germany,2019,-7.129828929901123,0.3037521243095398,5.5,1,1.162001371383667,1.2181392908096313,0.9860901236534119,1.2817747592926025,0.10000000149011612,0.10000000149011612,0.10000000149011612,0.10000000149011612,0.10000000149011612,0.10000000149011612,0.10000000149011612,0.10000000149011612,0.10000000149011612,0.10000000149011612
17,DEU,Germany,2020,-8.748512268066406,0.3131551146507263,5.5,1,1.162001371383667,1.2181392908096313,0.9860901236534119,1.2817747592926025,0.10000000149011612,0.10000000149011612,0.10000000149011612,0.10000000149011612,0.10000000149011612,0.10000000149011612,0.10000000149011612,0.10000000149011612,0.10000000149011612,0.10000000149011612
17,DEU,Germany,2021,-7.036392688751221,0.323421835899353,5.5,1,1.162001371383667,1.2181392908096313,0.9860901236534119,1.2817747592926025,0.10000000149011612,0.10000000149011612,0.10000000149011612,0.10000000149011612,0.10000000149011612,0.10000000149011612,0.10000000149011612,0.10000000149011612,0.10000000149011612,0.10000000149011612
17,DEU,Germany,2022,-5.935337066650391,0.33036142587661743,5.5,1,1.162001371383667,1.2181392908096313,0.9860901236534119,1.2817747592926025,0.10000000149011612,0.10000000149011612,0.10000000149011612,0.10000000149011612,0.10000000149011612,0.10000000149011612,0.10000000149011612,0.10000000149011612,0.10000000149011612,0.10000000149011612
17,DEU,Germany,2023,-8.335287094116211,0.3349144458770752,5.5,1,1.162001371383667,1.2181392908096313,0.9860901236534119,1.2817747592926025,0.10000000149011612,0.10000000149011612,0.10000000149011612,0.10000000149011612,0.10000000149011612,0.10000000149011612,0.10000000149011612,0.10000000149011612,0.10000000149011612,0.10000000149011612
18,DNK,Denmark,2018,-4.1028218269348145,0.3029336929321289,5.5,1,1.5067936182022095,1.5459808111190796,1.4523217678070068,1.522078514099121,0.10000000149011612,0.10000000149011612,0.10000000149011612,0.10000000149011612,0.10000000149011612,0.10000000149011612,0.10000000149011612,0.10000000149011612,0.10000000149011612,0.10000000149011612
18,DNK,Denmark,2019,-5.251770973205566,0.3108863830566406,5.5,1,1.5067936182022095,1.5459808111190796,1.4523217678070068,1.522078514099121,0.10000000149011612,0.10000000149011612,0.10000000149011612,0.10000000149011612,0.10000000149011612,0.10000000149011612,0.10000000149011612,0.10000000149011612,0.10000000149011612,0.10000000149011612
18,DNK,Denmark,2020,-5.442167282104492,0.32269954681396484,5.5,1,1.5067936182022095,1.5459808111190796,1.4523217678070068,1.522078514099121,0.10000000149011612,0.10000000149011612,0.10000000149011612,0.10000000149011612,0.10000000149011612,0.10000000149011612,0.10000000149011612,0.10000000149011612,0.10000000149011612,0.10000000149011612
18,DNK,Denmark,2021,-5.020071029663086,0.3315509557723999,5.5,1,1.5067936182022095,1.5459808111190796,1.4523217678070068,1.522078514099121,0.10000000149011612,0.10000000149011612,0.10000000149011612,0.10000000149011612,0.10000000149011612,0.10000000149011612,0.10000000149011612,0.10000000149011612,0.10000000149011612,0.10000000149011612
18,DNK,Denmark,2022,-5.26057767868042,0.3356863856315613,5.5,1,1.5067936182022095,1.5459808111190796,1.4523217678070068,1.522078514099121,0.10000000149011612,0.10000000149011612,0.10000000149011612,0.10000000149011612,0.10000000149011612,0.10000000149011612,0.10000000149011612,0.10000000149011612,0.10000000149011612,0.10000000149011612
18,DNK,Denmark,2023,-5.907427787780762,0.3384532332420349,5.5,1,1.5067936182022095,1.5459808111190796,1.4523217678070068,1.522078514099121,0.10000000149011612,0.10000000149011612,0.10000000149011612,0.10000000149011612,0.10000000149011612,0.10000000149011612,0.10000000149011612,0.10000000149011612,0.10000000149011612,0.10000000149011612
19,DZA,Algeria,2018,-1.3783005475997925,-0.15370386838912964,6.95518159866333,8,-1.204992651939392,-1.152233362197876,-1.2305991649627686,-1.2321451902389526,0.0,0.0,0.0,0.0,0.15470759570598602,0.20689444243907928,0.26482903957366943,0.27564647793769836,0.0979224443435669,0.0
19,DZA,Algeria,2019,-1.3506704568862915,-0.13547173142433167,6.95518159866333,8,-1.204992651939392,-1.152233362197876,-1.2305991649627686,-1.2321451902389526,0.0,0.0,0.0,0.0,0.15470759570598602,0.20689444243907928,0.26482903957366943,0.27564647793769836,0.0979224443435669,0.0
19,DZA,Algeria,2020,-1.4138250350952148,-0.1295989453792572,6.95518159866333,8,-1.204992651939392,-1.152233362197876,-1.2305991649627686,-1.2321451902389526,0.0,0.0,0.0,0.0,0.15470759570598602,0.20689444243907928,0.26482903957366943,0.27564647793769836,0.0979224443435669,0.0
19,DZA,Algeria,2021,-1.0506858825683594,-0.05758889764547348,6.95518159866333,8,-1.204992651939392,-1.152233362197876,-1.2305991649627686,-1.2321451902389526,0.0,0.0,0.0,0.0,0.15470759570598602,0.20689444243907928,0.26482903957366943,0.27564647793769836,0.0979224443435669,0.0
19,DZA,Algeria,2022,-1.0033199787139893,-0.05577050894498825,6.95518159866333,8,-1.204992651939392,-1.152233362197876,-1.2305991649627686,-1.2321451902389526,0.0,0.0,0.0,0.0,0.15470759570598602,0.20689444243907928,0.26482903957366943,0.27564647793769836,0.0979224443435669,0.0
19,DZA,Algeria,2023,-1.0033199787139893,-0.05140920728445053,6.95518159866333,8,-1.204992651939392,-1.152233362197876,-1.2305991649627686,-1.2321451902389526,0.0,0.0,0.0,0.0,0.15470759570598602,0.20689444243907928,0.26482903957366943,0.27564647793769836,0.0979224443435669,0.0
20,ECU,Ecuador,2018,-1.1428673267364502,0.008123151957988739,9.0,9,-1.2054944038391113,-1.1715943813323975,-1.2544611692428589,-1.1904276609420776,0.0,0.0,0.0,0.0,0.0,0.0,0.0,0.0,1.0,0.0
20,ECU,Ecuador,2019,-1.7627936601638794,-0.025981761515140533,9.0,9,-1.2054944038391113,-1.1715943813323975,-1.2544611692428589,-1.1904276609420776,0.0,0.0,0.0,0.0,0.0,0.0,0.0,0.0,1.0,0.0
20,ECU,Ecuador,2020,-1.9658561944961548,-0.0023484155535697937,9.0,9,-1.2054944038391113,-1.1715943813323975,-1.2544611692428589,-1.1904276609420776,0.0,0.0,0.0,0.0,0.0,0.0,0.0,0.0,1.0,0.0
20,ECU,Ecuador,2021,-2.1342613697052,0.0709955170750618,9.0,9,-1.2054944038391113,-1.1715943813323975,-1.2544611692428589,-1.1904276609420776,0.0,0.0,0.0,0.0,0.0,0.0,0.0,0.0,1.0,0.0
20,ECU,Ecuador,2022,-1.612612009048462,0.11997748166322708,9.0,9,-1.2054944038391113,-1.1715943813323975,-1.2544611692428589,-1.1904276609420776,0.0,0.0,0.0,0.0,0.0,0.0,0.0,0.0,1.0,0.0
20,ECU,Ecuador,2023,-1.6925028562545776,0.165069580078125,9.0,9,-1.2054944038391113,-1.1715943813323975,-1.2544611692428589,-1.1904276609420776,0.0,0.0,0.0,0.0,0.0,0.0,0.0,0.0,1.0,0.0
21,EGY,Egypt,2018,1.8549280166625977,-0.48774516582489014,5.5,1,-0.7224758267402649,-0.816137969493866,-0.7838069200515747,-0.5674826502799988,0.10000000149011612,0.10000000149011612,0.10000000149011612,0.10000000149011612,0.10000000149011612,0.10000000149011612,0.10000000149011612,0.10000000149011612,0.10000000149011612,0.10000000149011612
21,EGY,Egypt,2019,1.397194504737854,-0.5134219527244568,5.5,1,-0.7224758267402649,-0.816137969493866,-0.7838069200515747,-0.5674826502799988,0.10000000149011612,0.10000000149011612,0.10000000149011612,0.10000000149011612,0.10000000149011612,0.10000000149011612,0.10000000149011612,0.10000000149011612,0.10000000149011612,0.10000000149011612
21,EGY,Egypt,2020,0.7784237861633301,-0.5298564434051514,5.5,1,-0.7224758267402649,-0.816137969493866,-0.7838069200515747,-0.5674826502799988,0.10000000149011612,0.10000000149011612,0.10000000149011612,0.10000000149011612,0.10000000149011612,0.10000000149011612,0.10000000149011612,0.10000000149011612,0.10000000149011612,0.10000000149011612
21,EGY,Egypt,2021,0.7313584089279175,-0.5200793743133545,5.5,1,-0.7224758267402649,-0.816137969493866,-0.7838069200515747,-0.5674826502799988,0.10000000149011612,0.10000000149011612,0.10000000149011612,0.10000000149011612,0.10000000149011612,0.10000000149011612,0.10000000149011612,0.10000000149011612,0.10000000149011612,0.10000000149011612
21,EGY,Egypt,2022,0.8227205872535706,-0.5008243322372437,5.5,1,-0.7224758267402649,-0.816137969493866,-0.7838069200515747,-0.5674826502799988,0.10000000149011612,0.10000000149011612,0.10000000149011612,0.10000000149011612,0.10000000149011612,0.10000000149011612,0.10000000149011612,0.10000000149011612,0.10000000149011612,0.10000000149011612
21,EGY,Egypt,2023,0.880398690700531,-0.4753653407096863,5.5,1,-0.7224758267402649,-0.816137969493866,-0.7838069200515747,-0.5674826502799988,0.10000000149011612,0.10000000149011612,0.10000000149011612,0.10000000149011612,0.10000000149011612,0.10000000149011612,0.10000000149011612,0.10000000149011612,0.10000000149011612,0.10000000149011612
22,ESP,Spain,2018,-2.3918983936309814,0.2776385247707367,5.5,1,0.789492130279541,0.8293587565422058,0.796362042427063,0.7427557706832886,0.10000000149011612,0.10000000149011612,0.10000000149011612,0.10000000149011612,0.10000000149011612,0.10000000149011612,0.10000000149011612,0.10000000149011612,0.10000000149011612,0.10000000149011612
22,ESP,Spain,2019,-3.220625877380371,0.30484241247177124,5.5,1,0.789492130279541,0.8293587565422058,0.796362042427063,0.7427557706832886,0.10000000149011612,0.10000000149011612,0.10000000149011612,0.10000000149011612,0.10000000149011612,0.10000000149011612,0.10000000149011612,0.10000000149011612,0.10000000149011612,0.10000000149011612
22,ESP,Spain,2020,-4.112740993499756,0.31364426016807556,5.5,1,0.789492130279541,0.8293587565422058,0.796362042427063,0.7427557706832886,0.10000000149011612,0.10000000149011612,0.10000000149011612,0.10000000149011612,0.10000000149011612,0.10000000149011612,0.10000000149011612,0.10000000149011612,0.10000000149011612,0.10000000149011612
22,ESP,Spain,2021,-4.21701192855835,0.3166579604148865,5.5,1,0.789492130279541,0.8293587565422058,0.796362042427063,0.7427557706832886,0.10000000149011612,0.10000000149011612,0.10000000149011612,0.10000000149011612,0.10000000149011612,0.10000000149011612,0.10000000149011612,0.10000000149011612,0.10000000149011612,0.10000000149011612
22,ESP,Spain,2022,-3.774611234664917,0.321776807308197,5.5,1,0.789492130279541,0.8293587565422058,0.796362042427063,0.7427557706832886,0.10000000149011612,0.10000000149011612,0.10000000149011612,0.10000000149011612,0.10000000149011612,0.10000000149011612,0.10000000149011612,0.10000000149011612,0.10000000149011612,0.10000000149011612
22,ESP,Spain,2023,-4.671977519989014,0.32611846923828125,5.5,1,0.789492130279541,0.8293587565422058,0.796362042427063,0.7427557706832886,0.10000000149011612,0.10000000149011612,0.10000000149011612,0.10000000149011612,0.10000000149011612,0.10000000149011612,0.10000000149011612,0.10000000149011612,0.10000000149011612,0.10000000149011612
23,EST,Estonia,2018,-4.833373069763184,0.3024170398712158,5.5,1,0.5303884744644165,0.3051801919937134,0.8016892075538635,0.48429596424102783,0.10000000149011612,0.10000000149011612,0.10000000149011612,0.10000000149011612,0.10000000149011612,0.10000000149011612,0.10000000149011612,0.10000000149011612,0.10000000149011612,0.10000000149011612
23,EST,Estonia,2019,-9.96490478515625,0.3208104968070984,5.5,1,0.5303884744644165,0.3051801919937134,0.8016892075538635,0.48429596424102783,0.10000000149011612,0.10000000149011612,0.10000000149011612,0.10000000149011612,0.10000000149011612,0.10000000149011612,0.10000000149011612,0.10000000149011612,0.10000000149011612,0.10000000149011612
23,EST,Estonia,2020,-18.38939094543457,0.32641881704330444,5.5,1,0.5303884744644165,0.3051801919937134,0.8016892075538635,0.48429596424102783,0.10000000149011612,0.10000000149011612,0.10000000149011612,0.10000000149011612,0.10000000149011612,0.10000000149011612,0.10000000149011612,0.10000000149011612,0.10000000149011612,0.10000000149011612
23,EST,Estonia,2021,-14.705828666687012,0.32193630933761597,5.5,1,0.5303884744644165,0.3051801919937134,0.8016892075538635,0.48429596424102783,0.10000000149011612,0.10000000149011612,0.10000000149011612,0.10000000149011612,0.10000000149011612,0.10000000149011612,0.10000000149011612,0.10000000149011612,0.10000000149011612,0.10000000149011612
23,EST,Estonia,2022,-11.738649368286133,0.3232581615447998,5.5,1,0.5303884744644165,0.3051801919937134,0.8016892075538635,0.48429596424102783,0.10000000149011612,0.10000000149011612,0.10000000149011612,0.10000000149011612,0.10000000149011612,0.10000000149011612,0.10000000149011612,0.10000000149011612,0.10000000149011612,0.10000000149011612
23,EST,Estonia,2023,-19.71649742126465,0.32563316822052,5.5,1,0.5303884744644165,0.3051801919937134,0.8016892075538635,0.48429596424102783,0.10000000149011612,0.10000000149011612,0.10000000149011612,0.10000000149011612,0.10000000149011612,0.10000000149011612,0.10000000149011612,0.10000000149011612,0.10000000149011612,0.10000000149011612
24,FIN,Finland,2018,-2.4947378635406494,0.28101402521133423,5.5,1,1.5118976831436157,1.5876092910766602,1.3751853704452515,1.572898507118225,0.10000000149011612,0.10000000149011612,0.10000000149011612,0.10000000149011612,0.10000000149011612,0.10000000149011612,0.10000000149011612,0.10000000149011612,0.10000000149011612,0.10000000149011612
24,FIN,Finland,2019,-3.0343379974365234,0.2674698829650879,5.5,1,1.5118976831436157,1.5876092910766602,1.3751853704452515,1.572898507118225,0.10000000149011612,0.10000000149011612,0.10000000149011612,0.10000000149011612,0.10000000149011612,0.10000000149011612,0.10000000149011612,0.10000000149011612,0.10000000149011612,0.10000000149011612
24,FIN,Finland,2020,-4.05517578125,0.2940235137939453,5.5,1,1.5118976831436157,1.5876092910766602,1.3751853704452515,1.572898507118225,0.10000000149011612,0.10000000149011612,0.10000000149011612,0.10000000149011612,0.10000000149011612,0.10000000149011612,0.10000000149011612,0.10000000149011612,0.10000000149011612,0.10000000149011612
24,FIN,Finland,2021,-3.9226253032684326,0.316048800945282,5.5,1,1.5118976831436157,1.5876092910766602,1.3751853704452515,1.572898507118225,0.10000000149011612,0.10000000149011612,0.10000000149011612,0.10000000149011612,0.10000000149011612,0.10000000149011612,0.10000000149011612,0.10000000149011612,0.10000000149011612,0.10000000149011612
24,FIN,Finland,2022,-4.062594890594482,0.32776880264282227,5.5,1,1.5118976831436157,1.5876092910766602,1.3751853704452515,1.572898507118225,0.10000000149011612,0.10000000149011612,0.10000000149011612,0.10000000149011612,0.10000000149011612,0.10000000149011612,0.10000000149011612,0.10000000149011612,0.10000000149011612,0.10000000149011612
24,FIN,Finland,2023,-5.2590131759643555,0.32962411642074585,5.5,1,1.5118976831436157,1.5876092910766602,1.3751853704452515,1.572898507118225,0.10000000149011612,0.10000000149011612,0.10000000149011612,0.10000000149011612,0.10000000149011612,0.10000000149011612,0.10000000149011612,0.10000000149011612,0.10000000149011612,0.10000000149011612
25,FRA,France,2018,-2.937512159347534,0.28375357389450073,5.5,1,0.8883405327796936,1.0859564542770386,0.6707704067230225,0.9082947969436646,0.10000000149011612,0.10000000149011612,0.10000000149011612,0.10000000149011612,0.10000000149011612,0.10000000149011612,0.10000000149011612,0.10000000149011612,0.10000000149011612,0.10000000149011612
25,FRA,France,2019,-2.957599639892578,0.28998249769210815,5.5,1,0.8883405327796936,1.0859564542770386,0.6707704067230225,0.9082947969436646,0.10000000149011612,0.10000000149011612,0.10000000149011612,0.10000000149011612,0.10000000149011612,0.10000000149011612,0.10000000149011612,0.10000000149011612,0.10000000149011612,0.10000000149011612
25,FRA,France,2020,-3.0673086643218994,0.3012300729751587,5.5,1,0.8883405327796936,1.0859564542770386,0.6707704067230225,0.9082947969436646,0.10000000149011612,0.10000000149011612,0.10000000149011612,0.10000000149011612,0.10000000149011612,0.10000000149011612,0.10000000149011612,0.10000000149011612,0.10000000149011612,0.10000000149011612
25,FRA,France,2021,-2.956054449081421,0.3035619854927063,5.5,1,0.8883405327796936,1.0859564542770386,0.6707704067230225,0.9082947969436646,0.10000000149011612,0.10000000149011612,0.10000000149011612,0.10000000149011612,0.10000000149011612,0.10000000149011612,0.10000000149011612,0.10000000149011612,0.10000000149011612,0.10000000149011612
25,FRA,France,2022,-0.05572359263896942,0.3333280086517334,5.5,1,0.8883405327796936,1.0859564542770386,0.6707704067230225,0.9082947969436646,0.10000000149011612,0.10000000149011612,0.10000000149011612,0.10000000149011612,0.10000000149011612,0.10000000149011612,0.10000000149011612,0.10000000149011612,0.10000000149011612,0.10000000149011612
25,FRA,France,2023,-3.9094398021698,0.3379102945327759,5.5,1,0.8883405327796936,1.0859564542770386,0.6707704067230225,0.9082947969436646,0.10000000149011612,0.10000000149011612,0.10000000149011612,0.10000000149011612,0.10000000149011612,0.10000000149011612,0.10000000149011612,0.10000000149011612,0.10000000149011612,0.10000000149011612
26,GBR,United Kingdom,2018,-11.656635284423828,0.2746514081954956,5.5,1,1.2583589553833008,1.1897099018096924,1.3614327907562256,1.2239340543746948,0.10000000149011612,0.10000000149011612,0.10000000149011612,0.10000000149011612,0.10000000149011612,0.10000000149011612,0.10000000149011612,0.10000000149011612,0.10000000149011612,0.10000000149011612
26,GBR,United Kingdom,2019,-12.48721694946289,0.2816447615623474,5.5,1,1.2583589553833008,1.1897099018096924,1.3614327907562256,1.2239340543746948,0.10000000149011612,0.10000000149011612,0.10000000149011612,0.10000000149011612,0.10000000149011612,0.10000000149011612,0.10000000149011612,0.10000000149011612,0.10000000149011612,0.10000000149011612
26,GBR,United Kingdom,2020,-13.733572006225586,0.2941587567329407,5.5,1,1.2583589553833008,1.1897099018096924,1.3614327907562256,1.2239340543746948,0.10000000149011612,0.10000000149011612,0.10000000149011612,0.10000000149011612,0.10000000149011612,0.10000000149011612,0.10000000149011612,0.10000000149011612,0.10000000149011612,0.10000000149011612
26,GBR,United Kingdom,2021,-12.55033016204834,0.3077015280723572,5.5,1,1.2583589553833008,1.1897099018096924,1.3614327907562256,1.2239340543746948,0.10000000149011612,0.10000000149011612,0.10000000149011612,0.10000000149011612,0.10000000149011612,0.10000000149011612,0.10000000149011612,0.10000000149011612,0.10000000149011612,0.10000000149011612
26,GBR,United Kingdom,2022,-13.13424301147461,0.32427453994750977,5.5,1,1.2583589553833008,1.1897099018096924,1.3614327907562256,1.2239340543746948,0.10000000149011612,0.10000000149011612,0.10000000149011612,0.10000000149011612,0.10000000149011612,0.10000000149011612,0.10000000149011612,0.10000000149011612,0.10000000149011612,0.10000000149011612
26,GBR,United Kingdom,2023,-14.066479682922363,0.3364337682723999,5.5,1,1.2583589553833008,1.1897099018096924,1.3614327907562256,1.2239340543746948,0.10000000149011612,0.10000000149011612,0.10000000149011612,0.10000000149011612,0.10000000149011612,0.10000000149011612,0.10000000149011612,0.10000000149011612,0.10000000149011612,0.10000000149011612
27,GRC,Greece,2018,-5.507160186767578,0.2553771138191223,5.5,1,0.21050052344799042,0.004785913974046707,0.24354657530784607,0.3831690847873688,0.10000000149011612,0.10000000149011612,0.10000000149011612,0.10000000149011612,0.10000000149011612,0.10000000149011612,0.10000000149011612,0.10000000149011612,0.10000000149011612,0.10000000149011612
27,GRC,Greece,2019,-6.582149982452393,0.2987915277481079,5.5,1,0.21050052344799042,0.004785913974046707,0.24354657530784607,0.3831690847873688,0.10000000149011612,0.10000000149011612,0.10000000149011612,0.10000000149011612,0.10000000149011612,0.10000000149011612,0.10000000149011612,0.10000000149011612,0.10000000149011612,0.10000000149011612
27,GRC,Greece,2020,-8.231910705566406,0.3155285120010376,5.5,1,0.21050052344799042,0.004785913974046707,0.24354657530784607,0.3831690847873688,0.10000000149011612,0.10000000149011612,0.10000000149011612,0.10000000149011612,0.10000000149011612,0.10000000149011612,0.10000000149011612,0.10000000149011612,0.10000000149011612,0.10000000149011612
27,GRC,Greece,2021,-9.12386703491211,0.31882256269454956,5.5,1,0.21050052344799042,0.004785913974046707,0.24354657530784607,0.3831690847873688,0.10000000149011612,0.10000000149011612,0.10000000149011612,0.10000000149011612,0.10000000149011612,0.10000000149011612,0.10000000149011612,0.10000000149011612,0.10000000149011612,0.10000000149011612
27,GRC,Greece,2022,-9.264490127563477,0.3323974013328552,5.5,1,0.21050052344799042,0.004785913974046707,0.24354657530784607,0.3831690847873688,0.10000000149011612,0.10000000149011612,0.10000000149011612,0.10000000149011612,0.10000000149011612,0.10000000149011612,0.10000000149011612,0.10000000149011612,0.10000000149011612,0.10000000149011612
27,GRC,Greece,2023,-10.155776977539062,0.33873939514160156,5.5,1,0.21050052344799042,0.004785913974046707,0.24354657530784607,0.3831690847873688,0.10000000149011612,0.10000000149011612,0.10000000149011612,0.10000000149011612,0.10000000149011612,0.10000000149011612,0.10000000149011612,0.10000000149011612,0.10000000149011612,0.10000000149011612
28,HKG,Hong Kong,2018,-1.1459519863128662,0.269006609916687,5.5,1,1.1223636865615845,1.0890463590621948,1.3811711072921753,0.8968734741210938,0.10000000149011612,0.10000000149011612,0.10000000149011612,0.10000000149011612,0.10000000149011612,0.10000000149011612,0.10000000149011612,0.10000000149011612,0.10000000149011612,0.10000000149011612
28,HKG,Hong Kong,2019,-1.7272493839263916,0.28728336095809937,5.5,1,1.1223636865615845,1.0890463590621948,1.3811711072921753,0.8968734741210938,0.10000000149011612,0.10000000149011612,0.10000000149011612,0.10000000149011612,0.10000000149011612,0.10000000149011612,0.10000000149011612,0.10000000149011612,0.10000000149011612,0.10000000149011612
28,HKG,Hong Kong,2020,-5.682636260986328,0.31730496883392334,5.5,1,1.1223636865615845,1.0890463590621948,1.3811711072921753,0.8968734741210938,0.10000000149011612,0.10000000149011612,0.10000000149011612,0.10000000149011612,0.10000000149011612,0.10000000149011612,0.10000000149011612,0.10000000149011612,0.10000000149011612,0.10000000149011612
28,HKG,Hong Kong,2021,-5.362922668457031,0.31201303005218506,5.5,1,1.1223636865615845,1.0890463590621948,1.3811711072921753,0.8968734741210938,0.10000000149011612,0.10000000149011612,0.10000000149011612,0.10000000149011612,0.10000000149011612,0.10000000149011612,0.10000000149011612,0.10000000149011612,0.10000000149011612,0.10000000149011612
28,HKG,Hong Kong,2022,-5.762137413024902,0.2798415422439575,5.5,1,1.1223636865615845,1.0890463590621948,1.3811711072921753,0.8968734741210938,0.10000000149011612,0.10000000149011612,0.10000000149011612,0.10000000149011612,0.10000000149011612,0.10000000149011612,0.10000000149011612,0.10000000149011612,0.10000000149011612,0.10000000149011612
28,HKG,Hong Kong,2023,-5.774105072021484,0.25655919313430786,5.5,1,1.1223636865615845,1.0890463590621948,1.3811711072921753,0.8968734741210938,0.10000000149011612,0.10000000149011612,0.10000000149011612,0.10000000149011612,0.10000000149011612,0.10000000149011612,0.10000000149011612,0.10000000149011612,0.10000000149011612,0.10000000149011612
29,HRV,Croatia,2018,-2.1691575050354004,0.08333493024110794,5.5,1,-0.3481642007827759,-0.2588765323162079,-0.3555670380592346,-0.4300490617752075,0.10000000149011612,0.10000000149011612,0.10000000149011612,0.10000000149011612,0.10000000149011612,0.10000000149011612,0.10000000149011612,0.10000000149011612,0.10000000149011612,0.10000000149011612
29,HRV,Croatia,2019,-1.4451857805252075,0.1564725935459137,5.5,1,-0.3481642007827759,-0.2588765323162079,-0.3555670380592346,-0.4300490617752075,0.10000000149011612,0.10000000149011612,0.10000000149011612,0.10000000149011612,0.10000000149011612,0.10000000149011612,0.10000000149011612,0.10000000149011612,0.10000000149011612,0.10000000149011612
29,HRV,Croatia,2020,-1.7230193614959717,0.1803436279296875,5.5,1,-0.3481642007827759,-0.2588765323162079,-0.3555670380592346,-0.4300490617752075,0.10000000149011612,0.10000000149011612,0.10000000149011612,0.10000000149011612,0.10000000149011612,0.10000000149011612,0.10000000149011612,0.10000000149011612,0.10000000149011612,0.10000000149011612
29,HRV,Croatia,2021,-2.0073060989379883,0.17697268724441528,5.5,1,-0.3481642007827759,-0.2588765323162079,-0.3555670380592346,-0.4300490617752075,0.10000000149011612,0.10000000149011612,0.10000000149011612,0.10000000149011612,0.10000000149011612,0.10000000149011612,0.10000000149011612,0.10000000149011612,0.10000000149011612,0.10000000149011612
29,HRV,Croatia,2022,-1.4104783535003662,0.2365330457687378,5.5,1,-0.3481642007827759,-0.2588765323162079,-0.3555670380592346,-0.4300490617752075,0.10000000149011612,0.10000000149011612,0.10000000149011612,0.10000000149011612,0.10000000149011612,0.10000000149011612,0.10000000149011612,0.10000000149011612,0.10000000149011612,0.10000000149011612
29,HRV,Croatia,2023,-2.236304998397827,0.28134968876838684,5.5,1,-0.3481642007827759,-0.2588765323162079,-0.3555670380592346,-0.4300490617752075,0.10000000149011612,0.10000000149011612,0.10000000149011612,0.10000000149011612,0.10000000149011612,0.10000000149011612,0.10000000149011612,0.10000000149011612,0.10000000149011612,0.10000000149011612
30,HUN,Hungary,2018,-2.826733112335205,0.30591654777526855,5.5,1,0.43036317825317383,0.30845627188682556,0.5491956472396851,0.4334375858306885,0.10000000149011612,0.10000000149011612,0.10000000149011612,0.10000000149011612,0.10000000149011612,0.10000000149011612,0.10000000149011612,0.10000000149011612,0.10000000149011612,0.10000000149011612
30,HUN,Hungary,2019,-3.2313930988311768,0.3051103353500366,5.5,1,0.43036317825317383,0.30845627188682556,0.5491956472396851,0.4334375858306885,0.10000000149011612,0.10000000149011612,0.10000000149011612,0.10000000149011612,0.10000000149011612,0.10000000149011612,0.10000000149011612,0.10000000149011612,0.10000000149011612,0.10000000149011612
30,HUN,Hungary,2020,-3.419083595275879,0.3040536642074585,5.5,1,0.43036317825317383,0.30845627188682556,0.5491956472396851,0.4334375858306885,0.10000000149011612,0.10000000149011612,0.10000000149011612,0.10000000149011612,0.10000000149011612,0.10000000149011612,0.10000000149011612,0.10000000149011612,0.10000000149011612,0.10000000149011612
30,HUN,Hungary,2021,-3.8331387042999268,0.3058895468711853,5.5,1,0.43036317825317383,0.30845627188682556,0.5491956472396851,0.4334375858306885,0.10000000149011612,0.10000000149011612,0.10000000149011612,0.10000000149011612,0.10000000149011612,0.10000000149011612,0.10000000149011612,0.10000000149011612,0.10000000149011612,0.10000000149011612
30,HUN,Hungary,2022,-4.042897701263428,0.3110801875591278,5.5,1,0.43036317825317383,0.30845627188682556,0.5491956472396851,0.4334375858306885,0.10000000149011612,0.10000000149011612,0.10000000149011612,0.10000000149011612,0.10000000149011612,0.10000000149011612,0.10000000149011612,0.10000000149011612,0.10000000149011612,0.10000000149011612
30,HUN,Hungary,2023,-4.756733417510986,0.31607627868652344,5.5,1,0.43036317825317383,0.30845627188682556,0.5491956472396851,0.4334375858306885,0.10000000149011612,0.10000000149011612,0.10000000149011612,0.10000000149011612,0.10000000149011612,0.10000000149011612,0.10000000149011612,0.10000000149011612,0.10000000149011612,0.10000000149011612
31,IDN,Indonesia,2018,2.64410662651062,0.1635696291923523,5.3694233894348145,5,-0.9561768174171448,-0.9402090311050415,-0.8002218008041382,-1.1280996799468994,0.05251629650592804,0.0772349163889885,0.10581768304109573,0.13889892399311066,0.15945270657539368,0.14434008300304413,0.11047671735286713,0.09268958121538162,0.0745001807808876,0.04407288879156113
31,IDN,Indonesia,2019,3.317753314971924,0.17745178937911987,5.3694233894348145,5,-0.9561768174171448,-0.9402090311050415,-0.8002218008041382,-1.1280996799468994,0.05251629650592804,0.0772349163889885,0.10581768304109573,0.13889892399311066,0.15945270657539368,0.14434008300304413,0.11047671735286713,0.09268958121538162,0.0745001807808876,0.04407288879156113
31,IDN,Indonesia,2020,2.719416856765747,0.185854971408844,5.3694233894348145,5,-0.9561768174171448,-0.9402090311050415,-0.8002218008041382,-1.1280996799468994,0.05251629650592804,0.0772349163889885,0.10581768304109573,0.13889892399311066,0.15945270657539368,0.14434008300304413,0.11047671735286713,0.09268958121538162,0.0745001807808876,0.04407288879156113
31,IDN,Indonesia,2021,2.6682887077331543,0.1417136788368225,5.3694233894348145,5,-0.9561768174171448,-0.9402090311050415,-0.8002218008041382,-1.1280996799468994,0.05251629650592804,0.0772349163889885,0.10581768304109573,0.13889892399311066,0.15945270657539368,0.14434008300304413,0.11047671735286713,0.09268958121538162,0.0745001807808876,0.04407288879156113
31,IDN,Indonesia,2022,2.0740978717803955,0.18959420919418335,5.3694233894348145,5,-0.9561768174171448,-0.9402090311050415,-0.8002218008041382,-1.1280996799468994,0.05251629650592804,0.0772349163889885,0.10581768304109573,0.13889892399311066,0.15945270657539368,0.14434008300304413,0.11047671735286713,0.09268958121538162,0.0745001807808876,0.04407288879156113
31,IDN,Indonesia,2023,2.4188666343688965,0.2552531361579895,5.3694233894348145,5,-0.9561768174171448,-0.9402090311050415,-0.8002218008041382,-1.1280996799468994,0.05251629650592804,0.0772349163889885,0.10581768304109573,0.13889892399311066,0.15945270657539368,0.14434008300304413,0.11047671735286713,0.09268958121538162,0.0745001807808876,0.04407288879156113
32,IND,India,2018,0.023883648216724396,-0.07472511380910873,5.5,1,-0.5800058245658875,-0.6757107377052307,-0.8220545053482056,-0.24225223064422607,0.10000000149011612,0.10000000149011612,0.10000000149011612,0.10000000149011612,0.10000000149011612,0.10000000149011612,0.10000000149011612,0.10000000149011612,0.10000000149011612,0.10000000149011612
32,IND,India,2019,-1.7109887599945068,-0.05953117460012436,5.5,1,-0.5800058245658875,-0.6757107377052307,-0.8220545053482056,-0.24225223064422607,0.10000000149011612,0.10000000149011612,0.10000000149011612,0.10000000149011612,0.10000000149011612,0.10000000149011612,0.10000000149011612,0.10000000149011612,0.10000000149011612,0.10000000149011612
32,IND,India,2020,-2.832286834716797,0.010318644344806671,5.5,1,-0.5800058245658875,-0.6757107377052307,-0.8220545053482056,-0.24225223064422607,0.10000000149011612,0.10000000149011612,0.10000000149011612,0.10000000149011612,0.10000000149011612,0.10000000149011612,0.10000000149011612,0.10000000149011612,0.10000000149011612,0.10000000149011612
32,IND,India,2021,-2.1478464603424072,0.07637358456850052,5.5,1,-0.5800058245658875,-0.6757107377052307,-0.8220545053482056,-0.24225223064422607,0.10000000149011612,0.10000000149011612,0.10000000149011612,0.10000000149011612,0.10000000149011612,0.10000000149011612,0.10000000149011612,0.10000000149011612,0.10000000149011612,0.10000000149011612
32,IND,India,2022,-2.8932855129241943,0.0892423763871193,5.5,1,-0.5800058245658875,-0.6757107377052307,-0.8220545053482056,-0.24225223064422607,0.10000000149011612,0.10000000149011612,0.10000000149011612,0.10000000149011612,0.10000000149011612,0.10000000149011612,0.10000000149011612,0.10000000149011612,0.10000000149011612,0.10000000149011612
32,IND,India,2023,-2.182831048965454,0.15012824535369873,5.5,1,-0.5800058245658875,-0.6757107377052307,-0.8220545053482056,-0.24225223064422607,0.10000000149011612,0.10000000149011612,0.10000000149011612,0.10000000149011612,0.10000000149011612,0.10000000149011612,0.10000000149011612,0.10000000149011612,0.10000000149011612,0.10000000149011612
33,IRL,Ireland,2018,-3.2219769954681396,0.3087422251701355,5.5,1,1.125100016593933,0.9071259498596191,1.2676217555999756,1.2005521059036255,0.10000000149011612,0.10000000149011612,0.10000000149011612,0.10000000149011612,0.10000000149011612,0.10000000149011612,0.10000000149011612,0.10000000149011612,0.10000000149011612,0.10000000149011612
33,IRL,Ireland,2019,-3.9652493000030518,0.31297802925109863,5.5,1,1.125100016593933,0.9071259498596191,1.2676217555999756,1.2005521059036255,0.10000000149011612,0.10000000149011612,0.10000000149011612,0.10000000149011612,0.10000000149011612,0.10000000149011612,0.10000000149011612,0.10000000149011612,0.10000000149011612,0.10000000149011612
33,IRL,Ireland,2020,-4.2647223472595215,0.3156624436378479,5.5,1,1.125100016593933,0.9071259498596191,1.2676217555999756,1.2005521059036255,0.10000000149011612,0.10000000149011612,0.10000000149011612,0.10000000149011612,0.10000000149011612,0.10000000149011612,0.10000000149011612,0.10000000149011612,0.10000000149011612,0.10000000149011612
33,IRL,Ireland,2021,-3.373614549636841,0.3252461552619934,5.5,1,1.125100016593933,0.9071259498596191,1.2676217555999756,1.2005521059036255,0.10000000149011612,0.10000000149011612,0.10000000149011612,0.10000000149011612,0.10000000149011612,0.10000000149011612,0.10000000149011612,0.10000000149011612,0.10000000149011612,0.10000000149011612
33,IRL,Ireland,2022,-3.6817150115966797,0.3297434449195862,5.5,1,1.125100016593933,0.9071259498596191,1.2676217555999756,1.2005521059036255,0.10000000149011612,0.10000000149011612,0.10000000149011612,0.10000000149011612,0.10000000149011612,0.10000000149011612,0.10000000149011612,0.10000000149011612,0.10000000149011612,0.10000000149011612
33,IRL,Ireland,2023,-4.387845516204834,0.3353213667869568,5.5,1,1.125100016593933,0.9071259498596191,1.2676217555999756,1.2005521059036255,0.10000000149011612,0.10000000149011612,0.10000000149011612,0.10000000149011612,0.10000000149011612,0.10000000149011612,0.10000000149011612,0.10000000149011612,0.10000000149011612,0.10000000149011612
34,IRN,Iran,2018,0.18575511872768402,-0.30511337518692017,6.299112319946289,9,-1.425826907157898,-1.0039883852005005,-1.918333888053894,-1.3551583290100098,0.05700323358178139,0.06093006953597069,0.08210001140832901,0.0935884565114975,0.11431846767663956,0.06264744699001312,0.10522017627954483,0.1369839757680893,0.15237626433372498,0.13483189046382904
34,IRN,Iran,2019,-3.3282368183135986,-0.3166457712650299,6.299112319946289,9,-1.425826907157898,-1.0039883852005005,-1.918333888053894,-1.3551583290100098,0.05700323358178139,0.06093006953597069,0.08210001140832901,0.0935884565114975,0.11431846767663956,0.06264744699001312,0.10522017627954483,0.1369839757680893,0.15237626433372498,0.13483189046382904
34,IRN,Iran,2020,-1.5740487575531006,-0.271484375,6.299112319946289,9,-1.425826907157898,-1.0039883852005005,-1.918333888053894,-1.3551583290100098,0.05700323358178139,0.06093006953597069,0.08210001140832901,0.0935884565114975,0.11431846767663956,0.06264744699001312,0.10522017627954483,0.1369839757680893,0.15237626433372498,0.13483189046382904
34,IRN,Iran,2021,0.32263654470443726,-0.22887521982192993,6.299112319946289,9,-1.425826907157898,-1.0039883852005005,-1.918333888053894,-1.3551583290100098,0.05700323358178139,0.06093006953597069,0.08210001140832901,0.0935884565114975,0.11431846767663956,0.06264744699001312,0.10522017627954483,0.1369839757680893,0.15237626433372498,0.13483189046382904
34,IRN,Iran,2022,0.009564151056110859,-0.2316322922706604,6.299112319946289,9,-1.425826907157898,-1.0039883852005005,-1.918333888053894,-1.3551583290100098,0.05700323358178139,0.06093006953597069,0.08210001140832901,0.0935884565114975,0.11431846767663956,0.06264744699001312,0.10522017627954483,0.1369839757680893,0.15237626433372498,0.13483189046382904
34,IRN,Iran,2023,-0.9724723696708679,-0.24734124541282654,6.299112319946289,9,-1.425826907157898,-1.0039883852005005,-1.918333888053894,-1.3551583290100098,0.05700323358178139,0.06093006953597069,0.08210001140832901,0.0935884565114975,0.11431846767663956,0.06264744699001312,0.10522017627954483,0.1369839757680893,0.15237626433372498,0.13483189046382904
35,IRQ,Iraq,2018,1.4125878810882568,-0.499128520488739,5.5,1,-2.0568058490753174,-2.0972113609313965,-2.079011917114258,-1.9941946268081665,0.10000000149011612,0.10000000149011612,0.10000000149011612,0.10000000149011612,0.10000000149011612,0.10000000149011612,0.10000000149011612,0.10000000149011612,0.10000000149011612,0.10000000149011612
35,IRQ,Iraq,2019,1.0280742645263672,-0.521149754524231,5.5,1,-2.0568058490753174,-2.0972113609313965,-2.079011917114258,-1.9941946268081665,0.10000000149011612,0.10000000149011612,0.10000000149011612,0.10000000149011612,0.10000000149011612,0.10000000149011612,0.10000000149011612,0.10000000149011612,0.10000000149011612,0.10000000149011612
35,IRQ,Iraq,2020,1.1829884052276611,-0.5401467680931091,5.5,1,-2.0568058490753174,-2.0972113609313965,-2.079011917114258,-1.9941946268081665,0.10000000149011612,0.10000000149011612,0.10000000149011612,0.10000000149011612,0.10000000149011612,0.10000000149011612,0.10000000149011612,0.10000000149011612,0.10000000149011612,0.10000000149011612
35,IRQ,Iraq,2021,1.2868479490280151,-0.5579041838645935,5.5,1,-2.0568058490753174,-2.0972113609313965,-2.079011917114258,-1.9941946268081665,0.10000000149011612,0.10000000149011612,0.10000000149011612,0.10000000149011612,0.10000000149011612,0.10000000149011612,0.10000000149011612,0.10000000149011612,0.10000000149011612,0.10000000149011612
35,IRQ,Iraq,2022,1.606886863708496,-0.5714229941368103,5.5,1,-2.0568058490753174,-2.0972113609313965,-2.079011917114258,-1.9941946268081665,0.10000000149011612,0.10000000149011612,0.10000000149011612,0.10000000149011612,0.10000000149011612,0.10000000149011612,0.10000000149011612,0.10000000149011612,0.10000000149011612,0.10000000149011612
35,IRQ,Iraq,2023,1.6270170211791992,-0.5865264534950256,5.5,1,-2.0568058490753174,-2.0972113609313965,-2.079011917114258,-1.9941946268081665,0.10000000149011612,0.10000000149011612,0.10000000149011612,0.10000000149011612,0.10000000149011612,0.10000000149011612,0.10000000149011612,0.10000000149011612,0.10000000149011612,0.10000000149011612
36,ISL,Iceland,2018,2.5240752696990967,0.28808683156967163,5.724438667297363,6,1.1885734796524048,1.2342337369918823,0.9549963474273682,1.376490592956543,0.06070416793227196,0.07743758708238602,0.09415344148874283,0.1086290255188942,0.12113521993160248,0.12589812278747559,0.12178955972194672,0.11288052052259445,0.09847702831029892,0.07889533042907715
36,ISL,Iceland,2019,2.4789857864379883,0.2617719769477844,5.724438667297363,6,1.1885734796524048,1.2342337369918823,0.9549963474273682,1.376490592956543,0.06070416793227196,0.07743758708238602,0.09415344148874283,0.1086290255188942,0.12113521993160248,0.12589812278747559,0.12178955972194672,0.11288052052259445,0.09847702831029892,0.07889533042907715
36,ISL,Iceland,2020,1.9529410600662231,0.24991658329963684,5.724438667297363,6,1.1885734796524048,1.2342337369918823,0.9549963474273682,1.376490592956543,0.06070416793227196,0.07743758708238602,0.09415344148874283,0.1086290255188942,0.12113521993160248,0.12589812278747559,0.12178955972194672,0.11288052052259445,0.09847702831029892,0.07889533042907715
36,ISL,Iceland,2021,1.6373142004013062,0.24903610348701477,5.724438667297363,6,1.1885734796524048,1.2342337369918823,0.9549963474273682,1.376490592956543,0.06070416793227196,0.07743758708238602,0.09415344148874283,0.1086290255188942,0.12113521993160248,0.12589812278747559,0.12178955972194672,0.11288052052259445,0.09847702831029892,0.07889533042907715
36,ISL,Iceland,2022,1.38180673122406,0.24959561228752136,5.724438667297363,6,1.1885734796524048,1.2342337369918823,0.9549963474273682,1.376490592956543,0.06070416793227196,0.07743758708238602,0.09415344148874283,0.1086290255188942,0.12113521993160248,0.12589812278747559,0.12178955972194672,0.11288052052259445,0.09847702831029892,0.07889533042907715
36,ISL,Iceland,2023,2.3587470054626465,0.24827733635902405,5.724438667297363,6,1.1885734796524048,1.2342337369918823,0.9549963474273682,1.376490592956543,0.06070416793227196,0.07743758708238602,0.09415344148874283,0.1086290255188942,0.12113521993160248,0.12589812278747559,0.12178955972194672,0.11288052052259445,0.09847702831029892,0.07889533042907715
37,ISR,Israel,2018,-6.285995006561279,0.16395097970962524,5.5,1,0.6414921283721924,0.9020118117332458,0.48677289485931396,0.5356917977333069,0.10000000149011612,0.10000000149011612,0.10000000149011612,0.10000000149011612,0.10000000149011612,0.10000000149011612,0.10000000149011612,0.10000000149011612,0.10000000149011612,0.10000000149011612
37,ISR,Israel,2019,-6.490711212158203,0.22317951917648315,5.5,1,0.6414921283721924,0.9020118117332458,0.48677289485931396,0.5356917977333069,0.10000000149011612,0.10000000149011612,0.10000000149011612,0.10000000149011612,0.10000000149011612,0.10000000149011612,0.10000000149011612,0.10000000149011612,0.10000000149011612,0.10000000149011612
37,ISR,Israel,2020,-7.341547966003418,0.22921091318130493,5.5,1,0.6414921283721924,0.9020118117332458,0.48677289485931396,0.5356917977333069,0.10000000149011612,0.10000000149011612,0.10000000149011612,0.10000000149011612,0.10000000149011612,0.10000000149011612,0.10000000149011612,0.10000000149011612,0.10000000149011612,0.10000000149011612
37,ISR,Israel,2021,-8.057387351989746,0.23515617847442627,5.5,1,0.6414921283721924,0.9020118117332458,0.48677289485931396,0.5356917977333069,0.10000000149011612,0.10000000149011612,0.10000000149011612,0.10000000149011612,0.10000000149011612,0.10000000149011612,0.10000000149011612,0.10000000149011612,0.10000000149011612,0.10000000149011612
37,ISR,Israel,2022,-8.405094146728516,0.25414758920669556,5.5,1,0.6414921283721924,0.9020118117332458,0.48677289485931396,0.5356917977333069,0.10000000149011612,0.10000000149011612,0.10000000149011612,0.10000000149011612,0.10000000149011612,0.10000000149011612,0.10000000149011612,0.10000000149011612,0.10000000149011612,0.10000000149011612
37,ISR,Israel,2023,-9.675131797790527,0.28080856800079346,5.5,1,0.6414921283721924,0.9020118117332458,0.48677289485931396,0.5356917977333069,0.10000000149011612,0.10000000149011612,0.10000000149011612,0.10000000149011612,0.10000000149011612,0.10000000149011612,0.10000000149011612,0.10000000149011612,0.10000000149011612,0.10000000149011612
38,ITA,Italy,2018,-5.143430233001709,0.2661207318305969,5.5,1,0.23468120396137238,0.07437334209680557,0.34910762310028076,0.28056269884109497,0.10000000149011612,0.10000000149011612,0.10000000149011612,0.10000000149011612,0.10000000149011612,0.10000000149011612,0.10000000149011612,0.10000000149011612,0.10000000149011612,0.10000000149011612
38,ITA,Italy,2019,-5.74995231628418,0.3070215582847595,5.5,1,0.23468120396137238,0.07437334209680557,0.34910762310028076,0.28056269884109497,0.10000000149011612,0.10000000149011612,0.10000000149011612,0.10000000149011612,0.10000000149011612,0.10000000149011612,0.10000000149011612,0.10000000149011612,0.10000000149011612,0.10000000149011612
38,ITA,Italy,2020,-6.417283058166504,0.3230133056640625,5.5,1,0.23468120396137238,0.07437334209680557,0.34910762310028076,0.28056269884109497,0.10000000149011612,0.10000000149011612,0.10000000149011612,0.10000000149011612,0.10000000149011612,0.10000000149011612,0.10000000149011612,0.10000000149011612,0.10000000149011612,0.10000000149011612
38,ITA,Italy,2021,-6.226283073425293,0.33438748121261597,5.5,1,0.23468120396137238,0.07437334209680557,0.34910762310028076,0.28056269884109497,0.10000000149011612,0.10000000149011612,0.10000000149011612,0.10000000149011612,0.10000000149011612,0.10000000149011612,0.10000000149011612,0.10000000149011612,0.10000000149011612,0.10000000149011612
38,ITA,Italy,2022,-4.716213703155518,0.3422548174858093,5.5,1,0.23468120396137238,0.07437334209680557,0.34910762310028076,0.28056269884109497,0.10000000149011612,0.10000000149011612,0.10000000149011612,0.10000000149011612,0.10000000149011612,0.10000000149011612,0.10000000149011612,0.10000000149011612,0.10000000149011612,0.10000000149011612
38,ITA,Italy,2023,-6.842550277709961,0.346027135848999,5.5,1,0.23468120396137238,0.07437334209680557,0.34910762310028076,0.28056269884109497,0.10000000149011612,0.10000000149011612,0.10000000149011612,0.10000000149011612,0.10000000149011612,0.10000000149011612,0.10000000149011612,0.10000000149011612,0.10000000149011612,0.10000000149011612
39,JPN,Japan,2018,3.7277371883392334,0.15892881155014038,5.775856971740723,6,0.7284886837005615,0.8470459580421448,0.45311596989631653,0.8853041529655457,0.05143897607922554,0.07056433707475662,0.08829396963119507,0.11027307063341141,0.1262957751750946,0.135066419839859,0.13375937938690186,0.1237761601805687,0.0964067280292511,0.06412523984909058
39,JPN,Japan,2019,3.204775810241699,0.22472113370895386,5.775856971740723,6,0.7284886837005615,0.8470459580421448,0.45311596989631653,0.8853041529655457,0.05143897607922554,0.07056433707475662,0.08829396963119507,0.11027307063341141,0.1262957751750946,0.135066419839859,0.13375937938690186,0.1237761601805687,0.0964067280292511,0.06412523984909058
39,JPN,Japan,2020,3.1749613285064697,0.2792899012565613,5.775856971740723,6,0.7284886837005615,0.8470459580421448,0.45311596989631653,0.8853041529655457,0.05143897607922554,0.07056433707475662,0.08829396963119507,0.11027307063341141,0.1262957751750946,0.135066419839859,0.13375937938690186,0.1237761601805687,0.0964067280292511,0.06412523984909058
39,JPN,Japan,2021,2.640718698501587,0.2791242003440857,5.775856971740723,6,0.7284886837005615,0.8470459580421448,0.45311596989631653,0.8853041529655457,0.05143897607922554,0.07056433707475662,0.08829396963119507,0.11027307063341141,0.1262957751750946,0.135066419839859,0.13375937938690186,0.1237761601805687,0.0964067280292511,0.06412523984909058
39,JPN,Japan,2022,2.846599578857422,0.29578495025634766,5.775856971740723,6,0.7284886837005615,0.8470459580421448,0.45311596989631653,0.8853041529655457,0.05143897607922554,0.07056433707475662,0.08829396963119507,0.11027307063341141,0.1262957751750946,0.135066419839859,0.13375937938690186,0.1237761601805687,0.0964067280292511,0.06412523984909058
39,JPN,Japan,2023,1.7527316808700562,0.32142001390457153,5.775856971740723,6,0.7284886837005615,0.8470459580421448,0.45311596989631653,0.8853041529655457,0.05143897607922554,0.07056433707475662,0.08829396963119507,0.11027307063341141,0.1262957751750946,0.135066419839859,0.13375937938690186,0.1237761601805687,0.0964067280292511,0.06412523984909058
40,KAZ,Kazakhstan,2018,1.5828030109405518,-0.40622609853744507,5.5,1,-1.2722676992416382,-1.3743125200271606,-1.0817227363586426,-1.3607680797576904,0.10000000149011612,0.10000000149011612,0.10000000149011612,0.10000000149011612,0.10000000149011612,0.10000000149011612,0.10000000149011612,0.10000000149011612,0.10000000149011612,0.10000000149011612
40,KAZ,Kazakhstan,2019,1.5101414918899536,-0.42492401599884033,5.5,1,-1.2722676992416382,-1.3743125200271606,-1.0817227363586426,-1.3607680797576904,0.10000000149011612,0.10000000149011612,0.10000000149011612,0.10000000149011612,0.10000000149011612,0.10000000149011612,0.10000000149011612,0.10000000149011612,0.10000000149011612,0.10000000149011612
40,KAZ,Kazakhstan,2020,1.363572597503662,-0.44187694787979126,5.5,1,-1.2722676992416382,-1.3743125200271606,-1.0817227363586426,-1.3607680797576904,0.10000000149011612,0.10000000149011612,0.10000000149011612,0.10000000149011612,0.10000000149011612,0.10000000149011612,0.10000000149011612,0.10000000149011612,0.10000000149011612,0.10000000149011612
40,KAZ,Kazakhstan,2021,1.2543725967407227,-0.44094252586364746,5.5,1,-1.2722676992416382,-1.3743125200271606,-1.0817227363586426,-1.3607680797576904,0.10000000149011612,0.10000000149011612,0.10000000149011612,0.10000000149011612,0.10000000149011612,0.10000000149011612,0.10000000149011612,0.10000000149011612,0.10000000149011612,0.10000000149011612
40,KAZ,Kazakhstan,2022,1.1613658666610718,-0.43192964792251587,5.5,1,-1.2722676992416382,-1.3743125200271606,-1.0817227363586426,-1.3607680797576904,0.10000000149011612,0.10000000149011612,0.10000000149011612,0.10000000149011612,0.10000000149011612,0.10000000149011612,0.10000000149011612,0.10000000149011612,0.10000000149011612,0.10000000149011612
40,KAZ,Kazakhstan,2023,0.9807498455047607,-0.4067443013191223,5.5,1,-1.2722676992416382,-1.3743125200271606,-1.0817227363586426,-1.3607680797576904,0.10000000149011612,0.10000000149011612,0.10000000149011612,0.10000000149011612,0.10000000149011612,0.10000000149011612,0.10000000149011612,0.10000000149011612,0.10000000149011612,0.10000000149011612
41,KOR,South Korea,2018,3.200753688812256,0.17719584703445435,9.765413284301758,10,0.34772443771362305,0.4346860945224762,0.1522836983203888,0.45620352029800415,0.0,0.0,0.0,0.0,0.0,0.0,0.0,0.0,0.2345862090587616,0.765413761138916
41,KOR,South Korea,2019,1.7671101093292236,0.21254855394363403,9.765413284301758,10,0.34772443771362305,0.4346860945224762,0.1522836983203888,0.45620352029800415,0.0,0.0,0.0,0.0,0.0,0.0,0.0,0.0,0.2345862090587616,0.765413761138916
41,KOR,South Korea,2020,-0.8152863383293152,0.24154788255691528,9.765413284301758,10,0.34772443771362305,0.4346860945224762,0.1522836983203888,0.45620352029800415,0.0,0.0,0.0,0.0,0.0,0.0,0.0,0.0,0.2345862090587616,0.765413761138916
41,KOR,South Korea,2021,-0.6951596140861511,0.25271254777908325,9.765413284301758,10,0.34772443771362305,0.4346860945224762,0.1522836983203888,0.45620352029800415,0.0,0.0,0.0,0.0,0.0,0.0,0.0,0.0,0.2345862090587616,0.765413761138916
41,KOR,South Korea,2022,-2.0999202728271484,0.2731670141220093,9.765413284301758,10,0.34772443771362305,0.4346860945224762,0.1522836983203888,0.45620352029800415,0.0,0.0,0.0,0.0,0.0,0.0,0.0,0.0,0.2345862090587616,0.765413761138916
41,KOR,South Korea,2023,-2.8068954944610596,0.292413592338562,9.765413284301758,10,0.34772443771362305,0.4346860945224762,0.1522836983203888,0.45620352029800415,0.0,0.0,0.0,0.0,0.0,0.0,0.0,0.0,0.2345862090587616,0.765413761138916
42,KWT,Kuwait,2018,-6.3546881675720215,-0.13629868626594543,5.5,1,-0.23261572420597076,-0.458217591047287,-0.3800378143787384,0.1404082179069519,0.10000000149011612,0.10000000149011612,0.10000000149011612,0.10000000149011612,0.10000000149011612,0.10000000149011612,0.10000000149011612,0.10000000149011612,0.10000000149011612,0.10000000149011612
42,KWT,Kuwait,2019,-7.2538886070251465,-0.16259455680847168,5.5,1,-0.23261572420597076,-0.458217591047287,-0.3800378143787384,0.1404082179069519,0.10000000149011612,0.10000000149011612,0.10000000149011612,0.10000000149011612,0.10000000149011612,0.10000000149011612,0.10000000149011612,0.10000000149011612,0.10000000149011612,0.10000000149011612
42,KWT,Kuwait,2020,-6.158499240875244,-0.17896154522895813,5.5,1,-0.23261572420597076,-0.458217591047287,-0.3800378143787384,0.1404082179069519,0.10000000149011612,0.10000000149011612,0.10000000149011612,0.10000000149011612,0.10000000149011612,0.10000000149011612,0.10000000149011612,0.10000000149011612,0.10000000149011612,0.10000000149011612
42,KWT,Kuwait,2021,-7.0740485191345215,-0.1884021759033203,5.5,1,-0.23261572420597076,-0.458217591047287,-0.3800378143787384,0.1404082179069519,0.10000000149011612,0.10000000149011612,0.10000000149011612,0.10000000149011612,0.10000000149011612,0.10000000149011612,0.10000000149011612,0.10000000149011612,0.10000000149011612,0.10000000149011612
42,KWT,Kuwait,2022,-27.902793884277344,-0.19330254197120667,5.5,1,-0.23261572420597076,-0.458217591047287,-0.3800378143787384,0.1404082179069519,0.10000000149011612,0.10000000149011612,0.10000000149011612,0.10000000149011612,0.10000000149011612,0.10000000149011612,0.10000000149011612,0.10000000149011612,0.10000000149011612,0.10000000149011612
42,KWT,Kuwait,2023,-27.870094299316406,-0.1955694854259491,5.5,1,-0.23261572420597076,-0.458217591047287,-0.3800378143787384,0.1404082179069519,0.10000000149011612,0.10000000149011612,0.10000000149011612,0.10000000149011612,0.10000000149011612,0.10000000149011612,0.10000000149011612,0.10000000149011612,0.10000000149011612,0.10000000149011612
43,LKA,Sri Lanka,2018,2.3601856231689453,-0.2955804467201233,5.5,1,-0.550111711025238,-0.720518171787262,-0.5627866387367249,-0.36703041195869446,0.10000000149011612,0.10000000149011612,0.10000000149011612,0.10000000149011612,0.10000000149011612,0.10000000149011612,0.10000000149011612,0.10000000149011612,0.10000000149011612,0.10000000149011612
43,LKA,Sri Lanka,2019,4.711722373962402,-0.3424713909626007,5.5,1,-0.550111711025238,-0.720518171787262,-0.5627866387367249,-0.36703041195869446,0.10000000149011612,0.10000000149011612,0.10000000149011612,0.10000000149011612,0.10000000149011612,0.10000000149011612,0.10000000149011612,0.10000000149011612,0.10000000149011612,0.10000000149011612
43,LKA,Sri Lanka,2020,4.523720741271973,-0.3919665217399597,5.5,1,-0.550111711025238,-0.720518171787262,-0.5627866387367249,-0.36703041195869446,0.10000000149011612,0.10000000149011612,0.10000000149011612,0.10000000149011612,0.10000000149011612,0.10000000149011612,0.10000000149011612,0.10000000149011612,0.10000000149011612,0.10000000149011612
43,LKA,Sri Lanka,2021,1.3256715536117554,-0.4596066474914551,5.5,1,-0.550111711025238,-0.720518171787262,-0.5627866387367249,-0.36703041195869446,0.10000000149011612,0.10000000149011612,0.10000000149011612,0.10000000149011612,0.10000000149011612,0.10000000149011612,0.10000000149011612,0.10000000149011612,0.10000000149011612,0.10000000149011612
43,LKA,Sri Lanka,2022,4.413687705993652,-0.4403960108757019,5.5,1,-0.550111711025238,-0.720518171787262,-0.5627866387367249,-0.36703041195869446,0.10000000149011612,0.10000000149011612,0.10000000149011612,0.10000000149011612,0.10000000149011612,0.10000000149011612,0.10000000149011612,0.10000000149011612,0.10000000149011612,0.10000000149011612
43,LKA,Sri Lanka,2023,4.413687705993652,-0.37528684735298157,5.5,1,-0.550111711025238,-0.720518171787262,-0.5627866387367249,-0.36703041195869446,0.10000000149011612,0.10000000149011612,0.10000000149011612,0.10000000149011612,0.10000000149011612,0.10000000149011612,0.10000000149011612,0.10000000149011612,0.10000000149011612,0.10000000149011612
44,LTU,Lithuania,2018,0.5927717685699463,0.31101465225219727,5.863043308258057,7,0.11791292577981949,-0.0774189680814743,0.3881412148475647,0.043016545474529266,0.04374927282333374,0.06695201992988586,0.09086538106203079,0.1104792058467865,0.122883640229702,0.1330799162387848,0.13692709803581238,0.12614721059799194,0.09885001927614212,0.07006615400314331
44,LTU,Lithuania,2019,0.5042790174484253,0.3264525532722473,5.863043308258057,7,0.11791292577981949,-0.0774189680814743,0.3881412148475647,0.043016545474529266,0.04374927282333374,0.06695201992988586,0.09086538106203079,0.1104792058467865,0.122883640229702,0.1330799162387848,0.13692709803581238,0.12614721059799194,0.09885001927614212,0.07006615400314331
44,LTU,Lithuania,2020,1.2348809242248535,0.34083282947540283,5.863043308258057,7,0.11791292577981949,-0.0774189680814743,0.3881412148475647,0.043016545474529266,0.04374927282333374,0.06695201992988586,0.09086538106203079,0.1104792058467865,0.122883640229702,0.1330799162387848,0.13692709803581238,0.12614721059799194,0.09885001927614212,0.07006615400314331
44,LTU,Lithuania,2021,1.103811502456665,0.34288012981414795,5.863043308258057,7,0.11791292577981949,-0.0774189680814743,0.3881412148475647,0.043016545474529266,0.04374927282333374,0.06695201992988586,0.09086538106203079,0.1104792058467865,0.122883640229702,0.1330799162387848,0.13692709803581238,0.12614721059799194,0.09885001927614212,0.07006615400314331
44,LTU,Lithuania,2022,0.6238992810249329,0.3453497886657715,5.863043308258057,7,0.11791292577981949,-0.0774189680814743,0.3881412148475647,0.043016545474529266,0.04374927282333374,0.06695201992988586,0.09086538106203079,0.1104792058467865,0.122883640229702,0.1330799162387848,0.13692709803581238,0.12614721059799194,0.09885001927614212,0.07006615400314331
44,LTU,Lithuania,2023,-0.08893253654241562,0.34509050846099854,5.863043308258057,7,0.11791292577981949,-0.0774189680814743,0.3881412148475647,0.043016545474529266,0.04374927282333374,0.06695201992988586,0.09086538106203079,0.1104792058467865,0.122883640229702,0.1330799162387848,0.13692709803581238,0.12614721059799194,0.09885001927614212,0.07006615400314331
45,LUX,Luxembourg,2018,-2.6616039276123047,0.2995399236679077,5.5,1,1.3627294301986694,1.4299343824386597,1.3163741827011108,1.3418793678283691,0.10000000149011612,0.10000000149011612,0.10000000149011612,0.10000000149011612,0.10000000149011612,0.10000000149011612,0.10000000149011612,0.10000000149011612,0.10000000149011612,0.10000000149011612
45,LUX,Luxembourg,2019,-3.0985145568847656,0.29131269454956055,5.5,1,1.3627294301986694,1.4299343824386597,1.3163741827011108,1.3418793678283691,0.10000000149011612,0.10000000149011612,0.10000000149011612,0.10000000149011612,0.10000000149011612,0.10000000149011612,0.10000000149011612,0.10000000149011612,0.10000000149011612,0.10000000149011612
45,LUX,Luxembourg,2020,-3.1957318782806396,0.29303616285324097,5.5,1,1.3627294301986694,1.4299343824386597,1.3163741827011108,1.3418793678283691,0.10000000149011612,0.10000000149011612,0.10000000149011612,0.10000000149011612,0.10000000149011612,0.10000000149011612,0.10000000149011612,0.10000000149011612,0.10000000149011612,0.10000000149011612
45,LUX,Luxembourg,2021,-3.2258713245391846,0.2927928566932678,5.5,1,1.3627294301986694,1.4299343824386597,1.3163741827011108,1.3418793678283691,0.10000000149011612,0.10000000149011612,0.10000000149011612,0.10000000149011612,0.10000000149011612,0.10000000149011612,0.10000000149011612,0.10000000149011612,0.10000000149011612,0.10000000149011612
45,LUX,Luxembourg,2022,-3.72668719291687,0.3092324733734131,5.5,1,1.3627294301986694,1.4299343824386597,1.3163741827011108,1.3418793678283691,0.10000000149011612,0.10000000149011612,0.10000000149011612,0.10000000149011612,0.10000000149011612,0.10000000149011612,0.10000000149011612,0.10000000149011612,0.10000000149011612,0.10000000149011612
45,LUX,Luxembourg,2023,-4.158839225769043,0.3214349150657654,5.5,1,1.3627294301986694,1.4299343824386597,1.3163741827011108,1.3418793678283691,0.10000000149011612,0.10000000149011612,0.10000000149011612,0.10000000149011612,0.10000000149011612,0.10000000149011612,0.10000000149011612,0.10000000149011612,0.10000000149011612,0.10000000149011612
46,LVA,Latvia,2018,2.136277437210083,0.0896722748875618,7.522414207458496,9,0.05672547221183777,-0.19147229194641113,0.368137001991272,-0.006488294806331396,0.0,0.0,0.0133502297103405,0.05607461929321289,0.10223059356212616,0.16804943978786469,0.13321931660175323,0.1319960504770279,0.20068539679050446,0.19439436495304108
46,LVA,Latvia,2019,2.451484441757202,0.10802686959505081,7.522414207458496,9,0.05672547221183777,-0.19147229194641113,0.368137001991272,-0.006488294806331396,0.0,0.0,0.0133502297103405,0.05607461929321289,0.10223059356212616,0.16804943978786469,0.13321931660175323,0.1319960504770279,0.20068539679050446,0.19439436495304108
46,LVA,Latvia,2020,0.5582294464111328,0.06961161643266678,7.522414207458496,9,0.05672547221183777,-0.19147229194641113,0.368137001991272,-0.006488294806331396,0.0,0.0,0.0133502297103405,0.05607461929321289,0.10223059356212616,0.16804943978786469,0.13321931660175323,0.1319960504770279,0.20068539679050446,0.19439436495304108
46,LVA,Latvia,2021,0.538101315498352,0.09513316303491592,7.522414207458496,9,0.05672547221183777,-0.19147229194641113,0.368137001991272,-0.006488294806331396,0.0,0.0,0.0133502297103405,0.05607461929321289,0.10223059356212616,0.16804943978786469,0.13321931660175323,0.1319960504770279,0.20068539679050446,0.19439436495304108
46,LVA,Latvia,2022,-1.1075773239135742,0.13987624645233154,7.522414207458496,9,0.05672547221183777,-0.19147229194641113,0.368137001991272,-0.006488294806331396,0.0,0.0,0.0133502297103405,0.05607461929321289,0.10223059356212616,0.16804943978786469,0.13321931660175323,0.1319960504770279,0.20068539679050446,0.19439436495304108
46,LVA,Latvia,2023,-1.7468478679656982,0.14329373836517334,7.522414207458496,9,0.05672547221183777,-0.19147229194641113,0.368137001991272,-0.006488294806331396,0.0,0.0,0.0133502297103405,0.05607461929321289,0.10223059356212616,0.16804943978786469,0.13321931660175323,0.1319960504770279,0.20068539679050446,0.19439436495304108
47,MAR,Morocco,2018,-2.0527760982513428,0.1541340947151184,5.5,1,-0.5677001476287842,-0.5921026468276978,-0.603592574596405,-0.5074053406715393,0.10000000149011612,0.10000000149011612,0.10000000149011612,0.10000000149011612,0.10000000149011612,0.10000000149011612,0.10000000149011612,0.10000000149011612,0.10000000149011612,0.10000000149011612
47,MAR,Morocco,2019,-1.840488076210022,0.20705604553222656,5.5,1,-0.5677001476287842,-0.5921026468276978,-0.603592574596405,-0.5074053406715393,0.10000000149011612,0.10000000149011612,0.10000000149011612,0.10000000149011612,0.10000000149011612,0.10000000149011612,0.10000000149011612,0.10000000149011612,0.10000000149011612,0.10000000149011612
47,MAR,Morocco,2020,-1.5523828268051147,0.21049004793167114,5.5,1,-0.5677001476287842,-0.5921026468276978,-0.603592574596405,-0.5074053406715393,0.10000000149011612,0.10000000149011612,0.10000000149011612,0.10000000149011612,0.10000000149011612,0.10000000149011612,0.10000000149011612,0.10000000149011612,0.10000000149011612,0.10000000149011612
47,MAR,Morocco,2021,-1.670159101486206,0.20635604858398438,5.5,1,-0.5677001476287842,-0.5921026468276978,-0.603592574596405,-0.5074053406715393,0.10000000149011612,0.10000000149011612,0.10000000149011612,0.10000000149011612,0.10000000149011612,0.10000000149011612,0.10000000149011612,0.10000000149011612,0.10000000149011612,0.10000000149011612
47,MAR,Morocco,2022,-1.1988462209701538,0.23991107940673828,5.5,1,-0.5677001476287842,-0.5921026468276978,-0.603592574596405,-0.5074053406715393,0.10000000149011612,0.10000000149011612,0.10000000149011612,0.10000000149011612,0.10000000149011612,0.10000000149011612,0.10000000149011612,0.10000000149011612,0.10000000149011612,0.10000000149011612
47,MAR,Morocco,2023,-2.160374164581299,0.2796304225921631,5.5,1,-0.5677001476287842,-0.5921026468276978,-0.603592574596405,-0.5074053406715393,0.10000000149011612,0.10000000149011612,0.10000000149011612,0.10000000149011612,0.10000000149011612,0.10000000149011612,0.10000000149011612,0.10000000149011612,0.10000000149011612,0.10000000149011612
48,MEX,Mexico,2018,-1.2096426486968994,-0.1490357220172882,9.841848373413086,10,-0.4911726713180542,-0.5113726854324341,-0.13761571049690247,-0.8245296478271484,0.0,0.0,0.0,0.0,0.0,0.0,0.0,0.0,0.1581520438194275,0.8418479561805725
48,MEX,Mexico,2019,-1.0846872329711914,-0.14997366070747375,9.841848373413086,10,-0.4911726713180542,-0.5113726854324341,-0.13761571049690247,-0.8245296478271484,0.0,0.0,0.0,0.0,0.0,0.0,0.0,0.0,0.1581520438194275,0.8418479561805725
48,MEX,Mexico,2020,-3.962113618850708,-0.07696463912725449,9.841848373413086,10,-0.4911726713180542,-0.5113726854324341,-0.13761571049690247,-0.8245296478271484,0.0,0.0,0.0,0.0,0.0,0.0,0.0,0.0,0.1581520438194275,0.8418479561805725
48,MEX,Mexico,2021,-5.881318092346191,-0.0603366419672966,9.841848373413086,10,-0.4911726713180542,-0.5113726854324341,-0.13761571049690247,-0.8245296478271484,0.0,0.0,0.0,0.0,0.0,0.0,0.0,0.0,0.1581520438194275,0.8418479561805725
48,MEX,Mexico,2022,-5.320054531097412,-0.013055495917797089,9.841848373413086,10,-0.4911726713180542,-0.5113726854324341,-0.13761571049690247,-0.8245296478271484,0.0,0.0,0.0,0.0,0.0,0.0,0.0,0.0,0.1581520438194275,0.8418479561805725
48,MEX,Mexico,2023,-3.6169328689575195,0.0680384710431099,9.841848373413086,10,-0.4911726713180542,-0.5113726854324341,-0.13761571049690247,-0.8245296478271484,0.0,0.0,0.0,0.0,0.0,0.0,0.0,0.0,0.1581520438194275,0.8418479561805725
49,MKD,North Macedonia,2018,-4.225182056427002,0.06926552206277847,5.5,1,-0.8401430249214172,-0.9831662178039551,-0.6911687254905701,-0.8460942506790161,0.10000000149011612,0.10000000149011612,0.10000000149011612,0.10000000149011612,0.10000000149011612,0.10000000149011612,0.10000000149011612,0.10000000149011612,0.10000000149011612,0.10000000149011612
49,MKD,North Macedonia,2019,-2.3085620403289795,0.1245475485920906,5.5,1,-0.8401430249214172,-0.9831662178039551,-0.6911687254905701,-0.8460942506790161,0.10000000149011612,0.10000000149011612,0.10000000149011612,0.10000000149011612,0.10000000149011612,0.10000000149011612,0.10000000149011612,0.10000000149011612,0.10000000149011612,0.10000000149011612
49,MKD,North Macedonia,2020,-3.7089016437530518,0.11049611121416092,5.5,1,-0.8401430249214172,-0.9831662178039551,-0.6911687254905701,-0.8460942506790161,0.10000000149011612,0.10000000149011612,0.10000000149011612,0.10000000149011612,0.10000000149011612,0.10000000149011612,0.10000000149011612,0.10000000149011612,0.10000000149011612,0.10000000149011612
49,MKD,North Macedonia,2021,-4.82833194732666,0.08607596904039383,5.5,1,-0.8401430249214172,-0.9831662178039551,-0.6911687254905701,-0.8460942506790161,0.10000000149011612,0.10000000149011612,0.10000000149011612,0.10000000149011612,0.10000000149011612,0.10000000149011612,0.10000000149011612,0.10000000149011612,0.10000000149011612,0.10000000149011612
49,MKD,North Macedonia,2022,-3.69097900390625,0.11488283425569534,5.5,1,-0.8401430249214172,-0.9831662178039551,-0.6911687254905701,-0.8460942506790161,0.10000000149011612,0.10000000149011612,0.10000000149011612,0.10000000149011612,0.10000000149011612,0.10000000149011612,0.10000000149011612,0.10000000149011612,0.10000000149011612,0.10000000149011612
49,MKD,North Macedonia,2023,-4.7387189865112305,0.15949249267578125,5.5,1,-0.8401430249214172,-0.9831662178039551,-0.6911687254905701,-0.8460942506790161,0.10000000149011612,0.10000000149011612,0.10000000149011612,0.10000000149011612,0.10000000149011612,0.10000000149011612,0.10000000149011612,0.10000000149011612,0.10000000149011612,0.10000000149011612
50,MYS,Malaysia,2018,0.02772342786192894,0.1167677715420723,5.5,1,0.11615476757287979,0.3967877924442291,0.08836042881011963,-0.1366838961839676,0.10000000149011612,0.10000000149011612,0.10000000149011612,0.10000000149011612,0.10000000149011612,0.10000000149011612,0.10000000149011612,0.10000000149011612,0.10000000149011612,0.10000000149011612
50,MYS,Malaysia,2019,-0.08382336795330048,0.1406412124633789,5.5,1,0.11615476757287979,0.3967877924442291,0.08836042881011963,-0.1366838961839676,0.10000000149011612,0.10000000149011612,0.10000000149011612,0.10000000149011612,0.10000000149011612,0.10000000149011612,0.10000000149011612,0.10000000149011612,0.10000000149011612,0.10000000149011612
50,MYS,Malaysia,2020,0.11602042615413666,0.1828637719154358,5.5,1,0.11615476757287979,0.3967877924442291,0.08836042881011963,-0.1366838961839676,0.10000000149011612,0.10000000149011612,0.10000000149011612,0.10000000149011612,0.10000000149011612,0.10000000149011612,0.10000000149011612,0.10000000149011612,0.10000000149011612,0.10000000149011612
50,MYS,Malaysia,2021,-0.4654858112335205,0.2308318018913269,5.5,1,0.11615476757287979,0.3967877924442291,0.08836042881011963,-0.1366838961839676,0.10000000149011612,0.10000000149011612,0.10000000149011612,0.10000000149011612,0.10000000149011612,0.10000000149011612,0.10000000149011612,0.10000000149011612,0.10000000149011612,0.10000000149011612
50,MYS,Malaysia,2022,-0.6587987542152405,0.2676103115081787,5.5,1,0.11615476757287979,0.3967877924442291,0.08836042881011963,-0.1366838961839676,0.10000000149011612,0.10000000149011612,0.10000000149011612,0.10000000149011612,0.10000000149011612,0.10000000149011612,0.10000000149011612,0.10000000149011612,0.10000000149011612,0.10000000149011612
50,MYS,Malaysia,2023,-0.5584850311279297,0.3011014461517334,5.5,1,0.11615476757287979,0.3967877924442291,0.08836042881011963,-0.1366838961839676,0.10000000149011612,0.10000000149011612,0.10000000149011612,0.10000000149011612,0.10000000149011612,0.10000000149011612,0.10000000149011612,0.10000000149011612,0.10000000149011612,0.10000000149011612
51,NLD,Netherlands,2018,-2.012981653213501,0.2798435389995575,5.5,1,1.3984497785568237,1.432983160018921,1.4087532758712769,1.3536127805709839,0.10000000149011612,0.10000000149011612,0.10000000149011612,0.10000000149011612,0.10000000149011612,0.10000000149011612,0.10000000149011612,0.10000000149011612,0.10000000149011612,0.10000000149011612
51,NLD,Netherlands,2019,-4.107210636138916,0.28718429803848267,5.5,1,1.3984497785568237,1.432983160018921,1.4087532758712769,1.3536127805709839,0.10000000149011612,0.10000000149011612,0.10000000149011612,0.10000000149011612,0.10000000149011612,0.10000000149011612,0.10000000149011612,0.10000000149011612,0.10000000149011612,0.10000000149011612
51,NLD,Netherlands,2020,-6.567773342132568,0.29194241762161255,5.5,1,1.3984497785568237,1.432983160018921,1.4087532758712769,1.3536127805709839,0.10000000149011612,0.10000000149011612,0.10000000149011612,0.10000000149011612,0.10000000149011612,0.10000000149011612,0.10000000149011612,0.10000000149011612,0.10000000149011612,0.10000000149011612
51,NLD,Netherlands,2021,-6.225274562835693,0.2970506548881531,5.5,1,1.3984497785568237,1.432983160018921,1.4087532758712769,1.3536127805709839,0.10000000149011612,0.10000000149011612,0.10000000149011612,0.10000000149011612,0.10000000149011612,0.10000000149011612,0.10000000149011612,0.10000000149011612,0.10000000149011612,0.10000000149011612
51,NLD,Netherlands,2022,-7.184930801391602,0.29617589712142944,5.5,1,1.3984497785568237,1.432983160018921,1.4087532758712769,1.3536127805709839,0.10000000149011612,0.10000000149011612,0.10000000149011612,0.10000000149011612,0.10000000149011612,0.10000000149011612,0.10000000149011612,0.10000000149011612,0.10000000149011612,0.10000000149011612
51,NLD,Netherlands,2023,-9.322796821594238,0.2898699641227722,5.5,1,1.3984497785568237,1.432983160018921,1.4087532758712769,1.3536127805709839,0.10000000149011612,0.10000000149011612,0.10000000149011612,0.10000000149011612,0.10000000149011612,0.10000000149011612,0.10000000149011612,0.10000000149011612,0.10000000149011612,0.10000000149011612
52,NOR,Norway,2018,0.684697687625885,0.044553615152835846,5.027371406555176,6,1.3073252439498901,1.3803420066833496,1.0274958610534668,1.5141379833221436,0.04952682927250862,0.09339793026447296,0.11582494527101517,0.15414336323738098,0.16479496657848358,0.1873919814825058,0.11851884424686432,0.03726410120725632,0.04044102132320404,0.03869602829217911
52,NOR,Norway,2019,0.7579119205474854,0.017908938229084015,5.027371406555176,6,1.3073252439498901,1.3803420066833496,1.0274958610534668,1.5141379833221436,0.04952682927250862,0.09339793026447296,0.11582494527101517,0.15414336323738098,0.16479496657848358,0.1873919814825058,0.11851884424686432,0.03726410120725632,0.04044102132320404,0.03869602829217911
52,NOR,Norway,2020,0.16256453096866608,-0.011478595435619354,5.027371406555176,6,1.3073252439498901,1.3803420066833496,1.0274958610534668,1.5141379833221436,0.04952682927250862,0.09339793026447296,0.11582494527101517,0.15414336323738098,0.16479496657848358,0.1873919814825058,0.11851884424686432,0.03726410120725632,0.04044102132320404,0.03869602829217911
52,NOR,Norway,2021,-0.5059971213340759,0.06090060621500015,5.027371406555176,6,1.3073252439498901,1.3803420066833496,1.0274958610534668,1.5141379833221436,0.04952682927250862,0.09339793026447296,0.11582494527101517,0.15414336323738098,0.16479496657848358,0.1873919814825058,0.11851884424686432,0.03726410120725632,0.04044102132320404,0.03869602829217911
52,NOR,Norway,2022,0.01806272566318512,0.12330157309770584,5.027371406555176,6,1.3073252439498901,1.3803420066833496,1.0274958610534668,1.5141379833221436,0.04952682927250862,0.09339793026447296,0.11582494527101517,0.15414336323738098,0.16479496657848358,0.1873919814825058,0.11851884424686432,0.03726410120725632,0.04044102132320404,0.03869602829217911
52,NOR,Norway,2023,0.1799047440290451,0.1284111738204956,5.027371406555176,6,1.3073252439498901,1.3803420066833496,1.0274958610534668,1.5141379833221436,0.04952682927250862,0.09339793026447296,0.11582494527101517,0.15414336323738098,0.16479496657848358,0.1873919814825058,0.11851884424686432,0.03726410120725632,0.04044102132320404,0.03869602829217911
53,NZL,New Zealand,2018,-2.981884479522705,0.19411170482635498,5.5,1,1.3908849954605103,1.414912223815918,1.3223596811294556,1.4353830814361572,0.10000000149011612,0.10000000149011612,0.10000000149011612,0.10000000149011612,0.10000000149011612,0.10000000149011612,0.10000000149011612,0.10000000149011612,0.10000000149011612,0.10000000149011612
53,NZL,New Zealand,2019,-2.6216039657592773,0.21573370695114136,5.5,1,1.3908849954605103,1.414912223815918,1.3223596811294556,1.4353830814361572,0.10000000149011612,0.10000000149011612,0.10000000149011612,0.10000000149011612,0.10000000149011612,0.10000000149011612,0.10000000149011612,0.10000000149011612,0.10000000149011612,0.10000000149011612
53,NZL,New Zealand,2020,-2.319328546524048,0.19809865951538086,5.5,1,1.3908849954605103,1.414912223815918,1.3223596811294556,1.4353830814361572,0.10000000149011612,0.10000000149011612,0.10000000149011612,0.10000000149011612,0.10000000149011612,0.10000000149011612,0.10000000149011612,0.10000000149011612,0.10000000149011612,0.10000000149011612
53,NZL,New Zealand,2021,-2.2188103199005127,0.19566524028778076,5.5,1,1.3908849954605103,1.414912223815918,1.3223596811294556,1.4353830814361572,0.10000000149011612,0.10000000149011612,0.10000000149011612,0.10000000149011612,0.10000000149011612,0.10000000149011612,0.10000000149011612,0.10000000149011612,0.10000000149011612,0.10000000149011612
53,NZL,New Zealand,2022,-3.390082359313965,0.1948649287223816,5.5,1,1.3908849954605103,1.414912223815918,1.3223596811294556,1.4353830814361572,0.10000000149011612,0.10000000149011612,0.10000000149011612,0.10000000149011612,0.10000000149011612,0.10000000149011612,0.10000000149011612,0.10000000149011612,0.10000000149011612,0.10000000149011612
53,NZL,New Zealand,2023,-3.6847918033599854,0.21609848737716675,5.5,1,1.3908849954605103,1.414912223815918,1.3223596811294556,1.4353830814361572,0.10000000149011612,0.10000000149011612,0.10000000149011612,0.10000000149011612,0.10000000149011612,0.10000000149011612,0.10000000149011612,0.10000000149011612,0.10000000149011612,0.10000000149011612
54,OMN,Oman,2018,-1.4833542108535767,-0.13596367835998535,5.5,1,-0.0670604482293129,-0.2567063570022583,0.022247422486543655,0.033277593553066254,0.10000000149011612,0.10000000149011612,0.10000000149011612,0.10000000149011612,0.10000000149011612,0.10000000149011612,0.10000000149011612,0.10000000149011612,0.10000000149011612,0.10000000149011612
54,OMN,Oman,2019,-1.4833542108535767,-0.16664355993270874,5.5,1,-0.0670604482293129,-0.2567063570022583,0.022247422486543655,0.033277593553066254,0.10000000149011612,0.10000000149011612,0.10000000149011612,0.10000000149011612,0.10000000149011612,0.10000000149011612,0.10000000149011612,0.10000000149011612,0.10000000149011612,0.10000000149011612
54,OMN,Oman,2020,-1.9118425846099854,-0.18568405508995056,5.5,1,-0.0670604482293129,-0.2567063570022583,0.022247422486543655,0.033277593553066254,0.10000000149011612,0.10000000149011612,0.10000000149011612,0.10000000149011612,0.10000000149011612,0.10000000149011612,0.10000000149011612,0.10000000149011612,0.10000000149011612,0.10000000149011612
54,OMN,Oman,2021,-2.7994258403778076,-0.1958981454372406,5.5,1,-0.0670604482293129,-0.2567063570022583,0.022247422486543655,0.033277593553066254,0.10000000149011612,0.10000000149011612,0.10000000149011612,0.10000000149011612,0.10000000149011612,0.10000000149011612,0.10000000149011612,0.10000000149011612,0.10000000149011612,0.10000000149011612
54,OMN,Oman,2022,-4.406257152557373,-0.2007693648338318,5.5,1,-0.0670604482293129,-0.2567063570022583,0.022247422486543655,0.033277593553066254,0.10000000149011612,0.10000000149011612,0.10000000149011612,0.10000000149011612,0.10000000149011612,0.10000000149011612,0.10000000149011612,0.10000000149011612,0.10000000149011612,0.10000000149011612
54,OMN,Oman,2023,-4.634274482727051,-0.20272526144981384,5.5,1,-0.0670604482293129,-0.2567063570022583,0.022247422486543655,0.033277593553066254,0.10000000149011612,0.10000000149011612,0.10000000149011612,0.10000000149011612,0.10000000149011612,0.10000000149011612,0.10000000149011612,0.10000000149011612,0.10000000149011612,0.10000000149011612
55,PAK,Pakistan,2018,0.6607634425163269,-0.485131174325943,1.5836659669876099,1,-1.1695586442947388,-1.022442102432251,-1.2194249629974365,-1.2668088674545288,0.514516294002533,0.38730135560035706,0.098182313144207,0.0,0.0,0.0,0.0,0.0,0.0,0.0
55,PAK,Pakistan,2019,0.263211190700531,-0.49470099806785583,1.5836659669876099,1,-1.1695586442947388,-1.022442102432251,-1.2194249629974365,-1.2668088674545288,0.514516294002533,0.38730135560035706,0.098182313144207,0.0,0.0,0.0,0.0,0.0,0.0,0.0
55,PAK,Pakistan,2020,0.5979493856430054,-0.5027406811714172,1.5836659669876099,1,-1.1695586442947388,-1.022442102432251,-1.2194249629974365,-1.2668088674545288,0.514516294002533,0.38730135560035706,0.098182313144207,0.0,0.0,0.0,0.0,0.0,0.0,0.0
55,PAK,Pakistan,2021,-0.27455824613571167,-0.49934470653533936,1.5836659669876099,1,-1.1695586442947388,-1.022442102432251,-1.2194249629974365,-1.2668088674545288,0.514516294002533,0.38730135560035706,0.098182313144207,0.0,0.0,0.0,0.0,0.0,0.0,0.0
55,PAK,Pakistan,2022,-1.3144348859786987,-0.5126408934593201,1.5836659669876099,1,-1.1695586442947388,-1.022442102432251,-1.2194249629974365,-1.2668088674545288,0.514516294002533,0.38730135560035706,0.098182313144207,0.0,0.0,0.0,0.0,0.0,0.0,0.0
55,PAK,Pakistan,2023,-1.7306287288665771,-0.5036870241165161,1.5836659669876099,1,-1.1695586442947388,-1.022442102432251,-1.2194249629974365,-1.2668088674545288,0.514516294002533,0.38730135560035706,0.098182313144207,0.0,0.0,0.0,0.0,0.0,0.0,0.0
56,PER,Peru,2018,1.0936386585235596,-0.47970831394195557,5.5,1,-0.6950809359550476,-0.8969854712486267,-0.25150150060653687,-0.9367557168006897,0.10000000149011612,0.10000000149011612,0.10000000149011612,0.10000000149011612,0.10000000149011612,0.10000000149011612,0.10000000149011612,0.10000000149011612,0.10000000149011612,0.10000000149011612
56,PER,Peru,2019,1.1609760522842407,-0.4889879822731018,5.5,1,-0.6950809359550476,-0.8969854712486267,-0.25150150060653687,-0.9367557168006897,0.10000000149011612,0.10000000149011612,0.10000000149011612,0.10000000149011612,0.10000000149011612,0.10000000149011612,0.10000000149011612,0.10000000149011612,0.10000000149011612,0.10000000149011612
56,PER,Peru,2020,0.8656606674194336,-0.5078210830688477,5.5,1,-0.6950809359550476,-0.8969854712486267,-0.25150150060653687,-0.9367557168006897,0.10000000149011612,0.10000000149011612,0.10000000149011612,0.10000000149011612,0.10000000149011612,0.10000000149011612,0.10000000149011612,0.10000000149011612,0.10000000149011612,0.10000000149011612
56,PER,Peru,2021,1.0604026317596436,-0.4896695613861084,5.5,1,-0.6950809359550476,-0.8969854712486267,-0.25150150060653687,-0.9367557168006897,0.10000000149011612,0.10000000149011612,0.10000000149011612,0.10000000149011612,0.10000000149011612,0.10000000149011612,0.10000000149011612,0.10000000149011612,0.10000000149011612,0.10000000149011612
56,PER,Peru,2022,1.6989833116531372,-0.4783596992492676,5.5,1,-0.6950809359550476,-0.8969854712486267,-0.25150150060653687,-0.9367557168006897,0.10000000149011612,0.10000000149011612,0.10000000149011612,0.10000000149011612,0.10000000149011612,0.10000000149011612,0.10000000149011612,0.10000000149011612,0.10000000149011612,0.10000000149011612
56,PER,Peru,2023,1.919171690940857,-0.47914808988571167,5.5,1,-0.6950809359550476,-0.8969854712486267,-0.25150150060653687,-0.9367557168006897,0.10000000149011612,0.10000000149011612,0.10000000149011612,0.10000000149011612,0.10000000149011612,0.10000000149011612,0.10000000149011612,0.10000000149011612,0.10000000149011612,0.10000000149011612
57,PHL,Philippines,2018,4.912133693695068,-0.31041547656059265,5.5,1,-0.5819682478904724,-0.5483519434928894,-0.43141669034957886,-0.7661361694335938,0.10000000149011612,0.10000000149011612,0.10000000149011612,0.10000000149011612,0.10000000149011612,0.10000000149011612,0.10000000149011612,0.10000000149011612,0.10000000149011612,0.10000000149011612
57,PHL,Philippines,2019,5.833406925201416,-0.3899634778499603,5.5,1,-0.5819682478904724,-0.5483519434928894,-0.43141669034957886,-0.7661361694335938,0.10000000149011612,0.10000000149011612,0.10000000149011612,0.10000000149011612,0.10000000149011612,0.10000000149011612,0.10000000149011612,0.10000000149011612,0.10000000149011612,0.10000000149011612
57,PHL,Philippines,2020,6.113379955291748,-0.4604662358760834,5.5,1,-0.5819682478904724,-0.5483519434928894,-0.43141669034957886,-0.7661361694335938,0.10000000149011612,0.10000000149011612,0.10000000149011612,0.10000000149011612,0.10000000149011612,0.10000000149011612,0.10000000149011612,0.10000000149011612,0.10000000149011612,0.10000000149011612
57,PHL,Philippines,2021,6.149739742279053,-0.49160879850387573,5.5,1,-0.5819682478904724,-0.5483519434928894,-0.43141669034957886,-0.7661361694335938,0.10000000149011612,0.10000000149011612,0.10000000149011612,0.10000000149011612,0.10000000149011612,0.10000000149011612,0.10000000149011612,0.10000000149011612,0.10000000149011612,0.10000000149011612
57,PHL,Philippines,2022,6.288362503051758,-0.5345519185066223,5.5,1,-0.5819682478904724,-0.5483519434928894,-0.43141669034957886,-0.7661361694335938,0.10000000149011612,0.10000000149011612,0.10000000149011612,0.10000000149011612,0.10000000149011612,0.10000000149011612,0.10000000149011612,0.10000000149011612,0.10000000149011612,0.10000000149011612
57,PHL,Philippines,2023,6.736955165863037,-0.5701370239257812,5.5,1,-0.5819682478904724,-0.5483519434928894,-0.43141669034957886,-0.7661361694335938,0.10000000149011612,0.10000000149011612,0.10000000149011612,0.10000000149011612,0.10000000149011612,0.10000000149011612,0.10000000149011612,0.10000000149011612,0.10000000149011612,0.10000000149011612
58,POL,Poland,2018,-5.292060375213623,0.3020663261413574,5.5,1,0.13508905470371246,0.0030404042918235064,0.21474087238311768,0.18748588860034943,0.10000000149011612,0.10000000149011612,0.10000000149011612,0.10000000149011612,0.10000000149011612,0.10000000149011612,0.10000000149011612,0.10000000149011612,0.10000000149011612,0.10000000149011612
58,POL,Poland,2019,-6.858757495880127,0.3241081237792969,5.5,1,0.13508905470371246,0.0030404042918235064,0.21474087238311768,0.18748588860034943,0.10000000149011612,0.10000000149011612,0.10000000149011612,0.10000000149011612,0.10000000149011612,0.10000000149011612,0.10000000149011612,0.10000000149011612,0.10000000149011612,0.10000000149011612
58,POL,Poland,2020,-8.258927345275879,0.33341771364212036,5.5,1,0.13508905470371246,0.0030404042918235064,0.21474087238311768,0.18748588860034943,0.10000000149011612,0.10000000149011612,0.10000000149011612,0.10000000149011612,0.10000000149011612,0.10000000149011612,0.10000000149011612,0.10000000149011612,0.10000000149011612,0.10000000149011612
58,POL,Poland,2021,-7.500536918640137,0.33972030878067017,5.5,1,0.13508905470371246,0.0030404042918235064,0.21474087238311768,0.18748588860034943,0.10000000149011612,0.10000000149011612,0.10000000149011612,0.10000000149011612,0.10000000149011612,0.10000000149011612,0.10000000149011612,0.10000000149011612,0.10000000149011612,0.10000000149011612
58,POL,Poland,2022,-8.502216339111328,0.34403902292251587,5.5,1,0.13508905470371246,0.0030404042918235064,0.21474087238311768,0.18748588860034943,0.10000000149011612,0.10000000149011612,0.10000000149011612,0.10000000149011612,0.10000000149011612,0.10000000149011612,0.10000000149011612,0.10000000149011612,0.10000000149011612,0.10000000149011612
58,POL,Poland,2023,-11.761031150817871,0.3441902995109558,5.5,1,0.13508905470371246,0.0030404042918235064,0.21474087238311768,0.18748588860034943,0.10000000149011612,0.10000000149011612,0.10000000149011612,0.10000000149011612,0.10000000149011612,0.10000000149011612,0.10000000149011612,0.10000000149011612,0.10000000149011612,0.10000000149011612
59,PRT,Portugal,2018,-1.9006779193878174,0.24678349494934082,5.5,1,0.5889715552330017,0.3899436593055725,0.6463295221328735,0.7306414842605591,0.10000000149011612,0.10000000149011612,0.10000000149011612,0.10000000149011612,0.10000000149011612,0.10000000149011612,0.10000000149011612,0.10000000149011612,0.10000000149011612,0.10000000149011612
59,PRT,Portugal,2019,-2.685220718383789,0.27432844042778015,5.5,1,0.5889715552330017,0.3899436593055725,0.6463295221328735,0.7306414842605591,0.10000000149011612,0.10000000149011612,0.10000000149011612,0.10000000149011612,0.10000000149011612,0.10000000149011612,0.10000000149011612,0.10000000149011612,0.10000000149011612,0.10000000149011612
59,PRT,Portugal,2020,-3.400998592376709,0.28920871019363403,5.5,1,0.5889715552330017,0.3899436593055725,0.6463295221328735,0.7306414842605591,0.10000000149011612,0.10000000149011612,0.10000000149011612,0.10000000149011612,0.10000000149011612,0.10000000149011612,0.10000000149011612,0.10000000149011612,0.10000000149011612,0.10000000149011612
59,PRT,Portugal,2021,-3.9149670600891113,0.2906785309314728,5.5,1,0.5889715552330017,0.3899436593055725,0.6463295221328735,0.7306414842605591,0.10000000149011612,0.10000000149011612,0.10000000149011612,0.10000000149011612,0.10000000149011612,0.10000000149011612,0.10000000149011612,0.10000000149011612,0.10000000149011612,0.10000000149011612
59,PRT,Portugal,2022,-3.713021755218506,0.296009361743927,5.5,1,0.5889715552330017,0.3899436593055725,0.6463295221328735,0.7306414842605591,0.10000000149011612,0.10000000149011612,0.10000000149011612,0.10000000149011612,0.10000000149011612,0.10000000149011612,0.10000000149011612,0.10000000149011612,0.10000000149011612,0.10000000149011612
59,PRT,Portugal,2023,-4.624629497528076,0.30678579211235046,5.5,1,0.5889715552330017,0.3899436593055725,0.6463295221328735,0.7306414842605591,0.10000000149011612,0.10000000149011612,0.10000000149011612,0.10000000149011612,0.10000000149011612,0.10000000149011612,0.10000000149011612,0.10000000149011612,0.10000000149011612,0.10000000149011612
60,QAT,Qatar,2018,-6.880117416381836,-0.03581457585096359,5.5,1,-0.037850040942430496,0.02352459356188774,-0.20334964990615845,0.06627492606639862,0.10000000149011612,0.10000000149011612,0.10000000149011612,0.10000000149011612,0.10000000149011612,0.10000000149011612,0.10000000149011612,0.10000000149011612,0.10000000149011612,0.10000000149011612
60,QAT,Qatar,2019,-4.506235599517822,0.09061289578676224,5.5,1,-0.037850040942430496,0.02352459356188774,-0.20334964990615845,0.06627492606639862,0.10000000149011612,0.10000000149011612,0.10000000149011612,0.10000000149011612,0.10000000149011612,0.10000000149011612,0.10000000149011612,0.10000000149011612,0.10000000149011612,0.10000000149011612
60,QAT,Qatar,2020,-5.444746971130371,0.21317976713180542,5.5,1,-0.037850040942430496,0.02352459356188774,-0.20334964990615845,0.06627492606639862,0.10000000149011612,0.10000000149011612,0.10000000149011612,0.10000000149011612,0.10000000149011612,0.10000000149011612,0.10000000149011612,0.10000000149011612,0.10000000149011612,0.10000000149011612
60,QAT,Qatar,2021,-6.548878192901611,0.30387914180755615,5.5,1,-0.037850040942430496,0.02352459356188774,-0.20334964990615845,0.06627492606639862,0.10000000149011612,0.10000000149011612,0.10000000149011612,0.10000000149011612,0.10000000149011612,0.10000000149011612,0.10000000149011612,0.10000000149011612,0.10000000149011612,0.10000000149011612
60,QAT,Qatar,2022,-4.892681121826172,0.33691340684890747,5.5,1,-0.037850040942430496,0.02352459356188774,-0.20334964990615845,0.06627492606639862,0.10000000149011612,0.10000000149011612,0.10000000149011612,0.10000000149011612,0.10000000149011612,0.10000000149011612,0.10000000149011612,0.10000000149011612,0.10000000149011612,0.10000000149011612
60,QAT,Qatar,2023,-5.334333896636963,0.26669853925704956,5.5,1,-0.037850040942430496,0.02352459356188774,-0.20334964990615845,0.06627492606639862,0.10000000149011612,0.10000000149011612,0.10000000149011612,0.10000000149011612,0.10000000149011612,0.10000000149011612,0.10000000149011612,0.10000000149011612,0.10000000149011612,0.10000000149011612
61,ROU,Romania,2018,-3.695746898651123,0.1769135594367981,5.5,1,-0.6137262582778931,-0.9381364583969116,-0.44055911898612976,-0.4624831974506378,0.10000000149011612,0.10000000149011612,0.10000000149011612,0.10000000149011612,0.10000000149011612,0.10000000149011612,0.10000000149011612,0.10000000149011612,0.10000000149011612,0.10000000149011612
61,ROU,Romania,2019,-4.160907745361328,0.227045476436615,5.5,1,-0.6137262582778931,-0.9381364583969116,-0.44055911898612976,-0.4624831974506378,0.10000000149011612,0.10000000149011612,0.10000000149011612,0.10000000149011612,0.10000000149011612,0.10000000149011612,0.10000000149011612,0.10000000149011612,0.10000000149011612,0.10000000149011612
61,ROU,Romania,2020,-5.406534671783447,0.2674127221107483,5.5,1,-0.6137262582778931,-0.9381364583969116,-0.44055911898612976,-0.4624831974506378,0.10000000149011612,0.10000000149011612,0.10000000149011612,0.10000000149011612,0.10000000149011612,0.10000000149011612,0.10000000149011612,0.10000000149011612,0.10000000149011612,0.10000000149011612
61,ROU,Romania,2021,-5.111453533172607,0.26870888471603394,5.5,1,-0.6137262582778931,-0.9381364583969116,-0.44055911898612976,-0.4624831974506378,0.10000000149011612,0.10000000149011612,0.10000000149011612,0.10000000149011612,0.10000000149011612,0.10000000149011612,0.10000000149011612,0.10000000149011612,0.10000000149011612,0.10000000149011612
61,ROU,Romania,2022,-4.921149253845215,0.30364173650741577,5.5,1,-0.6137262582778931,-0.9381364583969116,-0.44055911898612976,-0.4624831974506378,0.10000000149011612,0.10000000149011612,0.10000000149011612,0.10000000149011612,0.10000000149011612,0.10000000149011612,0.10000000149011612,0.10000000149011612,0.10000000149011612,0.10000000149011612
61,ROU,Romania,2023,-6.2508416175842285,0.34156739711761475,5.5,1,-0.6137262582778931,-0.9381364583969116,-0.44055911898612976,-0.4624831974506378,0.10000000149011612,0.10000000149011612,0.10000000149011612,0.10000000149011612,0.10000000149011612,0.10000000149011612,0.10000000149011612,0.10000000149011612,0.10000000149011612,0.10000000149011612
62,RUS,Russia,2018,-3.6435298919677734,-0.4603326618671417,6.056400775909424,7,-1.1349221467971802,-1.1962112188339233,-0.9114767909049988,-1.2970784902572632,0.03346921131014824,0.04727757349610329,0.08057592064142227,0.11983655393123627,0.12740135192871094,0.1372709572315216,0.14052873849868774,0.13585902750492096,0.10171006619930267,0.07607059180736542
62,RUS,Russia,2019,-3.5361337661743164,-0.4631785750389099,6.056400775909424,7,-1.1349221467971802,-1.1962112188339233,-0.9114767909049988,-1.2970784902572632,0.03346921131014824,0.04727757349610329,0.08057592064142227,0.11983655393123627,0.12740135192871094,0.1372709572315216,0.14052873849868774,0.13585902750492096,0.10171006619930267,0.07607059180736542
62,RUS,Russia,2020,-6.922895908355713,-0.49410444498062134,6.056400775909424,7,-1.1349221467971802,-1.1962112188339233,-0.9114767909049988,-1.2970784902572632,0.03346921131014824,0.04727757349610329,0.08057592064142227,0.11983655393123627,0.12740135192871094,0.1372709572315216,0.14052873849868774,0.13585902750492096,0.10171006619930267,0.07607059180736542
62,RUS,Russia,2021,-5.5373334884643555,-0.4801903963088989,6.056400775909424,7,-1.1349221467971802,-1.1962112188339233,-0.9114767909049988,-1.2970784902572632,0.03346921131014824,0.04727757349610329,0.08057592064142227,0.11983655393123627,0.12740135192871094,0.1372709572315216,0.14052873849868774,0.13585902750492096,0.10171006619930267,0.07607059180736542
62,RUS,Russia,2022,-4.097316741943359,-0.4360246956348419,6.056400775909424,7,-1.1349221467971802,-1.1962112188339233,-0.9114767909049988,-1.2970784902572632,0.03346921131014824,0.04727757349610329,0.08057592064142227,0.11983655393123627,0.12740135192871094,0.1372709572315216,0.14052873849868774,0.13585902750492096,0.10171006619930267,0.07607059180736542
62,RUS,Russia,2023,-3.127725601196289,-0.4006694555282593,6.056400775909424,7,-1.1349221467971802,-1.1962112188339233,-0.9114767909049988,-1.2970784902572632,0.03346921131014824,0.04727757349610329,0.08057592064142227,0.11983655393123627,0.12740135192871094,0.1372709572315216,0.14052873849868774,0.13585902750492096,0.10171006619930267,0.07607059180736542
63,SAU,Saudi Arabia,2018,2.299851655960083,0.0545622780919075,5.884576797485352,6,-0.5544285178184509,-0.6724381446838379,-0.49509498476982117,-0.4957524538040161,0.021257106214761734,0.05800062417984009,0.09124337881803513,0.12705600261688232,0.13800360262393951,0.15192334353923798,0.14503373205661774,0.11853757500648499,0.08917652070522308,0.059768062084913254
63,SAU,Saudi Arabia,2019,1.9578986167907715,0.038936443626880646,5.884576797485352,6,-0.5544285178184509,-0.6724381446838379,-0.49509498476982117,-0.4957524538040161,0.021257106214761734,0.05800062417984009,0.09124337881803513,0.12705600261688232,0.13800360262393951,0.15192334353923798,0.14503373205661774,0.11853757500648499,0.08917652070522308,0.059768062084913254
63,SAU,Saudi Arabia,2020,2.004265069961548,0.13051611185073853,5.884576797485352,6,-0.5544285178184509,-0.6724381446838379,-0.49509498476982117,-0.4957524538040161,0.021257106214761734,0.05800062417984009,0.09124337881803513,0.12705600261688232,0.13800360262393951,0.15192334353923798,0.14503373205661774,0.11853757500648499,0.08917652070522308,0.059768062084913254
63,SAU,Saudi Arabia,2021,2.169445753097534,0.027030177414417267,5.884576797485352,6,-0.5544285178184509,-0.6724381446838379,-0.49509498476982117,-0.4957524538040161,0.021257106214761734,0.05800062417984009,0.09124337881803513,0.12705600261688232,0.13800360262393951,0.15192334353923798,0.14503373205661774,0.11853757500648499,0.08917652070522308,0.059768062084913254
63,SAU,Saudi Arabia,2022,1.4797439575195312,0.08788270503282547,5.884576797485352,6,-0.5544285178184509,-0.6724381446838379,-0.49509498476982117,-0.4957524538040161,0.021257106214761734,0.05800062417984009,0.09124337881803513,0.12705600261688232,0.13800360262393951,0.15192334353923798,0.14503373205661774,0.11853757500648499,0.08917652070522308,0.059768062084913254
63,SAU,Saudi Arabia,2023,0.6857173442840576,0.03206247836351395,5.884576797485352,6,-0.5544285178184509,-0.6724381446838379,-0.49509498476982117,-0.4957524538040161,0.021257106214761734,0.05800062417984009,0.09124337881803513,0.12705600261688232,0.13800360262393951,0.15192334353923798,0.14503373205661774,0.11853757500648499,0.08917652070522308,0.059768062084913254
64,SGP,Singapore,2018,-1.5155048370361328,-0.033766306936740875,5.5,1,1.4344711303710938,1.7217825651168823,1.536649465560913,1.0449817180633545,0.10000000149011612,0.10000000149011612,0.10000000149011612,0.10000000149011612,0.10000000149011612,0.10000000149011612,0.10000000149011612,0.10000000149011612,0.10000000149011612,0.10000000149011612
64,SGP,Singapore,2019,-1.5344992876052856,-0.02112375944852829,5.5,1,1.4344711303710938,1.7217825651168823,1.536649465560913,1.0449817180633545,0.10000000149011612,0.10000000149011612,0.10000000149011612,0.10000000149011612,0.10000000149011612,0.10000000149011612,0.10000000149011612,0.10000000149011612,0.10000000149011612,0.10000000149011612
64,SGP,Singapore,2020,-1.5631846189498901,0.021103300154209137,5.5,1,1.4344711303710938,1.7217825651168823,1.536649465560913,1.0449817180633545,0.10000000149011612,0.10000000149011612,0.10000000149011612,0.10000000149011612,0.10000000149011612,0.10000000149011612,0.10000000149011612,0.10000000149011612,0.10000000149011612,0.10000000149011612
64,SGP,Singapore,2021,-1.5329487323760986,0.06767264753580093,5.5,1,1.4344711303710938,1.7217825651168823,1.536649465560913,1.0449817180633545,0.10000000149011612,0.10000000149011612,0.10000000149011612,0.10000000149011612,0.10000000149011612,0.10000000149011612,0.10000000149011612,0.10000000149011612,0.10000000149011612,0.10000000149011612
64,SGP,Singapore,2022,-1.5709375143051147,0.12123239785432816,5.5,1,1.4344711303710938,1.7217825651168823,1.536649465560913,1.0449817180633545,0.10000000149011612,0.10000000149011612,0.10000000149011612,0.10000000149011612,0.10000000149011612,0.10000000149011612,0.10000000149011612,0.10000000149011612,0.10000000149011612,0.10000000149011612
64,SGP,Singapore,2023,-1.6358672380447388,0.16146185994148254,5.5,1,1.4344711303710938,1.7217825651168823,1.536649465560913,1.0449817180633545,0.10000000149011612,0.10000000149011612,0.10000000149011612,0.10000000149011612,0.10000000149011612,0.10000000149011612,0.10000000149011612,0.10000000149011612,0.10000000149011612,0.10000000149011612
65,SVK,Slovakia,2018,-1.5849237442016602,0.26434457302093506,5.5,1,0.11652449518442154,0.11614179611206055,0.3065413236618042,-0.07310961931943893,0.10000000149011612,0.10000000149011612,0.10000000149011612,0.10000000149011612,0.10000000149011612,0.10000000149011612,0.10000000149011612,0.10000000149011612,0.10000000149011612,0.10000000149011612
65,SVK,Slovakia,2019,-2.091881036758423,0.30436718463897705,5.5,1,0.11652449518442154,0.11614179611206055,0.3065413236618042,-0.07310961931943893,0.10000000149011612,0.10000000149011612,0.10000000149011612,0.10000000149011612,0.10000000149011612,0.10000000149011612,0.10000000149011612,0.10000000149011612,0.10000000149011612,0.10000000149011612
65,SVK,Slovakia,2020,-2.406219482421875,0.31647151708602905,5.5,1,0.11652449518442154,0.11614179611206055,0.3065413236618042,-0.07310961931943893,0.10000000149011612,0.10000000149011612,0.10000000149011612,0.10000000149011612,0.10000000149011612,0.10000000149011612,0.10000000149011612,0.10000000149011612,0.10000000149011612,0.10000000149011612
65,SVK,Slovakia,2021,-2.1880667209625244,0.321228563785553,5.5,1,0.11652449518442154,0.11614179611206055,0.3065413236618042,-0.07310961931943893,0.10000000149011612,0.10000000149011612,0.10000000149011612,0.10000000149011612,0.10000000149011612,0.10000000149011612,0.10000000149011612,0.10000000149011612,0.10000000149011612,0.10000000149011612
65,SVK,Slovakia,2022,-2.8150081634521484,0.3338157534599304,5.5,1,0.11652449518442154,0.11614179611206055,0.3065413236618042,-0.07310961931943893,0.10000000149011612,0.10000000149011612,0.10000000149011612,0.10000000149011612,0.10000000149011612,0.10000000149011612,0.10000000149011612,0.10000000149011612,0.10000000149011612,0.10000000149011612
65,SVK,Slovakia,2023,-3.482109785079956,0.3391695022583008,5.5,1,0.11652449518442154,0.11614179611206055,0.3065413236618042,-0.07310961931943893,0.10000000149011612,0.10000000149011612,0.10000000149011612,0.10000000149011612,0.10000000149011612,0.10000000149011612,0.10000000149011612,0.10000000149011612,0.10000000149011612,0.10000000149011612
66,SVN,Slovenia,2018,-4.337141990661621,0.27304086089134216,5.5,1,0.38642582297325134,0.28950437903404236,0.34630832076072693,0.5234646797180176,0.10000000149011612,0.10000000149011612,0.10000000149011612,0.10000000149011612,0.10000000149011612,0.10000000149011612,0.10000000149011612,0.10000000149011612,0.10000000149011612,0.10000000149011612
66,SVN,Slovenia,2019,-4.712256908416748,0.2853308320045471,5.5,1,0.38642582297325134,0.28950437903404236,0.34630832076072693,0.5234646797180176,0.10000000149011612,0.10000000149011612,0.10000000149011612,0.10000000149011612,0.10000000149011612,0.10000000149011612,0.10000000149011612,0.10000000149011612,0.10000000149011612,0.10000000149011612
66,SVN,Slovenia,2020,-6.15969705581665,0.27625176310539246,5.5,1,0.38642582297325134,0.28950437903404236,0.34630832076072693,0.5234646797180176,0.10000000149011612,0.10000000149011612,0.10000000149011612,0.10000000149011612,0.10000000149011612,0.10000000149011612,0.10000000149011612,0.10000000149011612,0.10000000149011612,0.10000000149011612
66,SVN,Slovenia,2021,-6.669349670410156,0.2749609351158142,5.5,1,0.38642582297325134,0.28950437903404236,0.34630832076072693,0.5234646797180176,0.10000000149011612,0.10000000149011612,0.10000000149011612,0.10000000149011612,0.10000000149011612,0.10000000149011612,0.10000000149011612,0.10000000149011612,0.10000000149011612,0.10000000149011612
66,SVN,Slovenia,2022,-7.458681583404541,0.3083697557449341,5.5,1,0.38642582297325134,0.28950437903404236,0.34630832076072693,0.5234646797180176,0.10000000149011612,0.10000000149011612,0.10000000149011612,0.10000000149011612,0.10000000149011612,0.10000000149011612,0.10000000149011612,0.10000000149011612,0.10000000149011612,0.10000000149011612
66,SVN,Slovenia,2023,-9.606645584106445,0.31471312046051025,5.5,1,0.38642582297325134,0.28950437903404236,0.34630832076072693,0.5234646797180176,0.10000000149011612,0.10000000149011612,0.10000000149011612,0.10000000149011612,0.10000000149011612,0.10000000149011612,0.10000000149011612,0.10000000149011612,0.10000000149011612,0.10000000149011612
67,SWE,Sweden,2018,-1.111396074295044,0.288776695728302,5.5,1,1.3480762243270874,1.4301238059997559,1.161694884300232,1.4524099826812744,0.10000000149011612,0.10000000149011612,0.10000000149011612,0.10000000149011612,0.10000000149011612,0.10000000149011612,0.10000000149011612,0.10000000149011612,0.10000000149011612,0.10000000149011612
67,SWE,Sweden,2019,-1.153639554977417,0.2879253625869751,5.5,1,1.3480762243270874,1.4301238059997559,1.161694884300232,1.4524099826812744,0.10000000149011612,0.10000000149011612,0.10000000149011612,0.10000000149011612,0.10000000149011612,0.10000000149011612,0.10000000149011612,0.10000000149011612,0.10000000149011612,0.10000000149011612
67,SWE,Sweden,2020,-1.5468288660049438,0.28693461418151855,5.5,1,1.3480762243270874,1.4301238059997559,1.161694884300232,1.4524099826812744,0.10000000149011612,0.10000000149011612,0.10000000149011612,0.10000000149011612,0.10000000149011612,0.10000000149011612,0.10000000149011612,0.10000000149011612,0.10000000149011612,0.10000000149011612
67,SWE,Sweden,2021,-1.2186294794082642,0.29471293091773987,5.5,1,1.3480762243270874,1.4301238059997559,1.161694884300232,1.4524099826812744,0.10000000149011612,0.10000000149011612,0.10000000149011612,0.10000000149011612,0.10000000149011612,0.10000000149011612,0.10000000149011612,0.10000000149011612,0.10000000149011612,0.10000000149011612
67,SWE,Sweden,2022,-1.295534372329712,0.3021029233932495,5.5,1,1.3480762243270874,1.4301238059997559,1.161694884300232,1.4524099826812744,0.10000000149011612,0.10000000149011612,0.10000000149011612,0.10000000149011612,0.10000000149011612,0.10000000149011612,0.10000000149011612,0.10000000149011612,0.10000000149011612,0.10000000149011612
67,SWE,Sweden,2023,-1.5739079713821411,0.30433470010757446,5.5,1,1.3480762243270874,1.4301238059997559,1.161694884300232,1.4524099826812744,0.10000000149011612,0.10000000149011612,0.10000000149011612,0.10000000149011612,0.10000000149011612,0.10000000149011612,0.10000000149011612,0.10000000149011612,0.10000000149011612,0.10000000149011612
68,THA,Thailand,2018,-6.279742240905762,0.2806035280227661,5.5,1,-0.2564157247543335,-0.22457081079483032,-0.3106171190738678,-0.23405922949314117,0.10000000149011612,0.10000000149011612,0.10000000149011612,0.10000000149011612,0.10000000149011612,0.10000000149011612,0.10000000149011612,0.10000000149011612,0.10000000149011612,0.10000000149011612
68,THA,Thailand,2019,-7.279186248779297,0.28533631563186646,5.5,1,-0.2564157247543335,-0.22457081079483032,-0.3106171190738678,-0.23405922949314117,0.10000000149011612,0.10000000149011612,0.10000000149011612,0.10000000149011612,0.10000000149011612,0.10000000149011612,0.10000000149011612,0.10000000149011612,0.10000000149011612,0.10000000149011612
68,THA,Thailand,2020,-5.78999662399292,0.2881701588630676,5.5,1,-0.2564157247543335,-0.22457081079483032,-0.3106171190738678,-0.23405922949314117,0.10000000149011612,0.10000000149011612,0.10000000149011612,0.10000000149011612,0.10000000149011612,0.10000000149011612,0.10000000149011612,0.10000000149011612,0.10000000149011612,0.10000000149011612
68,THA,Thailand,2021,-6.593542575836182,0.31531965732574463,5.5,1,-0.2564157247543335,-0.22457081079483032,-0.3106171190738678,-0.23405922949314117,0.10000000149011612,0.10000000149011612,0.10000000149011612,0.10000000149011612,0.10000000149011612,0.10000000149011612,0.10000000149011612,0.10000000149011612,0.10000000149011612,0.10000000149011612
68,THA,Thailand,2022,-7.6401472091674805,0.32332468032836914,5.5,1,-0.2564157247543335,-0.22457081079483032,-0.3106171190738678,-0.23405922949314117,0.10000000149011612,0.10000000149011612,0.10000000149011612,0.10000000149011612,0.10000000149011612,0.10000000149011612,0.10000000149011612,0.10000000149011612,0.10000000149011612,0.10000000149011612
68,THA,Thailand,2023,-9.644476890563965,0.330053448677063,5.5,1,-0.2564157247543335,-0.22457081079483032,-0.3106171190738678,-0.23405922949314117,0.10000000149011612,0.10000000149011612,0.10000000149011612,0.10000000149011612,0.10000000149011612,0.10000000149011612,0.10000000149011612,0.10000000149011612,0.10000000149011612,0.10000000149011612
69,TKM,Turkmenistan,2018,-0.8944293856620789,-0.28213614225387573,8.293614387512207,9,-2.006190538406372,-1.8531438112258911,-2.4522314071655273,-1.7131962776184082,0.0,0.0,0.0,0.0,0.0,0.08814115822315216,0.22401843965053558,0.2169586718082428,0.24784842133522034,0.22303330898284912
69,TKM,Turkmenistan,2019,1.0794837474822998,-0.2718345820903778,8.293614387512207,9,-2.006190538406372,-1.8531438112258911,-2.4522314071655273,-1.7131962776184082,0.0,0.0,0.0,0.0,0.0,0.08814115822315216,0.22401843965053558,0.2169586718082428,0.24784842133522034,0.22303330898284912
69,TKM,Turkmenistan,2020,1.1499806642532349,-0.2511744797229767,8.293614387512207,9,-2.006190538406372,-1.8531438112258911,-2.4522314071655273,-1.7131962776184082,0.0,0.0,0.0,0.0,0.0,0.08814115822315216,0.22401843965053558,0.2169586718082428,0.24784842133522034,0.22303330898284912
69,TKM,Turkmenistan,2021,-3.7143051624298096,-0.23288926482200623,8.293614387512207,9,-2.006190538406372,-1.8531438112258911,-2.4522314071655273,-1.7131962776184082,0.0,0.0,0.0,0.0,0.0,0.08814115822315216,0.22401843965053558,0.2169586718082428,0.24784842133522034,0.22303330898284912
69,TKM,Turkmenistan,2022,-2.6568517684936523,-0.21523839235305786,8.293614387512207,9,-2.006190538406372,-1.8531438112258911,-2.4522314071655273,-1.7131962776184082,0.0,0.0,0.0,0.0,0.0,0.08814115822315216,0.22401843965053558,0.2169586718082428,0.24784842133522034,0.22303330898284912
69,TKM,Turkmenistan,2023,-1.52890145778656,-0.20198765397071838,8.293614387512207,9,-2.006190538406372,-1.8531438112258911,-2.4522314071655273,-1.7131962776184082,0.0,0.0,0.0,0.0,0.0,0.08814115822315216,0.22401843965053558,0.2169586718082428,0.24784842133522034,0.22303330898284912
70,TTO,Trinidad and Tobago,2018,1.318193793296814,-0.4744795858860016,5.5,1,-0.04588906839489937,-0.1480531096458435,0.11017729341983795,-0.09979138523340225,0.10000000149011612,0.10000000149011612,0.10000000149011612,0.10000000149011612,0.10000000149011612,0.10000000149011612,0.10000000149011612,0.10000000149011612,0.10000000149011612,0.10000000149011612
70,TTO,Trinidad and Tobago,2019,1.3760409355163574,-0.5272129774093628,5.5,1,-0.04588906839489937,-0.1480531096458435,0.11017729341983795,-0.09979138523340225,0.10000000149011612,0.10000000149011612,0.10000000149011612,0.10000000149011612,0.10000000149011612,0.10000000149011612,0.10000000149011612,0.10000000149011612,0.10000000149011612,0.10000000149011612
70,TTO,Trinidad and Tobago,2020,1.318193793296814,-0.56463623046875,5.5,1,-0.04588906839489937,-0.1480531096458435,0.11017729341983795,-0.09979138523340225,0.10000000149011612,0.10000000149011612,0.10000000149011612,0.10000000149011612,0.10000000149011612,0.10000000149011612,0.10000000149011612,0.10000000149011612,0.10000000149011612,0.10000000149011612
70,TTO,Trinidad and Tobago,2021,1.665277123451233,-0.57736736536026,5.5,1,-0.04588906839489937,-0.1480531096458435,0.11017729341983795,-0.09979138523340225,0.10000000149011612,0.10000000149011612,0.10000000149011612,0.10000000149011612,0.10000000149011612,0.10000000149011612,0.10000000149011612,0.10000000149011612,0.10000000149011612,0.10000000149011612
70,TTO,Trinidad and Tobago,2022,2.058638334274292,-0.5843003988265991,5.5,1,-0.04588906839489937,-0.1480531096458435,0.11017729341983795,-0.09979138523340225,0.10000000149011612,0.10000000149011612,0.10000000149011612,0.10000000149011612,0.10000000149011612,0.10000000149011612,0.10000000149011612,0.10000000149011612,0.10000000149011612,0.10000000149011612
70,TTO,Trinidad and Tobago,2023,2.058638334274292,-0.5882228016853333,5.5,1,-0.04588906839489937,-0.1480531096458435,0.11017729341983795,-0.09979138523340225,0.10000000149011612,0.10000000149011612,0.10000000149011612,0.10000000149011612,0.10000000149011612,0.10000000149011612,0.10000000149011612,0.10000000149011612,0.10000000149011612,0.10000000149011612
71,TUR,Turkey,2018,-0.10262159258127213,-0.04813026636838913,5.5,1,-0.3568929135799408,-0.3960716426372528,-0.2856121361255646,-0.3889949917793274,0.10000000149011612,0.10000000149011612,0.10000000149011612,0.10000000149011612,0.10000000149011612,0.10000000149011612,0.10000000149011612,0.10000000149011612,0.10000000149011612,0.10000000149011612
71,TUR,Turkey,2019,-1.772402048110962,0.023383595049381256,5.5,1,-0.3568929135799408,-0.3960716426372528,-0.2856121361255646,-0.3889949917793274,0.10000000149011612,0.10000000149011612,0.10000000149011612,0.10000000149011612,0.10000000149011612,0.10000000149011612,0.10000000149011612,0.10000000149011612,0.10000000149011612,0.10000000149011612
71,TUR,Turkey,2020,-1.959740161895752,0.09266261011362076,5.5,1,-0.3568929135799408,-0.3960716426372528,-0.2856121361255646,-0.3889949917793274,0.10000000149011612,0.10000000149011612,0.10000000149011612,0.10000000149011612,0.10000000149011612,0.10000000149011612,0.10000000149011612,0.10000000149011612,0.10000000149011612,0.10000000149011612
71,TUR,Turkey,2021,-1.391783356666565,0.12672680616378784,5.5,1,-0.3568929135799408,-0.3960716426372528,-0.2856121361255646,-0.3889949917793274,0.10000000149011612,0.10000000149011612,0.10000000149011612,0.10000000149011612,0.10000000149011612,0.10000000149011612,0.10000000149011612,0.10000000149011612,0.10000000149011612,0.10000000149011612
71,TUR,Turkey,2022,-1.788352370262146,0.17128527164459229,5.5,1,-0.3568929135799408,-0.3960716426372528,-0.2856121361255646,-0.3889949917793274,0.10000000149011612,0.10000000149011612,0.10000000149011612,0.10000000149011612,0.10000000149011612,0.10000000149011612,0.10000000149011612,0.10000000149011612,0.10000000149011612,0.10000000149011612
71,TUR,Turkey,2023,-1.6069564819335938,0.20564857125282288,5.5,1,-0.3568929135799408,-0.3960716426372528,-0.2856121361255646,-0.3889949917793274,0.10000000149011612,0.10000000149011612,0.10000000149011612,0.10000000149011612,0.10000000149011612,0.10000000149011612,0.10000000149011612,0.10000000149011612,0.10000000149011612,0.10000000149011612
72,UKR,Ukraine,2018,-3.635014295578003,0.06880245357751846,5.5,1,-1.2346214056015015,-1.3236093521118164,-1.1485481262207031,-1.2317067384719849,0.10000000149011612,0.10000000149011612,0.10000000149011612,0.10000000149011612,0.10000000149011612,0.10000000149011612,0.10000000149011612,0.10000000149011612,0.10000000149011612,0.10000000149011612
72,UKR,Ukraine,2019,-4.1212358474731445,0.11418197304010391,5.5,1,-1.2346214056015015,-1.3236093521118164,-1.1485481262207031,-1.2317067384719849,0.10000000149011612,0.10000000149011612,0.10000000149011612,0.10000000149011612,0.10000000149011612,0.10000000149011612,0.10000000149011612,0.10000000149011612,0.10000000149011612,0.10000000149011612
72,UKR,Ukraine,2020,-5.126094341278076,0.11663088947534561,5.5,1,-1.2346214056015015,-1.3236093521118164,-1.1485481262207031,-1.2317067384719849,0.10000000149011612,0.10000000149011612,0.10000000149011612,0.10000000149011612,0.10000000149011612,0.10000000149011612,0.10000000149011612,0.10000000149011612,0.10000000149011612,0.10000000149011612
72,UKR,Ukraine,2021,-7.988569259643555,0.09955666214227676,5.5,1,-1.2346214056015015,-1.3236093521118164,-1.1485481262207031,-1.2317067384719849,0.10000000149011612,0.10000000149011612,0.10000000149011612,0.10000000149011612,0.10000000149011612,0.10000000149011612,0.10000000149011612,0.10000000149011612,0.10000000149011612,0.10000000149011612
72,UKR,Ukraine,2022,-9.796317100524902,0.12541252374649048,5.5,1,-1.2346214056015015,-1.3236093521118164,-1.1485481262207031,-1.2317067384719849,0.10000000149011612,0.10000000149011612,0.10000000149011612,0.10000000149011612,0.10000000149011612,0.10000000149011612,0.10000000149011612,0.10000000149011612,0.10000000149011612,0.10000000149011612
72,UKR,Ukraine,2023,-9.796317100524902,0.13321983814239502,5.5,1,-1.2346214056015015,-1.3236093521118164,-1.1485481262207031,-1.2317067384719849,0.10000000149011612,0.10000000149011612,0.10000000149011612,0.10000000149011612,0.10000000149011612,0.10000000149011612,0.10000000149011612,0.10000000149011612,0.10000000149011612,0.10000000149011612
73,USA,United States,2018,-7.697317123413086,0.2678261995315552,5.5,1,1.167035460472107,1.1881818771362305,1.1316249370574951,1.1812996864318848,0.10000000149011612,0.10000000149011612,0.10000000149011612,0.10000000149011612,0.10000000149011612,0.10000000149011612,0.10000000149011612,0.10000000149011612,0.10000000149011612,0.10000000149011612
73,USA,United States,2019,-9.035722732543945,0.2972882390022278,5.5,1,1.167035460472107,1.1881818771362305,1.1316249370574951,1.1812996864318848,0.10000000149011612,0.10000000149011612,0.10000000149011612,0.10000000149011612,0.10000000149011612,0.10000000149011612,0.10000000149011612,0.10000000149011612,0.10000000149011612,0.10000000149011612
73,USA,United States,2020,-10.637649536132812,0.31182771921157837,5.5,1,1.167035460472107,1.1881818771362305,1.1316249370574951,1.1812996864318848,0.10000000149011612,0.10000000149011612,0.10000000149011612,0.10000000149011612,0.10000000149011612,0.10000000149011612,0.10000000149011612,0.10000000149011612,0.10000000149011612,0.10000000149011612
73,USA,United States,2021,-9.941286087036133,0.32512807846069336,5.5,1,1.167035460472107,1.1881818771362305,1.1316249370574951,1.1812996864318848,0.10000000149011612,0.10000000149011612,0.10000000149011612,0.10000000149011612,0.10000000149011612,0.10000000149011612,0.10000000149011612,0.10000000149011612,0.10000000149011612,0.10000000149011612
73,USA,United States,2022,-10.715087890625,0.33029741048812866,5.5,1,1.167035460472107,1.1881818771362305,1.1316249370574951,1.1812996864318848,0.10000000149011612,0.10000000149011612,0.10000000149011612,0.10000000149011612,0.10000000149011612,0.10000000149011612,0.10000000149011612,0.10000000149011612,0.10000000149011612,0.10000000149011612
73,USA,United States,2023,-11.726405143737793,0.3348194360733032,5.5,1,1.167035460472107,1.1881818771362305,1.1316249370574951,1.1812996864318848,0.10000000149011612,0.10000000149011612,0.10000000149011612,0.10000000149011612,0.10000000149011612,0.10000000149011612,0.10000000149011612,0.10000000149011612,0.10000000149011612,0.10000000149011612
74,UZB,Uzbekistan,2018,1.4206937551498413,-0.12024953216314316,5.5,1,-1.8003510236740112,-1.597791075706482,-2.1902878284454346,-1.6129741668701172,0.10000000149011612,0.10000000149011612,0.10000000149011612,0.10000000149011612,0.10000000149011612,0.10000000149011612,0.10000000149011612,0.10000000149011612,0.10000000149011612,0.10000000149011612
74,UZB,Uzbekistan,2019,0.9323561787605286,-0.1402413249015808,5.5,1,-1.8003510236740112,-1.597791075706482,-2.1902878284454346,-1.6129741668701172,0.10000000149011612,0.10000000149011612,0.10000000149011612,0.10000000149011612,0.10000000149011612,0.10000000149011612,0.10000000149011612,0.10000000149011612,0.10000000149011612,0.10000000149011612
74,UZB,Uzbekistan,2020,1.6637600660324097,-0.20189613103866577,5.5,1,-1.8003510236740112,-1.597791075706482,-2.1902878284454346,-1.6129741668701172,0.10000000149011612,0.10000000149011612,0.10000000149011612,0.10000000149011612,0.10000000149011612,0.10000000149011612,0.10000000149011612,0.10000000149011612,0.10000000149011612,0.10000000149011612
74,UZB,Uzbekistan,2021,1.6973286867141724,-0.3014911115169525,5.5,1,-1.8003510236740112,-1.597791075706482,-2.1902878284454346,-1.6129741668701172,0.10000000149011612,0.10000000149011612,0.10000000149011612,0.10000000149011612,0.10000000149011612,0.10000000149011612,0.10000000149011612,0.10000000149011612,0.10000000149011612,0.10000000149011612
74,UZB,Uzbekistan,2022,0.9835667014122009,-0.33072900772094727,5.5,1,-1.8003510236740112,-1.597791075706482,-2.1902878284454346,-1.6129741668701172,0.10000000149011612,0.10000000149011612,0.10000000149011612,0.10000000149011612,0.10000000149011612,0.10000000149011612,0.10000000149011612,0.10000000149011612,0.10000000149011612,0.10000000149011612
74,UZB,Uzbekistan,2023,0.9794012308120728,-0.3816577196121216,5.5,1,-1.8003510236740112,-1.597791075706482,-2.1902878284454346,-1.6129741668701172,0.10000000149011612,0.10000000149011612,0.10000000149011612,0.10000000149011612,0.10000000149011612,0.10000000149011612,0.10000000149011612,0.10000000149011612,0.10000000149011612,0.10000000149011612
75,VEN,Venezuela,2018,4.365685939788818,-0.45437753200531006,5.289335250854492,5,-1.5081526041030884,-1.3741530179977417,-1.5062425136566162,-1.6440623998641968,0.07131373882293701,0.028560088947415352,0.02956678718328476,0.02341572381556034,0.3213808238506317,0.3087061643600464,0.21705667674541473,0.0,0.0,0.0
75,VEN,Venezuela,2019,4.361935615539551,-0.4662955403327942,5.289335250854492,5,-1.5081526041030884,-1.3741530179977417,-1.5062425136566162,-1.6440623998641968,0.07131373882293701,0.028560088947415352,0.02956678718328476,0.02341572381556034,0.3213808238506317,0.3087061643600464,0.21705667674541473,0.0,0.0,0.0
75,VEN,Venezuela,2020,-2.0265071392059326,-0.4807807207107544,5.289335250854492,5,-1.5081526041030884,-1.3741530179977417,-1.5062425136566162,-1.6440623998641968,0.07131373882293701,0.028560088947415352,0.02956678718328476,0.02341572381556034,0.3213808238506317,0.3087061643600464,0.21705667674541473,0.0,0.0,0.0
75,VEN,Venezuela,2021,-2.5107500553131104,-0.5186585783958435,5.289335250854492,5,-1.5081526041030884,-1.3741530179977417,-1.5062425136566162,-1.6440623998641968,0.07131373882293701,0.028560088947415352,0.02956678718328476,0.02341572381556034,0.3213808238506317,0.3087061643600464,0.21705667674541473,0.0,0.0,0.0
75,VEN,Venezuela,2022,-2.220579147338867,-0.518307626247406,5.289335250854492,5,-1.5081526041030884,-1.3741530179977417,-1.5062425136566162,-1.6440623998641968,0.07131373882293701,0.028560088947415352,0.02956678718328476,0.02341572381556034,0.3213808238506317,0.3087061643600464,0.21705667674541473,0.0,0.0,0.0
75,VEN,Venezuela,2023,-2.2290172576904297,-0.4158168137073517,5.289335250854492,5,-1.5081526041030884,-1.3741530179977417,-1.5062425136566162,-1.6440623998641968,0.07131373882293701,0.028560088947415352,0.02956678718328476,0.02341572381556034,0.3213808238506317,0.3087061643600464,0.21705667674541473,0.0,0.0,0.0
76,VNM,Vietnam,2018,1.8500128984451294,0.04580403119325638,5.710881233215332,6,-1.0041168928146362,-0.9023603796958923,-1.090646505355835,-1.0193438529968262,0.059114113450050354,0.06949581205844879,0.06614819169044495,0.10424289852380753,0.15360982716083527,0.16069406270980835,0.13500235974788666,0.10097425431013107,0.09484918415546417,0.055869292467832565
76,VNM,Vietnam,2019,3.117563009262085,0.08824668079614639,5.710881233215332,6,-1.0041168928146362,-0.9023603796958923,-1.090646505355835,-1.0193438529968262,0.059114113450050354,0.06949581205844879,0.06614819169044495,0.10424289852380753,0.15360982716083527,0.16069406270980835,0.13500235974788666,0.10097425431013107,0.09484918415546417,0.055869292467832565
76,VNM,Vietnam,2020,2.663336753845215,0.05221753567457199,5.710881233215332,6,-1.0041168928146362,-0.9023603796958923,-1.090646505355835,-1.0193438529968262,0.059114113450050354,0.06949581205844879,0.06614819169044495,0.10424289852380753,0.15360982716083527,0.16069406270980835,0.13500235974788666,0.10097425431013107,0.09484918415546417,0.055869292467832565
76,VNM,Vietnam,2021,1.7106215953826904,0.06877762824296951,5.710881233215332,6,-1.0041168928146362,-0.9023603796958923,-1.090646505355835,-1.0193438529968262,0.059114113450050354,0.06949581205844879,0.06614819169044495,0.10424289852380753,0.15360982716083527,0.16069406270980835,0.13500235974788666,0.10097425431013107,0.09484918415546417,0.055869292467832565
76,VNM,Vietnam,2022,0.6460008025169373,0.10474575310945511,5.710881233215332,6,-1.0041168928146362,-0.9023603796958923,-1.090646505355835,-1.0193438529968262,0.059114113450050354,0.06949581205844879,0.06614819169044495,0.10424289852380753,0.15360982716083527,0.16069406270980835,0.13500235974788666,0.10097425431013107,0.09484918415546417,0.055869292467832565
76,VNM,Vietnam,2023,1.6631464958190918,0.1043875589966774,5.710881233215332,6,-1.0041168928146362,-0.9023603796958923,-1.090646505355835,-1.0193438529968262,0.059114113450050354,0.06949581205844879,0.06614819169044495,0.10424289852380753,0.15360982716083527,0.16069406270980835,0.13500235974788666,0.10097425431013107,0.09484918415546417,0.055869292467832565
77,ZAF,South Africa,2018,-6.3950324058532715,-0.09768586605787277,10.0,10,-0.0641661062836647,-0.015326484106481075,0.13372927904129028,-0.31090110540390015,0.0,0.0,0.0,0.0,0.0,0.0,0.0,0.0,0.0,1.0
77,ZAF,South Africa,2019,-8.257451057434082,-0.039192430675029755,10.0,10,-0.0641661062836647,-0.015326484106481075,0.13372927904129028,-0.31090110540390015,0.0,0.0,0.0,0.0,0.0,0.0,0.0,0.0,0.0,1.0
77,ZAF,South Africa,2020,-7.980379581451416,0.05169696360826492,10.0,10,-0.0641661062836647,-0.015326484106481075,0.13372927904129028,-0.31090110540390015,0.0,0.0,0.0,0.0,0.0,0.0,0.0,0.0,0.0,1.0
77,ZAF,South Africa,2021,-12.659340858459473,0.14109396934509277,10.0,10,-0.0641661062836647,-0.015326484106481075,0.13372927904129028,-0.31090110540390015,0.0,0.0,0.0,0.0,0.0,0.0,0.0,0.0,0.0,1.0
77,ZAF,South Africa,2022,-15.694624900817871,0.1409926414489746,10.0,10,-0.0641661062836647,-0.015326484106481075,0.13372927904129028,-0.31090110540390015,0.0,0.0,0.0,0.0,0.0,0.0,0.0,0.0,0.0,1.0
77,ZAF,South Africa,2023,-19.3819637298584,0.22740256786346436,10.0,10,-0.0641661062836647,-0.015326484106481075,0.13372927904129028,-0.31090110540390015,0.0,0.0,0.0,0.0,0.0,0.0,0.0,0.0,0.0,1.0
