entity_id,entity_code,entity_name,year,y_true,y_pred,posthoc_k_star,lag_profile_peak,proxy_signal_true,proxy_1_true,proxy_2_true,proxy_3_true,lag_profile_1,lag_profile_2,lag_profile_3,lag_profile_4,lag_profile_5,lag_profile_6,lag_profile_7,lag_profile_8,lag_profile_9,lag_profile_10
0,ARE,United Arab Emirates,2018,-77.53056335449219,-0.5728558301925659,5.5,1,0.18880443274974823,0.332748681306839,0.2764120101928711,-0.042747389525175095,0.10000000149011612,0.10000000149011612,0.10000000149011612,0.10000000149011612,0.10000000149011612,0.10000000149011612,0.10000000149011612,0.10000000149011612,0.10000000149011612,0.10000000149011612
0,ARE,United Arab Emirates,2019,-233.2926788330078,-0.9871329665184021,5.5,1,0.18880443274974823,0.332748681306839,0.2764120101928711,-0.042747389525175095,0.10000000149011612,0.10000000149011612,0.10000000149011612,0.10000000149011612,0.10000000149011612,0.10000000149011612,0.10000000149011612,0.10000000149011612,0.10000000149011612,0.10000000149011612
0,ARE,United Arab Emirates,2020,-435.1805725097656,-1.3409743309020996,5.5,1,0.18880443274974823,0.332748681306839,0.2764120101928711,-0.042747389525175095,0.10000000149011612,0.10000000149011612,0.10000000149011612,0.10000000149011612,0.10000000149011612,0.10000000149011612,0.10000000149011612,0.10000000149011612,0.10000000149011612,0.10000000149011612
0,ARE,United Arab Emirates,2021,-1001.4480590820312,-1.5852848291397095,5.5,1,0.18880443274974823,0.332748681306839,0.2764120101928711,-0.042747389525175095,0.10000000149011612,0.10000000149011612,0.10000000149011612,0.10000000149011612,0.10000000149011612,0.10000000149011612,0.10000000149011612,0.10000000149011612,0.10000000149011612,0.10000000149011612
0,ARE,United Arab Emirates,2022,-1657.7239990234375,-1.7115473747253418,5.5,1,0.18880443274974823,0.332748681306839,0.2764120101928711,-0.042747389525175095,0.10000000149011612,0.10000000149011612,0.10000000149011612,0.10000000149011612,0.10000000149011612,0.10000000149011612,0.10000000149011612,0.10000000149011612,0.10000000149011612,0.10000000149011612
0,ARE,United Arab Emirates,2023,-2705.017333984375,-1.7631566524505615,5.5,1,0.18880443274974823,0.332748681306839,0.2764120101928711,-0.042747389525175095,0.10000000149011612,0.10000000149011612,0.10000000149011612,0.10000000149011612,0.10000000149011612,0.10000000149011612,0.10000000149011612,0.10000000149011612,0.10000000149011612,0.10000000149011612
1,ARG,Argentina,2018,1.6428788900375366,-0.22628135979175568,6.190874099731445,7,-0.6909387707710266,-0.40908560156822205,-0.8905236124992371,-0.7732071280479431,0.030721794813871384,0.060491111129522324,0.08040295541286469,0.10108105093240738,0.11239926517009735,0.13104015588760376,0.13996531069278717,0.12994949519634247,0.11344189196825027,0.10050696134567261
1,ARG,Argentina,2019,1.1453611850738525,0.5741390585899353,6.190874099731445,7,-0.6909387707710266,-0.40908560156822205,-0.8905236124992371,-0.7732071280479431,0.030721794813871384,0.060491111129522324,0.08040295541286469,0.10108105093240738,0.11239926517009735,0.13104015588760376,0.13996531069278717,0.12994949519634247,0.11344189196825027,0.10050696134567261
1,ARG,Argentina,2020,1.0582135915756226,0.945622444152832,6.190874099731445,7,-0.6909387707710266,-0.40908560156822205,-0.8905236124992371,-0.7732071280479431,0.030721794813871384,0.060491111129522324,0.08040295541286469,0.10108105093240738,0.11239926517009735,0.13104015588760376,0.13996531069278717,0.12994949519634247,0.11344189196825027,0.10050696134567261
1,ARG,Argentina,2021,1.4250097274780273,1.1633530855178833,6.190874099731445,7,-0.6909387707710266,-0.40908560156822205,-0.8905236124992371,-0.7732071280479431,0.030721794813871384,0.060491111129522324,0.08040295541286469,0.10108105093240738,0.11239926517009735,0.13104015588760376,0.13996531069278717,0.12994949519634247,0.11344189196825027,0.10050696134567261
1,ARG,Argentina,2022,0.9982249736785889,1.2878491878509521,6.190874099731445,7,-0.6909387707710266,-0.40908560156822205,-0.8905236124992371,-0.7732071280479431,0.030721794813871384,0.060491111129522324,0.08040295541286469,0.10108105093240738,0.11239926517009735,0.13104015588760376,0.13996531069278717,0.12994949519634247,0.11344189196825027,0.10050696134567261
1,ARG,Argentina,2023,-0.24900130927562714,1.364466667175293,6.190874099731445,7,-0.6909387707710266,-0.40908560156822205,-0.8905236124992371,-0.7732071280479431,0.030721794813871384,0.060491111129522324,0.08040295541286469,0.10108105093240738,0.11239926517009735,0.13104015588760376,0.13996531069278717,0.12994949519634247,0.11344189196825027,0.10050696134567261
2,AUS,Australia,2018,-7.367125034332275,-0.27049747109413147,5.5,1,1.25566828250885,1.2781401872634888,1.1565734148025513,1.3322911262512207,0.10000000149011612,0.10000000149011612,0.10000000149011612,0.10000000149011612,0.10000000149011612,0.10000000149011612,0.10000000149011612,0.10000000149011612,0.10000000149011612,0.10000000149011612
2,AUS,Australia,2019,-8.657783508300781,-0.5154997706413269,5.5,1,1.25566828250885,1.2781401872634888,1.1565734148025513,1.3322911262512207,0.10000000149011612,0.10000000149011612,0.10000000149011612,0.10000000149011612,0.10000000149011612,0.10000000149011612,0.10000000149011612,0.10000000149011612,0.10000000149011612,0.10000000149011612
2,AUS,Australia,2020,-10.614906311035156,-0.6853799819946289,5.5,1,1.25566828250885,1.2781401872634888,1.1565734148025513,1.3322911262512207,0.10000000149011612,0.10000000149011612,0.10000000149011612,0.10000000149011612,0.10000000149011612,0.10000000149011612,0.10000000149011612,0.10000000149011612,0.10000000149011612,0.10000000149011612
2,AUS,Australia,2021,-13.180018424987793,-0.800220787525177,5.5,1,1.25566828250885,1.2781401872634888,1.1565734148025513,1.3322911262512207,0.10000000149011612,0.10000000149011612,0.10000000149011612,0.10000000149011612,0.10000000149011612,0.10000000149011612,0.10000000149011612,0.10000000149011612,0.10000000149011612,0.10000000149011612
2,AUS,Australia,2022,-15.15616226196289,-0.8859128952026367,5.5,1,1.25566828250885,1.2781401872634888,1.1565734148025513,1.3322911262512207,0.10000000149011612,0.10000000149011612,0.10000000149011612,0.10000000149011612,0.10000000149011612,0.10000000149011612,0.10000000149011612,0.10000000149011612,0.10000000149011612,0.10000000149011612
2,AUS,Australia,2023,-16.646900177001953,-0.9222571849822998,5.5,1,1.25566828250885,1.2781401872634888,1.1565734148025513,1.3322911262512207,0.10000000149011612,0.10000000149011612,0.10000000149011612,0.10000000149011612,0.10000000149011612,0.10000000149011612,0.10000000149011612,0.10000000149011612,0.10000000149011612,0.10000000149011612
3,AUT,Austria,2018,-3.331990957260132,0.42894214391708374,5.5,1,1.3129711151123047,1.3305449485778809,1.1512476205825806,1.4571207761764526,0.10000000149011612,0.10000000149011612,0.10000000149011612,0.10000000149011612,0.10000000149011612,0.10000000149011612,0.10000000149011612,0.10000000149011612,0.10000000149011612,0.10000000149011612
3,AUT,Austria,2019,-3.5629565715789795,0.12710055708885193,5.5,1,1.3129711151123047,1.3305449485778809,1.1512476205825806,1.4571207761764526,0.10000000149011612,0.10000000149011612,0.10000000149011612,0.10000000149011612,0.10000000149011612,0.10000000149011612,0.10000000149011612,0.10000000149011612,0.10000000149011612,0.10000000149011612
3,AUT,Austria,2020,-4.44062614440918,-0.13579553365707397,5.5,1,1.3129711151123047,1.3305449485778809,1.1512476205825806,1.4571207761764526,0.10000000149011612,0.10000000149011612,0.10000000149011612,0.10000000149011612,0.10000000149011612,0.10000000149011612,0.10000000149011612,0.10000000149011612,0.10000000149011612,0.10000000149011612
3,AUT,Austria,2021,-4.349145412445068,-0.2918817102909088,5.5,1,1.3129711151123047,1.3305449485778809,1.1512476205825806,1.4571207761764526,0.10000000149011612,0.10000000149011612,0.10000000149011612,0.10000000149011612,0.10000000149011612,0.10000000149011612,0.10000000149011612,0.10000000149011612,0.10000000149011612,0.10000000149011612
3,AUT,Austria,2022,-4.098706245422363,-0.3600519299507141,5.5,1,1.3129711151123047,1.3305449485778809,1.1512476205825806,1.4571207761764526,0.10000000149011612,0.10000000149011612,0.10000000149011612,0.10000000149011612,0.10000000149011612,0.10000000149011612,0.10000000149011612,0.10000000149011612,0.10000000149011612,0.10000000149011612
3,AUT,Austria,2023,-5.443741798400879,-0.3778849244117737,5.5,1,1.3129711151123047,1.3305449485778809,1.1512476205825806,1.4571207761764526,0.10000000149011612,0.10000000149011612,0.10000000149011612,0.10000000149011612,0.10000000149011612,0.10000000149011612,0.10000000149011612,0.10000000149011612,0.10000000149011612,0.10000000149011612
4,AZE,Azerbaijan,2018,3.094372272491455,0.5740711688995361,6.465314865112305,10,-1.294363021850586,-1.4495718479156494,-1.172594428062439,-1.2609230279922485,0.1307840794324875,0.1732836365699768,0.07031748443841934,0.0,0.0,0.0,0.0,0.1383230984210968,0.20249079167842865,0.2848009169101715
4,AZE,Azerbaijan,2019,3.558119297027588,0.6564673781394958,6.465314865112305,10,-1.294363021850586,-1.4495718479156494,-1.172594428062439,-1.2609230279922485,0.1307840794324875,0.1732836365699768,0.07031748443841934,0.0,0.0,0.0,0.0,0.1383230984210968,0.20249079167842865,0.2848009169101715
4,AZE,Azerbaijan,2020,4.490204811096191,0.454714298248291,6.465314865112305,10,-1.294363021850586,-1.4495718479156494,-1.172594428062439,-1.2609230279922485,0.1307840794324875,0.1732836365699768,0.07031748443841934,0.0,0.0,0.0,0.0,0.1383230984210968,0.20249079167842865,0.2848009169101715
4,AZE,Azerbaijan,2021,4.194814682006836,0.07413092255592346,6.465314865112305,10,-1.294363021850586,-1.4495718479156494,-1.172594428062439,-1.2609230279922485,0.1307840794324875,0.1732836365699768,0.07031748443841934,0.0,0.0,0.0,0.0,0.1383230984210968,0.20249079167842865,0.2848009169101715
4,AZE,Azerbaijan,2022,3.8313167095184326,-0.3483671545982361,6.465314865112305,10,-1.294363021850586,-1.4495718479156494,-1.172594428062439,-1.2609230279922485,0.1307840794324875,0.1732836365699768,0.07031748443841934,0.0,0.0,0.0,0.0,0.1383230984210968,0.20249079167842865,0.2848009169101715
4,AZE,Azerbaijan,2023,3.7241804599761963,-0.7344964742660522,6.465314865112305,10,-1.294363021850586,-1.4495718479156494,-1.172594428062439,-1.2609230279922485,0.1307840794324875,0.1732836365699768,0.07031748443841934,0.0,0.0,0.0,0.0,0.1383230984210968,0.20249079167842865,0.2848009169101715
5,BEL,Belgium,2018,-2.035623550415039,-0.3216187357902527,5.5,1,0.9798359274864197,1.2219529151916504,0.8175865411758423,0.8999684453010559,0.10000000149011612,0.10000000149011612,0.10000000149011612,0.10000000149011612,0.10000000149011612,0.10000000149011612,0.10000000149011612,0.10000000149011612,0.10000000149011612,0.10000000149011612
5,BEL,Belgium,2019,-3.1006269454956055,-0.7037323713302612,5.5,1,0.9798359274864197,1.2219529151916504,0.8175865411758423,0.8999684453010559,0.10000000149011612,0.10000000149011612,0.10000000149011612,0.10000000149011612,0.10000000149011612,0.10000000149011612,0.10000000149011612,0.10000000149011612,0.10000000149011612,0.10000000149011612
5,BEL,Belgium,2020,-2.7479605674743652,-1.0059053897857666,5.5,1,0.9798359274864197,1.2219529151916504,0.8175865411758423,0.8999684453010559,0.10000000149011612,0.10000000149011612,0.10000000149011612,0.10000000149011612,0.10000000149011612,0.10000000149011612,0.10000000149011612,0.10000000149011612,0.10000000149011612,0.10000000149011612
5,BEL,Belgium,2021,-3.9674084186553955,-1.1860852241516113,5.5,1,0.9798359274864197,1.2219529151916504,0.8175865411758423,0.8999684453010559,0.10000000149011612,0.10000000149011612,0.10000000149011612,0.10000000149011612,0.10000000149011612,0.10000000149011612,0.10000000149011612,0.10000000149011612,0.10000000149011612,0.10000000149011612
5,BEL,Belgium,2022,-3.700895071029663,-1.2712314128875732,5.5,1,0.9798359274864197,1.2219529151916504,0.8175865411758423,0.8999684453010559,0.10000000149011612,0.10000000149011612,0.10000000149011612,0.10000000149011612,0.10000000149011612,0.10000000149011612,0.10000000149011612,0.10000000149011612,0.10000000149011612,0.10000000149011612
5,BEL,Belgium,2023,-3.867947578430176,-1.2982395887374878,5.5,1,0.9798359274864197,1.2219529151916504,0.8175865411758423,0.8999684453010559,0.10000000149011612,0.10000000149011612,0.10000000149011612,0.10000000149011612,0.10000000149011612,0.10000000149011612,0.10000000149011612,0.10000000149011612,0.10000000149011612,0.10000000149011612
6,BGD,Bangladesh,2018,1.2597620487213135,0.12614202499389648,5.5,1,-1.3428869247436523,-1.2080445289611816,-1.482562780380249,-1.3380534648895264,0.10000000149011612,0.10000000149011612,0.10000000149011612,0.10000000149011612,0.10000000149011612,0.10000000149011612,0.10000000149011612,0.10000000149011612,0.10000000149011612,0.10000000149011612
6,BGD,Bangladesh,2019,1.4318774938583374,1.0818372964859009,5.5,1,-1.3428869247436523,-1.2080445289611816,-1.482562780380249,-1.3380534648895264,0.10000000149011612,0.10000000149011612,0.10000000149011612,0.10000000149011612,0.10000000149011612,0.10000000149011612,0.10000000149011612,0.10000000149011612,0.10000000149011612,0.10000000149011612
6,BGD,Bangladesh,2020,1.717698097229004,1.317373514175415,5.5,1,-1.3428869247436523,-1.2080445289611816,-1.482562780380249,-1.3380534648895264,0.10000000149011612,0.10000000149011612,0.10000000149011612,0.10000000149011612,0.10000000149011612,0.10000000149011612,0.10000000149011612,0.10000000149011612,0.10000000149011612,0.10000000149011612
6,BGD,Bangladesh,2021,1.7278225421905518,1.3412744998931885,5.5,1,-1.3428869247436523,-1.2080445289611816,-1.482562780380249,-1.3380534648895264,0.10000000149011612,0.10000000149011612,0.10000000149011612,0.10000000149011612,0.10000000149011612,0.10000000149011612,0.10000000149011612,0.10000000149011612,0.10000000149011612,0.10000000149011612
6,BGD,Bangladesh,2022,1.5284489393234253,1.2524466514587402,5.5,1,-1.3428869247436523,-1.2080445289611816,-1.482562780380249,-1.3380534648895264,0.10000000149011612,0.10000000149011612,0.10000000149011612,0.10000000149011612,0.10000000149011612,0.10000000149011612,0.10000000149011612,0.10000000149011612,0.10000000149011612,0.10000000149011612
6,BGD,Bangladesh,2023,2.0307767391204834,1.1075761318206787,5.5,1,-1.3428869247436523,-1.2080445289611816,-1.482562780380249,-1.3380534648895264,0.10000000149011612,0.10000000149011612,0.10000000149011612,0.10000000149011612,0.10000000149011612,0.10000000149011612,0.10000000149011612,0.10000000149011612,0.10000000149011612,0.10000000149011612
7,BGR,Bulgaria,2018,-1.3296480178833008,-0.3369331955909729,4.955227375030518,1,-0.42611977458000183,-0.6209486722946167,-0.13856160640716553,-0.5188490152359009,0.17230284214019775,0.15682880580425262,0.11828682571649551,0.07500050216913223,0.04039787873625755,0.0484522245824337,0.09145549684762955,0.09335874021053314,0.10452380031347275,0.09939287602901459
7,BGR,Bulgaria,2019,-1.4306131601333618,0.8810350298881531,4.955227375030518,1,-0.42611977458000183,-0.6209486722946167,-0.13856160640716553,-0.5188490152359009,0.17230284214019775,0.15682880580425262,0.11828682571649551,0.07500050216913223,0.04039787873625755,0.0484522245824337,0.09145549684762955,0.09335874021053314,0.10452380031347275,0.09939287602901459
7,BGR,Bulgaria,2020,-2.8135833740234375,1.3648263216018677,4.955227375030518,1,-0.42611977458000183,-0.6209486722946167,-0.13856160640716553,-0.5188490152359009,0.17230284214019775,0.15682880580425262,0.11828682571649551,0.07500050216913223,0.04039787873625755,0.0484522245824337,0.09145549684762955,0.09335874021053314,0.10452380031347275,0.09939287602901459
7,BGR,Bulgaria,2021,-2.0215117931365967,1.5869207382202148,4.955227375030518,1,-0.42611977458000183,-0.6209486722946167,-0.13856160640716553,-0.5188490152359009,0.17230284214019775,0.15682880580425262,0.11828682571649551,0.07500050216913223,0.04039787873625755,0.0484522245824337,0.09145549684762955,0.09335874021053314,0.10452380031347275,0.09939287602901459
7,BGR,Bulgaria,2022,-0.48078346252441406,1.6618096828460693,4.955227375030518,1,-0.42611977458000183,-0.6209486722946167,-0.13856160640716553,-0.5188490152359009,0.17230284214019775,0.15682880580425262,0.11828682571649551,0.07500050216913223,0.04039787873625755,0.0484522245824337,0.09145549684762955,0.09335874021053314,0.10452380031347275,0.09939287602901459
7,BGR,Bulgaria,2023,-3.970643997192383,1.7008038759231567,4.955227375030518,1,-0.42611977458000183,-0.6209486722946167,-0.13856160640716553,-0.5188490152359009,0.17230284214019775,0.15682880580425262,0.11828682571649551,0.07500050216913223,0.04039787873625755,0.0484522245824337,0.09145549684762955,0.09335874021053314,0.10452380031347275,0.09939287602901459
8,BLR,Belarus,2018,-2.643580675125122,-0.9778791069984436,4.133040904998779,2,-1.5520426034927368,-1.4920120239257812,-1.8896420001983643,-1.2744739055633545,0.14785553514957428,0.15150763094425201,0.14659371972084045,0.13598792254924774,0.12899017333984375,0.10832353681325912,0.08791317790746689,0.05573245510458946,0.028665026649832726,0.00843081809580326
8,BLR,Belarus,2019,-3.0715856552124023,-0.7816935777664185,4.133040904998779,2,-1.5520426034927368,-1.4920120239257812,-1.8896420001983643,-1.2744739055633545,0.14785553514957428,0.15150763094425201,0.14659371972084045,0.13598792254924774,0.12899017333984375,0.10832353681325912,0.08791317790746689,0.05573245510458946,0.028665026649832726,0.00843081809580326
8,BLR,Belarus,2020,-3.0823307037353516,-0.6690815687179565,4.133040904998779,2,-1.5520426034927368,-1.4920120239257812,-1.8896420001983643,-1.2744739055633545,0.14785553514957428,0.15150763094425201,0.14659371972084045,0.13598792254924774,0.12899017333984375,0.10832353681325912,0.08791317790746689,0.05573245510458946,0.028665026649832726,0.00843081809580326
8,BLR,Belarus,2021,-14.810386657714844,-0.6087550520896912,4.133040904998779,2,-1.5520426034927368,-1.4920120239257812,-1.8896420001983643,-1.2744739055633545,0.14785553514957428,0.15150763094425201,0.14659371972084045,0.13598792254924774,0.12899017333984375,0.10832353681325912,0.08791317790746689,0.05573245510458946,0.028665026649832726,0.00843081809580326
8,BLR,Belarus,2022,-13.734106063842773,-0.570462703704834,4.133040904998779,2,-1.5520426034927368,-1.4920120239257812,-1.8896420001983643,-1.2744739055633545,0.14785553514957428,0.15150763094425201,0.14659371972084045,0.13598792254924774,0.12899017333984375,0.10832353681325912,0.08791317790746689,0.05573245510458946,0.028665026649832726,0.00843081809580326
8,BLR,Belarus,2023,-27.134784698486328,-0.5400112867355347,4.133040904998779,2,-1.5520426034927368,-1.4920120239257812,-1.8896420001983643,-1.2744739055633545,0.14785553514957428,0.15150763094425201,0.14659371972084045,0.13598792254924774,0.12899017333984375,0.10832353681325912,0.08791317790746689,0.05573245510458946,0.028665026649832726,0.00843081809580326
9,BRA,Brazil,2018,4.812175750732422,-0.5235531330108643,6.950381755828857,6,-0.532637357711792,-0.5499132871627808,-0.37875303626060486,-0.669245719909668,0.0,0.0,0.0011157223489135504,0.059374239295721054,0.1387752741575241,0.2318732738494873,0.19052754342556,0.18439079821109772,0.12382904440164566,0.07011411339044571
9,BRA,Brazil,2019,5.404086589813232,0.27508223056793213,6.950381755828857,6,-0.532637357711792,-0.5499132871627808,-0.37875303626060486,-0.669245719909668,0.0,0.0,0.0011157223489135504,0.059374239295721054,0.1387752741575241,0.2318732738494873,0.19052754342556,0.18439079821109772,0.12382904440164566,0.07011411339044571
9,BRA,Brazil,2020,4.385476589202881,0.6303133964538574,6.950381755828857,6,-0.532637357711792,-0.5499132871627808,-0.37875303626060486,-0.669245719909668,0.0,0.0,0.0011157223489135504,0.059374239295721054,0.1387752741575241,0.2318732738494873,0.19052754342556,0.18439079821109772,0.12382904440164566,0.07011411339044571
9,BRA,Brazil,2021,8.511026382446289,0.8191579580307007,6.950381755828857,6,-0.532637357711792,-0.5499132871627808,-0.37875303626060486,-0.669245719909668,0.0,0.0,0.0011157223489135504,0.059374239295721054,0.1387752741575241,0.2318732738494873,0.19052754342556,0.18439079821109772,0.12382904440164566,0.07011411339044571
9,BRA,Brazil,2022,0.8233122229576111,0.9181742668151855,6.950381755828857,6,-0.532637357711792,-0.5499132871627808,-0.37875303626060486,-0.669245719909668,0.0,0.0,0.0011157223489135504,0.059374239295721054,0.1387752741575241,0.2318732738494873,0.19052754342556,0.18439079821109772,0.12382904440164566,0.07011411339044571
9,BRA,Brazil,2023,-0.02414296381175518,0.9058737754821777,6.950381755828857,6,-0.532637357711792,-0.5499132871627808,-0.37875303626060486,-0.669245719909668,0.0,0.0,0.0011157223489135504,0.059374239295721054,0.1387752741575241,0.2318732738494873,0.19052754342556,0.18439079821109772,0.12382904440164566,0.07011411339044571
10,CAN,Canada,2018,-3.718440532684326,-1.2637584209442139,3.8121893405914307,2,1.2861608266830444,1.3746321201324463,1.1545178890228271,1.3293325901031494,0.15692582726478577,0.20354868471622467,0.17614403367042542,0.09599631279706955,0.11562295258045197,0.1278512179851532,0.05841120332479477,0.02615915611386299,0.021031050011515617,0.018309567123651505
10,CAN,Canada,2019,-3.770698308944702,-1.2449913024902344,3.8121893405914307,2,1.2861608266830444,1.3746321201324463,1.1545178890228271,1.3293325901031494,0.15692582726478577,0.20354868471622467,0.17614403367042542,0.09599631279706955,0.11562295258045197,0.1278512179851532,0.05841120332479477,0.02615915611386299,0.021031050011515617,0.018309567123651505
10,CAN,Canada,2020,-4.2692484855651855,-1.2389997243881226,3.8121893405914307,2,1.2861608266830444,1.3746321201324463,1.1545178890228271,1.3293325901031494,0.15692582726478577,0.20354868471622467,0.17614403367042542,0.09599631279706955,0.11562295258045197,0.1278512179851532,0.05841120332479477,0.02615915611386299,0.021031050011515617,0.018309567123651505
10,CAN,Canada,2021,-4.04820442199707,-1.3042100667953491,3.8121893405914307,2,1.2861608266830444,1.3746321201324463,1.1545178890228271,1.3293325901031494,0.15692582726478577,0.20354868471622467,0.17614403367042542,0.09599631279706955,0.11562295258045197,0.1278512179851532,0.05841120332479477,0.02615915611386299,0.021031050011515617,0.018309567123651505
10,CAN,Canada,2022,-4.334720611572266,-1.32108473777771,3.8121893405914307,2,1.2861608266830444,1.3746321201324463,1.1545178890228271,1.3293325901031494,0.15692582726478577,0.20354868471622467,0.17614403367042542,0.09599631279706955,0.11562295258045197,0.1278512179851532,0.05841120332479477,0.02615915611386299,0.021031050011515617,0.018309567123651505
10,CAN,Canada,2023,-3.507607936859131,-1.3147577047348022,3.8121893405914307,2,1.2861608266830444,1.3746321201324463,1.1545178890228271,1.3293325901031494,0.15692582726478577,0.20354868471622467,0.17614403367042542,0.09599631279706955,0.11562295258045197,0.1278512179851532,0.05841120332479477,0.02615915611386299,0.021031050011515617,0.018309567123651505
11,CHE,Switzerland,2018,1.0894922018051147,0.41470766067504883,5.5,1,1.412360668182373,1.4461179971694946,1.2956862449645996,1.4952778816223145,0.10000000149011612,0.10000000149011612,0.10000000149011612,0.10000000149011612,0.10000000149011612,0.10000000149011612,0.10000000149011612,0.10000000149011612,0.10000000149011612,0.10000000149011612
11,CHE,Switzerland,2019,0.49372902512550354,0.15048211812973022,5.5,1,1.412360668182373,1.4461179971694946,1.2956862449645996,1.4952778816223145,0.10000000149011612,0.10000000149011612,0.10000000149011612,0.10000000149011612,0.10000000149011612,0.10000000149011612,0.10000000149011612,0.10000000149011612,0.10000000149011612,0.10000000149011612
11,CHE,Switzerland,2020,1.5537232160568237,0.01140044629573822,5.5,1,1.412360668182373,1.4461179971694946,1.2956862449645996,1.4952778816223145,0.10000000149011612,0.10000000149011612,0.10000000149011612,0.10000000149011612,0.10000000149011612,0.10000000149011612,0.10000000149011612,0.10000000149011612,0.10000000149011612,0.10000000149011612
11,CHE,Switzerland,2021,3.0005764961242676,-0.0661638081073761,5.5,1,1.412360668182373,1.4461179971694946,1.2956862449645996,1.4952778816223145,0.10000000149011612,0.10000000149011612,0.10000000149011612,0.10000000149011612,0.10000000149011612,0.10000000149011612,0.10000000149011612,0.10000000149011612,0.10000000149011612,0.10000000149011612
11,CHE,Switzerland,2022,2.025691270828247,-0.12485282868146896,5.5,1,1.412360668182373,1.4461179971694946,1.2956862449645996,1.4952778816223145,0.10000000149011612,0.10000000149011612,0.10000000149011612,0.10000000149011612,0.10000000149011612,0.10000000149011612,0.10000000149011612,0.10000000149011612,0.10000000149011612,0.10000000149011612
11,CHE,Switzerland,2023,-4.210478782653809,-0.10852257907390594,5.5,1,1.412360668182373,1.4461179971694946,1.2956862449645996,1.4952778816223145,0.10000000149011612,0.10000000149011612,0.10000000149011612,0.10000000149011612,0.10000000149011612,0.10000000149011612,0.10000000149011612,0.10000000149011612,0.10000000149011612,0.10000000149011612
12,CHL,Chile,2018,1.4454405307769775,-0.5513981580734253,8.212945938110352,10,0.8483307957649231,0.667232871055603,1.016435146331787,0.8613244891166687,0.0,0.0,0.0,0.0,0.01606067828834057,0.15557202696800232,0.16163790225982666,0.1842099130153656,0.23112842440605164,0.2513910233974457
12,CHL,Chile,2019,1.1679426431655884,0.5444227457046509,8.212945938110352,10,0.8483307957649231,0.667232871055603,1.016435146331787,0.8613244891166687,0.0,0.0,0.0,0.0,0.01606067828834057,0.15557202696800232,0.16163790225982666,0.1842099130153656,0.23112842440605164,0.2513910233974457
12,CHL,Chile,2020,0.7698724865913391,1.0568969249725342,8.212945938110352,10,0.8483307957649231,0.667232871055603,1.016435146331787,0.8613244891166687,0.0,0.0,0.0,0.0,0.01606067828834057,0.15557202696800232,0.16163790225982666,0.1842099130153656,0.23112842440605164,0.2513910233974457
12,CHL,Chile,2021,0.5402398705482483,1.353200912475586,8.212945938110352,10,0.8483307957649231,0.667232871055603,1.016435146331787,0.8613244891166687,0.0,0.0,0.0,0.0,0.01606067828834057,0.15557202696800232,0.16163790225982666,0.1842099130153656,0.23112842440605164,0.2513910233974457
12,CHL,Chile,2022,-0.5233001708984375,1.4992560148239136,8.212945938110352,10,0.8483307957649231,0.667232871055603,1.016435146331787,0.8613244891166687,0.0,0.0,0.0,0.0,0.01606067828834057,0.15557202696800232,0.16163790225982666,0.1842099130153656,0.23112842440605164,0.2513910233974457
12,CHL,Chile,2023,-1.9592610597610474,1.5698503255844116,8.212945938110352,10,0.8483307957649231,0.667232871055603,1.016435146331787,0.8613244891166687,0.0,0.0,0.0,0.0,0.01606067828834057,0.15557202696800232,0.16163790225982666,0.1842099130153656,0.23112842440605164,0.2513910233974457
13,CHN,China,2018,-8.663586616516113,0.0230829119682312,5.5,1,-0.8438493609428406,-0.7442506551742554,-0.7500977516174316,-1.03719961643219,0.10000000149011612,0.10000000149011612,0.10000000149011612,0.10000000149011612,0.10000000149011612,0.10000000149011612,0.10000000149011612,0.10000000149011612,0.10000000149011612,0.10000000149011612
13,CHN,China,2019,-9.760994911193848,-0.4517807960510254,5.5,1,-0.8438493609428406,-0.7442506551742554,-0.7500977516174316,-1.03719961643219,0.10000000149011612,0.10000000149011612,0.10000000149011612,0.10000000149011612,0.10000000149011612,0.10000000149011612,0.10000000149011612,0.10000000149011612,0.10000000149011612,0.10000000149011612
13,CHN,China,2020,-10.60916519165039,-0.889283299446106,5.5,1,-0.8438493609428406,-0.7442506551742554,-0.7500977516174316,-1.03719961643219,0.10000000149011612,0.10000000149011612,0.10000000149011612,0.10000000149011612,0.10000000149011612,0.10000000149011612,0.10000000149011612,0.10000000149011612,0.10000000149011612,0.10000000149011612
13,CHN,China,2021,-11.069491386413574,-1.268195390701294,5.5,1,-0.8438493609428406,-0.7442506551742554,-0.7500977516174316,-1.03719961643219,0.10000000149011612,0.10000000149011612,0.10000000149011612,0.10000000149011612,0.10000000149011612,0.10000000149011612,0.10000000149011612,0.10000000149011612,0.10000000149011612,0.10000000149011612
13,CHN,China,2022,-11.851537704467773,-1.5179040431976318,5.5,1,-0.8438493609428406,-0.7442506551742554,-0.7500977516174316,-1.03719961643219,0.10000000149011612,0.10000000149011612,0.10000000149011612,0.10000000149011612,0.10000000149011612,0.10000000149011612,0.10000000149011612,0.10000000149011612,0.10000000149011612,0.10000000149011612
13,CHN,China,2023,-12.087423324584961,-1.6576509475708008,5.5,1,-0.8438493609428406,-0.7442506551742554,-0.7500977516174316,-1.03719961643219,0.10000000149011612,0.10000000149011612,0.10000000149011612,0.10000000149011612,0.10000000149011612,0.10000000149011612,0.10000000149011612,0.10000000149011612,0.10000000149011612,0.10000000149011612
14,COL,Colombia,2018,0.3820185363292694,-1.5189579725265503,5.5,1,-0.757061779499054,-0.7152259349822998,-0.5119652152061462,-1.0439940690994263,0.10000000149011612,0.10000000149011612,0.10000000149011612,0.10000000149011612,0.10000000149011612,0.10000000149011612,0.10000000149011612,0.10000000149011612,0.10000000149011612,0.10000000149011612
14,COL,Colombia,2019,2.6013519763946533,-0.7162657380104065,5.5,1,-0.757061779499054,-0.7152259349822998,-0.5119652152061462,-1.0439940690994263,0.10000000149011612,0.10000000149011612,0.10000000149011612,0.10000000149011612,0.10000000149011612,0.10000000149011612,0.10000000149011612,0.10000000149011612,0.10000000149011612,0.10000000149011612
14,COL,Colombia,2020,3.8599977493286133,-0.3185341954231262,5.5,1,-0.757061779499054,-0.7152259349822998,-0.5119652152061462,-1.0439940690994263,0.10000000149011612,0.10000000149011612,0.10000000149011612,0.10000000149011612,0.10000000149011612,0.10000000149011612,0.10000000149011612,0.10000000149011612,0.10000000149011612,0.10000000149011612
14,COL,Colombia,2021,0.7301899194717407,-0.10940875858068466,5.5,1,-0.757061779499054,-0.7152259349822998,-0.5119652152061462,-1.0439940690994263,0.10000000149011612,0.10000000149011612,0.10000000149011612,0.10000000149011612,0.10000000149011612,0.10000000149011612,0.10000000149011612,0.10000000149011612,0.10000000149011612,0.10000000149011612
14,COL,Colombia,2022,0.9924597144126892,-0.001573421061038971,5.5,1,-0.757061779499054,-0.7152259349822998,-0.5119652152061462,-1.0439940690994263,0.10000000149011612,0.10000000149011612,0.10000000149011612,0.10000000149011612,0.10000000149011612,0.10000000149011612,0.10000000149011612,0.10000000149011612,0.10000000149011612,0.10000000149011612
14,COL,Colombia,2023,3.7653815746307373,0.020400039851665497,5.5,1,-0.757061779499054,-0.7152259349822998,-0.5119652152061462,-1.0439940690994263,0.10000000149011612,0.10000000149011612,0.10000000149011612,0.10000000149011612,0.10000000149011612,0.10000000149011612,0.10000000149011612,0.10000000149011612,0.10000000149011612,0.10000000149011612
15,CYP,Cyprus,2018,-11.052656173706055,-0.2790490984916687,5.5,1,0.7725202441215515,0.8672822117805481,0.7250233292579651,0.725255012512207,0.10000000149011612,0.10000000149011612,0.10000000149011612,0.10000000149011612,0.10000000149011612,0.10000000149011612,0.10000000149011612,0.10000000149011612,0.10000000149011612,0.10000000149011612
15,CYP,Cyprus,2019,-11.571080207824707,-0.6564832925796509,5.5,1,0.7725202441215515,0.8672822117805481,0.7250233292579651,0.725255012512207,0.10000000149011612,0.10000000149011612,0.10000000149011612,0.10000000149011612,0.10000000149011612,0.10000000149011612,0.10000000149011612,0.10000000149011612,0.10000000149011612,0.10000000149011612
15,CYP,Cyprus,2020,-14.400252342224121,-0.9883943796157837,5.5,1,0.7725202441215515,0.8672822117805481,0.7250233292579651,0.725255012512207,0.10000000149011612,0.10000000149011612,0.10000000149011612,0.10000000149011612,0.10000000149011612,0.10000000149011612,0.10000000149011612,0.10000000149011612,0.10000000149011612,0.10000000149011612
15,CYP,Cyprus,2021,-17.67461395263672,-1.2728105783462524,5.5,1,0.7725202441215515,0.8672822117805481,0.7250233292579651,0.725255012512207,0.10000000149011612,0.10000000149011612,0.10000000149011612,0.10000000149011612,0.10000000149011612,0.10000000149011612,0.10000000149011612,0.10000000149011612,0.10000000149011612,0.10000000149011612
15,CYP,Cyprus,2022,-19.47079086303711,-1.4926011562347412,5.5,1,0.7725202441215515,0.8672822117805481,0.7250233292579651,0.725255012512207,0.10000000149011612,0.10000000149011612,0.10000000149011612,0.10000000149011612,0.10000000149011612,0.10000000149011612,0.10000000149011612,0.10000000149011612,0.10000000149011612,0.10000000149011612
15,CYP,Cyprus,2023,-23.38113784790039,-1.6461225748062134,5.5,1,0.7725202441215515,0.8672822117805481,0.7250233292579651,0.725255012512207,0.10000000149011612,0.10000000149011612,0.10000000149011612,0.10000000149011612,0.10000000149011612,0.10000000149011612,0.10000000149011612,0.10000000149011612,0.10000000149011612,0.10000000149011612
16,CZE,Czechia,2018,-2.3009228706359863,-1.031329870223999,5.5,1,0.365255743265152,0.28039175271987915,0.4478796720504761,0.3674957752227783,0.10000000149011612,0.10000000149011612,0.10000000149011612,0.10000000149011612,0.10000000149011612,0.10000000149011612,0.10000000149011612,0.10000000149011612,0.10000000149011612,0.10000000149011612
16,CZE,Czechia,2019,-2.761939525604248,-1.09194016456604,5.5,1,0.365255743265152,0.28039175271987915,0.4478796720504761,0.3674957752227783,0.10000000149011612,0.10000000149011612,0.10000000149011612,0.10000000149011612,0.10000000149011612,0.10000000149011612,0.10000000149011612,0.10000000149011612,0.10000000149011612,0.10000000149011612
16,CZE,Czechia,2020,-3.448472261428833,-1.1307395696640015,5.5,1,0.365255743265152,0.28039175271987915,0.4478796720504761,0.3674957752227783,0.10000000149011612,0.10000000149011612,0.10000000149011612,0.10000000149011612,0.10000000149011612,0.10000000149011612,0.10000000149011612,0.10000000149011612,0.10000000149011612,0.10000000149011612
16,CZE,Czechia,2021,-3.2644777297973633,-1.1462533473968506,5.5,1,0.365255743265152,0.28039175271987915,0.4478796720504761,0.3674957752227783,0.10000000149011612,0.10000000149011612,0.10000000149011612,0.10000000149011612,0.10000000149011612,0.10000000149011612,0.10000000149011612,0.10000000149011612,0.10000000149011612,0.10000000149011612
16,CZE,Czechia,2022,-3.0018773078918457,-1.150747299194336,5.5,1,0.365255743265152,0.28039175271987915,0.4478796720504761,0.3674957752227783,0.10000000149011612,0.10000000149011612,0.10000000149011612,0.10000000149011612,0.10000000149011612,0.10000000149011612,0.10000000149011612,0.10000000149011612,0.10000000149011612,0.10000000149011612
16,CZE,Czechia,2023,-3.7278714179992676,-1.147212028503418,5.5,1,0.365255743265152,0.28039175271987915,0.4478796720504761,0.3674957752227783,0.10000000149011612,0.10000000149011612,0.10000000149011612,0.10000000149011612,0.10000000149011612,0.10000000149011612,0.10000000149011612,0.10000000149011612,0.10000000149011612,0.10000000149011612
17,DEU,Germany,2018,-4.408335208892822,-0.4899808168411255,2.7687535285949707,3,1.162001371383667,1.2181392908096313,0.9860901236534119,1.2817747592926025,0.22237983345985413,0.22634589672088623,0.23154543340206146,0.19959865510463715,0.12013018131256104,0.0,0.0,0.0,0.0,0.0
17,DEU,Germany,2019,-7.129828929901123,-0.869128942489624,2.7687535285949707,3,1.162001371383667,1.2181392908096313,0.9860901236534119,1.2817747592926025,0.22237983345985413,0.22634589672088623,0.23154543340206146,0.19959865510463715,0.12013018131256104,0.0,0.0,0.0,0.0,0.0
17,DEU,Germany,2020,-8.748512268066406,-1.1855778694152832,2.7687535285949707,3,1.162001371383667,1.2181392908096313,0.9860901236534119,1.2817747592926025,0.22237983345985413,0.22634589672088623,0.23154543340206146,0.19959865510463715,0.12013018131256104,0.0,0.0,0.0,0.0,0.0
17,DEU,Germany,2021,-7.036392688751221,-1.3887362480163574,2.7687535285949707,3,1.162001371383667,1.2181392908096313,0.9860901236534119,1.2817747592926025,0.22237983345985413,0.22634589672088623,0.23154543340206146,0.19959865510463715,0.12013018131256104,0.0,0.0,0.0,0.0,0.0
17,DEU,Germany,2022,-5.935337066650391,-1.499626874923706,2.7687535285949707,3,1.162001371383667,1.2181392908096313,0.9860901236534119,1.2817747592926025,0.22237983345985413,0.22634589672088623,0.23154543340206146,0.19959865510463715,0.12013018131256104,0.0,0.0,0.0,0.0,0.0
17,DEU,Germany,2023,-8.335287094116211,-1.554212212562561,2.7687535285949707,3,1.162001371383667,1.2181392908096313,0.9860901236534119,1.2817747592926025,0.22237983345985413,0.22634589672088623,0.23154543340206146,0.19959865510463715,0.12013018131256104,0.0,0.0,0.0,0.0,0.0
18,DNK,Denmark,2018,-4.1028218269348145,-0.7834671139717102,5.456645965576172,5,1.5067936182022095,1.5459808111190796,1.4523217678070068,1.522078514099121,0.051558900624513626,0.07937391102313995,0.10520916432142258,0.1283157616853714,0.14467711746692657,0.14148671925067902,0.12386470288038254,0.10118473321199417,0.07467824965715408,0.04965074360370636
18,DNK,Denmark,2019,-5.251770973205566,-1.036453366279602,5.456645965576172,5,1.5067936182022095,1.5459808111190796,1.4523217678070068,1.522078514099121,0.051558900624513626,0.07937391102313995,0.10520916432142258,0.1283157616853714,0.14467711746692657,0.14148671925067902,0.12386470288038254,0.10118473321199417,0.07467824965715408,0.04965074360370636
18,DNK,Denmark,2020,-5.442167282104492,-1.1777349710464478,5.456645965576172,5,1.5067936182022095,1.5459808111190796,1.4523217678070068,1.522078514099121,0.051558900624513626,0.07937391102313995,0.10520916432142258,0.1283157616853714,0.14467711746692657,0.14148671925067902,0.12386470288038254,0.10118473321199417,0.07467824965715408,0.04965074360370636
18,DNK,Denmark,2021,-5.020071029663086,-1.2605706453323364,5.456645965576172,5,1.5067936182022095,1.5459808111190796,1.4523217678070068,1.522078514099121,0.051558900624513626,0.07937391102313995,0.10520916432142258,0.1283157616853714,0.14467711746692657,0.14148671925067902,0.12386470288038254,0.10118473321199417,0.07467824965715408,0.04965074360370636
18,DNK,Denmark,2022,-5.26057767868042,-1.3027085065841675,5.456645965576172,5,1.5067936182022095,1.5459808111190796,1.4523217678070068,1.522078514099121,0.051558900624513626,0.07937391102313995,0.10520916432142258,0.1283157616853714,0.14467711746692657,0.14148671925067902,0.12386470288038254,0.10118473321199417,0.07467824965715408,0.04965074360370636
18,DNK,Denmark,2023,-5.907427787780762,-1.318662405014038,5.456645965576172,5,1.5067936182022095,1.5459808111190796,1.4523217678070068,1.522078514099121,0.051558900624513626,0.07937391102313995,0.10520916432142258,0.1283157616853714,0.14467711746692657,0.14148671925067902,0.12386470288038254,0.10118473321199417,0.07467824965715408,0.04965074360370636
19,DZA,Algeria,2018,-1.3783005475997925,0.1962568759918213,3.5808043479919434,1,-1.204992651939392,-1.152233362197876,-1.2305991649627686,-1.2321451902389526,0.30583614110946655,0.25366291403770447,0.1659531146287918,0.06943683326244354,0.0,0.0,0.0,0.0,0.059074338525533676,0.14603666961193085
19,DZA,Algeria,2019,-1.3506704568862915,0.048688799142837524,3.5808043479919434,1,-1.204992651939392,-1.152233362197876,-1.2305991649627686,-1.2321451902389526,0.30583614110946655,0.25366291403770447,0.1659531146287918,0.06943683326244354,0.0,0.0,0.0,0.0,0.059074338525533676,0.14603666961193085
19,DZA,Algeria,2020,-1.4138250350952148,-0.178466334939003,3.5808043479919434,1,-1.204992651939392,-1.152233362197876,-1.2305991649627686,-1.2321451902389526,0.30583614110946655,0.25366291403770447,0.1659531146287918,0.06943683326244354,0.0,0.0,0.0,0.0,0.059074338525533676,0.14603666961193085
19,DZA,Algeria,2021,-1.0506858825683594,-0.49448162317276,3.5808043479919434,1,-1.204992651939392,-1.152233362197876,-1.2305991649627686,-1.2321451902389526,0.30583614110946655,0.25366291403770447,0.1659531146287918,0.06943683326244354,0.0,0.0,0.0,0.0,0.059074338525533676,0.14603666961193085
19,DZA,Algeria,2022,-1.0033199787139893,-0.7729501128196716,3.5808043479919434,1,-1.204992651939392,-1.152233362197876,-1.2305991649627686,-1.2321451902389526,0.30583614110946655,0.25366291403770447,0.1659531146287918,0.06943683326244354,0.0,0.0,0.0,0.0,0.059074338525533676,0.14603666961193085
19,DZA,Algeria,2023,-1.0033199787139893,-1.0124354362487793,3.5808043479919434,1,-1.204992651939392,-1.152233362197876,-1.2305991649627686,-1.2321451902389526,0.30583614110946655,0.25366291403770447,0.1659531146287918,0.06943683326244354,0.0,0.0,0.0,0.0,0.059074338525533676,0.14603666961193085
20,ECU,Ecuador,2018,-1.1428673267364502,-0.12085695564746857,5.5,1,-1.2054944038391113,-1.1715943813323975,-1.2544611692428589,-1.1904276609420776,0.10000000149011612,0.10000000149011612,0.10000000149011612,0.10000000149011612,0.10000000149011612,0.10000000149011612,0.10000000149011612,0.10000000149011612,0.10000000149011612,0.10000000149011612
20,ECU,Ecuador,2019,-1.7627936601638794,0.8097345232963562,5.5,1,-1.2054944038391113,-1.1715943813323975,-1.2544611692428589,-1.1904276609420776,0.10000000149011612,0.10000000149011612,0.10000000149011612,0.10000000149011612,0.10000000149011612,0.10000000149011612,0.10000000149011612,0.10000000149011612,0.10000000149011612,0.10000000149011612
20,ECU,Ecuador,2020,-1.9658561944961548,1.2211240530014038,5.5,1,-1.2054944038391113,-1.1715943813323975,-1.2544611692428589,-1.1904276609420776,0.10000000149011612,0.10000000149011612,0.10000000149011612,0.10000000149011612,0.10000000149011612,0.10000000149011612,0.10000000149011612,0.10000000149011612,0.10000000149011612,0.10000000149011612
20,ECU,Ecuador,2021,-2.1342613697052,1.4333760738372803,5.5,1,-1.2054944038391113,-1.1715943813323975,-1.2544611692428589,-1.1904276609420776,0.10000000149011612,0.10000000149011612,0.10000000149011612,0.10000000149011612,0.10000000149011612,0.10000000149011612,0.10000000149011612,0.10000000149011612,0.10000000149011612,0.10000000149011612
20,ECU,Ecuador,2022,-1.612612009048462,1.5425140857696533,5.5,1,-1.2054944038391113,-1.1715943813323975,-1.2544611692428589,-1.1904276609420776,0.10000000149011612,0.10000000149011612,0.10000000149011612,0.10000000149011612,0.10000000149011612,0.10000000149011612,0.10000000149011612,0.10000000149011612,0.10000000149011612,0.10000000149011612
20,ECU,Ecuador,2023,-1.6925028562545776,1.599256992340088,5.5,1,-1.2054944038391113,-1.1715943813323975,-1.2544611692428589,-1.1904276609420776,0.10000000149011612,0.10000000149011612,0.10000000149011612,0.10000000149011612,0.10000000149011612,0.10000000149011612,0.10000000149011612,0.10000000149011612,0.10000000149011612,0.10000000149011612
21,EGY,Egypt,2018,1.8549280166625977,0.5756324529647827,8.32779598236084,9,-0.7224758267402649,-0.816137969493866,-0.7838069200515747,-0.5674826502799988,0.0,0.0,0.0,0.0,0.01928517036139965,0.13827383518218994,0.13249383866786957,0.17979153990745544,0.2656179964542389,0.26453763246536255
21,EGY,Egypt,2019,1.397194504737854,0.9419918060302734,8.32779598236084,9,-0.7224758267402649,-0.816137969493866,-0.7838069200515747,-0.5674826502799988,0.0,0.0,0.0,0.0,0.01928517036139965,0.13827383518218994,0.13249383866786957,0.17979153990745544,0.2656179964542389,0.26453763246536255
21,EGY,Egypt,2020,0.7784237861633301,0.949813961982727,8.32779598236084,9,-0.7224758267402649,-0.816137969493866,-0.7838069200515747,-0.5674826502799988,0.0,0.0,0.0,0.0,0.01928517036139965,0.13827383518218994,0.13249383866786957,0.17979153990745544,0.2656179964542389,0.26453763246536255
21,EGY,Egypt,2021,0.7313584089279175,0.8368886709213257,8.32779598236084,9,-0.7224758267402649,-0.816137969493866,-0.7838069200515747,-0.5674826502799988,0.0,0.0,0.0,0.0,0.01928517036139965,0.13827383518218994,0.13249383866786957,0.17979153990745544,0.2656179964542389,0.26453763246536255
21,EGY,Egypt,2022,0.8227205872535706,0.6776025295257568,8.32779598236084,9,-0.7224758267402649,-0.816137969493866,-0.7838069200515747,-0.5674826502799988,0.0,0.0,0.0,0.0,0.01928517036139965,0.13827383518218994,0.13249383866786957,0.17979153990745544,0.2656179964542389,0.26453763246536255
21,EGY,Egypt,2023,0.880398690700531,0.5145677924156189,8.32779598236084,9,-0.7224758267402649,-0.816137969493866,-0.7838069200515747,-0.5674826502799988,0.0,0.0,0.0,0.0,0.01928517036139965,0.13827383518218994,0.13249383866786957,0.17979153990745544,0.2656179964542389,0.26453763246536255
22,ESP,Spain,2018,-2.3918983936309814,-0.35978928208351135,5.570207595825195,6,0.789492130279541,0.8293587565422058,0.796362042427063,0.7427557706832886,0.05096077919006348,0.0741199478507042,0.09899578988552094,0.12201494723558426,0.1393575817346573,0.13990944623947144,0.12979283928871155,0.11166872829198837,0.08398379385471344,0.04919615387916565
22,ESP,Spain,2019,-3.220625877380371,-0.8808040022850037,5.570207595825195,6,0.789492130279541,0.8293587565422058,0.796362042427063,0.7427557706832886,0.05096077919006348,0.0741199478507042,0.09899578988552094,0.12201494723558426,0.1393575817346573,0.13990944623947144,0.12979283928871155,0.11166872829198837,0.08398379385471344,0.04919615387916565
22,ESP,Spain,2020,-4.112740993499756,-1.4211387634277344,5.570207595825195,6,0.789492130279541,0.8293587565422058,0.796362042427063,0.7427557706832886,0.05096077919006348,0.0741199478507042,0.09899578988552094,0.12201494723558426,0.1393575817346573,0.13990944623947144,0.12979283928871155,0.11166872829198837,0.08398379385471344,0.04919615387916565
22,ESP,Spain,2021,-4.21701192855835,-1.8677715063095093,5.570207595825195,6,0.789492130279541,0.8293587565422058,0.796362042427063,0.7427557706832886,0.05096077919006348,0.0741199478507042,0.09899578988552094,0.12201494723558426,0.1393575817346573,0.13990944623947144,0.12979283928871155,0.11166872829198837,0.08398379385471344,0.04919615387916565
22,ESP,Spain,2022,-3.774611234664917,-2.161369562149048,5.570207595825195,6,0.789492130279541,0.8293587565422058,0.796362042427063,0.7427557706832886,0.05096077919006348,0.0741199478507042,0.09899578988552094,0.12201494723558426,0.1393575817346573,0.13990944623947144,0.12979283928871155,0.11166872829198837,0.08398379385471344,0.04919615387916565
22,ESP,Spain,2023,-4.671977519989014,-2.330834150314331,5.570207595825195,6,0.789492130279541,0.8293587565422058,0.796362042427063,0.7427557706832886,0.05096077919006348,0.0741199478507042,0.09899578988552094,0.12201494723558426,0.1393575817346573,0.13990944623947144,0.12979283928871155,0.11166872829198837,0.08398379385471344,0.04919615387916565
23,EST,Estonia,2018,-4.833373069763184,-0.678791344165802,5.5,1,0.5303884744644165,0.3051801919937134,0.8016892075538635,0.48429596424102783,0.10000000149011612,0.10000000149011612,0.10000000149011612,0.10000000149011612,0.10000000149011612,0.10000000149011612,0.10000000149011612,0.10000000149011612,0.10000000149011612,0.10000000149011612
23,EST,Estonia,2019,-9.96490478515625,-0.8471448421478271,5.5,1,0.5303884744644165,0.3051801919937134,0.8016892075538635,0.48429596424102783,0.10000000149011612,0.10000000149011612,0.10000000149011612,0.10000000149011612,0.10000000149011612,0.10000000149011612,0.10000000149011612,0.10000000149011612,0.10000000149011612,0.10000000149011612
23,EST,Estonia,2020,-18.38939094543457,-1.01413094997406,5.5,1,0.5303884744644165,0.3051801919937134,0.8016892075538635,0.48429596424102783,0.10000000149011612,0.10000000149011612,0.10000000149011612,0.10000000149011612,0.10000000149011612,0.10000000149011612,0.10000000149011612,0.10000000149011612,0.10000000149011612,0.10000000149011612
23,EST,Estonia,2021,-14.705828666687012,-1.1500461101531982,5.5,1,0.5303884744644165,0.3051801919937134,0.8016892075538635,0.48429596424102783,0.10000000149011612,0.10000000149011612,0.10000000149011612,0.10000000149011612,0.10000000149011612,0.10000000149011612,0.10000000149011612,0.10000000149011612,0.10000000149011612,0.10000000149011612
23,EST,Estonia,2022,-11.738649368286133,-1.239837884902954,5.5,1,0.5303884744644165,0.3051801919937134,0.8016892075538635,0.48429596424102783,0.10000000149011612,0.10000000149011612,0.10000000149011612,0.10000000149011612,0.10000000149011612,0.10000000149011612,0.10000000149011612,0.10000000149011612,0.10000000149011612,0.10000000149011612
23,EST,Estonia,2023,-19.71649742126465,-1.2924120426177979,5.5,1,0.5303884744644165,0.3051801919937134,0.8016892075538635,0.48429596424102783,0.10000000149011612,0.10000000149011612,0.10000000149011612,0.10000000149011612,0.10000000149011612,0.10000000149011612,0.10000000149011612,0.10000000149011612,0.10000000149011612,0.10000000149011612
24,FIN,Finland,2018,-2.4947378635406494,-0.2990002930164337,5.29401969909668,5,1.5118976831436157,1.5876092910766602,1.3751853704452515,1.572898507118225,0.07109594345092773,0.09284185618162155,0.11072403937578201,0.12503156065940857,0.13360421359539032,0.12898561358451843,0.11658600717782974,0.095980703830719,0.07244174182415009,0.052708324044942856
24,FIN,Finland,2019,-3.0343379974365234,-0.5005090832710266,5.29401969909668,5,1.5118976831436157,1.5876092910766602,1.3751853704452515,1.572898507118225,0.07109594345092773,0.09284185618162155,0.11072403937578201,0.12503156065940857,0.13360421359539032,0.12898561358451843,0.11658600717782974,0.095980703830719,0.07244174182415009,0.052708324044942856
24,FIN,Finland,2020,-4.05517578125,-0.6419048309326172,5.29401969909668,5,1.5118976831436157,1.5876092910766602,1.3751853704452515,1.572898507118225,0.07109594345092773,0.09284185618162155,0.11072403937578201,0.12503156065940857,0.13360421359539032,0.12898561358451843,0.11658600717782974,0.095980703830719,0.07244174182415009,0.052708324044942856
24,FIN,Finland,2021,-3.9226253032684326,-0.7105358839035034,5.29401969909668,5,1.5118976831436157,1.5876092910766602,1.3751853704452515,1.572898507118225,0.07109594345092773,0.09284185618162155,0.11072403937578201,0.12503156065940857,0.13360421359539032,0.12898561358451843,0.11658600717782974,0.095980703830719,0.07244174182415009,0.052708324044942856
24,FIN,Finland,2022,-4.062594890594482,-0.7300931215286255,5.29401969909668,5,1.5118976831436157,1.5876092910766602,1.3751853704452515,1.572898507118225,0.07109594345092773,0.09284185618162155,0.11072403937578201,0.12503156065940857,0.13360421359539032,0.12898561358451843,0.11658600717782974,0.095980703830719,0.07244174182415009,0.052708324044942856
24,FIN,Finland,2023,-5.2590131759643555,-0.7296839952468872,5.29401969909668,5,1.5118976831436157,1.5876092910766602,1.3751853704452515,1.572898507118225,0.07109594345092773,0.09284185618162155,0.11072403937578201,0.12503156065940857,0.13360421359539032,0.12898561358451843,0.11658600717782974,0.095980703830719,0.07244174182415009,0.052708324044942856
25,FRA,France,2018,-2.937512159347534,-0.05406108498573303,5.617351531982422,5,0.8883405327796936,1.0859564542770386,0.6707704067230225,0.9082947969436646,0.05837360396981239,0.0770527645945549,0.10111325234174728,0.11959444731473923,0.13118931651115417,0.12816524505615234,0.11470325291156769,0.10576321929693222,0.09126133471727371,0.07278361916542053
25,FRA,France,2019,-2.957599639892578,-0.4440248906612396,5.617351531982422,5,0.8883405327796936,1.0859564542770386,0.6707704067230225,0.9082947969436646,0.05837360396981239,0.0770527645945549,0.10111325234174728,0.11959444731473923,0.13118931651115417,0.12816524505615234,0.11470325291156769,0.10576321929693222,0.09126133471727371,0.07278361916542053
25,FRA,France,2020,-3.0673086643218994,-0.7262333631515503,5.617351531982422,5,0.8883405327796936,1.0859564542770386,0.6707704067230225,0.9082947969436646,0.05837360396981239,0.0770527645945549,0.10111325234174728,0.11959444731473923,0.13118931651115417,0.12816524505615234,0.11470325291156769,0.10576321929693222,0.09126133471727371,0.07278361916542053
25,FRA,France,2021,-2.956054449081421,-0.9104735255241394,5.617351531982422,5,0.8883405327796936,1.0859564542770386,0.6707704067230225,0.9082947969436646,0.05837360396981239,0.0770527645945549,0.10111325234174728,0.11959444731473923,0.13118931651115417,0.12816524505615234,0.11470325291156769,0.10576321929693222,0.09126133471727371,0.07278361916542053
25,FRA,France,2022,-0.05572359263896942,-1.0185556411743164,5.617351531982422,5,0.8883405327796936,1.0859564542770386,0.6707704067230225,0.9082947969436646,0.05837360396981239,0.0770527645945549,0.10111325234174728,0.11959444731473923,0.13118931651115417,0.12816524505615234,0.11470325291156769,0.10576321929693222,0.09126133471727371,0.07278361916542053
25,FRA,France,2023,-3.9094398021698,-1.0576632022857666,5.617351531982422,5,0.8883405327796936,1.0859564542770386,0.6707704067230225,0.9082947969436646,0.05837360396981239,0.0770527645945549,0.10111325234174728,0.11959444731473923,0.13118931651115417,0.12816524505615234,0.11470325291156769,0.10576321929693222,0.09126133471727371,0.07278361916542053
26,GBR,United Kingdom,2018,-11.656635284423828,-0.02902325987815857,5.538987159729004,6,1.2583589553833008,1.1897099018096924,1.3614327907562256,1.2239340543746948,0.062214940786361694,0.08257944881916046,0.10105406492948532,0.11779423803091049,0.12997137010097504,0.13041993975639343,0.12010648101568222,0.10421578586101532,0.08601099997758865,0.06563272327184677
26,GBR,United Kingdom,2019,-12.48721694946289,-0.38505637645721436,5.538987159729004,6,1.2583589553833008,1.1897099018096924,1.3614327907562256,1.2239340543746948,0.062214940786361694,0.08257944881916046,0.10105406492948532,0.11779423803091049,0.12997137010097504,0.13041993975639343,0.12010648101568222,0.10421578586101532,0.08601099997758865,0.06563272327184677
26,GBR,United Kingdom,2020,-13.733572006225586,-0.6807376146316528,5.538987159729004,6,1.2583589553833008,1.1897099018096924,1.3614327907562256,1.2239340543746948,0.062214940786361694,0.08257944881916046,0.10105406492948532,0.11779423803091049,0.12997137010097504,0.13041993975639343,0.12010648101568222,0.10421578586101532,0.08601099997758865,0.06563272327184677
26,GBR,United Kingdom,2021,-12.55033016204834,-0.8948701620101929,5.538987159729004,6,1.2583589553833008,1.1897099018096924,1.3614327907562256,1.2239340543746948,0.062214940786361694,0.08257944881916046,0.10105406492948532,0.11779423803091049,0.12997137010097504,0.13041993975639343,0.12010648101568222,0.10421578586101532,0.08601099997758865,0.06563272327184677
26,GBR,United Kingdom,2022,-13.13424301147461,-1.0231869220733643,5.538987159729004,6,1.2583589553833008,1.1897099018096924,1.3614327907562256,1.2239340543746948,0.062214940786361694,0.08257944881916046,0.10105406492948532,0.11779423803091049,0.12997137010097504,0.13041993975639343,0.12010648101568222,0.10421578586101532,0.08601099997758865,0.06563272327184677
26,GBR,United Kingdom,2023,-14.066479682922363,-1.0896650552749634,5.538987159729004,6,1.2583589553833008,1.1897099018096924,1.3614327907562256,1.2239340543746948,0.062214940786361694,0.08257944881916046,0.10105406492948532,0.11779423803091049,0.12997137010097504,0.13041993975639343,0.12010648101568222,0.10421578586101532,0.08601099997758865,0.06563272327184677
27,GRC,Greece,2018,-5.507160186767578,-0.7468549013137817,5.5,1,0.21050052344799042,0.004785913974046707,0.24354657530784607,0.3831690847873688,0.10000000149011612,0.10000000149011612,0.10000000149011612,0.10000000149011612,0.10000000149011612,0.10000000149011612,0.10000000149011612,0.10000000149011612,0.10000000149011612,0.10000000149011612
27,GRC,Greece,2019,-6.582149982452393,-0.6707448363304138,5.5,1,0.21050052344799042,0.004785913974046707,0.24354657530784607,0.3831690847873688,0.10000000149011612,0.10000000149011612,0.10000000149011612,0.10000000149011612,0.10000000149011612,0.10000000149011612,0.10000000149011612,0.10000000149011612,0.10000000149011612,0.10000000149011612
27,GRC,Greece,2020,-8.231910705566406,-0.6345252394676208,5.5,1,0.21050052344799042,0.004785913974046707,0.24354657530784607,0.3831690847873688,0.10000000149011612,0.10000000149011612,0.10000000149011612,0.10000000149011612,0.10000000149011612,0.10000000149011612,0.10000000149011612,0.10000000149011612,0.10000000149011612,0.10000000149011612
27,GRC,Greece,2021,-9.12386703491211,-0.5953002572059631,5.5,1,0.21050052344799042,0.004785913974046707,0.24354657530784607,0.3831690847873688,0.10000000149011612,0.10000000149011612,0.10000000149011612,0.10000000149011612,0.10000000149011612,0.10000000149011612,0.10000000149011612,0.10000000149011612,0.10000000149011612,0.10000000149011612
27,GRC,Greece,2022,-9.264490127563477,-0.5402250289916992,5.5,1,0.21050052344799042,0.004785913974046707,0.24354657530784607,0.3831690847873688,0.10000000149011612,0.10000000149011612,0.10000000149011612,0.10000000149011612,0.10000000149011612,0.10000000149011612,0.10000000149011612,0.10000000149011612,0.10000000149011612,0.10000000149011612
27,GRC,Greece,2023,-10.155776977539062,-0.49584850668907166,5.5,1,0.21050052344799042,0.004785913974046707,0.24354657530784607,0.3831690847873688,0.10000000149011612,0.10000000149011612,0.10000000149011612,0.10000000149011612,0.10000000149011612,0.10000000149011612,0.10000000149011612,0.10000000149011612,0.10000000149011612,0.10000000149011612
28,HKG,Hong Kong,2018,-1.1459519863128662,0.4100886583328247,5.041858673095703,4,1.1223636865615845,1.0890463590621948,1.3811711072921753,0.8968734741210938,0.09447616338729858,0.11082267761230469,0.11976158618927002,0.12350961565971375,0.1217525526881218,0.11689457297325134,0.10502111166715622,0.09053948521614075,0.06940201669931412,0.04782022535800934
28,HKG,Hong Kong,2019,-1.7272493839263916,0.10713866353034973,5.041858673095703,4,1.1223636865615845,1.0890463590621948,1.3811711072921753,0.8968734741210938,0.09447616338729858,0.11082267761230469,0.11976158618927002,0.12350961565971375,0.1217525526881218,0.11689457297325134,0.10502111166715622,0.09053948521614075,0.06940201669931412,0.04782022535800934
28,HKG,Hong Kong,2020,-5.682636260986328,-0.10793018341064453,5.041858673095703,4,1.1223636865615845,1.0890463590621948,1.3811711072921753,0.8968734741210938,0.09447616338729858,0.11082267761230469,0.11976158618927002,0.12350961565971375,0.1217525526881218,0.11689457297325134,0.10502111166715622,0.09053948521614075,0.06940201669931412,0.04782022535800934
28,HKG,Hong Kong,2021,-5.362922668457031,-0.1921931505203247,5.041858673095703,4,1.1223636865615845,1.0890463590621948,1.3811711072921753,0.8968734741210938,0.09447616338729858,0.11082267761230469,0.11976158618927002,0.12350961565971375,0.1217525526881218,0.11689457297325134,0.10502111166715622,0.09053948521614075,0.06940201669931412,0.04782022535800934
28,HKG,Hong Kong,2022,-5.762137413024902,-0.2251085340976715,5.041858673095703,4,1.1223636865615845,1.0890463590621948,1.3811711072921753,0.8968734741210938,0.09447616338729858,0.11082267761230469,0.11976158618927002,0.12350961565971375,0.1217525526881218,0.11689457297325134,0.10502111166715622,0.09053948521614075,0.06940201669931412,0.04782022535800934
28,HKG,Hong Kong,2023,-5.774105072021484,-0.23655790090560913,5.041858673095703,4,1.1223636865615845,1.0890463590621948,1.3811711072921753,0.8968734741210938,0.09447616338729858,0.11082267761230469,0.11976158618927002,0.12350961565971375,0.1217525526881218,0.11689457297325134,0.10502111166715622,0.09053948521614075,0.06940201669931412,0.04782022535800934
29,HRV,Croatia,2018,-2.1691575050354004,0.41341328620910645,5.5,1,-0.3481642007827759,-0.2588765323162079,-0.3555670380592346,-0.4300490617752075,0.10000000149011612,0.10000000149011612,0.10000000149011612,0.10000000149011612,0.10000000149011612,0.10000000149011612,0.10000000149011612,0.10000000149011612,0.10000000149011612,0.10000000149011612
29,HRV,Croatia,2019,-1.4451857805252075,0.6397467851638794,5.5,1,-0.3481642007827759,-0.2588765323162079,-0.3555670380592346,-0.4300490617752075,0.10000000149011612,0.10000000149011612,0.10000000149011612,0.10000000149011612,0.10000000149011612,0.10000000149011612,0.10000000149011612,0.10000000149011612,0.10000000149011612,0.10000000149011612
29,HRV,Croatia,2020,-1.7230193614959717,0.6766263842582703,5.5,1,-0.3481642007827759,-0.2588765323162079,-0.3555670380592346,-0.4300490617752075,0.10000000149011612,0.10000000149011612,0.10000000149011612,0.10000000149011612,0.10000000149011612,0.10000000149011612,0.10000000149011612,0.10000000149011612,0.10000000149011612,0.10000000149011612
29,HRV,Croatia,2021,-2.0073060989379883,0.6355249285697937,5.5,1,-0.3481642007827759,-0.2588765323162079,-0.3555670380592346,-0.4300490617752075,0.10000000149011612,0.10000000149011612,0.10000000149011612,0.10000000149011612,0.10000000149011612,0.10000000149011612,0.10000000149011612,0.10000000149011612,0.10000000149011612,0.10000000149011612
29,HRV,Croatia,2022,-1.4104783535003662,0.6086568832397461,5.5,1,-0.3481642007827759,-0.2588765323162079,-0.3555670380592346,-0.4300490617752075,0.10000000149011612,0.10000000149011612,0.10000000149011612,0.10000000149011612,0.10000000149011612,0.10000000149011612,0.10000000149011612,0.10000000149011612,0.10000000149011612,0.10000000149011612
29,HRV,Croatia,2023,-2.236304998397827,0.5805305242538452,5.5,1,-0.3481642007827759,-0.2588765323162079,-0.3555670380592346,-0.4300490617752075,0.10000000149011612,0.10000000149011612,0.10000000149011612,0.10000000149011612,0.10000000149011612,0.10000000149011612,0.10000000149011612,0.10000000149011612,0.10000000149011612,0.10000000149011612
30,HUN,Hungary,2018,-2.826733112335205,-1.1680821180343628,5.5,1,0.43036317825317383,0.30845627188682556,0.5491956472396851,0.4334375858306885,0.10000000149011612,0.10000000149011612,0.10000000149011612,0.10000000149011612,0.10000000149011612,0.10000000149011612,0.10000000149011612,0.10000000149011612,0.10000000149011612,0.10000000149011612
30,HUN,Hungary,2019,-3.2313930988311768,-1.2063827514648438,5.5,1,0.43036317825317383,0.30845627188682556,0.5491956472396851,0.4334375858306885,0.10000000149011612,0.10000000149011612,0.10000000149011612,0.10000000149011612,0.10000000149011612,0.10000000149011612,0.10000000149011612,0.10000000149011612,0.10000000149011612,0.10000000149011612
30,HUN,Hungary,2020,-3.419083595275879,-1.2345471382141113,5.5,1,0.43036317825317383,0.30845627188682556,0.5491956472396851,0.4334375858306885,0.10000000149011612,0.10000000149011612,0.10000000149011612,0.10000000149011612,0.10000000149011612,0.10000000149011612,0.10000000149011612,0.10000000149011612,0.10000000149011612,0.10000000149011612
30,HUN,Hungary,2021,-3.8331387042999268,-1.255089282989502,5.5,1,0.43036317825317383,0.30845627188682556,0.5491956472396851,0.4334375858306885,0.10000000149011612,0.10000000149011612,0.10000000149011612,0.10000000149011612,0.10000000149011612,0.10000000149011612,0.10000000149011612,0.10000000149011612,0.10000000149011612,0.10000000149011612
30,HUN,Hungary,2022,-4.042897701263428,-1.2601970434188843,5.5,1,0.43036317825317383,0.30845627188682556,0.5491956472396851,0.4334375858306885,0.10000000149011612,0.10000000149011612,0.10000000149011612,0.10000000149011612,0.10000000149011612,0.10000000149011612,0.10000000149011612,0.10000000149011612,0.10000000149011612,0.10000000149011612
30,HUN,Hungary,2023,-4.756733417510986,-1.253180980682373,5.5,1,0.43036317825317383,0.30845627188682556,0.5491956472396851,0.4334375858306885,0.10000000149011612,0.10000000149011612,0.10000000149011612,0.10000000149011612,0.10000000149011612,0.10000000149011612,0.10000000149011612,0.10000000149011612,0.10000000149011612,0.10000000149011612
31,IDN,Indonesia,2018,2.64410662651062,1.5084751844406128,5.5,1,-0.9561768174171448,-0.9402090311050415,-0.8002218008041382,-1.1280996799468994,0.10000000149011612,0.10000000149011612,0.10000000149011612,0.10000000149011612,0.10000000149011612,0.10000000149011612,0.10000000149011612,0.10000000149011612,0.10000000149011612,0.10000000149011612
31,IDN,Indonesia,2019,3.317753314971924,1.1285908222198486,5.5,1,-0.9561768174171448,-0.9402090311050415,-0.8002218008041382,-1.1280996799468994,0.10000000149011612,0.10000000149011612,0.10000000149011612,0.10000000149011612,0.10000000149011612,0.10000000149011612,0.10000000149011612,0.10000000149011612,0.10000000149011612,0.10000000149011612
31,IDN,Indonesia,2020,2.719416856765747,0.6948480606079102,5.5,1,-0.9561768174171448,-0.9402090311050415,-0.8002218008041382,-1.1280996799468994,0.10000000149011612,0.10000000149011612,0.10000000149011612,0.10000000149011612,0.10000000149011612,0.10000000149011612,0.10000000149011612,0.10000000149011612,0.10000000149011612,0.10000000149011612
31,IDN,Indonesia,2021,2.6682887077331543,0.32198017835617065,5.5,1,-0.9561768174171448,-0.9402090311050415,-0.8002218008041382,-1.1280996799468994,0.10000000149011612,0.10000000149011612,0.10000000149011612,0.10000000149011612,0.10000000149011612,0.10000000149011612,0.10000000149011612,0.10000000149011612,0.10000000149011612,0.10000000149011612
31,IDN,Indonesia,2022,2.0740978717803955,-0.06533169746398926,5.5,1,-0.9561768174171448,-0.9402090311050415,-0.8002218008041382,-1.1280996799468994,0.10000000149011612,0.10000000149011612,0.10000000149011612,0.10000000149011612,0.10000000149011612,0.10000000149011612,0.10000000149011612,0.10000000149011612,0.10000000149011612,0.10000000149011612
31,IDN,Indonesia,2023,2.4188666343688965,-0.340221107006073,5.5,1,-0.9561768174171448,-0.9402090311050415,-0.8002218008041382,-1.1280996799468994,0.10000000149011612,0.10000000149011612,0.10000000149011612,0.10000000149011612,0.10000000149011612,0.10000000149011612,0.10000000149011612,0.10000000149011612,0.10000000149011612,0.10000000149011612
32,IND,India,2018,0.023883648216724396,-1.4429471492767334,2.5679450035095215,1,-0.5800058245658875,-0.6757107377052307,-0.8220545053482056,-0.24225223064422607,0.30366215109825134,0.27304452657699585,0.21013325452804565,0.12995949387550354,0.04140131175518036,0.006525800563395023,0.0,0.004384045954793692,0.02217189595103264,0.008717499673366547
32,IND,India,2019,-1.7109887599945068,-0.6660444736480713,2.5679450035095215,1,-0.5800058245658875,-0.6757107377052307,-0.8220545053482056,-0.24225223064422607,0.30366215109825134,0.27304452657699585,0.21013325452804565,0.12995949387550354,0.04140131175518036,0.006525800563395023,0.0,0.004384045954793692,0.02217189595103264,0.008717499673366547
32,IND,India,2020,-2.832286834716797,-0.41973790526390076,2.5679450035095215,1,-0.5800058245658875,-0.6757107377052307,-0.8220545053482056,-0.24225223064422607,0.30366215109825134,0.27304452657699585,0.21013325452804565,0.12995949387550354,0.04140131175518036,0.006525800563395023,0.0,0.004384045954793692,0.02217189595103264,0.008717499673366547
32,IND,India,2021,-2.1478464603424072,-0.354816198348999,2.5679450035095215,1,-0.5800058245658875,-0.6757107377052307,-0.8220545053482056,-0.24225223064422607,0.30366215109825134,0.27304452657699585,0.21013325452804565,0.12995949387550354,0.04140131175518036,0.006525800563395023,0.0,0.004384045954793692,0.02217189595103264,0.008717499673366547
32,IND,India,2022,-2.8932855129241943,-0.3525410592556,2.5679450035095215,1,-0.5800058245658875,-0.6757107377052307,-0.8220545053482056,-0.24225223064422607,0.30366215109825134,0.27304452657699585,0.21013325452804565,0.12995949387550354,0.04140131175518036,0.006525800563395023,0.0,0.004384045954793692,0.02217189595103264,0.008717499673366547
32,IND,India,2023,-2.182831048965454,-0.39328134059906006,2.5679450035095215,1,-0.5800058245658875,-0.6757107377052307,-0.8220545053482056,-0.24225223064422607,0.30366215109825134,0.27304452657699585,0.21013325452804565,0.12995949387550354,0.04140131175518036,0.006525800563395023,0.0,0.004384045954793692,0.02217189595103264,0.008717499673366547
33,IRL,Ireland,2018,-3.2219769954681396,-1.336226224899292,5.5,1,1.125100016593933,0.9071259498596191,1.2676217555999756,1.2005521059036255,0.10000000149011612,0.10000000149011612,0.10000000149011612,0.10000000149011612,0.10000000149011612,0.10000000149011612,0.10000000149011612,0.10000000149011612,0.10000000149011612,0.10000000149011612
33,IRL,Ireland,2019,-3.9652493000030518,-1.3445451259613037,5.5,1,1.125100016593933,0.9071259498596191,1.2676217555999756,1.2005521059036255,0.10000000149011612,0.10000000149011612,0.10000000149011612,0.10000000149011612,0.10000000149011612,0.10000000149011612,0.10000000149011612,0.10000000149011612,0.10000000149011612,0.10000000149011612
33,IRL,Ireland,2020,-4.2647223472595215,-1.3423599004745483,5.5,1,1.125100016593933,0.9071259498596191,1.2676217555999756,1.2005521059036255,0.10000000149011612,0.10000000149011612,0.10000000149011612,0.10000000149011612,0.10000000149011612,0.10000000149011612,0.10000000149011612,0.10000000149011612,0.10000000149011612,0.10000000149011612
33,IRL,Ireland,2021,-3.373614549636841,-1.3383922576904297,5.5,1,1.125100016593933,0.9071259498596191,1.2676217555999756,1.2005521059036255,0.10000000149011612,0.10000000149011612,0.10000000149011612,0.10000000149011612,0.10000000149011612,0.10000000149011612,0.10000000149011612,0.10000000149011612,0.10000000149011612,0.10000000149011612
33,IRL,Ireland,2022,-3.6817150115966797,-1.339490294456482,5.5,1,1.125100016593933,0.9071259498596191,1.2676217555999756,1.2005521059036255,0.10000000149011612,0.10000000149011612,0.10000000149011612,0.10000000149011612,0.10000000149011612,0.10000000149011612,0.10000000149011612,0.10000000149011612,0.10000000149011612,0.10000000149011612
33,IRL,Ireland,2023,-4.387845516204834,-1.335040807723999,5.5,1,1.125100016593933,0.9071259498596191,1.2676217555999756,1.2005521059036255,0.10000000149011612,0.10000000149011612,0.10000000149011612,0.10000000149011612,0.10000000149011612,0.10000000149011612,0.10000000149011612,0.10000000149011612,0.10000000149011612,0.10000000149011612
34,IRN,Iran,2018,0.18575511872768402,-1.884127140045166,8.462442398071289,10,-1.425826907157898,-1.0039883852005005,-1.918333888053894,-1.3551583290100098,0.0,0.0,0.0,0.0,0.0,0.10421323776245117,0.16994135081768036,0.19697843492031097,0.21692349016666412,0.3119434714317322
34,IRN,Iran,2019,-3.3282368183135986,-0.8891853094100952,8.462442398071289,10,-1.425826907157898,-1.0039883852005005,-1.918333888053894,-1.3551583290100098,0.0,0.0,0.0,0.0,0.0,0.10421323776245117,0.16994135081768036,0.19697843492031097,0.21692349016666412,0.3119434714317322
34,IRN,Iran,2020,-1.5740487575531006,-0.41138508915901184,8.462442398071289,10,-1.425826907157898,-1.0039883852005005,-1.918333888053894,-1.3551583290100098,0.0,0.0,0.0,0.0,0.0,0.10421323776245117,0.16994135081768036,0.19697843492031097,0.21692349016666412,0.3119434714317322
34,IRN,Iran,2021,0.32263654470443726,-0.09662192314863205,8.462442398071289,10,-1.425826907157898,-1.0039883852005005,-1.918333888053894,-1.3551583290100098,0.0,0.0,0.0,0.0,0.0,0.10421323776245117,0.16994135081768036,0.19697843492031097,0.21692349016666412,0.3119434714317322
34,IRN,Iran,2022,0.009564151056110859,0.09515222907066345,8.462442398071289,10,-1.425826907157898,-1.0039883852005005,-1.918333888053894,-1.3551583290100098,0.0,0.0,0.0,0.0,0.0,0.10421323776245117,0.16994135081768036,0.19697843492031097,0.21692349016666412,0.3119434714317322
34,IRN,Iran,2023,-0.9724723696708679,0.2012779712677002,8.462442398071289,10,-1.425826907157898,-1.0039883852005005,-1.918333888053894,-1.3551583290100098,0.0,0.0,0.0,0.0,0.0,0.10421323776245117,0.16994135081768036,0.19697843492031097,0.21692349016666412,0.3119434714317322
35,IRQ,Iraq,2018,1.4125878810882568,-1.5674928426742554,5.574092864990234,6,-2.0568058490753174,-2.0972113609313965,-2.079011917114258,-1.9941946268081665,0.07338951528072357,0.08952409774065018,0.09895020723342896,0.10564066469669342,0.11482755094766617,0.12122757732868195,0.11846213787794113,0.10722481459379196,0.0938292071223259,0.07692423462867737
35,IRQ,Iraq,2019,1.0280742645263672,-0.7634159922599792,5.574092864990234,6,-2.0568058490753174,-2.0972113609313965,-2.079011917114258,-1.9941946268081665,0.07338951528072357,0.08952409774065018,0.09895020723342896,0.10564066469669342,0.11482755094766617,0.12122757732868195,0.11846213787794113,0.10722481459379196,0.0938292071223259,0.07692423462867737
35,IRQ,Iraq,2020,1.1829884052276611,-0.32418695092201233,5.574092864990234,6,-2.0568058490753174,-2.0972113609313965,-2.079011917114258,-1.9941946268081665,0.07338951528072357,0.08952409774065018,0.09895020723342896,0.10564066469669342,0.11482755094766617,0.12122757732868195,0.11846213787794113,0.10722481459379196,0.0938292071223259,0.07692423462867737
35,IRQ,Iraq,2021,1.2868479490280151,-0.03432345390319824,5.574092864990234,6,-2.0568058490753174,-2.0972113609313965,-2.079011917114258,-1.9941946268081665,0.07338951528072357,0.08952409774065018,0.09895020723342896,0.10564066469669342,0.11482755094766617,0.12122757732868195,0.11846213787794113,0.10722481459379196,0.0938292071223259,0.07692423462867737
35,IRQ,Iraq,2022,1.606886863708496,0.14052745699882507,5.574092864990234,6,-2.0568058490753174,-2.0972113609313965,-2.079011917114258,-1.9941946268081665,0.07338951528072357,0.08952409774065018,0.09895020723342896,0.10564066469669342,0.11482755094766617,0.12122757732868195,0.11846213787794113,0.10722481459379196,0.0938292071223259,0.07692423462867737
35,IRQ,Iraq,2023,1.6270170211791992,0.24159762263298035,5.574092864990234,6,-2.0568058490753174,-2.0972113609313965,-2.079011917114258,-1.9941946268081665,0.07338951528072357,0.08952409774065018,0.09895020723342896,0.10564066469669342,0.11482755094766617,0.12122757732868195,0.11846213787794113,0.10722481459379196,0.0938292071223259,0.07692423462867737
36,ISL,Iceland,2018,2.5240752696990967,1.1283845901489258,6.4897871017456055,6,1.1885734796524048,1.2342337369918823,0.9549963474273682,1.376490592956543,0.011045577935874462,0.030873296782374382,0.06057460978627205,0.0970507264137268,0.13486389815807343,0.1547086238861084,0.1517488956451416,0.14268764853477478,0.12371377646923065,0.09273293614387512
36,ISL,Iceland,2019,2.4789857864379883,1.0830068588256836,6.4897871017456055,6,1.1885734796524048,1.2342337369918823,0.9549963474273682,1.376490592956543,0.011045577935874462,0.030873296782374382,0.06057460978627205,0.0970507264137268,0.13486389815807343,0.1547086238861084,0.1517488956451416,0.14268764853477478,0.12371377646923065,0.09273293614387512
36,ISL,Iceland,2020,1.9529410600662231,1.0829792022705078,6.4897871017456055,6,1.1885734796524048,1.2342337369918823,0.9549963474273682,1.376490592956543,0.011045577935874462,0.030873296782374382,0.06057460978627205,0.0970507264137268,0.13486389815807343,0.1547086238861084,0.1517488956451416,0.14268764853477478,0.12371377646923065,0.09273293614387512
36,ISL,Iceland,2021,1.6373142004013062,1.0935637950897217,6.4897871017456055,6,1.1885734796524048,1.2342337369918823,0.9549963474273682,1.376490592956543,0.011045577935874462,0.030873296782374382,0.06057460978627205,0.0970507264137268,0.13486389815807343,0.1547086238861084,0.1517488956451416,0.14268764853477478,0.12371377646923065,0.09273293614387512
36,ISL,Iceland,2022,1.38180673122406,1.1085903644561768,6.4897871017456055,6,1.1885734796524048,1.2342337369918823,0.9549963474273682,1.376490592956543,0.011045577935874462,0.030873296782374382,0.06057460978627205,0.0970507264137268,0.13486389815807343,0.1547086238861084,0.1517488956451416,0.14268764853477478,0.12371377646923065,0.09273293614387512
36,ISL,Iceland,2023,2.3587470054626465,1.1236400604248047,6.4897871017456055,6,1.1885734796524048,1.2342337369918823,0.9549963474273682,1.376490592956543,0.011045577935874462,0.030873296782374382,0.06057460978627205,0.0970507264137268,0.13486389815807343,0.1547086238861084,0.1517488956451416,0.14268764853477478,0.12371377646923065,0.09273293614387512
37,ISR,Israel,2018,-6.285995006561279,-0.4947028160095215,5.5,1,0.6414921283721924,0.9020118117332458,0.48677289485931396,0.5356917977333069,0.10000000149011612,0.10000000149011612,0.10000000149011612,0.10000000149011612,0.10000000149011612,0.10000000149011612,0.10000000149011612,0.10000000149011612,0.10000000149011612,0.10000000149011612
37,ISR,Israel,2019,-6.490711212158203,-0.8583431243896484,5.5,1,0.6414921283721924,0.9020118117332458,0.48677289485931396,0.5356917977333069,0.10000000149011612,0.10000000149011612,0.10000000149011612,0.10000000149011612,0.10000000149011612,0.10000000149011612,0.10000000149011612,0.10000000149011612,0.10000000149011612,0.10000000149011612
37,ISR,Israel,2020,-7.341547966003418,-1.1357662677764893,5.5,1,0.6414921283721924,0.9020118117332458,0.48677289485931396,0.5356917977333069,0.10000000149011612,0.10000000149011612,0.10000000149011612,0.10000000149011612,0.10000000149011612,0.10000000149011612,0.10000000149011612,0.10000000149011612,0.10000000149011612,0.10000000149011612
37,ISR,Israel,2021,-8.057387351989746,-1.3288673162460327,5.5,1,0.6414921283721924,0.9020118117332458,0.48677289485931396,0.5356917977333069,0.10000000149011612,0.10000000149011612,0.10000000149011612,0.10000000149011612,0.10000000149011612,0.10000000149011612,0.10000000149011612,0.10000000149011612,0.10000000149011612,0.10000000149011612
37,ISR,Israel,2022,-8.405094146728516,-1.4408049583435059,5.5,1,0.6414921283721924,0.9020118117332458,0.48677289485931396,0.5356917977333069,0.10000000149011612,0.10000000149011612,0.10000000149011612,0.10000000149011612,0.10000000149011612,0.10000000149011612,0.10000000149011612,0.10000000149011612,0.10000000149011612,0.10000000149011612
37,ISR,Israel,2023,-9.675131797790527,-1.492042064666748,5.5,1,0.6414921283721924,0.9020118117332458,0.48677289485931396,0.5356917977333069,0.10000000149011612,0.10000000149011612,0.10000000149011612,0.10000000149011612,0.10000000149011612,0.10000000149011612,0.10000000149011612,0.10000000149011612,0.10000000149011612,0.10000000149011612
38,ITA,Italy,2018,-5.143430233001709,-1.079574465751648,5.5,1,0.23468120396137238,0.07437334209680557,0.34910762310028076,0.28056269884109497,0.10000000149011612,0.10000000149011612,0.10000000149011612,0.10000000149011612,0.10000000149011612,0.10000000149011612,0.10000000149011612,0.10000000149011612,0.10000000149011612,0.10000000149011612
38,ITA,Italy,2019,-5.74995231628418,-1.2700574398040771,5.5,1,0.23468120396137238,0.07437334209680557,0.34910762310028076,0.28056269884109497,0.10000000149011612,0.10000000149011612,0.10000000149011612,0.10000000149011612,0.10000000149011612,0.10000000149011612,0.10000000149011612,0.10000000149011612,0.10000000149011612,0.10000000149011612
38,ITA,Italy,2020,-6.417283058166504,-1.4274542331695557,5.5,1,0.23468120396137238,0.07437334209680557,0.34910762310028076,0.28056269884109497,0.10000000149011612,0.10000000149011612,0.10000000149011612,0.10000000149011612,0.10000000149011612,0.10000000149011612,0.10000000149011612,0.10000000149011612,0.10000000149011612,0.10000000149011612
38,ITA,Italy,2021,-6.226283073425293,-1.5352400541305542,5.5,1,0.23468120396137238,0.07437334209680557,0.34910762310028076,0.28056269884109497,0.10000000149011612,0.10000000149011612,0.10000000149011612,0.10000000149011612,0.10000000149011612,0.10000000149011612,0.10000000149011612,0.10000000149011612,0.10000000149011612,0.10000000149011612
38,ITA,Italy,2022,-4.716213703155518,-1.6006224155426025,5.5,1,0.23468120396137238,0.07437334209680557,0.34910762310028076,0.28056269884109497,0.10000000149011612,0.10000000149011612,0.10000000149011612,0.10000000149011612,0.10000000149011612,0.10000000149011612,0.10000000149011612,0.10000000149011612,0.10000000149011612,0.10000000149011612
38,ITA,Italy,2023,-6.842550277709961,-1.63714599609375,5.5,1,0.23468120396137238,0.07437334209680557,0.34910762310028076,0.28056269884109497,0.10000000149011612,0.10000000149011612,0.10000000149011612,0.10000000149011612,0.10000000149011612,0.10000000149011612,0.10000000149011612,0.10000000149011612,0.10000000149011612,0.10000000149011612
39,JPN,Japan,2018,3.7277371883392334,0.7101413011550903,5.5,1,0.7284886837005615,0.8470459580421448,0.45311596989631653,0.8853041529655457,0.10000000149011612,0.10000000149011612,0.10000000149011612,0.10000000149011612,0.10000000149011612,0.10000000149011612,0.10000000149011612,0.10000000149011612,0.10000000149011612,0.10000000149011612
39,JPN,Japan,2019,3.204775810241699,0.866280198097229,5.5,1,0.7284886837005615,0.8470459580421448,0.45311596989631653,0.8853041529655457,0.10000000149011612,0.10000000149011612,0.10000000149011612,0.10000000149011612,0.10000000149011612,0.10000000149011612,0.10000000149011612,0.10000000149011612,0.10000000149011612,0.10000000149011612
39,JPN,Japan,2020,3.1749613285064697,0.9024868011474609,5.5,1,0.7284886837005615,0.8470459580421448,0.45311596989631653,0.8853041529655457,0.10000000149011612,0.10000000149011612,0.10000000149011612,0.10000000149011612,0.10000000149011612,0.10000000149011612,0.10000000149011612,0.10000000149011612,0.10000000149011612,0.10000000149011612
39,JPN,Japan,2021,2.640718698501587,0.9317336082458496,5.5,1,0.7284886837005615,0.8470459580421448,0.45311596989631653,0.8853041529655457,0.10000000149011612,0.10000000149011612,0.10000000149011612,0.10000000149011612,0.10000000149011612,0.10000000149011612,0.10000000149011612,0.10000000149011612,0.10000000149011612,0.10000000149011612
39,JPN,Japan,2022,2.846599578857422,0.9451346397399902,5.5,1,0.7284886837005615,0.8470459580421448,0.45311596989631653,0.8853041529655457,0.10000000149011612,0.10000000149011612,0.10000000149011612,0.10000000149011612,0.10000000149011612,0.10000000149011612,0.10000000149011612,0.10000000149011612,0.10000000149011612,0.10000000149011612
39,JPN,Japan,2023,1.7527316808700562,0.9534986019134521,5.5,1,0.7284886837005615,0.8470459580421448,0.45311596989631653,0.8853041529655457,0.10000000149011612,0.10000000149011612,0.10000000149011612,0.10000000149011612,0.10000000149011612,0.10000000149011612,0.10000000149011612,0.10000000149011612,0.10000000149011612,0.10000000149011612
40,KAZ,Kazakhstan,2018,1.5828030109405518,1.1173821687698364,7.23696756362915,9,-1.2722676992416382,-1.3743125200271606,-1.0817227363586426,-1.3607680797576904,0.030627790838479996,0.02995126321911812,0.04571082815527916,0.049858517944812775,0.06380204856395721,0.0948873981833458,0.12648732960224152,0.17589278519153595,0.1988377720117569,0.18394427001476288
40,KAZ,Kazakhstan,2019,1.5101414918899536,1.2679129838943481,7.23696756362915,9,-1.2722676992416382,-1.3743125200271606,-1.0817227363586426,-1.3607680797576904,0.030627790838479996,0.02995126321911812,0.04571082815527916,0.049858517944812775,0.06380204856395721,0.0948873981833458,0.12648732960224152,0.17589278519153595,0.1988377720117569,0.18394427001476288
40,KAZ,Kazakhstan,2020,1.363572597503662,1.29905366897583,7.23696756362915,9,-1.2722676992416382,-1.3743125200271606,-1.0817227363586426,-1.3607680797576904,0.030627790838479996,0.02995126321911812,0.04571082815527916,0.049858517944812775,0.06380204856395721,0.0948873981833458,0.12648732960224152,0.17589278519153595,0.1988377720117569,0.18394427001476288
40,KAZ,Kazakhstan,2021,1.2543725967407227,1.2951953411102295,7.23696756362915,9,-1.2722676992416382,-1.3743125200271606,-1.0817227363586426,-1.3607680797576904,0.030627790838479996,0.02995126321911812,0.04571082815527916,0.049858517944812775,0.06380204856395721,0.0948873981833458,0.12648732960224152,0.17589278519153595,0.1988377720117569,0.18394427001476288
40,KAZ,Kazakhstan,2022,1.1613658666610718,1.2892427444458008,7.23696756362915,9,-1.2722676992416382,-1.3743125200271606,-1.0817227363586426,-1.3607680797576904,0.030627790838479996,0.02995126321911812,0.04571082815527916,0.049858517944812775,0.06380204856395721,0.0948873981833458,0.12648732960224152,0.17589278519153595,0.1988377720117569,0.18394427001476288
40,KAZ,Kazakhstan,2023,0.9807498455047607,1.288764476776123,7.23696756362915,9,-1.2722676992416382,-1.3743125200271606,-1.0817227363586426,-1.3607680797576904,0.030627790838479996,0.02995126321911812,0.04571082815527916,0.049858517944812775,0.06380204856395721,0.0948873981833458,0.12648732960224152,0.17589278519153595,0.1988377720117569,0.18394427001476288
41,KOR,South Korea,2018,3.200753688812256,-0.3875464200973511,3.9810574054718018,2,0.34772443771362305,0.4346860945224762,0.1522836983203888,0.45620352029800415,0.15361513197422028,0.15747758746147156,0.15177619457244873,0.1421838402748108,0.1298915296792984,0.10942772775888443,0.08329330384731293,0.0516660250723362,0.020668646320700645,0.0
41,KOR,South Korea,2019,1.7671101093292236,0.14582616090774536,3.9810574054718018,2,0.34772443771362305,0.4346860945224762,0.1522836983203888,0.45620352029800415,0.15361513197422028,0.15747758746147156,0.15177619457244873,0.1421838402748108,0.1298915296792984,0.10942772775888443,0.08329330384731293,0.0516660250723362,0.020668646320700645,0.0
41,KOR,South Korea,2020,-0.8152863383293152,0.33939072489738464,3.9810574054718018,2,0.34772443771362305,0.4346860945224762,0.1522836983203888,0.45620352029800415,0.15361513197422028,0.15747758746147156,0.15177619457244873,0.1421838402748108,0.1298915296792984,0.10942772775888443,0.08329330384731293,0.0516660250723362,0.020668646320700645,0.0
41,KOR,South Korea,2021,-0.6951596140861511,0.4253728985786438,3.9810574054718018,2,0.34772443771362305,0.4346860945224762,0.1522836983203888,0.45620352029800415,0.15361513197422028,0.15747758746147156,0.15177619457244873,0.1421838402748108,0.1298915296792984,0.10942772775888443,0.08329330384731293,0.0516660250723362,0.020668646320700645,0.0
41,KOR,South Korea,2022,-2.0999202728271484,0.4618504047393799,3.9810574054718018,2,0.34772443771362305,0.4346860945224762,0.1522836983203888,0.45620352029800415,0.15361513197422028,0.15747758746147156,0.15177619457244873,0.1421838402748108,0.1298915296792984,0.10942772775888443,0.08329330384731293,0.0516660250723362,0.020668646320700645,0.0
41,KOR,South Korea,2023,-2.8068954944610596,0.4725900888442993,3.9810574054718018,2,0.34772443771362305,0.4346860945224762,0.1522836983203888,0.45620352029800415,0.15361513197422028,0.15747758746147156,0.15177619457244873,0.1421838402748108,0.1298915296792984,0.10942772775888443,0.08329330384731293,0.0516660250723362,0.020668646320700645,0.0
42,KWT,Kuwait,2018,-6.3546881675720215,-0.10913550853729248,5.5,1,-0.23261572420597076,-0.458217591047287,-0.3800378143787384,0.1404082179069519,0.10000000149011612,0.10000000149011612,0.10000000149011612,0.10000000149011612,0.10000000149011612,0.10000000149011612,0.10000000149011612,0.10000000149011612,0.10000000149011612,0.10000000149011612
42,KWT,Kuwait,2019,-7.2538886070251465,-0.3797661066055298,5.5,1,-0.23261572420597076,-0.458217591047287,-0.3800378143787384,0.1404082179069519,0.10000000149011612,0.10000000149011612,0.10000000149011612,0.10000000149011612,0.10000000149011612,0.10000000149011612,0.10000000149011612,0.10000000149011612,0.10000000149011612,0.10000000149011612
42,KWT,Kuwait,2020,-6.158499240875244,-0.6521478891372681,5.5,1,-0.23261572420597076,-0.458217591047287,-0.3800378143787384,0.1404082179069519,0.10000000149011612,0.10000000149011612,0.10000000149011612,0.10000000149011612,0.10000000149011612,0.10000000149011612,0.10000000149011612,0.10000000149011612,0.10000000149011612,0.10000000149011612
42,KWT,Kuwait,2021,-7.0740485191345215,-0.8948243856430054,5.5,1,-0.23261572420597076,-0.458217591047287,-0.3800378143787384,0.1404082179069519,0.10000000149011612,0.10000000149011612,0.10000000149011612,0.10000000149011612,0.10000000149011612,0.10000000149011612,0.10000000149011612,0.10000000149011612,0.10000000149011612,0.10000000149011612
42,KWT,Kuwait,2022,-27.902793884277344,-1.088912844657898,5.5,1,-0.23261572420597076,-0.458217591047287,-0.3800378143787384,0.1404082179069519,0.10000000149011612,0.10000000149011612,0.10000000149011612,0.10000000149011612,0.10000000149011612,0.10000000149011612,0.10000000149011612,0.10000000149011612,0.10000000149011612,0.10000000149011612
42,KWT,Kuwait,2023,-27.870094299316406,-1.234159231185913,5.5,1,-0.23261572420597076,-0.458217591047287,-0.3800378143787384,0.1404082179069519,0.10000000149011612,0.10000000149011612,0.10000000149011612,0.10000000149011612,0.10000000149011612,0.10000000149011612,0.10000000149011612,0.10000000149011612,0.10000000149011612,0.10000000149011612
43,LKA,Sri Lanka,2018,2.3601856231689453,-0.8832564353942871,9.01491928100586,10,-0.550111711025238,-0.720518171787262,-0.5627866387367249,-0.36703041195869446,0.0,0.0,0.0,0.0,0.0,0.0,0.0,0.42021670937538147,0.1446475088596344,0.43513578176498413
43,LKA,Sri Lanka,2019,4.711722373962402,-0.15748819708824158,9.01491928100586,10,-0.550111711025238,-0.720518171787262,-0.5627866387367249,-0.36703041195869446,0.0,0.0,0.0,0.0,0.0,0.0,0.0,0.42021670937538147,0.1446475088596344,0.43513578176498413
43,LKA,Sri Lanka,2020,4.523720741271973,0.04158206284046173,9.01491928100586,10,-0.550111711025238,-0.720518171787262,-0.5627866387367249,-0.36703041195869446,0.0,0.0,0.0,0.0,0.0,0.0,0.0,0.42021670937538147,0.1446475088596344,0.43513578176498413
43,LKA,Sri Lanka,2021,1.3256715536117554,0.11809073388576508,9.01491928100586,10,-0.550111711025238,-0.720518171787262,-0.5627866387367249,-0.36703041195869446,0.0,0.0,0.0,0.0,0.0,0.0,0.0,0.42021670937538147,0.1446475088596344,0.43513578176498413
43,LKA,Sri Lanka,2022,4.413687705993652,0.027175173163414,9.01491928100586,10,-0.550111711025238,-0.720518171787262,-0.5627866387367249,-0.36703041195869446,0.0,0.0,0.0,0.0,0.0,0.0,0.0,0.42021670937538147,0.1446475088596344,0.43513578176498413
43,LKA,Sri Lanka,2023,4.413687705993652,-0.07763445377349854,9.01491928100586,10,-0.550111711025238,-0.720518171787262,-0.5627866387367249,-0.36703041195869446,0.0,0.0,0.0,0.0,0.0,0.0,0.0,0.42021670937538147,0.1446475088596344,0.43513578176498413
44,LTU,Lithuania,2018,0.5927717685699463,0.2652685344219208,4.623083114624023,6,0.11791292577981949,-0.0774189680814743,0.3881412148475647,0.043016545474529266,0.12853685021400452,0.11867205053567886,0.11758013814687729,0.12045766413211823,0.12243848294019699,0.1291467696428299,0.12005501985549927,0.09284450113773346,0.05026852339506149,0.0
44,LTU,Lithuania,2019,0.5042790174484253,0.5730470418930054,4.623083114624023,6,0.11791292577981949,-0.0774189680814743,0.3881412148475647,0.043016545474529266,0.12853685021400452,0.11867205053567886,0.11758013814687729,0.12045766413211823,0.12243848294019699,0.1291467696428299,0.12005501985549927,0.09284450113773346,0.05026852339506149,0.0
44,LTU,Lithuania,2020,1.2348809242248535,0.7440651655197144,4.623083114624023,6,0.11791292577981949,-0.0774189680814743,0.3881412148475647,0.043016545474529266,0.12853685021400452,0.11867205053567886,0.11758013814687729,0.12045766413211823,0.12243848294019699,0.1291467696428299,0.12005501985549927,0.09284450113773346,0.05026852339506149,0.0
44,LTU,Lithuania,2021,1.103811502456665,0.848501443862915,4.623083114624023,6,0.11791292577981949,-0.0774189680814743,0.3881412148475647,0.043016545474529266,0.12853685021400452,0.11867205053567886,0.11758013814687729,0.12045766413211823,0.12243848294019699,0.1291467696428299,0.12005501985549927,0.09284450113773346,0.05026852339506149,0.0
44,LTU,Lithuania,2022,0.6238992810249329,0.9057104587554932,4.623083114624023,6,0.11791292577981949,-0.0774189680814743,0.3881412148475647,0.043016545474529266,0.12853685021400452,0.11867205053567886,0.11758013814687729,0.12045766413211823,0.12243848294019699,0.1291467696428299,0.12005501985549927,0.09284450113773346,0.05026852339506149,0.0
44,LTU,Lithuania,2023,-0.08893253654241562,0.9369127750396729,4.623083114624023,6,0.11791292577981949,-0.0774189680814743,0.3881412148475647,0.043016545474529266,0.12853685021400452,0.11867205053567886,0.11758013814687729,0.12045766413211823,0.12243848294019699,0.1291467696428299,0.12005501985549927,0.09284450113773346,0.05026852339506149,0.0
45,LUX,Luxembourg,2018,-2.6616039276123047,0.08188843727111816,5.19115686416626,5,1.3627294301986694,1.4299343824386597,1.3163741827011108,1.3418793678283691,0.08270606398582458,0.1019577607512474,0.11500167846679688,0.12328381091356277,0.12771132588386536,0.12112508714199066,0.10799363255500793,0.09168417751789093,0.07370541989803314,0.054831039160490036
45,LUX,Luxembourg,2019,-3.0985145568847656,-0.04984062910079956,5.19115686416626,5,1.3627294301986694,1.4299343824386597,1.3163741827011108,1.3418793678283691,0.08270606398582458,0.1019577607512474,0.11500167846679688,0.12328381091356277,0.12771132588386536,0.12112508714199066,0.10799363255500793,0.09168417751789093,0.07370541989803314,0.054831039160490036
45,LUX,Luxembourg,2020,-3.1957318782806396,-0.0987379252910614,5.19115686416626,5,1.3627294301986694,1.4299343824386597,1.3163741827011108,1.3418793678283691,0.08270606398582458,0.1019577607512474,0.11500167846679688,0.12328381091356277,0.12771132588386536,0.12112508714199066,0.10799363255500793,0.09168417751789093,0.07370541989803314,0.054831039160490036
45,LUX,Luxembourg,2021,-3.2258713245391846,-0.10111862421035767,5.19115686416626,5,1.3627294301986694,1.4299343824386597,1.3163741827011108,1.3418793678283691,0.08270606398582458,0.1019577607512474,0.11500167846679688,0.12328381091356277,0.12771132588386536,0.12112508714199066,0.10799363255500793,0.09168417751789093,0.07370541989803314,0.054831039160490036
45,LUX,Luxembourg,2022,-3.72668719291687,-0.08552253246307373,5.19115686416626,5,1.3627294301986694,1.4299343824386597,1.3163741827011108,1.3418793678283691,0.08270606398582458,0.1019577607512474,0.11500167846679688,0.12328381091356277,0.12771132588386536,0.12112508714199066,0.10799363255500793,0.09168417751789093,0.07370541989803314,0.054831039160490036
45,LUX,Luxembourg,2023,-4.158839225769043,-0.06584098935127258,5.19115686416626,5,1.3627294301986694,1.4299343824386597,1.3163741827011108,1.3418793678283691,0.08270606398582458,0.1019577607512474,0.11500167846679688,0.12328381091356277,0.12771132588386536,0.12112508714199066,0.10799363255500793,0.09168417751789093,0.07370541989803314,0.054831039160490036
46,LVA,Latvia,2018,2.136277437210083,-0.1770351231098175,5.5,1,0.05672547221183777,-0.19147229194641113,0.368137001991272,-0.006488294806331396,0.10000000149011612,0.10000000149011612,0.10000000149011612,0.10000000149011612,0.10000000149011612,0.10000000149011612,0.10000000149011612,0.10000000149011612,0.10000000149011612,0.10000000149011612
46,LVA,Latvia,2019,2.451484441757202,0.14528018236160278,5.5,1,0.05672547221183777,-0.19147229194641113,0.368137001991272,-0.006488294806331396,0.10000000149011612,0.10000000149011612,0.10000000149011612,0.10000000149011612,0.10000000149011612,0.10000000149011612,0.10000000149011612,0.10000000149011612,0.10000000149011612,0.10000000149011612
46,LVA,Latvia,2020,0.5582294464111328,0.36955559253692627,5.5,1,0.05672547221183777,-0.19147229194641113,0.368137001991272,-0.006488294806331396,0.10000000149011612,0.10000000149011612,0.10000000149011612,0.10000000149011612,0.10000000149011612,0.10000000149011612,0.10000000149011612,0.10000000149011612,0.10000000149011612,0.10000000149011612
46,LVA,Latvia,2021,0.538101315498352,0.5137832164764404,5.5,1,0.05672547221183777,-0.19147229194641113,0.368137001991272,-0.006488294806331396,0.10000000149011612,0.10000000149011612,0.10000000149011612,0.10000000149011612,0.10000000149011612,0.10000000149011612,0.10000000149011612,0.10000000149011612,0.10000000149011612,0.10000000149011612
46,LVA,Latvia,2022,-1.1075773239135742,0.5991186499595642,5.5,1,0.05672547221183777,-0.19147229194641113,0.368137001991272,-0.006488294806331396,0.10000000149011612,0.10000000149011612,0.10000000149011612,0.10000000149011612,0.10000000149011612,0.10000000149011612,0.10000000149011612,0.10000000149011612,0.10000000149011612,0.10000000149011612
46,LVA,Latvia,2023,-1.7468478679656982,0.6525046825408936,5.5,1,0.05672547221183777,-0.19147229194641113,0.368137001991272,-0.006488294806331396,0.10000000149011612,0.10000000149011612,0.10000000149011612,0.10000000149011612,0.10000000149011612,0.10000000149011612,0.10000000149011612,0.10000000149011612,0.10000000149011612,0.10000000149011612
47,MAR,Morocco,2018,-2.0527760982513428,-0.8023089170455933,5.550528526306152,5,-0.5677001476287842,-0.5921026468276978,-0.603592574596405,-0.5074053406715393,0.05078690126538277,0.07434804737567902,0.10655385255813599,0.12949198484420776,0.1545405238866806,0.1255861073732376,0.10146981477737427,0.10158918052911758,0.09214109927415848,0.06349249184131622
47,MAR,Morocco,2019,-1.840488076210022,-0.8763353824615479,5.550528526306152,5,-0.5677001476287842,-0.5921026468276978,-0.603592574596405,-0.5074053406715393,0.05078690126538277,0.07434804737567902,0.10655385255813599,0.12949198484420776,0.1545405238866806,0.1255861073732376,0.10146981477737427,0.10158918052911758,0.09214109927415848,0.06349249184131622
47,MAR,Morocco,2020,-1.5523828268051147,-1.1017711162567139,5.550528526306152,5,-0.5677001476287842,-0.5921026468276978,-0.603592574596405,-0.5074053406715393,0.05078690126538277,0.07434804737567902,0.10655385255813599,0.12949198484420776,0.1545405238866806,0.1255861073732376,0.10146981477737427,0.10158918052911758,0.09214109927415848,0.06349249184131622
47,MAR,Morocco,2021,-1.670159101486206,-1.3554105758666992,5.550528526306152,5,-0.5677001476287842,-0.5921026468276978,-0.603592574596405,-0.5074053406715393,0.05078690126538277,0.07434804737567902,0.10655385255813599,0.12949198484420776,0.1545405238866806,0.1255861073732376,0.10146981477737427,0.10158918052911758,0.09214109927415848,0.06349249184131622
47,MAR,Morocco,2022,-1.1988462209701538,-1.590954303741455,5.550528526306152,5,-0.5677001476287842,-0.5921026468276978,-0.603592574596405,-0.5074053406715393,0.05078690126538277,0.07434804737567902,0.10655385255813599,0.12949198484420776,0.1545405238866806,0.1255861073732376,0.10146981477737427,0.10158918052911758,0.09214109927415848,0.06349249184131622
47,MAR,Morocco,2023,-2.160374164581299,-1.7692116498947144,5.550528526306152,5,-0.5677001476287842,-0.5921026468276978,-0.603592574596405,-0.5074053406715393,0.05078690126538277,0.07434804737567902,0.10655385255813599,0.12949198484420776,0.1545405238866806,0.1255861073732376,0.10146981477737427,0.10158918052911758,0.09214109927415848,0.06349249184131622
48,MEX,Mexico,2018,-1.2096426486968994,0.33008790016174316,9.193111419677734,10,-0.4911726713180542,-0.5113726854324341,-0.13761571049690247,-0.8245296478271484,0.06966196745634079,0.0,0.0,0.0,0.0,0.0,0.0,0.0,0.17993055284023285,0.7504074573516846
48,MEX,Mexico,2019,-1.0846872329711914,0.3160216808319092,9.193111419677734,10,-0.4911726713180542,-0.5113726854324341,-0.13761571049690247,-0.8245296478271484,0.06966196745634079,0.0,0.0,0.0,0.0,0.0,0.0,0.0,0.17993055284023285,0.7504074573516846
48,MEX,Mexico,2020,-3.962113618850708,0.10218128561973572,9.193111419677734,10,-0.4911726713180542,-0.5113726854324341,-0.13761571049690247,-0.8245296478271484,0.06966196745634079,0.0,0.0,0.0,0.0,0.0,0.0,0.0,0.17993055284023285,0.7504074573516846
48,MEX,Mexico,2021,-5.881318092346191,-0.1326490044593811,9.193111419677734,10,-0.4911726713180542,-0.5113726854324341,-0.13761571049690247,-0.8245296478271484,0.06966196745634079,0.0,0.0,0.0,0.0,0.0,0.0,0.0,0.17993055284023285,0.7504074573516846
48,MEX,Mexico,2022,-5.320054531097412,-0.36024513840675354,9.193111419677734,10,-0.4911726713180542,-0.5113726854324341,-0.13761571049690247,-0.8245296478271484,0.06966196745634079,0.0,0.0,0.0,0.0,0.0,0.0,0.0,0.17993055284023285,0.7504074573516846
48,MEX,Mexico,2023,-3.6169328689575195,-0.549501895904541,9.193111419677734,10,-0.4911726713180542,-0.5113726854324341,-0.13761571049690247,-0.8245296478271484,0.06966196745634079,0.0,0.0,0.0,0.0,0.0,0.0,0.0,0.17993055284023285,0.7504074573516846
49,MKD,North Macedonia,2018,-4.225182056427002,-1.30962073802948,4.802377700805664,5,-0.8401430249214172,-0.9831662178039551,-0.6911687254905701,-0.8460942506790161,0.08656908571720123,0.11457416415214539,0.13424831628799438,0.131211519241333,0.15879851579666138,0.11333831399679184,0.10767699778079987,0.07893547415733337,0.046652358025312424,0.027995258569717407
49,MKD,North Macedonia,2019,-2.3085620403289795,-0.9858940839767456,4.802377700805664,5,-0.8401430249214172,-0.9831662178039551,-0.6911687254905701,-0.8460942506790161,0.08656908571720123,0.11457416415214539,0.13424831628799438,0.131211519241333,0.15879851579666138,0.11333831399679184,0.10767699778079987,0.07893547415733337,0.046652358025312424,0.027995258569717407
49,MKD,North Macedonia,2020,-3.7089016437530518,-0.8253815770149231,4.802377700805664,5,-0.8401430249214172,-0.9831662178039551,-0.6911687254905701,-0.8460942506790161,0.08656908571720123,0.11457416415214539,0.13424831628799438,0.131211519241333,0.15879851579666138,0.11333831399679184,0.10767699778079987,0.07893547415733337,0.046652358025312424,0.027995258569717407
49,MKD,North Macedonia,2021,-4.82833194732666,-0.7516918182373047,4.802377700805664,5,-0.8401430249214172,-0.9831662178039551,-0.6911687254905701,-0.8460942506790161,0.08656908571720123,0.11457416415214539,0.13424831628799438,0.131211519241333,0.15879851579666138,0.11333831399679184,0.10767699778079987,0.07893547415733337,0.046652358025312424,0.027995258569717407
49,MKD,North Macedonia,2022,-3.69097900390625,-0.7849451303482056,4.802377700805664,5,-0.8401430249214172,-0.9831662178039551,-0.6911687254905701,-0.8460942506790161,0.08656908571720123,0.11457416415214539,0.13424831628799438,0.131211519241333,0.15879851579666138,0.11333831399679184,0.10767699778079987,0.07893547415733337,0.046652358025312424,0.027995258569717407
49,MKD,North Macedonia,2023,-4.7387189865112305,-0.8476459980010986,4.802377700805664,5,-0.8401430249214172,-0.9831662178039551,-0.6911687254905701,-0.8460942506790161,0.08656908571720123,0.11457416415214539,0.13424831628799438,0.131211519241333,0.15879851579666138,0.11333831399679184,0.10767699778079987,0.07893547415733337,0.046652358025312424,0.027995258569717407
50,MYS,Malaysia,2018,0.02772342786192894,0.840093731880188,5.010231018066406,6,0.11615476757287979,0.3967877924442291,0.08836042881011963,-0.1366838961839676,0.09856010973453522,0.1079331561923027,0.11435624957084656,0.11837314069271088,0.12487782537937164,0.12586380541324615,0.11757981032133102,0.0918152779340744,0.06431640684604645,0.036324262619018555
50,MYS,Malaysia,2019,-0.08382336795330048,0.8031576871871948,5.010231018066406,6,0.11615476757287979,0.3967877924442291,0.08836042881011963,-0.1366838961839676,0.09856010973453522,0.1079331561923027,0.11435624957084656,0.11837314069271088,0.12487782537937164,0.12586380541324615,0.11757981032133102,0.0918152779340744,0.06431640684604645,0.036324262619018555
50,MYS,Malaysia,2020,0.11602042615413666,0.710705041885376,5.010231018066406,6,0.11615476757287979,0.3967877924442291,0.08836042881011963,-0.1366838961839676,0.09856010973453522,0.1079331561923027,0.11435624957084656,0.11837314069271088,0.12487782537937164,0.12586380541324615,0.11757981032133102,0.0918152779340744,0.06431640684604645,0.036324262619018555
50,MYS,Malaysia,2021,-0.4654858112335205,0.6099979877471924,5.010231018066406,6,0.11615476757287979,0.3967877924442291,0.08836042881011963,-0.1366838961839676,0.09856010973453522,0.1079331561923027,0.11435624957084656,0.11837314069271088,0.12487782537937164,0.12586380541324615,0.11757981032133102,0.0918152779340744,0.06431640684604645,0.036324262619018555
50,MYS,Malaysia,2022,-0.6587987542152405,0.565735936164856,5.010231018066406,6,0.11615476757287979,0.3967877924442291,0.08836042881011963,-0.1366838961839676,0.09856010973453522,0.1079331561923027,0.11435624957084656,0.11837314069271088,0.12487782537937164,0.12586380541324615,0.11757981032133102,0.0918152779340744,0.06431640684604645,0.036324262619018555
50,MYS,Malaysia,2023,-0.5584850311279297,0.5529190301895142,5.010231018066406,6,0.11615476757287979,0.3967877924442291,0.08836042881011963,-0.1366838961839676,0.09856010973453522,0.1079331561923027,0.11435624957084656,0.11837314069271088,0.12487782537937164,0.12586380541324615,0.11757981032133102,0.0918152779340744,0.06431640684604645,0.036324262619018555
51,NLD,Netherlands,2018,-2.012981653213501,-0.8160879015922546,5.5,1,1.3984497785568237,1.432983160018921,1.4087532758712769,1.3536127805709839,0.10000000149011612,0.10000000149011612,0.10000000149011612,0.10000000149011612,0.10000000149011612,0.10000000149011612,0.10000000149011612,0.10000000149011612,0.10000000149011612,0.10000000149011612
51,NLD,Netherlands,2019,-4.107210636138916,-1.037157654762268,5.5,1,1.3984497785568237,1.432983160018921,1.4087532758712769,1.3536127805709839,0.10000000149011612,0.10000000149011612,0.10000000149011612,0.10000000149011612,0.10000000149011612,0.10000000149011612,0.10000000149011612,0.10000000149011612,0.10000000149011612,0.10000000149011612
51,NLD,Netherlands,2020,-6.567773342132568,-1.2333124876022339,5.5,1,1.3984497785568237,1.432983160018921,1.4087532758712769,1.3536127805709839,0.10000000149011612,0.10000000149011612,0.10000000149011612,0.10000000149011612,0.10000000149011612,0.10000000149011612,0.10000000149011612,0.10000000149011612,0.10000000149011612,0.10000000149011612
51,NLD,Netherlands,2021,-6.225274562835693,-1.3706398010253906,5.5,1,1.3984497785568237,1.432983160018921,1.4087532758712769,1.3536127805709839,0.10000000149011612,0.10000000149011612,0.10000000149011612,0.10000000149011612,0.10000000149011612,0.10000000149011612,0.10000000149011612,0.10000000149011612,0.10000000149011612,0.10000000149011612
51,NLD,Netherlands,2022,-7.184930801391602,-1.4563071727752686,5.5,1,1.3984497785568237,1.432983160018921,1.4087532758712769,1.3536127805709839,0.10000000149011612,0.10000000149011612,0.10000000149011612,0.10000000149011612,0.10000000149011612,0.10000000149011612,0.10000000149011612,0.10000000149011612,0.10000000149011612,0.10000000149011612
51,NLD,Netherlands,2023,-9.322796821594238,-1.4957287311553955,5.5,1,1.3984497785568237,1.432983160018921,1.4087532758712769,1.3536127805709839,0.10000000149011612,0.10000000149011612,0.10000000149011612,0.10000000149011612,0.10000000149011612,0.10000000149011612,0.10000000149011612,0.10000000149011612,0.10000000149011612,0.10000000149011612
52,NOR,Norway,2018,0.684697687625885,0.7681452631950378,5.5,1,1.3073252439498901,1.3803420066833496,1.0274958610534668,1.5141379833221436,0.10000000149011612,0.10000000149011612,0.10000000149011612,0.10000000149011612,0.10000000149011612,0.10000000149011612,0.10000000149011612,0.10000000149011612,0.10000000149011612,0.10000000149011612
52,NOR,Norway,2019,0.7579119205474854,0.8894270658493042,5.5,1,1.3073252439498901,1.3803420066833496,1.0274958610534668,1.5141379833221436,0.10000000149011612,0.10000000149011612,0.10000000149011612,0.10000000149011612,0.10000000149011612,0.10000000149011612,0.10000000149011612,0.10000000149011612,0.10000000149011612,0.10000000149011612
52,NOR,Norway,2020,0.16256453096866608,1.0036840438842773,5.5,1,1.3073252439498901,1.3803420066833496,1.0274958610534668,1.5141379833221436,0.10000000149011612,0.10000000149011612,0.10000000149011612,0.10000000149011612,0.10000000149011612,0.10000000149011612,0.10000000149011612,0.10000000149011612,0.10000000149011612,0.10000000149011612
52,NOR,Norway,2021,-0.5059971213340759,1.0818148851394653,5.5,1,1.3073252439498901,1.3803420066833496,1.0274958610534668,1.5141379833221436,0.10000000149011612,0.10000000149011612,0.10000000149011612,0.10000000149011612,0.10000000149011612,0.10000000149011612,0.10000000149011612,0.10000000149011612,0.10000000149011612,0.10000000149011612
52,NOR,Norway,2022,0.01806272566318512,1.1306978464126587,5.5,1,1.3073252439498901,1.3803420066833496,1.0274958610534668,1.5141379833221436,0.10000000149011612,0.10000000149011612,0.10000000149011612,0.10000000149011612,0.10000000149011612,0.10000000149011612,0.10000000149011612,0.10000000149011612,0.10000000149011612,0.10000000149011612
52,NOR,Norway,2023,0.1799047440290451,1.158751368522644,5.5,1,1.3073252439498901,1.3803420066833496,1.0274958610534668,1.5141379833221436,0.10000000149011612,0.10000000149011612,0.10000000149011612,0.10000000149011612,0.10000000149011612,0.10000000149011612,0.10000000149011612,0.10000000149011612,0.10000000149011612,0.10000000149011612
53,NZL,New Zealand,2018,-2.981884479522705,0.5296828150749207,5.5,1,1.3908849954605103,1.414912223815918,1.3223596811294556,1.4353830814361572,0.10000000149011612,0.10000000149011612,0.10000000149011612,0.10000000149011612,0.10000000149011612,0.10000000149011612,0.10000000149011612,0.10000000149011612,0.10000000149011612,0.10000000149011612
53,NZL,New Zealand,2019,-2.6216039657592773,0.2611228823661804,5.5,1,1.3908849954605103,1.414912223815918,1.3223596811294556,1.4353830814361572,0.10000000149011612,0.10000000149011612,0.10000000149011612,0.10000000149011612,0.10000000149011612,0.10000000149011612,0.10000000149011612,0.10000000149011612,0.10000000149011612,0.10000000149011612
53,NZL,New Zealand,2020,-2.319328546524048,0.03937837481498718,5.5,1,1.3908849954605103,1.414912223815918,1.3223596811294556,1.4353830814361572,0.10000000149011612,0.10000000149011612,0.10000000149011612,0.10000000149011612,0.10000000149011612,0.10000000149011612,0.10000000149011612,0.10000000149011612,0.10000000149011612,0.10000000149011612
53,NZL,New Zealand,2021,-2.2188103199005127,-0.13452982902526855,5.5,1,1.3908849954605103,1.414912223815918,1.3223596811294556,1.4353830814361572,0.10000000149011612,0.10000000149011612,0.10000000149011612,0.10000000149011612,0.10000000149011612,0.10000000149011612,0.10000000149011612,0.10000000149011612,0.10000000149011612,0.10000000149011612
53,NZL,New Zealand,2022,-3.390082359313965,-0.24690160155296326,5.5,1,1.3908849954605103,1.414912223815918,1.3223596811294556,1.4353830814361572,0.10000000149011612,0.10000000149011612,0.10000000149011612,0.10000000149011612,0.10000000149011612,0.10000000149011612,0.10000000149011612,0.10000000149011612,0.10000000149011612,0.10000000149011612
53,NZL,New Zealand,2023,-3.6847918033599854,-0.3015415668487549,5.5,1,1.3908849954605103,1.414912223815918,1.3223596811294556,1.4353830814361572,0.10000000149011612,0.10000000149011612,0.10000000149011612,0.10000000149011612,0.10000000149011612,0.10000000149011612,0.10000000149011612,0.10000000149011612,0.10000000149011612,0.10000000149011612
54,OMN,Oman,2018,-1.4833542108535767,-0.3679468631744385,5.5,1,-0.0670604482293129,-0.2567063570022583,0.022247422486543655,0.033277593553066254,0.10000000149011612,0.10000000149011612,0.10000000149011612,0.10000000149011612,0.10000000149011612,0.10000000149011612,0.10000000149011612,0.10000000149011612,0.10000000149011612,0.10000000149011612
54,OMN,Oman,2019,-1.4833542108535767,-0.7701113820075989,5.5,1,-0.0670604482293129,-0.2567063570022583,0.022247422486543655,0.033277593553066254,0.10000000149011612,0.10000000149011612,0.10000000149011612,0.10000000149011612,0.10000000149011612,0.10000000149011612,0.10000000149011612,0.10000000149011612,0.10000000149011612,0.10000000149011612
54,OMN,Oman,2020,-1.9118425846099854,-1.0978209972381592,5.5,1,-0.0670604482293129,-0.2567063570022583,0.022247422486543655,0.033277593553066254,0.10000000149011612,0.10000000149011612,0.10000000149011612,0.10000000149011612,0.10000000149011612,0.10000000149011612,0.10000000149011612,0.10000000149011612,0.10000000149011612,0.10000000149011612
54,OMN,Oman,2021,-2.7994258403778076,-1.3768056631088257,5.5,1,-0.0670604482293129,-0.2567063570022583,0.022247422486543655,0.033277593553066254,0.10000000149011612,0.10000000149011612,0.10000000149011612,0.10000000149011612,0.10000000149011612,0.10000000149011612,0.10000000149011612,0.10000000149011612,0.10000000149011612,0.10000000149011612
54,OMN,Oman,2022,-4.406257152557373,-1.5838829278945923,5.5,1,-0.0670604482293129,-0.2567063570022583,0.022247422486543655,0.033277593553066254,0.10000000149011612,0.10000000149011612,0.10000000149011612,0.10000000149011612,0.10000000149011612,0.10000000149011612,0.10000000149011612,0.10000000149011612,0.10000000149011612,0.10000000149011612
54,OMN,Oman,2023,-4.634274482727051,-1.7239596843719482,5.5,1,-0.0670604482293129,-0.2567063570022583,0.022247422486543655,0.033277593553066254,0.10000000149011612,0.10000000149011612,0.10000000149011612,0.10000000149011612,0.10000000149011612,0.10000000149011612,0.10000000149011612,0.10000000149011612,0.10000000149011612,0.10000000149011612
55,PAK,Pakistan,2018,0.6607634425163269,-1.3559789657592773,5.5,1,-1.1695586442947388,-1.022442102432251,-1.2194249629974365,-1.2668088674545288,0.10000000149011612,0.10000000149011612,0.10000000149011612,0.10000000149011612,0.10000000149011612,0.10000000149011612,0.10000000149011612,0.10000000149011612,0.10000000149011612,0.10000000149011612
55,PAK,Pakistan,2019,0.263211190700531,-0.7371039390563965,5.5,1,-1.1695586442947388,-1.022442102432251,-1.2194249629974365,-1.2668088674545288,0.10000000149011612,0.10000000149011612,0.10000000149011612,0.10000000149011612,0.10000000149011612,0.10000000149011612,0.10000000149011612,0.10000000149011612,0.10000000149011612,0.10000000149011612
55,PAK,Pakistan,2020,0.5979493856430054,-0.7086246609687805,5.5,1,-1.1695586442947388,-1.022442102432251,-1.2194249629974365,-1.2668088674545288,0.10000000149011612,0.10000000149011612,0.10000000149011612,0.10000000149011612,0.10000000149011612,0.10000000149011612,0.10000000149011612,0.10000000149011612,0.10000000149011612,0.10000000149011612
55,PAK,Pakistan,2021,-0.27455824613571167,-0.8627802133560181,5.5,1,-1.1695586442947388,-1.022442102432251,-1.2194249629974365,-1.2668088674545288,0.10000000149011612,0.10000000149011612,0.10000000149011612,0.10000000149011612,0.10000000149011612,0.10000000149011612,0.10000000149011612,0.10000000149011612,0.10000000149011612,0.10000000149011612
55,PAK,Pakistan,2022,-1.3144348859786987,-1.090041995048523,5.5,1,-1.1695586442947388,-1.022442102432251,-1.2194249629974365,-1.2668088674545288,0.10000000149011612,0.10000000149011612,0.10000000149011612,0.10000000149011612,0.10000000149011612,0.10000000149011612,0.10000000149011612,0.10000000149011612,0.10000000149011612,0.10000000149011612
55,PAK,Pakistan,2023,-1.7306287288665771,-1.2742176055908203,5.5,1,-1.1695586442947388,-1.022442102432251,-1.2194249629974365,-1.2668088674545288,0.10000000149011612,0.10000000149011612,0.10000000149011612,0.10000000149011612,0.10000000149011612,0.10000000149011612,0.10000000149011612,0.10000000149011612,0.10000000149011612,0.10000000149011612
56,PER,Peru,2018,1.0936386585235596,0.06707048416137695,5.5,1,-0.6950809359550476,-0.8969854712486267,-0.25150150060653687,-0.9367557168006897,0.10000000149011612,0.10000000149011612,0.10000000149011612,0.10000000149011612,0.10000000149011612,0.10000000149011612,0.10000000149011612,0.10000000149011612,0.10000000149011612,0.10000000149011612
56,PER,Peru,2019,1.1609760522842407,0.7322312593460083,5.5,1,-0.6950809359550476,-0.8969854712486267,-0.25150150060653687,-0.9367557168006897,0.10000000149011612,0.10000000149011612,0.10000000149011612,0.10000000149011612,0.10000000149011612,0.10000000149011612,0.10000000149011612,0.10000000149011612,0.10000000149011612,0.10000000149011612
56,PER,Peru,2020,0.8656606674194336,0.8802705407142639,5.5,1,-0.6950809359550476,-0.8969854712486267,-0.25150150060653687,-0.9367557168006897,0.10000000149011612,0.10000000149011612,0.10000000149011612,0.10000000149011612,0.10000000149011612,0.10000000149011612,0.10000000149011612,0.10000000149011612,0.10000000149011612,0.10000000149011612
56,PER,Peru,2021,1.0604026317596436,0.8868951201438904,5.5,1,-0.6950809359550476,-0.8969854712486267,-0.25150150060653687,-0.9367557168006897,0.10000000149011612,0.10000000149011612,0.10000000149011612,0.10000000149011612,0.10000000149011612,0.10000000149011612,0.10000000149011612,0.10000000149011612,0.10000000149011612,0.10000000149011612
56,PER,Peru,2022,1.6989833116531372,0.8130938410758972,5.5,1,-0.6950809359550476,-0.8969854712486267,-0.25150150060653687,-0.9367557168006897,0.10000000149011612,0.10000000149011612,0.10000000149011612,0.10000000149011612,0.10000000149011612,0.10000000149011612,0.10000000149011612,0.10000000149011612,0.10000000149011612,0.10000000149011612
56,PER,Peru,2023,1.919171690940857,0.706407368183136,5.5,1,-0.6950809359550476,-0.8969854712486267,-0.25150150060653687,-0.9367557168006897,0.10000000149011612,0.10000000149011612,0.10000000149011612,0.10000000149011612,0.10000000149011612,0.10000000149011612,0.10000000149011612,0.10000000149011612,0.10000000149011612,0.10000000149011612
57,PHL,Philippines,2018,4.912133693695068,-1.602262258529663,9.251344680786133,10,-0.5819682478904724,-0.5483519434928894,-0.43141669034957886,-0.7661361694335938,0.0,0.0,0.0,0.0,0.0,0.0,0.0,0.18303805589675903,0.3825787305831909,0.43438321352005005
57,PHL,Philippines,2019,5.833406925201416,-0.7130234241485596,9.251344680786133,10,-0.5819682478904724,-0.5483519434928894,-0.43141669034957886,-0.7661361694335938,0.0,0.0,0.0,0.0,0.0,0.0,0.0,0.18303805589675903,0.3825787305831909,0.43438321352005005
57,PHL,Philippines,2020,6.113379955291748,-0.2158079445362091,9.251344680786133,10,-0.5819682478904724,-0.5483519434928894,-0.43141669034957886,-0.7661361694335938,0.0,0.0,0.0,0.0,0.0,0.0,0.0,0.18303805589675903,0.3825787305831909,0.43438321352005005
57,PHL,Philippines,2021,6.149739742279053,0.10228300094604492,9.251344680786133,10,-0.5819682478904724,-0.5483519434928894,-0.43141669034957886,-0.7661361694335938,0.0,0.0,0.0,0.0,0.0,0.0,0.0,0.18303805589675903,0.3825787305831909,0.43438321352005005
57,PHL,Philippines,2022,6.288362503051758,0.3047407269477844,9.251344680786133,10,-0.5819682478904724,-0.5483519434928894,-0.43141669034957886,-0.7661361694335938,0.0,0.0,0.0,0.0,0.0,0.0,0.0,0.18303805589675903,0.3825787305831909,0.43438321352005005
57,PHL,Philippines,2023,6.736955165863037,0.427187442779541,9.251344680786133,10,-0.5819682478904724,-0.5483519434928894,-0.43141669034957886,-0.7661361694335938,0.0,0.0,0.0,0.0,0.0,0.0,0.0,0.18303805589675903,0.3825787305831909,0.43438321352005005
58,POL,Poland,2018,-5.292060375213623,-2.335024356842041,5.5,1,0.13508905470371246,0.0030404042918235064,0.21474087238311768,0.18748588860034943,0.10000000149011612,0.10000000149011612,0.10000000149011612,0.10000000149011612,0.10000000149011612,0.10000000149011612,0.10000000149011612,0.10000000149011612,0.10000000149011612,0.10000000149011612
58,POL,Poland,2019,-6.858757495880127,-2.0676956176757812,5.5,1,0.13508905470371246,0.0030404042918235064,0.21474087238311768,0.18748588860034943,0.10000000149011612,0.10000000149011612,0.10000000149011612,0.10000000149011612,0.10000000149011612,0.10000000149011612,0.10000000149011612,0.10000000149011612,0.10000000149011612,0.10000000149011612
58,POL,Poland,2020,-8.258927345275879,-1.985580325126648,5.5,1,0.13508905470371246,0.0030404042918235064,0.21474087238311768,0.18748588860034943,0.10000000149011612,0.10000000149011612,0.10000000149011612,0.10000000149011612,0.10000000149011612,0.10000000149011612,0.10000000149011612,0.10000000149011612,0.10000000149011612,0.10000000149011612
58,POL,Poland,2021,-7.500536918640137,-1.9621148109436035,5.5,1,0.13508905470371246,0.0030404042918235064,0.21474087238311768,0.18748588860034943,0.10000000149011612,0.10000000149011612,0.10000000149011612,0.10000000149011612,0.10000000149011612,0.10000000149011612,0.10000000149011612,0.10000000149011612,0.10000000149011612,0.10000000149011612
58,POL,Poland,2022,-8.502216339111328,-1.9604727029800415,5.5,1,0.13508905470371246,0.0030404042918235064,0.21474087238311768,0.18748588860034943,0.10000000149011612,0.10000000149011612,0.10000000149011612,0.10000000149011612,0.10000000149011612,0.10000000149011612,0.10000000149011612,0.10000000149011612,0.10000000149011612,0.10000000149011612
58,POL,Poland,2023,-11.761031150817871,-1.9638864994049072,5.5,1,0.13508905470371246,0.0030404042918235064,0.21474087238311768,0.18748588860034943,0.10000000149011612,0.10000000149011612,0.10000000149011612,0.10000000149011612,0.10000000149011612,0.10000000149011612,0.10000000149011612,0.10000000149011612,0.10000000149011612,0.10000000149011612
59,PRT,Portugal,2018,-1.9006779193878174,-0.7780410051345825,5.5,1,0.5889715552330017,0.3899436593055725,0.6463295221328735,0.7306414842605591,0.10000000149011612,0.10000000149011612,0.10000000149011612,0.10000000149011612,0.10000000149011612,0.10000000149011612,0.10000000149011612,0.10000000149011612,0.10000000149011612,0.10000000149011612
59,PRT,Portugal,2019,-2.685220718383789,-1.031814694404602,5.5,1,0.5889715552330017,0.3899436593055725,0.6463295221328735,0.7306414842605591,0.10000000149011612,0.10000000149011612,0.10000000149011612,0.10000000149011612,0.10000000149011612,0.10000000149011612,0.10000000149011612,0.10000000149011612,0.10000000149011612,0.10000000149011612
59,PRT,Portugal,2020,-3.400998592376709,-1.2945406436920166,5.5,1,0.5889715552330017,0.3899436593055725,0.6463295221328735,0.7306414842605591,0.10000000149011612,0.10000000149011612,0.10000000149011612,0.10000000149011612,0.10000000149011612,0.10000000149011612,0.10000000149011612,0.10000000149011612,0.10000000149011612,0.10000000149011612
59,PRT,Portugal,2021,-3.9149670600891113,-1.5389587879180908,5.5,1,0.5889715552330017,0.3899436593055725,0.6463295221328735,0.7306414842605591,0.10000000149011612,0.10000000149011612,0.10000000149011612,0.10000000149011612,0.10000000149011612,0.10000000149011612,0.10000000149011612,0.10000000149011612,0.10000000149011612,0.10000000149011612
59,PRT,Portugal,2022,-3.713021755218506,-1.710523009300232,5.5,1,0.5889715552330017,0.3899436593055725,0.6463295221328735,0.7306414842605591,0.10000000149011612,0.10000000149011612,0.10000000149011612,0.10000000149011612,0.10000000149011612,0.10000000149011612,0.10000000149011612,0.10000000149011612,0.10000000149011612,0.10000000149011612
59,PRT,Portugal,2023,-4.624629497528076,-1.808276891708374,5.5,1,0.5889715552330017,0.3899436593055725,0.6463295221328735,0.7306414842605591,0.10000000149011612,0.10000000149011612,0.10000000149011612,0.10000000149011612,0.10000000149011612,0.10000000149011612,0.10000000149011612,0.10000000149011612,0.10000000149011612,0.10000000149011612
60,QAT,Qatar,2018,-6.880117416381836,0.3526289463043213,4.9033660888671875,6,-0.037850040942430496,0.02352459356188774,-0.20334964990615845,0.06627492606639862,0.0667153149843216,0.09811712056398392,0.12369804084300995,0.1387619823217392,0.148299902677536,0.15755319595336914,0.1471477895975113,0.08279019594192505,0.0340646356344223,0.0028518117032945156
60,QAT,Qatar,2019,-4.506235599517822,0.1279488503932953,4.9033660888671875,6,-0.037850040942430496,0.02352459356188774,-0.20334964990615845,0.06627492606639862,0.0667153149843216,0.09811712056398392,0.12369804084300995,0.1387619823217392,0.148299902677536,0.15755319595336914,0.1471477895975113,0.08279019594192505,0.0340646356344223,0.0028518117032945156
60,QAT,Qatar,2020,-5.444746971130371,-0.04674220085144043,4.9033660888671875,6,-0.037850040942430496,0.02352459356188774,-0.20334964990615845,0.06627492606639862,0.0667153149843216,0.09811712056398392,0.12369804084300995,0.1387619823217392,0.148299902677536,0.15755319595336914,0.1471477895975113,0.08279019594192505,0.0340646356344223,0.0028518117032945156
60,QAT,Qatar,2021,-6.548878192901611,-0.13517969846725464,4.9033660888671875,6,-0.037850040942430496,0.02352459356188774,-0.20334964990615845,0.06627492606639862,0.0667153149843216,0.09811712056398392,0.12369804084300995,0.1387619823217392,0.148299902677536,0.15755319595336914,0.1471477895975113,0.08279019594192505,0.0340646356344223,0.0028518117032945156
60,QAT,Qatar,2022,-4.892681121826172,-0.1577855944633484,4.9033660888671875,6,-0.037850040942430496,0.02352459356188774,-0.20334964990615845,0.06627492606639862,0.0667153149843216,0.09811712056398392,0.12369804084300995,0.1387619823217392,0.148299902677536,0.15755319595336914,0.1471477895975113,0.08279019594192505,0.0340646356344223,0.0028518117032945156
60,QAT,Qatar,2023,-5.334333896636963,-0.15272745490074158,4.9033660888671875,6,-0.037850040942430496,0.02352459356188774,-0.20334964990615845,0.06627492606639862,0.0667153149843216,0.09811712056398392,0.12369804084300995,0.1387619823217392,0.148299902677536,0.15755319595336914,0.1471477895975113,0.08279019594192505,0.0340646356344223,0.0028518117032945156
61,ROU,Romania,2018,-3.695746898651123,0.6723130941390991,5.5,1,-0.6137262582778931,-0.9381364583969116,-0.44055911898612976,-0.4624831974506378,0.10000000149011612,0.10000000149011612,0.10000000149011612,0.10000000149011612,0.10000000149011612,0.10000000149011612,0.10000000149011612,0.10000000149011612,0.10000000149011612,0.10000000149011612
61,ROU,Romania,2019,-4.160907745361328,0.4459684491157532,5.5,1,-0.6137262582778931,-0.9381364583969116,-0.44055911898612976,-0.4624831974506378,0.10000000149011612,0.10000000149011612,0.10000000149011612,0.10000000149011612,0.10000000149011612,0.10000000149011612,0.10000000149011612,0.10000000149011612,0.10000000149011612,0.10000000149011612
61,ROU,Romania,2020,-5.406534671783447,0.20440667867660522,5.5,1,-0.6137262582778931,-0.9381364583969116,-0.44055911898612976,-0.4624831974506378,0.10000000149011612,0.10000000149011612,0.10000000149011612,0.10000000149011612,0.10000000149011612,0.10000000149011612,0.10000000149011612,0.10000000149011612,0.10000000149011612,0.10000000149011612
61,ROU,Romania,2021,-5.111453533172607,-0.002545595169067383,5.5,1,-0.6137262582778931,-0.9381364583969116,-0.44055911898612976,-0.4624831974506378,0.10000000149011612,0.10000000149011612,0.10000000149011612,0.10000000149011612,0.10000000149011612,0.10000000149011612,0.10000000149011612,0.10000000149011612,0.10000000149011612,0.10000000149011612
61,ROU,Romania,2022,-4.921149253845215,-0.119021475315094,5.5,1,-0.6137262582778931,-0.9381364583969116,-0.44055911898612976,-0.4624831974506378,0.10000000149011612,0.10000000149011612,0.10000000149011612,0.10000000149011612,0.10000000149011612,0.10000000149011612,0.10000000149011612,0.10000000149011612,0.10000000149011612,0.10000000149011612
61,ROU,Romania,2023,-6.2508416175842285,-0.17758530378341675,5.5,1,-0.6137262582778931,-0.9381364583969116,-0.44055911898612976,-0.4624831974506378,0.10000000149011612,0.10000000149011612,0.10000000149011612,0.10000000149011612,0.10000000149011612,0.10000000149011612,0.10000000149011612,0.10000000149011612,0.10000000149011612,0.10000000149011612
62,RUS,Russia,2018,-3.6435298919677734,0.6473453044891357,5.5,1,-1.1349221467971802,-1.1962112188339233,-0.9114767909049988,-1.2970784902572632,0.10000000149011612,0.10000000149011612,0.10000000149011612,0.10000000149011612,0.10000000149011612,0.10000000149011612,0.10000000149011612,0.10000000149011612,0.10000000149011612,0.10000000149011612
62,RUS,Russia,2019,-3.5361337661743164,0.4721371531486511,5.5,1,-1.1349221467971802,-1.1962112188339233,-0.9114767909049988,-1.2970784902572632,0.10000000149011612,0.10000000149011612,0.10000000149011612,0.10000000149011612,0.10000000149011612,0.10000000149011612,0.10000000149011612,0.10000000149011612,0.10000000149011612,0.10000000149011612
62,RUS,Russia,2020,-6.922895908355713,0.17737194895744324,5.5,1,-1.1349221467971802,-1.1962112188339233,-0.9114767909049988,-1.2970784902572632,0.10000000149011612,0.10000000149011612,0.10000000149011612,0.10000000149011612,0.10000000149011612,0.10000000149011612,0.10000000149011612,0.10000000149011612,0.10000000149011612,0.10000000149011612
62,RUS,Russia,2021,-5.5373334884643555,-0.27620387077331543,5.5,1,-1.1349221467971802,-1.1962112188339233,-0.9114767909049988,-1.2970784902572632,0.10000000149011612,0.10000000149011612,0.10000000149011612,0.10000000149011612,0.10000000149011612,0.10000000149011612,0.10000000149011612,0.10000000149011612,0.10000000149011612,0.10000000149011612
62,RUS,Russia,2022,-4.097316741943359,-0.6533170938491821,5.5,1,-1.1349221467971802,-1.1962112188339233,-0.9114767909049988,-1.2970784902572632,0.10000000149011612,0.10000000149011612,0.10000000149011612,0.10000000149011612,0.10000000149011612,0.10000000149011612,0.10000000149011612,0.10000000149011612,0.10000000149011612,0.10000000149011612
62,RUS,Russia,2023,-3.127725601196289,-0.8702602386474609,5.5,1,-1.1349221467971802,-1.1962112188339233,-0.9114767909049988,-1.2970784902572632,0.10000000149011612,0.10000000149011612,0.10000000149011612,0.10000000149011612,0.10000000149011612,0.10000000149011612,0.10000000149011612,0.10000000149011612,0.10000000149011612,0.10000000149011612
63,SAU,Saudi Arabia,2018,2.299851655960083,0.2451953887939453,5.467541694641113,6,-0.5544285178184509,-0.6724381446838379,-0.49509498476982117,-0.4957524538040161,0.06885863840579987,0.08680188655853271,0.10293720662593842,0.11598873138427734,0.12503179907798767,0.1282738745212555,0.12333641201257706,0.10500053316354752,0.08355794101953506,0.06021298095583916
63,SAU,Saudi Arabia,2019,1.9578986167907715,-0.12880098819732666,5.467541694641113,6,-0.5544285178184509,-0.6724381446838379,-0.49509498476982117,-0.4957524538040161,0.06885863840579987,0.08680188655853271,0.10293720662593842,0.11598873138427734,0.12503179907798767,0.1282738745212555,0.12333641201257706,0.10500053316354752,0.08355794101953506,0.06021298095583916
63,SAU,Saudi Arabia,2020,2.004265069961548,-0.43831294775009155,5.467541694641113,6,-0.5544285178184509,-0.6724381446838379,-0.49509498476982117,-0.4957524538040161,0.06885863840579987,0.08680188655853271,0.10293720662593842,0.11598873138427734,0.12503179907798767,0.1282738745212555,0.12333641201257706,0.10500053316354752,0.08355794101953506,0.06021298095583916
63,SAU,Saudi Arabia,2021,2.169445753097534,-0.5962785482406616,5.467541694641113,6,-0.5544285178184509,-0.6724381446838379,-0.49509498476982117,-0.4957524538040161,0.06885863840579987,0.08680188655853271,0.10293720662593842,0.11598873138427734,0.12503179907798767,0.1282738745212555,0.12333641201257706,0.10500053316354752,0.08355794101953506,0.06021298095583916
63,SAU,Saudi Arabia,2022,1.4797439575195312,-0.6704820394515991,5.467541694641113,6,-0.5544285178184509,-0.6724381446838379,-0.49509498476982117,-0.4957524538040161,0.06885863840579987,0.08680188655853271,0.10293720662593842,0.11598873138427734,0.12503179907798767,0.1282738745212555,0.12333641201257706,0.10500053316354752,0.08355794101953506,0.06021298095583916
63,SAU,Saudi Arabia,2023,0.6857173442840576,-0.6818300485610962,5.467541694641113,6,-0.5544285178184509,-0.6724381446838379,-0.49509498476982117,-0.4957524538040161,0.06885863840579987,0.08680188655853271,0.10293720662593842,0.11598873138427734,0.12503179907798767,0.1282738745212555,0.12333641201257706,0.10500053316354752,0.08355794101953506,0.06021298095583916
64,SGP,Singapore,2018,-1.5155048370361328,-0.6055908799171448,3.9526009559631348,5,1.4344711303710938,1.7217825651168823,1.536649465560913,1.0449817180633545,0.11887454241514206,0.13650943338871002,0.15838783979415894,0.17729389667510986,0.1837344914674759,0.13837943971157074,0.0671432688832283,0.019677085801959038,0.0,0.0
64,SGP,Singapore,2019,-1.5344992876052856,-0.7891778945922852,3.9526009559631348,5,1.4344711303710938,1.7217825651168823,1.536649465560913,1.0449817180633545,0.11887454241514206,0.13650943338871002,0.15838783979415894,0.17729389667510986,0.1837344914674759,0.13837943971157074,0.0671432688832283,0.019677085801959038,0.0,0.0
64,SGP,Singapore,2020,-1.5631846189498901,-0.9121172428131104,3.9526009559631348,5,1.4344711303710938,1.7217825651168823,1.536649465560913,1.0449817180633545,0.11887454241514206,0.13650943338871002,0.15838783979415894,0.17729389667510986,0.1837344914674759,0.13837943971157074,0.0671432688832283,0.019677085801959038,0.0,0.0
64,SGP,Singapore,2021,-1.5329487323760986,-0.9661926031112671,3.9526009559631348,5,1.4344711303710938,1.7217825651168823,1.536649465560913,1.0449817180633545,0.11887454241514206,0.13650943338871002,0.15838783979415894,0.17729389667510986,0.1837344914674759,0.13837943971157074,0.0671432688832283,0.019677085801959038,0.0,0.0
64,SGP,Singapore,2022,-1.5709375143051147,-0.9754453897476196,3.9526009559631348,5,1.4344711303710938,1.7217825651168823,1.536649465560913,1.0449817180633545,0.11887454241514206,0.13650943338871002,0.15838783979415894,0.17729389667510986,0.1837344914674759,0.13837943971157074,0.0671432688832283,0.019677085801959038,0.0,0.0
64,SGP,Singapore,2023,-1.6358672380447388,-0.9569628238677979,3.9526009559631348,5,1.4344711303710938,1.7217825651168823,1.536649465560913,1.0449817180633545,0.11887454241514206,0.13650943338871002,0.15838783979415894,0.17729389667510986,0.1837344914674759,0.13837943971157074,0.0671432688832283,0.019677085801959038,0.0,0.0
65,SVK,Slovakia,2018,-1.5849237442016602,-1.5872540473937988,4.245993614196777,2,0.11652449518442154,0.11614179611206055,0.3065413236618042,-0.07310961931943893,0.13437511026859283,0.1502138078212738,0.14963766932487488,0.1413097381591797,0.13101626932621002,0.1017676591873169,0.08030570298433304,0.055238381028175354,0.034051910042762756,0.022083763033151627
65,SVK,Slovakia,2019,-2.091881036758423,-1.375985860824585,4.245993614196777,2,0.11652449518442154,0.11614179611206055,0.3065413236618042,-0.07310961931943893,0.13437511026859283,0.1502138078212738,0.14963766932487488,0.1413097381591797,0.13101626932621002,0.1017676591873169,0.08030570298433304,0.055238381028175354,0.034051910042762756,0.022083763033151627
65,SVK,Slovakia,2020,-2.406219482421875,-1.215125560760498,4.245993614196777,2,0.11652449518442154,0.11614179611206055,0.3065413236618042,-0.07310961931943893,0.13437511026859283,0.1502138078212738,0.14963766932487488,0.1413097381591797,0.13101626932621002,0.1017676591873169,0.08030570298433304,0.055238381028175354,0.034051910042762756,0.022083763033151627
65,SVK,Slovakia,2021,-2.1880667209625244,-1.1110345125198364,4.245993614196777,2,0.11652449518442154,0.11614179611206055,0.3065413236618042,-0.07310961931943893,0.13437511026859283,0.1502138078212738,0.14963766932487488,0.1413097381591797,0.13101626932621002,0.1017676591873169,0.08030570298433304,0.055238381028175354,0.034051910042762756,0.022083763033151627
65,SVK,Slovakia,2022,-2.8150081634521484,-1.036426305770874,4.245993614196777,2,0.11652449518442154,0.11614179611206055,0.3065413236618042,-0.07310961931943893,0.13437511026859283,0.1502138078212738,0.14963766932487488,0.1413097381591797,0.13101626932621002,0.1017676591873169,0.08030570298433304,0.055238381028175354,0.034051910042762756,0.022083763033151627
65,SVK,Slovakia,2023,-3.482109785079956,-0.990134596824646,4.245993614196777,2,0.11652449518442154,0.11614179611206055,0.3065413236618042,-0.07310961931943893,0.13437511026859283,0.1502138078212738,0.14963766932487488,0.1413097381591797,0.13101626932621002,0.1017676591873169,0.08030570298433304,0.055238381028175354,0.034051910042762756,0.022083763033151627
66,SVN,Slovenia,2018,-4.337141990661621,0.1480209231376648,5.5,1,0.38642582297325134,0.28950437903404236,0.34630832076072693,0.5234646797180176,0.10000000149011612,0.10000000149011612,0.10000000149011612,0.10000000149011612,0.10000000149011612,0.10000000149011612,0.10000000149011612,0.10000000149011612,0.10000000149011612,0.10000000149011612
66,SVN,Slovenia,2019,-4.712256908416748,-0.11158034205436707,5.5,1,0.38642582297325134,0.28950437903404236,0.34630832076072693,0.5234646797180176,0.10000000149011612,0.10000000149011612,0.10000000149011612,0.10000000149011612,0.10000000149011612,0.10000000149011612,0.10000000149011612,0.10000000149011612,0.10000000149011612,0.10000000149011612
66,SVN,Slovenia,2020,-6.15969705581665,-0.3043625056743622,5.5,1,0.38642582297325134,0.28950437903404236,0.34630832076072693,0.5234646797180176,0.10000000149011612,0.10000000149011612,0.10000000149011612,0.10000000149011612,0.10000000149011612,0.10000000149011612,0.10000000149011612,0.10000000149011612,0.10000000149011612,0.10000000149011612
66,SVN,Slovenia,2021,-6.669349670410156,-0.44497865438461304,5.5,1,0.38642582297325134,0.28950437903404236,0.34630832076072693,0.5234646797180176,0.10000000149011612,0.10000000149011612,0.10000000149011612,0.10000000149011612,0.10000000149011612,0.10000000149011612,0.10000000149011612,0.10000000149011612,0.10000000149011612,0.10000000149011612
66,SVN,Slovenia,2022,-7.458681583404541,-0.5091286897659302,5.5,1,0.38642582297325134,0.28950437903404236,0.34630832076072693,0.5234646797180176,0.10000000149011612,0.10000000149011612,0.10000000149011612,0.10000000149011612,0.10000000149011612,0.10000000149011612,0.10000000149011612,0.10000000149011612,0.10000000149011612,0.10000000149011612
66,SVN,Slovenia,2023,-9.606645584106445,-0.5373625755310059,5.5,1,0.38642582297325134,0.28950437903404236,0.34630832076072693,0.5234646797180176,0.10000000149011612,0.10000000149011612,0.10000000149011612,0.10000000149011612,0.10000000149011612,0.10000000149011612,0.10000000149011612,0.10000000149011612,0.10000000149011612,0.10000000149011612
67,SWE,Sweden,2018,-1.111396074295044,0.09706072509288788,5.5,1,1.3480762243270874,1.4301238059997559,1.161694884300232,1.4524099826812744,0.10000000149011612,0.10000000149011612,0.10000000149011612,0.10000000149011612,0.10000000149011612,0.10000000149011612,0.10000000149011612,0.10000000149011612,0.10000000149011612,0.10000000149011612
67,SWE,Sweden,2019,-1.153639554977417,0.06088276207447052,5.5,1,1.3480762243270874,1.4301238059997559,1.161694884300232,1.4524099826812744,0.10000000149011612,0.10000000149011612,0.10000000149011612,0.10000000149011612,0.10000000149011612,0.10000000149011612,0.10000000149011612,0.10000000149011612,0.10000000149011612,0.10000000149011612
67,SWE,Sweden,2020,-1.5468288660049438,-0.001341983675956726,5.5,1,1.3480762243270874,1.4301238059997559,1.161694884300232,1.4524099826812744,0.10000000149011612,0.10000000149011612,0.10000000149011612,0.10000000149011612,0.10000000149011612,0.10000000149011612,0.10000000149011612,0.10000000149011612,0.10000000149011612,0.10000000149011612
67,SWE,Sweden,2021,-1.2186294794082642,-0.0467270165681839,5.5,1,1.3480762243270874,1.4301238059997559,1.161694884300232,1.4524099826812744,0.10000000149011612,0.10000000149011612,0.10000000149011612,0.10000000149011612,0.10000000149011612,0.10000000149011612,0.10000000149011612,0.10000000149011612,0.10000000149011612,0.10000000149011612
67,SWE,Sweden,2022,-1.295534372329712,-0.07437147200107574,5.5,1,1.3480762243270874,1.4301238059997559,1.161694884300232,1.4524099826812744,0.10000000149011612,0.10000000149011612,0.10000000149011612,0.10000000149011612,0.10000000149011612,0.10000000149011612,0.10000000149011612,0.10000000149011612,0.10000000149011612,0.10000000149011612
67,SWE,Sweden,2023,-1.5739079713821411,-0.08827468752861023,5.5,1,1.3480762243270874,1.4301238059997559,1.161694884300232,1.4524099826812744,0.10000000149011612,0.10000000149011612,0.10000000149011612,0.10000000149011612,0.10000000149011612,0.10000000149011612,0.10000000149011612,0.10000000149011612,0.10000000149011612,0.10000000149011612
68,THA,Thailand,2018,-6.279742240905762,-0.9092495441436768,5.185212135314941,5,-0.2564157247543335,-0.22457081079483032,-0.3106171190738678,-0.23405922949314117,0.09872955828905106,0.10859032720327377,0.11224603652954102,0.11217961460351944,0.11449554562568665,0.11035711318254471,0.10451687127351761,0.09512333571910858,0.08099539577960968,0.06276620179414749
68,THA,Thailand,2019,-7.279186248779297,-0.2536620795726776,5.185212135314941,5,-0.2564157247543335,-0.22457081079483032,-0.3106171190738678,-0.23405922949314117,0.09872955828905106,0.10859032720327377,0.11224603652954102,0.11217961460351944,0.11449554562568665,0.11035711318254471,0.10451687127351761,0.09512333571910858,0.08099539577960968,0.06276620179414749
68,THA,Thailand,2020,-5.78999662399292,-0.009687811136245728,5.185212135314941,5,-0.2564157247543335,-0.22457081079483032,-0.3106171190738678,-0.23405922949314117,0.09872955828905106,0.10859032720327377,0.11224603652954102,0.11217961460351944,0.11449554562568665,0.11035711318254471,0.10451687127351761,0.09512333571910858,0.08099539577960968,0.06276620179414749
68,THA,Thailand,2021,-6.593542575836182,0.07680103182792664,5.185212135314941,5,-0.2564157247543335,-0.22457081079483032,-0.3106171190738678,-0.23405922949314117,0.09872955828905106,0.10859032720327377,0.11224603652954102,0.11217961460351944,0.11449554562568665,0.11035711318254471,0.10451687127351761,0.09512333571910858,0.08099539577960968,0.06276620179414749
68,THA,Thailand,2022,-7.6401472091674805,0.13748303055763245,5.185212135314941,5,-0.2564157247543335,-0.22457081079483032,-0.3106171190738678,-0.23405922949314117,0.09872955828905106,0.10859032720327377,0.11224603652954102,0.11217961460351944,0.11449554562568665,0.11035711318254471,0.10451687127351761,0.09512333571910858,0.08099539577960968,0.06276620179414749
68,THA,Thailand,2023,-9.644476890563965,0.17534968256950378,5.185212135314941,5,-0.2564157247543335,-0.22457081079483032,-0.3106171190738678,-0.23405922949314117,0.09872955828905106,0.10859032720327377,0.11224603652954102,0.11217961460351944,0.11449554562568665,0.11035711318254471,0.10451687127351761,0.09512333571910858,0.08099539577960968,0.06276620179414749
69,TKM,Turkmenistan,2018,-0.8944293856620789,-1.3506312370300293,4.342371463775635,4,-2.006190538406372,-1.8531438112258911,-2.4522314071655273,-1.7131962776184082,0.00040207093115895987,0.15254035592079163,0.2920174300670624,0.35529130697250366,0.04865728318691254,0.0,0.0,0.0,0.014530843123793602,0.13656070828437805
69,TKM,Turkmenistan,2019,1.0794837474822998,-0.1909739077091217,4.342371463775635,4,-2.006190538406372,-1.8531438112258911,-2.4522314071655273,-1.7131962776184082,0.00040207093115895987,0.15254035592079163,0.2920174300670624,0.35529130697250366,0.04865728318691254,0.0,0.0,0.0,0.014530843123793602,0.13656070828437805
69,TKM,Turkmenistan,2020,1.1499806642532349,0.3175602853298187,4.342371463775635,4,-2.006190538406372,-1.8531438112258911,-2.4522314071655273,-1.7131962776184082,0.00040207093115895987,0.15254035592079163,0.2920174300670624,0.35529130697250366,0.04865728318691254,0.0,0.0,0.0,0.014530843123793602,0.13656070828437805
69,TKM,Turkmenistan,2021,-3.7143051624298096,0.5668107271194458,4.342371463775635,4,-2.006190538406372,-1.8531438112258911,-2.4522314071655273,-1.7131962776184082,0.00040207093115895987,0.15254035592079163,0.2920174300670624,0.35529130697250366,0.04865728318691254,0.0,0.0,0.0,0.014530843123793602,0.13656070828437805
69,TKM,Turkmenistan,2022,-2.6568517684936523,0.652706503868103,4.342371463775635,4,-2.006190538406372,-1.8531438112258911,-2.4522314071655273,-1.7131962776184082,0.00040207093115895987,0.15254035592079163,0.2920174300670624,0.35529130697250366,0.04865728318691254,0.0,0.0,0.0,0.014530843123793602,0.13656070828437805
69,TKM,Turkmenistan,2023,-1.52890145778656,0.6808095574378967,4.342371463775635,4,-2.006190538406372,-1.8531438112258911,-2.4522314071655273,-1.7131962776184082,0.00040207093115895987,0.15254035592079163,0.2920174300670624,0.35529130697250366,0.04865728318691254,0.0,0.0,0.0,0.014530843123793602,0.13656070828437805
70,TTO,Trinidad and Tobago,2018,1.318193793296814,-0.4067263603210449,5.637890338897705,6,-0.04588906839489937,-0.1480531096458435,0.11017729341983795,-0.09979138523340225,0.06308558583259583,0.08148138970136642,0.09738993644714355,0.11127115786075592,0.12296917289495468,0.12662822008132935,0.11956717073917389,0.10975120216608047,0.09356915950775146,0.07428700476884842
70,TTO,Trinidad and Tobago,2019,1.3760409355163574,-0.11556321382522583,5.637890338897705,6,-0.04588906839489937,-0.1480531096458435,0.11017729341983795,-0.09979138523340225,0.06308558583259583,0.08148138970136642,0.09738993644714355,0.11127115786075592,0.12296917289495468,0.12662822008132935,0.11956717073917389,0.10975120216608047,0.09356915950775146,0.07428700476884842
70,TTO,Trinidad and Tobago,2020,1.318193793296814,0.18625569343566895,5.637890338897705,6,-0.04588906839489937,-0.1480531096458435,0.11017729341983795,-0.09979138523340225,0.06308558583259583,0.08148138970136642,0.09738993644714355,0.11127115786075592,0.12296917289495468,0.12662822008132935,0.11956717073917389,0.10975120216608047,0.09356915950775146,0.07428700476884842
70,TTO,Trinidad and Tobago,2021,1.665277123451233,0.3959842324256897,5.637890338897705,6,-0.04588906839489937,-0.1480531096458435,0.11017729341983795,-0.09979138523340225,0.06308558583259583,0.08148138970136642,0.09738993644714355,0.11127115786075592,0.12296917289495468,0.12662822008132935,0.11956717073917389,0.10975120216608047,0.09356915950775146,0.07428700476884842
70,TTO,Trinidad and Tobago,2022,2.058638334274292,0.5307575464248657,5.637890338897705,6,-0.04588906839489937,-0.1480531096458435,0.11017729341983795,-0.09979138523340225,0.06308558583259583,0.08148138970136642,0.09738993644714355,0.11127115786075592,0.12296917289495468,0.12662822008132935,0.11956717073917389,0.10975120216608047,0.09356915950775146,0.07428700476884842
70,TTO,Trinidad and Tobago,2023,2.058638334274292,0.6142114400863647,5.637890338897705,6,-0.04588906839489937,-0.1480531096458435,0.11017729341983795,-0.09979138523340225,0.06308558583259583,0.08148138970136642,0.09738993644714355,0.11127115786075592,0.12296917289495468,0.12662822008132935,0.11956717073917389,0.10975120216608047,0.09356915950775146,0.07428700476884842
71,TUR,Turkey,2018,-0.10262159258127213,0.19732922315597534,5.5,1,-0.3568929135799408,-0.3960716426372528,-0.2856121361255646,-0.3889949917793274,0.10000000149011612,0.10000000149011612,0.10000000149011612,0.10000000149011612,0.10000000149011612,0.10000000149011612,0.10000000149011612,0.10000000149011612,0.10000000149011612,0.10000000149011612
71,TUR,Turkey,2019,-1.772402048110962,0.6068770885467529,5.5,1,-0.3568929135799408,-0.3960716426372528,-0.2856121361255646,-0.3889949917793274,0.10000000149011612,0.10000000149011612,0.10000000149011612,0.10000000149011612,0.10000000149011612,0.10000000149011612,0.10000000149011612,0.10000000149011612,0.10000000149011612,0.10000000149011612
71,TUR,Turkey,2020,-1.959740161895752,0.596050500869751,5.5,1,-0.3568929135799408,-0.3960716426372528,-0.2856121361255646,-0.3889949917793274,0.10000000149011612,0.10000000149011612,0.10000000149011612,0.10000000149011612,0.10000000149011612,0.10000000149011612,0.10000000149011612,0.10000000149011612,0.10000000149011612,0.10000000149011612
71,TUR,Turkey,2021,-1.391783356666565,0.4571964144706726,5.5,1,-0.3568929135799408,-0.3960716426372528,-0.2856121361255646,-0.3889949917793274,0.10000000149011612,0.10000000149011612,0.10000000149011612,0.10000000149011612,0.10000000149011612,0.10000000149011612,0.10000000149011612,0.10000000149011612,0.10000000149011612,0.10000000149011612
71,TUR,Turkey,2022,-1.788352370262146,0.26401782035827637,5.5,1,-0.3568929135799408,-0.3960716426372528,-0.2856121361255646,-0.3889949917793274,0.10000000149011612,0.10000000149011612,0.10000000149011612,0.10000000149011612,0.10000000149011612,0.10000000149011612,0.10000000149011612,0.10000000149011612,0.10000000149011612,0.10000000149011612
71,TUR,Turkey,2023,-1.6069564819335938,0.09602157771587372,5.5,1,-0.3568929135799408,-0.3960716426372528,-0.2856121361255646,-0.3889949917793274,0.10000000149011612,0.10000000149011612,0.10000000149011612,0.10000000149011612,0.10000000149011612,0.10000000149011612,0.10000000149011612,0.10000000149011612,0.10000000149011612,0.10000000149011612
72,UKR,Ukraine,2018,-3.635014295578003,-0.4385831356048584,5.5,1,-1.2346214056015015,-1.3236093521118164,-1.1485481262207031,-1.2317067384719849,0.10000000149011612,0.10000000149011612,0.10000000149011612,0.10000000149011612,0.10000000149011612,0.10000000149011612,0.10000000149011612,0.10000000149011612,0.10000000149011612,0.10000000149011612
72,UKR,Ukraine,2019,-4.1212358474731445,0.5740525126457214,5.5,1,-1.2346214056015015,-1.3236093521118164,-1.1485481262207031,-1.2317067384719849,0.10000000149011612,0.10000000149011612,0.10000000149011612,0.10000000149011612,0.10000000149011612,0.10000000149011612,0.10000000149011612,0.10000000149011612,0.10000000149011612,0.10000000149011612
72,UKR,Ukraine,2020,-5.126094341278076,0.9632036685943604,5.5,1,-1.2346214056015015,-1.3236093521118164,-1.1485481262207031,-1.2317067384719849,0.10000000149011612,0.10000000149011612,0.10000000149011612,0.10000000149011612,0.10000000149011612,0.10000000149011612,0.10000000149011612,0.10000000149011612,0.10000000149011612,0.10000000149011612
72,UKR,Ukraine,2021,-7.988569259643555,1.1731642484664917,5.5,1,-1.2346214056015015,-1.3236093521118164,-1.1485481262207031,-1.2317067384719849,0.10000000149011612,0.10000000149011612,0.10000000149011612,0.10000000149011612,0.10000000149011612,0.10000000149011612,0.10000000149011612,0.10000000149011612,0.10000000149011612,0.10000000149011612
72,UKR,Ukraine,2022,-9.796317100524902,1.3517380952835083,5.5,1,-1.2346214056015015,-1.3236093521118164,-1.1485481262207031,-1.2317067384719849,0.10000000149011612,0.10000000149011612,0.10000000149011612,0.10000000149011612,0.10000000149011612,0.10000000149011612,0.10000000149011612,0.10000000149011612,0.10000000149011612,0.10000000149011612
72,UKR,Ukraine,2023,-9.796317100524902,1.4900892972946167,5.5,1,-1.2346214056015015,-1.3236093521118164,-1.1485481262207031,-1.2317067384719849,0.10000000149011612,0.10000000149011612,0.10000000149011612,0.10000000149011612,0.10000000149011612,0.10000000149011612,0.10000000149011612,0.10000000149011612,0.10000000149011612,0.10000000149011612
73,USA,United States,2018,-7.697317123413086,-0.38260871171951294,5.112807273864746,5,1.167035460472107,1.1881818771362305,1.1316249370574951,1.1812996864318848,0.06250593066215515,0.093886598944664,0.11966795474290848,0.1394871026277542,0.14996567368507385,0.14106981456279755,0.11775274574756622,0.08663691580295563,0.05830841884016991,0.030718836933374405
73,USA,United States,2019,-9.035722732543945,-0.9953410029411316,5.112807273864746,5,1.167035460472107,1.1881818771362305,1.1316249370574951,1.1812996864318848,0.06250593066215515,0.093886598944664,0.11966795474290848,0.1394871026277542,0.14996567368507385,0.14106981456279755,0.11775274574756622,0.08663691580295563,0.05830841884016991,0.030718836933374405
73,USA,United States,2020,-10.637649536132812,-1.5370147228240967,5.112807273864746,5,1.167035460472107,1.1881818771362305,1.1316249370574951,1.1812996864318848,0.06250593066215515,0.093886598944664,0.11966795474290848,0.1394871026277542,0.14996567368507385,0.14106981456279755,0.11775274574756622,0.08663691580295563,0.05830841884016991,0.030718836933374405
73,USA,United States,2021,-9.941286087036133,-1.9592444896697998,5.112807273864746,5,1.167035460472107,1.1881818771362305,1.1316249370574951,1.1812996864318848,0.06250593066215515,0.093886598944664,0.11966795474290848,0.1394871026277542,0.14996567368507385,0.14106981456279755,0.11775274574756622,0.08663691580295563,0.05830841884016991,0.030718836933374405
73,USA,United States,2022,-10.715087890625,-2.228505849838257,5.112807273864746,5,1.167035460472107,1.1881818771362305,1.1316249370574951,1.1812996864318848,0.06250593066215515,0.093886598944664,0.11966795474290848,0.1394871026277542,0.14996567368507385,0.14106981456279755,0.11775274574756622,0.08663691580295563,0.05830841884016991,0.030718836933374405
73,USA,United States,2023,-11.726405143737793,-2.3831818103790283,5.112807273864746,5,1.167035460472107,1.1881818771362305,1.1316249370574951,1.1812996864318848,0.06250593066215515,0.093886598944664,0.11966795474290848,0.1394871026277542,0.14996567368507385,0.14106981456279755,0.11775274574756622,0.08663691580295563,0.05830841884016991,0.030718836933374405
74,UZB,Uzbekistan,2018,1.4206937551498413,0.3639296889305115,5.155001163482666,1,-1.8003510236740112,-1.597791075706482,-2.1902878284454346,-1.6129741668701172,0.1248302161693573,0.11292178183794022,0.11380043625831604,0.10718411952257156,0.10657516866922379,0.08737779408693314,0.058852214366197586,0.11069132387638092,0.09811854362487793,0.07964840531349182
74,UZB,Uzbekistan,2019,0.9323561787605286,0.5949913263320923,5.155001163482666,1,-1.8003510236740112,-1.597791075706482,-2.1902878284454346,-1.6129741668701172,0.1248302161693573,0.11292178183794022,0.11380043625831604,0.10718411952257156,0.10657516866922379,0.08737779408693314,0.058852214366197586,0.11069132387638092,0.09811854362487793,0.07964840531349182
74,UZB,Uzbekistan,2020,1.6637600660324097,0.5713142156600952,5.155001163482666,1,-1.8003510236740112,-1.597791075706482,-2.1902878284454346,-1.6129741668701172,0.1248302161693573,0.11292178183794022,0.11380043625831604,0.10718411952257156,0.10657516866922379,0.08737779408693314,0.058852214366197586,0.11069132387638092,0.09811854362487793,0.07964840531349182
74,UZB,Uzbekistan,2021,1.6973286867141724,0.4386864900588989,5.155001163482666,1,-1.8003510236740112,-1.597791075706482,-2.1902878284454346,-1.6129741668701172,0.1248302161693573,0.11292178183794022,0.11380043625831604,0.10718411952257156,0.10657516866922379,0.08737779408693314,0.058852214366197586,0.11069132387638092,0.09811854362487793,0.07964840531349182
74,UZB,Uzbekistan,2022,0.9835667014122009,0.21559137105941772,5.155001163482666,1,-1.8003510236740112,-1.597791075706482,-2.1902878284454346,-1.6129741668701172,0.1248302161693573,0.11292178183794022,0.11380043625831604,0.10718411952257156,0.10657516866922379,0.08737779408693314,0.058852214366197586,0.11069132387638092,0.09811854362487793,0.07964840531349182
74,UZB,Uzbekistan,2023,0.9794012308120728,-0.005362480878829956,5.155001163482666,1,-1.8003510236740112,-1.597791075706482,-2.1902878284454346,-1.6129741668701172,0.1248302161693573,0.11292178183794022,0.11380043625831604,0.10718411952257156,0.10657516866922379,0.08737779408693314,0.058852214366197586,0.11069132387638092,0.09811854362487793,0.07964840531349182
75,VEN,Venezuela,2018,4.365685939788818,-0.328785240650177,5.19437837600708,2,-1.5081526041030884,-1.3741530179977417,-1.5062425136566162,-1.6440623998641968,0.1159614771604538,0.11665219813585281,0.10694047808647156,0.09047877788543701,0.08843151479959488,0.11194267123937607,0.1099424734711647,0.11441630870103836,0.08870644122362137,0.05652766302227974
75,VEN,Venezuela,2019,4.361935615539551,0.013970516622066498,5.19437837600708,2,-1.5081526041030884,-1.3741530179977417,-1.5062425136566162,-1.6440623998641968,0.1159614771604538,0.11665219813585281,0.10694047808647156,0.09047877788543701,0.08843151479959488,0.11194267123937607,0.1099424734711647,0.11441630870103836,0.08870644122362137,0.05652766302227974
75,VEN,Venezuela,2020,-2.0265071392059326,0.1014786958694458,5.19437837600708,2,-1.5081526041030884,-1.3741530179977417,-1.5062425136566162,-1.6440623998641968,0.1159614771604538,0.11665219813585281,0.10694047808647156,0.09047877788543701,0.08843151479959488,0.11194267123937607,0.1099424734711647,0.11441630870103836,0.08870644122362137,0.05652766302227974
75,VEN,Venezuela,2021,-2.5107500553131104,0.0717833936214447,5.19437837600708,2,-1.5081526041030884,-1.3741530179977417,-1.5062425136566162,-1.6440623998641968,0.1159614771604538,0.11665219813585281,0.10694047808647156,0.09047877788543701,0.08843151479959488,0.11194267123937607,0.1099424734711647,0.11441630870103836,0.08870644122362137,0.05652766302227974
75,VEN,Venezuela,2022,-2.220579147338867,0.03260070085525513,5.19437837600708,2,-1.5081526041030884,-1.3741530179977417,-1.5062425136566162,-1.6440623998641968,0.1159614771604538,0.11665219813585281,0.10694047808647156,0.09047877788543701,0.08843151479959488,0.11194267123937607,0.1099424734711647,0.11441630870103836,0.08870644122362137,0.05652766302227974
75,VEN,Venezuela,2023,-2.2290172576904297,0.0037847310304641724,5.19437837600708,2,-1.5081526041030884,-1.3741530179977417,-1.5062425136566162,-1.6440623998641968,0.1159614771604538,0.11665219813585281,0.10694047808647156,0.09047877788543701,0.08843151479959488,0.11194267123937607,0.1099424734711647,0.11441630870103836,0.08870644122362137,0.05652766302227974
76,VNM,Vietnam,2018,1.8500128984451294,0.25595593452453613,7.140594482421875,6,-1.0041168928146362,-0.9023603796958923,-1.090646505355835,-1.0193438529968262,0.0,0.0,0.0,0.0,0.1482025533914566,0.33129116892814636,0.10686885565519333,0.15105551481246948,0.17051032185554504,0.09207159280776978
76,VNM,Vietnam,2019,3.117563009262085,0.7785691618919373,7.140594482421875,6,-1.0041168928146362,-0.9023603796958923,-1.090646505355835,-1.0193438529968262,0.0,0.0,0.0,0.0,0.1482025533914566,0.33129116892814636,0.10686885565519333,0.15105551481246948,0.17051032185554504,0.09207159280776978
76,VNM,Vietnam,2020,2.663336753845215,0.8961894512176514,7.140594482421875,6,-1.0041168928146362,-0.9023603796958923,-1.090646505355835,-1.0193438529968262,0.0,0.0,0.0,0.0,0.1482025533914566,0.33129116892814636,0.10686885565519333,0.15105551481246948,0.17051032185554504,0.09207159280776978
76,VNM,Vietnam,2021,1.7106215953826904,0.8604350686073303,7.140594482421875,6,-1.0041168928146362,-0.9023603796958923,-1.090646505355835,-1.0193438529968262,0.0,0.0,0.0,0.0,0.1482025533914566,0.33129116892814636,0.10686885565519333,0.15105551481246948,0.17051032185554504,0.09207159280776978
76,VNM,Vietnam,2022,0.6460008025169373,0.7641595005989075,7.140594482421875,6,-1.0041168928146362,-0.9023603796958923,-1.090646505355835,-1.0193438529968262,0.0,0.0,0.0,0.0,0.1482025533914566,0.33129116892814636,0.10686885565519333,0.15105551481246948,0.17051032185554504,0.09207159280776978
76,VNM,Vietnam,2023,1.6631464958190918,0.6681023240089417,7.140594482421875,6,-1.0041168928146362,-0.9023603796958923,-1.090646505355835,-1.0193438529968262,0.0,0.0,0.0,0.0,0.1482025533914566,0.33129116892814636,0.10686885565519333,0.15105551481246948,0.17051032185554504,0.09207159280776978
77,ZAF,South Africa,2018,-6.3950324058532715,0.8364900350570679,5.5,1,-0.0641661062836647,-0.015326484106481075,0.13372927904129028,-0.31090110540390015,0.10000000149011612,0.10000000149011612,0.10000000149011612,0.10000000149011612,0.10000000149011612,0.10000000149011612,0.10000000149011612,0.10000000149011612,0.10000000149011612,0.10000000149011612
77,ZAF,South Africa,2019,-8.257451057434082,0.7583646774291992,5.5,1,-0.0641661062836647,-0.015326484106481075,0.13372927904129028,-0.31090110540390015,0.10000000149011612,0.10000000149011612,0.10000000149011612,0.10000000149011612,0.10000000149011612,0.10000000149011612,0.10000000149011612,0.10000000149011612,0.10000000149011612,0.10000000149011612
77,ZAF,South Africa,2020,-7.980379581451416,0.5866718292236328,5.5,1,-0.0641661062836647,-0.015326484106481075,0.13372927904129028,-0.31090110540390015,0.10000000149011612,0.10000000149011612,0.10000000149011612,0.10000000149011612,0.10000000149011612,0.10000000149011612,0.10000000149011612,0.10000000149011612,0.10000000149011612,0.10000000149011612
77,ZAF,South Africa,2021,-12.659340858459473,0.383431077003479,5.5,1,-0.0641661062836647,-0.015326484106481075,0.13372927904129028,-0.31090110540390015,0.10000000149011612,0.10000000149011612,0.10000000149011612,0.10000000149011612,0.10000000149011612,0.10000000149011612,0.10000000149011612,0.10000000149011612,0.10000000149011612,0.10000000149011612
77,ZAF,South Africa,2022,-15.694624900817871,0.2625282406806946,5.5,1,-0.0641661062836647,-0.015326484106481075,0.13372927904129028,-0.31090110540390015,0.10000000149011612,0.10000000149011612,0.10000000149011612,0.10000000149011612,0.10000000149011612,0.10000000149011612,0.10000000149011612,0.10000000149011612,0.10000000149011612,0.10000000149011612
77,ZAF,South Africa,2023,-19.3819637298584,0.15061822533607483,5.5,1,-0.0641661062836647,-0.015326484106481075,0.13372927904129028,-0.31090110540390015,0.10000000149011612,0.10000000149011612,0.10000000149011612,0.10000000149011612,0.10000000149011612,0.10000000149011612,0.10000000149011612,0.10000000149011612,0.10000000149011612,0.10000000149011612
