entity_id,entity_code,entity_name,year,y_true,y_pred,k_star,omega_peak,proxy_signal_true,proxy_signal_pred,proxy_1_true,proxy_1_pred,proxy_2_true,proxy_2_pred,proxy_3_true,proxy_3_pred,omega_1,omega_2,omega_3,omega_4,omega_5,omega_6,omega_7,omega_8,omega_9,omega_10
0,ARE,United Arab Emirates,2018,-77.53056335449219,-0.7204186916351318,5.180096626281738,6,0.18880443274974823,0.7618317604064941,0.332748681306839,0.7221714854240417,0.2764120101928711,0.7888939380645752,-0.042747389525175095,0.7744299173355103,0.19809868931770325,0.04952513426542282,0.09682133793830872,0.07526854425668716,0.05106653273105621,0.24614517390727997,0.01411714218556881,0.11060766875743866,0.007974479347467422,0.1503753811120987
0,ARE,United Arab Emirates,2019,-233.2926788330078,-1.138569712638855,5.180096626281738,6,0.18880443274974823,0.7618317604064941,0.332748681306839,0.7221714854240417,0.2764120101928711,0.7888939380645752,-0.042747389525175095,0.7744299173355103,0.19809868931770325,0.04952513426542282,0.09682133793830872,0.07526854425668716,0.05106653273105621,0.24614517390727997,0.01411714218556881,0.11060766875743866,0.007974479347467422,0.1503753811120987
0,ARE,United Arab Emirates,2020,-435.1805725097656,-1.5010085105895996,5.180096626281738,6,0.18880443274974823,0.7618317604064941,0.332748681306839,0.7221714854240417,0.2764120101928711,0.7888939380645752,-0.042747389525175095,0.7744299173355103,0.19809868931770325,0.04952513426542282,0.09682133793830872,0.07526854425668716,0.05106653273105621,0.24614517390727997,0.01411714218556881,0.11060766875743866,0.007974479347467422,0.1503753811120987
0,ARE,United Arab Emirates,2021,-1001.4480590820312,-1.7398625612258911,5.180096626281738,6,0.18880443274974823,0.7618317604064941,0.332748681306839,0.7221714854240417,0.2764120101928711,0.7888939380645752,-0.042747389525175095,0.7744299173355103,0.19809868931770325,0.04952513426542282,0.09682133793830872,0.07526854425668716,0.05106653273105621,0.24614517390727997,0.01411714218556881,0.11060766875743866,0.007974479347467422,0.1503753811120987
0,ARE,United Arab Emirates,2022,-1657.7239990234375,-1.9016739130020142,5.180096626281738,6,0.18880443274974823,0.7618317604064941,0.332748681306839,0.7221714854240417,0.2764120101928711,0.7888939380645752,-0.042747389525175095,0.7744299173355103,0.19809868931770325,0.04952513426542282,0.09682133793830872,0.07526854425668716,0.05106653273105621,0.24614517390727997,0.01411714218556881,0.11060766875743866,0.007974479347467422,0.1503753811120987
0,ARE,United Arab Emirates,2023,-2705.017333984375,-2.015673875808716,5.180096626281738,6,0.18880443274974823,0.7618317604064941,0.332748681306839,0.7221714854240417,0.2764120101928711,0.7888939380645752,-0.042747389525175095,0.7744299173355103,0.19809868931770325,0.04952513426542282,0.09682133793830872,0.07526854425668716,0.05106653273105621,0.24614517390727997,0.01411714218556881,0.11060766875743866,0.007974479347467422,0.1503753811120987
1,ARG,Argentina,2018,1.6428788900375366,0.17957133054733276,5.001365661621094,6,-0.6909387707710266,-0.8101171851158142,-0.40908560156822205,-0.7679432034492493,-0.8905236124992371,-0.8388946056365967,-0.7732071280479431,-0.8235138058662415,0.16476097702980042,0.05399363860487938,0.11682253330945969,0.10806530714035034,0.026734331622719765,0.31067028641700745,0.013167855329811573,0.09617678821086884,0.009476451203227043,0.10013177245855331
1,ARG,Argentina,2019,1.1453611850738525,0.7190713286399841,5.001365661621094,6,-0.6909387707710266,-0.8101171851158142,-0.40908560156822205,-0.7679432034492493,-0.8905236124992371,-0.8388946056365967,-0.7732071280479431,-0.8235138058662415,0.16476097702980042,0.05399363860487938,0.11682253330945969,0.10806530714035034,0.026734331622719765,0.31067028641700745,0.013167855329811573,0.09617678821086884,0.009476451203227043,0.10013177245855331
1,ARG,Argentina,2020,1.0582135915756226,0.832059919834137,5.001365661621094,6,-0.6909387707710266,-0.8101171851158142,-0.40908560156822205,-0.7679432034492493,-0.8905236124992371,-0.8388946056365967,-0.7732071280479431,-0.8235138058662415,0.16476097702980042,0.05399363860487938,0.11682253330945969,0.10806530714035034,0.026734331622719765,0.31067028641700745,0.013167855329811573,0.09617678821086884,0.009476451203227043,0.10013177245855331
1,ARG,Argentina,2021,1.4250097274780273,0.8435808420181274,5.001365661621094,6,-0.6909387707710266,-0.8101171851158142,-0.40908560156822205,-0.7679432034492493,-0.8905236124992371,-0.8388946056365967,-0.7732071280479431,-0.8235138058662415,0.16476097702980042,0.05399363860487938,0.11682253330945969,0.10806530714035034,0.026734331622719765,0.31067028641700745,0.013167855329811573,0.09617678821086884,0.009476451203227043,0.10013177245855331
1,ARG,Argentina,2022,0.9982249736785889,0.7622163891792297,5.001365661621094,6,-0.6909387707710266,-0.8101171851158142,-0.40908560156822205,-0.7679432034492493,-0.8905236124992371,-0.8388946056365967,-0.7732071280479431,-0.8235138058662415,0.16476097702980042,0.05399363860487938,0.11682253330945969,0.10806530714035034,0.026734331622719765,0.31067028641700745,0.013167855329811573,0.09617678821086884,0.009476451203227043,0.10013177245855331
1,ARG,Argentina,2023,-0.24900130927562714,0.8586401343345642,5.001365661621094,6,-0.6909387707710266,-0.8101171851158142,-0.40908560156822205,-0.7679432034492493,-0.8905236124992371,-0.8388946056365967,-0.7732071280479431,-0.8235138058662415,0.16476097702980042,0.05399363860487938,0.11682253330945969,0.10806530714035034,0.026734331622719765,0.31067028641700745,0.013167855329811573,0.09617678821086884,0.009476451203227043,0.10013177245855331
2,AUS,Australia,2018,-7.367125034332275,-0.9908838868141174,5.132214069366455,6,1.25566828250885,0.33627763390541077,1.2781401872634888,0.3187713027000427,1.1565734148025513,0.3482230603694916,1.3322911262512207,0.341838538646698,0.18971095979213715,0.05048539489507675,0.10226495563983917,0.08325958997011185,0.042739853262901306,0.26585280895233154,0.013696287758648396,0.10732363164424896,0.008244945667684078,0.1364215463399887
2,AUS,Australia,2019,-8.657783508300781,-0.9514858722686768,5.132214069366455,6,1.25566828250885,0.33627763390541077,1.2781401872634888,0.3187713027000427,1.1565734148025513,0.3482230603694916,1.3322911262512207,0.341838538646698,0.18971095979213715,0.05048539489507675,0.10226495563983917,0.08325958997011185,0.042739853262901306,0.26585280895233154,0.013696287758648396,0.10732363164424896,0.008244945667684078,0.1364215463399887
2,AUS,Australia,2020,-10.614906311035156,-1.0009777545928955,5.132214069366455,6,1.25566828250885,0.33627763390541077,1.2781401872634888,0.3187713027000427,1.1565734148025513,0.3482230603694916,1.3322911262512207,0.341838538646698,0.18971095979213715,0.05048539489507675,0.10226495563983917,0.08325958997011185,0.042739853262901306,0.26585280895233154,0.013696287758648396,0.10732363164424896,0.008244945667684078,0.1364215463399887
2,AUS,Australia,2021,-13.180018424987793,-1.1729480028152466,5.132214069366455,6,1.25566828250885,0.33627763390541077,1.2781401872634888,0.3187713027000427,1.1565734148025513,0.3482230603694916,1.3322911262512207,0.341838538646698,0.18971095979213715,0.05048539489507675,0.10226495563983917,0.08325958997011185,0.042739853262901306,0.26585280895233154,0.013696287758648396,0.10732363164424896,0.008244945667684078,0.1364215463399887
2,AUS,Australia,2022,-15.15616226196289,-1.2981597185134888,5.132214069366455,6,1.25566828250885,0.33627763390541077,1.2781401872634888,0.3187713027000427,1.1565734148025513,0.3482230603694916,1.3322911262512207,0.341838538646698,0.18971095979213715,0.05048539489507675,0.10226495563983917,0.08325958997011185,0.042739853262901306,0.26585280895233154,0.013696287758648396,0.10732363164424896,0.008244945667684078,0.1364215463399887
2,AUS,Australia,2023,-16.646900177001953,-1.3834998607635498,5.132214069366455,6,1.25566828250885,0.33627763390541077,1.2781401872634888,0.3187713027000427,1.1565734148025513,0.3482230603694916,1.3322911262512207,0.341838538646698,0.18971095979213715,0.05048539489507675,0.10226495563983917,0.08325958997011185,0.042739853262901306,0.26585280895233154,0.013696287758648396,0.10732363164424896,0.008244945667684078,0.1364215463399887
3,AUT,Austria,2018,-3.331990957260132,-0.08770374208688736,5.132414817810059,6,1.3129711151123047,0.3380301892757416,1.3305449485778809,0.3204326331615448,1.1512476205825806,0.3500378727912903,1.4571207761764526,0.34362009167671204,0.18974711000919342,0.050481077283620834,0.1022423803806305,0.08322511613368988,0.042771320790052414,0.26577362418174744,0.013697778806090355,0.10733840614557266,0.008243639022111893,0.13647949695587158
3,AUT,Austria,2019,-3.5629565715789795,-0.28730255365371704,5.132414817810059,6,1.3129711151123047,0.3380301892757416,1.3305449485778809,0.3204326331615448,1.1512476205825806,0.3500378727912903,1.4571207761764526,0.34362009167671204,0.18974711000919342,0.050481077283620834,0.1022423803806305,0.08322511613368988,0.042771320790052414,0.26577362418174744,0.013697778806090355,0.10733840614557266,0.008243639022111893,0.13647949695587158
3,AUT,Austria,2020,-4.44062614440918,-0.47083666920661926,5.132414817810059,6,1.3129711151123047,0.3380301892757416,1.3305449485778809,0.3204326331615448,1.1512476205825806,0.3500378727912903,1.4571207761764526,0.34362009167671204,0.18974711000919342,0.050481077283620834,0.1022423803806305,0.08322511613368988,0.042771320790052414,0.26577362418174744,0.013697778806090355,0.10733840614557266,0.008243639022111893,0.13647949695587158
3,AUT,Austria,2021,-4.349145412445068,-0.5847054123878479,5.132414817810059,6,1.3129711151123047,0.3380301892757416,1.3305449485778809,0.3204326331615448,1.1512476205825806,0.3500378727912903,1.4571207761764526,0.34362009167671204,0.18974711000919342,0.050481077283620834,0.1022423803806305,0.08322511613368988,0.042771320790052414,0.26577362418174744,0.013697778806090355,0.10733840614557266,0.008243639022111893,0.13647949695587158
3,AUT,Austria,2022,-4.098706245422363,-0.6827823519706726,5.132414817810059,6,1.3129711151123047,0.3380301892757416,1.3305449485778809,0.3204326331615448,1.1512476205825806,0.3500378727912903,1.4571207761764526,0.34362009167671204,0.18974711000919342,0.050481077283620834,0.1022423803806305,0.08322511613368988,0.042771320790052414,0.26577362418174744,0.013697778806090355,0.10733840614557266,0.008243639022111893,0.13647949695587158
3,AUT,Austria,2023,-5.443741798400879,-0.6892866492271423,5.132414817810059,6,1.3129711151123047,0.3380301892757416,1.3305449485778809,0.3204326331615448,1.1512476205825806,0.3500378727912903,1.4571207761764526,0.34362009167671204,0.18974711000919342,0.050481077283620834,0.1022423803806305,0.08322511613368988,0.042771320790052414,0.26577362418174744,0.013697778806090355,0.10733840614557266,0.008243639022111893,0.13647949695587158
4,AZE,Azerbaijan,2018,3.094372272491455,0.009799100458621979,4.979606628417969,6,-1.294363021850586,-1.009143352508545,-1.4495718479156494,-0.9566081166267395,-1.172594428062439,-1.0449906587600708,-1.2609230279922485,-1.0258311033248901,0.16043318808078766,0.054748594760894775,0.11923389881849289,0.11271468549966812,0.0247761569917202,0.31656205654144287,0.01316848210990429,0.09408698230981827,0.009772371500730515,0.09450362622737885
4,AZE,Azerbaijan,2019,3.558119297027588,0.391611248254776,4.979606628417969,6,-1.294363021850586,-1.009143352508545,-1.4495718479156494,-0.9566081166267395,-1.172594428062439,-1.0449906587600708,-1.2609230279922485,-1.0258311033248901,0.16043318808078766,0.054748594760894775,0.11923389881849289,0.11271468549966812,0.0247761569917202,0.31656205654144287,0.01316848210990429,0.09408698230981827,0.009772371500730515,0.09450362622737885
4,AZE,Azerbaijan,2020,4.490204811096191,0.36852356791496277,4.979606628417969,6,-1.294363021850586,-1.009143352508545,-1.4495718479156494,-0.9566081166267395,-1.172594428062439,-1.0449906587600708,-1.2609230279922485,-1.0258311033248901,0.16043318808078766,0.054748594760894775,0.11923389881849289,0.11271468549966812,0.0247761569917202,0.31656205654144287,0.01316848210990429,0.09408698230981827,0.009772371500730515,0.09450362622737885
4,AZE,Azerbaijan,2021,4.194814682006836,0.3768984377384186,4.979606628417969,6,-1.294363021850586,-1.009143352508545,-1.4495718479156494,-0.9566081166267395,-1.172594428062439,-1.0449906587600708,-1.2609230279922485,-1.0258311033248901,0.16043318808078766,0.054748594760894775,0.11923389881849289,0.11271468549966812,0.0247761569917202,0.31656205654144287,0.01316848210990429,0.09408698230981827,0.009772371500730515,0.09450362622737885
4,AZE,Azerbaijan,2022,3.8313167095184326,0.33251267671585083,4.979606628417969,6,-1.294363021850586,-1.009143352508545,-1.4495718479156494,-0.9566081166267395,-1.172594428062439,-1.0449906587600708,-1.2609230279922485,-1.0258311033248901,0.16043318808078766,0.054748594760894775,0.11923389881849289,0.11271468549966812,0.0247761569917202,0.31656205654144287,0.01316848210990429,0.09408698230981827,0.009772371500730515,0.09450362622737885
4,AZE,Azerbaijan,2023,3.7241804599761963,0.2897658348083496,4.979606628417969,6,-1.294363021850586,-1.009143352508545,-1.4495718479156494,-0.9566081166267395,-1.172594428062439,-1.0449906587600708,-1.2609230279922485,-1.0258311033248901,0.16043318808078766,0.054748594760894775,0.11923389881849289,0.11271468549966812,0.0247761569917202,0.31656205654144287,0.01316848210990429,0.09408698230981827,0.009772371500730515,0.09450362622737885
5,BEL,Belgium,2018,-2.035623550415039,-0.8572090268135071,5.126473426818848,6,0.9798359274864197,0.2862016260623932,1.2219529151916504,0.2713022232055664,0.8175865411758423,0.29636824131011963,0.8999684453010559,0.2909344434738159,0.18867340683937073,0.05060986429452896,0.10291006416082382,0.08424948900938034,0.04185039922595024,0.26810649037361145,0.013654469512403011,0.10689737647771835,0.008282923139631748,0.13476549088954926
5,BEL,Belgium,2019,-3.1006269454956055,-1.1388758420944214,5.126473426818848,6,0.9798359274864197,0.2862016260623932,1.2219529151916504,0.2713022232055664,0.8175865411758423,0.29636824131011963,0.8999684453010559,0.2909344434738159,0.18867340683937073,0.05060986429452896,0.10291006416082382,0.08424948900938034,0.04185039922595024,0.26810649037361145,0.013654469512403011,0.10689737647771835,0.008282923139631748,0.13476549088954926
5,BEL,Belgium,2020,-2.7479605674743652,-1.3798103332519531,5.126473426818848,6,0.9798359274864197,0.2862016260623932,1.2219529151916504,0.2713022232055664,0.8175865411758423,0.29636824131011963,0.8999684453010559,0.2909344434738159,0.18867340683937073,0.05060986429452896,0.10291006416082382,0.08424948900938034,0.04185039922595024,0.26810649037361145,0.013654469512403011,0.10689737647771835,0.008282923139631748,0.13476549088954926
5,BEL,Belgium,2021,-3.9674084186553955,-1.5410425662994385,5.126473426818848,6,0.9798359274864197,0.2862016260623932,1.2219529151916504,0.2713022232055664,0.8175865411758423,0.29636824131011963,0.8999684453010559,0.2909344434738159,0.18867340683937073,0.05060986429452896,0.10291006416082382,0.08424948900938034,0.04185039922595024,0.26810649037361145,0.013654469512403011,0.10689737647771835,0.008282923139631748,0.13476549088954926
5,BEL,Belgium,2022,-3.700895071029663,-1.622422456741333,5.126473426818848,6,0.9798359274864197,0.2862016260623932,1.2219529151916504,0.2713022232055664,0.8175865411758423,0.29636824131011963,0.8999684453010559,0.2909344434738159,0.18867340683937073,0.05060986429452896,0.10291006416082382,0.08424948900938034,0.04185039922595024,0.26810649037361145,0.013654469512403011,0.10689737647771835,0.008282923139631748,0.13476549088954926
5,BEL,Belgium,2023,-3.867947578430176,-1.6647629737854004,5.126473426818848,6,0.9798359274864197,0.2862016260623932,1.2219529151916504,0.2713022232055664,0.8175865411758423,0.29636824131011963,0.8999684453010559,0.2909344434738159,0.18867340683937073,0.05060986429452896,0.10291006416082382,0.08424948900938034,0.04185039922595024,0.26810649037361145,0.013654469512403011,0.10689737647771835,0.008282923139631748,0.13476549088954926
6,BGD,Bangladesh,2018,1.2597620487213135,-0.7946856617927551,4.968463897705078,6,-1.3428869247436523,-1.1128267049789429,-1.2080445289611816,-1.0548938512802124,-1.482562780380249,-1.1523571014404297,-1.3380534648895264,-1.131229043006897,0.1582096368074417,0.05515916272997856,0.12046847492456436,0.11515968292951584,0.023836184293031693,0.31937161087989807,0.013179448433220387,0.09299827367067337,0.009936587885022163,0.09168095886707306
6,BGD,Bangladesh,2019,1.4318774938583374,0.21708610653877258,4.968463897705078,6,-1.3428869247436523,-1.1128267049789429,-1.2080445289611816,-1.0548938512802124,-1.482562780380249,-1.1523571014404297,-1.3380534648895264,-1.131229043006897,0.1582096368074417,0.05515916272997856,0.12046847492456436,0.11515968292951584,0.023836184293031693,0.31937161087989807,0.013179448433220387,0.09299827367067337,0.009936587885022163,0.09168095886707306
6,BGD,Bangladesh,2020,1.717698097229004,0.6887872815132141,4.968463897705078,6,-1.3428869247436523,-1.1128267049789429,-1.2080445289611816,-1.0548938512802124,-1.482562780380249,-1.1523571014404297,-1.3380534648895264,-1.131229043006897,0.1582096368074417,0.05515916272997856,0.12046847492456436,0.11515968292951584,0.023836184293031693,0.31937161087989807,0.013179448433220387,0.09299827367067337,0.009936587885022163,0.09168095886707306
6,BGD,Bangladesh,2021,1.7278225421905518,0.9442744851112366,4.968463897705078,6,-1.3428869247436523,-1.1128267049789429,-1.2080445289611816,-1.0548938512802124,-1.482562780380249,-1.1523571014404297,-1.3380534648895264,-1.131229043006897,0.1582096368074417,0.05515916272997856,0.12046847492456436,0.11515968292951584,0.023836184293031693,0.31937161087989807,0.013179448433220387,0.09299827367067337,0.009936587885022163,0.09168095886707306
6,BGD,Bangladesh,2022,1.5284489393234253,0.9894667267799377,4.968463897705078,6,-1.3428869247436523,-1.1128267049789429,-1.2080445289611816,-1.0548938512802124,-1.482562780380249,-1.1523571014404297,-1.3380534648895264,-1.131229043006897,0.1582096368074417,0.05515916272997856,0.12046847492456436,0.11515968292951584,0.023836184293031693,0.31937161087989807,0.013179448433220387,0.09299827367067337,0.009936587885022163,0.09168095886707306
6,BGD,Bangladesh,2023,2.0307767391204834,1.0490496158599854,4.968463897705078,6,-1.3428869247436523,-1.1128267049789429,-1.2080445289611816,-1.0548938512802124,-1.482562780380249,-1.1523571014404297,-1.3380534648895264,-1.131229043006897,0.1582096368074417,0.05515916272997856,0.12046847492456436,0.11515968292951584,0.023836184293031693,0.31937161087989807,0.013179448433220387,0.09299827367067337,0.009936587885022163,0.09168095886707306
7,BGR,Bulgaria,2018,-1.3296480178833008,-0.3422345221042633,5.07979679107666,6,-0.42611977458000183,-0.11859514564275742,-0.6209486722946167,-0.1124211773276329,-0.13856160640716553,-0.12280795723199844,-0.5188490152359009,-0.1205563098192215,0.18001273274421692,0.05170964077115059,0.10812194645404816,0.09260229766368866,0.035333190113306046,0.2855267822742462,0.013378331437706947,0.10319758951663971,0.008640804328024387,0.1214766800403595
7,BGR,Bulgaria,2019,-1.4306131601333618,0.559040904045105,5.07979679107666,6,-0.42611977458000183,-0.11859514564275742,-0.6209486722946167,-0.1124211773276329,-0.13856160640716553,-0.12280795723199844,-0.5188490152359009,-0.1205563098192215,0.18001273274421692,0.05170964077115059,0.10812194645404816,0.09260229766368866,0.035333190113306046,0.2855267822742462,0.013378331437706947,0.10319758951663971,0.008640804328024387,0.1214766800403595
7,BGR,Bulgaria,2020,-2.8135833740234375,0.8319774866104126,5.07979679107666,6,-0.42611977458000183,-0.11859514564275742,-0.6209486722946167,-0.1124211773276329,-0.13856160640716553,-0.12280795723199844,-0.5188490152359009,-0.1205563098192215,0.18001273274421692,0.05170964077115059,0.10812194645404816,0.09260229766368866,0.035333190113306046,0.2855267822742462,0.013378331437706947,0.10319758951663971,0.008640804328024387,0.1214766800403595
7,BGR,Bulgaria,2021,-2.0215117931365967,1.0237829685211182,5.07979679107666,6,-0.42611977458000183,-0.11859514564275742,-0.6209486722946167,-0.1124211773276329,-0.13856160640716553,-0.12280795723199844,-0.5188490152359009,-0.1205563098192215,0.18001273274421692,0.05170964077115059,0.10812194645404816,0.09260229766368866,0.035333190113306046,0.2855267822742462,0.013378331437706947,0.10319758951663971,0.008640804328024387,0.1214766800403595
7,BGR,Bulgaria,2022,-0.48078346252441406,1.035086989402771,5.07979679107666,6,-0.42611977458000183,-0.11859514564275742,-0.6209486722946167,-0.1124211773276329,-0.13856160640716553,-0.12280795723199844,-0.5188490152359009,-0.1205563098192215,0.18001273274421692,0.05170964077115059,0.10812194645404816,0.09260229766368866,0.035333190113306046,0.2855267822742462,0.013378331437706947,0.10319758951663971,0.008640804328024387,0.1214766800403595
7,BGR,Bulgaria,2023,-3.970643997192383,1.0629150867462158,5.07979679107666,6,-0.42611977458000183,-0.11859514564275742,-0.6209486722946167,-0.1124211773276329,-0.13856160640716553,-0.12280795723199844,-0.5188490152359009,-0.1205563098192215,0.18001273274421692,0.05170964077115059,0.10812194645404816,0.09260229766368866,0.035333190113306046,0.2855267822742462,0.013378331437706947,0.10319758951663971,0.008640804328024387,0.1214766800403595
8,BLR,Belarus,2018,-2.643580675125122,-1.0300003290176392,4.970062255859375,6,-1.5520426034927368,-1.0978703498840332,-1.4920120239257812,-1.0407160520553589,-1.8896420001983643,-1.1368694305419922,-1.2744739055633545,-1.1160253286361694,0.15852884948253632,0.05509920045733452,0.1202913448214531,0.11480618268251419,0.02396853268146515,0.31897738575935364,0.013177420943975449,0.09315518289804459,0.009912470355629921,0.09208336472511292
8,BLR,Belarus,2019,-3.0715856552124023,-0.6527910232543945,4.970062255859375,6,-1.5520426034927368,-1.0978703498840332,-1.4920120239257812,-1.0407160520553589,-1.8896420001983643,-1.1368694305419922,-1.2744739055633545,-1.1160253286361694,0.15852884948253632,0.05509920045733452,0.1202913448214531,0.11480618268251419,0.02396853268146515,0.31897738575935364,0.013177420943975449,0.09315518289804459,0.009912470355629921,0.09208336472511292
8,BLR,Belarus,2020,-3.0823307037353516,-0.5866391658782959,4.970062255859375,6,-1.5520426034927368,-1.0978703498840332,-1.4920120239257812,-1.0407160520553589,-1.8896420001983643,-1.1368694305419922,-1.2744739055633545,-1.1160253286361694,0.15852884948253632,0.05509920045733452,0.1202913448214531,0.11480618268251419,0.02396853268146515,0.31897738575935364,0.013177420943975449,0.09315518289804459,0.009912470355629921,0.09208336472511292
8,BLR,Belarus,2021,-14.810386657714844,-0.6281818151473999,4.970062255859375,6,-1.5520426034927368,-1.0978703498840332,-1.4920120239257812,-1.0407160520553589,-1.8896420001983643,-1.1368694305419922,-1.2744739055633545,-1.1160253286361694,0.15852884948253632,0.05509920045733452,0.1202913448214531,0.11480618268251419,0.02396853268146515,0.31897738575935364,0.013177420943975449,0.09315518289804459,0.009912470355629921,0.09208336472511292
8,BLR,Belarus,2022,-13.734106063842773,-0.6703911423683167,4.970062255859375,6,-1.5520426034927368,-1.0978703498840332,-1.4920120239257812,-1.0407160520553589,-1.8896420001983643,-1.1368694305419922,-1.2744739055633545,-1.1160253286361694,0.15852884948253632,0.05509920045733452,0.1202913448214531,0.11480618268251419,0.02396853268146515,0.31897738575935364,0.013177420943975449,0.09315518289804459,0.009912470355629921,0.09208336472511292
8,BLR,Belarus,2023,-27.134784698486328,-0.7549186944961548,4.970062255859375,6,-1.5520426034927368,-1.0978703498840332,-1.4920120239257812,-1.0407160520553589,-1.8896420001983643,-1.1368694305419922,-1.2744739055633545,-1.1160253286361694,0.15852884948253632,0.05509920045733452,0.1202913448214531,0.11480618268251419,0.02396853268146515,0.31897738575935364,0.013177420943975449,0.09315518289804459,0.009912470355629921,0.09208336472511292
9,BRA,Brazil,2018,4.812175750732422,0.5052077174186707,5.036825180053711,6,-0.532637357711792,-0.4936651885509491,-0.5499132871627808,-0.46796536445617676,-0.37875303626060486,-0.5112014412879944,-0.669245719909668,-0.5018287301063538,0.1717415452003479,0.05288342013955116,0.11289199441671371,0.10083272308111191,0.03030158020555973,0.3000091314315796,0.013222981244325638,0.09946092218160629,0.009057569317519665,0.1095980629324913
9,BRA,Brazil,2019,5.404086589813232,0.7002939581871033,5.036825180053711,6,-0.532637357711792,-0.4936651885509491,-0.5499132871627808,-0.46796536445617676,-0.37875303626060486,-0.5112014412879944,-0.669245719909668,-0.5018287301063538,0.1717415452003479,0.05288342013955116,0.11289199441671371,0.10083272308111191,0.03030158020555973,0.3000091314315796,0.013222981244325638,0.09946092218160629,0.009057569317519665,0.1095980629324913
9,BRA,Brazil,2020,4.385476589202881,0.5955494046211243,5.036825180053711,6,-0.532637357711792,-0.4936651885509491,-0.5499132871627808,-0.46796536445617676,-0.37875303626060486,-0.5112014412879944,-0.669245719909668,-0.5018287301063538,0.1717415452003479,0.05288342013955116,0.11289199441671371,0.10083272308111191,0.03030158020555973,0.3000091314315796,0.013222981244325638,0.09946092218160629,0.009057569317519665,0.1095980629324913
9,BRA,Brazil,2021,8.511026382446289,0.3752222955226898,5.036825180053711,6,-0.532637357711792,-0.4936651885509491,-0.5499132871627808,-0.46796536445617676,-0.37875303626060486,-0.5112014412879944,-0.669245719909668,-0.5018287301063538,0.1717415452003479,0.05288342013955116,0.11289199441671371,0.10083272308111191,0.03030158020555973,0.3000091314315796,0.013222981244325638,0.09946092218160629,0.009057569317519665,0.1095980629324913
9,BRA,Brazil,2022,0.8233122229576111,0.34227097034454346,5.036825180053711,6,-0.532637357711792,-0.4936651885509491,-0.5499132871627808,-0.46796536445617676,-0.37875303626060486,-0.5112014412879944,-0.669245719909668,-0.5018287301063538,0.1717415452003479,0.05288342013955116,0.11289199441671371,0.10083272308111191,0.03030158020555973,0.3000091314315796,0.013222981244325638,0.09946092218160629,0.009057569317519665,0.1095980629324913
9,BRA,Brazil,2023,-0.02414296381175518,0.13913777470588684,5.036825180053711,6,-0.532637357711792,-0.4936651885509491,-0.5499132871627808,-0.46796536445617676,-0.37875303626060486,-0.5112014412879944,-0.669245719909668,-0.5018287301063538,0.1717415452003479,0.05288342013955116,0.11289199441671371,0.10083272308111191,0.03030158020555973,0.3000091314315796,0.013222981244325638,0.09946092218160629,0.009057569317519665,0.1095980629324913
10,CAN,Canada,2018,-3.718440532684326,0.09743503481149673,5.126791000366211,6,1.2861608266830444,0.28896471858024597,1.3746321201324463,0.2739214599132538,1.1545178890228271,0.2992294430732727,1.3293325901031494,0.29374322295188904,0.18873091042041779,0.050602931529283524,0.10287445038557053,0.0841946005821228,0.04189898446202278,0.2679826021194458,0.013656734488904476,0.10692111402750015,0.008280793204903603,0.13485689461231232
10,CAN,Canada,2019,-3.770698308944702,-0.38736972212791443,5.126791000366211,6,1.2861608266830444,0.28896471858024597,1.3746321201324463,0.2739214599132538,1.1545178890228271,0.2992294430732727,1.3293325901031494,0.29374322295188904,0.18873091042041779,0.050602931529283524,0.10287445038557053,0.0841946005821228,0.04189898446202278,0.2679826021194458,0.013656734488904476,0.10692111402750015,0.008280793204903603,0.13485689461231232
10,CAN,Canada,2020,-4.2692484855651855,-0.837434709072113,5.126791000366211,6,1.2861608266830444,0.28896471858024597,1.3746321201324463,0.2739214599132538,1.1545178890228271,0.2992294430732727,1.3293325901031494,0.29374322295188904,0.18873091042041779,0.050602931529283524,0.10287445038557053,0.0841946005821228,0.04189898446202278,0.2679826021194458,0.013656734488904476,0.10692111402750015,0.008280793204903603,0.13485689461231232
10,CAN,Canada,2021,-4.04820442199707,-1.4314972162246704,5.126791000366211,6,1.2861608266830444,0.28896471858024597,1.3746321201324463,0.2739214599132538,1.1545178890228271,0.2992294430732727,1.3293325901031494,0.29374322295188904,0.18873091042041779,0.050602931529283524,0.10287445038557053,0.0841946005821228,0.04189898446202278,0.2679826021194458,0.013656734488904476,0.10692111402750015,0.008280793204903603,0.13485689461231232
10,CAN,Canada,2022,-4.334720611572266,-1.7744642496109009,5.126791000366211,6,1.2861608266830444,0.28896471858024597,1.3746321201324463,0.2739214599132538,1.1545178890228271,0.2992294430732727,1.3293325901031494,0.29374322295188904,0.18873091042041779,0.050602931529283524,0.10287445038557053,0.0841946005821228,0.04189898446202278,0.2679826021194458,0.013656734488904476,0.10692111402750015,0.008280793204903603,0.13485689461231232
10,CAN,Canada,2023,-3.507607936859131,-1.9920722246170044,5.126791000366211,6,1.2861608266830444,0.28896471858024597,1.3746321201324463,0.2739214599132538,1.1545178890228271,0.2992294430732727,1.3293325901031494,0.29374322295188904,0.18873091042041779,0.050602931529283524,0.10287445038557053,0.0841946005821228,0.04189898446202278,0.2679826021194458,0.013656734488904476,0.10692111402750015,0.008280793204903603,0.13485689461231232
11,CHE,Switzerland,2018,1.0894922018051147,0.21381601691246033,5.126461029052734,6,1.412360668182373,0.28609010577201843,1.4461179971694946,0.27119648456573486,1.2956862449645996,0.2962527275085449,1.4952778816223145,0.2908210754394531,0.1886710822582245,0.05061013996601105,0.10291149467229843,0.08425170183181763,0.04184843972325325,0.26811152696609497,0.0136543745175004,0.10689643025398254,0.008283009752631187,0.13476181030273438
11,CHE,Switzerland,2019,0.49372902512550354,0.21658363938331604,5.126461029052734,6,1.412360668182373,0.28609010577201843,1.4461179971694946,0.27119648456573486,1.2956862449645996,0.2962527275085449,1.4952778816223145,0.2908210754394531,0.1886710822582245,0.05061013996601105,0.10291149467229843,0.08425170183181763,0.04184843972325325,0.26811152696609497,0.0136543745175004,0.10689643025398254,0.008283009752631187,0.13476181030273438
11,CHE,Switzerland,2020,1.5537232160568237,0.08994578570127487,5.126461029052734,6,1.412360668182373,0.28609010577201843,1.4461179971694946,0.27119648456573486,1.2956862449645996,0.2962527275085449,1.4952778816223145,0.2908210754394531,0.1886710822582245,0.05061013996601105,0.10291149467229843,0.08425170183181763,0.04184843972325325,0.26811152696609497,0.0136543745175004,0.10689643025398254,0.008283009752631187,0.13476181030273438
11,CHE,Switzerland,2021,3.0005764961242676,0.02307184785604477,5.126461029052734,6,1.412360668182373,0.28609010577201843,1.4461179971694946,0.27119648456573486,1.2956862449645996,0.2962527275085449,1.4952778816223145,0.2908210754394531,0.1886710822582245,0.05061013996601105,0.10291149467229843,0.08425170183181763,0.04184843972325325,0.26811152696609497,0.0136543745175004,0.10689643025398254,0.008283009752631187,0.13476181030273438
11,CHE,Switzerland,2022,2.025691270828247,-0.025839999318122864,5.126461029052734,6,1.412360668182373,0.28609010577201843,1.4461179971694946,0.27119648456573486,1.2956862449645996,0.2962527275085449,1.4952778816223145,0.2908210754394531,0.1886710822582245,0.05061013996601105,0.10291149467229843,0.08425170183181763,0.04184843972325325,0.26811152696609497,0.0136543745175004,0.10689643025398254,0.008283009752631187,0.13476181030273438
11,CHE,Switzerland,2023,-4.210478782653809,0.03326436132192612,5.126461029052734,6,1.412360668182373,0.28609010577201843,1.4461179971694946,0.27119648456573486,1.2956862449645996,0.2962527275085449,1.4952778816223145,0.2908210754394531,0.1886710822582245,0.05061013996601105,0.10291149467229843,0.08425170183181763,0.04184843972325325,0.26811152696609497,0.0136543745175004,0.10689643025398254,0.008283009752631187,0.13476181030273438
12,CHL,Chile,2018,1.4454405307769775,0.07285349816083908,5.161929607391357,6,0.8483307957649231,0.5982627272605896,0.667232871055603,0.5671176314353943,1.016435146331787,0.6195144653320312,0.8613244891166687,0.6081559062004089,0.19497480988502502,0.04987398535013199,0.09890233725309372,0.07824882864952087,0.04770227521657944,0.25381264090538025,0.013941760174930096,0.10942070931196213,0.00806766003370285,0.14505505561828613
12,CHL,Chile,2019,1.1679426431655884,0.7802401185035706,5.161929607391357,6,0.8483307957649231,0.5982627272605896,0.667232871055603,0.5671176314353943,1.016435146331787,0.6195144653320312,0.8613244891166687,0.6081559062004089,0.19497480988502502,0.04987398535013199,0.09890233725309372,0.07824882864952087,0.04770227521657944,0.25381264090538025,0.013941760174930096,0.10942070931196213,0.00806766003370285,0.14505505561828613
12,CHL,Chile,2020,0.7698724865913391,1.1052923202514648,5.161929607391357,6,0.8483307957649231,0.5982627272605896,0.667232871055603,0.5671176314353943,1.016435146331787,0.6195144653320312,0.8613244891166687,0.6081559062004089,0.19497480988502502,0.04987398535013199,0.09890233725309372,0.07824882864952087,0.04770227521657944,0.25381264090538025,0.013941760174930096,0.10942070931196213,0.00806766003370285,0.14505505561828613
12,CHL,Chile,2021,0.5402398705482483,1.20817232131958,5.161929607391357,6,0.8483307957649231,0.5982627272605896,0.667232871055603,0.5671176314353943,1.016435146331787,0.6195144653320312,0.8613244891166687,0.6081559062004089,0.19497480988502502,0.04987398535013199,0.09890233725309372,0.07824882864952087,0.04770227521657944,0.25381264090538025,0.013941760174930096,0.10942070931196213,0.00806766003370285,0.14505505561828613
12,CHL,Chile,2022,-0.5233001708984375,1.2540524005889893,5.161929607391357,6,0.8483307957649231,0.5982627272605896,0.667232871055603,0.5671176314353943,1.016435146331787,0.6195144653320312,0.8613244891166687,0.6081559062004089,0.19497480988502502,0.04987398535013199,0.09890233725309372,0.07824882864952087,0.04770227521657944,0.25381264090538025,0.013941760174930096,0.10942070931196213,0.00806766003370285,0.14505505561828613
12,CHL,Chile,2023,-1.9592610597610474,1.3102971315383911,5.161929607391357,6,0.8483307957649231,0.5982627272605896,0.667232871055603,0.5671176314353943,1.016435146331787,0.6195144653320312,0.8613244891166687,0.6081559062004089,0.19497480988502502,0.04987398535013199,0.09890233725309372,0.07824882864952087,0.04770227521657944,0.25381264090538025,0.013941760174930096,0.10942070931196213,0.00806766003370285,0.14505505561828613
13,CHN,China,2018,-8.663586616516113,-0.25437888503074646,4.9885382652282715,6,-0.8438493609428406,-0.9269307255744934,-0.7442506551742554,-0.8786754608154297,-0.7500977516174316,-0.9598576426506042,-1.03719961643219,-0.9422590136528015,0.16221243143081665,0.05443143472075462,0.11824418604373932,0.11078640818595886,0.025559840723872185,0.3142071068286896,0.013164948672056198,0.09495089203119278,0.0096470657736063,0.09679574519395828
13,CHN,China,2019,-9.760994911193848,-0.24684792757034302,4.9885382652282715,6,-0.8438493609428406,-0.9269307255744934,-0.7442506551742554,-0.8786754608154297,-0.7500977516174316,-0.9598576426506042,-1.03719961643219,-0.9422590136528015,0.16221243143081665,0.05443143472075462,0.11824418604373932,0.11078640818595886,0.025559840723872185,0.3142071068286896,0.013164948672056198,0.09495089203119278,0.0096470657736063,0.09679574519395828
13,CHN,China,2020,-10.60916519165039,-0.47316017746925354,4.9885382652282715,6,-0.8438493609428406,-0.9269307255744934,-0.7442506551742554,-0.8786754608154297,-0.7500977516174316,-0.9598576426506042,-1.03719961643219,-0.9422590136528015,0.16221243143081665,0.05443143472075462,0.11824418604373932,0.11078640818595886,0.025559840723872185,0.3142071068286896,0.013164948672056198,0.09495089203119278,0.0096470657736063,0.09679574519395828
13,CHN,China,2021,-11.069491386413574,-0.6959192752838135,4.9885382652282715,6,-0.8438493609428406,-0.9269307255744934,-0.7442506551742554,-0.8786754608154297,-0.7500977516174316,-0.9598576426506042,-1.03719961643219,-0.9422590136528015,0.16221243143081665,0.05443143472075462,0.11824418604373932,0.11078640818595886,0.025559840723872185,0.3142071068286896,0.013164948672056198,0.09495089203119278,0.0096470657736063,0.09679574519395828
13,CHN,China,2022,-11.851537704467773,-0.8923500180244446,4.9885382652282715,6,-0.8438493609428406,-0.9269307255744934,-0.7442506551742554,-0.8786754608154297,-0.7500977516174316,-0.9598576426506042,-1.03719961643219,-0.9422590136528015,0.16221243143081665,0.05443143472075462,0.11824418604373932,0.11078640818595886,0.025559840723872185,0.3142071068286896,0.013164948672056198,0.09495089203119278,0.0096470657736063,0.09679574519395828
13,CHN,China,2023,-12.087423324584961,-1.017736792564392,4.9885382652282715,6,-0.8438493609428406,-0.9269307255744934,-0.7442506551742554,-0.8786754608154297,-0.7500977516174316,-0.9598576426506042,-1.03719961643219,-0.9422590136528015,0.16221243143081665,0.05443143472075462,0.11824418604373932,0.11078640818595886,0.025559840723872185,0.3142071068286896,0.013164948672056198,0.09495089203119278,0.0096470657736063,0.09679574519395828
14,COL,Colombia,2018,0.3820185363292694,-1.5779379606246948,4.998446464538574,6,-0.757061779499054,-0.836582362651825,-0.7152259349822998,-0.7930305600166321,-0.5119652152061462,-0.8662998676300049,-1.0439940690994263,-0.8504166007041931,0.16418170928955078,0.054091501981019974,0.11714615672826767,0.10867970436811447,0.026461826637387276,0.3114910125732422,0.013166386634111404,0.09589938074350357,0.009514345787465572,0.09936803579330444
14,COL,Colombia,2019,2.6013519763946533,-1.025992751121521,4.998446464538574,6,-0.757061779499054,-0.836582362651825,-0.7152259349822998,-0.7930305600166321,-0.5119652152061462,-0.8662998676300049,-1.0439940690994263,-0.8504166007041931,0.16418170928955078,0.054091501981019974,0.11714615672826767,0.10867970436811447,0.026461826637387276,0.3114910125732422,0.013166386634111404,0.09589938074350357,0.009514345787465572,0.09936803579330444
14,COL,Colombia,2020,3.8599977493286133,-0.8429039120674133,4.998446464538574,6,-0.757061779499054,-0.836582362651825,-0.7152259349822998,-0.7930305600166321,-0.5119652152061462,-0.8662998676300049,-1.0439940690994263,-0.8504166007041931,0.16418170928955078,0.054091501981019974,0.11714615672826767,0.10867970436811447,0.026461826637387276,0.3114910125732422,0.013166386634111404,0.09589938074350357,0.009514345787465572,0.09936803579330444
14,COL,Colombia,2021,0.7301899194717407,-0.854227602481842,4.998446464538574,6,-0.757061779499054,-0.836582362651825,-0.7152259349822998,-0.7930305600166321,-0.5119652152061462,-0.8662998676300049,-1.0439940690994263,-0.8504166007041931,0.16418170928955078,0.054091501981019974,0.11714615672826767,0.10867970436811447,0.026461826637387276,0.3114910125732422,0.013166386634111404,0.09589938074350357,0.009514345787465572,0.09936803579330444
14,COL,Colombia,2022,0.9924597144126892,-0.9607234597206116,4.998446464538574,6,-0.757061779499054,-0.836582362651825,-0.7152259349822998,-0.7930305600166321,-0.5119652152061462,-0.8662998676300049,-1.0439940690994263,-0.8504166007041931,0.16418170928955078,0.054091501981019974,0.11714615672826767,0.10867970436811447,0.026461826637387276,0.3114910125732422,0.013166386634111404,0.09589938074350357,0.009514345787465572,0.09936803579330444
14,COL,Colombia,2023,3.7653815746307373,-1.0194416046142578,4.998446464538574,6,-0.757061779499054,-0.836582362651825,-0.7152259349822998,-0.7930305600166321,-0.5119652152061462,-0.8662998676300049,-1.0439940690994263,-0.8504166007041931,0.16418170928955078,0.054091501981019974,0.11714615672826767,0.10867970436811447,0.026461826637387276,0.3114910125732422,0.013166386634111404,0.09589938074350357,0.009514345787465572,0.09936803579330444
15,CYP,Cyprus,2018,-11.052656173706055,-1.3556209802627563,5.150188446044922,6,0.7725202441215515,0.49408307671546936,0.8672822117805481,0.4683615565299988,0.7250233292579651,0.5116341710090637,0.725255012512207,0.5022535920143127,0.1929170787334442,0.05010921508073807,0.1002362072467804,0.0802069678902626,0.04566638544201851,0.25864434242248535,0.013838841579854488,0.10861457139253616,0.008133925497531891,0.14163243770599365
15,CYP,Cyprus,2019,-11.571080207824707,-1.3021513223648071,5.150188446044922,6,0.7725202441215515,0.49408307671546936,0.8672822117805481,0.4683615565299988,0.7250233292579651,0.5116341710090637,0.725255012512207,0.5022535920143127,0.1929170787334442,0.05010921508073807,0.1002362072467804,0.0802069678902626,0.04566638544201851,0.25864434242248535,0.013838841579854488,0.10861457139253616,0.008133925497531891,0.14163243770599365
15,CYP,Cyprus,2020,-14.400252342224121,-1.361000418663025,5.150188446044922,6,0.7725202441215515,0.49408307671546936,0.8672822117805481,0.4683615565299988,0.7250233292579651,0.5116341710090637,0.725255012512207,0.5022535920143127,0.1929170787334442,0.05010921508073807,0.1002362072467804,0.0802069678902626,0.04566638544201851,0.25864434242248535,0.013838841579854488,0.10861457139253616,0.008133925497531891,0.14163243770599365
15,CYP,Cyprus,2021,-17.67461395263672,-1.4594004154205322,5.150188446044922,6,0.7725202441215515,0.49408307671546936,0.8672822117805481,0.4683615565299988,0.7250233292579651,0.5116341710090637,0.725255012512207,0.5022535920143127,0.1929170787334442,0.05010921508073807,0.1002362072467804,0.0802069678902626,0.04566638544201851,0.25864434242248535,0.013838841579854488,0.10861457139253616,0.008133925497531891,0.14163243770599365
15,CYP,Cyprus,2022,-19.47079086303711,-1.534076452255249,5.150188446044922,6,0.7725202441215515,0.49408307671546936,0.8672822117805481,0.4683615565299988,0.7250233292579651,0.5116341710090637,0.725255012512207,0.5022535920143127,0.1929170787334442,0.05010921508073807,0.1002362072467804,0.0802069678902626,0.04566638544201851,0.25864434242248535,0.013838841579854488,0.10861457139253616,0.008133925497531891,0.14163243770599365
15,CYP,Cyprus,2023,-23.38113784790039,-1.5929621458053589,5.150188446044922,6,0.7725202441215515,0.49408307671546936,0.8672822117805481,0.4683615565299988,0.7250233292579651,0.5116341710090637,0.725255012512207,0.5022535920143127,0.1929170787334442,0.05010921508073807,0.1002362072467804,0.0802069678902626,0.04566638544201851,0.25864434242248535,0.013838841579854488,0.10861457139253616,0.008133925497531891,0.14163243770599365
16,CZE,Czechia,2018,-2.3009228706359863,-1.4288746118545532,5.204740047454834,6,0.365255743265152,0.9901445508003235,0.28039175271987915,0.9385985136032104,0.4478796720504761,1.0253170728683472,0.3674957752227783,1.0065182447433472,0.2022138237953186,0.049078986048698425,0.09395460784435272,0.07130496948957443,0.05610416829586029,0.23536176979541779,0.014389201998710632,0.1120954155921936,0.00786558911204338,0.15763147175312042
16,CZE,Czechia,2019,-2.761939525604248,-1.208048939704895,5.204740047454834,6,0.365255743265152,0.9901445508003235,0.28039175271987915,0.9385985136032104,0.4478796720504761,1.0253170728683472,0.3674957752227783,1.0065182447433472,0.2022138237953186,0.049078986048698425,0.09395460784435272,0.07130496948957443,0.05610416829586029,0.23536176979541779,0.014389201998710632,0.1120954155921936,0.00786558911204338,0.15763147175312042
16,CZE,Czechia,2020,-3.448472261428833,-1.281160593032837,5.204740047454834,6,0.365255743265152,0.9901445508003235,0.28039175271987915,0.9385985136032104,0.4478796720504761,1.0253170728683472,0.3674957752227783,1.0065182447433472,0.2022138237953186,0.049078986048698425,0.09395460784435272,0.07130496948957443,0.05610416829586029,0.23536176979541779,0.014389201998710632,0.1120954155921936,0.00786558911204338,0.15763147175312042
16,CZE,Czechia,2021,-3.2644777297973633,-1.4029115438461304,5.204740047454834,6,0.365255743265152,0.9901445508003235,0.28039175271987915,0.9385985136032104,0.4478796720504761,1.0253170728683472,0.3674957752227783,1.0065182447433472,0.2022138237953186,0.049078986048698425,0.09395460784435272,0.07130496948957443,0.05610416829586029,0.23536176979541779,0.014389201998710632,0.1120954155921936,0.00786558911204338,0.15763147175312042
16,CZE,Czechia,2022,-3.0018773078918457,-1.4759762287139893,5.204740047454834,6,0.365255743265152,0.9901445508003235,0.28039175271987915,0.9385985136032104,0.4478796720504761,1.0253170728683472,0.3674957752227783,1.0065182447433472,0.2022138237953186,0.049078986048698425,0.09395460784435272,0.07130496948957443,0.05610416829586029,0.23536176979541779,0.014389201998710632,0.1120954155921936,0.00786558911204338,0.15763147175312042
16,CZE,Czechia,2023,-3.7278714179992676,-1.5323493480682373,5.204740047454834,6,0.365255743265152,0.9901445508003235,0.28039175271987915,0.9385985136032104,0.4478796720504761,1.0253170728683472,0.3674957752227783,1.0065182447433472,0.2022138237953186,0.049078986048698425,0.09395460784435272,0.07130496948957443,0.05610416829586029,0.23536176979541779,0.014389201998710632,0.1120954155921936,0.00786558911204338,0.15763147175312042
17,DEU,Germany,2018,-4.408335208892822,-0.894990086555481,5.135865688323975,6,1.162001371383667,0.36820149421691895,1.2181392908096313,0.3490332365036011,0.9860901236534119,0.38128089904785156,1.2817747592926025,0.3742902874946594,0.19036760926246643,0.050407346338033676,0.10185395181179047,0.08263378590345383,0.04331670701503754,0.2644069790840149,0.01372381579130888,0.10759130865335464,0.008221432566642761,0.1374770998954773
17,DEU,Germany,2019,-7.129828929901123,-0.9948208928108215,5.135865688323975,6,1.162001371383667,0.36820149421691895,1.2181392908096313,0.3490332365036011,0.9860901236534119,0.38128089904785156,1.2817747592926025,0.3742902874946594,0.19036760926246643,0.050407346338033676,0.10185395181179047,0.08263378590345383,0.04331670701503754,0.2644069790840149,0.01372381579130888,0.10759130865335464,0.008221432566642761,0.1374770998954773
17,DEU,Germany,2020,-8.748512268066406,-1.2563015222549438,5.135865688323975,6,1.162001371383667,0.36820149421691895,1.2181392908096313,0.3490332365036011,0.9860901236534119,0.38128089904785156,1.2817747592926025,0.3742902874946594,0.19036760926246643,0.050407346338033676,0.10185395181179047,0.08263378590345383,0.04331670701503754,0.2644069790840149,0.01372381579130888,0.10759130865335464,0.008221432566642761,0.1374770998954773
17,DEU,Germany,2021,-7.036392688751221,-1.5175671577453613,5.135865688323975,6,1.162001371383667,0.36820149421691895,1.2181392908096313,0.3490332365036011,0.9860901236534119,0.38128089904785156,1.2817747592926025,0.3742902874946594,0.19036760926246643,0.050407346338033676,0.10185395181179047,0.08263378590345383,0.04331670701503754,0.2644069790840149,0.01372381579130888,0.10759130865335464,0.008221432566642761,0.1374770998954773
17,DEU,Germany,2022,-5.935337066650391,-1.7046540975570679,5.135865688323975,6,1.162001371383667,0.36820149421691895,1.2181392908096313,0.3490332365036011,0.9860901236534119,0.38128089904785156,1.2817747592926025,0.3742902874946594,0.19036760926246643,0.050407346338033676,0.10185395181179047,0.08263378590345383,0.04331670701503754,0.2644069790840149,0.01372381579130888,0.10759130865335464,0.008221432566642761,0.1374770998954773
17,DEU,Germany,2023,-8.335287094116211,-1.8482674360275269,5.135865688323975,6,1.162001371383667,0.36820149421691895,1.2181392908096313,0.3490332365036011,0.9860901236534119,0.38128089904785156,1.2817747592926025,0.3742902874946594,0.19036760926246643,0.050407346338033676,0.10185395181179047,0.08263378590345383,0.04331670701503754,0.2644069790840149,0.01372381579130888,0.10759130865335464,0.008221432566642761,0.1374770998954773
18,DNK,Denmark,2018,-4.1028218269348145,-0.951801598072052,5.1215739250183105,6,1.5067936182022095,0.2435441017150879,1.5459808111190796,0.23086541891098022,1.4523217678070068,0.2521953880786896,1.522078514099121,0.24757151305675507,0.18778260052204132,0.05071787163615227,0.10345986485481262,0.08510061353445053,0.04110746458172798,0.2700117230415344,0.013620154932141304,0.10652830451726913,0.00831634271889925,0.13335511088371277
18,DNK,Denmark,2019,-5.251770973205566,-1.0749883651733398,5.1215739250183105,6,1.5067936182022095,0.2435441017150879,1.5459808111190796,0.23086541891098022,1.4523217678070068,0.2521953880786896,1.522078514099121,0.24757151305675507,0.18778260052204132,0.05071787163615227,0.10345986485481262,0.08510061353445053,0.04110746458172798,0.2700117230415344,0.013620154932141304,0.10652830451726913,0.00831634271889925,0.13335511088371277
18,DNK,Denmark,2020,-5.442167282104492,-1.2244514226913452,5.1215739250183105,6,1.5067936182022095,0.2435441017150879,1.5459808111190796,0.23086541891098022,1.4523217678070068,0.2521953880786896,1.522078514099121,0.24757151305675507,0.18778260052204132,0.05071787163615227,0.10345986485481262,0.08510061353445053,0.04110746458172798,0.2700117230415344,0.013620154932141304,0.10652830451726913,0.00831634271889925,0.13335511088371277
18,DNK,Denmark,2021,-5.020071029663086,-1.3159784078598022,5.1215739250183105,6,1.5067936182022095,0.2435441017150879,1.5459808111190796,0.23086541891098022,1.4523217678070068,0.2521953880786896,1.522078514099121,0.24757151305675507,0.18778260052204132,0.05071787163615227,0.10345986485481262,0.08510061353445053,0.04110746458172798,0.2700117230415344,0.013620154932141304,0.10652830451726913,0.00831634271889925,0.13335511088371277
18,DNK,Denmark,2022,-5.26057767868042,-1.351143717765808,5.1215739250183105,6,1.5067936182022095,0.2435441017150879,1.5459808111190796,0.23086541891098022,1.4523217678070068,0.2521953880786896,1.522078514099121,0.24757151305675507,0.18778260052204132,0.05071787163615227,0.10345986485481262,0.08510061353445053,0.04110746458172798,0.2700117230415344,0.013620154932141304,0.10652830451726913,0.00831634271889925,0.13335511088371277
18,DNK,Denmark,2023,-5.907427787780762,-1.3627275228500366,5.1215739250183105,6,1.5067936182022095,0.2435441017150879,1.5459808111190796,0.23086541891098022,1.4523217678070068,0.2521953880786896,1.522078514099121,0.24757151305675507,0.18778260052204132,0.05071787163615227,0.10345986485481262,0.08510061353445053,0.04110746458172798,0.2700117230415344,0.013620154932141304,0.10652830451726913,0.00831634271889925,0.13335511088371277
19,DZA,Algeria,2018,-1.3783005475997925,-0.43486902117729187,4.9736714363098145,6,-1.204992651939392,-1.0642098188400269,-1.152233362197876,-1.0088080167770386,-1.2305991649627686,-1.102013349533081,-1.2321451902389526,-1.08180832862854,0.1592492312192917,0.05496517941355705,0.11989150941371918,0.11401156336069107,0.024270348250865936,0.31807655096054077,0.013173405081033707,0.0935085266828537,0.009858725592494011,0.09299490600824356
19,DZA,Algeria,2019,-1.3506704568862915,-0.2362254559993744,4.9736714363098145,6,-1.204992651939392,-1.0642098188400269,-1.152233362197876,-1.0088080167770386,-1.2305991649627686,-1.102013349533081,-1.2321451902389526,-1.08180832862854,0.1592492312192917,0.05496517941355705,0.11989150941371918,0.11401156336069107,0.024270348250865936,0.31807655096054077,0.013173405081033707,0.0935085266828537,0.009858725592494011,0.09299490600824356
19,DZA,Algeria,2020,-1.4138250350952148,-0.21773141622543335,4.9736714363098145,6,-1.204992651939392,-1.0642098188400269,-1.152233362197876,-1.0088080167770386,-1.2305991649627686,-1.102013349533081,-1.2321451902389526,-1.08180832862854,0.1592492312192917,0.05496517941355705,0.11989150941371918,0.11401156336069107,0.024270348250865936,0.31807655096054077,0.013173405081033707,0.0935085266828537,0.009858725592494011,0.09299490600824356
19,DZA,Algeria,2021,-1.0506858825683594,-0.405971497297287,4.9736714363098145,6,-1.204992651939392,-1.0642098188400269,-1.152233362197876,-1.0088080167770386,-1.2305991649627686,-1.102013349533081,-1.2321451902389526,-1.08180832862854,0.1592492312192917,0.05496517941355705,0.11989150941371918,0.11401156336069107,0.024270348250865936,0.31807655096054077,0.013173405081033707,0.0935085266828537,0.009858725592494011,0.09299490600824356
19,DZA,Algeria,2022,-1.0033199787139893,-0.4548506736755371,4.9736714363098145,6,-1.204992651939392,-1.0642098188400269,-1.152233362197876,-1.0088080167770386,-1.2305991649627686,-1.102013349533081,-1.2321451902389526,-1.08180832862854,0.1592492312192917,0.05496517941355705,0.11989150941371918,0.11401156336069107,0.024270348250865936,0.31807655096054077,0.013173405081033707,0.0935085266828537,0.009858725592494011,0.09299490600824356
19,DZA,Algeria,2023,-1.0033199787139893,-0.5429953336715698,4.9736714363098145,6,-1.204992651939392,-1.0642098188400269,-1.152233362197876,-1.0088080167770386,-1.2305991649627686,-1.102013349533081,-1.2321451902389526,-1.08180832862854,0.1592492312192917,0.05496517941355705,0.11989150941371918,0.11401156336069107,0.024270348250865936,0.31807655096054077,0.013173405081033707,0.0935085266828537,0.009858725592494011,0.09299490600824356
20,ECU,Ecuador,2018,-1.1428673267364502,0.2350640594959259,4.974937915802002,6,-1.2054944038391113,-1.0524256229400635,-1.1715943813323975,-0.9976372718811035,-1.2544611692428589,-1.0898104906082153,-1.1904276609420776,-1.0698292255401611,0.1595020443201065,0.0549185536801815,0.11975117027759552,0.11373370885848999,0.024377329275012016,0.317756712436676,0.013172180391848087,0.093632273375988,0.009840083308517933,0.09331594407558441
20,ECU,Ecuador,2019,-1.7627936601638794,0.8149223923683167,4.974937915802002,6,-1.2054944038391113,-1.0524256229400635,-1.1715943813323975,-0.9976372718811035,-1.2544611692428589,-1.0898104906082153,-1.1904276609420776,-1.0698292255401611,0.1595020443201065,0.0549185536801815,0.11975117027759552,0.11373370885848999,0.024377329275012016,0.317756712436676,0.013172180391848087,0.093632273375988,0.009840083308517933,0.09331594407558441
20,ECU,Ecuador,2020,-1.9658561944961548,0.898217499256134,4.974937915802002,6,-1.2054944038391113,-1.0524256229400635,-1.1715943813323975,-0.9976372718811035,-1.2544611692428589,-1.0898104906082153,-1.1904276609420776,-1.0698292255401611,0.1595020443201065,0.0549185536801815,0.11975117027759552,0.11373370885848999,0.024377329275012016,0.317756712436676,0.013172180391848087,0.093632273375988,0.009840083308517933,0.09331594407558441
20,ECU,Ecuador,2021,-2.1342613697052,1.0625125169754028,4.974937915802002,6,-1.2054944038391113,-1.0524256229400635,-1.1715943813323975,-0.9976372718811035,-1.2544611692428589,-1.0898104906082153,-1.1904276609420776,-1.0698292255401611,0.1595020443201065,0.0549185536801815,0.11975117027759552,0.11373370885848999,0.024377329275012016,0.317756712436676,0.013172180391848087,0.093632273375988,0.009840083308517933,0.09331594407558441
20,ECU,Ecuador,2022,-1.612612009048462,0.9391482472419739,4.974937915802002,6,-1.2054944038391113,-1.0524256229400635,-1.1715943813323975,-0.9976372718811035,-1.2544611692428589,-1.0898104906082153,-1.1904276609420776,-1.0698292255401611,0.1595020443201065,0.0549185536801815,0.11975117027759552,0.11373370885848999,0.024377329275012016,0.317756712436676,0.013172180391848087,0.093632273375988,0.009840083308517933,0.09331594407558441
20,ECU,Ecuador,2023,-1.6925028562545776,0.8640047907829285,4.974937915802002,6,-1.2054944038391113,-1.0524256229400635,-1.1715943813323975,-0.9976372718811035,-1.2544611692428589,-1.0898104906082153,-1.1904276609420776,-1.0698292255401611,0.1595020443201065,0.0549185536801815,0.11975117027759552,0.11373370885848999,0.024377329275012016,0.317756712436676,0.013172180391848087,0.093632273375988,0.009840083308517933,0.09331594407558441
21,EGY,Egypt,2018,1.8549280166625977,-0.18747657537460327,5.021261215209961,6,-0.7224758267402649,-0.6315407752990723,-0.816137969493866,-0.5986632704734802,-0.7838069200515747,-0.653974711894989,-0.5674826502799988,-0.6419843435287476,0.16869127750396729,0.05335351824760437,0.1146174818277359,0.10395609587430954,0.02867548167705536,0.3048425614833832,0.013190440833568573,0.09803960472345352,0.009232359938323498,0.1054011806845665
21,EGY,Egypt,2019,1.397194504737854,0.3996780812740326,5.021261215209961,6,-0.7224758267402649,-0.6315407752990723,-0.816137969493866,-0.5986632704734802,-0.7838069200515747,-0.653974711894989,-0.5674826502799988,-0.6419843435287476,0.16869127750396729,0.05335351824760437,0.1146174818277359,0.10395609587430954,0.02867548167705536,0.3048425614833832,0.013190440833568573,0.09803960472345352,0.009232359938323498,0.1054011806845665
21,EGY,Egypt,2020,0.7784237861633301,0.5193570852279663,5.021261215209961,6,-0.7224758267402649,-0.6315407752990723,-0.816137969493866,-0.5986632704734802,-0.7838069200515747,-0.653974711894989,-0.5674826502799988,-0.6419843435287476,0.16869127750396729,0.05335351824760437,0.1146174818277359,0.10395609587430954,0.02867548167705536,0.3048425614833832,0.013190440833568573,0.09803960472345352,0.009232359938323498,0.1054011806845665
21,EGY,Egypt,2021,0.7313584089279175,0.6045871376991272,5.021261215209961,6,-0.7224758267402649,-0.6315407752990723,-0.816137969493866,-0.5986632704734802,-0.7838069200515747,-0.653974711894989,-0.5674826502799988,-0.6419843435287476,0.16869127750396729,0.05335351824760437,0.1146174818277359,0.10395609587430954,0.02867548167705536,0.3048425614833832,0.013190440833568573,0.09803960472345352,0.009232359938323498,0.1054011806845665
21,EGY,Egypt,2022,0.8227205872535706,0.5765302777290344,5.021261215209961,6,-0.7224758267402649,-0.6315407752990723,-0.816137969493866,-0.5986632704734802,-0.7838069200515747,-0.653974711894989,-0.5674826502799988,-0.6419843435287476,0.16869127750396729,0.05335351824760437,0.1146174818277359,0.10395609587430954,0.02867548167705536,0.3048425614833832,0.013190440833568573,0.09803960472345352,0.009232359938323498,0.1054011806845665
21,EGY,Egypt,2023,0.880398690700531,0.6004969477653503,5.021261215209961,6,-0.7224758267402649,-0.6315407752990723,-0.816137969493866,-0.5986632704734802,-0.7838069200515747,-0.653974711894989,-0.5674826502799988,-0.6419843435287476,0.16869127750396729,0.05335351824760437,0.1146174818277359,0.10395609587430954,0.02867548167705536,0.3048425614833832,0.013190440833568573,0.09803960472345352,0.009232359938323498,0.1054011806845665
22,ESP,Spain,2018,-2.3918983936309814,-0.6230226159095764,5.152254104614258,6,0.789492130279541,0.5123381018638611,0.8293587565422058,0.4856661856174469,0.796362042427063,0.5305376052856445,0.7427557706832886,0.5208104252815247,0.19328120350837708,0.050067268311977386,0.10000211000442505,0.07986051589250565,0.046017132699489594,0.257801353931427,0.013856377452611923,0.10875856876373291,0.00812191516160965,0.14223355054855347
22,ESP,Spain,2019,-3.220625877380371,-0.8378754258155823,5.152254104614258,6,0.789492130279541,0.5123381018638611,0.8293587565422058,0.4856661856174469,0.796362042427063,0.5305376052856445,0.7427557706832886,0.5208104252815247,0.19328120350837708,0.050067268311977386,0.10000211000442505,0.07986051589250565,0.046017132699489594,0.257801353931427,0.013856377452611923,0.10875856876373291,0.00812191516160965,0.14223355054855347
22,ESP,Spain,2020,-4.112740993499756,-1.132139801979065,5.152254104614258,6,0.789492130279541,0.5123381018638611,0.8293587565422058,0.4856661856174469,0.796362042427063,0.5305376052856445,0.7427557706832886,0.5208104252815247,0.19328120350837708,0.050067268311977386,0.10000211000442505,0.07986051589250565,0.046017132699489594,0.257801353931427,0.013856377452611923,0.10875856876373291,0.00812191516160965,0.14223355054855347
22,ESP,Spain,2021,-4.21701192855835,-1.3654066324234009,5.152254104614258,6,0.789492130279541,0.5123381018638611,0.8293587565422058,0.4856661856174469,0.796362042427063,0.5305376052856445,0.7427557706832886,0.5208104252815247,0.19328120350837708,0.050067268311977386,0.10000211000442505,0.07986051589250565,0.046017132699489594,0.257801353931427,0.013856377452611923,0.10875856876373291,0.00812191516160965,0.14223355054855347
22,ESP,Spain,2022,-3.774611234664917,-1.5447514057159424,5.152254104614258,6,0.789492130279541,0.5123381018638611,0.8293587565422058,0.4856661856174469,0.796362042427063,0.5305376052856445,0.7427557706832886,0.5208104252815247,0.19328120350837708,0.050067268311977386,0.10000211000442505,0.07986051589250565,0.046017132699489594,0.257801353931427,0.013856377452611923,0.10875856876373291,0.00812191516160965,0.14223355054855347
22,ESP,Spain,2023,-4.671977519989014,-1.6286736726760864,5.152254104614258,6,0.789492130279541,0.5123381018638611,0.8293587565422058,0.4856661856174469,0.796362042427063,0.5305376052856445,0.7427557706832886,0.5208104252815247,0.19328120350837708,0.050067268311977386,0.10000211000442505,0.07986051589250565,0.046017132699489594,0.257801353931427,0.013856377452611923,0.10875856876373291,0.00812191516160965,0.14223355054855347
23,EST,Estonia,2018,-4.833373069763184,-1.314809799194336,5.1876935958862305,6,0.5303884744644165,0.8313230872154236,0.3051801919937134,0.7880450487136841,0.8016892075538635,0.8608537316322327,0.48429596424102783,0.8450703024864197,0.19938279688358307,0.049384403973817825,0.09594353288412094,0.07403770834207535,0.052557770162820816,0.24286843836307526,0.01419664453715086,0.1110818088054657,0.007938784547150135,0.15260811150074005
23,EST,Estonia,2019,-9.96490478515625,-1.0956796407699585,5.1876935958862305,6,0.5303884744644165,0.8313230872154236,0.3051801919937134,0.7880450487136841,0.8016892075538635,0.8608537316322327,0.48429596424102783,0.8450703024864197,0.19938279688358307,0.049384403973817825,0.09594353288412094,0.07403770834207535,0.052557770162820816,0.24286843836307526,0.01419664453715086,0.1110818088054657,0.007938784547150135,0.15260811150074005
23,EST,Estonia,2020,-18.38939094543457,-1.1951237916946411,5.1876935958862305,6,0.5303884744644165,0.8313230872154236,0.3051801919937134,0.7880450487136841,0.8016892075538635,0.8608537316322327,0.48429596424102783,0.8450703024864197,0.19938279688358307,0.049384403973817825,0.09594353288412094,0.07403770834207535,0.052557770162820816,0.24286843836307526,0.01419664453715086,0.1110818088054657,0.007938784547150135,0.15260811150074005
23,EST,Estonia,2021,-14.705828666687012,-1.2987765073776245,5.1876935958862305,6,0.5303884744644165,0.8313230872154236,0.3051801919937134,0.7880450487136841,0.8016892075538635,0.8608537316322327,0.48429596424102783,0.8450703024864197,0.19938279688358307,0.049384403973817825,0.09594353288412094,0.07403770834207535,0.052557770162820816,0.24286843836307526,0.01419664453715086,0.1110818088054657,0.007938784547150135,0.15260811150074005
23,EST,Estonia,2022,-11.738649368286133,-1.38836669921875,5.1876935958862305,6,0.5303884744644165,0.8313230872154236,0.3051801919937134,0.7880450487136841,0.8016892075538635,0.8608537316322327,0.48429596424102783,0.8450703024864197,0.19938279688358307,0.049384403973817825,0.09594353288412094,0.07403770834207535,0.052557770162820816,0.24286843836307526,0.01419664453715086,0.1110818088054657,0.007938784547150135,0.15260811150074005
23,EST,Estonia,2023,-19.71649742126465,-1.4412504434585571,5.1876935958862305,6,0.5303884744644165,0.8313230872154236,0.3051801919937134,0.7880450487136841,0.8016892075538635,0.8608537316322327,0.48429596424102783,0.8450703024864197,0.19938279688358307,0.049384403973817825,0.09594353288412094,0.07403770834207535,0.052557770162820816,0.24286843836307526,0.01419664453715086,0.1110818088054657,0.007938784547150135,0.15260811150074005
24,FIN,Finland,2018,-2.4947378635406494,0.11547558754682541,5.121206760406494,6,1.5118976831436157,0.24035225808620453,1.5876092910766602,0.22783972322940826,1.3751853704452515,0.24889016151428223,1.572898507118225,0.2443268746137619,0.18771567940711975,0.0507260262966156,0.10350100696086884,0.08516457676887512,0.04105241596698761,0.270153671503067,0.013617638498544693,0.10650046914815903,0.008318882435560226,0.13324961066246033
24,FIN,Finland,2019,-3.0343379974365234,-0.16171395778656006,5.121206760406494,6,1.5118976831436157,0.24035225808620453,1.5876092910766602,0.22783972322940826,1.3751853704452515,0.24889016151428223,1.572898507118225,0.2443268746137619,0.18771567940711975,0.0507260262966156,0.10350100696086884,0.08516457676887512,0.04105241596698761,0.270153671503067,0.013617638498544693,0.10650046914815903,0.008318882435560226,0.13324961066246033
24,FIN,Finland,2020,-4.05517578125,-0.48456695675849915,5.121206760406494,6,1.5118976831436157,0.24035225808620453,1.5876092910766602,0.22783972322940826,1.3751853704452515,0.24889016151428223,1.572898507118225,0.2443268746137619,0.18771567940711975,0.0507260262966156,0.10350100696086884,0.08516457676887512,0.04105241596698761,0.270153671503067,0.013617638498544693,0.10650046914815903,0.008318882435560226,0.13324961066246033
24,FIN,Finland,2021,-3.9226253032684326,-0.6720072627067566,5.121206760406494,6,1.5118976831436157,0.24035225808620453,1.5876092910766602,0.22783972322940826,1.3751853704452515,0.24889016151428223,1.572898507118225,0.2443268746137619,0.18771567940711975,0.0507260262966156,0.10350100696086884,0.08516457676887512,0.04105241596698761,0.270153671503067,0.013617638498544693,0.10650046914815903,0.008318882435560226,0.13324961066246033
24,FIN,Finland,2022,-4.062594890594482,-0.7789543867111206,5.121206760406494,6,1.5118976831436157,0.24035225808620453,1.5876092910766602,0.22783972322940826,1.3751853704452515,0.24889016151428223,1.572898507118225,0.2443268746137619,0.18771567940711975,0.0507260262966156,0.10350100696086884,0.08516457676887512,0.04105241596698761,0.270153671503067,0.013617638498544693,0.10650046914815903,0.008318882435560226,0.13324961066246033
24,FIN,Finland,2023,-5.2590131759643555,-0.7934459447860718,5.121206760406494,6,1.5118976831436157,0.24035225808620453,1.5876092910766602,0.22783972322940826,1.3751853704452515,0.24889016151428223,1.572898507118225,0.2443268746137619,0.18771567940711975,0.0507260262966156,0.10350100696086884,0.08516457676887512,0.04105241596698761,0.270153671503067,0.013617638498544693,0.10650046914815903,0.008318882435560226,0.13324961066246033
25,FRA,France,2018,-2.937512159347534,-0.1084449291229248,5.1382598876953125,6,0.8883405327796936,0.38917073607444763,1.0859564542770386,0.36891084909439087,0.6707704067230225,0.4029950499534607,0.9082947969436646,0.39560630917549133,0.19079676270484924,0.05035661160945892,0.10158412903547287,0.08222499489784241,0.04369978606700897,0.2634536325931549,0.013742261566221714,0.10776536166667938,0.008206281810998917,0.13817016780376434
25,FRA,France,2019,-2.957599639892578,-0.07257606089115143,5.1382598876953125,6,0.8883405327796936,0.38917073607444763,1.0859564542770386,0.36891084909439087,0.6707704067230225,0.4029950499534607,0.9082947969436646,0.39560630917549133,0.19079676270484924,0.05035661160945892,0.10158412903547287,0.08222499489784241,0.04369978606700897,0.2634536325931549,0.013742261566221714,0.10776536166667938,0.008206281810998917,0.13817016780376434
25,FRA,France,2020,-3.0673086643218994,-0.19116456806659698,5.1382598876953125,6,0.8883405327796936,0.38917073607444763,1.0859564542770386,0.36891084909439087,0.6707704067230225,0.4029950499534607,0.9082947969436646,0.39560630917549133,0.19079676270484924,0.05035661160945892,0.10158412903547287,0.08222499489784241,0.04369978606700897,0.2634536325931549,0.013742261566221714,0.10776536166667938,0.008206281810998917,0.13817016780376434
25,FRA,France,2021,-2.956054449081421,-0.25029656291007996,5.1382598876953125,6,0.8883405327796936,0.38917073607444763,1.0859564542770386,0.36891084909439087,0.6707704067230225,0.4029950499534607,0.9082947969436646,0.39560630917549133,0.19079676270484924,0.05035661160945892,0.10158412903547287,0.08222499489784241,0.04369978606700897,0.2634536325931549,0.013742261566221714,0.10776536166667938,0.008206281810998917,0.13817016780376434
25,FRA,France,2022,-0.05572359263896942,-0.3367251455783844,5.1382598876953125,6,0.8883405327796936,0.38917073607444763,1.0859564542770386,0.36891084909439087,0.6707704067230225,0.4029950499534607,0.9082947969436646,0.39560630917549133,0.19079676270484924,0.05035661160945892,0.10158412903547287,0.08222499489784241,0.04369978606700897,0.2634536325931549,0.013742261566221714,0.10776536166667938,0.008206281810998917,0.13817016780376434
25,FRA,France,2023,-3.9094398021698,-0.3616050183773041,5.1382598876953125,6,0.8883405327796936,0.38917073607444763,1.0859564542770386,0.36891084909439087,0.6707704067230225,0.4029950499534607,0.9082947969436646,0.39560630917549133,0.19079676270484924,0.05035661160945892,0.10158412903547287,0.08222499489784241,0.04369978606700897,0.2634536325931549,0.013742261566221714,0.10776536166667938,0.008206281810998917,0.13817016780376434
26,GBR,United Kingdom,2018,-11.656635284423828,0.42771127820014954,5.132358551025391,6,1.2583589553833008,0.3375396430492401,1.1897099018096924,0.3199676275253296,1.3614327907562256,0.349529892206192,1.2239340543746948,0.34312140941619873,0.18973702192306519,0.05048229172825813,0.10224870592355728,0.0832347646355629,0.04276251420378685,0.2657957673072815,0.013697367161512375,0.10733428597450256,0.008244005963206291,0.1364632546901703
26,GBR,United Kingdom,2019,-12.48721694946289,-0.05847645550966263,5.132358551025391,6,1.2583589553833008,0.3375396430492401,1.1897099018096924,0.3199676275253296,1.3614327907562256,0.349529892206192,1.2239340543746948,0.34312140941619873,0.18973702192306519,0.05048229172825813,0.10224870592355728,0.0832347646355629,0.04276251420378685,0.2657957673072815,0.013697367161512375,0.10733428597450256,0.008244005963206291,0.1364632546901703
26,GBR,United Kingdom,2020,-13.733572006225586,-0.521571159362793,5.132358551025391,6,1.2583589553833008,0.3375396430492401,1.1897099018096924,0.3199676275253296,1.3614327907562256,0.349529892206192,1.2239340543746948,0.34312140941619873,0.18973702192306519,0.05048229172825813,0.10224870592355728,0.0832347646355629,0.04276251420378685,0.2657957673072815,0.013697367161512375,0.10733428597450256,0.008244005963206291,0.1364632546901703
26,GBR,United Kingdom,2021,-12.55033016204834,-0.9332225322723389,5.132358551025391,6,1.2583589553833008,0.3375396430492401,1.1897099018096924,0.3199676275253296,1.3614327907562256,0.349529892206192,1.2239340543746948,0.34312140941619873,0.18973702192306519,0.05048229172825813,0.10224870592355728,0.0832347646355629,0.04276251420378685,0.2657957673072815,0.013697367161512375,0.10733428597450256,0.008244005963206291,0.1364632546901703
26,GBR,United Kingdom,2022,-13.13424301147461,-1.1890381574630737,5.132358551025391,6,1.2583589553833008,0.3375396430492401,1.1897099018096924,0.3199676275253296,1.3614327907562256,0.349529892206192,1.2239340543746948,0.34312140941619873,0.18973702192306519,0.05048229172825813,0.10224870592355728,0.0832347646355629,0.04276251420378685,0.2657957673072815,0.013697367161512375,0.10733428597450256,0.008244005963206291,0.1364632546901703
26,GBR,United Kingdom,2023,-14.066479682922363,-1.3665835857391357,5.132358551025391,6,1.2583589553833008,0.3375396430492401,1.1897099018096924,0.3199676275253296,1.3614327907562256,0.349529892206192,1.2239340543746948,0.34312140941619873,0.18973702192306519,0.05048229172825813,0.10224870592355728,0.0832347646355629,0.04276251420378685,0.2657957673072815,0.013697367161512375,0.10733428597450256,0.008244005963206291,0.1364632546901703
27,GRC,Greece,2018,-5.507160186767578,-1.580877661705017,5.2247185707092285,6,0.21050052344799042,1.1827383041381836,0.004785913974046707,1.1211659908294678,0.24354657530784607,1.2247521877288818,0.3831690847873688,1.2022968530654907,0.2054399847984314,0.048737913370132446,0.09158086031675339,0.06814268976449966,0.060659851878881454,0.22627465426921844,0.014642254449427128,0.11318995803594589,0.007791832089424133,0.1635400801897049
27,GRC,Greece,2019,-6.582149982452393,-1.1317652463912964,5.2247185707092285,6,0.21050052344799042,1.1827383041381836,0.004785913974046707,1.1211659908294678,0.24354657530784607,1.2247521877288818,0.3831690847873688,1.2022968530654907,0.2054399847984314,0.048737913370132446,0.09158086031675339,0.06814268976449966,0.060659851878881454,0.22627465426921844,0.014642254449427128,0.11318995803594589,0.007791832089424133,0.1635400801897049
27,GRC,Greece,2020,-8.231910705566406,-1.0965343713760376,5.2247185707092285,6,0.21050052344799042,1.1827383041381836,0.004785913974046707,1.1211659908294678,0.24354657530784607,1.2247521877288818,0.3831690847873688,1.2022968530654907,0.2054399847984314,0.048737913370132446,0.09158086031675339,0.06814268976449966,0.060659851878881454,0.22627465426921844,0.014642254449427128,0.11318995803594589,0.007791832089424133,0.1635400801897049
27,GRC,Greece,2021,-9.12386703491211,-1.0793612003326416,5.2247185707092285,6,0.21050052344799042,1.1827383041381836,0.004785913974046707,1.1211659908294678,0.24354657530784607,1.2247521877288818,0.3831690847873688,1.2022968530654907,0.2054399847984314,0.048737913370132446,0.09158086031675339,0.06814268976449966,0.060659851878881454,0.22627465426921844,0.014642254449427128,0.11318995803594589,0.007791832089424133,0.1635400801897049
27,GRC,Greece,2022,-9.264490127563477,-1.11033034324646,5.2247185707092285,6,0.21050052344799042,1.1827383041381836,0.004785913974046707,1.1211659908294678,0.24354657530784607,1.2247521877288818,0.3831690847873688,1.2022968530654907,0.2054399847984314,0.048737913370132446,0.09158086031675339,0.06814268976449966,0.060659851878881454,0.22627465426921844,0.014642254449427128,0.11318995803594589,0.007791832089424133,0.1635400801897049
27,GRC,Greece,2023,-10.155776977539062,-1.1316226720809937,5.2247185707092285,6,0.21050052344799042,1.1827383041381836,0.004785913974046707,1.1211659908294678,0.24354657530784607,1.2247521877288818,0.3831690847873688,1.2022968530654907,0.2054399847984314,0.048737913370132446,0.09158086031675339,0.06814268976449966,0.060659851878881454,0.22627465426921844,0.014642254449427128,0.11318995803594589,0.007791832089424133,0.1635400801897049
28,HKG,Hong Kong,2018,-1.1459519863128662,0.41366371512413025,5.12814474105835,6,1.1223636865615845,0.30076202750205994,1.0890463590621948,0.2851046025753021,1.3811711072921753,0.31144583225250244,0.8968734741210938,0.30573561787605286,0.18897603452205658,0.05057341977953911,0.10272245109081268,0.0839606299996376,0.04210709035396576,0.2674531042575836,0.01366646122187376,0.10702212154865265,0.00827174261212349,0.13524700701236725
28,HKG,Hong Kong,2019,-1.7272493839263916,0.06260227411985397,5.12814474105835,6,1.1223636865615845,0.30076202750205994,1.0890463590621948,0.2851046025753021,1.3811711072921753,0.31144583225250244,0.8968734741210938,0.30573561787605286,0.18897603452205658,0.05057341977953911,0.10272245109081268,0.0839606299996376,0.04210709035396576,0.2674531042575836,0.01366646122187376,0.10702212154865265,0.00827174261212349,0.13524700701236725
28,HKG,Hong Kong,2020,-5.682636260986328,-0.13620570302009583,5.12814474105835,6,1.1223636865615845,0.30076202750205994,1.0890463590621948,0.2851046025753021,1.3811711072921753,0.31144583225250244,0.8968734741210938,0.30573561787605286,0.18897603452205658,0.05057341977953911,0.10272245109081268,0.0839606299996376,0.04210709035396576,0.2674531042575836,0.01366646122187376,0.10702212154865265,0.00827174261212349,0.13524700701236725
28,HKG,Hong Kong,2021,-5.362922668457031,-0.4080749750137329,5.12814474105835,6,1.1223636865615845,0.30076202750205994,1.0890463590621948,0.2851046025753021,1.3811711072921753,0.31144583225250244,0.8968734741210938,0.30573561787605286,0.18897603452205658,0.05057341977953911,0.10272245109081268,0.0839606299996376,0.04210709035396576,0.2674531042575836,0.01366646122187376,0.10702212154865265,0.00827174261212349,0.13524700701236725
28,HKG,Hong Kong,2022,-5.762137413024902,-0.4624932110309601,5.12814474105835,6,1.1223636865615845,0.30076202750205994,1.0890463590621948,0.2851046025753021,1.3811711072921753,0.31144583225250244,0.8968734741210938,0.30573561787605286,0.18897603452205658,0.05057341977953911,0.10272245109081268,0.0839606299996376,0.04210709035396576,0.2674531042575836,0.01366646122187376,0.10702212154865265,0.00827174261212349,0.13524700701236725
28,HKG,Hong Kong,2023,-5.774105072021484,-0.5674331784248352,5.12814474105835,6,1.1223636865615845,0.30076202750205994,1.0890463590621948,0.2851046025753021,1.3811711072921753,0.31144583225250244,0.8968734741210938,0.30573561787605286,0.18897603452205658,0.05057341977953911,0.10272245109081268,0.0839606299996376,0.04210709035396576,0.2674531042575836,0.01366646122187376,0.10702212154865265,0.00827174261212349,0.13524700701236725
29,HRV,Croatia,2018,-2.1691575050354004,0.0015951022505760193,5.076629638671875,6,-0.3481642007827759,-0.14605778455734253,-0.2588765323162079,-0.1384541392326355,-0.3555670380592346,-0.15124613046646118,-0.4300490617752075,-0.1484730839729309,0.17941194772720337,0.05179043114185333,0.1084740161895752,0.09319013357162476,0.03493308275938034,0.2866475284099579,0.013363645412027836,0.10293237864971161,0.00866847112774849,0.1205882877111435
29,HRV,Croatia,2019,-1.4451857805252075,0.1434229016304016,5.076629638671875,6,-0.3481642007827759,-0.14605778455734253,-0.2588765323162079,-0.1384541392326355,-0.3555670380592346,-0.15124613046646118,-0.4300490617752075,-0.1484730839729309,0.17941194772720337,0.05179043114185333,0.1084740161895752,0.09319013357162476,0.03493308275938034,0.2866475284099579,0.013363645412027836,0.10293237864971161,0.00866847112774849,0.1205882877111435
29,HRV,Croatia,2020,-1.7230193614959717,0.19215646386146545,5.076629638671875,6,-0.3481642007827759,-0.14605778455734253,-0.2588765323162079,-0.1384541392326355,-0.3555670380592346,-0.15124613046646118,-0.4300490617752075,-0.1484730839729309,0.17941194772720337,0.05179043114185333,0.1084740161895752,0.09319013357162476,0.03493308275938034,0.2866475284099579,0.013363645412027836,0.10293237864971161,0.00866847112774849,0.1205882877111435
29,HRV,Croatia,2021,-2.0073060989379883,0.24877974390983582,5.076629638671875,6,-0.3481642007827759,-0.14605778455734253,-0.2588765323162079,-0.1384541392326355,-0.3555670380592346,-0.15124613046646118,-0.4300490617752075,-0.1484730839729309,0.17941194772720337,0.05179043114185333,0.1084740161895752,0.09319013357162476,0.03493308275938034,0.2866475284099579,0.013363645412027836,0.10293237864971161,0.00866847112774849,0.1205882877111435
29,HRV,Croatia,2022,-1.4104783535003662,0.11660406738519669,5.076629638671875,6,-0.3481642007827759,-0.14605778455734253,-0.2588765323162079,-0.1384541392326355,-0.3555670380592346,-0.15124613046646118,-0.4300490617752075,-0.1484730839729309,0.17941194772720337,0.05179043114185333,0.1084740161895752,0.09319013357162476,0.03493308275938034,0.2866475284099579,0.013363645412027836,0.10293237864971161,0.00866847112774849,0.1205882877111435
29,HRV,Croatia,2023,-2.236304998397827,0.23879918456077576,5.076629638671875,6,-0.3481642007827759,-0.14605778455734253,-0.2588765323162079,-0.1384541392326355,-0.3555670380592346,-0.15124613046646118,-0.4300490617752075,-0.1484730839729309,0.17941194772720337,0.05179043114185333,0.1084740161895752,0.09319013357162476,0.03493308275938034,0.2866475284099579,0.013363645412027836,0.10293237864971161,0.00866847112774849,0.1205882877111435
30,HUN,Hungary,2018,-2.826733112335205,-1.8705204725265503,5.19962739944458,6,0.43036317825317383,0.9420480132102966,0.30845627188682556,0.8930057287216187,0.5491956472396851,0.975511908531189,0.4334375858306885,0.9576262831687927,0.20137222111225128,0.0491691417992115,0.09455418586730957,0.07212066650390625,0.05500997602939606,0.23763598501682281,0.014329318888485432,0.11179890483617783,0.007886543869972229,0.1561230570077896
30,HUN,Hungary,2019,-3.2313930988311768,-1.7164772748947144,5.19962739944458,6,0.43036317825317383,0.9420480132102966,0.30845627188682556,0.8930057287216187,0.5491956472396851,0.975511908531189,0.4334375858306885,0.9576262831687927,0.20137222111225128,0.0491691417992115,0.09455418586730957,0.07212066650390625,0.05500997602939606,0.23763598501682281,0.014329318888485432,0.11179890483617783,0.007886543869972229,0.1561230570077896
30,HUN,Hungary,2020,-3.419083595275879,-1.7323384284973145,5.19962739944458,6,0.43036317825317383,0.9420480132102966,0.30845627188682556,0.8930057287216187,0.5491956472396851,0.975511908531189,0.4334375858306885,0.9576262831687927,0.20137222111225128,0.0491691417992115,0.09455418586730957,0.07212066650390625,0.05500997602939606,0.23763598501682281,0.014329318888485432,0.11179890483617783,0.007886543869972229,0.1561230570077896
30,HUN,Hungary,2021,-3.8331387042999268,-1.7631341218948364,5.19962739944458,6,0.43036317825317383,0.9420480132102966,0.30845627188682556,0.8930057287216187,0.5491956472396851,0.975511908531189,0.4334375858306885,0.9576262831687927,0.20137222111225128,0.0491691417992115,0.09455418586730957,0.07212066650390625,0.05500997602939606,0.23763598501682281,0.014329318888485432,0.11179890483617783,0.007886543869972229,0.1561230570077896
30,HUN,Hungary,2022,-4.042897701263428,-1.8180516958236694,5.19962739944458,6,0.43036317825317383,0.9420480132102966,0.30845627188682556,0.8930057287216187,0.5491956472396851,0.975511908531189,0.4334375858306885,0.9576262831687927,0.20137222111225128,0.0491691417992115,0.09455418586730957,0.07212066650390625,0.05500997602939606,0.23763598501682281,0.014329318888485432,0.11179890483617783,0.007886543869972229,0.1561230570077896
30,HUN,Hungary,2023,-4.756733417510986,-1.8613756895065308,5.19962739944458,6,0.43036317825317383,0.9420480132102966,0.30845627188682556,0.8930057287216187,0.5491956472396851,0.975511908531189,0.4334375858306885,0.9576262831687927,0.20137222111225128,0.0491691417992115,0.09455418586730957,0.07212066650390625,0.05500997602939606,0.23763598501682281,0.014329318888485432,0.11179890483617783,0.007886543869972229,0.1561230570077896
31,IDN,Indonesia,2018,2.64410662651062,0.9296644330024719,4.983861923217773,6,-0.9561768174171448,-0.9698726534843445,-0.9402090311050415,-0.9193817973136902,-0.8002218008041382,-1.0043249130249023,-1.1280996799468994,-0.9859110116958618,0.16128140687942505,0.05459615960717201,0.1187622919678688,0.11179233342409134,0.02514617331326008,0.31545108556747437,0.013166221790015697,0.09449966251850128,0.0097119752317667,0.09559263288974762
31,IDN,Indonesia,2019,3.317753314971924,1.0597912073135376,4.983861923217773,6,-0.9561768174171448,-0.9698726534843445,-0.9402090311050415,-0.9193817973136902,-0.8002218008041382,-1.0043249130249023,-1.1280996799468994,-0.9859110116958618,0.16128140687942505,0.05459615960717201,0.1187622919678688,0.11179233342409134,0.02514617331326008,0.31545108556747437,0.013166221790015697,0.09449966251850128,0.0097119752317667,0.09559263288974762
31,IDN,Indonesia,2020,2.719416856765747,0.9444475769996643,4.983861923217773,6,-0.9561768174171448,-0.9698726534843445,-0.9402090311050415,-0.9193817973136902,-0.8002218008041382,-1.0043249130249023,-1.1280996799468994,-0.9859110116958618,0.16128140687942505,0.05459615960717201,0.1187622919678688,0.11179233342409134,0.02514617331326008,0.31545108556747437,0.013166221790015697,0.09449966251850128,0.0097119752317667,0.09559263288974762
31,IDN,Indonesia,2021,2.6682887077331543,0.9421094059944153,4.983861923217773,6,-0.9561768174171448,-0.9698726534843445,-0.9402090311050415,-0.9193817973136902,-0.8002218008041382,-1.0043249130249023,-1.1280996799468994,-0.9859110116958618,0.16128140687942505,0.05459615960717201,0.1187622919678688,0.11179233342409134,0.02514617331326008,0.31545108556747437,0.013166221790015697,0.09449966251850128,0.0097119752317667,0.09559263288974762
31,IDN,Indonesia,2022,2.0740978717803955,0.70112544298172,4.983861923217773,6,-0.9561768174171448,-0.9698726534843445,-0.9402090311050415,-0.9193817973136902,-0.8002218008041382,-1.0043249130249023,-1.1280996799468994,-0.9859110116958618,0.16128140687942505,0.05459615960717201,0.1187622919678688,0.11179233342409134,0.02514617331326008,0.31545108556747437,0.013166221790015697,0.09449966251850128,0.0097119752317667,0.09559263288974762
31,IDN,Indonesia,2023,2.4188666343688965,0.6514491438865662,4.983861923217773,6,-0.9561768174171448,-0.9698726534843445,-0.9402090311050415,-0.9193817973136902,-0.8002218008041382,-1.0043249130249023,-1.1280996799468994,-0.9859110116958618,0.16128140687942505,0.05459615960717201,0.1187622919678688,0.11179233342409134,0.02514617331326008,0.31545108556747437,0.013166221790015697,0.09449966251850128,0.0097119752317667,0.09559263288974762
32,IND,India,2018,0.023883648216724396,-1.4920599460601807,5.052692413330078,6,-0.5800058245658875,-0.35441043972969055,-0.6757107377052307,-0.33596011996269226,-0.8220545053482056,-0.3669999837875366,-0.24225223064422607,-0.3602711856365204,0.1748238205909729,0.05242981016635895,0.1111321672797203,0.09772834926843643,0.032062869518995285,0.2948490083217621,0.013269256800413132,0.10087425261735916,0.008892934769392014,0.11393756419420242
32,IND,India,2019,-1.7109887599945068,-0.8464325070381165,5.052692413330078,6,-0.5800058245658875,-0.35441043972969055,-0.6757107377052307,-0.33596011996269226,-0.8220545053482056,-0.3669999837875366,-0.24225223064422607,-0.3602711856365204,0.1748238205909729,0.05242981016635895,0.1111321672797203,0.09772834926843643,0.032062869518995285,0.2948490083217621,0.013269256800413132,0.10087425261735916,0.008892934769392014,0.11393756419420242
32,IND,India,2020,-2.832286834716797,-0.6132395267486572,5.052692413330078,6,-0.5800058245658875,-0.35441043972969055,-0.6757107377052307,-0.33596011996269226,-0.8220545053482056,-0.3669999837875366,-0.24225223064422607,-0.3602711856365204,0.1748238205909729,0.05242981016635895,0.1111321672797203,0.09772834926843643,0.032062869518995285,0.2948490083217621,0.013269256800413132,0.10087425261735916,0.008892934769392014,0.11393756419420242
32,IND,India,2021,-2.1478464603424072,-0.5219478011131287,5.052692413330078,6,-0.5800058245658875,-0.35441043972969055,-0.6757107377052307,-0.33596011996269226,-0.8220545053482056,-0.3669999837875366,-0.24225223064422607,-0.3602711856365204,0.1748238205909729,0.05242981016635895,0.1111321672797203,0.09772834926843643,0.032062869518995285,0.2948490083217621,0.013269256800413132,0.10087425261735916,0.008892934769392014,0.11393756419420242
32,IND,India,2022,-2.8932855129241943,-0.5699177980422974,5.052692413330078,6,-0.5800058245658875,-0.35441043972969055,-0.6757107377052307,-0.33596011996269226,-0.8220545053482056,-0.3669999837875366,-0.24225223064422607,-0.3602711856365204,0.1748238205909729,0.05242981016635895,0.1111321672797203,0.09772834926843643,0.032062869518995285,0.2948490083217621,0.013269256800413132,0.10087425261735916,0.008892934769392014,0.11393756419420242
32,IND,India,2023,-2.182831048965454,-0.5556215643882751,5.052692413330078,6,-0.5800058245658875,-0.35441043972969055,-0.6757107377052307,-0.33596011996269226,-0.8220545053482056,-0.3669999837875366,-0.24225223064422607,-0.3602711856365204,0.1748238205909729,0.05242981016635895,0.1111321672797203,0.09772834926843643,0.032062869518995285,0.2948490083217621,0.013269256800413132,0.10087425261735916,0.008892934769392014,0.11393756419420242
33,IRL,Ireland,2018,-3.2219769954681396,-1.1291002035140991,5.149008750915527,6,1.125100016593933,0.48367369174957275,0.9071259498596191,0.45849403738975525,1.2676217555999756,0.5008549690246582,1.2005521059036255,0.4916720390319824,0.19270876049995422,0.050133299082517624,0.10036977380514145,0.08040514588356018,0.04546751827001572,0.259124219417572,0.0138289425522089,0.10853195935487747,0.008140848018229008,0.14128948748111725
33,IRL,Ireland,2019,-3.9652493000030518,-1.3660638332366943,5.149008750915527,6,1.125100016593933,0.48367369174957275,0.9071259498596191,0.45849403738975525,1.2676217555999756,0.5008549690246582,1.2005521059036255,0.4916720390319824,0.19270876049995422,0.050133299082517624,0.10036977380514145,0.08040514588356018,0.04546751827001572,0.259124219417572,0.0138289425522089,0.10853195935487747,0.008140848018229008,0.14128948748111725
33,IRL,Ireland,2020,-4.2647223472595215,-1.5268292427062988,5.149008750915527,6,1.125100016593933,0.48367369174957275,0.9071259498596191,0.45849403738975525,1.2676217555999756,0.5008549690246582,1.2005521059036255,0.4916720390319824,0.19270876049995422,0.050133299082517624,0.10036977380514145,0.08040514588356018,0.04546751827001572,0.259124219417572,0.0138289425522089,0.10853195935487747,0.008140848018229008,0.14128948748111725
33,IRL,Ireland,2021,-3.373614549636841,-1.663101077079773,5.149008750915527,6,1.125100016593933,0.48367369174957275,0.9071259498596191,0.45849403738975525,1.2676217555999756,0.5008549690246582,1.2005521059036255,0.4916720390319824,0.19270876049995422,0.050133299082517624,0.10036977380514145,0.08040514588356018,0.04546751827001572,0.259124219417572,0.0138289425522089,0.10853195935487747,0.008140848018229008,0.14128948748111725
33,IRL,Ireland,2022,-3.6817150115966797,-1.7174888849258423,5.149008750915527,6,1.125100016593933,0.48367369174957275,0.9071259498596191,0.45849403738975525,1.2676217555999756,0.5008549690246582,1.2005521059036255,0.4916720390319824,0.19270876049995422,0.050133299082517624,0.10036977380514145,0.08040514588356018,0.04546751827001572,0.259124219417572,0.0138289425522089,0.10853195935487747,0.008140848018229008,0.14128948748111725
33,IRL,Ireland,2023,-4.387845516204834,-1.765539526939392,5.149008750915527,6,1.125100016593933,0.48367369174957275,0.9071259498596191,0.45849403738975525,1.2676217555999756,0.5008549690246582,1.2005521059036255,0.4916720390319824,0.19270876049995422,0.050133299082517624,0.10036977380514145,0.08040514588356018,0.04546751827001572,0.259124219417572,0.0138289425522089,0.10853195935487747,0.008140848018229008,0.14128948748111725
34,IRN,Iran,2018,0.18575511872768402,-1.1724138259887695,4.965384483337402,6,-1.425826907157898,-1.1417115926742554,-1.0039883852005005,-1.0822750329971313,-1.918333888053894,-1.1822680234909058,-1.3551583290100098,-1.1605916023254395,0.15759466588497162,0.05527563393115997,0.12080959230661392,0.11584308743476868,0.02358364127576351,0.32012221217155457,0.01318378560245037,0.09269542247056961,0.009983569383621216,0.09090840816497803
34,IRN,Iran,2019,-3.3282368183135986,-0.503207266330719,4.965384483337402,6,-1.425826907157898,-1.1417115926742554,-1.0039883852005005,-1.0822750329971313,-1.918333888053894,-1.1822680234909058,-1.3551583290100098,-1.1605916023254395,0.15759466588497162,0.05527563393115997,0.12080959230661392,0.11584308743476868,0.02358364127576351,0.32012221217155457,0.01318378560245037,0.09269542247056961,0.009983569383621216,0.09090840816497803
34,IRN,Iran,2020,-1.5740487575531006,-0.1796729862689972,4.965384483337402,6,-1.425826907157898,-1.1417115926742554,-1.0039883852005005,-1.0822750329971313,-1.918333888053894,-1.1822680234909058,-1.3551583290100098,-1.1605916023254395,0.15759466588497162,0.05527563393115997,0.12080959230661392,0.11584308743476868,0.02358364127576351,0.32012221217155457,0.01318378560245037,0.09269542247056961,0.009983569383621216,0.09090840816497803
34,IRN,Iran,2021,0.32263654470443726,-0.1460607349872589,4.965384483337402,6,-1.425826907157898,-1.1417115926742554,-1.0039883852005005,-1.0822750329971313,-1.918333888053894,-1.1822680234909058,-1.3551583290100098,-1.1605916023254395,0.15759466588497162,0.05527563393115997,0.12080959230661392,0.11584308743476868,0.02358364127576351,0.32012221217155457,0.01318378560245037,0.09269542247056961,0.009983569383621216,0.09090840816497803
34,IRN,Iran,2022,0.009564151056110859,-0.1908436119556427,4.965384483337402,6,-1.425826907157898,-1.1417115926742554,-1.0039883852005005,-1.0822750329971313,-1.918333888053894,-1.1822680234909058,-1.3551583290100098,-1.1605916023254395,0.15759466588497162,0.05527563393115997,0.12080959230661392,0.11584308743476868,0.02358364127576351,0.32012221217155457,0.01318378560245037,0.09269542247056961,0.009983569383621216,0.09090840816497803
34,IRN,Iran,2023,-0.9724723696708679,-0.12554076313972473,4.965384483337402,6,-1.425826907157898,-1.1417115926742554,-1.0039883852005005,-1.0822750329971313,-1.918333888053894,-1.1822680234909058,-1.3551583290100098,-1.1605916023254395,0.15759466588497162,0.05527563393115997,0.12080959230661392,0.11584308743476868,0.02358364127576351,0.32012221217155457,0.01318378560245037,0.09269542247056961,0.009983569383621216,0.09090840816497803
35,IRQ,Iraq,2018,1.4125878810882568,-1.5767033100128174,4.963070869445801,6,-2.0568058490753174,-1.163488745689392,-2.0972113609313965,-1.1029185056686401,-2.079011917114258,-1.204818844795227,-1.9941946268081665,-1.1827290058135986,0.15713241696357727,0.05536404997110367,0.12106593698263168,0.1163589209318161,0.023395858705043793,0.32067883014678955,0.013187424279749393,0.0924672782421112,0.010019345209002495,0.09032998234033585
35,IRQ,Iraq,2019,1.0280742645263672,-1.0483152866363525,4.963070869445801,6,-2.0568058490753174,-1.163488745689392,-2.0972113609313965,-1.1029185056686401,-2.079011917114258,-1.204818844795227,-1.9941946268081665,-1.1827290058135986,0.15713241696357727,0.05536404997110367,0.12106593698263168,0.1163589209318161,0.023395858705043793,0.32067883014678955,0.013187424279749393,0.0924672782421112,0.010019345209002495,0.09032998234033585
35,IRQ,Iraq,2020,1.1829884052276611,-0.9411917328834534,4.963070869445801,6,-2.0568058490753174,-1.163488745689392,-2.0972113609313965,-1.1029185056686401,-2.079011917114258,-1.204818844795227,-1.9941946268081665,-1.1827290058135986,0.15713241696357727,0.05536404997110367,0.12106593698263168,0.1163589209318161,0.023395858705043793,0.32067883014678955,0.013187424279749393,0.0924672782421112,0.010019345209002495,0.09032998234033585
35,IRQ,Iraq,2021,1.2868479490280151,-0.9751641154289246,4.963070869445801,6,-2.0568058490753174,-1.163488745689392,-2.0972113609313965,-1.1029185056686401,-2.079011917114258,-1.204818844795227,-1.9941946268081665,-1.1827290058135986,0.15713241696357727,0.05536404997110367,0.12106593698263168,0.1163589209318161,0.023395858705043793,0.32067883014678955,0.013187424279749393,0.0924672782421112,0.010019345209002495,0.09032998234033585
35,IRQ,Iraq,2022,1.606886863708496,-1.0368376970291138,4.963070869445801,6,-2.0568058490753174,-1.163488745689392,-2.0972113609313965,-1.1029185056686401,-2.079011917114258,-1.204818844795227,-1.9941946268081665,-1.1827290058135986,0.15713241696357727,0.05536404997110367,0.12106593698263168,0.1163589209318161,0.023395858705043793,0.32067883014678955,0.013187424279749393,0.0924672782421112,0.010019345209002495,0.09032998234033585
35,IRQ,Iraq,2023,1.6270170211791992,-1.1196603775024414,4.963070869445801,6,-2.0568058490753174,-1.163488745689392,-2.0972113609313965,-1.1029185056686401,-2.079011917114258,-1.204818844795227,-1.9941946268081665,-1.1827290058135986,0.15713241696357727,0.05536404997110367,0.12106593698263168,0.1163589209318161,0.023395858705043793,0.32067883014678955,0.013187424279749393,0.0924672782421112,0.010019345209002495,0.09032998234033585
36,ISL,Iceland,2018,2.5240752696990967,0.32101961970329285,5.137362480163574,6,1.1885734796524048,0.381307452917099,1.2342337369918823,0.36145690083503723,0.9549963474273682,0.3948524296283722,1.376490592956543,0.3876129984855652,0.1906360387802124,0.05037558451294899,0.1016852930188179,0.0823780819773674,0.04355574771761894,0.2638114392757416,0.013735312968492508,0.10770025849342346,0.008211935870349407,0.13791030645370483
36,ISL,Iceland,2019,2.4789857864379883,0.4903574287891388,5.137362480163574,6,1.1885734796524048,0.381307452917099,1.2342337369918823,0.36145690083503723,0.9549963474273682,0.3948524296283722,1.376490592956543,0.3876129984855652,0.1906360387802124,0.05037558451294899,0.1016852930188179,0.0823780819773674,0.04355574771761894,0.2638114392757416,0.013735312968492508,0.10770025849342346,0.008211935870349407,0.13791030645370483
36,ISL,Iceland,2020,1.9529410600662231,0.5786468386650085,5.137362480163574,6,1.1885734796524048,0.381307452917099,1.2342337369918823,0.36145690083503723,0.9549963474273682,0.3948524296283722,1.376490592956543,0.3876129984855652,0.1906360387802124,0.05037558451294899,0.1016852930188179,0.0823780819773674,0.04355574771761894,0.2638114392757416,0.013735312968492508,0.10770025849342346,0.008211935870349407,0.13791030645370483
36,ISL,Iceland,2021,1.6373142004013062,0.6220400333404541,5.137362480163574,6,1.1885734796524048,0.381307452917099,1.2342337369918823,0.36145690083503723,0.9549963474273682,0.3948524296283722,1.376490592956543,0.3876129984855652,0.1906360387802124,0.05037558451294899,0.1016852930188179,0.0823780819773674,0.04355574771761894,0.2638114392757416,0.013735312968492508,0.10770025849342346,0.008211935870349407,0.13791030645370483
36,ISL,Iceland,2022,1.38180673122406,0.6822087168693542,5.137362480163574,6,1.1885734796524048,0.381307452917099,1.2342337369918823,0.36145690083503723,0.9549963474273682,0.3948524296283722,1.376490592956543,0.3876129984855652,0.1906360387802124,0.05037558451294899,0.1016852930188179,0.0823780819773674,0.04355574771761894,0.2638114392757416,0.013735312968492508,0.10770025849342346,0.008211935870349407,0.13791030645370483
36,ISL,Iceland,2023,2.3587470054626465,0.7276015877723694,5.137362480163574,6,1.1885734796524048,0.381307452917099,1.2342337369918823,0.36145690083503723,0.9549963474273682,0.3948524296283722,1.376490592956543,0.3876129984855652,0.1906360387802124,0.05037558451294899,0.1016852930188179,0.0823780819773674,0.04355574771761894,0.2638114392757416,0.013735312968492508,0.10770025849342346,0.008211935870349407,0.13791030645370483
37,ISR,Israel,2018,-6.285995006561279,-1.9343018531799316,5.145874500274658,6,0.6414921283721924,0.4560447633266449,0.9020118117332458,0.43230345845222473,0.48677289485931396,0.47224462032318115,0.5356917977333069,0.4635862112045288,0.19215363264083862,0.05019768327474594,0.1007244661450386,0.0809333473443985,0.04494369029998779,0.2603952884674072,0.013802998699247837,0.10831089317798615,0.008159499615430832,0.14037847518920898
37,ISR,Israel,2019,-6.490711212158203,-1.7887860536575317,5.145874500274658,6,0.6414921283721924,0.4560447633266449,0.9020118117332458,0.43230345845222473,0.48677289485931396,0.47224462032318115,0.5356917977333069,0.4635862112045288,0.19215363264083862,0.05019768327474594,0.1007244661450386,0.0809333473443985,0.04494369029998779,0.2603952884674072,0.013802998699247837,0.10831089317798615,0.008159499615430832,0.14037847518920898
37,ISR,Israel,2020,-7.341547966003418,-1.858094573020935,5.145874500274658,6,0.6414921283721924,0.4560447633266449,0.9020118117332458,0.43230345845222473,0.48677289485931396,0.47224462032318115,0.5356917977333069,0.4635862112045288,0.19215363264083862,0.05019768327474594,0.1007244661450386,0.0809333473443985,0.04494369029998779,0.2603952884674072,0.013802998699247837,0.10831089317798615,0.008159499615430832,0.14037847518920898
37,ISR,Israel,2021,-8.057387351989746,-1.943143606185913,5.145874500274658,6,0.6414921283721924,0.4560447633266449,0.9020118117332458,0.43230345845222473,0.48677289485931396,0.47224462032318115,0.5356917977333069,0.4635862112045288,0.19215363264083862,0.05019768327474594,0.1007244661450386,0.0809333473443985,0.04494369029998779,0.2603952884674072,0.013802998699247837,0.10831089317798615,0.008159499615430832,0.14037847518920898
37,ISR,Israel,2022,-8.405094146728516,-2.0037195682525635,5.145874500274658,6,0.6414921283721924,0.4560447633266449,0.9020118117332458,0.43230345845222473,0.48677289485931396,0.47224462032318115,0.5356917977333069,0.4635862112045288,0.19215363264083862,0.05019768327474594,0.1007244661450386,0.0809333473443985,0.04494369029998779,0.2603952884674072,0.013802998699247837,0.10831089317798615,0.008159499615430832,0.14037847518920898
37,ISR,Israel,2023,-9.675131797790527,-2.0347626209259033,5.145874500274658,6,0.6414921283721924,0.4560447633266449,0.9020118117332458,0.43230345845222473,0.48677289485931396,0.47224462032318115,0.5356917977333069,0.4635862112045288,0.19215363264083862,0.05019768327474594,0.1007244661450386,0.0809333473443985,0.04494369029998779,0.2603952884674072,0.013802998699247837,0.10831089317798615,0.008159499615430832,0.14037847518920898
38,ITA,Italy,2018,-5.143430233001709,-0.7782153487205505,5.2195024490356445,6,0.23468120396137238,1.1316732168197632,0.07437334209680557,1.0727592706680298,0.34910762310028076,1.1718730926513672,0.28056269884109497,1.1503872871398926,0.20460756123065948,0.048825304955244064,0.09220574051141739,0.0689648911356926,0.0594249852001667,0.22867880761623383,0.014573129825294018,0.11291435360908508,0.007809839677065611,0.16199544072151184
38,ITA,Italy,2019,-5.74995231628418,-1.0510129928588867,5.2195024490356445,6,0.23468120396137238,1.1316732168197632,0.07437334209680557,1.0727592706680298,0.34910762310028076,1.1718730926513672,0.28056269884109497,1.1503872871398926,0.20460756123065948,0.048825304955244064,0.09220574051141739,0.0689648911356926,0.0594249852001667,0.22867880761623383,0.014573129825294018,0.11291435360908508,0.007809839677065611,0.16199544072151184
38,ITA,Italy,2020,-6.417283058166504,-1.382900357246399,5.2195024490356445,6,0.23468120396137238,1.1316732168197632,0.07437334209680557,1.0727592706680298,0.34910762310028076,1.1718730926513672,0.28056269884109497,1.1503872871398926,0.20460756123065948,0.048825304955244064,0.09220574051141739,0.0689648911356926,0.0594249852001667,0.22867880761623383,0.014573129825294018,0.11291435360908508,0.007809839677065611,0.16199544072151184
38,ITA,Italy,2021,-6.226283073425293,-1.6438734531402588,5.2195024490356445,6,0.23468120396137238,1.1316732168197632,0.07437334209680557,1.0727592706680298,0.34910762310028076,1.1718730926513672,0.28056269884109497,1.1503872871398926,0.20460756123065948,0.048825304955244064,0.09220574051141739,0.0689648911356926,0.0594249852001667,0.22867880761623383,0.014573129825294018,0.11291435360908508,0.007809839677065611,0.16199544072151184
38,ITA,Italy,2022,-4.716213703155518,-1.8131989240646362,5.2195024490356445,6,0.23468120396137238,1.1316732168197632,0.07437334209680557,1.0727592706680298,0.34910762310028076,1.1718730926513672,0.28056269884109497,1.1503872871398926,0.20460756123065948,0.048825304955244064,0.09220574051141739,0.0689648911356926,0.0594249852001667,0.22867880761623383,0.014573129825294018,0.11291435360908508,0.007809839677065611,0.16199544072151184
38,ITA,Italy,2023,-6.842550277709961,-1.9092793464660645,5.2195024490356445,6,0.23468120396137238,1.1316732168197632,0.07437334209680557,1.0727592706680298,0.34910762310028076,1.1718730926513672,0.28056269884109497,1.1503872871398926,0.20460756123065948,0.048825304955244064,0.09220574051141739,0.0689648911356926,0.0594249852001667,0.22867880761623383,0.014573129825294018,0.11291435360908508,0.007809839677065611,0.16199544072151184
39,JPN,Japan,2018,3.7277371883392334,1.1354128122329712,5.159841537475586,6,0.7284886837005615,0.5796592235565186,0.8470459580421448,0.5494826436042786,0.45311596989631653,0.6002501249313354,0.8853041529655457,0.5892447829246521,0.19461104273796082,0.04991523548960686,0.09914011508226395,0.07859507948160172,0.04733262211084366,0.25467896461486816,0.013922873884439468,0.10927955061197281,0.008079089224338531,0.14444541931152344
39,JPN,Japan,2019,3.204775810241699,1.1269115209579468,5.159841537475586,6,0.7284886837005615,0.5796592235565186,0.8470459580421448,0.5494826436042786,0.45311596989631653,0.6002501249313354,0.8853041529655457,0.5892447829246521,0.19461104273796082,0.04991523548960686,0.09914011508226395,0.07859507948160172,0.04733262211084366,0.25467896461486816,0.013922873884439468,0.10927955061197281,0.008079089224338531,0.14444541931152344
39,JPN,Japan,2020,3.1749613285064697,0.9472106099128723,5.159841537475586,6,0.7284886837005615,0.5796592235565186,0.8470459580421448,0.5494826436042786,0.45311596989631653,0.6002501249313354,0.8853041529655457,0.5892447829246521,0.19461104273796082,0.04991523548960686,0.09914011508226395,0.07859507948160172,0.04733262211084366,0.25467896461486816,0.013922873884439468,0.10927955061197281,0.008079089224338531,0.14444541931152344
39,JPN,Japan,2021,2.640718698501587,0.8166164755821228,5.159841537475586,6,0.7284886837005615,0.5796592235565186,0.8470459580421448,0.5494826436042786,0.45311596989631653,0.6002501249313354,0.8853041529655457,0.5892447829246521,0.19461104273796082,0.04991523548960686,0.09914011508226395,0.07859507948160172,0.04733262211084366,0.25467896461486816,0.013922873884439468,0.10927955061197281,0.008079089224338531,0.14444541931152344
39,JPN,Japan,2022,2.846599578857422,0.7516795992851257,5.159841537475586,6,0.7284886837005615,0.5796592235565186,0.8470459580421448,0.5494826436042786,0.45311596989631653,0.6002501249313354,0.8853041529655457,0.5892447829246521,0.19461104273796082,0.04991523548960686,0.09914011508226395,0.07859507948160172,0.04733262211084366,0.25467896461486816,0.013922873884439468,0.10927955061197281,0.008079089224338531,0.14444541931152344
39,JPN,Japan,2023,1.7527316808700562,0.6827998757362366,5.159841537475586,6,0.7284886837005615,0.5796592235565186,0.8470459580421448,0.5494826436042786,0.45311596989631653,0.6002501249313354,0.8853041529655457,0.5892447829246521,0.19461104273796082,0.04991523548960686,0.09914011508226395,0.07859507948160172,0.04733262211084366,0.25467896461486816,0.013922873884439468,0.10927955061197281,0.008079089224338531,0.14444541931152344
40,KAZ,Kazakhstan,2018,1.5828030109405518,-0.22680723667144775,4.976044178009033,6,-1.2722676992416382,-1.0421558618545532,-1.3743125200271606,-0.9879021048545837,-1.0817227363586426,-1.0791758298873901,-1.3607680797576904,-1.059389591217041,0.15972261130809784,0.05487804114818573,0.1196286752820015,0.11349169164896011,0.024471115320920944,0.3174760937690735,0.013171188533306122,0.09374016523361206,0.009823908098042011,0.09359656274318695
40,KAZ,Kazakhstan,2019,1.5101414918899536,0.61924147605896,4.976044178009033,6,-1.2722676992416382,-1.0421558618545532,-1.3743125200271606,-0.9879021048545837,-1.0817227363586426,-1.0791758298873901,-1.3607680797576904,-1.059389591217041,0.15972261130809784,0.05487804114818573,0.1196286752820015,0.11349169164896011,0.024471115320920944,0.3174760937690735,0.013171188533306122,0.09374016523361206,0.009823908098042011,0.09359656274318695
40,KAZ,Kazakhstan,2020,1.363572597503662,0.9059143662452698,4.976044178009033,6,-1.2722676992416382,-1.0421558618545532,-1.3743125200271606,-0.9879021048545837,-1.0817227363586426,-1.0791758298873901,-1.3607680797576904,-1.059389591217041,0.15972261130809784,0.05487804114818573,0.1196286752820015,0.11349169164896011,0.024471115320920944,0.3174760937690735,0.013171188533306122,0.09374016523361206,0.009823908098042011,0.09359656274318695
40,KAZ,Kazakhstan,2021,1.2543725967407227,1.0918424129486084,4.976044178009033,6,-1.2722676992416382,-1.0421558618545532,-1.3743125200271606,-0.9879021048545837,-1.0817227363586426,-1.0791758298873901,-1.3607680797576904,-1.059389591217041,0.15972261130809784,0.05487804114818573,0.1196286752820015,0.11349169164896011,0.024471115320920944,0.3174760937690735,0.013171188533306122,0.09374016523361206,0.009823908098042011,0.09359656274318695
40,KAZ,Kazakhstan,2022,1.1613658666610718,1.1906338930130005,4.976044178009033,6,-1.2722676992416382,-1.0421558618545532,-1.3743125200271606,-0.9879021048545837,-1.0817227363586426,-1.0791758298873901,-1.3607680797576904,-1.059389591217041,0.15972261130809784,0.05487804114818573,0.1196286752820015,0.11349169164896011,0.024471115320920944,0.3174760937690735,0.013171188533306122,0.09374016523361206,0.009823908098042011,0.09359656274318695
40,KAZ,Kazakhstan,2023,0.9807498455047607,1.2229498624801636,4.976044178009033,6,-1.2722676992416382,-1.0421558618545532,-1.3743125200271606,-0.9879021048545837,-1.0817227363586426,-1.0791758298873901,-1.3607680797576904,-1.059389591217041,0.15972261130809784,0.05487804114818573,0.1196286752820015,0.11349169164896011,0.024471115320920944,0.3174760937690735,0.013171188533306122,0.09374016523361206,0.009823908098042011,0.09359656274318695
41,KOR,South Korea,2018,3.200753688812256,-0.23689007759094238,5.194691181182861,6,0.34772443771362305,0.8959959149360657,0.4346860945224762,0.849351167678833,0.1522836983203888,0.9278240203857422,0.45620352029800415,0.9108127355575562,0.20055346190929413,0.049257341772317886,0.0951305627822876,0.07291137427091599,0.053978729993104935,0.2398131936788559,0.01427325326949358,0.11150643974542618,0.007907588966190815,0.15466803312301636
41,KOR,South Korea,2019,1.7671101093292236,0.35756897926330566,5.194691181182861,6,0.34772443771362305,0.8959959149360657,0.4346860945224762,0.849351167678833,0.1522836983203888,0.9278240203857422,0.45620352029800415,0.9108127355575562,0.20055346190929413,0.049257341772317886,0.0951305627822876,0.07291137427091599,0.053978729993104935,0.2398131936788559,0.01427325326949358,0.11150643974542618,0.007907588966190815,0.15466803312301636
41,KOR,South Korea,2020,-0.8152863383293152,0.47434374690055847,5.194691181182861,6,0.34772443771362305,0.8959959149360657,0.4346860945224762,0.849351167678833,0.1522836983203888,0.9278240203857422,0.45620352029800415,0.9108127355575562,0.20055346190929413,0.049257341772317886,0.0951305627822876,0.07291137427091599,0.053978729993104935,0.2398131936788559,0.01427325326949358,0.11150643974542618,0.007907588966190815,0.15466803312301636
41,KOR,South Korea,2021,-0.6951596140861511,0.439604252576828,5.194691181182861,6,0.34772443771362305,0.8959959149360657,0.4346860945224762,0.849351167678833,0.1522836983203888,0.9278240203857422,0.45620352029800415,0.9108127355575562,0.20055346190929413,0.049257341772317886,0.0951305627822876,0.07291137427091599,0.053978729993104935,0.2398131936788559,0.01427325326949358,0.11150643974542618,0.007907588966190815,0.15466803312301636
41,KOR,South Korea,2022,-2.0999202728271484,0.4038979709148407,5.194691181182861,6,0.34772443771362305,0.8959959149360657,0.4346860945224762,0.849351167678833,0.1522836983203888,0.9278240203857422,0.45620352029800415,0.9108127355575562,0.20055346190929413,0.049257341772317886,0.0951305627822876,0.07291137427091599,0.053978729993104935,0.2398131936788559,0.01427325326949358,0.11150643974542618,0.007907588966190815,0.15466803312301636
41,KOR,South Korea,2023,-2.8068954944610596,0.358658105134964,5.194691181182861,6,0.34772443771362305,0.8959959149360657,0.4346860945224762,0.849351167678833,0.1522836983203888,0.9278240203857422,0.45620352029800415,0.9108127355575562,0.20055346190929413,0.049257341772317886,0.0951305627822876,0.07291137427091599,0.053978729993104935,0.2398131936788559,0.01427325326949358,0.11150643974542618,0.007907588966190815,0.15466803312301636
42,KWT,Kuwait,2018,-6.3546881675720215,-0.02656421810388565,5.1476006507873535,6,-0.23261572420597076,0.47125133872032166,-0.458217591047287,0.44671839475631714,-0.3800378143787384,0.4879913628101349,0.1404082179069519,0.47904425859451294,0.1924595683813095,0.050162166357040405,0.10052920877933502,0.08064223825931549,0.045231278985738754,0.25969624519348145,0.01381721906363964,0.10843290388584137,0.00814918614923954,0.14088000357151031
42,KWT,Kuwait,2019,-7.2538886070251465,-0.37198707461357117,5.1476006507873535,6,-0.23261572420597076,0.47125133872032166,-0.458217591047287,0.44671839475631714,-0.3800378143787384,0.4879913628101349,0.1404082179069519,0.47904425859451294,0.1924595683813095,0.050162166357040405,0.10052920877933502,0.08064223825931549,0.045231278985738754,0.25969624519348145,0.01381721906363964,0.10843290388584137,0.00814918614923954,0.14088000357151031
42,KWT,Kuwait,2020,-6.158499240875244,-0.7051935791969299,5.1476006507873535,6,-0.23261572420597076,0.47125133872032166,-0.458217591047287,0.44671839475631714,-0.3800378143787384,0.4879913628101349,0.1404082179069519,0.47904425859451294,0.1924595683813095,0.050162166357040405,0.10052920877933502,0.08064223825931549,0.045231278985738754,0.25969624519348145,0.01381721906363964,0.10843290388584137,0.00814918614923954,0.14088000357151031
42,KWT,Kuwait,2021,-7.0740485191345215,-0.992504358291626,5.1476006507873535,6,-0.23261572420597076,0.47125133872032166,-0.458217591047287,0.44671839475631714,-0.3800378143787384,0.4879913628101349,0.1404082179069519,0.47904425859451294,0.1924595683813095,0.050162166357040405,0.10052920877933502,0.08064223825931549,0.045231278985738754,0.25969624519348145,0.01381721906363964,0.10843290388584137,0.00814918614923954,0.14088000357151031
42,KWT,Kuwait,2022,-27.902793884277344,-1.216478943824768,5.1476006507873535,6,-0.23261572420597076,0.47125133872032166,-0.458217591047287,0.44671839475631714,-0.3800378143787384,0.4879913628101349,0.1404082179069519,0.47904425859451294,0.1924595683813095,0.050162166357040405,0.10052920877933502,0.08064223825931549,0.045231278985738754,0.25969624519348145,0.01381721906363964,0.10843290388584137,0.00814918614923954,0.14088000357151031
42,KWT,Kuwait,2023,-27.870094299316406,-1.3839236497879028,5.1476006507873535,6,-0.23261572420597076,0.47125133872032166,-0.458217591047287,0.44671839475631714,-0.3800378143787384,0.4879913628101349,0.1404082179069519,0.47904425859451294,0.1924595683813095,0.050162166357040405,0.10052920877933502,0.08064223825931549,0.045231278985738754,0.25969624519348145,0.01381721906363964,0.10843290388584137,0.00814918614923954,0.14088000357151031
43,LKA,Sri Lanka,2018,2.3601856231689453,-0.5185204744338989,5.05851936340332,6,-0.550111711025238,-0.30353012681007385,-0.720518171787262,-0.28772857785224915,-0.5627866387367249,-0.31431227922439575,-0.36703041195869446,-0.3085494637489319,0.17594803869724274,0.052269358187913895,0.1104855015873909,0.09660778939723969,0.03273728862404823,0.29289737343788147,0.01328953169286251,0.1013837456703186,0.00883572269231081,0.11554563790559769
43,LKA,Sri Lanka,2019,4.711722373962402,0.1672784984111786,5.05851936340332,6,-0.550111711025238,-0.30353012681007385,-0.720518171787262,-0.28772857785224915,-0.5627866387367249,-0.31431227922439575,-0.36703041195869446,-0.3085494637489319,0.17594803869724274,0.052269358187913895,0.1104855015873909,0.09660778939723969,0.03273728862404823,0.29289737343788147,0.01328953169286251,0.1013837456703186,0.00883572269231081,0.11554563790559769
43,LKA,Sri Lanka,2020,4.523720741271973,0.01808982342481613,5.05851936340332,6,-0.550111711025238,-0.30353012681007385,-0.720518171787262,-0.28772857785224915,-0.5627866387367249,-0.31431227922439575,-0.36703041195869446,-0.3085494637489319,0.17594803869724274,0.052269358187913895,0.1104855015873909,0.09660778939723969,0.03273728862404823,0.29289737343788147,0.01328953169286251,0.1013837456703186,0.00883572269231081,0.11554563790559769
43,LKA,Sri Lanka,2021,1.3256715536117554,0.1348896622657776,5.05851936340332,6,-0.550111711025238,-0.30353012681007385,-0.720518171787262,-0.28772857785224915,-0.5627866387367249,-0.31431227922439575,-0.36703041195869446,-0.3085494637489319,0.17594803869724274,0.052269358187913895,0.1104855015873909,0.09660778939723969,0.03273728862404823,0.29289737343788147,0.01328953169286251,0.1013837456703186,0.00883572269231081,0.11554563790559769
43,LKA,Sri Lanka,2022,4.413687705993652,-0.08764276653528214,5.05851936340332,6,-0.550111711025238,-0.30353012681007385,-0.720518171787262,-0.28772857785224915,-0.5627866387367249,-0.31431227922439575,-0.36703041195869446,-0.3085494637489319,0.17594803869724274,0.052269358187913895,0.1104855015873909,0.09660778939723969,0.03273728862404823,0.29289737343788147,0.01328953169286251,0.1013837456703186,0.00883572269231081,0.11554563790559769
43,LKA,Sri Lanka,2023,4.413687705993652,-0.021516568958759308,5.05851936340332,6,-0.550111711025238,-0.30353012681007385,-0.720518171787262,-0.28772857785224915,-0.5627866387367249,-0.31431227922439575,-0.36703041195869446,-0.3085494637489319,0.17594803869724274,0.052269358187913895,0.1104855015873909,0.09660778939723969,0.03273728862404823,0.29289737343788147,0.01328953169286251,0.1013837456703186,0.00883572269231081,0.11554563790559769
44,LTU,Lithuania,2018,0.5927717685699463,0.5328525304794312,5.209558010101318,6,0.11791292577981949,1.0358842611312866,-0.0774189680814743,0.981956958770752,0.3881412148475647,1.0726814270019531,0.043016545474529266,1.0530142784118652,0.20300111174583435,0.048995133489370346,0.09338679909706116,0.07053884863853455,0.05716096609830856,0.2331998199224472,0.014447391033172607,0.11236888915300369,0.007846612483263016,0.1590544432401657
44,LTU,Lithuania,2019,0.5042790174484253,0.6007868051528931,5.209558010101318,6,0.11791292577981949,1.0358842611312866,-0.0774189680814743,0.981956958770752,0.3881412148475647,1.0726814270019531,0.043016545474529266,1.0530142784118652,0.20300111174583435,0.048995133489370346,0.09338679909706116,0.07053884863853455,0.05716096609830856,0.2331998199224472,0.014447391033172607,0.11236888915300369,0.007846612483263016,0.1590544432401657
44,LTU,Lithuania,2020,1.2348809242248535,0.5717938542366028,5.209558010101318,6,0.11791292577981949,1.0358842611312866,-0.0774189680814743,0.981956958770752,0.3881412148475647,1.0726814270019531,0.043016545474529266,1.0530142784118652,0.20300111174583435,0.048995133489370346,0.09338679909706116,0.07053884863853455,0.05716096609830856,0.2331998199224472,0.014447391033172607,0.11236888915300369,0.007846612483263016,0.1590544432401657
44,LTU,Lithuania,2021,1.103811502456665,0.5813940167427063,5.209558010101318,6,0.11791292577981949,1.0358842611312866,-0.0774189680814743,0.981956958770752,0.3881412148475647,1.0726814270019531,0.043016545474529266,1.0530142784118652,0.20300111174583435,0.048995133489370346,0.09338679909706116,0.07053884863853455,0.05716096609830856,0.2331998199224472,0.014447391033172607,0.11236888915300369,0.007846612483263016,0.1590544432401657
44,LTU,Lithuania,2022,0.6238992810249329,0.6011596322059631,5.209558010101318,6,0.11791292577981949,1.0358842611312866,-0.0774189680814743,0.981956958770752,0.3881412148475647,1.0726814270019531,0.043016545474529266,1.0530142784118652,0.20300111174583435,0.048995133489370346,0.09338679909706116,0.07053884863853455,0.05716096609830856,0.2331998199224472,0.014447391033172607,0.11236888915300369,0.007846612483263016,0.1590544432401657
44,LTU,Lithuania,2023,-0.08893253654241562,0.6091614365577698,5.209558010101318,6,0.11791292577981949,1.0358842611312866,-0.0774189680814743,0.981956958770752,0.3881412148475647,1.0726814270019531,0.043016545474529266,1.0530142784118652,0.20300111174583435,0.048995133489370346,0.09338679909706116,0.07053884863853455,0.05716096609830856,0.2331998199224472,0.014447391033172607,0.11236888915300369,0.007846612483263016,0.1590544432401657
45,LUX,Luxembourg,2018,-2.6616039276123047,-0.20491750538349152,5.123222351074219,6,1.3627294301986694,0.2578907907009125,1.4299343824386597,0.2444652020931244,1.3163741827011108,0.26705169677734375,1.3418793678283691,0.2621554136276245,0.18808287382125854,0.05068134516477585,0.10327492654323578,0.08481355756521225,0.04135582223534584,0.26937252283096313,0.013631565496325493,0.10665303468704224,0.008304993622004986,0.13382937014102936
45,LUX,Luxembourg,2019,-3.0985145568847656,-0.35118502378463745,5.123222351074219,6,1.3627294301986694,0.2578907907009125,1.4299343824386597,0.2444652020931244,1.3163741827011108,0.26705169677734375,1.3418793678283691,0.2621554136276245,0.18808287382125854,0.05068134516477585,0.10327492654323578,0.08481355756521225,0.04135582223534584,0.26937252283096313,0.013631565496325493,0.10665303468704224,0.008304993622004986,0.13382937014102936
45,LUX,Luxembourg,2020,-3.1957318782806396,-0.4130193293094635,5.123222351074219,6,1.3627294301986694,0.2578907907009125,1.4299343824386597,0.2444652020931244,1.3163741827011108,0.26705169677734375,1.3418793678283691,0.2621554136276245,0.18808287382125854,0.05068134516477585,0.10327492654323578,0.08481355756521225,0.04135582223534584,0.26937252283096313,0.013631565496325493,0.10665303468704224,0.008304993622004986,0.13382937014102936
45,LUX,Luxembourg,2021,-3.2258713245391846,-0.4365977346897125,5.123222351074219,6,1.3627294301986694,0.2578907907009125,1.4299343824386597,0.2444652020931244,1.3163741827011108,0.26705169677734375,1.3418793678283691,0.2621554136276245,0.18808287382125854,0.05068134516477585,0.10327492654323578,0.08481355756521225,0.04135582223534584,0.26937252283096313,0.013631565496325493,0.10665303468704224,0.008304993622004986,0.13382937014102936
45,LUX,Luxembourg,2022,-3.72668719291687,-0.4409913122653961,5.123222351074219,6,1.3627294301986694,0.2578907907009125,1.4299343824386597,0.2444652020931244,1.3163741827011108,0.26705169677734375,1.3418793678283691,0.2621554136276245,0.18808287382125854,0.05068134516477585,0.10327492654323578,0.08481355756521225,0.04135582223534584,0.26937252283096313,0.013631565496325493,0.10665303468704224,0.008304993622004986,0.13382937014102936
45,LUX,Luxembourg,2023,-4.158839225769043,-0.4407043755054474,5.123222351074219,6,1.3627294301986694,0.2578907907009125,1.4299343824386597,0.2444652020931244,1.3163741827011108,0.26705169677734375,1.3418793678283691,0.2621554136276245,0.18808287382125854,0.05068134516477585,0.10327492654323578,0.08481355756521225,0.04135582223534584,0.26937252283096313,0.013631565496325493,0.10665303468704224,0.008304993622004986,0.13382937014102936
46,LVA,Latvia,2018,2.136277437210083,-0.47465214133262634,5.20607852935791,6,0.05672547221183777,1.0028115510940552,-0.19147229194641113,0.9506060481071472,0.368137001991272,1.0384339094161987,-0.006488294806331396,1.0193947553634644,0.20243315398693085,0.049055591225624084,0.09379712492227554,0.07109186798334122,0.056395262479782104,0.23476292192935944,0.01440519466996193,0.11217197775840759,0.007860241457819939,0.15802669525146484
46,LVA,Latvia,2019,2.451484441757202,-0.0008126571774482727,5.20607852935791,6,0.05672547221183777,1.0028115510940552,-0.19147229194641113,0.9506060481071472,0.368137001991272,1.0384339094161987,-0.006488294806331396,1.0193947553634644,0.20243315398693085,0.049055591225624084,0.09379712492227554,0.07109186798334122,0.056395262479782104,0.23476292192935944,0.01440519466996193,0.11217197775840759,0.007860241457819939,0.15802669525146484
46,LVA,Latvia,2020,0.5582294464111328,0.21492663025856018,5.20607852935791,6,0.05672547221183777,1.0028115510940552,-0.19147229194641113,0.9506060481071472,0.368137001991272,1.0384339094161987,-0.006488294806331396,1.0193947553634644,0.20243315398693085,0.049055591225624084,0.09379712492227554,0.07109186798334122,0.056395262479782104,0.23476292192935944,0.01440519466996193,0.11217197775840759,0.007860241457819939,0.15802669525146484
46,LVA,Latvia,2021,0.538101315498352,0.2367163896560669,5.20607852935791,6,0.05672547221183777,1.0028115510940552,-0.19147229194641113,0.9506060481071472,0.368137001991272,1.0384339094161987,-0.006488294806331396,1.0193947553634644,0.20243315398693085,0.049055591225624084,0.09379712492227554,0.07109186798334122,0.056395262479782104,0.23476292192935944,0.01440519466996193,0.11217197775840759,0.007860241457819939,0.15802669525146484
46,LVA,Latvia,2022,-1.1075773239135742,0.21285408735275269,5.20607852935791,6,0.05672547221183777,1.0028115510940552,-0.19147229194641113,0.9506060481071472,0.368137001991272,1.0384339094161987,-0.006488294806331396,1.0193947553634644,0.20243315398693085,0.049055591225624084,0.09379712492227554,0.07109186798334122,0.056395262479782104,0.23476292192935944,0.01440519466996193,0.11217197775840759,0.007860241457819939,0.15802669525146484
46,LVA,Latvia,2023,-1.7468478679656982,0.11576489359140396,5.20607852935791,6,0.05672547221183777,1.0028115510940552,-0.19147229194641113,0.9506060481071472,0.368137001991272,1.0384339094161987,-0.006488294806331396,1.0193947553634644,0.20243315398693085,0.049055591225624084,0.09379712492227554,0.07109186798334122,0.056395262479782104,0.23476292192935944,0.01440519466996193,0.11217197775840759,0.007860241457819939,0.15802669525146484
47,MAR,Morocco,2018,-2.0527760982513428,-0.8068448901176453,5.036340713500977,6,-0.5677001476287842,-0.49794164299964905,-0.5921026468276978,-0.472019225358963,-0.603592574596405,-0.5156298279762268,-0.5074053406715393,-0.5061759352684021,0.1716468781232834,0.05289768427610397,0.1129457950592041,0.1009289026260376,0.030249422416090965,0.30016326904296875,0.013221776112914085,0.09941715002059937,0.009062813594937325,0.10946635901927948
47,MAR,Morocco,2019,-1.840488076210022,-0.3743135333061218,5.036340713500977,6,-0.5677001476287842,-0.49794164299964905,-0.5921026468276978,-0.472019225358963,-0.603592574596405,-0.5156298279762268,-0.5074053406715393,-0.5061759352684021,0.1716468781232834,0.05289768427610397,0.1129457950592041,0.1009289026260376,0.030249422416090965,0.30016326904296875,0.013221776112914085,0.09941715002059937,0.009062813594937325,0.10946635901927948
47,MAR,Morocco,2020,-1.5523828268051147,-0.586440920829773,5.036340713500977,6,-0.5677001476287842,-0.49794164299964905,-0.5921026468276978,-0.472019225358963,-0.603592574596405,-0.5156298279762268,-0.5074053406715393,-0.5061759352684021,0.1716468781232834,0.05289768427610397,0.1129457950592041,0.1009289026260376,0.030249422416090965,0.30016326904296875,0.013221776112914085,0.09941715002059937,0.009062813594937325,0.10946635901927948
47,MAR,Morocco,2021,-1.670159101486206,-0.857045590877533,5.036340713500977,6,-0.5677001476287842,-0.49794164299964905,-0.5921026468276978,-0.472019225358963,-0.603592574596405,-0.5156298279762268,-0.5074053406715393,-0.5061759352684021,0.1716468781232834,0.05289768427610397,0.1129457950592041,0.1009289026260376,0.030249422416090965,0.30016326904296875,0.013221776112914085,0.09941715002059937,0.009062813594937325,0.10946635901927948
47,MAR,Morocco,2022,-1.1988462209701538,-1.1365078687667847,5.036340713500977,6,-0.5677001476287842,-0.49794164299964905,-0.5921026468276978,-0.472019225358963,-0.603592574596405,-0.5156298279762268,-0.5074053406715393,-0.5061759352684021,0.1716468781232834,0.05289768427610397,0.1129457950592041,0.1009289026260376,0.030249422416090965,0.30016326904296875,0.013221776112914085,0.09941715002059937,0.009062813594937325,0.10946635901927948
47,MAR,Morocco,2023,-2.160374164581299,-1.2254276275634766,5.036340713500977,6,-0.5677001476287842,-0.49794164299964905,-0.5921026468276978,-0.472019225358963,-0.603592574596405,-0.5156298279762268,-0.5074053406715393,-0.5061759352684021,0.1716468781232834,0.05289768427610397,0.1129457950592041,0.1009289026260376,0.030249422416090965,0.30016326904296875,0.013221776112914085,0.09941715002059937,0.009062813594937325,0.10946635901927948
48,MEX,Mexico,2018,-1.2096426486968994,0.05642198771238327,5.043735027313232,6,-0.4911726713180542,-0.43288370966911316,-0.5113726854324341,-0.410348117351532,-0.13761571049690247,-0.4482608139514923,-0.8245296478271484,-0.440042108297348,0.17308741807937622,0.052682824432849884,0.11212582141160965,0.09947118908166885,0.03105532005429268,0.2977902293205261,0.013241522014141083,0.10008096694946289,0.00898425281047821,0.11148049682378769
48,MEX,Mexico,2019,-1.0846872329711914,0.37792059779167175,5.043735027313232,6,-0.4911726713180542,-0.43288370966911316,-0.5113726854324341,-0.410348117351532,-0.13761571049690247,-0.4482608139514923,-0.8245296478271484,-0.440042108297348,0.17308741807937622,0.052682824432849884,0.11212582141160965,0.09947118908166885,0.03105532005429268,0.2977902293205261,0.013241522014141083,0.10008096694946289,0.00898425281047821,0.11148049682378769
48,MEX,Mexico,2020,-3.962113618850708,0.7003499865531921,5.043735027313232,6,-0.4911726713180542,-0.43288370966911316,-0.5113726854324341,-0.410348117351532,-0.13761571049690247,-0.4482608139514923,-0.8245296478271484,-0.440042108297348,0.17308741807937622,0.052682824432849884,0.11212582141160965,0.09947118908166885,0.03105532005429268,0.2977902293205261,0.013241522014141083,0.10008096694946289,0.00898425281047821,0.11148049682378769
48,MEX,Mexico,2021,-5.881318092346191,0.5314709544181824,5.043735027313232,6,-0.4911726713180542,-0.43288370966911316,-0.5113726854324341,-0.410348117351532,-0.13761571049690247,-0.4482608139514923,-0.8245296478271484,-0.440042108297348,0.17308741807937622,0.052682824432849884,0.11212582141160965,0.09947118908166885,0.03105532005429268,0.2977902293205261,0.013241522014141083,0.10008096694946289,0.00898425281047821,0.11148049682378769
48,MEX,Mexico,2022,-5.320054531097412,0.45229753851890564,5.043735027313232,6,-0.4911726713180542,-0.43288370966911316,-0.5113726854324341,-0.410348117351532,-0.13761571049690247,-0.4482608139514923,-0.8245296478271484,-0.440042108297348,0.17308741807937622,0.052682824432849884,0.11212582141160965,0.09947118908166885,0.03105532005429268,0.2977902293205261,0.013241522014141083,0.10008096694946289,0.00898425281047821,0.11148049682378769
48,MEX,Mexico,2023,-3.6169328689575195,0.340318888425827,5.043735027313232,6,-0.4911726713180542,-0.43288370966911316,-0.5113726854324341,-0.410348117351532,-0.13761571049690247,-0.4482608139514923,-0.8245296478271484,-0.440042108297348,0.17308741807937622,0.052682824432849884,0.11212582141160965,0.09947118908166885,0.03105532005429268,0.2977902293205261,0.013241522014141083,0.10008096694946289,0.00898425281047821,0.11148049682378769
49,MKD,North Macedonia,2018,-4.225182056427002,-0.9342556595802307,5.005098342895508,6,-0.8401430249214172,-0.7763910293579102,-0.9831662178039551,-0.7359728217124939,-0.6911687254905701,-0.803970456123352,-0.8460942506790161,-0.7892299890518188,0.16550053656101227,0.05387003719806671,0.11640891432762146,0.10728427767753601,0.027087174355983734,0.30960825085639954,0.013170438818633556,0.09652993828058243,0.009428808465600014,0.10111168771982193
49,MKD,North Macedonia,2019,-2.3085620403289795,-0.426768034696579,5.005098342895508,6,-0.8401430249214172,-0.7763910293579102,-0.9831662178039551,-0.7359728217124939,-0.6911687254905701,-0.803970456123352,-0.8460942506790161,-0.7892299890518188,0.16550053656101227,0.05387003719806671,0.11640891432762146,0.10728427767753601,0.027087174355983734,0.30960825085639954,0.013170438818633556,0.09652993828058243,0.009428808465600014,0.10111168771982193
49,MKD,North Macedonia,2020,-3.7089016437530518,-0.3734484016895294,5.005098342895508,6,-0.8401430249214172,-0.7763910293579102,-0.9831662178039551,-0.7359728217124939,-0.6911687254905701,-0.803970456123352,-0.8460942506790161,-0.7892299890518188,0.16550053656101227,0.05387003719806671,0.11640891432762146,0.10728427767753601,0.027087174355983734,0.30960825085639954,0.013170438818633556,0.09652993828058243,0.009428808465600014,0.10111168771982193
49,MKD,North Macedonia,2021,-4.82833194732666,-0.5968814492225647,5.005098342895508,6,-0.8401430249214172,-0.7763910293579102,-0.9831662178039551,-0.7359728217124939,-0.6911687254905701,-0.803970456123352,-0.8460942506790161,-0.7892299890518188,0.16550053656101227,0.05387003719806671,0.11640891432762146,0.10728427767753601,0.027087174355983734,0.30960825085639954,0.013170438818633556,0.09652993828058243,0.009428808465600014,0.10111168771982193
49,MKD,North Macedonia,2022,-3.69097900390625,-0.7607801556587219,5.005098342895508,6,-0.8401430249214172,-0.7763910293579102,-0.9831662178039551,-0.7359728217124939,-0.6911687254905701,-0.803970456123352,-0.8460942506790161,-0.7892299890518188,0.16550053656101227,0.05387003719806671,0.11640891432762146,0.10728427767753601,0.027087174355983734,0.30960825085639954,0.013170438818633556,0.09652993828058243,0.009428808465600014,0.10111168771982193
49,MKD,North Macedonia,2023,-4.7387189865112305,-0.7701535820960999,5.005098342895508,6,-0.8401430249214172,-0.7763910293579102,-0.9831662178039551,-0.7359728217124939,-0.6911687254905701,-0.803970456123352,-0.8460942506790161,-0.7892299890518188,0.16550053656101227,0.05387003719806671,0.11640891432762146,0.10728427767753601,0.027087174355983734,0.30960825085639954,0.013170438818633556,0.09652993828058243,0.009428808465600014,0.10111168771982193
50,MYS,Malaysia,2018,0.02772342786192894,0.9429692625999451,5.162971496582031,6,0.11615476757287979,0.6075576543807983,0.3967877924442291,0.5759286880493164,0.08836042881011963,0.6291396021842957,-0.1366838961839676,0.6176046133041382,0.19515593349933624,0.04985348880290985,0.09878360480070114,0.07807636260986328,0.04788796231150627,0.2533792555332184,0.013951278291642666,0.109490767121315,0.008062011562287807,0.14535938203334808
50,MYS,Malaysia,2019,-0.08382336795330048,0.9325464367866516,5.162971496582031,6,0.11615476757287979,0.6075576543807983,0.3967877924442291,0.5759286880493164,0.08836042881011963,0.6291396021842957,-0.1366838961839676,0.6176046133041382,0.19515593349933624,0.04985348880290985,0.09878360480070114,0.07807636260986328,0.04788796231150627,0.2533792555332184,0.013951278291642666,0.109490767121315,0.008062011562287807,0.14535938203334808
50,MYS,Malaysia,2020,0.11602042615413666,0.7171460390090942,5.162971496582031,6,0.11615476757287979,0.6075576543807983,0.3967877924442291,0.5759286880493164,0.08836042881011963,0.6291396021842957,-0.1366838961839676,0.6176046133041382,0.19515593349933624,0.04985348880290985,0.09878360480070114,0.07807636260986328,0.04788796231150627,0.2533792555332184,0.013951278291642666,0.109490767121315,0.008062011562287807,0.14535938203334808
50,MYS,Malaysia,2021,-0.4654858112335205,0.5482484102249146,5.162971496582031,6,0.11615476757287979,0.6075576543807983,0.3967877924442291,0.5759286880493164,0.08836042881011963,0.6291396021842957,-0.1366838961839676,0.6176046133041382,0.19515593349933624,0.04985348880290985,0.09878360480070114,0.07807636260986328,0.04788796231150627,0.2533792555332184,0.013951278291642666,0.109490767121315,0.008062011562287807,0.14535938203334808
50,MYS,Malaysia,2022,-0.6587987542152405,0.3564099073410034,5.162971496582031,6,0.11615476757287979,0.6075576543807983,0.3967877924442291,0.5759286880493164,0.08836042881011963,0.6291396021842957,-0.1366838961839676,0.6176046133041382,0.19515593349933624,0.04985348880290985,0.09878360480070114,0.07807636260986328,0.04788796231150627,0.2533792555332184,0.013951278291642666,0.109490767121315,0.008062011562287807,0.14535938203334808
50,MYS,Malaysia,2023,-0.5584850311279297,0.20231249928474426,5.162971496582031,6,0.11615476757287979,0.6075576543807983,0.3967877924442291,0.5759286880493164,0.08836042881011963,0.6291396021842957,-0.1366838961839676,0.6176046133041382,0.19515593349933624,0.04985348880290985,0.09878360480070114,0.07807636260986328,0.04788796231150627,0.2533792555332184,0.013951278291642666,0.109490767121315,0.008062011562287807,0.14535938203334808
51,NLD,Netherlands,2018,-2.012981653213501,-1.1544474363327026,5.12285041809082,6,1.3984497785568237,0.254653662443161,1.432983160018921,0.24139660596847534,1.4087532758712769,0.26369959115982056,1.3536127805709839,0.25886476039886475,0.1880151778459549,0.05068955942988396,0.10331664234399796,0.08487823605537415,0.041299641132354736,0.26951688528060913,0.013628976419568062,0.10662494599819183,0.008307542651891708,0.13372236490249634
51,NLD,Netherlands,2019,-4.107210636138916,-1.1386154890060425,5.12285041809082,6,1.3984497785568237,0.254653662443161,1.432983160018921,0.24139660596847534,1.4087532758712769,0.26369959115982056,1.3536127805709839,0.25886476039886475,0.1880151778459549,0.05068955942988396,0.10331664234399796,0.08487823605537415,0.041299641132354736,0.26951688528060913,0.013628976419568062,0.10662494599819183,0.008307542651891708,0.13372236490249634
51,NLD,Netherlands,2020,-6.567773342132568,-1.2155604362487793,5.12285041809082,6,1.3984497785568237,0.254653662443161,1.432983160018921,0.24139660596847534,1.4087532758712769,0.26369959115982056,1.3536127805709839,0.25886476039886475,0.1880151778459549,0.05068955942988396,0.10331664234399796,0.08487823605537415,0.041299641132354736,0.26951688528060913,0.013628976419568062,0.10662494599819183,0.008307542651891708,0.13372236490249634
51,NLD,Netherlands,2021,-6.225274562835693,-1.3122807741165161,5.12285041809082,6,1.3984497785568237,0.254653662443161,1.432983160018921,0.24139660596847534,1.4087532758712769,0.26369959115982056,1.3536127805709839,0.25886476039886475,0.1880151778459549,0.05068955942988396,0.10331664234399796,0.08487823605537415,0.041299641132354736,0.26951688528060913,0.013628976419568062,0.10662494599819183,0.008307542651891708,0.13372236490249634
51,NLD,Netherlands,2022,-7.184930801391602,-1.3703664541244507,5.12285041809082,6,1.3984497785568237,0.254653662443161,1.432983160018921,0.24139660596847534,1.4087532758712769,0.26369959115982056,1.3536127805709839,0.25886476039886475,0.1880151778459549,0.05068955942988396,0.10331664234399796,0.08487823605537415,0.041299641132354736,0.26951688528060913,0.013628976419568062,0.10662494599819183,0.008307542651891708,0.13372236490249634
51,NLD,Netherlands,2023,-9.322796821594238,-1.4224880933761597,5.12285041809082,6,1.3984497785568237,0.254653662443161,1.432983160018921,0.24139660596847534,1.4087532758712769,0.26369959115982056,1.3536127805709839,0.25886476039886475,0.1880151778459549,0.05068955942988396,0.10331664234399796,0.08487823605537415,0.041299641132354736,0.26951688528060913,0.013628976419568062,0.10662494599819183,0.008307542651891708,0.13372236490249634
52,NOR,Norway,2018,0.684697687625885,0.34654295444488525,5.131741523742676,6,1.3073252439498901,0.3321552276611328,1.3803420066833496,0.31486350297927856,1.0274958610534668,0.3439542055130005,1.5141379833221436,0.337647944688797,0.18962590396404266,0.05049555376172066,0.10231804102659225,0.08334069699048996,0.04266592487692833,0.26603901386260986,0.013692784123122692,0.10728883743286133,0.008248020894825459,0.1362851858139038
52,NOR,Norway,2019,0.7579119205474854,0.7737037539482117,5.131741523742676,6,1.3073252439498901,0.3321552276611328,1.3803420066833496,0.31486350297927856,1.0274958610534668,0.3439542055130005,1.5141379833221436,0.337647944688797,0.18962590396404266,0.05049555376172066,0.10231804102659225,0.08334069699048996,0.04266592487692833,0.26603901386260986,0.013692784123122692,0.10728883743286133,0.008248020894825459,0.1362851858139038
52,NOR,Norway,2020,0.16256453096866608,0.9110581278800964,5.131741523742676,6,1.3073252439498901,0.3321552276611328,1.3803420066833496,0.31486350297927856,1.0274958610534668,0.3439542055130005,1.5141379833221436,0.337647944688797,0.18962590396404266,0.05049555376172066,0.10231804102659225,0.08334069699048996,0.04266592487692833,0.26603901386260986,0.013692784123122692,0.10728883743286133,0.008248020894825459,0.1362851858139038
52,NOR,Norway,2021,-0.5059971213340759,0.9413525462150574,5.131741523742676,6,1.3073252439498901,0.3321552276611328,1.3803420066833496,0.31486350297927856,1.0274958610534668,0.3439542055130005,1.5141379833221436,0.337647944688797,0.18962590396404266,0.05049555376172066,0.10231804102659225,0.08334069699048996,0.04266592487692833,0.26603901386260986,0.013692784123122692,0.10728883743286133,0.008248020894825459,0.1362851858139038
52,NOR,Norway,2022,0.01806272566318512,0.8581271767616272,5.131741523742676,6,1.3073252439498901,0.3321552276611328,1.3803420066833496,0.31486350297927856,1.0274958610534668,0.3439542055130005,1.5141379833221436,0.337647944688797,0.18962590396404266,0.05049555376172066,0.10231804102659225,0.08334069699048996,0.04266592487692833,0.26603901386260986,0.013692784123122692,0.10728883743286133,0.008248020894825459,0.1362851858139038
52,NOR,Norway,2023,0.1799047440290451,0.9483916163444519,5.131741523742676,6,1.3073252439498901,0.3321552276611328,1.3803420066833496,0.31486350297927856,1.0274958610534668,0.3439542055130005,1.5141379833221436,0.337647944688797,0.18962590396404266,0.05049555376172066,0.10231804102659225,0.08334069699048996,0.04266592487692833,0.26603901386260986,0.013692784123122692,0.10728883743286133,0.008248020894825459,0.1362851858139038
53,NZL,New Zealand,2018,-2.981884479522705,0.8411493897438049,5.1263837814331055,6,1.3908849954605103,0.2854139506816864,1.414912223815918,0.2705555558204651,1.3223596811294556,0.2955525815486908,1.4353830814361572,0.2901337742805481,0.1886570006608963,0.050611842423677444,0.10292021185159683,0.08426512777805328,0.041836559772491455,0.26814183592796326,0.013653827831149101,0.10689061135053635,0.008283533155918121,0.1347394436597824
53,NZL,New Zealand,2019,-2.6216039657592773,0.2615070641040802,5.1263837814331055,6,1.3908849954605103,0.2854139506816864,1.414912223815918,0.2705555558204651,1.3223596811294556,0.2955525815486908,1.4353830814361572,0.2901337742805481,0.1886570006608963,0.050611842423677444,0.10292021185159683,0.08426512777805328,0.041836559772491455,0.26814183592796326,0.013653827831149101,0.10689061135053635,0.008283533155918121,0.1347394436597824
53,NZL,New Zealand,2020,-2.319328546524048,-0.10818327218294144,5.1263837814331055,6,1.3908849954605103,0.2854139506816864,1.414912223815918,0.2705555558204651,1.3223596811294556,0.2955525815486908,1.4353830814361572,0.2901337742805481,0.1886570006608963,0.050611842423677444,0.10292021185159683,0.08426512777805328,0.041836559772491455,0.26814183592796326,0.013653827831149101,0.10689061135053635,0.008283533155918121,0.1347394436597824
53,NZL,New Zealand,2021,-2.2188103199005127,-0.6039511561393738,5.1263837814331055,6,1.3908849954605103,0.2854139506816864,1.414912223815918,0.2705555558204651,1.3223596811294556,0.2955525815486908,1.4353830814361572,0.2901337742805481,0.1886570006608963,0.050611842423677444,0.10292021185159683,0.08426512777805328,0.041836559772491455,0.26814183592796326,0.013653827831149101,0.10689061135053635,0.008283533155918121,0.1347394436597824
53,NZL,New Zealand,2022,-3.390082359313965,-0.8581055402755737,5.1263837814331055,6,1.3908849954605103,0.2854139506816864,1.414912223815918,0.2705555558204651,1.3223596811294556,0.2955525815486908,1.4353830814361572,0.2901337742805481,0.1886570006608963,0.050611842423677444,0.10292021185159683,0.08426512777805328,0.041836559772491455,0.26814183592796326,0.013653827831149101,0.10689061135053635,0.008283533155918121,0.1347394436597824
53,NZL,New Zealand,2023,-3.6847918033599854,-1.0201352834701538,5.1263837814331055,6,1.3908849954605103,0.2854139506816864,1.414912223815918,0.2705555558204651,1.3223596811294556,0.2955525815486908,1.4353830814361572,0.2901337742805481,0.1886570006608963,0.050611842423677444,0.10292021185159683,0.08426512777805328,0.041836559772491455,0.26814183592796326,0.013653827831149101,0.10689061135053635,0.008283533155918121,0.1347394436597824
54,OMN,Oman,2018,-1.4833542108535767,-0.7168744206428528,5.191764831542969,6,-0.0670604482293129,0.8688700795173645,-0.2567063570022583,0.8236374855041504,0.022247422486543655,0.8997345566749573,0.033277593553066254,0.8832383155822754,0.20006537437438965,0.04931017756462097,0.09547105431556702,0.07338152825832367,0.05337885022163391,0.24109512567520142,0.014240812510251999,0.11133028566837311,0.007920435629785061,0.15380631387233734
54,OMN,Oman,2019,-1.4833542108535767,-0.9947019815444946,5.191764831542969,6,-0.0670604482293129,0.8688700795173645,-0.2567063570022583,0.8236374855041504,0.022247422486543655,0.8997345566749573,0.033277593553066254,0.8832383155822754,0.20006537437438965,0.04931017756462097,0.09547105431556702,0.07338152825832367,0.05337885022163391,0.24109512567520142,0.014240812510251999,0.11133028566837311,0.007920435629785061,0.15380631387233734
54,OMN,Oman,2020,-1.9118425846099854,-1.187402367591858,5.191764831542969,6,-0.0670604482293129,0.8688700795173645,-0.2567063570022583,0.8236374855041504,0.022247422486543655,0.8997345566749573,0.033277593553066254,0.8832383155822754,0.20006537437438965,0.04931017756462097,0.09547105431556702,0.07338152825832367,0.05337885022163391,0.24109512567520142,0.014240812510251999,0.11133028566837311,0.007920435629785061,0.15380631387233734
54,OMN,Oman,2021,-2.7994258403778076,-1.29875910282135,5.191764831542969,6,-0.0670604482293129,0.8688700795173645,-0.2567063570022583,0.8236374855041504,0.022247422486543655,0.8997345566749573,0.033277593553066254,0.8832383155822754,0.20006537437438965,0.04931017756462097,0.09547105431556702,0.07338152825832367,0.05337885022163391,0.24109512567520142,0.014240812510251999,0.11133028566837311,0.007920435629785061,0.15380631387233734
54,OMN,Oman,2022,-4.406257152557373,-1.3524154424667358,5.191764831542969,6,-0.0670604482293129,0.8688700795173645,-0.2567063570022583,0.8236374855041504,0.022247422486543655,0.8997345566749573,0.033277593553066254,0.8832383155822754,0.20006537437438965,0.04931017756462097,0.09547105431556702,0.07338152825832367,0.05337885022163391,0.24109512567520142,0.014240812510251999,0.11133028566837311,0.007920435629785061,0.15380631387233734
54,OMN,Oman,2023,-4.634274482727051,-1.3712915182113647,5.191764831542969,6,-0.0670604482293129,0.8688700795173645,-0.2567063570022583,0.8236374855041504,0.022247422486543655,0.8997345566749573,0.033277593553066254,0.8832383155822754,0.20006537437438965,0.04931017756462097,0.09547105431556702,0.07338152825832367,0.05337885022163391,0.24109512567520142,0.014240812510251999,0.11133028566837311,0.007920435629785061,0.15380631387233734
55,PAK,Pakistan,2018,0.6607634425163269,-1.47878098487854,4.971673011779785,6,-1.1695586442947388,-1.0828298330307007,-1.022442102432251,-1.026458501815796,-1.2194249629974365,-1.121294617652893,-1.2668088674545288,-1.100736141204834,0.15885043144226074,0.055039167404174805,0.12011290341615677,0.11445096135139465,0.02410270646214485,0.31857725977897644,0.013175527565181255,0.09331303089857101,0.009888365864753723,0.09248965233564377
55,PAK,Pakistan,2019,0.263211190700531,-1.074428915977478,4.971673011779785,6,-1.1695586442947388,-1.0828298330307007,-1.022442102432251,-1.026458501815796,-1.2194249629974365,-1.121294617652893,-1.2668088674545288,-1.100736141204834,0.15885043144226074,0.055039167404174805,0.12011290341615677,0.11445096135139465,0.02410270646214485,0.31857725977897644,0.013175527565181255,0.09331303089857101,0.009888365864753723,0.09248965233564377
55,PAK,Pakistan,2020,0.5979493856430054,-1.3031482696533203,4.971673011779785,6,-1.1695586442947388,-1.0828298330307007,-1.022442102432251,-1.026458501815796,-1.2194249629974365,-1.121294617652893,-1.2668088674545288,-1.100736141204834,0.15885043144226074,0.055039167404174805,0.12011290341615677,0.11445096135139465,0.02410270646214485,0.31857725977897644,0.013175527565181255,0.09331303089857101,0.009888365864753723,0.09248965233564377
55,PAK,Pakistan,2021,-0.27455824613571167,-1.5525740385055542,4.971673011779785,6,-1.1695586442947388,-1.0828298330307007,-1.022442102432251,-1.026458501815796,-1.2194249629974365,-1.121294617652893,-1.2668088674545288,-1.100736141204834,0.15885043144226074,0.055039167404174805,0.12011290341615677,0.11445096135139465,0.02410270646214485,0.31857725977897644,0.013175527565181255,0.09331303089857101,0.009888365864753723,0.09248965233564377
55,PAK,Pakistan,2022,-1.3144348859786987,-1.8594233989715576,4.971673011779785,6,-1.1695586442947388,-1.0828298330307007,-1.022442102432251,-1.026458501815796,-1.2194249629974365,-1.121294617652893,-1.2668088674545288,-1.100736141204834,0.15885043144226074,0.055039167404174805,0.12011290341615677,0.11445096135139465,0.02410270646214485,0.31857725977897644,0.013175527565181255,0.09331303089857101,0.009888365864753723,0.09248965233564377
55,PAK,Pakistan,2023,-1.7306287288665771,-1.993282675743103,4.971673011779785,6,-1.1695586442947388,-1.0828298330307007,-1.022442102432251,-1.026458501815796,-1.2194249629974365,-1.121294617652893,-1.2668088674545288,-1.100736141204834,0.15885043144226074,0.055039167404174805,0.12011290341615677,0.11445096135139465,0.02410270646214485,0.31857725977897644,0.013175527565181255,0.09331303089857101,0.009888365864753723,0.09248965233564377
56,PER,Peru,2018,1.0936386585235596,-0.7393162846565247,5.020941734313965,6,-0.6950809359550476,-0.6343794465065002,-0.8969854712486267,-0.60135418176651,-0.25150150060653687,-0.656914234161377,-0.9367557168006897,-0.6448699235916138,0.1686285436153412,0.053363408893346786,0.11465279757976532,0.1040208712220192,0.02864319086074829,0.30493906140327454,0.013189905323088169,0.09801015257835388,0.009236079640686512,0.10531589388847351
56,PER,Peru,2019,1.1609760522842407,0.16835126280784607,5.020941734313965,6,-0.6950809359550476,-0.6343794465065002,-0.8969854712486267,-0.60135418176651,-0.25150150060653687,-0.656914234161377,-0.9367557168006897,-0.6448699235916138,0.1686285436153412,0.053363408893346786,0.11465279757976532,0.1040208712220192,0.02864319086074829,0.30493906140327454,0.013189905323088169,0.09801015257835388,0.009236079640686512,0.10531589388847351
56,PER,Peru,2020,0.8656606674194336,0.5174968838691711,5.020941734313965,6,-0.6950809359550476,-0.6343794465065002,-0.8969854712486267,-0.60135418176651,-0.25150150060653687,-0.656914234161377,-0.9367557168006897,-0.6448699235916138,0.1686285436153412,0.053363408893346786,0.11465279757976532,0.1040208712220192,0.02864319086074829,0.30493906140327454,0.013189905323088169,0.09801015257835388,0.009236079640686512,0.10531589388847351
56,PER,Peru,2021,1.0604026317596436,0.8448211550712585,5.020941734313965,6,-0.6950809359550476,-0.6343794465065002,-0.8969854712486267,-0.60135418176651,-0.25150150060653687,-0.656914234161377,-0.9367557168006897,-0.6448699235916138,0.1686285436153412,0.053363408893346786,0.11465279757976532,0.1040208712220192,0.02864319086074829,0.30493906140327454,0.013189905323088169,0.09801015257835388,0.009236079640686512,0.10531589388847351
56,PER,Peru,2022,1.6989833116531372,0.8377707600593567,5.020941734313965,6,-0.6950809359550476,-0.6343794465065002,-0.8969854712486267,-0.60135418176651,-0.25150150060653687,-0.656914234161377,-0.9367557168006897,-0.6448699235916138,0.1686285436153412,0.053363408893346786,0.11465279757976532,0.1040208712220192,0.02864319086074829,0.30493906140327454,0.013189905323088169,0.09801015257835388,0.009236079640686512,0.10531589388847351
56,PER,Peru,2023,1.919171690940857,0.9543878436088562,5.020941734313965,6,-0.6950809359550476,-0.6343794465065002,-0.8969854712486267,-0.60135418176651,-0.25150150060653687,-0.656914234161377,-0.9367557168006897,-0.6448699235916138,0.1686285436153412,0.053363408893346786,0.11465279757976532,0.1040208712220192,0.02864319086074829,0.30493906140327454,0.013189905323088169,0.09801015257835388,0.009236079640686512,0.10531589388847351
57,PHL,Philippines,2018,4.912133693695068,-1.2099922895431519,5.023332595825195,6,-0.5819682478904724,-0.6131077408790588,-0.5483519434928894,-0.5811898708343506,-0.43141669034957886,-0.6348869204521179,-0.7661361694335938,-0.6232464909553528,0.1690986007452011,0.053289465606212616,0.1143878921866417,0.10353588312864304,0.028886299580335617,0.3042128384113312,0.013194027356803417,0.09823065996170044,0.009208306670188904,0.1059560775756836
57,PHL,Philippines,2019,5.833406925201416,-0.9468994736671448,5.023332595825195,6,-0.5819682478904724,-0.6131077408790588,-0.5483519434928894,-0.5811898708343506,-0.43141669034957886,-0.6348869204521179,-0.7661361694335938,-0.6232464909553528,0.1690986007452011,0.053289465606212616,0.1143878921866417,0.10353588312864304,0.028886299580335617,0.3042128384113312,0.013194027356803417,0.09823065996170044,0.009208306670188904,0.1059560775756836
57,PHL,Philippines,2020,6.113379955291748,-1.0280157327651978,5.023332595825195,6,-0.5819682478904724,-0.6131077408790588,-0.5483519434928894,-0.5811898708343506,-0.43141669034957886,-0.6348869204521179,-0.7661361694335938,-0.6232464909553528,0.1690986007452011,0.053289465606212616,0.1143878921866417,0.10353588312864304,0.028886299580335617,0.3042128384113312,0.013194027356803417,0.09823065996170044,0.009208306670188904,0.1059560775756836
57,PHL,Philippines,2021,6.149739742279053,-1.1369227170944214,5.023332595825195,6,-0.5819682478904724,-0.6131077408790588,-0.5483519434928894,-0.5811898708343506,-0.43141669034957886,-0.6348869204521179,-0.7661361694335938,-0.6232464909553528,0.1690986007452011,0.053289465606212616,0.1143878921866417,0.10353588312864304,0.028886299580335617,0.3042128384113312,0.013194027356803417,0.09823065996170044,0.009208306670188904,0.1059560775756836
57,PHL,Philippines,2022,6.288362503051758,-1.2704600095748901,5.023332595825195,6,-0.5819682478904724,-0.6131077408790588,-0.5483519434928894,-0.5811898708343506,-0.43141669034957886,-0.6348869204521179,-0.7661361694335938,-0.6232464909553528,0.1690986007452011,0.053289465606212616,0.1143878921866417,0.10353588312864304,0.028886299580335617,0.3042128384113312,0.013194027356803417,0.09823065996170044,0.009208306670188904,0.1059560775756836
57,PHL,Philippines,2023,6.736955165863037,-1.4044126272201538,5.023332595825195,6,-0.5819682478904724,-0.6131077408790588,-0.5483519434928894,-0.5811898708343506,-0.43141669034957886,-0.6348869204521179,-0.7661361694335938,-0.6232464909553528,0.1690986007452011,0.053289465606212616,0.1143878921866417,0.10353588312864304,0.028886299580335617,0.3042128384113312,0.013194027356803417,0.09823065996170044,0.009208306670188904,0.1059560775756836
58,POL,Poland,2018,-5.292060375213623,-0.8915849328041077,5.218249797821045,6,0.13508905470371246,1.1195026636123657,0.0030404042918235064,1.0612223148345947,0.21474087238311768,1.159270167350769,0.18748588860034943,1.1380155086517334,0.20440666377544403,0.048846449702978134,0.0923551693558693,0.06916257739067078,0.05913352966308594,0.22925245761871338,0.014556865207850933,0.11284708231687546,0.00781429186463356,0.16162486374378204
58,POL,Poland,2019,-6.858757495880127,-0.9349014163017273,5.218249797821045,6,0.13508905470371246,1.1195026636123657,0.0030404042918235064,1.0612223148345947,0.21474087238311768,1.159270167350769,0.18748588860034943,1.1380155086517334,0.20440666377544403,0.048846449702978134,0.0923551693558693,0.06916257739067078,0.05913352966308594,0.22925245761871338,0.014556865207850933,0.11284708231687546,0.00781429186463356,0.16162486374378204
58,POL,Poland,2020,-8.258927345275879,-1.2241759300231934,5.218249797821045,6,0.13508905470371246,1.1195026636123657,0.0030404042918235064,1.0612223148345947,0.21474087238311768,1.159270167350769,0.18748588860034943,1.1380155086517334,0.20440666377544403,0.048846449702978134,0.0923551693558693,0.06916257739067078,0.05913352966308594,0.22925245761871338,0.014556865207850933,0.11284708231687546,0.00781429186463356,0.16162486374378204
58,POL,Poland,2021,-7.500536918640137,-1.490699291229248,5.218249797821045,6,0.13508905470371246,1.1195026636123657,0.0030404042918235064,1.0612223148345947,0.21474087238311768,1.159270167350769,0.18748588860034943,1.1380155086517334,0.20440666377544403,0.048846449702978134,0.0923551693558693,0.06916257739067078,0.05913352966308594,0.22925245761871338,0.014556865207850933,0.11284708231687546,0.00781429186463356,0.16162486374378204
58,POL,Poland,2022,-8.502216339111328,-1.706874966621399,5.218249797821045,6,0.13508905470371246,1.1195026636123657,0.0030404042918235064,1.0612223148345947,0.21474087238311768,1.159270167350769,0.18748588860034943,1.1380155086517334,0.20440666377544403,0.048846449702978134,0.0923551693558693,0.06916257739067078,0.05913352966308594,0.22925245761871338,0.014556865207850933,0.11284708231687546,0.00781429186463356,0.16162486374378204
58,POL,Poland,2023,-11.761031150817871,-1.8599940538406372,5.218249797821045,6,0.13508905470371246,1.1195026636123657,0.0030404042918235064,1.0612223148345947,0.21474087238311768,1.159270167350769,0.18748588860034943,1.1380155086517334,0.20440666377544403,0.048846449702978134,0.0923551693558693,0.06916257739067078,0.05913352966308594,0.22925245761871338,0.014556865207850933,0.11284708231687546,0.00781429186463356,0.16162486374378204
59,PRT,Portugal,2018,-1.9006779193878174,-0.6449275612831116,5.193145751953125,6,0.5889715552330017,0.8816553950309753,0.3899436593055725,0.8357571363449097,0.6463295221328735,0.912973940372467,0.7306414842605591,0.8962349891662598,0.20029594004154205,0.04928518831729889,0.09531048685312271,0.07315950840711594,0.05366089567542076,0.24049097299575806,0.014256046153604984,0.11141368001699448,0.007914338260889053,0.15421287715435028
59,PRT,Portugal,2019,-2.685220718383789,-0.6845521926879883,5.193145751953125,6,0.5889715552330017,0.8816553950309753,0.3899436593055725,0.8357571363449097,0.6463295221328735,0.912973940372467,0.7306414842605591,0.8962349891662598,0.20029594004154205,0.04928518831729889,0.09531048685312271,0.07315950840711594,0.05366089567542076,0.24049097299575806,0.014256046153604984,0.11141368001699448,0.007914338260889053,0.15421287715435028
59,PRT,Portugal,2020,-3.400998592376709,-0.8185981512069702,5.193145751953125,6,0.5889715552330017,0.8816553950309753,0.3899436593055725,0.8357571363449097,0.6463295221328735,0.912973940372467,0.7306414842605591,0.8962349891662598,0.20029594004154205,0.04928518831729889,0.09531048685312271,0.07315950840711594,0.05366089567542076,0.24049097299575806,0.014256046153604984,0.11141368001699448,0.007914338260889053,0.15421287715435028
59,PRT,Portugal,2021,-3.9149670600891113,-0.9287117123603821,5.193145751953125,6,0.5889715552330017,0.8816553950309753,0.3899436593055725,0.8357571363449097,0.6463295221328735,0.912973940372467,0.7306414842605591,0.8962349891662598,0.20029594004154205,0.04928518831729889,0.09531048685312271,0.07315950840711594,0.05366089567542076,0.24049097299575806,0.014256046153604984,0.11141368001699448,0.007914338260889053,0.15421287715435028
59,PRT,Portugal,2022,-3.713021755218506,-1.0219217538833618,5.193145751953125,6,0.5889715552330017,0.8816553950309753,0.3899436593055725,0.8357571363449097,0.6463295221328735,0.912973940372467,0.7306414842605591,0.8962349891662598,0.20029594004154205,0.04928518831729889,0.09531048685312271,0.07315950840711594,0.05366089567542076,0.24049097299575806,0.014256046153604984,0.11141368001699448,0.007914338260889053,0.15421287715435028
59,PRT,Portugal,2023,-4.624629497528076,-1.0219365358352661,5.193145751953125,6,0.5889715552330017,0.8816553950309753,0.3899436593055725,0.8357571363449097,0.6463295221328735,0.912973940372467,0.7306414842605591,0.8962349891662598,0.20029594004154205,0.04928518831729889,0.09531048685312271,0.07315950840711594,0.05366089567542076,0.24049097299575806,0.014256046153604984,0.11141368001699448,0.007914338260889053,0.15421287715435028
60,QAT,Qatar,2018,-6.880117416381836,-0.035033658146858215,5.17103385925293,6,-0.037850040942430496,0.6798253059387207,0.02352459356188774,0.6444341540336609,-0.20334964990615845,0.7039744257926941,0.06627492606639862,0.6910673379898071,0.196549654006958,0.0496969074010849,0.09786227345466614,0.07674823701381683,0.04935423284769058,0.24999913573265076,0.0140271270647645,0.11002479493618011,0.00801956094801426,0.14771802723407745
60,QAT,Qatar,2019,-4.506235599517822,-0.28518378734588623,5.17103385925293,6,-0.037850040942430496,0.6798253059387207,0.02352459356188774,0.6444341540336609,-0.20334964990615845,0.7039744257926941,0.06627492606639862,0.6910673379898071,0.196549654006958,0.0496969074010849,0.09786227345466614,0.07674823701381683,0.04935423284769058,0.24999913573265076,0.0140271270647645,0.11002479493618011,0.00801956094801426,0.14771802723407745
60,QAT,Qatar,2020,-5.444746971130371,-0.3723999261856079,5.17103385925293,6,-0.037850040942430496,0.6798253059387207,0.02352459356188774,0.6444341540336609,-0.20334964990615845,0.7039744257926941,0.06627492606639862,0.6910673379898071,0.196549654006958,0.0496969074010849,0.09786227345466614,0.07674823701381683,0.04935423284769058,0.24999913573265076,0.0140271270647645,0.11002479493618011,0.00801956094801426,0.14771802723407745
60,QAT,Qatar,2021,-6.548878192901611,-0.49284249544143677,5.17103385925293,6,-0.037850040942430496,0.6798253059387207,0.02352459356188774,0.6444341540336609,-0.20334964990615845,0.7039744257926941,0.06627492606639862,0.6910673379898071,0.196549654006958,0.0496969074010849,0.09786227345466614,0.07674823701381683,0.04935423284769058,0.24999913573265076,0.0140271270647645,0.11002479493618011,0.00801956094801426,0.14771802723407745
60,QAT,Qatar,2022,-4.892681121826172,-0.4814559519290924,5.17103385925293,6,-0.037850040942430496,0.6798253059387207,0.02352459356188774,0.6444341540336609,-0.20334964990615845,0.7039744257926941,0.06627492606639862,0.6910673379898071,0.196549654006958,0.0496969074010849,0.09786227345466614,0.07674823701381683,0.04935423284769058,0.24999913573265076,0.0140271270647645,0.11002479493618011,0.00801956094801426,0.14771802723407745
60,QAT,Qatar,2023,-5.334333896636963,-0.4751163721084595,5.17103385925293,6,-0.037850040942430496,0.6798253059387207,0.02352459356188774,0.6444341540336609,-0.20334964990615845,0.7039744257926941,0.06627492606639862,0.6910673379898071,0.196549654006958,0.0496969074010849,0.09786227345466614,0.07674823701381683,0.04935423284769058,0.24999913573265076,0.0140271270647645,0.11002479493618011,0.00801956094801426,0.14771802723407745
61,ROU,Romania,2018,-3.695746898651123,-0.09799950569868088,5.06191349029541,6,-0.6137262582778931,-0.27395203709602356,-0.9381364583969116,-0.2596903145313263,-0.44055911898612976,-0.28368350863456726,-0.4624831974506378,-0.27848225831985474,0.17660067975521088,0.05217735469341278,0.11010878533124924,0.09595993906259537,0.03313712030649185,0.2917472720146179,0.013302145525813103,0.10167800635099411,0.008803180418908596,0.11648551374673843
61,ROU,Romania,2019,-4.160907745361328,-0.01573091745376587,5.06191349029541,6,-0.6137262582778931,-0.27395203709602356,-0.9381364583969116,-0.2596903145313263,-0.44055911898612976,-0.28368350863456726,-0.4624831974506378,-0.27848225831985474,0.17660067975521088,0.05217735469341278,0.11010878533124924,0.09595993906259537,0.03313712030649185,0.2917472720146179,0.013302145525813103,0.10167800635099411,0.008803180418908596,0.11648551374673843
61,ROU,Romania,2020,-5.406534671783447,-0.2230282872915268,5.06191349029541,6,-0.6137262582778931,-0.27395203709602356,-0.9381364583969116,-0.2596903145313263,-0.44055911898612976,-0.28368350863456726,-0.4624831974506378,-0.27848225831985474,0.17660067975521088,0.05217735469341278,0.11010878533124924,0.09595993906259537,0.03313712030649185,0.2917472720146179,0.013302145525813103,0.10167800635099411,0.008803180418908596,0.11648551374673843
61,ROU,Romania,2021,-5.111453533172607,-0.3545922636985779,5.06191349029541,6,-0.6137262582778931,-0.27395203709602356,-0.9381364583969116,-0.2596903145313263,-0.44055911898612976,-0.28368350863456726,-0.4624831974506378,-0.27848225831985474,0.17660067975521088,0.05217735469341278,0.11010878533124924,0.09595993906259537,0.03313712030649185,0.2917472720146179,0.013302145525813103,0.10167800635099411,0.008803180418908596,0.11648551374673843
61,ROU,Romania,2022,-4.921149253845215,-0.49668362736701965,5.06191349029541,6,-0.6137262582778931,-0.27395203709602356,-0.9381364583969116,-0.2596903145313263,-0.44055911898612976,-0.28368350863456726,-0.4624831974506378,-0.27848225831985474,0.17660067975521088,0.05217735469341278,0.11010878533124924,0.09595993906259537,0.03313712030649185,0.2917472720146179,0.013302145525813103,0.10167800635099411,0.008803180418908596,0.11648551374673843
61,ROU,Romania,2023,-6.2508416175842285,-0.5497141480445862,5.06191349029541,6,-0.6137262582778931,-0.27395203709602356,-0.9381364583969116,-0.2596903145313263,-0.44055911898612976,-0.28368350863456726,-0.4624831974506378,-0.27848225831985474,0.17660067975521088,0.05217735469341278,0.11010878533124924,0.09595993906259537,0.03313712030649185,0.2917472720146179,0.013302145525813103,0.10167800635099411,0.008803180418908596,0.11648551374673843
62,RUS,Russia,2018,-3.6435298919677734,-1.2325308322906494,4.978329658508301,6,-1.1349221467971802,-1.0209633111953735,-1.1962112188339233,-0.9678128957748413,-0.9114767909049988,-1.0572305917739868,-1.2970784902572632,-1.0378466844558716,0.1601785123348236,0.0547948032617569,0.11937542259693146,0.11299272626638412,0.024666311219334602,0.3168913722038269,0.013169368728995323,0.09396279603242874,0.009790744632482529,0.0941779613494873
62,RUS,Russia,2019,-3.5361337661743164,-0.7058350443840027,4.978329658508301,6,-1.1349221467971802,-1.0209633111953735,-1.1962112188339233,-0.9678128957748413,-0.9114767909049988,-1.0572305917739868,-1.2970784902572632,-1.0378466844558716,0.1601785123348236,0.0547948032617569,0.11937542259693146,0.11299272626638412,0.024666311219334602,0.3168913722038269,0.013169368728995323,0.09396279603242874,0.009790744632482529,0.0941779613494873
62,RUS,Russia,2020,-6.922895908355713,-0.8393167853355408,4.978329658508301,6,-1.1349221467971802,-1.0209633111953735,-1.1962112188339233,-0.9678128957748413,-0.9114767909049988,-1.0572305917739868,-1.2970784902572632,-1.0378466844558716,0.1601785123348236,0.0547948032617569,0.11937542259693146,0.11299272626638412,0.024666311219334602,0.3168913722038269,0.013169368728995323,0.09396279603242874,0.009790744632482529,0.0941779613494873
62,RUS,Russia,2021,-5.5373334884643555,-1.0571041107177734,4.978329658508301,6,-1.1349221467971802,-1.0209633111953735,-1.1962112188339233,-0.9678128957748413,-0.9114767909049988,-1.0572305917739868,-1.2970784902572632,-1.0378466844558716,0.1601785123348236,0.0547948032617569,0.11937542259693146,0.11299272626638412,0.024666311219334602,0.3168913722038269,0.013169368728995323,0.09396279603242874,0.009790744632482529,0.0941779613494873
62,RUS,Russia,2022,-4.097316741943359,-1.1005828380584717,4.978329658508301,6,-1.1349221467971802,-1.0209633111953735,-1.1962112188339233,-0.9678128957748413,-0.9114767909049988,-1.0572305917739868,-1.2970784902572632,-1.0378466844558716,0.1601785123348236,0.0547948032617569,0.11937542259693146,0.11299272626638412,0.024666311219334602,0.3168913722038269,0.013169368728995323,0.09396279603242874,0.009790744632482529,0.0941779613494873
62,RUS,Russia,2023,-3.127725601196289,-1.1631592512130737,4.978329658508301,6,-1.1349221467971802,-1.0209633111953735,-1.1962112188339233,-0.9678128957748413,-0.9114767909049988,-1.0572305917739868,-1.2970784902572632,-1.0378466844558716,0.1601785123348236,0.0547948032617569,0.11937542259693146,0.11299272626638412,0.024666311219334602,0.3168913722038269,0.013169368728995323,0.09396279603242874,0.009790744632482529,0.0941779613494873
63,SAU,Saudi Arabia,2018,2.299851655960083,-0.5285986661911011,5.046968460083008,6,-0.5544285178184509,-0.4045198857784271,-0.6724381446838379,-0.3834609091281891,-0.49509498476982117,-0.41888943314552307,-0.4957524538040161,-0.41120925545692444,0.1737152636051178,0.05259059742093086,0.11176721006631851,0.09883923828601837,0.03141497075557709,0.2967369854450226,0.013251054100692272,0.1003686711192131,0.008950811810791492,0.1123652458190918
63,SAU,Saudi Arabia,2019,1.9578986167907715,-0.8524314761161804,5.046968460083008,6,-0.5544285178184509,-0.4045198857784271,-0.6724381446838379,-0.3834609091281891,-0.49509498476982117,-0.41888943314552307,-0.4957524538040161,-0.41120925545692444,0.1737152636051178,0.05259059742093086,0.11176721006631851,0.09883923828601837,0.03141497075557709,0.2967369854450226,0.013251054100692272,0.1003686711192131,0.008950811810791492,0.1123652458190918
63,SAU,Saudi Arabia,2020,2.004265069961548,-1.1251964569091797,5.046968460083008,6,-0.5544285178184509,-0.4045198857784271,-0.6724381446838379,-0.3834609091281891,-0.49509498476982117,-0.41888943314552307,-0.4957524538040161,-0.41120925545692444,0.1737152636051178,0.05259059742093086,0.11176721006631851,0.09883923828601837,0.03141497075557709,0.2967369854450226,0.013251054100692272,0.1003686711192131,0.008950811810791492,0.1123652458190918
63,SAU,Saudi Arabia,2021,2.169445753097534,-1.2909809350967407,5.046968460083008,6,-0.5544285178184509,-0.4045198857784271,-0.6724381446838379,-0.3834609091281891,-0.49509498476982117,-0.41888943314552307,-0.4957524538040161,-0.41120925545692444,0.1737152636051178,0.05259059742093086,0.11176721006631851,0.09883923828601837,0.03141497075557709,0.2967369854450226,0.013251054100692272,0.1003686711192131,0.008950811810791492,0.1123652458190918
63,SAU,Saudi Arabia,2022,1.4797439575195312,-1.3908090591430664,5.046968460083008,6,-0.5544285178184509,-0.4045198857784271,-0.6724381446838379,-0.3834609091281891,-0.49509498476982117,-0.41888943314552307,-0.4957524538040161,-0.41120925545692444,0.1737152636051178,0.05259059742093086,0.11176721006631851,0.09883923828601837,0.03141497075557709,0.2967369854450226,0.013251054100692272,0.1003686711192131,0.008950811810791492,0.1123652458190918
63,SAU,Saudi Arabia,2023,0.6857173442840576,-1.4333176612854004,5.046968460083008,6,-0.5544285178184509,-0.4045198857784271,-0.6724381446838379,-0.3834609091281891,-0.49509498476982117,-0.41888943314552307,-0.4957524538040161,-0.41120925545692444,0.1737152636051178,0.05259059742093086,0.11176721006631851,0.09883923828601837,0.03141497075557709,0.2967369854450226,0.013251054100692272,0.1003686711192131,0.008950811810791492,0.1123652458190918
64,SGP,Singapore,2018,-1.5155048370361328,-0.7550538182258606,5.1006317138671875,6,1.4344711303710938,0.061870936304330826,1.7217825651168823,0.058649998158216476,1.536649465560913,0.0640687420964241,1.0449817180633545,0.0628940761089325,0.18392543494701385,0.05119844526052475,0.10580156743526459,0.08880402892827988,0.03809318318963051,0.2779550552368164,0.013487693853676319,0.10489876568317413,0.008469854481518269,0.12736597657203674
64,SGP,Singapore,2019,-1.5344992876052856,-0.7745710015296936,5.1006317138671875,6,1.4344711303710938,0.061870936304330826,1.7217825651168823,0.058649998158216476,1.536649465560913,0.0640687420964241,1.0449817180633545,0.0628940761089325,0.18392543494701385,0.05119844526052475,0.10580156743526459,0.08880402892827988,0.03809318318963051,0.2779550552368164,0.013487693853676319,0.10489876568317413,0.008469854481518269,0.12736597657203674
64,SGP,Singapore,2020,-1.5631846189498901,-0.8970839977264404,5.1006317138671875,6,1.4344711303710938,0.061870936304330826,1.7217825651168823,0.058649998158216476,1.536649465560913,0.0640687420964241,1.0449817180633545,0.0628940761089325,0.18392543494701385,0.05119844526052475,0.10580156743526459,0.08880402892827988,0.03809318318963051,0.2779550552368164,0.013487693853676319,0.10489876568317413,0.008469854481518269,0.12736597657203674
64,SGP,Singapore,2021,-1.5329487323760986,-1.0273973941802979,5.1006317138671875,6,1.4344711303710938,0.061870936304330826,1.7217825651168823,0.058649998158216476,1.536649465560913,0.0640687420964241,1.0449817180633545,0.0628940761089325,0.18392543494701385,0.05119844526052475,0.10580156743526459,0.08880402892827988,0.03809318318963051,0.2779550552368164,0.013487693853676319,0.10489876568317413,0.008469854481518269,0.12736597657203674
64,SGP,Singapore,2022,-1.5709375143051147,-1.094009280204773,5.1006317138671875,6,1.4344711303710938,0.061870936304330826,1.7217825651168823,0.058649998158216476,1.536649465560913,0.0640687420964241,1.0449817180633545,0.0628940761089325,0.18392543494701385,0.05119844526052475,0.10580156743526459,0.08880402892827988,0.03809318318963051,0.2779550552368164,0.013487693853676319,0.10489876568317413,0.008469854481518269,0.12736597657203674
64,SGP,Singapore,2023,-1.6358672380447388,-1.1905577182769775,5.1006317138671875,6,1.4344711303710938,0.061870936304330826,1.7217825651168823,0.058649998158216476,1.536649465560913,0.0640687420964241,1.0449817180633545,0.0628940761089325,0.18392543494701385,0.05119844526052475,0.10580156743526459,0.08880402892827988,0.03809318318963051,0.2779550552368164,0.013487693853676319,0.10489876568317413,0.008469854481518269,0.12736597657203674
65,SVK,Slovakia,2018,-1.5849237442016602,-1.358242392539978,5.191972255706787,6,0.11652449518442154,0.870790958404541,0.11614179611206055,0.825458288192749,0.3065413236618042,0.9017236232757568,-0.07310961931943893,0.8851909041404724,0.2001000940799713,0.04930642247200012,0.09544692188501358,0.07334813475608826,0.053421150892972946,0.2410043329000473,0.014243097975850105,0.11134286969900131,0.00791951734572649,0.15386740863323212
65,SVK,Slovakia,2019,-2.091881036758423,-0.9446320533752441,5.191972255706787,6,0.11652449518442154,0.870790958404541,0.11614179611206055,0.825458288192749,0.3065413236618042,0.9017236232757568,-0.07310961931943893,0.8851909041404724,0.2001000940799713,0.04930642247200012,0.09544692188501358,0.07334813475608826,0.053421150892972946,0.2410043329000473,0.014243097975850105,0.11134286969900131,0.00791951734572649,0.15386740863323212
65,SVK,Slovakia,2020,-2.406219482421875,-0.9226229786872864,5.191972255706787,6,0.11652449518442154,0.870790958404541,0.11614179611206055,0.825458288192749,0.3065413236618042,0.9017236232757568,-0.07310961931943893,0.8851909041404724,0.2001000940799713,0.04930642247200012,0.09544692188501358,0.07334813475608826,0.053421150892972946,0.2410043329000473,0.014243097975850105,0.11134286969900131,0.00791951734572649,0.15386740863323212
65,SVK,Slovakia,2021,-2.1880667209625244,-0.8936459422111511,5.191972255706787,6,0.11652449518442154,0.870790958404541,0.11614179611206055,0.825458288192749,0.3065413236618042,0.9017236232757568,-0.07310961931943893,0.8851909041404724,0.2001000940799713,0.04930642247200012,0.09544692188501358,0.07334813475608826,0.053421150892972946,0.2410043329000473,0.014243097975850105,0.11134286969900131,0.00791951734572649,0.15386740863323212
65,SVK,Slovakia,2022,-2.8150081634521484,-0.9170263409614563,5.191972255706787,6,0.11652449518442154,0.870790958404541,0.11614179611206055,0.825458288192749,0.3065413236618042,0.9017236232757568,-0.07310961931943893,0.8851909041404724,0.2001000940799713,0.04930642247200012,0.09544692188501358,0.07334813475608826,0.053421150892972946,0.2410043329000473,0.014243097975850105,0.11134286969900131,0.00791951734572649,0.15386740863323212
65,SVK,Slovakia,2023,-3.482109785079956,-0.9116226434707642,5.191972255706787,6,0.11652449518442154,0.870790958404541,0.11614179611206055,0.825458288192749,0.3065413236618042,0.9017236232757568,-0.07310961931943893,0.8851909041404724,0.2001000940799713,0.04930642247200012,0.09544692188501358,0.07334813475608826,0.053421150892972946,0.2410043329000473,0.014243097975850105,0.11134286969900131,0.00791951734572649,0.15386740863323212
66,SVN,Slovenia,2018,-4.337141990661621,-0.39156219363212585,5.208639144897461,6,0.38642582297325134,1.0271307229995728,0.28950437903404236,0.9736591577529907,0.34630832076072693,1.0636169910430908,0.5234646797180176,1.0441160202026367,0.20285144448280334,0.049011047929525375,0.09349528700113297,0.0706847533583641,0.05695750191807747,0.23361340165138245,0.014436163008213043,0.11231720447540283,0.007850173860788345,0.15878303349018097
66,SVN,Slovenia,2019,-4.712256908416748,-0.7952608466148376,5.208639144897461,6,0.38642582297325134,1.0271307229995728,0.28950437903404236,0.9736591577529907,0.34630832076072693,1.0636169910430908,0.5234646797180176,1.0441160202026367,0.20285144448280334,0.049011047929525375,0.09349528700113297,0.0706847533583641,0.05695750191807747,0.23361340165138245,0.014436163008213043,0.11231720447540283,0.007850173860788345,0.15878303349018097
66,SVN,Slovenia,2020,-6.15969705581665,-1.0261883735656738,5.208639144897461,6,0.38642582297325134,1.0271307229995728,0.28950437903404236,0.9736591577529907,0.34630832076072693,1.0636169910430908,0.5234646797180176,1.0441160202026367,0.20285144448280334,0.049011047929525375,0.09349528700113297,0.0706847533583641,0.05695750191807747,0.23361340165138245,0.014436163008213043,0.11231720447540283,0.007850173860788345,0.15878303349018097
66,SVN,Slovenia,2021,-6.669349670410156,-1.1724377870559692,5.208639144897461,6,0.38642582297325134,1.0271307229995728,0.28950437903404236,0.9736591577529907,0.34630832076072693,1.0636169910430908,0.5234646797180176,1.0441160202026367,0.20285144448280334,0.049011047929525375,0.09349528700113297,0.0706847533583641,0.05695750191807747,0.23361340165138245,0.014436163008213043,0.11231720447540283,0.007850173860788345,0.15878303349018097
66,SVN,Slovenia,2022,-7.458681583404541,-1.3034886121749878,5.208639144897461,6,0.38642582297325134,1.0271307229995728,0.28950437903404236,0.9736591577529907,0.34630832076072693,1.0636169910430908,0.5234646797180176,1.0441160202026367,0.20285144448280334,0.049011047929525375,0.09349528700113297,0.0706847533583641,0.05695750191807747,0.23361340165138245,0.014436163008213043,0.11231720447540283,0.007850173860788345,0.15878303349018097
66,SVN,Slovenia,2023,-9.606645584106445,-1.2878419160842896,5.208639144897461,6,0.38642582297325134,1.0271307229995728,0.28950437903404236,0.9736591577529907,0.34630832076072693,1.0636169910430908,0.5234646797180176,1.0441160202026367,0.20285144448280334,0.049011047929525375,0.09349528700113297,0.0706847533583641,0.05695750191807747,0.23361340165138245,0.014436163008213043,0.11231720447540283,0.007850173860788345,0.15878303349018097
67,SWE,Sweden,2018,-1.111396074295044,-0.5071723461151123,5.126923084259033,6,1.3480762243270874,0.2901153266429901,1.4301238059997559,0.27501216530799866,1.161694884300232,0.3004209101200104,1.4524099826812744,0.29491284489631653,0.1887548267841339,0.050600044429302216,0.10285962373018265,0.08417174965143204,0.04191923514008522,0.2679310441017151,0.013657675124704838,0.10693097859621048,0.00827990472316742,0.13489492237567902
67,SWE,Sweden,2019,-1.153639554977417,-0.27286794781684875,5.126923084259033,6,1.3480762243270874,0.2901153266429901,1.4301238059997559,0.27501216530799866,1.161694884300232,0.3004209101200104,1.4524099826812744,0.29491284489631653,0.1887548267841339,0.050600044429302216,0.10285962373018265,0.08417174965143204,0.04191923514008522,0.2679310441017151,0.013657675124704838,0.10693097859621048,0.00827990472316742,0.13489492237567902
67,SWE,Sweden,2020,-1.5468288660049438,-0.2292298674583435,5.126923084259033,6,1.3480762243270874,0.2901153266429901,1.4301238059997559,0.27501216530799866,1.161694884300232,0.3004209101200104,1.4524099826812744,0.29491284489631653,0.1887548267841339,0.050600044429302216,0.10285962373018265,0.08417174965143204,0.04191923514008522,0.2679310441017151,0.013657675124704838,0.10693097859621048,0.00827990472316742,0.13489492237567902
67,SWE,Sweden,2021,-1.2186294794082642,-0.2614317238330841,5.126923084259033,6,1.3480762243270874,0.2901153266429901,1.4301238059997559,0.27501216530799866,1.161694884300232,0.3004209101200104,1.4524099826812744,0.29491284489631653,0.1887548267841339,0.050600044429302216,0.10285962373018265,0.08417174965143204,0.04191923514008522,0.2679310441017151,0.013657675124704838,0.10693097859621048,0.00827990472316742,0.13489492237567902
67,SWE,Sweden,2022,-1.295534372329712,-0.22971755266189575,5.126923084259033,6,1.3480762243270874,0.2901153266429901,1.4301238059997559,0.27501216530799866,1.161694884300232,0.3004209101200104,1.4524099826812744,0.29491284489631653,0.1887548267841339,0.050600044429302216,0.10285962373018265,0.08417174965143204,0.04191923514008522,0.2679310441017151,0.013657675124704838,0.10693097859621048,0.00827990472316742,0.13489492237567902
67,SWE,Sweden,2023,-1.5739079713821411,-0.23321035504341125,5.126923084259033,6,1.3480762243270874,0.2901153266429901,1.4301238059997559,0.27501216530799866,1.161694884300232,0.3004209101200104,1.4524099826812744,0.29491284489631653,0.1887548267841339,0.050600044429302216,0.10285962373018265,0.08417174965143204,0.04191923514008522,0.2679310441017151,0.013657675124704838,0.10693097859621048,0.00827990472316742,0.13489492237567902
68,THA,Thailand,2018,-6.279742240905762,0.003970719873905182,5.111666202545166,6,-0.2564157247543335,0.15750116109848022,-0.22457081079483032,0.14930179715156555,-0.3106171190738678,0.16309599578380585,-0.23405922949314117,0.16010570526123047,0.18596774339675903,0.05094127729535103,0.10456913709640503,0.0868389755487442,0.039649829268455505,0.27381008863449097,0.013554650358855724,0.10576777905225754,0.008386768400669098,0.1305137276649475
68,THA,Thailand,2019,-7.279186248779297,0.41274818778038025,5.111666202545166,6,-0.2564157247543335,0.15750116109848022,-0.22457081079483032,0.14930179715156555,-0.3106171190738678,0.16309599578380585,-0.23405922949314117,0.16010570526123047,0.18596774339675903,0.05094127729535103,0.10456913709640503,0.0868389755487442,0.039649829268455505,0.27381008863449097,0.013554650358855724,0.10576777905225754,0.008386768400669098,0.1305137276649475
68,THA,Thailand,2020,-5.78999662399292,0.4161778390407562,5.111666202545166,6,-0.2564157247543335,0.15750116109848022,-0.22457081079483032,0.14930179715156555,-0.3106171190738678,0.16309599578380585,-0.23405922949314117,0.16010570526123047,0.18596774339675903,0.05094127729535103,0.10456913709640503,0.0868389755487442,0.039649829268455505,0.27381008863449097,0.013554650358855724,0.10576777905225754,0.008386768400669098,0.1305137276649475
68,THA,Thailand,2021,-6.593542575836182,0.3272593319416046,5.111666202545166,6,-0.2564157247543335,0.15750116109848022,-0.22457081079483032,0.14930179715156555,-0.3106171190738678,0.16309599578380585,-0.23405922949314117,0.16010570526123047,0.18596774339675903,0.05094127729535103,0.10456913709640503,0.0868389755487442,0.039649829268455505,0.27381008863449097,0.013554650358855724,0.10576777905225754,0.008386768400669098,0.1305137276649475
68,THA,Thailand,2022,-7.6401472091674805,0.22518566250801086,5.111666202545166,6,-0.2564157247543335,0.15750116109848022,-0.22457081079483032,0.14930179715156555,-0.3106171190738678,0.16309599578380585,-0.23405922949314117,0.16010570526123047,0.18596774339675903,0.05094127729535103,0.10456913709640503,0.0868389755487442,0.039649829268455505,0.27381008863449097,0.013554650358855724,0.10576777905225754,0.008386768400669098,0.1305137276649475
68,THA,Thailand,2023,-9.644476890563965,0.16578105092048645,5.111666202545166,6,-0.2564157247543335,0.15750116109848022,-0.22457081079483032,0.14930179715156555,-0.3106171190738678,0.16309599578380585,-0.23405922949314117,0.16010570526123047,0.18596774339675903,0.05094127729535103,0.10456913709640503,0.0868389755487442,0.039649829268455505,0.27381008863449097,0.013554650358855724,0.10576777905225754,0.008386768400669098,0.1305137276649475
69,TKM,Turkmenistan,2018,-0.8944293856620789,-1.1366740465164185,4.961966514587402,6,-2.006190538406372,-1.173897385597229,-1.8531438112258911,-1.1127852201461792,-2.4522314071655273,-1.215597152709961,-1.7131962776184082,-1.1933096647262573,0.1569119095802307,0.055406492203474045,0.1211882084608078,0.11660563200712204,0.02330690436065197,0.3209420144557953,0.013189272955060005,0.0923583060503006,0.01003655232489109,0.09005476534366608
69,TKM,Turkmenistan,2019,1.0794837474822998,-0.042393796145915985,4.961966514587402,6,-2.006190538406372,-1.173897385597229,-1.8531438112258911,-1.1127852201461792,-2.4522314071655273,-1.215597152709961,-1.7131962776184082,-1.1933096647262573,0.1569119095802307,0.055406492203474045,0.1211882084608078,0.11660563200712204,0.02330690436065197,0.3209420144557953,0.013189272955060005,0.0923583060503006,0.01003655232489109,0.09005476534366608
69,TKM,Turkmenistan,2020,1.1499806642532349,0.44021371006965637,4.961966514587402,6,-2.006190538406372,-1.173897385597229,-1.8531438112258911,-1.1127852201461792,-2.4522314071655273,-1.215597152709961,-1.7131962776184082,-1.1933096647262573,0.1569119095802307,0.055406492203474045,0.1211882084608078,0.11660563200712204,0.02330690436065197,0.3209420144557953,0.013189272955060005,0.0923583060503006,0.01003655232489109,0.09005476534366608
69,TKM,Turkmenistan,2021,-3.7143051624298096,0.6798797845840454,4.961966514587402,6,-2.006190538406372,-1.173897385597229,-1.8531438112258911,-1.1127852201461792,-2.4522314071655273,-1.215597152709961,-1.7131962776184082,-1.1933096647262573,0.1569119095802307,0.055406492203474045,0.1211882084608078,0.11660563200712204,0.02330690436065197,0.3209420144557953,0.013189272955060005,0.0923583060503006,0.01003655232489109,0.09005476534366608
69,TKM,Turkmenistan,2022,-2.6568517684936523,0.818362295627594,4.961966514587402,6,-2.006190538406372,-1.173897385597229,-1.8531438112258911,-1.1127852201461792,-2.4522314071655273,-1.215597152709961,-1.7131962776184082,-1.1933096647262573,0.1569119095802307,0.055406492203474045,0.1211882084608078,0.11660563200712204,0.02330690436065197,0.3209420144557953,0.013189272955060005,0.0923583060503006,0.01003655232489109,0.09005476534366608
69,TKM,Turkmenistan,2023,-1.52890145778656,0.8649376034736633,4.961966514587402,6,-2.006190538406372,-1.173897385597229,-1.8531438112258911,-1.1127852201461792,-2.4522314071655273,-1.215597152709961,-1.7131962776184082,-1.1933096647262573,0.1569119095802307,0.055406492203474045,0.1211882084608078,0.11660563200712204,0.02330690436065197,0.3209420144557953,0.013189272955060005,0.0923583060503006,0.01003655232489109,0.09005476534366608
70,TTO,Trinidad and Tobago,2018,1.318193793296814,0.5975267887115479,5.186794281005859,6,-0.04588906839489937,0.8230628371238708,-0.1480531096458435,0.7802149057388306,0.11017729341983795,0.8523001074790955,-0.09979138523340225,0.8366735577583313,0.1992315798997879,0.04940090328454971,0.09604765474796295,0.0741829052567482,0.0523785799741745,0.2432582825422287,0.01418703980743885,0.11102639883756638,0.007942906580865383,0.1523437201976776
70,TTO,Trinidad and Tobago,2019,1.3760409355163574,0.5170279741287231,5.186794281005859,6,-0.04588906839489937,0.8230628371238708,-0.1480531096458435,0.7802149057388306,0.11017729341983795,0.8523001074790955,-0.09979138523340225,0.8366735577583313,0.1992315798997879,0.04940090328454971,0.09604765474796295,0.0741829052567482,0.0523785799741745,0.2432582825422287,0.01418703980743885,0.11102639883756638,0.007942906580865383,0.1523437201976776
70,TTO,Trinidad and Tobago,2020,1.318193793296814,0.4605819880962372,5.186794281005859,6,-0.04588906839489937,0.8230628371238708,-0.1480531096458435,0.7802149057388306,0.11017729341983795,0.8523001074790955,-0.09979138523340225,0.8366735577583313,0.1992315798997879,0.04940090328454971,0.09604765474796295,0.0741829052567482,0.0523785799741745,0.2432582825422287,0.01418703980743885,0.11102639883756638,0.007942906580865383,0.1523437201976776
70,TTO,Trinidad and Tobago,2021,1.665277123451233,0.3937862813472748,5.186794281005859,6,-0.04588906839489937,0.8230628371238708,-0.1480531096458435,0.7802149057388306,0.11017729341983795,0.8523001074790955,-0.09979138523340225,0.8366735577583313,0.1992315798997879,0.04940090328454971,0.09604765474796295,0.0741829052567482,0.0523785799741745,0.2432582825422287,0.01418703980743885,0.11102639883756638,0.007942906580865383,0.1523437201976776
70,TTO,Trinidad and Tobago,2022,2.058638334274292,0.3492204248905182,5.186794281005859,6,-0.04588906839489937,0.8230628371238708,-0.1480531096458435,0.7802149057388306,0.11017729341983795,0.8523001074790955,-0.09979138523340225,0.8366735577583313,0.1992315798997879,0.04940090328454971,0.09604765474796295,0.0741829052567482,0.0523785799741745,0.2432582825422287,0.01418703980743885,0.11102639883756638,0.007942906580865383,0.1523437201976776
70,TTO,Trinidad and Tobago,2023,2.058638334274292,0.3231556713581085,5.186794281005859,6,-0.04588906839489937,0.8230628371238708,-0.1480531096458435,0.7802149057388306,0.11017729341983795,0.8523001074790955,-0.09979138523340225,0.8366735577583313,0.1992315798997879,0.04940090328454971,0.09604765474796295,0.0741829052567482,0.0523785799741745,0.2432582825422287,0.01418703980743885,0.11102639883756638,0.007942906580865383,0.1523437201976776
71,TUR,Turkey,2018,-0.10262159258127213,0.5811126232147217,5.086195945739746,6,-0.3568929135799408,-0.06314275413751602,-0.3960716426372528,-0.059855591505765915,-0.2856121361255646,-0.06538575887680054,-0.3889949917793274,-0.06418692320585251,0.18122196197509766,0.05154891684651375,0.10741005092859268,0.09142308682203293,0.036156944930553436,0.2832375168800354,0.01340955775231123,0.10372821986675262,0.00858627911657095,0.123277448117733
71,TUR,Turkey,2019,-1.772402048110962,0.9888936877250671,5.086195945739746,6,-0.3568929135799408,-0.06314275413751602,-0.3960716426372528,-0.059855591505765915,-0.2856121361255646,-0.06538575887680054,-0.3889949917793274,-0.06418692320585251,0.18122196197509766,0.05154891684651375,0.10741005092859268,0.09142308682203293,0.036156944930553436,0.2832375168800354,0.01340955775231123,0.10372821986675262,0.00858627911657095,0.123277448117733
71,TUR,Turkey,2020,-1.959740161895752,0.8328891396522522,5.086195945739746,6,-0.3568929135799408,-0.06314275413751602,-0.3960716426372528,-0.059855591505765915,-0.2856121361255646,-0.06538575887680054,-0.3889949917793274,-0.06418692320585251,0.18122196197509766,0.05154891684651375,0.10741005092859268,0.09142308682203293,0.036156944930553436,0.2832375168800354,0.01340955775231123,0.10372821986675262,0.00858627911657095,0.123277448117733
71,TUR,Turkey,2021,-1.391783356666565,0.8013519048690796,5.086195945739746,6,-0.3568929135799408,-0.06314275413751602,-0.3960716426372528,-0.059855591505765915,-0.2856121361255646,-0.06538575887680054,-0.3889949917793274,-0.06418692320585251,0.18122196197509766,0.05154891684651375,0.10741005092859268,0.09142308682203293,0.036156944930553436,0.2832375168800354,0.01340955775231123,0.10372821986675262,0.00858627911657095,0.123277448117733
71,TUR,Turkey,2022,-1.788352370262146,0.612493097782135,5.086195945739746,6,-0.3568929135799408,-0.06314275413751602,-0.3960716426372528,-0.059855591505765915,-0.2856121361255646,-0.06538575887680054,-0.3889949917793274,-0.06418692320585251,0.18122196197509766,0.05154891684651375,0.10741005092859268,0.09142308682203293,0.036156944930553436,0.2832375168800354,0.01340955775231123,0.10372821986675262,0.00858627911657095,0.123277448117733
71,TUR,Turkey,2023,-1.6069564819335938,0.5537366271018982,5.086195945739746,6,-0.3568929135799408,-0.06314275413751602,-0.3960716426372528,-0.059855591505765915,-0.2856121361255646,-0.06538575887680054,-0.3889949917793274,-0.06418692320585251,0.18122196197509766,0.05154891684651375,0.10741005092859268,0.09142308682203293,0.036156944930553436,0.2832375168800354,0.01340955775231123,0.10372821986675262,0.00858627911657095,0.123277448117733
72,UKR,Ukraine,2018,-3.635014295578003,0.7575964331626892,4.9781928062438965,6,-1.2346214056015015,-1.0222278833389282,-1.3236093521118164,-0.9690116047859192,-1.1485481262207031,-1.0585401058197021,-1.2317067384719849,-1.0391321182250977,0.16015124320983887,0.05479975789785385,0.11939055472612381,0.11302247643470764,0.024654602631926537,0.3169264495372772,0.01316946279257536,0.09394950419664383,0.009792718105018139,0.09414318203926086
72,UKR,Ukraine,2019,-4.1212358474731445,0.9278084635734558,4.9781928062438965,6,-1.2346214056015015,-1.0222278833389282,-1.3236093521118164,-0.9690116047859192,-1.1485481262207031,-1.0585401058197021,-1.2317067384719849,-1.0391321182250977,0.16015124320983887,0.05479975789785385,0.11939055472612381,0.11302247643470764,0.024654602631926537,0.3169264495372772,0.01316946279257536,0.09394950419664383,0.009792718105018139,0.09414318203926086
72,UKR,Ukraine,2020,-5.126094341278076,0.9058325886726379,4.9781928062438965,6,-1.2346214056015015,-1.0222278833389282,-1.3236093521118164,-0.9690116047859192,-1.1485481262207031,-1.0585401058197021,-1.2317067384719849,-1.0391321182250977,0.16015124320983887,0.05479975789785385,0.11939055472612381,0.11302247643470764,0.024654602631926537,0.3169264495372772,0.01316946279257536,0.09394950419664383,0.009792718105018139,0.09414318203926086
72,UKR,Ukraine,2021,-7.988569259643555,0.5496891140937805,4.9781928062438965,6,-1.2346214056015015,-1.0222278833389282,-1.3236093521118164,-0.9690116047859192,-1.1485481262207031,-1.0585401058197021,-1.2317067384719849,-1.0391321182250977,0.16015124320983887,0.05479975789785385,0.11939055472612381,0.11302247643470764,0.024654602631926537,0.3169264495372772,0.01316946279257536,0.09394950419664383,0.009792718105018139,0.09414318203926086
72,UKR,Ukraine,2022,-9.796317100524902,0.5044322609901428,4.9781928062438965,6,-1.2346214056015015,-1.0222278833389282,-1.3236093521118164,-0.9690116047859192,-1.1485481262207031,-1.0585401058197021,-1.2317067384719849,-1.0391321182250977,0.16015124320983887,0.05479975789785385,0.11939055472612381,0.11302247643470764,0.024654602631926537,0.3169264495372772,0.01316946279257536,0.09394950419664383,0.009792718105018139,0.09414318203926086
72,UKR,Ukraine,2023,-9.796317100524902,0.19006067514419556,4.9781928062438965,6,-1.2346214056015015,-1.0222278833389282,-1.3236093521118164,-0.9690116047859192,-1.1485481262207031,-1.0585401058197021,-1.2317067384719849,-1.0391321182250977,0.16015124320983887,0.05479975789785385,0.11939055472612381,0.11302247643470764,0.024654602631926537,0.3169264495372772,0.01316946279257536,0.09394950419664383,0.009792718105018139,0.09414318203926086
73,USA,United States,2018,-7.697317123413086,-0.2417919635772705,5.13372278213501,6,1.167035460472107,0.34945806860923767,1.1881818771362305,0.3312655985355377,1.1316249370574951,0.3618716895580292,1.1812996864318848,0.3552369475364685,0.1899825483560562,0.05045304447412491,0.10209524631500244,0.08300070464611053,0.04297708719968796,0.26525670289993286,0.01370757445693016,0.10743454098701477,0.008235171437263489,0.13685737550258636
73,USA,United States,2019,-9.035722732543945,-0.8020206093788147,5.13372278213501,6,1.167035460472107,0.34945806860923767,1.1881818771362305,0.3312655985355377,1.1316249370574951,0.3618716895580292,1.1812996864318848,0.3552369475364685,0.1899825483560562,0.05045304447412491,0.10209524631500244,0.08300070464611053,0.04297708719968796,0.26525670289993286,0.01370757445693016,0.10743454098701477,0.008235171437263489,0.13685737550258636
73,USA,United States,2020,-10.637649536132812,-1.3181473016738892,5.13372278213501,6,1.167035460472107,0.34945806860923767,1.1881818771362305,0.3312655985355377,1.1316249370574951,0.3618716895580292,1.1812996864318848,0.3552369475364685,0.1899825483560562,0.05045304447412491,0.10209524631500244,0.08300070464611053,0.04297708719968796,0.26525670289993286,0.01370757445693016,0.10743454098701477,0.008235171437263489,0.13685737550258636
73,USA,United States,2021,-9.941286087036133,-1.7377779483795166,5.13372278213501,6,1.167035460472107,0.34945806860923767,1.1881818771362305,0.3312655985355377,1.1316249370574951,0.3618716895580292,1.1812996864318848,0.3552369475364685,0.1899825483560562,0.05045304447412491,0.10209524631500244,0.08300070464611053,0.04297708719968796,0.26525670289993286,0.01370757445693016,0.10743454098701477,0.008235171437263489,0.13685737550258636
73,USA,United States,2022,-10.715087890625,-2.0068647861480713,5.13372278213501,6,1.167035460472107,0.34945806860923767,1.1881818771362305,0.3312655985355377,1.1316249370574951,0.3618716895580292,1.1812996864318848,0.3552369475364685,0.1899825483560562,0.05045304447412491,0.10209524631500244,0.08300070464611053,0.04297708719968796,0.26525670289993286,0.01370757445693016,0.10743454098701477,0.008235171437263489,0.13685737550258636
73,USA,United States,2023,-11.726405143737793,-2.1783738136291504,5.13372278213501,6,1.167035460472107,0.34945806860923767,1.1881818771362305,0.3312655985355377,1.1316249370574951,0.3618716895580292,1.1812996864318848,0.3552369475364685,0.1899825483560562,0.05045304447412491,0.10209524631500244,0.08300070464611053,0.04297708719968796,0.26525670289993286,0.01370757445693016,0.10743454098701477,0.008235171437263489,0.13685737550258636
74,UZB,Uzbekistan,2018,1.4206937551498413,0.1981627345085144,4.962313652038574,6,-1.8003510236740112,-1.170624017715454,-1.597791075706482,-1.109682321548462,-2.1902878284454346,-1.212207555770874,-1.6129741668701172,-1.1899821758270264,0.1569811999797821,0.05539311468601227,0.12114977091550827,0.11652801185846329,0.023334817960858345,0.32085946202278137,0.013188681565225124,0.09239256381988525,0.010031129233539104,0.09014122188091278
74,UZB,Uzbekistan,2019,0.9323561787605286,0.48822060227394104,4.962313652038574,6,-1.8003510236740112,-1.170624017715454,-1.597791075706482,-1.109682321548462,-2.1902878284454346,-1.212207555770874,-1.6129741668701172,-1.1899821758270264,0.1569811999797821,0.05539311468601227,0.12114977091550827,0.11652801185846329,0.023334817960858345,0.32085946202278137,0.013188681565225124,0.09239256381988525,0.010031129233539104,0.09014122188091278
74,UZB,Uzbekistan,2020,1.6637600660324097,0.4529346525669098,4.962313652038574,6,-1.8003510236740112,-1.170624017715454,-1.597791075706482,-1.109682321548462,-2.1902878284454346,-1.212207555770874,-1.6129741668701172,-1.1899821758270264,0.1569811999797821,0.05539311468601227,0.12114977091550827,0.11652801185846329,0.023334817960858345,0.32085946202278137,0.013188681565225124,0.09239256381988525,0.010031129233539104,0.09014122188091278
74,UZB,Uzbekistan,2021,1.6973286867141724,0.1985008418560028,4.962313652038574,6,-1.8003510236740112,-1.170624017715454,-1.597791075706482,-1.109682321548462,-2.1902878284454346,-1.212207555770874,-1.6129741668701172,-1.1899821758270264,0.1569811999797821,0.05539311468601227,0.12114977091550827,0.11652801185846329,0.023334817960858345,0.32085946202278137,0.013188681565225124,0.09239256381988525,0.010031129233539104,0.09014122188091278
74,UZB,Uzbekistan,2022,0.9835667014122009,0.15397772192955017,4.962313652038574,6,-1.8003510236740112,-1.170624017715454,-1.597791075706482,-1.109682321548462,-2.1902878284454346,-1.212207555770874,-1.6129741668701172,-1.1899821758270264,0.1569811999797821,0.05539311468601227,0.12114977091550827,0.11652801185846329,0.023334817960858345,0.32085946202278137,0.013188681565225124,0.09239256381988525,0.010031129233539104,0.09014122188091278
74,UZB,Uzbekistan,2023,0.9794012308120728,-0.03523380309343338,4.962313652038574,6,-1.8003510236740112,-1.170624017715454,-1.597791075706482,-1.109682321548462,-2.1902878284454346,-1.212207555770874,-1.6129741668701172,-1.1899821758270264,0.1569811999797821,0.05539311468601227,0.12114977091550827,0.11652801185846329,0.023334817960858345,0.32085946202278137,0.013188681565225124,0.09239256381988525,0.010031129233539104,0.09014122188091278
75,VEN,Venezuela,2018,4.365685939788818,-0.8049368858337402,4.9642510414123535,6,-1.5081526041030884,-1.1523680686950684,-1.3741530179977417,-1.0923768281936646,-1.5062425136566162,-1.193303108215332,-1.6440623998641968,-1.171424388885498,0.15736831724643707,0.05531882494688034,0.1209351196885109,0.11609543859958649,0.023491472005844116,0.3203955590724945,0.013185527175664902,0.09258375316858292,0.010001036338508129,0.09062491357326508
75,VEN,Venezuela,2019,4.361935615539551,-0.3807567358016968,4.9642510414123535,6,-1.5081526041030884,-1.1523680686950684,-1.3741530179977417,-1.0923768281936646,-1.5062425136566162,-1.193303108215332,-1.6440623998641968,-1.171424388885498,0.15736831724643707,0.05531882494688034,0.1209351196885109,0.11609543859958649,0.023491472005844116,0.3203955590724945,0.013185527175664902,0.09258375316858292,0.010001036338508129,0.09062491357326508
75,VEN,Venezuela,2020,-2.0265071392059326,-0.39608702063560486,4.9642510414123535,6,-1.5081526041030884,-1.1523680686950684,-1.3741530179977417,-1.0923768281936646,-1.5062425136566162,-1.193303108215332,-1.6440623998641968,-1.171424388885498,0.15736831724643707,0.05531882494688034,0.1209351196885109,0.11609543859958649,0.023491472005844116,0.3203955590724945,0.013185527175664902,0.09258375316858292,0.010001036338508129,0.09062491357326508
75,VEN,Venezuela,2021,-2.5107500553131104,-0.4666871130466461,4.9642510414123535,6,-1.5081526041030884,-1.1523680686950684,-1.3741530179977417,-1.0923768281936646,-1.5062425136566162,-1.193303108215332,-1.6440623998641968,-1.171424388885498,0.15736831724643707,0.05531882494688034,0.1209351196885109,0.11609543859958649,0.023491472005844116,0.3203955590724945,0.013185527175664902,0.09258375316858292,0.010001036338508129,0.09062491357326508
75,VEN,Venezuela,2022,-2.220579147338867,-0.46070775389671326,4.9642510414123535,6,-1.5081526041030884,-1.1523680686950684,-1.3741530179977417,-1.0923768281936646,-1.5062425136566162,-1.193303108215332,-1.6440623998641968,-1.171424388885498,0.15736831724643707,0.05531882494688034,0.1209351196885109,0.11609543859958649,0.023491472005844116,0.3203955590724945,0.013185527175664902,0.09258375316858292,0.010001036338508129,0.09062491357326508
75,VEN,Venezuela,2023,-2.2290172576904297,-0.4441176950931549,4.9642510414123535,6,-1.5081526041030884,-1.1523680686950684,-1.3741530179977417,-1.0923768281936646,-1.5062425136566162,-1.193303108215332,-1.6440623998641968,-1.171424388885498,0.15736831724643707,0.05531882494688034,0.1209351196885109,0.11609543859958649,0.023491472005844116,0.3203955590724945,0.013185527175664902,0.09258375316858292,0.010001036338508129,0.09062491357326508
76,VNM,Vietnam,2018,1.8500128984451294,0.7210431694984436,4.980895519256592,6,-1.0041168928146362,-0.9972313046455383,-0.9023603796958923,-0.9453163146972656,-1.090646505355835,-1.0326554775238037,-1.0193438529968262,-1.0137221813201904,0.16069014370441437,0.05470218136906624,0.11909108608961105,0.11243469268083572,0.024887565523386,0.3162277042865753,0.013167683966457844,0.09421215951442719,0.009753947146236897,0.09483281522989273
76,VNM,Vietnam,2019,3.117563009262085,1.3557473421096802,4.980895519256592,6,-1.0041168928146362,-0.9972313046455383,-0.9023603796958923,-0.9453163146972656,-1.090646505355835,-1.0326554775238037,-1.0193438529968262,-1.0137221813201904,0.16069014370441437,0.05470218136906624,0.11909108608961105,0.11243469268083572,0.024887565523386,0.3162277042865753,0.013167683966457844,0.09421215951442719,0.009753947146236897,0.09483281522989273
76,VNM,Vietnam,2020,2.663336753845215,1.359311580657959,4.980895519256592,6,-1.0041168928146362,-0.9972313046455383,-0.9023603796958923,-0.9453163146972656,-1.090646505355835,-1.0326554775238037,-1.0193438529968262,-1.0137221813201904,0.16069014370441437,0.05470218136906624,0.11909108608961105,0.11243469268083572,0.024887565523386,0.3162277042865753,0.013167683966457844,0.09421215951442719,0.009753947146236897,0.09483281522989273
76,VNM,Vietnam,2021,1.7106215953826904,1.4595799446105957,4.980895519256592,6,-1.0041168928146362,-0.9972313046455383,-0.9023603796958923,-0.9453163146972656,-1.090646505355835,-1.0326554775238037,-1.0193438529968262,-1.0137221813201904,0.16069014370441437,0.05470218136906624,0.11909108608961105,0.11243469268083572,0.024887565523386,0.3162277042865753,0.013167683966457844,0.09421215951442719,0.009753947146236897,0.09483281522989273
76,VNM,Vietnam,2022,0.6460008025169373,1.5328493118286133,4.980895519256592,6,-1.0041168928146362,-0.9972313046455383,-0.9023603796958923,-0.9453163146972656,-1.090646505355835,-1.0326554775238037,-1.0193438529968262,-1.0137221813201904,0.16069014370441437,0.05470218136906624,0.11909108608961105,0.11243469268083572,0.024887565523386,0.3162277042865753,0.013167683966457844,0.09421215951442719,0.009753947146236897,0.09483281522989273
76,VNM,Vietnam,2023,1.6631464958190918,1.4762476682662964,4.980895519256592,6,-1.0041168928146362,-0.9972313046455383,-0.9023603796958923,-0.9453163146972656,-1.090646505355835,-1.0326554775238037,-1.0193438529968262,-1.0137221813201904,0.16069014370441437,0.05470218136906624,0.11909108608961105,0.11243469268083572,0.024887565523386,0.3162277042865753,0.013167683966457844,0.09421215951442719,0.009753947146236897,0.09483281522989273
77,ZAF,South Africa,2018,-6.3950324058532715,0.7581453919410706,5.1573991775512695,6,-0.0641661062836647,0.5579354166984558,-0.015326484106481075,0.5288897156715393,0.13372927904129028,0.5777546167373657,-0.31090110540390015,0.5671617388725281,0.19418421387672424,0.0499638170003891,0.0994180291891098,0.07900132238864899,0.046904340386390686,0.25568878650665283,0.013901101425290108,0.1091131791472435,0.00809265673160553,0.14373260736465454
77,ZAF,South Africa,2019,-8.257451057434082,1.0017367601394653,5.1573991775512695,6,-0.0641661062836647,0.5579354166984558,-0.015326484106481075,0.5288897156715393,0.13372927904129028,0.5777546167373657,-0.31090110540390015,0.5671617388725281,0.19418421387672424,0.0499638170003891,0.0994180291891098,0.07900132238864899,0.046904340386390686,0.25568878650665283,0.013901101425290108,0.1091131791472435,0.00809265673160553,0.14373260736465454
77,ZAF,South Africa,2020,-7.980379581451416,0.8126704692840576,5.1573991775512695,6,-0.0641661062836647,0.5579354166984558,-0.015326484106481075,0.5288897156715393,0.13372927904129028,0.5777546167373657,-0.31090110540390015,0.5671617388725281,0.19418421387672424,0.0499638170003891,0.0994180291891098,0.07900132238864899,0.046904340386390686,0.25568878650665283,0.013901101425290108,0.1091131791472435,0.00809265673160553,0.14373260736465454
77,ZAF,South Africa,2021,-12.659340858459473,0.7044150829315186,5.1573991775512695,6,-0.0641661062836647,0.5579354166984558,-0.015326484106481075,0.5288897156715393,0.13372927904129028,0.5777546167373657,-0.31090110540390015,0.5671617388725281,0.19418421387672424,0.0499638170003891,0.0994180291891098,0.07900132238864899,0.046904340386390686,0.25568878650665283,0.013901101425290108,0.1091131791472435,0.00809265673160553,0.14373260736465454
77,ZAF,South Africa,2022,-15.694624900817871,0.5050653219223022,5.1573991775512695,6,-0.0641661062836647,0.5579354166984558,-0.015326484106481075,0.5288897156715393,0.13372927904129028,0.5777546167373657,-0.31090110540390015,0.5671617388725281,0.19418421387672424,0.0499638170003891,0.0994180291891098,0.07900132238864899,0.046904340386390686,0.25568878650665283,0.013901101425290108,0.1091131791472435,0.00809265673160553,0.14373260736465454
77,ZAF,South Africa,2023,-19.3819637298584,0.4114215672016144,5.1573991775512695,6,-0.0641661062836647,0.5579354166984558,-0.015326484106481075,0.5288897156715393,0.13372927904129028,0.5777546167373657,-0.31090110540390015,0.5671617388725281,0.19418421387672424,0.0499638170003891,0.0994180291891098,0.07900132238864899,0.046904340386390686,0.25568878650665283,0.013901101425290108,0.1091131791472435,0.00809265673160553,0.14373260736465454
