entity_id,entity_code,entity_name,year,y_true,y_pred,k_star,omega_peak,proxy_signal_true,proxy_signal_pred,proxy_1_true,proxy_1_pred,proxy_2_true,proxy_2_pred,proxy_3_true,proxy_3_pred,omega_1,omega_2,omega_3,omega_4,omega_5,omega_6,omega_7,omega_8,omega_9,omega_10
0,ARE,United Arab Emirates,2018,-77.53056335449219,-0.1679842323064804,4.673050880432129,6,0.18880443274974823,-0.06916610151529312,0.332748681306839,0.03965964913368225,0.2764120101928711,-0.07536129653453827,-0.042747389525175095,-0.17179666459560394,0.09384145587682724,0.06888511776924133,0.14883209764957428,0.027843156829476357,0.246131032705307,0.3479258120059967,0.018473323434591293,0.014663059264421463,0.015307356603443623,0.018097620457410812
0,ARE,United Arab Emirates,2019,-233.2926788330078,-0.6352861523628235,4.673050880432129,6,0.18880443274974823,-0.06916610151529312,0.332748681306839,0.03965964913368225,0.2764120101928711,-0.07536129653453827,-0.042747389525175095,-0.17179666459560394,0.09384145587682724,0.06888511776924133,0.14883209764957428,0.027843156829476357,0.246131032705307,0.3479258120059967,0.018473323434591293,0.014663059264421463,0.015307356603443623,0.018097620457410812
0,ARE,United Arab Emirates,2020,-435.1805725097656,-1.012178659439087,4.673050880432129,6,0.18880443274974823,-0.06916610151529312,0.332748681306839,0.03965964913368225,0.2764120101928711,-0.07536129653453827,-0.042747389525175095,-0.17179666459560394,0.09384145587682724,0.06888511776924133,0.14883209764957428,0.027843156829476357,0.246131032705307,0.3479258120059967,0.018473323434591293,0.014663059264421463,0.015307356603443623,0.018097620457410812
0,ARE,United Arab Emirates,2021,-1001.4480590820312,-1.265733242034912,4.673050880432129,6,0.18880443274974823,-0.06916610151529312,0.332748681306839,0.03965964913368225,0.2764120101928711,-0.07536129653453827,-0.042747389525175095,-0.17179666459560394,0.09384145587682724,0.06888511776924133,0.14883209764957428,0.027843156829476357,0.246131032705307,0.3479258120059967,0.018473323434591293,0.014663059264421463,0.015307356603443623,0.018097620457410812
0,ARE,United Arab Emirates,2022,-1657.7239990234375,-1.4185584783554077,4.673050880432129,6,0.18880443274974823,-0.06916610151529312,0.332748681306839,0.03965964913368225,0.2764120101928711,-0.07536129653453827,-0.042747389525175095,-0.17179666459560394,0.09384145587682724,0.06888511776924133,0.14883209764957428,0.027843156829476357,0.246131032705307,0.3479258120059967,0.018473323434591293,0.014663059264421463,0.015307356603443623,0.018097620457410812
0,ARE,United Arab Emirates,2023,-2705.017333984375,-1.507754921913147,4.673050880432129,6,0.18880443274974823,-0.06916610151529312,0.332748681306839,0.03965964913368225,0.2764120101928711,-0.07536129653453827,-0.042747389525175095,-0.17179666459560394,0.09384145587682724,0.06888511776924133,0.14883209764957428,0.027843156829476357,0.246131032705307,0.3479258120059967,0.018473323434591293,0.014663059264421463,0.015307356603443623,0.018097620457410812
1,ARG,Argentina,2018,1.6428788900375366,0.36580824851989746,4.673077583312988,6,-0.6909387707710266,-0.0689302459359169,-0.40908560156822205,0.03952440991997719,-0.8905236124992371,-0.07510431110858917,-0.7732071280479431,-0.17121084034442902,0.093840092420578,0.06888275593519211,0.1488194763660431,0.027841003611683846,0.2461734116077423,0.3478986620903015,0.018474986776709557,0.014660447835922241,0.015309425070881844,0.018099745735526085
1,ARG,Argentina,2019,1.1453611850738525,0.7539339065551758,4.673077583312988,6,-0.6909387707710266,-0.0689302459359169,-0.40908560156822205,0.03952440991997719,-0.8905236124992371,-0.07510431110858917,-0.7732071280479431,-0.17121084034442902,0.093840092420578,0.06888275593519211,0.1488194763660431,0.027841003611683846,0.2461734116077423,0.3478986620903015,0.018474986776709557,0.014660447835922241,0.015309425070881844,0.018099745735526085
1,ARG,Argentina,2020,1.0582135915756226,0.8998396396636963,4.673077583312988,6,-0.6909387707710266,-0.0689302459359169,-0.40908560156822205,0.03952440991997719,-0.8905236124992371,-0.07510431110858917,-0.7732071280479431,-0.17121084034442902,0.093840092420578,0.06888275593519211,0.1488194763660431,0.027841003611683846,0.2461734116077423,0.3478986620903015,0.018474986776709557,0.014660447835922241,0.015309425070881844,0.018099745735526085
1,ARG,Argentina,2021,1.4250097274780273,0.9430678486824036,4.673077583312988,6,-0.6909387707710266,-0.0689302459359169,-0.40908560156822205,0.03952440991997719,-0.8905236124992371,-0.07510431110858917,-0.7732071280479431,-0.17121084034442902,0.093840092420578,0.06888275593519211,0.1488194763660431,0.027841003611683846,0.2461734116077423,0.3478986620903015,0.018474986776709557,0.014660447835922241,0.015309425070881844,0.018099745735526085
1,ARG,Argentina,2022,0.9982249736785889,0.9364394545555115,4.673077583312988,6,-0.6909387707710266,-0.0689302459359169,-0.40908560156822205,0.03952440991997719,-0.8905236124992371,-0.07510431110858917,-0.7732071280479431,-0.17121084034442902,0.093840092420578,0.06888275593519211,0.1488194763660431,0.027841003611683846,0.2461734116077423,0.3478986620903015,0.018474986776709557,0.014660447835922241,0.015309425070881844,0.018099745735526085
1,ARG,Argentina,2023,-0.24900130927562714,0.959482729434967,4.673077583312988,6,-0.6909387707710266,-0.0689302459359169,-0.40908560156822205,0.03952440991997719,-0.8905236124992371,-0.07510431110858917,-0.7732071280479431,-0.17121084034442902,0.093840092420578,0.06888275593519211,0.1488194763660431,0.027841003611683846,0.2461734116077423,0.3478986620903015,0.018474986776709557,0.014660447835922241,0.015309425070881844,0.018099745735526085
2,AUS,Australia,2018,-7.367125034332275,-0.5164716839790344,4.681394100189209,6,1.25566828250885,0.0034144623205065727,1.2781401872634888,-0.0019578528590500355,1.1565734148025513,0.003720307955518365,1.3322911262512207,0.008480931632220745,0.0934208557009697,0.06816963851451874,0.1449545919895172,0.0272050853818655,0.25930696725845337,0.3393160402774811,0.019002346321940422,0.013888711109757423,0.015965567901730537,0.01877024583518505
2,AUS,Australia,2019,-8.657783508300781,-0.7888829112052917,4.681394100189209,6,1.25566828250885,0.0034144623205065727,1.2781401872634888,-0.0019578528590500355,1.1565734148025513,0.003720307955518365,1.3322911262512207,0.008480931632220745,0.0934208557009697,0.06816963851451874,0.1449545919895172,0.0272050853818655,0.25930696725845337,0.3393160402774811,0.019002346321940422,0.013888711109757423,0.015965567901730537,0.01877024583518505
2,AUS,Australia,2020,-10.614906311035156,-1.039366602897644,4.681394100189209,6,1.25566828250885,0.0034144623205065727,1.2781401872634888,-0.0019578528590500355,1.1565734148025513,0.003720307955518365,1.3322911262512207,0.008480931632220745,0.0934208557009697,0.06816963851451874,0.1449545919895172,0.0272050853818655,0.25930696725845337,0.3393160402774811,0.019002346321940422,0.013888711109757423,0.015965567901730537,0.01877024583518505
2,AUS,Australia,2021,-13.180018424987793,-1.239060878753662,4.681394100189209,6,1.25566828250885,0.0034144623205065727,1.2781401872634888,-0.0019578528590500355,1.1565734148025513,0.003720307955518365,1.3322911262512207,0.008480931632220745,0.0934208557009697,0.06816963851451874,0.1449545919895172,0.0272050853818655,0.25930696725845337,0.3393160402774811,0.019002346321940422,0.013888711109757423,0.015965567901730537,0.01877024583518505
2,AUS,Australia,2022,-15.15616226196289,-1.3816335201263428,4.681394100189209,6,1.25566828250885,0.0034144623205065727,1.2781401872634888,-0.0019578528590500355,1.1565734148025513,0.003720307955518365,1.3322911262512207,0.008480931632220745,0.0934208557009697,0.06816963851451874,0.1449545919895172,0.0272050853818655,0.25930696725845337,0.3393160402774811,0.019002346321940422,0.013888711109757423,0.015965567901730537,0.01877024583518505
2,AUS,Australia,2023,-16.646900177001953,-1.4751801490783691,4.681394100189209,6,1.25566828250885,0.0034144623205065727,1.2781401872634888,-0.0019578528590500355,1.1565734148025513,0.003720307955518365,1.3322911262512207,0.008480931632220745,0.0934208557009697,0.06816963851451874,0.1449545919895172,0.0272050853818655,0.25930696725845337,0.3393160402774811,0.019002346321940422,0.013888711109757423,0.015965567901730537,0.01877024583518505
3,AUT,Austria,2018,-3.331990957260132,0.36285215616226196,4.683106422424316,6,1.3129711151123047,0.018286431208252907,1.3305449485778809,-0.010485400445759296,1.1512476205825806,0.019924359396100044,1.4571207761764526,0.045420337468385696,0.09333398193120956,0.06802555173635483,0.14416131377220154,0.027079768478870392,0.2620372474193573,0.3374909460544586,0.019115105271339417,0.013737217523157597,0.016105959191918373,0.0189129076898098
3,AUT,Austria,2019,-3.5629565715789795,0.1646033674478531,4.683106422424316,6,1.3129711151123047,0.018286431208252907,1.3305449485778809,-0.010485400445759296,1.1512476205825806,0.019924359396100044,1.4571207761764526,0.045420337468385696,0.09333398193120956,0.06802555173635483,0.14416131377220154,0.027079768478870392,0.2620372474193573,0.3374909460544586,0.019115105271339417,0.013737217523157597,0.016105959191918373,0.0189129076898098
3,AUT,Austria,2020,-4.44062614440918,-0.04132889211177826,4.683106422424316,6,1.3129711151123047,0.018286431208252907,1.3305449485778809,-0.010485400445759296,1.1512476205825806,0.019924359396100044,1.4571207761764526,0.045420337468385696,0.09333398193120956,0.06802555173635483,0.14416131377220154,0.027079768478870392,0.2620372474193573,0.3374909460544586,0.019115105271339417,0.013737217523157597,0.016105959191918373,0.0189129076898098
3,AUT,Austria,2021,-4.349145412445068,-0.19560818374156952,4.683106422424316,6,1.3129711151123047,0.018286431208252907,1.3305449485778809,-0.010485400445759296,1.1512476205825806,0.019924359396100044,1.4571207761764526,0.045420337468385696,0.09333398193120956,0.06802555173635483,0.14416131377220154,0.027079768478870392,0.2620372474193573,0.3374909460544586,0.019115105271339417,0.013737217523157597,0.016105959191918373,0.0189129076898098
3,AUT,Austria,2022,-4.098706245422363,-0.2915353775024414,4.683106422424316,6,1.3129711151123047,0.018286431208252907,1.3305449485778809,-0.010485400445759296,1.1512476205825806,0.019924359396100044,1.4571207761764526,0.045420337468385696,0.09333398193120956,0.06802555173635483,0.14416131377220154,0.027079768478870392,0.2620372474193573,0.3374909460544586,0.019115105271339417,0.013737217523157597,0.016105959191918373,0.0189129076898098
3,AUT,Austria,2023,-5.443741798400879,-0.36387962102890015,4.683106422424316,6,1.3129711151123047,0.018286431208252907,1.3305449485778809,-0.010485400445759296,1.1512476205825806,0.019924359396100044,1.4571207761764526,0.045420337468385696,0.09333398193120956,0.06802555173635483,0.14416131377220154,0.027079768478870392,0.2620372474193573,0.3374909460544586,0.019115105271339417,0.013737217523157597,0.016105959191918373,0.0189129076898098
4,AZE,Azerbaijan,2018,3.094372272491455,-0.49499863386154175,4.681656837463379,6,-1.294363021850586,0.005694855470210314,-1.4495718479156494,-0.0032654243987053633,-1.172594428062439,0.0062049562111496925,-1.2609230279922485,0.014145035296678543,0.09340754896402359,0.06814748793840408,0.14483292400836945,0.027185751125216484,0.25972500443458557,0.3390374779701233,0.019019540399312973,0.01386532373726368,0.01598697155714035,0.018792012706398964
4,AZE,Azerbaijan,2019,3.558119297027588,-0.11513526737689972,4.681656837463379,6,-1.294363021850586,0.005694855470210314,-1.4495718479156494,-0.0032654243987053633,-1.172594428062439,0.0062049562111496925,-1.2609230279922485,0.014145035296678543,0.09340754896402359,0.06814748793840408,0.14483292400836945,0.027185751125216484,0.25972500443458557,0.3390374779701233,0.019019540399312973,0.01386532373726368,0.01598697155714035,0.018792012706398964
4,AZE,Azerbaijan,2020,4.490204811096191,0.024502158164978027,4.681656837463379,6,-1.294363021850586,0.005694855470210314,-1.4495718479156494,-0.0032654243987053633,-1.172594428062439,0.0062049562111496925,-1.2609230279922485,0.014145035296678543,0.09340754896402359,0.06814748793840408,0.14483292400836945,0.027185751125216484,0.25972500443458557,0.3390374779701233,0.019019540399312973,0.01386532373726368,0.01598697155714035,0.018792012706398964
4,AZE,Azerbaijan,2021,4.194814682006836,0.09034112095832825,4.681656837463379,6,-1.294363021850586,0.005694855470210314,-1.4495718479156494,-0.0032654243987053633,-1.172594428062439,0.0062049562111496925,-1.2609230279922485,0.014145035296678543,0.09340754896402359,0.06814748793840408,0.14483292400836945,0.027185751125216484,0.25972500443458557,0.3390374779701233,0.019019540399312973,0.01386532373726368,0.01598697155714035,0.018792012706398964
4,AZE,Azerbaijan,2022,3.8313167095184326,0.0831371396780014,4.681656837463379,6,-1.294363021850586,0.005694855470210314,-1.4495718479156494,-0.0032654243987053633,-1.172594428062439,0.0062049562111496925,-1.2609230279922485,0.014145035296678543,0.09340754896402359,0.06814748793840408,0.14483292400836945,0.027185751125216484,0.25972500443458557,0.3390374779701233,0.019019540399312973,0.01386532373726368,0.01598697155714035,0.018792012706398964
4,AZE,Azerbaijan,2023,3.7241804599761963,0.018423698842525482,4.681656837463379,6,-1.294363021850586,0.005694855470210314,-1.4495718479156494,-0.0032654243987053633,-1.172594428062439,0.0062049562111496925,-1.2609230279922485,0.014145035296678543,0.09340754896402359,0.06814748793840408,0.14483292400836945,0.027185751125216484,0.25972500443458557,0.3390374779701233,0.019019540399312973,0.01386532373726368,0.01598697155714035,0.018792012706398964
5,BEL,Belgium,2018,-2.035623550415039,-0.6297149062156677,4.673388481140137,6,0.9798359274864197,-0.06622347980737686,1.2219529151916504,0.037972357124090195,0.8175865411758423,-0.07215510308742523,0.8999684453010559,-0.16448768973350525,0.09382449835538864,0.06885571032762527,0.1486748307943344,0.027816414833068848,0.2466598004102707,0.34758684039115906,0.018494082614779472,0.014630512334406376,0.015333179384469986,0.01812412403523922
5,BEL,Belgium,2019,-3.1006269454956055,-0.9503735303878784,4.673388481140137,6,0.9798359274864197,-0.06622347980737686,1.2219529151916504,0.037972357124090195,0.8175865411758423,-0.07215510308742523,0.8999684453010559,-0.16448768973350525,0.09382449835538864,0.06885571032762527,0.1486748307943344,0.027816414833068848,0.2466598004102707,0.34758684039115906,0.018494082614779472,0.014630512334406376,0.015333179384469986,0.01812412403523922
5,BEL,Belgium,2020,-2.7479605674743652,-1.2142314910888672,4.673388481140137,6,0.9798359274864197,-0.06622347980737686,1.2219529151916504,0.037972357124090195,0.8175865411758423,-0.07215510308742523,0.8999684453010559,-0.16448768973350525,0.09382449835538864,0.06885571032762527,0.1486748307943344,0.027816414833068848,0.2466598004102707,0.34758684039115906,0.018494082614779472,0.014630512334406376,0.015333179384469986,0.01812412403523922
5,BEL,Belgium,2021,-3.9674084186553955,-1.4039053916931152,4.673388481140137,6,0.9798359274864197,-0.06622347980737686,1.2219529151916504,0.037972357124090195,0.8175865411758423,-0.07215510308742523,0.8999684453010559,-0.16448768973350525,0.09382449835538864,0.06885571032762527,0.1486748307943344,0.027816414833068848,0.2466598004102707,0.34758684039115906,0.018494082614779472,0.014630512334406376,0.015333179384469986,0.01812412403523922
5,BEL,Belgium,2022,-3.700895071029663,-1.5290966033935547,4.673388481140137,6,0.9798359274864197,-0.06622347980737686,1.2219529151916504,0.037972357124090195,0.8175865411758423,-0.07215510308742523,0.8999684453010559,-0.16448768973350525,0.09382449835538864,0.06885571032762527,0.1486748307943344,0.027816414833068848,0.2466598004102707,0.34758684039115906,0.018494082614779472,0.014630512334406376,0.015333179384469986,0.01812412403523922
5,BEL,Belgium,2023,-3.867947578430176,-1.6092230081558228,4.673388481140137,6,0.9798359274864197,-0.06622347980737686,1.2219529151916504,0.037972357124090195,0.8175865411758423,-0.07215510308742523,0.8999684453010559,-0.16448768973350525,0.09382449835538864,0.06885571032762527,0.1486748307943344,0.027816414833068848,0.2466598004102707,0.34758684039115906,0.018494082614779472,0.014630512334406376,0.015333179384469986,0.01812412403523922
6,BGD,Bangladesh,2018,1.2597620487213135,-0.357119619846344,4.678839206695557,6,-1.3428869247436523,-0.018789272755384445,-1.2080445289611816,0.010773709043860435,-1.482562780380249,-0.020472215488553047,-1.3380534648895264,-0.046669311821460724,0.09355010092258453,0.06838636100292206,0.146139994263649,0.02739560231566429,0.25524845719337463,0.34200355410575867,0.01883676089346409,0.014119378291070461,0.01575946994125843,0.01856030710041523
6,BGD,Bangladesh,2019,1.4318774938583374,0.35361242294311523,4.678839206695557,6,-1.3428869247436523,-0.018789272755384445,-1.2080445289611816,0.010773709043860435,-1.482562780380249,-0.020472215488553047,-1.3380534648895264,-0.046669311821460724,0.09355010092258453,0.06838636100292206,0.146139994263649,0.02739560231566429,0.25524845719337463,0.34200355410575867,0.01883676089346409,0.014119378291070461,0.01575946994125843,0.01856030710041523
6,BGD,Bangladesh,2020,1.717698097229004,0.7104158401489258,4.678839206695557,6,-1.3428869247436523,-0.018789272755384445,-1.2080445289611816,0.010773709043860435,-1.482562780380249,-0.020472215488553047,-1.3380534648895264,-0.046669311821460724,0.09355010092258453,0.06838636100292206,0.146139994263649,0.02739560231566429,0.25524845719337463,0.34200355410575867,0.01883676089346409,0.014119378291070461,0.01575946994125843,0.01856030710041523
6,BGD,Bangladesh,2021,1.7278225421905518,0.8890921473503113,4.678839206695557,6,-1.3428869247436523,-0.018789272755384445,-1.2080445289611816,0.010773709043860435,-1.482562780380249,-0.020472215488553047,-1.3380534648895264,-0.046669311821460724,0.09355010092258453,0.06838636100292206,0.146139994263649,0.02739560231566429,0.25524845719337463,0.34200355410575867,0.01883676089346409,0.014119378291070461,0.01575946994125843,0.01856030710041523
6,BGD,Bangladesh,2022,1.5284489393234253,0.9690563082695007,4.678839206695557,6,-1.3428869247436523,-0.018789272755384445,-1.2080445289611816,0.010773709043860435,-1.482562780380249,-0.020472215488553047,-1.3380534648895264,-0.046669311821460724,0.09355010092258453,0.06838636100292206,0.146139994263649,0.02739560231566429,0.25524845719337463,0.34200355410575867,0.01883676089346409,0.014119378291070461,0.01575946994125843,0.01856030710041523
6,BGD,Bangladesh,2023,2.0307767391204834,1.0018501281738281,4.678839206695557,6,-1.3428869247436523,-0.018789272755384445,-1.2080445289611816,0.010773709043860435,-1.482562780380249,-0.020472215488553047,-1.3380534648895264,-0.046669311821460724,0.09355010092258453,0.06838636100292206,0.146139994263649,0.02739560231566429,0.25524845719337463,0.34200355410575867,0.01883676089346409,0.014119378291070461,0.01575946994125843,0.01856030710041523
7,BGR,Bulgaria,2018,-1.3296480178833008,0.44300758838653564,4.679192543029785,6,-0.42611977458000183,-0.01572376675903797,-0.6209486722946167,0.00901595689356327,-0.13856160640716553,-0.01713213138282299,-0.5188490152359009,-0.039055127650499344,0.09353230148553848,0.06835632771253586,0.14597630500793457,0.0273690577596426,0.25580742955207825,0.34163525700569153,0.01885942555963993,0.014087207615375519,0.015787679702043533,0.0185890793800354
7,BGR,Bulgaria,2019,-1.4306131601333618,0.9750822186470032,4.679192543029785,6,-0.42611977458000183,-0.01572376675903797,-0.6209486722946167,0.00901595689356327,-0.13856160640716553,-0.01713213138282299,-0.5188490152359009,-0.039055127650499344,0.09353230148553848,0.06835632771253586,0.14597630500793457,0.0273690577596426,0.25580742955207825,0.34163525700569153,0.01885942555963993,0.014087207615375519,0.015787679702043533,0.0185890793800354
7,BGR,Bulgaria,2020,-2.8135833740234375,1.206744909286499,4.679192543029785,6,-0.42611977458000183,-0.01572376675903797,-0.6209486722946167,0.00901595689356327,-0.13856160640716553,-0.01713213138282299,-0.5188490152359009,-0.039055127650499344,0.09353230148553848,0.06835632771253586,0.14597630500793457,0.0273690577596426,0.25580742955207825,0.34163525700569153,0.01885942555963993,0.014087207615375519,0.015787679702043533,0.0185890793800354
7,BGR,Bulgaria,2021,-2.0215117931365967,1.321215271949768,4.679192543029785,6,-0.42611977458000183,-0.01572376675903797,-0.6209486722946167,0.00901595689356327,-0.13856160640716553,-0.01713213138282299,-0.5188490152359009,-0.039055127650499344,0.09353230148553848,0.06835632771253586,0.14597630500793457,0.0273690577596426,0.25580742955207825,0.34163525700569153,0.01885942555963993,0.014087207615375519,0.015787679702043533,0.0185890793800354
7,BGR,Bulgaria,2022,-0.48078346252441406,1.3792989253997803,4.679192543029785,6,-0.42611977458000183,-0.01572376675903797,-0.6209486722946167,0.00901595689356327,-0.13856160640716553,-0.01713213138282299,-0.5188490152359009,-0.039055127650499344,0.09353230148553848,0.06835632771253586,0.14597630500793457,0.0273690577596426,0.25580742955207825,0.34163525700569153,0.01885942555963993,0.014087207615375519,0.015787679702043533,0.0185890793800354
7,BGR,Bulgaria,2023,-3.970643997192383,1.4065732955932617,4.679192543029785,6,-0.42611977458000183,-0.01572376675903797,-0.6209486722946167,0.00901595689356327,-0.13856160640716553,-0.01713213138282299,-0.5188490152359009,-0.039055127650499344,0.09353230148553848,0.06835632771253586,0.14597630500793457,0.0273690577596426,0.25580742955207825,0.34163525700569153,0.01885942555963993,0.014087207615375519,0.015787679702043533,0.0185890793800354
8,BLR,Belarus,2018,-2.643580675125122,-0.2594454884529114,4.679214954376221,6,-1.5520426034927368,-0.015523728914558887,-1.4920120239257812,0.008901256136596203,-1.8896420001983643,-0.01691417768597603,-1.2744739055633545,-0.038558267056941986,0.09353113919496536,0.06835436820983887,0.1459656059741974,0.027367325499653816,0.2558438777923584,0.34161120653152466,0.01886090263724327,0.014085107482969761,0.015789519995450974,0.01859094947576523
8,BLR,Belarus,2019,-3.0715856552124023,0.24713297188282013,4.679214954376221,6,-1.5520426034927368,-0.015523728914558887,-1.4920120239257812,0.008901256136596203,-1.8896420001983643,-0.01691417768597603,-1.2744739055633545,-0.038558267056941986,0.09353113919496536,0.06835436820983887,0.1459656059741974,0.027367325499653816,0.2558438777923584,0.34161120653152466,0.01886090263724327,0.014085107482969761,0.015789519995450974,0.01859094947576523
8,BLR,Belarus,2020,-3.0823307037353516,0.45264142751693726,4.679214954376221,6,-1.5520426034927368,-0.015523728914558887,-1.4920120239257812,0.008901256136596203,-1.8896420001983643,-0.01691417768597603,-1.2744739055633545,-0.038558267056941986,0.09353113919496536,0.06835436820983887,0.1459656059741974,0.027367325499653816,0.2558438777923584,0.34161120653152466,0.01886090263724327,0.014085107482969761,0.015789519995450974,0.01859094947576523
8,BLR,Belarus,2021,-14.810386657714844,0.5429301857948303,4.679214954376221,6,-1.5520426034927368,-0.015523728914558887,-1.4920120239257812,0.008901256136596203,-1.8896420001983643,-0.01691417768597603,-1.2744739055633545,-0.038558267056941986,0.09353113919496536,0.06835436820983887,0.1459656059741974,0.027367325499653816,0.2558438777923584,0.34161120653152466,0.01886090263724327,0.014085107482969761,0.015789519995450974,0.01859094947576523
8,BLR,Belarus,2022,-13.734106063842773,0.5731191039085388,4.679214954376221,6,-1.5520426034927368,-0.015523728914558887,-1.4920120239257812,0.008901256136596203,-1.8896420001983643,-0.01691417768597603,-1.2744739055633545,-0.038558267056941986,0.09353113919496536,0.06835436820983887,0.1459656059741974,0.027367325499653816,0.2558438777923584,0.34161120653152466,0.01886090263724327,0.014085107482969761,0.015789519995450974,0.01859094947576523
8,BLR,Belarus,2023,-27.134784698486328,0.5753269791603088,4.679214954376221,6,-1.5520426034927368,-0.015523728914558887,-1.4920120239257812,0.008901256136596203,-1.8896420001983643,-0.01691417768597603,-1.2744739055633545,-0.038558267056941986,0.09353113919496536,0.06835436820983887,0.1459656059741974,0.027367325499653816,0.2558438777923584,0.34161120653152466,0.01886090263724327,0.014085107482969761,0.015789519995450974,0.01859094947576523
9,BRA,Brazil,2018,4.812175750732422,0.04723629355430603,4.676874160766602,6,-0.532637357711792,-0.03588768467307091,-0.5499132871627808,0.020577892661094666,-0.37875303626060486,-0.03910212963819504,-0.669245719909668,-0.08913881331682205,0.09364928305149078,0.06855455040931702,0.14705346524715424,0.027545111253857613,0.25213900208473206,0.344041645526886,0.018711494281888008,0.014300713315606117,0.015603612177073956,0.018401142209768295
9,BRA,Brazil,2019,5.404086589813232,0.255179226398468,4.676874160766602,6,-0.532637357711792,-0.03588768467307091,-0.5499132871627808,0.020577892661094666,-0.37875303626060486,-0.03910212963819504,-0.669245719909668,-0.08913881331682205,0.09364928305149078,0.06855455040931702,0.14705346524715424,0.027545111253857613,0.25213900208473206,0.344041645526886,0.018711494281888008,0.014300713315606117,0.015603612177073956,0.018401142209768295
9,BRA,Brazil,2020,4.385476589202881,0.35163599252700806,4.676874160766602,6,-0.532637357711792,-0.03588768467307091,-0.5499132871627808,0.020577892661094666,-0.37875303626060486,-0.03910212963819504,-0.669245719909668,-0.08913881331682205,0.09364928305149078,0.06855455040931702,0.14705346524715424,0.027545111253857613,0.25213900208473206,0.344041645526886,0.018711494281888008,0.014300713315606117,0.015603612177073956,0.018401142209768295
9,BRA,Brazil,2021,8.511026382446289,0.5038741230964661,4.676874160766602,6,-0.532637357711792,-0.03588768467307091,-0.5499132871627808,0.020577892661094666,-0.37875303626060486,-0.03910212963819504,-0.669245719909668,-0.08913881331682205,0.09364928305149078,0.06855455040931702,0.14705346524715424,0.027545111253857613,0.25213900208473206,0.344041645526886,0.018711494281888008,0.014300713315606117,0.015603612177073956,0.018401142209768295
9,BRA,Brazil,2022,0.8233122229576111,0.5179702639579773,4.676874160766602,6,-0.532637357711792,-0.03588768467307091,-0.5499132871627808,0.020577892661094666,-0.37875303626060486,-0.03910212963819504,-0.669245719909668,-0.08913881331682205,0.09364928305149078,0.06855455040931702,0.14705346524715424,0.027545111253857613,0.25213900208473206,0.344041645526886,0.018711494281888008,0.014300713315606117,0.015603612177073956,0.018401142209768295
9,BRA,Brazil,2023,-0.02414296381175518,0.4795715808868408,4.676874160766602,6,-0.532637357711792,-0.03588768467307091,-0.5499132871627808,0.020577892661094666,-0.37875303626060486,-0.03910212963819504,-0.669245719909668,-0.08913881331682205,0.09364928305149078,0.06855455040931702,0.14705346524715424,0.027545111253857613,0.25213900208473206,0.344041645526886,0.018711494281888008,0.014300713315606117,0.015603612177073956,0.018401142209768295
10,CAN,Canada,2018,-3.718440532684326,-1.10347580909729,4.678741931915283,6,1.2861608266830444,-0.01963709481060505,1.3746321201324463,0.011259847320616245,1.1545178890228271,-0.021395975723862648,1.3293325901031494,-0.04877515509724617,0.0935550257563591,0.06839466840028763,0.1461852788925171,0.027402957901358604,0.25509393215179443,0.34210526943206787,0.018830502405762672,0.014128291048109531,0.015751684084534645,0.01855236478149891
10,CAN,Canada,2019,-3.770698308944702,-1.4396806955337524,4.678741931915283,6,1.2861608266830444,-0.01963709481060505,1.3746321201324463,0.011259847320616245,1.1545178890228271,-0.021395975723862648,1.3293325901031494,-0.04877515509724617,0.0935550257563591,0.06839466840028763,0.1461852788925171,0.027402957901358604,0.25509393215179443,0.34210526943206787,0.018830502405762672,0.014128291048109531,0.015751684084534645,0.01855236478149891
10,CAN,Canada,2020,-4.2692484855651855,-1.678011417388916,4.678741931915283,6,1.2861608266830444,-0.01963709481060505,1.3746321201324463,0.011259847320616245,1.1545178890228271,-0.021395975723862648,1.3293325901031494,-0.04877515509724617,0.0935550257563591,0.06839466840028763,0.1461852788925171,0.027402957901358604,0.25509393215179443,0.34210526943206787,0.018830502405762672,0.014128291048109531,0.015751684084534645,0.01855236478149891
10,CAN,Canada,2021,-4.04820442199707,-2.0972142219543457,4.678741931915283,6,1.2861608266830444,-0.01963709481060505,1.3746321201324463,0.011259847320616245,1.1545178890228271,-0.021395975723862648,1.3293325901031494,-0.04877515509724617,0.0935550257563591,0.06839466840028763,0.1461852788925171,0.027402957901358604,0.25509393215179443,0.34210526943206787,0.018830502405762672,0.014128291048109531,0.015751684084534645,0.01855236478149891
10,CAN,Canada,2022,-4.334720611572266,-2.139038324356079,4.678741931915283,6,1.2861608266830444,-0.01963709481060505,1.3746321201324463,0.011259847320616245,1.1545178890228271,-0.021395975723862648,1.3293325901031494,-0.04877515509724617,0.0935550257563591,0.06839466840028763,0.1461852788925171,0.027402957901358604,0.25509393215179443,0.34210526943206787,0.018830502405762672,0.014128291048109531,0.015751684084534645,0.01855236478149891
10,CAN,Canada,2023,-3.507607936859131,-2.2278969287872314,4.678741931915283,6,1.2861608266830444,-0.01963709481060505,1.3746321201324463,0.011259847320616245,1.1545178890228271,-0.021395975723862648,1.3293325901031494,-0.04877515509724617,0.0935550257563591,0.06839466840028763,0.1461852788925171,0.027402957901358604,0.25509393215179443,0.34210526943206787,0.018830502405762672,0.014128291048109531,0.015751684084534645,0.01855236478149891
11,CHE,Switzerland,2018,1.0894922018051147,0.8420207500457764,4.679708003997803,6,1.412360668182373,-0.011238218285143375,1.4461179971694946,0.0064439550042152405,1.2956862449645996,-0.012244813144207,1.4952778816223145,-0.02791379764676094,0.09350619465112686,0.06831244379281998,0.14573676884174347,0.02733035385608673,0.2566261291503906,0.3410947322845459,0.01889270357787609,0.0140403276309371,0.015829093754291534,0.01863129250705242
11,CHE,Switzerland,2019,0.49372902512550354,0.5035512447357178,4.679708003997803,6,1.412360668182373,-0.011238218285143375,1.4461179971694946,0.0064439550042152405,1.2956862449645996,-0.012244813144207,1.4952778816223145,-0.02791379764676094,0.09350619465112686,0.06831244379281998,0.14573676884174347,0.02733035385608673,0.2566261291503906,0.3410947322845459,0.01889270357787609,0.0140403276309371,0.015829093754291534,0.01863129250705242
11,CHE,Switzerland,2020,1.5537232160568237,0.2555409073829651,4.679708003997803,6,1.412360668182373,-0.011238218285143375,1.4461179971694946,0.0064439550042152405,1.2956862449645996,-0.012244813144207,1.4952778816223145,-0.02791379764676094,0.09350619465112686,0.06831244379281998,0.14573676884174347,0.02733035385608673,0.2566261291503906,0.3410947322845459,0.01889270357787609,0.0140403276309371,0.015829093754291534,0.01863129250705242
11,CHE,Switzerland,2021,3.0005764961242676,0.07989703118801117,4.679708003997803,6,1.412360668182373,-0.011238218285143375,1.4461179971694946,0.0064439550042152405,1.2956862449645996,-0.012244813144207,1.4952778816223145,-0.02791379764676094,0.09350619465112686,0.06831244379281998,0.14573676884174347,0.02733035385608673,0.2566261291503906,0.3410947322845459,0.01889270357787609,0.0140403276309371,0.015829093754291534,0.01863129250705242
11,CHE,Switzerland,2022,2.025691270828247,-0.0396723598241806,4.679708003997803,6,1.412360668182373,-0.011238218285143375,1.4461179971694946,0.0064439550042152405,1.2956862449645996,-0.012244813144207,1.4952778816223145,-0.02791379764676094,0.09350619465112686,0.06831244379281998,0.14573676884174347,0.02733035385608673,0.2566261291503906,0.3410947322845459,0.01889270357787609,0.0140403276309371,0.015829093754291534,0.01863129250705242
11,CHE,Switzerland,2023,-4.210478782653809,-0.11250002682209015,4.679708003997803,6,1.412360668182373,-0.011238218285143375,1.4461179971694946,0.0064439550042152405,1.2956862449645996,-0.012244813144207,1.4952778816223145,-0.02791379764676094,0.09350619465112686,0.06831244379281998,0.14573676884174347,0.02733035385608673,0.2566261291503906,0.3410947322845459,0.01889270357787609,0.0140403276309371,0.015829093754291534,0.01863129250705242
12,CHL,Chile,2018,1.4454405307769775,1.1459871530532837,4.687641620635986,6,0.8483307957649231,0.057594623416662216,0.667232871055603,-0.033024612814188004,1.016435146331787,0.06275337934494019,0.8613244891166687,0.14305509626865387,0.09310325980186462,0.06764892488718033,0.14206823706626892,0.02675732597708702,0.2692936062812805,0.3325761556625366,0.019420234486460686,0.013348251581192017,0.016486145555973053,0.019297858700156212
12,CHL,Chile,2019,1.1679426431655884,1.235823392868042,4.687641620635986,6,0.8483307957649231,0.057594623416662216,0.667232871055603,-0.033024612814188004,1.016435146331787,0.06275337934494019,0.8613244891166687,0.14305509626865387,0.09310325980186462,0.06764892488718033,0.14206823706626892,0.02675732597708702,0.2692936062812805,0.3325761556625366,0.019420234486460686,0.013348251581192017,0.016486145555973053,0.019297858700156212
12,CHL,Chile,2020,0.7698724865913391,1.1818063259124756,4.687641620635986,6,0.8483307957649231,0.057594623416662216,0.667232871055603,-0.033024612814188004,1.016435146331787,0.06275337934494019,0.8613244891166687,0.14305509626865387,0.09310325980186462,0.06764892488718033,0.14206823706626892,0.02675732597708702,0.2692936062812805,0.3325761556625366,0.019420234486460686,0.013348251581192017,0.016486145555973053,0.019297858700156212
12,CHL,Chile,2021,0.5402398705482483,1.167703628540039,4.687641620635986,6,0.8483307957649231,0.057594623416662216,0.667232871055603,-0.033024612814188004,1.016435146331787,0.06275337934494019,0.8613244891166687,0.14305509626865387,0.09310325980186462,0.06764892488718033,0.14206823706626892,0.02675732597708702,0.2692936062812805,0.3325761556625366,0.019420234486460686,0.013348251581192017,0.016486145555973053,0.019297858700156212
12,CHL,Chile,2022,-0.5233001708984375,1.151957392692566,4.687641620635986,6,0.8483307957649231,0.057594623416662216,0.667232871055603,-0.033024612814188004,1.016435146331787,0.06275337934494019,0.8613244891166687,0.14305509626865387,0.09310325980186462,0.06764892488718033,0.14206823706626892,0.02675732597708702,0.2692936062812805,0.3325761556625366,0.019420234486460686,0.013348251581192017,0.016486145555973053,0.019297858700156212
12,CHL,Chile,2023,-1.9592610597610474,1.117869257926941,4.687641620635986,6,0.8483307957649231,0.057594623416662216,0.667232871055603,-0.033024612814188004,1.016435146331787,0.06275337934494019,0.8613244891166687,0.14305509626865387,0.09310325980186462,0.06764892488718033,0.14206823706626892,0.02675732597708702,0.2692936062812805,0.3325761556625366,0.019420234486460686,0.013348251581192017,0.016486145555973053,0.019297858700156212
13,CHN,China,2018,-8.663586616516113,-0.48057669401168823,4.676938056945801,6,-0.8438493609428406,-0.03533144295215607,-0.7442506551742554,0.020258944481611252,-0.7500977516174316,-0.03849606588482857,-1.03719961643219,-0.08775720745325089,0.09364605695009232,0.06854906678199768,0.1470237672328949,0.027540219947695732,0.2522399127483368,0.3439757823944092,0.018715545535087585,0.014294764958322048,0.015608648769557476,0.01840628869831562
13,CHN,China,2019,-9.760994911193848,-0.3882143497467041,4.676938056945801,6,-0.8438493609428406,-0.03533144295215607,-0.7442506551742554,0.020258944481611252,-0.7500977516174316,-0.03849606588482857,-1.03719961643219,-0.08775720745325089,0.09364605695009232,0.06854906678199768,0.1470237672328949,0.027540219947695732,0.2522399127483368,0.3439757823944092,0.018715545535087585,0.014294764958322048,0.015608648769557476,0.01840628869831562
13,CHN,China,2020,-10.60916519165039,-0.3780817985534668,4.676938056945801,6,-0.8438493609428406,-0.03533144295215607,-0.7442506551742554,0.020258944481611252,-0.7500977516174316,-0.03849606588482857,-1.03719961643219,-0.08775720745325089,0.09364605695009232,0.06854906678199768,0.1470237672328949,0.027540219947695732,0.2522399127483368,0.3439757823944092,0.018715545535087585,0.014294764958322048,0.015608648769557476,0.01840628869831562
13,CHN,China,2021,-11.069491386413574,-0.39649802446365356,4.676938056945801,6,-0.8438493609428406,-0.03533144295215607,-0.7442506551742554,0.020258944481611252,-0.7500977516174316,-0.03849606588482857,-1.03719961643219,-0.08775720745325089,0.09364605695009232,0.06854906678199768,0.1470237672328949,0.027540219947695732,0.2522399127483368,0.3439757823944092,0.018715545535087585,0.014294764958322048,0.015608648769557476,0.01840628869831562
13,CHN,China,2022,-11.851537704467773,-0.42066967487335205,4.676938056945801,6,-0.8438493609428406,-0.03533144295215607,-0.7442506551742554,0.020258944481611252,-0.7500977516174316,-0.03849606588482857,-1.03719961643219,-0.08775720745325089,0.09364605695009232,0.06854906678199768,0.1470237672328949,0.027540219947695732,0.2522399127483368,0.3439757823944092,0.018715545535087585,0.014294764958322048,0.015608648769557476,0.01840628869831562
13,CHN,China,2023,-12.087423324584961,-0.44045567512512207,4.676938056945801,6,-0.8438493609428406,-0.03533144295215607,-0.7442506551742554,0.020258944481611252,-0.7500977516174316,-0.03849606588482857,-1.03719961643219,-0.08775720745325089,0.09364605695009232,0.06854906678199768,0.1470237672328949,0.027540219947695732,0.2522399127483368,0.3439757823944092,0.018715545535087585,0.014294764958322048,0.015608648769557476,0.01840628869831562
14,COL,Colombia,2018,0.3820185363292694,-0.9116620421409607,4.676468372344971,6,-0.757061779499054,-0.03941803798079491,-0.7152259349822998,0.02260218746960163,-0.5119652152061462,-0.04294869676232338,-1.0439940690994263,-0.09790760278701782,0.09366971254348755,0.06858941167593002,0.14724211394786835,0.027576284483075142,0.25149884819984436,0.3444589078426361,0.018685873597860336,0.01433856226503849,0.015571740455925465,0.018368545919656754
14,COL,Colombia,2019,2.6013519763946533,-0.608690083026886,4.676468372344971,6,-0.757061779499054,-0.03941803798079491,-0.7152259349822998,0.02260218746960163,-0.5119652152061462,-0.04294869676232338,-1.0439940690994263,-0.09790760278701782,0.09366971254348755,0.06858941167593002,0.14724211394786835,0.027576284483075142,0.25149884819984436,0.3444589078426361,0.018685873597860336,0.01433856226503849,0.015571740455925465,0.018368545919656754
14,COL,Colombia,2020,3.8599977493286133,-0.49303239583969116,4.676468372344971,6,-0.757061779499054,-0.03941803798079491,-0.7152259349822998,0.02260218746960163,-0.5119652152061462,-0.04294869676232338,-1.0439940690994263,-0.09790760278701782,0.09366971254348755,0.06858941167593002,0.14724211394786835,0.027576284483075142,0.25149884819984436,0.3444589078426361,0.018685873597860336,0.01433856226503849,0.015571740455925465,0.018368545919656754
14,COL,Colombia,2021,0.7301899194717407,-0.4617791175842285,4.676468372344971,6,-0.757061779499054,-0.03941803798079491,-0.7152259349822998,0.02260218746960163,-0.5119652152061462,-0.04294869676232338,-1.0439940690994263,-0.09790760278701782,0.09366971254348755,0.06858941167593002,0.14724211394786835,0.027576284483075142,0.25149884819984436,0.3444589078426361,0.018685873597860336,0.01433856226503849,0.015571740455925465,0.018368545919656754
14,COL,Colombia,2022,0.9924597144126892,-0.4570785164833069,4.676468372344971,6,-0.757061779499054,-0.03941803798079491,-0.7152259349822998,0.02260218746960163,-0.5119652152061462,-0.04294869676232338,-1.0439940690994263,-0.09790760278701782,0.09366971254348755,0.06858941167593002,0.14724211394786835,0.027576284483075142,0.25149884819984436,0.3444589078426361,0.018685873597860336,0.01433856226503849,0.015571740455925465,0.018368545919656754
14,COL,Colombia,2023,3.7653815746307373,-0.3649612069129944,4.676468372344971,6,-0.757061779499054,-0.03941803798079491,-0.7152259349822998,0.02260218746960163,-0.5119652152061462,-0.04294869676232338,-1.0439940690994263,-0.09790760278701782,0.09366971254348755,0.06858941167593002,0.14724211394786835,0.027576284483075142,0.25149884819984436,0.3444589078426361,0.018685873597860336,0.01433856226503849,0.015571740455925465,0.018368545919656754
15,CYP,Cyprus,2018,-11.052656173706055,-1.188164472579956,4.6804962158203125,6,0.7725202441215515,-0.004385157022625208,0.8672822117805481,0.002514427760615945,0.7250233292579651,-0.004777922760695219,0.725255012512207,-0.010891975834965706,0.09346631169319153,0.0682455450296402,0.14537087082862854,0.027271544560790062,0.25787878036499023,0.3402652442455292,0.018943805247545242,0.013969119638204575,0.015892690047621727,0.018696080893278122
15,CYP,Cyprus,2019,-11.571080207824707,-1.1368916034698486,4.6804962158203125,6,0.7725202441215515,-0.004385157022625208,0.8672822117805481,0.002514427760615945,0.7250233292579651,-0.004777922760695219,0.725255012512207,-0.010891975834965706,0.09346631169319153,0.0682455450296402,0.14537087082862854,0.027271544560790062,0.25787878036499023,0.3402652442455292,0.018943805247545242,0.013969119638204575,0.015892690047621727,0.018696080893278122
15,CYP,Cyprus,2020,-14.400252342224121,-1.2085504531860352,4.6804962158203125,6,0.7725202441215515,-0.004385157022625208,0.8672822117805481,0.002514427760615945,0.7250233292579651,-0.004777922760695219,0.725255012512207,-0.010891975834965706,0.09346631169319153,0.0682455450296402,0.14537087082862854,0.027271544560790062,0.25787878036499023,0.3402652442455292,0.018943805247545242,0.013969119638204575,0.015892690047621727,0.018696080893278122
15,CYP,Cyprus,2021,-17.67461395263672,-1.2921359539031982,4.6804962158203125,6,0.7725202441215515,-0.004385157022625208,0.8672822117805481,0.002514427760615945,0.7250233292579651,-0.004777922760695219,0.725255012512207,-0.010891975834965706,0.09346631169319153,0.0682455450296402,0.14537087082862854,0.027271544560790062,0.25787878036499023,0.3402652442455292,0.018943805247545242,0.013969119638204575,0.015892690047621727,0.018696080893278122
15,CYP,Cyprus,2022,-19.47079086303711,-1.3681426048278809,4.6804962158203125,6,0.7725202441215515,-0.004385157022625208,0.8672822117805481,0.002514427760615945,0.7250233292579651,-0.004777922760695219,0.725255012512207,-0.010891975834965706,0.09346631169319153,0.0682455450296402,0.14537087082862854,0.027271544560790062,0.25787878036499023,0.3402652442455292,0.018943805247545242,0.013969119638204575,0.015892690047621727,0.018696080893278122
15,CYP,Cyprus,2023,-23.38113784790039,-1.4222230911254883,4.6804962158203125,6,0.7725202441215515,-0.004385157022625208,0.8672822117805481,0.002514427760615945,0.7250233292579651,-0.004777922760695219,0.725255012512207,-0.010891975834965706,0.09346631169319153,0.0682455450296402,0.14537087082862854,0.027271544560790062,0.25787878036499023,0.3402652442455292,0.018943805247545242,0.013969119638204575,0.015892690047621727,0.018696080893278122
16,CZE,Czechia,2018,-2.3009228706359863,-0.6629635095596313,4.69155216217041,6,0.365255743265152,0.09136403352022171,0.28039175271987915,-0.05238790437579155,0.4478796720504761,0.09954752773046494,0.3674957752227783,0.22693249583244324,0.09290370345115662,0.0673302635550499,0.14027582108974457,0.026490377262234688,0.27556532621383667,0.32825592160224915,0.019690560176968575,0.013027061708271503,0.016823342069983482,0.019637616351246834
16,CZE,Czechia,2019,-2.761939525604248,-0.6918242573738098,4.69155216217041,6,0.365255743265152,0.09136403352022171,0.28039175271987915,-0.05238790437579155,0.4478796720504761,0.09954752773046494,0.3674957752227783,0.22693249583244324,0.09290370345115662,0.0673302635550499,0.14027582108974457,0.026490377262234688,0.27556532621383667,0.32825592160224915,0.019690560176968575,0.013027061708271503,0.016823342069983482,0.019637616351246834
16,CZE,Czechia,2020,-3.448472261428833,-0.7942914962768555,4.69155216217041,6,0.365255743265152,0.09136403352022171,0.28039175271987915,-0.05238790437579155,0.4478796720504761,0.09954752773046494,0.3674957752227783,0.22693249583244324,0.09290370345115662,0.0673302635550499,0.14027582108974457,0.026490377262234688,0.27556532621383667,0.32825592160224915,0.019690560176968575,0.013027061708271503,0.016823342069983482,0.019637616351246834
16,CZE,Czechia,2021,-3.2644777297973633,-0.8900038599967957,4.69155216217041,6,0.365255743265152,0.09136403352022171,0.28039175271987915,-0.05238790437579155,0.4478796720504761,0.09954752773046494,0.3674957752227783,0.22693249583244324,0.09290370345115662,0.0673302635550499,0.14027582108974457,0.026490377262234688,0.27556532621383667,0.32825592160224915,0.019690560176968575,0.013027061708271503,0.016823342069983482,0.019637616351246834
16,CZE,Czechia,2022,-3.0018773078918457,-0.9633156061172485,4.69155216217041,6,0.365255743265152,0.09136403352022171,0.28039175271987915,-0.05238790437579155,0.4478796720504761,0.09954752773046494,0.3674957752227783,0.22693249583244324,0.09290370345115662,0.0673302635550499,0.14027582108974457,0.026490377262234688,0.27556532621383667,0.32825592160224915,0.019690560176968575,0.013027061708271503,0.016823342069983482,0.019637616351246834
16,CZE,Czechia,2023,-3.7278714179992676,-1.0146890878677368,4.69155216217041,6,0.365255743265152,0.09136403352022171,0.28039175271987915,-0.05238790437579155,0.4478796720504761,0.09954752773046494,0.3674957752227783,0.22693249583244324,0.09290370345115662,0.0673302635550499,0.14027582108974457,0.026490377262234688,0.27556532621383667,0.32825592160224915,0.019690560176968575,0.013027061708271503,0.016823342069983482,0.019637616351246834
17,DEU,Germany,2018,-4.408335208892822,-0.6253556609153748,4.683414459228516,6,1.162001371383667,0.02095893956720829,1.2181392908096313,-0.012017808854579926,0.9860901236534119,0.022836243733763695,1.2817747592926025,0.0520583838224411,0.09331834316253662,0.06799974292516708,0.14401881396770477,0.02705744281411171,0.26252883672714233,0.33716094493865967,0.019135521724820137,0.01371025014668703,0.016131386160850525,0.018938716500997543
17,DEU,Germany,2019,-7.129828929901123,-0.8844859004020691,4.683414459228516,6,1.162001371383667,0.02095893956720829,1.2181392908096313,-0.012017808854579926,0.9860901236534119,0.022836243733763695,1.2817747592926025,0.0520583838224411,0.09331834316253662,0.06799974292516708,0.14401881396770477,0.02705744281411171,0.26252883672714233,0.33716094493865967,0.019135521724820137,0.01371025014668703,0.016131386160850525,0.018938716500997543
17,DEU,Germany,2020,-8.748512268066406,-1.1389272212982178,4.683414459228516,6,1.162001371383667,0.02095893956720829,1.2181392908096313,-0.012017808854579926,0.9860901236534119,0.022836243733763695,1.2817747592926025,0.0520583838224411,0.09331834316253662,0.06799974292516708,0.14401881396770477,0.02705744281411171,0.26252883672714233,0.33716094493865967,0.019135521724820137,0.01371025014668703,0.016131386160850525,0.018938716500997543
17,DEU,Germany,2021,-7.036392688751221,-1.3255805969238281,4.683414459228516,6,1.162001371383667,0.02095893956720829,1.2181392908096313,-0.012017808854579926,0.9860901236534119,0.022836243733763695,1.2817747592926025,0.0520583838224411,0.09331834316253662,0.06799974292516708,0.14401881396770477,0.02705744281411171,0.26252883672714233,0.33716094493865967,0.019135521724820137,0.01371025014668703,0.016131386160850525,0.018938716500997543
17,DEU,Germany,2022,-5.935337066650391,-1.4507880210876465,4.683414459228516,6,1.162001371383667,0.02095893956720829,1.2181392908096313,-0.012017808854579926,0.9860901236534119,0.022836243733763695,1.2817747592926025,0.0520583838224411,0.09331834316253662,0.06799974292516708,0.14401881396770477,0.02705744281411171,0.26252883672714233,0.33716094493865967,0.019135521724820137,0.01371025014668703,0.016131386160850525,0.018938716500997543
17,DEU,Germany,2023,-8.335287094116211,-1.5340948104858398,4.683414459228516,6,1.162001371383667,0.02095893956720829,1.2181392908096313,-0.012017808854579926,0.9860901236534119,0.022836243733763695,1.2817747592926025,0.0520583838224411,0.09331834316253662,0.06799974292516708,0.14401881396770477,0.02705744281411171,0.26252883672714233,0.33716094493865967,0.019135521724820137,0.01371025014668703,0.016131386160850525,0.018938716500997543
18,DNK,Denmark,2018,-4.1028218269348145,-0.28754812479019165,4.676382064819336,6,1.5067936182022095,-0.04016862437129021,1.5459808111190796,0.023032572120428085,1.4523217678070068,-0.04376651346683502,1.522078514099121,-0.09977193176746368,0.09367406368255615,0.06859683245420456,0.14728222787380219,0.027582935988903046,0.25136280059814453,0.34454748034477234,0.01868044026196003,0.014346625655889511,0.01556498184800148,0.018361635506153107
18,DNK,Denmark,2019,-5.251770973205566,-0.5655800104141235,4.676382064819336,6,1.5067936182022095,-0.04016862437129021,1.5459808111190796,0.023032572120428085,1.4523217678070068,-0.04376651346683502,1.522078514099121,-0.09977193176746368,0.09367406368255615,0.06859683245420456,0.14728222787380219,0.027582935988903046,0.25136280059814453,0.34454748034477234,0.01868044026196003,0.014346625655889511,0.01556498184800148,0.018361635506153107
18,DNK,Denmark,2020,-5.442167282104492,-0.7898191213607788,4.676382064819336,6,1.5067936182022095,-0.04016862437129021,1.5459808111190796,0.023032572120428085,1.4523217678070068,-0.04376651346683502,1.522078514099121,-0.09977193176746368,0.09367406368255615,0.06859683245420456,0.14728222787380219,0.027582935988903046,0.25136280059814453,0.34454748034477234,0.01868044026196003,0.014346625655889511,0.01556498184800148,0.018361635506153107
18,DNK,Denmark,2021,-5.020071029663086,-0.9649088978767395,4.676382064819336,6,1.5067936182022095,-0.04016862437129021,1.5459808111190796,0.023032572120428085,1.4523217678070068,-0.04376651346683502,1.522078514099121,-0.09977193176746368,0.09367406368255615,0.06859683245420456,0.14728222787380219,0.027582935988903046,0.25136280059814453,0.34454748034477234,0.01868044026196003,0.014346625655889511,0.01556498184800148,0.018361635506153107
18,DNK,Denmark,2022,-5.26057767868042,-1.0791014432907104,4.676382064819336,6,1.5067936182022095,-0.04016862437129021,1.5459808111190796,0.023032572120428085,1.4523217678070068,-0.04376651346683502,1.522078514099121,-0.09977193176746368,0.09367406368255615,0.06859683245420456,0.14728222787380219,0.027582935988903046,0.25136280059814453,0.34454748034477234,0.01868044026196003,0.014346625655889511,0.01556498184800148,0.018361635506153107
18,DNK,Denmark,2023,-5.907427787780762,-1.1444778442382812,4.676382064819336,6,1.5067936182022095,-0.04016862437129021,1.5459808111190796,0.023032572120428085,1.4523217678070068,-0.04376651346683502,1.522078514099121,-0.09977193176746368,0.09367406368255615,0.06859683245420456,0.14728222787380219,0.027582935988903046,0.25136280059814453,0.34454748034477234,0.01868044026196003,0.014346625655889511,0.01556498184800148,0.018361635506153107
19,DZA,Algeria,2018,-1.3783005475997925,-0.7420887351036072,4.679419040679932,6,-1.204992651939392,-0.01375370379537344,-1.152233362197876,0.007886327803134918,-1.2305991649627686,-0.01498560979962349,-1.2321451902389526,-0.034161828458309174,0.09352083504199982,0.06833705306053162,0.1458710879087448,0.027352038770914078,0.25616690516471863,0.34139806032180786,0.018874024972319603,0.014066587202250957,0.015805846080183983,0.018607597798109055
19,DZA,Algeria,2019,-1.3506704568862915,-0.26392728090286255,4.679419040679932,6,-1.204992651939392,-0.01375370379537344,-1.152233362197876,0.007886327803134918,-1.2305991649627686,-0.01498560979962349,-1.2321451902389526,-0.034161828458309174,0.09352083504199982,0.06833705306053162,0.1458710879087448,0.027352038770914078,0.25616690516471863,0.34139806032180786,0.018874024972319603,0.014066587202250957,0.015805846080183983,0.018607597798109055
19,DZA,Algeria,2020,-1.4138250350952148,-0.29615283012390137,4.679419040679932,6,-1.204992651939392,-0.01375370379537344,-1.152233362197876,0.007886327803134918,-1.2305991649627686,-0.01498560979962349,-1.2321451902389526,-0.034161828458309174,0.09352083504199982,0.06833705306053162,0.1458710879087448,0.027352038770914078,0.25616690516471863,0.34139806032180786,0.018874024972319603,0.014066587202250957,0.015805846080183983,0.018607597798109055
19,DZA,Algeria,2021,-1.0506858825683594,-0.35279208421707153,4.679419040679932,6,-1.204992651939392,-0.01375370379537344,-1.152233362197876,0.007886327803134918,-1.2305991649627686,-0.01498560979962349,-1.2321451902389526,-0.034161828458309174,0.09352083504199982,0.06833705306053162,0.1458710879087448,0.027352038770914078,0.25616690516471863,0.34139806032180786,0.018874024972319603,0.014066587202250957,0.015805846080183983,0.018607597798109055
19,DZA,Algeria,2022,-1.0033199787139893,-0.5264511108398438,4.679419040679932,6,-1.204992651939392,-0.01375370379537344,-1.152233362197876,0.007886327803134918,-1.2305991649627686,-0.01498560979962349,-1.2321451902389526,-0.034161828458309174,0.09352083504199982,0.06833705306053162,0.1458710879087448,0.027352038770914078,0.25616690516471863,0.34139806032180786,0.018874024972319603,0.014066587202250957,0.015805846080183983,0.018607597798109055
19,DZA,Algeria,2023,-1.0033199787139893,-0.5419094562530518,4.679419040679932,6,-1.204992651939392,-0.01375370379537344,-1.152233362197876,0.007886327803134918,-1.2305991649627686,-0.01498560979962349,-1.2321451902389526,-0.034161828458309174,0.09352083504199982,0.06833705306053162,0.1458710879087448,0.027352038770914078,0.25616690516471863,0.34139806032180786,0.018874024972319603,0.014066587202250957,0.015805846080183983,0.018607597798109055
20,ECU,Ecuador,2018,-1.1428673267364502,0.7327097058296204,4.679495811462402,6,-1.2054944038391113,-0.013081860728561878,-1.1715943813323975,0.007501095067709684,-1.2544611692428589,-0.014253591187298298,-1.1904276609420776,-0.03249308839440346,0.09351692348718643,0.06833047419786453,0.14583520591259003,0.02734624780714512,0.2562894821166992,0.34131714701652527,0.018879005685448647,0.014059564098715782,0.015812048688530922,0.018613919615745544
20,ECU,Ecuador,2019,-1.7627936601638794,0.9867554306983948,4.679495811462402,6,-1.2054944038391113,-0.013081860728561878,-1.1715943813323975,0.007501095067709684,-1.2544611692428589,-0.014253591187298298,-1.1904276609420776,-0.03249308839440346,0.09351692348718643,0.06833047419786453,0.14583520591259003,0.02734624780714512,0.2562894821166992,0.34131714701652527,0.018879005685448647,0.014059564098715782,0.015812048688530922,0.018613919615745544
20,ECU,Ecuador,2020,-1.9658561944961548,1.184281587600708,4.679495811462402,6,-1.2054944038391113,-0.013081860728561878,-1.1715943813323975,0.007501095067709684,-1.2544611692428589,-0.014253591187298298,-1.1904276609420776,-0.03249308839440346,0.09351692348718643,0.06833047419786453,0.14583520591259003,0.02734624780714512,0.2562894821166992,0.34131714701652527,0.018879005685448647,0.014059564098715782,0.015812048688530922,0.018613919615745544
20,ECU,Ecuador,2021,-2.1342613697052,1.1899378299713135,4.679495811462402,6,-1.2054944038391113,-0.013081860728561878,-1.1715943813323975,0.007501095067709684,-1.2544611692428589,-0.014253591187298298,-1.1904276609420776,-0.03249308839440346,0.09351692348718643,0.06833047419786453,0.14583520591259003,0.02734624780714512,0.2562894821166992,0.34131714701652527,0.018879005685448647,0.014059564098715782,0.015812048688530922,0.018613919615745544
20,ECU,Ecuador,2022,-1.612612009048462,1.1686620712280273,4.679495811462402,6,-1.2054944038391113,-0.013081860728561878,-1.1715943813323975,0.007501095067709684,-1.2544611692428589,-0.014253591187298298,-1.1904276609420776,-0.03249308839440346,0.09351692348718643,0.06833047419786453,0.14583520591259003,0.02734624780714512,0.2562894821166992,0.34131714701652527,0.018879005685448647,0.014059564098715782,0.015812048688530922,0.018613919615745544
20,ECU,Ecuador,2023,-1.6925028562545776,1.149355173110962,4.679495811462402,6,-1.2054944038391113,-0.013081860728561878,-1.1715943813323975,0.007501095067709684,-1.2544611692428589,-0.014253591187298298,-1.1904276609420776,-0.03249308839440346,0.09351692348718643,0.06833047419786453,0.14583520591259003,0.02734624780714512,0.2562894821166992,0.34131714701652527,0.018879005685448647,0.014059564098715782,0.015812048688530922,0.018613919615745544
21,EGY,Egypt,2018,1.8549280166625977,0.6733531355857849,4.679788112640381,6,-0.7224758267402649,-0.010538899339735508,-0.816137969493866,0.006042967550456524,-0.7838069200515747,-0.01148285623639822,-0.5674826502799988,-0.026176810264587402,0.09350213408470154,0.068305604159832,0.1456994116306305,0.027324331924319267,0.2567538619041443,0.3410102128982544,0.018897900357842445,0.014033031649887562,0.015835564583539963,0.018637891858816147
21,EGY,Egypt,2019,1.397194504737854,1.0524189472198486,4.679788112640381,6,-0.7224758267402649,-0.010538899339735508,-0.816137969493866,0.006042967550456524,-0.7838069200515747,-0.01148285623639822,-0.5674826502799988,-0.026176810264587402,0.09350213408470154,0.068305604159832,0.1456994116306305,0.027324331924319267,0.2567538619041443,0.3410102128982544,0.018897900357842445,0.014033031649887562,0.015835564583539963,0.018637891858816147
21,EGY,Egypt,2020,0.7784237861633301,1.2284152507781982,4.679788112640381,6,-0.7224758267402649,-0.010538899339735508,-0.816137969493866,0.006042967550456524,-0.7838069200515747,-0.01148285623639822,-0.5674826502799988,-0.026176810264587402,0.09350213408470154,0.068305604159832,0.1456994116306305,0.027324331924319267,0.2567538619041443,0.3410102128982544,0.018897900357842445,0.014033031649887562,0.015835564583539963,0.018637891858816147
21,EGY,Egypt,2021,0.7313584089279175,1.3339670896530151,4.679788112640381,6,-0.7224758267402649,-0.010538899339735508,-0.816137969493866,0.006042967550456524,-0.7838069200515747,-0.01148285623639822,-0.5674826502799988,-0.026176810264587402,0.09350213408470154,0.068305604159832,0.1456994116306305,0.027324331924319267,0.2567538619041443,0.3410102128982544,0.018897900357842445,0.014033031649887562,0.015835564583539963,0.018637891858816147
21,EGY,Egypt,2022,0.8227205872535706,1.3819292783737183,4.679788112640381,6,-0.7224758267402649,-0.010538899339735508,-0.816137969493866,0.006042967550456524,-0.7838069200515747,-0.01148285623639822,-0.5674826502799988,-0.026176810264587402,0.09350213408470154,0.068305604159832,0.1456994116306305,0.027324331924319267,0.2567538619041443,0.3410102128982544,0.018897900357842445,0.014033031649887562,0.015835564583539963,0.018637891858816147
21,EGY,Egypt,2023,0.880398690700531,1.411783218383789,4.679788112640381,6,-0.7224758267402649,-0.010538899339735508,-0.816137969493866,0.006042967550456524,-0.7838069200515747,-0.01148285623639822,-0.5674826502799988,-0.026176810264587402,0.09350213408470154,0.068305604159832,0.1456994116306305,0.027324331924319267,0.2567538619041443,0.3410102128982544,0.018897900357842445,0.014033031649887562,0.015835564583539963,0.018637891858816147
22,ESP,Spain,2018,-2.3918983936309814,-0.16407404839992523,4.6816792488098145,6,0.789492130279541,0.005889527034014463,0.8293587565422058,-0.0033770485315471888,0.796362042427063,0.0064170644618570805,0.7427557706832886,0.014628564938902855,0.09340642392635345,0.06814560294151306,0.14482253789901733,0.027184104546904564,0.2597607374191284,0.33901363611221313,0.019021015614271164,0.0138633344322443,0.015988806262612343,0.018793873488903046
22,ESP,Spain,2019,-3.220625877380371,-0.3584679961204529,4.6816792488098145,6,0.789492130279541,0.005889527034014463,0.8293587565422058,-0.0033770485315471888,0.796362042427063,0.0064170644618570805,0.7427557706832886,0.014628564938902855,0.09340642392635345,0.06814560294151306,0.14482253789901733,0.027184104546904564,0.2597607374191284,0.33901363611221313,0.019021015614271164,0.0138633344322443,0.015988806262612343,0.018793873488903046
22,ESP,Spain,2020,-4.112740993499756,-0.5492647290229797,4.6816792488098145,6,0.789492130279541,0.005889527034014463,0.8293587565422058,-0.0033770485315471888,0.796362042427063,0.0064170644618570805,0.7427557706832886,0.014628564938902855,0.09340642392635345,0.06814560294151306,0.14482253789901733,0.027184104546904564,0.2597607374191284,0.33901363611221313,0.019021015614271164,0.0138633344322443,0.015988806262612343,0.018793873488903046
22,ESP,Spain,2021,-4.21701192855835,-0.6964756846427917,4.6816792488098145,6,0.789492130279541,0.005889527034014463,0.8293587565422058,-0.0033770485315471888,0.796362042427063,0.0064170644618570805,0.7427557706832886,0.014628564938902855,0.09340642392635345,0.06814560294151306,0.14482253789901733,0.027184104546904564,0.2597607374191284,0.33901363611221313,0.019021015614271164,0.0138633344322443,0.015988806262612343,0.018793873488903046
22,ESP,Spain,2022,-3.774611234664917,-0.7984392046928406,4.6816792488098145,6,0.789492130279541,0.005889527034014463,0.8293587565422058,-0.0033770485315471888,0.796362042427063,0.0064170644618570805,0.7427557706832886,0.014628564938902855,0.09340642392635345,0.06814560294151306,0.14482253789901733,0.027184104546904564,0.2597607374191284,0.33901363611221313,0.019021015614271164,0.0138633344322443,0.015988806262612343,0.018793873488903046
22,ESP,Spain,2023,-4.671977519989014,-0.8651714324951172,4.6816792488098145,6,0.789492130279541,0.005889527034014463,0.8293587565422058,-0.0033770485315471888,0.796362042427063,0.0064170644618570805,0.7427557706832886,0.014628564938902855,0.09340642392635345,0.06814560294151306,0.14482253789901733,0.027184104546904564,0.2597607374191284,0.33901363611221313,0.019021015614271164,0.0138633344322443,0.015988806262612343,0.018793873488903046
23,EST,Estonia,2018,-4.833373069763184,-1.1074987649917603,4.6898932456970215,6,0.5303884744644165,0.07705418020486832,0.3051801919937134,-0.0441826693713665,0.8016892075538635,0.08395592868328094,0.48429596424102783,0.1913892775774002,0.09298839420080185,0.06746471673250198,0.1410345882177353,0.026602359488606453,0.27290406823158264,0.33009713888168335,0.019575081765651703,0.013161716982722282,0.016679253429174423,0.01949262246489525
23,EST,Estonia,2019,-9.96490478515625,-1.1798332929611206,4.6898932456970215,6,0.5303884744644165,0.07705418020486832,0.3051801919937134,-0.0441826693713665,0.8016892075538635,0.08395592868328094,0.48429596424102783,0.1913892775774002,0.09298839420080185,0.06746471673250198,0.1410345882177353,0.026602359488606453,0.27290406823158264,0.33009713888168335,0.019575081765651703,0.013161716982722282,0.016679253429174423,0.01949262246489525
23,EST,Estonia,2020,-18.38939094543457,-1.3235206604003906,4.6898932456970215,6,0.5303884744644165,0.07705418020486832,0.3051801919937134,-0.0441826693713665,0.8016892075538635,0.08395592868328094,0.48429596424102783,0.1913892775774002,0.09298839420080185,0.06746471673250198,0.1410345882177353,0.026602359488606453,0.27290406823158264,0.33009713888168335,0.019575081765651703,0.013161716982722282,0.016679253429174423,0.01949262246489525
23,EST,Estonia,2021,-14.705828666687012,-1.4684224128723145,4.6898932456970215,6,0.5303884744644165,0.07705418020486832,0.3051801919937134,-0.0441826693713665,0.8016892075538635,0.08395592868328094,0.48429596424102783,0.1913892775774002,0.09298839420080185,0.06746471673250198,0.1410345882177353,0.026602359488606453,0.27290406823158264,0.33009713888168335,0.019575081765651703,0.013161716982722282,0.016679253429174423,0.01949262246489525
23,EST,Estonia,2022,-11.738649368286133,-1.5885282754898071,4.6898932456970215,6,0.5303884744644165,0.07705418020486832,0.3051801919937134,-0.0441826693713665,0.8016892075538635,0.08395592868328094,0.48429596424102783,0.1913892775774002,0.09298839420080185,0.06746471673250198,0.1410345882177353,0.026602359488606453,0.27290406823158264,0.33009713888168335,0.019575081765651703,0.013161716982722282,0.016679253429174423,0.01949262246489525
23,EST,Estonia,2023,-19.71649742126465,-1.6740063428878784,4.6898932456970215,6,0.5303884744644165,0.07705418020486832,0.3051801919937134,-0.0441826693713665,0.8016892075538635,0.08395592868328094,0.48429596424102783,0.1913892775774002,0.09298839420080185,0.06746471673250198,0.1410345882177353,0.026602359488606453,0.27290406823158264,0.33009713888168335,0.019575081765651703,0.013161716982722282,0.016679253429174423,0.01949262246489525
24,FIN,Finland,2018,-2.4947378635406494,0.3867550492286682,4.677366256713867,6,1.5118976831436157,-0.031606949865818024,1.5876092910766602,0.018123330548405647,1.3751853704452515,-0.03443796932697296,1.572898507118225,-0.07850620895624161,0.09362446516752243,0.06851232796907425,0.14682474732398987,0.027507448568940163,0.2529160678386688,0.34353405237197876,0.018742669373750687,0.014255005866289139,0.015642398968338966,0.018440784886479378
24,FIN,Finland,2019,-3.0343379974365234,0.11999274790287018,4.677366256713867,6,1.5118976831436157,-0.031606949865818024,1.5876092910766602,0.018123330548405647,1.3751853704452515,-0.03443796932697296,1.572898507118225,-0.07850620895624161,0.09362446516752243,0.06851232796907425,0.14682474732398987,0.027507448568940163,0.2529160678386688,0.34353405237197876,0.018742669373750687,0.014255005866289139,0.015642398968338966,0.018440784886479378
24,FIN,Finland,2020,-4.05517578125,-0.1014576405286789,4.677366256713867,6,1.5118976831436157,-0.031606949865818024,1.5876092910766602,0.018123330548405647,1.3751853704452515,-0.03443796932697296,1.572898507118225,-0.07850620895624161,0.09362446516752243,0.06851232796907425,0.14682474732398987,0.027507448568940163,0.2529160678386688,0.34353405237197876,0.018742669373750687,0.014255005866289139,0.015642398968338966,0.018440784886479378
24,FIN,Finland,2021,-3.9226253032684326,-0.2692326307296753,4.677366256713867,6,1.5118976831436157,-0.031606949865818024,1.5876092910766602,0.018123330548405647,1.3751853704452515,-0.03443796932697296,1.572898507118225,-0.07850620895624161,0.09362446516752243,0.06851232796907425,0.14682474732398987,0.027507448568940163,0.2529160678386688,0.34353405237197876,0.018742669373750687,0.014255005866289139,0.015642398968338966,0.018440784886479378
24,FIN,Finland,2022,-4.062594890594482,-0.38437461853027344,4.677366256713867,6,1.5118976831436157,-0.031606949865818024,1.5876092910766602,0.018123330548405647,1.3751853704452515,-0.03443796932697296,1.572898507118225,-0.07850620895624161,0.09362446516752243,0.06851232796907425,0.14682474732398987,0.027507448568940163,0.2529160678386688,0.34353405237197876,0.018742669373750687,0.014255005866289139,0.015642398968338966,0.018440784886479378
24,FIN,Finland,2023,-5.2590131759643555,-0.45591235160827637,4.677366256713867,6,1.5118976831436157,-0.031606949865818024,1.5876092910766602,0.018123330548405647,1.3751853704452515,-0.03443796932697296,1.572898507118225,-0.07850620895624161,0.09362446516752243,0.06851232796907425,0.14682474732398987,0.027507448568940163,0.2529160678386688,0.34353405237197876,0.018742669373750687,0.014255005866289139,0.015642398968338966,0.018440784886479378
25,FRA,France,2018,-2.937512159347534,0.052229344844818115,4.679560661315918,6,0.8883405327796936,-0.012523084878921509,1.0859564542770386,0.0071806940250098705,0.6707704067230225,-0.013644764199852943,0.9082947969436646,-0.03110518492758274,0.09351367503404617,0.0683249980211258,0.14580537378787994,0.027341416105628014,0.2563915550708771,0.3412497341632843,0.018883155658841133,0.014053729362785816,0.01581721007823944,0.018619177863001823
25,FRA,France,2019,-2.957599639892578,-0.19211316108703613,4.679560661315918,6,0.8883405327796936,-0.012523084878921509,1.0859564542770386,0.0071806940250098705,0.6707704067230225,-0.013644764199852943,0.9082947969436646,-0.03110518492758274,0.09351367503404617,0.0683249980211258,0.14580537378787994,0.027341416105628014,0.2563915550708771,0.3412497341632843,0.018883155658841133,0.014053729362785816,0.01581721007823944,0.018619177863001823
25,FRA,France,2020,-3.0673086643218994,-0.4469960927963257,4.679560661315918,6,0.8883405327796936,-0.012523084878921509,1.0859564542770386,0.0071806940250098705,0.6707704067230225,-0.013644764199852943,0.9082947969436646,-0.03110518492758274,0.09351367503404617,0.0683249980211258,0.14580537378787994,0.027341416105628014,0.2563915550708771,0.3412497341632843,0.018883155658841133,0.014053729362785816,0.01581721007823944,0.018619177863001823
25,FRA,France,2021,-2.956054449081421,-0.6345143914222717,4.679560661315918,6,0.8883405327796936,-0.012523084878921509,1.0859564542770386,0.0071806940250098705,0.6707704067230225,-0.013644764199852943,0.9082947969436646,-0.03110518492758274,0.09351367503404617,0.0683249980211258,0.14580537378787994,0.027341416105628014,0.2563915550708771,0.3412497341632843,0.018883155658841133,0.014053729362785816,0.01581721007823944,0.018619177863001823
25,FRA,France,2022,-0.05572359263896942,-0.7548930048942566,4.679560661315918,6,0.8883405327796936,-0.012523084878921509,1.0859564542770386,0.0071806940250098705,0.6707704067230225,-0.013644764199852943,0.9082947969436646,-0.03110518492758274,0.09351367503404617,0.0683249980211258,0.14580537378787994,0.027341416105628014,0.2563915550708771,0.3412497341632843,0.018883155658841133,0.014053729362785816,0.01581721007823944,0.018619177863001823
25,FRA,France,2023,-3.9094398021698,-0.8346776962280273,4.679560661315918,6,0.8883405327796936,-0.012523084878921509,1.0859564542770386,0.0071806940250098705,0.6707704067230225,-0.013644764199852943,0.9082947969436646,-0.03110518492758274,0.09351367503404617,0.0683249980211258,0.14580537378787994,0.027341416105628014,0.2563915550708771,0.3412497341632843,0.018883155658841133,0.014053729362785816,0.01581721007823944,0.018619177863001823
26,GBR,United Kingdom,2018,-11.656635284423828,0.6847156882286072,4.67852783203125,6,1.2583589553833008,-0.021503202617168427,1.1897099018096924,0.012329869903624058,1.3614327907562256,-0.023429231718182564,1.2239340543746948,-0.05341024696826935,0.09356586635112762,0.06841298192739487,0.14628498256206512,0.02741916850209236,0.2547539472579956,0.3423289656639099,0.018816746771335602,0.014147941954433918,0.015734566375613213,0.01853490062057972
26,GBR,United Kingdom,2019,-12.48721694946289,0.3192565441131592,4.67852783203125,6,1.2583589553833008,-0.021503202617168427,1.1897099018096924,0.012329869903624058,1.3614327907562256,-0.023429231718182564,1.2239340543746948,-0.05341024696826935,0.09356586635112762,0.06841298192739487,0.14628498256206512,0.02741916850209236,0.2547539472579956,0.3423289656639099,0.018816746771335602,0.014147941954433918,0.015734566375613213,0.01853490062057972
26,GBR,United Kingdom,2020,-13.733572006225586,-0.049556344747543335,4.67852783203125,6,1.2583589553833008,-0.021503202617168427,1.1897099018096924,0.012329869903624058,1.3614327907562256,-0.023429231718182564,1.2239340543746948,-0.05341024696826935,0.09356586635112762,0.06841298192739487,0.14628498256206512,0.02741916850209236,0.2547539472579956,0.3423289656639099,0.018816746771335602,0.014147941954433918,0.015734566375613213,0.01853490062057972
26,GBR,United Kingdom,2021,-12.55033016204834,-0.33377987146377563,4.67852783203125,6,1.2583589553833008,-0.021503202617168427,1.1897099018096924,0.012329869903624058,1.3614327907562256,-0.023429231718182564,1.2239340543746948,-0.05341024696826935,0.09356586635112762,0.06841298192739487,0.14628498256206512,0.02741916850209236,0.2547539472579956,0.3423289656639099,0.018816746771335602,0.014147941954433918,0.015734566375613213,0.01853490062057972
26,GBR,United Kingdom,2022,-13.13424301147461,-0.5276755094528198,4.67852783203125,6,1.2583589553833008,-0.021503202617168427,1.1897099018096924,0.012329869903624058,1.3614327907562256,-0.023429231718182564,1.2239340543746948,-0.05341024696826935,0.09356586635112762,0.06841298192739487,0.14628498256206512,0.02741916850209236,0.2547539472579956,0.3423289656639099,0.018816746771335602,0.014147941954433918,0.015734566375613213,0.01853490062057972
26,GBR,United Kingdom,2023,-14.066479682922363,-0.6480208039283752,4.67852783203125,6,1.2583589553833008,-0.021503202617168427,1.1897099018096924,0.012329869903624058,1.3614327907562256,-0.023429231718182564,1.2239340543746948,-0.05341024696826935,0.09356586635112762,0.06841298192739487,0.14628498256206512,0.02741916850209236,0.2547539472579956,0.3423289656639099,0.018816746771335602,0.014147941954433918,0.015734566375613213,0.01853490062057972
27,GRC,Greece,2018,-5.507160186767578,-1.1528267860412598,4.697637557983398,6,0.21050052344799042,0.1436130851507187,0.004785913974046707,-0.08234736323356628,0.24354657530784607,0.15647651255130768,0.3831690847873688,0.3567101061344147,0.09259258955717087,0.0668463334441185,0.13751646876335144,0.026095427572727203,0.2853153944015503,0.32141315937042236,0.020123612135648727,0.012553039938211441,0.017364412546157837,0.0201796256005764
27,GRC,Greece,2019,-6.582149982452393,-1.1812458038330078,4.697637557983398,6,0.21050052344799042,0.1436130851507187,0.004785913974046707,-0.08234736323356628,0.24354657530784607,0.15647651255130768,0.3831690847873688,0.3567101061344147,0.09259258955717087,0.0668463334441185,0.13751646876335144,0.026095427572727203,0.2853153944015503,0.32141315937042236,0.020123612135648727,0.012553039938211441,0.017364412546157837,0.0201796256005764
27,GRC,Greece,2020,-8.231910705566406,-1.280062198638916,4.697637557983398,6,0.21050052344799042,0.1436130851507187,0.004785913974046707,-0.08234736323356628,0.24354657530784607,0.15647651255130768,0.3831690847873688,0.3567101061344147,0.09259258955717087,0.0668463334441185,0.13751646876335144,0.026095427572727203,0.2853153944015503,0.32141315937042236,0.020123612135648727,0.012553039938211441,0.017364412546157837,0.0201796256005764
27,GRC,Greece,2021,-9.12386703491211,-1.3754584789276123,4.697637557983398,6,0.21050052344799042,0.1436130851507187,0.004785913974046707,-0.08234736323356628,0.24354657530784607,0.15647651255130768,0.3831690847873688,0.3567101061344147,0.09259258955717087,0.0668463334441185,0.13751646876335144,0.026095427572727203,0.2853153944015503,0.32141315937042236,0.020123612135648727,0.012553039938211441,0.017364412546157837,0.0201796256005764
27,GRC,Greece,2022,-9.264490127563477,-1.4446080923080444,4.697637557983398,6,0.21050052344799042,0.1436130851507187,0.004785913974046707,-0.08234736323356628,0.24354657530784607,0.15647651255130768,0.3831690847873688,0.3567101061344147,0.09259258955717087,0.0668463334441185,0.13751646876335144,0.026095427572727203,0.2853153944015503,0.32141315937042236,0.020123612135648727,0.012553039938211441,0.017364412546157837,0.0201796256005764
27,GRC,Greece,2023,-10.155776977539062,-1.4921927452087402,4.697637557983398,6,0.21050052344799042,0.1436130851507187,0.004785913974046707,-0.08234736323356628,0.24354657530784607,0.15647651255130768,0.3831690847873688,0.3567101061344147,0.09259258955717087,0.0668463334441185,0.13751646876335144,0.026095427572727203,0.2853153944015503,0.32141315937042236,0.020123612135648727,0.012553039938211441,0.017364412546157837,0.0201796256005764
28,HKG,Hong Kong,2018,-1.1459519863128662,0.3249194025993347,4.6710920333862305,6,1.1223636865615845,-0.08621560782194138,1.0890463590621948,0.04943578690290451,1.3811711072921753,-0.09393791854381561,0.8968734741210938,-0.21414467692375183,0.09393946826457977,0.06905610859394073,0.14974334836006165,0.027999473735690117,0.24307751655578613,0.34987178444862366,0.018354183062911034,0.014853579923510551,0.015159182250499725,0.01794532686471939
28,HKG,Hong Kong,2019,-1.7272493839263916,0.19135703146457672,4.6710920333862305,6,1.1223636865615845,-0.08621560782194138,1.0890463590621948,0.04943578690290451,1.3811711072921753,-0.09393791854381561,0.8968734741210938,-0.21414467692375183,0.09393946826457977,0.06905610859394073,0.14974334836006165,0.027999473735690117,0.24307751655578613,0.34987178444862366,0.018354183062911034,0.014853579923510551,0.015159182250499725,0.01794532686471939
28,HKG,Hong Kong,2020,-5.682636260986328,-0.009923353791236877,4.6710920333862305,6,1.1223636865615845,-0.08621560782194138,1.0890463590621948,0.04943578690290451,1.3811711072921753,-0.09393791854381561,0.8968734741210938,-0.21414467692375183,0.09393946826457977,0.06905610859394073,0.14974334836006165,0.027999473735690117,0.24307751655578613,0.34987178444862366,0.018354183062911034,0.014853579923510551,0.015159182250499725,0.01794532686471939
28,HKG,Hong Kong,2021,-5.362922668457031,-0.17922832071781158,4.6710920333862305,6,1.1223636865615845,-0.08621560782194138,1.0890463590621948,0.04943578690290451,1.3811711072921753,-0.09393791854381561,0.8968734741210938,-0.21414467692375183,0.09393946826457977,0.06905610859394073,0.14974334836006165,0.027999473735690117,0.24307751655578613,0.34987178444862366,0.018354183062911034,0.014853579923510551,0.015159182250499725,0.01794532686471939
28,HKG,Hong Kong,2022,-5.762137413024902,-0.30603259801864624,4.6710920333862305,6,1.1223636865615845,-0.08621560782194138,1.0890463590621948,0.04943578690290451,1.3811711072921753,-0.09393791854381561,0.8968734741210938,-0.21414467692375183,0.09393946826457977,0.06905610859394073,0.14974334836006165,0.027999473735690117,0.24307751655578613,0.34987178444862366,0.018354183062911034,0.014853579923510551,0.015159182250499725,0.01794532686471939
28,HKG,Hong Kong,2023,-5.774105072021484,-0.3934343457221985,4.6710920333862305,6,1.1223636865615845,-0.08621560782194138,1.0890463590621948,0.04943578690290451,1.3811711072921753,-0.09393791854381561,0.8968734741210938,-0.21414467692375183,0.09393946826457977,0.06905610859394073,0.14974334836006165,0.027999473735690117,0.24307751655578613,0.34987178444862366,0.018354183062911034,0.014853579923510551,0.015159182250499725,0.01794532686471939
29,HRV,Croatia,2018,-2.1691575050354004,0.3438297510147095,4.676408290863037,6,-0.3481642007827759,-0.039944324642419815,-0.2588765323162079,0.022903958335518837,-0.3555670380592346,-0.043522123247385025,-0.4300490617752075,-0.09921480715274811,0.09367276728153229,0.06859461963176727,0.14727026224136353,0.027580955997109413,0.25140342116355896,0.34452101588249207,0.01868206262588501,0.014344217255711555,0.01556700561195612,0.01836370676755905
29,HRV,Croatia,2019,-1.4451857805252075,0.48140275478363037,4.676408290863037,6,-0.3481642007827759,-0.039944324642419815,-0.2588765323162079,0.022903958335518837,-0.3555670380592346,-0.043522123247385025,-0.4300490617752075,-0.09921480715274811,0.09367276728153229,0.06859461963176727,0.14727026224136353,0.027580955997109413,0.25140342116355896,0.34452101588249207,0.01868206262588501,0.014344217255711555,0.01556700561195612,0.01836370676755905
29,HRV,Croatia,2020,-1.7230193614959717,0.4143313765525818,4.676408290863037,6,-0.3481642007827759,-0.039944324642419815,-0.2588765323162079,0.022903958335518837,-0.3555670380592346,-0.043522123247385025,-0.4300490617752075,-0.09921480715274811,0.09367276728153229,0.06859461963176727,0.14727026224136353,0.027580955997109413,0.25140342116355896,0.34452101588249207,0.01868206262588501,0.014344217255711555,0.01556700561195612,0.01836370676755905
29,HRV,Croatia,2021,-2.0073060989379883,0.3502963185310364,4.676408290863037,6,-0.3481642007827759,-0.039944324642419815,-0.2588765323162079,0.022903958335518837,-0.3555670380592346,-0.043522123247385025,-0.4300490617752075,-0.09921480715274811,0.09367276728153229,0.06859461963176727,0.14727026224136353,0.027580955997109413,0.25140342116355896,0.34452101588249207,0.01868206262588501,0.014344217255711555,0.01556700561195612,0.01836370676755905
29,HRV,Croatia,2022,-1.4104783535003662,0.26170700788497925,4.676408290863037,6,-0.3481642007827759,-0.039944324642419815,-0.2588765323162079,0.022903958335518837,-0.3555670380592346,-0.043522123247385025,-0.4300490617752075,-0.09921480715274811,0.09367276728153229,0.06859461963176727,0.14727026224136353,0.027580955997109413,0.25140342116355896,0.34452101588249207,0.01868206262588501,0.014344217255711555,0.01556700561195612,0.01836370676755905
29,HRV,Croatia,2023,-2.236304998397827,0.20612861216068268,4.676408290863037,6,-0.3481642007827759,-0.039944324642419815,-0.2588765323162079,0.022903958335518837,-0.3555670380592346,-0.043522123247385025,-0.4300490617752075,-0.09921480715274811,0.09367276728153229,0.06859461963176727,0.14727026224136353,0.027580955997109413,0.25140342116355896,0.34452101588249207,0.01868206262588501,0.014344217255711555,0.01556700561195612,0.01836370676755905
30,HUN,Hungary,2018,-2.826733112335205,-0.7603917717933655,4.691893577575684,6,0.43036317825317383,0.0943068340420723,0.30845627188682556,-0.05407530069351196,0.5491956472396851,0.10275391489267349,0.4334375858306885,0.23424190282821655,0.09288623929023743,0.06730269640684128,0.14011991024017334,0.026467543095350266,0.27611321210861206,0.3278754949569702,0.019714467227458954,0.012999624013900757,0.01685318537056446,0.0196676142513752
30,HUN,Hungary,2019,-3.2313930988311768,-0.7964045405387878,4.691893577575684,6,0.43036317825317383,0.0943068340420723,0.30845627188682556,-0.05407530069351196,0.5491956472396851,0.10275391489267349,0.4334375858306885,0.23424190282821655,0.09288623929023743,0.06730269640684128,0.14011991024017334,0.026467543095350266,0.27611321210861206,0.3278754949569702,0.019714467227458954,0.012999624013900757,0.01685318537056446,0.0196676142513752
30,HUN,Hungary,2020,-3.419083595275879,-0.872013509273529,4.691893577575684,6,0.43036317825317383,0.0943068340420723,0.30845627188682556,-0.05407530069351196,0.5491956472396851,0.10275391489267349,0.4334375858306885,0.23424190282821655,0.09288623929023743,0.06730269640684128,0.14011991024017334,0.026467543095350266,0.27611321210861206,0.3278754949569702,0.019714467227458954,0.012999624013900757,0.01685318537056446,0.0196676142513752
30,HUN,Hungary,2021,-3.8331387042999268,-0.9476626515388489,4.691893577575684,6,0.43036317825317383,0.0943068340420723,0.30845627188682556,-0.05407530069351196,0.5491956472396851,0.10275391489267349,0.4334375858306885,0.23424190282821655,0.09288623929023743,0.06730269640684128,0.14011991024017334,0.026467543095350266,0.27611321210861206,0.3278754949569702,0.019714467227458954,0.012999624013900757,0.01685318537056446,0.0196676142513752
30,HUN,Hungary,2022,-4.042897701263428,-1.0117958784103394,4.691893577575684,6,0.43036317825317383,0.0943068340420723,0.30845627188682556,-0.05407530069351196,0.5491956472396851,0.10275391489267349,0.4334375858306885,0.23424190282821655,0.09288623929023743,0.06730269640684128,0.14011991024017334,0.026467543095350266,0.27611321210861206,0.3278754949569702,0.019714467227458954,0.012999624013900757,0.01685318537056446,0.0196676142513752
30,HUN,Hungary,2023,-4.756733417510986,-1.0625066757202148,4.691893577575684,6,0.43036317825317383,0.0943068340420723,0.30845627188682556,-0.05407530069351196,0.5491956472396851,0.10275391489267349,0.4334375858306885,0.23424190282821655,0.09288623929023743,0.06730269640684128,0.14011991024017334,0.026467543095350266,0.27611321210861206,0.3278754949569702,0.019714467227458954,0.012999624013900757,0.01685318537056446,0.0196676142513752
31,IDN,Indonesia,2018,2.64410662651062,0.3370278477668762,4.678924560546875,6,-0.9561768174171448,-0.01804797165095806,-0.9402090311050415,0.010348648764193058,-0.8002218008041382,-0.019664514809846878,-1.1280996799468994,-0.04482804611325264,0.09354577958583832,0.06837908178567886,0.14610040187835693,0.027389168739318848,0.25538361072540283,0.3419145941734314,0.01884222961962223,0.014111579395830631,0.015766283497214317,0.01856725476682186
31,IDN,Indonesia,2019,3.317753314971924,0.6847361922264099,4.678924560546875,6,-0.9561768174171448,-0.01804797165095806,-0.9402090311050415,0.010348648764193058,-0.8002218008041382,-0.019664514809846878,-1.1280996799468994,-0.04482804611325264,0.09354577958583832,0.06837908178567886,0.14610040187835693,0.027389168739318848,0.25538361072540283,0.3419145941734314,0.01884222961962223,0.014111579395830631,0.015766283497214317,0.01856725476682186
31,IDN,Indonesia,2020,2.719416856765747,0.8767451047897339,4.678924560546875,6,-0.9561768174171448,-0.01804797165095806,-0.9402090311050415,0.010348648764193058,-0.8002218008041382,-0.019664514809846878,-1.1280996799468994,-0.04482804611325264,0.09354577958583832,0.06837908178567886,0.14610040187835693,0.027389168739318848,0.25538361072540283,0.3419145941734314,0.01884222961962223,0.014111579395830631,0.015766283497214317,0.01856725476682186
31,IDN,Indonesia,2021,2.6682887077331543,0.9515181183815002,4.678924560546875,6,-0.9561768174171448,-0.01804797165095806,-0.9402090311050415,0.010348648764193058,-0.8002218008041382,-0.019664514809846878,-1.1280996799468994,-0.04482804611325264,0.09354577958583832,0.06837908178567886,0.14610040187835693,0.027389168739318848,0.25538361072540283,0.3419145941734314,0.01884222961962223,0.014111579395830631,0.015766283497214317,0.01856725476682186
31,IDN,Indonesia,2022,2.0740978717803955,0.9433631300926208,4.678924560546875,6,-0.9561768174171448,-0.01804797165095806,-0.9402090311050415,0.010348648764193058,-0.8002218008041382,-0.019664514809846878,-1.1280996799468994,-0.04482804611325264,0.09354577958583832,0.06837908178567886,0.14610040187835693,0.027389168739318848,0.25538361072540283,0.3419145941734314,0.01884222961962223,0.014111579395830631,0.015766283497214317,0.01856725476682186
31,IDN,Indonesia,2023,2.4188666343688965,0.9444143176078796,4.678924560546875,6,-0.9561768174171448,-0.01804797165095806,-0.9402090311050415,0.010348648764193058,-0.8002218008041382,-0.019664514809846878,-1.1280996799468994,-0.04482804611325264,0.09354577958583832,0.06837908178567886,0.14610040187835693,0.027389168739318848,0.25538361072540283,0.3419145941734314,0.01884222961962223,0.014111579395830631,0.015766283497214317,0.01856725476682186
32,IND,India,2018,0.023883648216724396,-1.305591106414795,4.681184768676758,6,-0.5800058245658875,0.001594729139469564,-0.6757107377052307,-0.0009144227369688451,-0.8220545053482056,0.0017375813331454992,-0.24225223064422607,0.003961028531193733,0.09343146532773972,0.06818732619285583,0.14505170285701752,0.02722054533660412,0.25897353887557983,0.33953794836997986,0.018988655880093575,0.013907409273087978,0.015948520973324776,0.018752899020910263
32,IND,India,2019,-1.7109887599945068,-0.5633997917175293,4.681184768676758,6,-0.5800058245658875,0.001594729139469564,-0.6757107377052307,-0.0009144227369688451,-0.8220545053482056,0.0017375813331454992,-0.24225223064422607,0.003961028531193733,0.09343146532773972,0.06818732619285583,0.14505170285701752,0.02722054533660412,0.25897353887557983,0.33953794836997986,0.018988655880093575,0.013907409273087978,0.015948520973324776,0.018752899020910263
32,IND,India,2020,-2.832286834716797,-0.3158408999443054,4.681184768676758,6,-0.5800058245658875,0.001594729139469564,-0.6757107377052307,-0.0009144227369688451,-0.8220545053482056,0.0017375813331454992,-0.24225223064422607,0.003961028531193733,0.09343146532773972,0.06818732619285583,0.14505170285701752,0.02722054533660412,0.25897353887557983,0.33953794836997986,0.018988655880093575,0.013907409273087978,0.015948520973324776,0.018752899020910263
32,IND,India,2021,-2.1478464603424072,-0.2857200503349304,4.681184768676758,6,-0.5800058245658875,0.001594729139469564,-0.6757107377052307,-0.0009144227369688451,-0.8220545053482056,0.0017375813331454992,-0.24225223064422607,0.003961028531193733,0.09343146532773972,0.06818732619285583,0.14505170285701752,0.02722054533660412,0.25897353887557983,0.33953794836997986,0.018988655880093575,0.013907409273087978,0.015948520973324776,0.018752899020910263
32,IND,India,2022,-2.8932855129241943,-0.11359791457653046,4.681184768676758,6,-0.5800058245658875,0.001594729139469564,-0.6757107377052307,-0.0009144227369688451,-0.8220545053482056,0.0017375813331454992,-0.24225223064422607,0.003961028531193733,0.09343146532773972,0.06818732619285583,0.14505170285701752,0.02722054533660412,0.25897353887557983,0.33953794836997986,0.018988655880093575,0.013907409273087978,0.015948520973324776,0.018752899020910263
32,IND,India,2023,-2.182831048965454,0.08199363946914673,4.681184768676758,6,-0.5800058245658875,0.001594729139469564,-0.6757107377052307,-0.0009144227369688451,-0.8220545053482056,0.0017375813331454992,-0.24225223064422607,0.003961028531193733,0.09343146532773972,0.06818732619285583,0.14505170285701752,0.02722054533660412,0.25897353887557983,0.33953794836997986,0.018988655880093575,0.013907409273087978,0.015948520973324776,0.018752899020910263
33,IRL,Ireland,2018,-3.2219769954681396,-1.1481704711914062,4.686396598815918,6,1.125100016593933,0.046821098774671555,0.9071259498596191,-0.026847101747989655,1.2676217555999756,0.05101487413048744,1.2005521059036255,0.11629552394151688,0.09316664934158325,0.06775153428316116,0.14264129102230072,0.026844440028071404,0.2672995626926422,0.33393585681915283,0.019335579127073288,0.013453224673867226,0.01638062670826912,0.019191214814782143
33,IRL,Ireland,2019,-3.9652493000030518,-1.3954271078109741,4.686396598815918,6,1.125100016593933,0.046821098774671555,0.9071259498596191,-0.026847101747989655,1.2676217555999756,0.05101487413048744,1.2005521059036255,0.11629552394151688,0.09316664934158325,0.06775153428316116,0.14264129102230072,0.026844440028071404,0.2672995626926422,0.33393585681915283,0.019335579127073288,0.013453224673867226,0.01638062670826912,0.019191214814782143
33,IRL,Ireland,2020,-4.2647223472595215,-1.5967190265655518,4.686396598815918,6,1.125100016593933,0.046821098774671555,0.9071259498596191,-0.026847101747989655,1.2676217555999756,0.05101487413048744,1.2005521059036255,0.11629552394151688,0.09316664934158325,0.06775153428316116,0.14264129102230072,0.026844440028071404,0.2672995626926422,0.33393585681915283,0.019335579127073288,0.013453224673867226,0.01638062670826912,0.019191214814782143
33,IRL,Ireland,2021,-3.373614549636841,-1.7432026863098145,4.686396598815918,6,1.125100016593933,0.046821098774671555,0.9071259498596191,-0.026847101747989655,1.2676217555999756,0.05101487413048744,1.2005521059036255,0.11629552394151688,0.09316664934158325,0.06775153428316116,0.14264129102230072,0.026844440028071404,0.2672995626926422,0.33393585681915283,0.019335579127073288,0.013453224673867226,0.01638062670826912,0.019191214814782143
33,IRL,Ireland,2022,-3.6817150115966797,-1.8422627449035645,4.686396598815918,6,1.125100016593933,0.046821098774671555,0.9071259498596191,-0.026847101747989655,1.2676217555999756,0.05101487413048744,1.2005521059036255,0.11629552394151688,0.09316664934158325,0.06775153428316116,0.14264129102230072,0.026844440028071404,0.2672995626926422,0.33393585681915283,0.019335579127073288,0.013453224673867226,0.01638062670826912,0.019191214814782143
33,IRL,Ireland,2023,-4.387845516204834,-1.9016306400299072,4.686396598815918,6,1.125100016593933,0.046821098774671555,0.9071259498596191,-0.026847101747989655,1.2676217555999756,0.05101487413048744,1.2005521059036255,0.11629552394151688,0.09316664934158325,0.06775153428316116,0.14264129102230072,0.026844440028071404,0.2672995626926422,0.33393585681915283,0.019335579127073288,0.013453224673867226,0.01638062670826912,0.019191214814782143
34,IRN,Iran,2018,0.18575511872768402,-1.6919209957122803,4.675348281860352,6,-1.425826907157898,-0.04916811361908913,-1.0039883852005005,0.028192855417728424,-1.918333888053894,-0.05357208475470543,-1.3551583290100098,-0.12212511152029037,0.09372609853744507,0.06868595629930496,0.1477631777524948,0.02766292914748192,0.24973417818546295,0.3456049859523773,0.01861555501818657,0.01444381382316351,0.01548426691442728,0.018279025331139565
34,IRN,Iran,2019,-3.3282368183135986,-1.1495941877365112,4.675348281860352,6,-1.425826907157898,-0.04916811361908913,-1.0039883852005005,0.028192855417728424,-1.918333888053894,-0.05357208475470543,-1.3551583290100098,-0.12212511152029037,0.09372609853744507,0.06868595629930496,0.1477631777524948,0.02766292914748192,0.24973417818546295,0.3456049859523773,0.01861555501818657,0.01444381382316351,0.01548426691442728,0.018279025331139565
34,IRN,Iran,2020,-1.5740487575531006,-0.9047819375991821,4.675348281860352,6,-1.425826907157898,-0.04916811361908913,-1.0039883852005005,0.028192855417728424,-1.918333888053894,-0.05357208475470543,-1.3551583290100098,-0.12212511152029037,0.09372609853744507,0.06868595629930496,0.1477631777524948,0.02766292914748192,0.24973417818546295,0.3456049859523773,0.01861555501818657,0.01444381382316351,0.01548426691442728,0.018279025331139565
34,IRN,Iran,2021,0.32263654470443726,-0.9107843041419983,4.675348281860352,6,-1.425826907157898,-0.04916811361908913,-1.0039883852005005,0.028192855417728424,-1.918333888053894,-0.05357208475470543,-1.3551583290100098,-0.12212511152029037,0.09372609853744507,0.06868595629930496,0.1477631777524948,0.02766292914748192,0.24973417818546295,0.3456049859523773,0.01861555501818657,0.01444381382316351,0.01548426691442728,0.018279025331139565
34,IRN,Iran,2022,0.009564151056110859,-0.48609453439712524,4.675348281860352,6,-1.425826907157898,-0.04916811361908913,-1.0039883852005005,0.028192855417728424,-1.918333888053894,-0.05357208475470543,-1.3551583290100098,-0.12212511152029037,0.09372609853744507,0.06868595629930496,0.1477631777524948,0.02766292914748192,0.24973417818546295,0.3456049859523773,0.01861555501818657,0.01444381382316351,0.01548426691442728,0.018279025331139565
34,IRN,Iran,2023,-0.9724723696708679,-0.8648223280906677,4.675348281860352,6,-1.425826907157898,-0.04916811361908913,-1.0039883852005005,0.028192855417728424,-1.918333888053894,-0.05357208475470543,-1.3551583290100098,-0.12212511152029037,0.09372609853744507,0.06868595629930496,0.1477631777524948,0.02766292914748192,0.24973417818546295,0.3456049859523773,0.01861555501818657,0.01444381382316351,0.01548426691442728,0.018279025331139565
35,IRQ,Iraq,2018,1.4125878810882568,-1.555189847946167,4.682045936584473,6,-2.0568058490753174,0.009085845202207565,-2.0972113609313965,-0.005209809169173241,-2.079011917114258,0.009899676777422428,-1.9941946268081665,0.022567668929696083,0.09338775277137756,0.06811458617448807,0.14465197920799255,0.02715708315372467,0.26034706830978394,0.3386223018169403,0.01904517039656639,0.013830655254423618,0.016018886119127274,0.01882445625960827
35,IRQ,Iraq,2019,1.0280742645263672,-1.1217149496078491,4.682045936584473,6,-2.0568058490753174,0.009085845202207565,-2.0972113609313965,-0.005209809169173241,-2.079011917114258,0.009899676777422428,-1.9941946268081665,0.022567668929696083,0.09338775277137756,0.06811458617448807,0.14465197920799255,0.02715708315372467,0.26034706830978394,0.3386223018169403,0.01904517039656639,0.013830655254423618,0.016018886119127274,0.01882445625960827
35,IRQ,Iraq,2020,1.1829884052276611,-0.9613280892372131,4.682045936584473,6,-2.0568058490753174,0.009085845202207565,-2.0972113609313965,-0.005209809169173241,-2.079011917114258,0.009899676777422428,-1.9941946268081665,0.022567668929696083,0.09338775277137756,0.06811458617448807,0.14465197920799255,0.02715708315372467,0.26034706830978394,0.3386223018169403,0.01904517039656639,0.013830655254423618,0.016018886119127274,0.01882445625960827
35,IRQ,Iraq,2021,1.2868479490280151,-0.873760998249054,4.682045936584473,6,-2.0568058490753174,0.009085845202207565,-2.0972113609313965,-0.005209809169173241,-2.079011917114258,0.009899676777422428,-1.9941946268081665,0.022567668929696083,0.09338775277137756,0.06811458617448807,0.14465197920799255,0.02715708315372467,0.26034706830978394,0.3386223018169403,0.01904517039656639,0.013830655254423618,0.016018886119127274,0.01882445625960827
35,IRQ,Iraq,2022,1.606886863708496,-0.8491998314857483,4.682045936584473,6,-2.0568058490753174,0.009085845202207565,-2.0972113609313965,-0.005209809169173241,-2.079011917114258,0.009899676777422428,-1.9941946268081665,0.022567668929696083,0.09338775277137756,0.06811458617448807,0.14465197920799255,0.02715708315372467,0.26034706830978394,0.3386223018169403,0.01904517039656639,0.013830655254423618,0.016018886119127274,0.01882445625960827
35,IRQ,Iraq,2023,1.6270170211791992,-0.8810777068138123,4.682045936584473,6,-2.0568058490753174,0.009085845202207565,-2.0972113609313965,-0.005209809169173241,-2.079011917114258,0.009899676777422428,-1.9941946268081665,0.022567668929696083,0.09338775277137756,0.06811458617448807,0.14465197920799255,0.02715708315372467,0.26034706830978394,0.3386223018169403,0.01904517039656639,0.013830655254423618,0.016018886119127274,0.01882445625960827
36,ISL,Iceland,2018,2.5240752696990967,0.9101677536964417,4.685500621795654,6,1.1885734796524048,0.03905903920531273,1.2342337369918823,-0.022396357730031013,0.9549963474273682,0.04255756735801697,1.376490592956543,0.09701590985059738,0.09321226179599762,0.06782574951648712,0.14305445551872253,0.0269077867269516,0.2658652067184448,0.3349096477031708,0.01927507109940052,0.01352961827069521,0.016305219382047653,0.019114911556243896
36,ISL,Iceland,2019,2.4789857864379883,0.7006791830062866,4.685500621795654,6,1.1885734796524048,0.03905903920531273,1.2342337369918823,-0.022396357730031013,0.9549963474273682,0.04255756735801697,1.376490592956543,0.09701590985059738,0.09321226179599762,0.06782574951648712,0.14305445551872253,0.0269077867269516,0.2658652067184448,0.3349096477031708,0.01927507109940052,0.01352961827069521,0.016305219382047653,0.019114911556243896
36,ISL,Iceland,2020,1.9529410600662231,0.5032103657722473,4.685500621795654,6,1.1885734796524048,0.03905903920531273,1.2342337369918823,-0.022396357730031013,0.9549963474273682,0.04255756735801697,1.376490592956543,0.09701590985059738,0.09321226179599762,0.06782574951648712,0.14305445551872253,0.0269077867269516,0.2658652067184448,0.3349096477031708,0.01927507109940052,0.01352961827069521,0.016305219382047653,0.019114911556243896
36,ISL,Iceland,2021,1.6373142004013062,0.35393983125686646,4.685500621795654,6,1.1885734796524048,0.03905903920531273,1.2342337369918823,-0.022396357730031013,0.9549963474273682,0.04255756735801697,1.376490592956543,0.09701590985059738,0.09321226179599762,0.06782574951648712,0.14305445551872253,0.0269077867269516,0.2658652067184448,0.3349096477031708,0.01927507109940052,0.01352961827069521,0.016305219382047653,0.019114911556243896
36,ISL,Iceland,2022,1.38180673122406,0.24811886250972748,4.685500621795654,6,1.1885734796524048,0.03905903920531273,1.2342337369918823,-0.022396357730031013,0.9549963474273682,0.04255756735801697,1.376490592956543,0.09701590985059738,0.09321226179599762,0.06782574951648712,0.14305445551872253,0.0269077867269516,0.2658652067184448,0.3349096477031708,0.01927507109940052,0.01352961827069521,0.016305219382047653,0.019114911556243896
36,ISL,Iceland,2023,2.3587470054626465,0.17864073812961578,4.685500621795654,6,1.1885734796524048,0.03905903920531273,1.2342337369918823,-0.022396357730031013,0.9549963474273682,0.04255756735801697,1.376490592956543,0.09701590985059738,0.09321226179599762,0.06782574951648712,0.14305445551872253,0.0269077867269516,0.2658652067184448,0.3349096477031708,0.01927507109940052,0.01352961827069521,0.016305219382047653,0.019114911556243896
37,ISR,Israel,2018,-6.285995006561279,-0.0704662948846817,4.674066066741943,6,0.6414921283721924,-0.06032579019665718,0.9020118117332458,0.03459063917398453,0.48677289485931396,-0.06572915613651276,0.5356917977333069,-0.14983884990215302,0.09379050135612488,0.06879688054323196,0.14835955202579498,0.027763070538640022,0.24772107601165771,0.3469048738479614,0.01853586733341217,0.014565583318471909,0.015385146252810955,0.018177442252635956
37,ISR,Israel,2019,-6.490711212158203,-0.2457423359155655,4.674066066741943,6,0.6414921283721924,-0.06032579019665718,0.9020118117332458,0.03459063917398453,0.48677289485931396,-0.06572915613651276,0.5356917977333069,-0.14983884990215302,0.09379050135612488,0.06879688054323196,0.14835955202579498,0.027763070538640022,0.24772107601165771,0.3469048738479614,0.01853586733341217,0.014565583318471909,0.015385146252810955,0.018177442252635956
37,ISR,Israel,2020,-7.341547966003418,-0.43073731660842896,4.674066066741943,6,0.6414921283721924,-0.06032579019665718,0.9020118117332458,0.03459063917398453,0.48677289485931396,-0.06572915613651276,0.5356917977333069,-0.14983884990215302,0.09379050135612488,0.06879688054323196,0.14835955202579498,0.027763070538640022,0.24772107601165771,0.3469048738479614,0.01853586733341217,0.014565583318471909,0.015385146252810955,0.018177442252635956
37,ISR,Israel,2021,-8.057387351989746,-0.5786948800086975,4.674066066741943,6,0.6414921283721924,-0.06032579019665718,0.9020118117332458,0.03459063917398453,0.48677289485931396,-0.06572915613651276,0.5356917977333069,-0.14983884990215302,0.09379050135612488,0.06879688054323196,0.14835955202579498,0.027763070538640022,0.24772107601165771,0.3469048738479614,0.01853586733341217,0.014565583318471909,0.015385146252810955,0.018177442252635956
37,ISR,Israel,2022,-8.405094146728516,-0.6845962405204773,4.674066066741943,6,0.6414921283721924,-0.06032579019665718,0.9020118117332458,0.03459063917398453,0.48677289485931396,-0.06572915613651276,0.5356917977333069,-0.14983884990215302,0.09379050135612488,0.06879688054323196,0.14835955202579498,0.027763070538640022,0.24772107601165771,0.3469048738479614,0.01853586733341217,0.014565583318471909,0.015385146252810955,0.018177442252635956
37,ISR,Israel,2023,-9.675131797790527,-0.755681037902832,4.674066066741943,6,0.6414921283721924,-0.06032579019665718,0.9020118117332458,0.03459063917398453,0.48677289485931396,-0.06572915613651276,0.5356917977333069,-0.14983884990215302,0.09379050135612488,0.06879688054323196,0.14835955202579498,0.027763070538640022,0.24772107601165771,0.3469048738479614,0.01853586733341217,0.014565583318471909,0.015385146252810955,0.018177442252635956
38,ITA,Italy,2018,-5.143430233001709,-0.13316725194454193,4.694082260131836,6,0.23468120396137238,0.11313456296920776,0.07437334209680557,-0.06487106531858444,0.34910762310028076,0.12326803058385849,0.28056269884109497,0.28100672364234924,0.0927744135260582,0.06712726503610611,0.13912378251552582,0.026323160156607628,0.27962252497673035,0.3254268169403076,0.019868826493620872,0.01282621081918478,0.01704592816531658,0.01986105926334858
38,ITA,Italy,2019,-5.74995231628418,-0.4069960117340088,4.694082260131836,6,0.23468120396137238,0.11313456296920776,0.07437334209680557,-0.06487106531858444,0.34910762310028076,0.12326803058385849,0.28056269884109497,0.28100672364234924,0.0927744135260582,0.06712726503610611,0.13912378251552582,0.026323160156607628,0.27962252497673035,0.3254268169403076,0.019868826493620872,0.01282621081918478,0.01704592816531658,0.01986105926334858
38,ITA,Italy,2020,-6.417283058166504,-0.6483432650566101,4.694082260131836,6,0.23468120396137238,0.11313456296920776,0.07437334209680557,-0.06487106531858444,0.34910762310028076,0.12326803058385849,0.28056269884109497,0.28100672364234924,0.0927744135260582,0.06712726503610611,0.13912378251552582,0.026323160156607628,0.27962252497673035,0.3254268169403076,0.019868826493620872,0.01282621081918478,0.01704592816531658,0.01986105926334858
38,ITA,Italy,2021,-6.226283073425293,-0.8218103647232056,4.694082260131836,6,0.23468120396137238,0.11313456296920776,0.07437334209680557,-0.06487106531858444,0.34910762310028076,0.12326803058385849,0.28056269884109497,0.28100672364234924,0.0927744135260582,0.06712726503610611,0.13912378251552582,0.026323160156607628,0.27962252497673035,0.3254268169403076,0.019868826493620872,0.01282621081918478,0.01704592816531658,0.01986105926334858
38,ITA,Italy,2022,-4.716213703155518,-0.9355402588844299,4.694082260131836,6,0.23468120396137238,0.11313456296920776,0.07437334209680557,-0.06487106531858444,0.34910762310028076,0.12326803058385849,0.28056269884109497,0.28100672364234924,0.0927744135260582,0.06712726503610611,0.13912378251552582,0.026323160156607628,0.27962252497673035,0.3254268169403076,0.019868826493620872,0.01282621081918478,0.01704592816531658,0.01986105926334858
38,ITA,Italy,2023,-6.842550277709961,-1.0057770013809204,4.694082260131836,6,0.23468120396137238,0.11313456296920776,0.07437334209680557,-0.06487106531858444,0.34910762310028076,0.12326803058385849,0.28056269884109497,0.28100672364234924,0.0927744135260582,0.06712726503610611,0.13912378251552582,0.026323160156607628,0.27962252497673035,0.3254268169403076,0.019868826493620872,0.01282621081918478,0.01704592816531658,0.01986105926334858
39,JPN,Japan,2018,3.7277371883392334,1.0713400840759277,4.68814754486084,6,0.7284886837005615,0.06197023019194603,0.8470459580421448,-0.03553357347846031,0.45311596989631653,0.06752091646194458,0.8853041529655457,0.15392334759235382,0.09307746589183807,0.06760736554861069,0.14183565974235535,0.02672220952808857,0.2701044976711273,0.3320212960243225,0.0194548349827528,0.013305965811014175,0.016529282554984093,0.01934140734374523
39,JPN,Japan,2019,3.204775810241699,0.9039127826690674,4.68814754486084,6,0.7284886837005615,0.06197023019194603,0.8470459580421448,-0.03553357347846031,0.45311596989631653,0.06752091646194458,0.8853041529655457,0.15392334759235382,0.09307746589183807,0.06760736554861069,0.14183565974235535,0.02672220952808857,0.2701044976711273,0.3320212960243225,0.0194548349827528,0.013305965811014175,0.016529282554984093,0.01934140734374523
39,JPN,Japan,2020,3.1749613285064697,0.7091817855834961,4.68814754486084,6,0.7284886837005615,0.06197023019194603,0.8470459580421448,-0.03553357347846031,0.45311596989631653,0.06752091646194458,0.8853041529655457,0.15392334759235382,0.09307746589183807,0.06760736554861069,0.14183565974235535,0.02672220952808857,0.2701044976711273,0.3320212960243225,0.0194548349827528,0.013305965811014175,0.016529282554984093,0.01934140734374523
39,JPN,Japan,2021,2.640718698501587,0.556721031665802,4.68814754486084,6,0.7284886837005615,0.06197023019194603,0.8470459580421448,-0.03553357347846031,0.45311596989631653,0.06752091646194458,0.8853041529655457,0.15392334759235382,0.09307746589183807,0.06760736554861069,0.14183565974235535,0.02672220952808857,0.2701044976711273,0.3320212960243225,0.0194548349827528,0.013305965811014175,0.016529282554984093,0.01934140734374523
39,JPN,Japan,2022,2.846599578857422,0.4494791626930237,4.68814754486084,6,0.7284886837005615,0.06197023019194603,0.8470459580421448,-0.03553357347846031,0.45311596989631653,0.06752091646194458,0.8853041529655457,0.15392334759235382,0.09307746589183807,0.06760736554861069,0.14183565974235535,0.02672220952808857,0.2701044976711273,0.3320212960243225,0.0194548349827528,0.013305965811014175,0.016529282554984093,0.01934140734374523
39,JPN,Japan,2023,1.7527316808700562,0.38057786226272583,4.68814754486084,6,0.7284886837005615,0.06197023019194603,0.8470459580421448,-0.03553357347846031,0.45311596989631653,0.06752091646194458,0.8853041529655457,0.15392334759235382,0.09307746589183807,0.06760736554861069,0.14183565974235535,0.02672220952808857,0.2701044976711273,0.3320212960243225,0.0194548349827528,0.013305965811014175,0.016529282554984093,0.01934140734374523
40,KAZ,Kazakhstan,2018,1.5828030109405518,1.0558902025222778,4.68154239654541,6,-1.2722676992416382,0.00470690568909049,-1.3743125200271606,-0.002698936266824603,-1.0817227363586426,0.0051285154186189175,-1.3607680797576904,0.011691137216985226,0.09341330081224442,0.06815707683563232,0.14488562941551208,0.027194125577807426,0.25954386591911316,0.33915817737579346,0.01901208981871605,0.013875449076294899,0.01597769372165203,0.01878257468342781
40,KAZ,Kazakhstan,2019,1.5101414918899536,1.2946231365203857,4.68154239654541,6,-1.2722676992416382,0.00470690568909049,-1.3743125200271606,-0.002698936266824603,-1.0817227363586426,0.0051285154186189175,-1.3607680797576904,0.011691137216985226,0.09341330081224442,0.06815707683563232,0.14488562941551208,0.027194125577807426,0.25954386591911316,0.33915817737579346,0.01901208981871605,0.013875449076294899,0.01597769372165203,0.01878257468342781
40,KAZ,Kazakhstan,2020,1.363572597503662,1.4297860860824585,4.68154239654541,6,-1.2722676992416382,0.00470690568909049,-1.3743125200271606,-0.002698936266824603,-1.0817227363586426,0.0051285154186189175,-1.3607680797576904,0.011691137216985226,0.09341330081224442,0.06815707683563232,0.14488562941551208,0.027194125577807426,0.25954386591911316,0.33915817737579346,0.01901208981871605,0.013875449076294899,0.01597769372165203,0.01878257468342781
40,KAZ,Kazakhstan,2021,1.2543725967407227,1.4231445789337158,4.68154239654541,6,-1.2722676992416382,0.00470690568909049,-1.3743125200271606,-0.002698936266824603,-1.0817227363586426,0.0051285154186189175,-1.3607680797576904,0.011691137216985226,0.09341330081224442,0.06815707683563232,0.14488562941551208,0.027194125577807426,0.25954386591911316,0.33915817737579346,0.01901208981871605,0.013875449076294899,0.01597769372165203,0.01878257468342781
40,KAZ,Kazakhstan,2022,1.1613658666610718,1.4146106243133545,4.68154239654541,6,-1.2722676992416382,0.00470690568909049,-1.3743125200271606,-0.002698936266824603,-1.0817227363586426,0.0051285154186189175,-1.3607680797576904,0.011691137216985226,0.09341330081224442,0.06815707683563232,0.14488562941551208,0.027194125577807426,0.25954386591911316,0.33915817737579346,0.01901208981871605,0.013875449076294899,0.01597769372165203,0.01878257468342781
40,KAZ,Kazakhstan,2023,0.9807498455047607,1.4818851947784424,4.68154239654541,6,-1.2722676992416382,0.00470690568909049,-1.3743125200271606,-0.002698936266824603,-1.0817227363586426,0.0051285154186189175,-1.3607680797576904,0.011691137216985226,0.09341330081224442,0.06815707683563232,0.14488562941551208,0.027194125577807426,0.25954386591911316,0.33915817737579346,0.01901208981871605,0.013875449076294899,0.01597769372165203,0.01878257468342781
41,KOR,South Korea,2018,3.200753688812256,1.0985580682754517,4.690576553344727,6,0.34772443771362305,0.08295245468616486,0.4346860945224762,-0.04756472632288933,0.1522836983203888,0.09038251638412476,0.45620352029800415,0.20603957772254944,0.09295351803302765,0.06740919500589371,0.14072169363498688,0.026556001976132393,0.2740003764629364,0.3293400704860687,0.019622517749667168,0.013105956837534904,0.01673843339085579,0.01955220103263855
41,KOR,South Korea,2019,1.7671101093292236,1.207504391670227,4.690576553344727,6,0.34772443771362305,0.08295245468616486,0.4346860945224762,-0.04756472632288933,0.1522836983203888,0.09038251638412476,0.45620352029800415,0.20603957772254944,0.09295351803302765,0.06740919500589371,0.14072169363498688,0.026556001976132393,0.2740003764629364,0.3293400704860687,0.019622517749667168,0.013105956837534904,0.01673843339085579,0.01955220103263855
41,KOR,South Korea,2020,-0.8152863383293152,1.1919500827789307,4.690576553344727,6,0.34772443771362305,0.08295245468616486,0.4346860945224762,-0.04756472632288933,0.1522836983203888,0.09038251638412476,0.45620352029800415,0.20603957772254944,0.09295351803302765,0.06740919500589371,0.14072169363498688,0.026556001976132393,0.2740003764629364,0.3293400704860687,0.019622517749667168,0.013105956837534904,0.01673843339085579,0.01955220103263855
41,KOR,South Korea,2021,-0.6951596140861511,1.1470506191253662,4.690576553344727,6,0.34772443771362305,0.08295245468616486,0.4346860945224762,-0.04756472632288933,0.1522836983203888,0.09038251638412476,0.45620352029800415,0.20603957772254944,0.09295351803302765,0.06740919500589371,0.14072169363498688,0.026556001976132393,0.2740003764629364,0.3293400704860687,0.019622517749667168,0.013105956837534904,0.01673843339085579,0.01955220103263855
41,KOR,South Korea,2022,-2.0999202728271484,1.0994336605072021,4.690576553344727,6,0.34772443771362305,0.08295245468616486,0.4346860945224762,-0.04756472632288933,0.1522836983203888,0.09038251638412476,0.45620352029800415,0.20603957772254944,0.09295351803302765,0.06740919500589371,0.14072169363498688,0.026556001976132393,0.2740003764629364,0.3293400704860687,0.019622517749667168,0.013105956837534904,0.01673843339085579,0.01955220103263855
41,KOR,South Korea,2023,-2.8068954944610596,1.0592424869537354,4.690576553344727,6,0.34772443771362305,0.08295245468616486,0.4346860945224762,-0.04756472632288933,0.1522836983203888,0.09038251638412476,0.45620352029800415,0.20603957772254944,0.09295351803302765,0.06740919500589371,0.14072169363498688,0.026556001976132393,0.2740003764629364,0.3293400704860687,0.019622517749667168,0.013105956837534904,0.01673843339085579,0.01955220103263855
42,KWT,Kuwait,2018,-6.3546881675720215,-0.13402046263217926,4.688726425170898,6,-0.23261572420597076,0.06697428226470947,-0.458217591047287,-0.03840288519859314,-0.3800378143787384,0.07297317683696747,0.1404082179069519,0.1663525551557541,0.09304794669151306,0.06755994260311127,0.14156977832317352,0.02668224461376667,0.27103254199028015,0.33138492703437805,0.019494561478495598,0.013257846236228943,0.01657881774008274,0.019391385838389397
42,KWT,Kuwait,2019,-7.2538886070251465,-0.4283454418182373,4.688726425170898,6,-0.23261572420597076,0.06697428226470947,-0.458217591047287,-0.03840288519859314,-0.3800378143787384,0.07297317683696747,0.1404082179069519,0.1663525551557541,0.09304794669151306,0.06755994260311127,0.14156977832317352,0.02668224461376667,0.27103254199028015,0.33138492703437805,0.019494561478495598,0.013257846236228943,0.01657881774008274,0.019391385838389397
42,KWT,Kuwait,2020,-6.158499240875244,-0.7307531833648682,4.688726425170898,6,-0.23261572420597076,0.06697428226470947,-0.458217591047287,-0.03840288519859314,-0.3800378143787384,0.07297317683696747,0.1404082179069519,0.1663525551557541,0.09304794669151306,0.06755994260311127,0.14156977832317352,0.02668224461376667,0.27103254199028015,0.33138492703437805,0.019494561478495598,0.013257846236228943,0.01657881774008274,0.019391385838389397
42,KWT,Kuwait,2021,-7.0740485191345215,-0.9713780283927917,4.688726425170898,6,-0.23261572420597076,0.06697428226470947,-0.458217591047287,-0.03840288519859314,-0.3800378143787384,0.07297317683696747,0.1404082179069519,0.1663525551557541,0.09304794669151306,0.06755994260311127,0.14156977832317352,0.02668224461376667,0.27103254199028015,0.33138492703437805,0.019494561478495598,0.013257846236228943,0.01657881774008274,0.019391385838389397
42,KWT,Kuwait,2022,-27.902793884277344,-1.1436073780059814,4.688726425170898,6,-0.23261572420597076,0.06697428226470947,-0.458217591047287,-0.03840288519859314,-0.3800378143787384,0.07297317683696747,0.1404082179069519,0.1663525551557541,0.09304794669151306,0.06755994260311127,0.14156977832317352,0.02668224461376667,0.27103254199028015,0.33138492703437805,0.019494561478495598,0.013257846236228943,0.01657881774008274,0.019391385838389397
42,KWT,Kuwait,2023,-27.870094299316406,-1.2610584497451782,4.688726425170898,6,-0.23261572420597076,0.06697428226470947,-0.458217591047287,-0.03840288519859314,-0.3800378143787384,0.07297317683696747,0.1404082179069519,0.1663525551557541,0.09304794669151306,0.06755994260311127,0.14156977832317352,0.02668224461376667,0.27103254199028015,0.33138492703437805,0.019494561478495598,0.013257846236228943,0.01657881774008274,0.019391385838389397
43,LKA,Sri Lanka,2018,2.3601856231689453,-0.44830000400543213,4.681478500366211,6,-0.550111711025238,0.004148304928094149,-0.720518171787262,-0.0023786365054547787,-0.5627866387367249,0.004519881214946508,-0.36703041195869446,0.010303670540452003,0.09341657906770706,0.06816251575946808,0.14491543173789978,0.027198858559131622,0.25944143533706665,0.33922645449638367,0.019007880240678787,0.013881177641451359,0.015972452238202095,0.01877724751830101
43,LKA,Sri Lanka,2019,4.711722373962402,0.02282652258872986,4.681478500366211,6,-0.550111711025238,0.004148304928094149,-0.720518171787262,-0.0023786365054547787,-0.5627866387367249,0.004519881214946508,-0.36703041195869446,0.010303670540452003,0.09341657906770706,0.06816251575946808,0.14491543173789978,0.027198858559131622,0.25944143533706665,0.33922645449638367,0.019007880240678787,0.013881177641451359,0.015972452238202095,0.01877724751830101
43,LKA,Sri Lanka,2020,4.523720741271973,0.09721292555332184,4.681478500366211,6,-0.550111711025238,0.004148304928094149,-0.720518171787262,-0.0023786365054547787,-0.5627866387367249,0.004519881214946508,-0.36703041195869446,0.010303670540452003,0.09341657906770706,0.06816251575946808,0.14491543173789978,0.027198858559131622,0.25944143533706665,0.33922645449638367,0.019007880240678787,0.013881177641451359,0.015972452238202095,0.01877724751830101
43,LKA,Sri Lanka,2021,1.3256715536117554,0.1313139945268631,4.681478500366211,6,-0.550111711025238,0.004148304928094149,-0.720518171787262,-0.0023786365054547787,-0.5627866387367249,0.004519881214946508,-0.36703041195869446,0.010303670540452003,0.09341657906770706,0.06816251575946808,0.14491543173789978,0.027198858559131622,0.25944143533706665,0.33922645449638367,0.019007880240678787,0.013881177641451359,0.015972452238202095,0.01877724751830101
43,LKA,Sri Lanka,2022,4.413687705993652,0.07054103910923004,4.681478500366211,6,-0.550111711025238,0.004148304928094149,-0.720518171787262,-0.0023786365054547787,-0.5627866387367249,0.004519881214946508,-0.36703041195869446,0.010303670540452003,0.09341657906770706,0.06816251575946808,0.14491543173789978,0.027198858559131622,0.25944143533706665,0.33922645449638367,0.019007880240678787,0.013881177641451359,0.015972452238202095,0.01877724751830101
43,LKA,Sri Lanka,2023,4.413687705993652,0.08301836252212524,4.681478500366211,6,-0.550111711025238,0.004148304928094149,-0.720518171787262,-0.0023786365054547787,-0.5627866387367249,0.004519881214946508,-0.36703041195869446,0.010303670540452003,0.09341657906770706,0.06816251575946808,0.14491543173789978,0.027198858559131622,0.25944143533706665,0.33922645449638367,0.019007880240678787,0.013881177641451359,0.015972452238202095,0.01877724751830101
44,LTU,Lithuania,2018,0.5927717685699463,0.746032178401947,4.687131881713867,6,0.11791292577981949,0.05317668244242668,-0.0774189680814743,-0.03049137257039547,0.3881412148475647,0.05793972313404083,0.043016545474529266,0.13208168745040894,0.09312927722930908,0.06769094616174698,0.1423031985759735,0.02679293230175972,0.2684755027294159,0.33313488960266113,0.019385425373911858,0.013391148298978806,0.01644274964928627,0.019254017621278763
44,LTU,Lithuania,2019,0.5042790174484253,0.8827874064445496,4.687131881713867,6,0.11791292577981949,0.05317668244242668,-0.0774189680814743,-0.03049137257039547,0.3881412148475647,0.05793972313404083,0.043016545474529266,0.13208168745040894,0.09312927722930908,0.06769094616174698,0.1423031985759735,0.02679293230175972,0.2684755027294159,0.33313488960266113,0.019385425373911858,0.013391148298978806,0.01644274964928627,0.019254017621278763
44,LTU,Lithuania,2020,1.2348809242248535,0.9202577471733093,4.687131881713867,6,0.11791292577981949,0.05317668244242668,-0.0774189680814743,-0.03049137257039547,0.3881412148475647,0.05793972313404083,0.043016545474529266,0.13208168745040894,0.09312927722930908,0.06769094616174698,0.1423031985759735,0.02679293230175972,0.2684755027294159,0.33313488960266113,0.019385425373911858,0.013391148298978806,0.01644274964928627,0.019254017621278763
44,LTU,Lithuania,2021,1.103811502456665,0.9291365742683411,4.687131881713867,6,0.11791292577981949,0.05317668244242668,-0.0774189680814743,-0.03049137257039547,0.3881412148475647,0.05793972313404083,0.043016545474529266,0.13208168745040894,0.09312927722930908,0.06769094616174698,0.1423031985759735,0.02679293230175972,0.2684755027294159,0.33313488960266113,0.019385425373911858,0.013391148298978806,0.01644274964928627,0.019254017621278763
44,LTU,Lithuania,2022,0.6238992810249329,0.9298571944236755,4.687131881713867,6,0.11791292577981949,0.05317668244242668,-0.0774189680814743,-0.03049137257039547,0.3881412148475647,0.05793972313404083,0.043016545474529266,0.13208168745040894,0.09312927722930908,0.06769094616174698,0.1423031985759735,0.02679293230175972,0.2684755027294159,0.33313488960266113,0.019385425373911858,0.013391148298978806,0.01644274964928627,0.019254017621278763
44,LTU,Lithuania,2023,-0.08893253654241562,0.9263166785240173,4.687131881713867,6,0.11791292577981949,0.05317668244242668,-0.0774189680814743,-0.03049137257039547,0.3881412148475647,0.05793972313404083,0.043016545474529266,0.13208168745040894,0.09312927722930908,0.06769094616174698,0.1423031985759735,0.02679293230175972,0.2684755027294159,0.33313488960266113,0.019385425373911858,0.013391148298978806,0.01644274964928627,0.019254017621278763
45,LUX,Luxembourg,2018,-2.6616039276123047,0.22114722430706024,4.675981044769287,6,1.3627294301986694,-0.04366065189242363,1.4299343824386597,0.025034891441464424,1.3163741827011108,-0.047571320086717606,1.3418793678283691,-0.10844552516937256,0.09369426965713501,0.06863138824701309,0.14746883511543274,0.027613893151283264,0.2507303059101105,0.3449588119983673,0.0186552032828331,0.014384232461452484,0.01553358230739832,0.01832950860261917
45,LUX,Luxembourg,2019,-3.0985145568847656,-0.03842131793498993,4.675981044769287,6,1.3627294301986694,-0.04366065189242363,1.4299343824386597,0.025034891441464424,1.3163741827011108,-0.047571320086717606,1.3418793678283691,-0.10844552516937256,0.09369426965713501,0.06863138824701309,0.14746883511543274,0.027613893151283264,0.2507303059101105,0.3449588119983673,0.0186552032828331,0.014384232461452484,0.01553358230739832,0.01832950860261917
45,LUX,Luxembourg,2020,-3.1957318782806396,-0.2971229553222656,4.675981044769287,6,1.3627294301986694,-0.04366065189242363,1.4299343824386597,0.025034891441464424,1.3163741827011108,-0.047571320086717606,1.3418793678283691,-0.10844552516937256,0.09369426965713501,0.06863138824701309,0.14746883511543274,0.027613893151283264,0.2507303059101105,0.3449588119983673,0.0186552032828331,0.014384232461452484,0.01553358230739832,0.01832950860261917
45,LUX,Luxembourg,2021,-3.2258713245391846,-0.5032408237457275,4.675981044769287,6,1.3627294301986694,-0.04366065189242363,1.4299343824386597,0.025034891441464424,1.3163741827011108,-0.047571320086717606,1.3418793678283691,-0.10844552516937256,0.09369426965713501,0.06863138824701309,0.14746883511543274,0.027613893151283264,0.2507303059101105,0.3449588119983673,0.0186552032828331,0.014384232461452484,0.01553358230739832,0.01832950860261917
45,LUX,Luxembourg,2022,-3.72668719291687,-0.6464717388153076,4.675981044769287,6,1.3627294301986694,-0.04366065189242363,1.4299343824386597,0.025034891441464424,1.3163741827011108,-0.047571320086717606,1.3418793678283691,-0.10844552516937256,0.09369426965713501,0.06863138824701309,0.14746883511543274,0.027613893151283264,0.2507303059101105,0.3449588119983673,0.0186552032828331,0.014384232461452484,0.01553358230739832,0.01832950860261917
45,LUX,Luxembourg,2023,-4.158839225769043,-0.7381038069725037,4.675981044769287,6,1.3627294301986694,-0.04366065189242363,1.4299343824386597,0.025034891441464424,1.3163741827011108,-0.047571320086717606,1.3418793678283691,-0.10844552516937256,0.09369426965713501,0.06863138824701309,0.14746883511543274,0.027613893151283264,0.2507303059101105,0.3449588119983673,0.0186552032828331,0.014384232461452484,0.01553358230739832,0.01832950860261917
46,LVA,Latvia,2018,2.136277437210083,0.6024097800254822,4.68662166595459,6,0.05672547221183777,0.04876969754695892,-0.19147229194641113,-0.027964424341917038,0.368137001991272,0.05313801020383835,-0.006488294806331396,0.12113551050424576,0.09315519779920578,0.06773295253515244,0.14253760874271393,0.02682860940694809,0.2676599621772766,0.3336905837059021,0.019350839778780937,0.013434149324893951,0.016399642452597618,0.019210441038012505
46,LVA,Latvia,2019,2.451484441757202,0.4522826671600342,4.68662166595459,6,0.05672547221183777,0.04876969754695892,-0.19147229194641113,-0.027964424341917038,0.368137001991272,0.05313801020383835,-0.006488294806331396,0.12113551050424576,0.09315519779920578,0.06773295253515244,0.14253760874271393,0.02682860940694809,0.2676599621772766,0.3336905837059021,0.019350839778780937,0.013434149324893951,0.016399642452597618,0.019210441038012505
46,LVA,Latvia,2020,0.5582294464111328,0.35650283098220825,4.68662166595459,6,0.05672547221183777,0.04876969754695892,-0.19147229194641113,-0.027964424341917038,0.368137001991272,0.05313801020383835,-0.006488294806331396,0.12113551050424576,0.09315519779920578,0.06773295253515244,0.14253760874271393,0.02682860940694809,0.2676599621772766,0.3336905837059021,0.019350839778780937,0.013434149324893951,0.016399642452597618,0.019210441038012505
46,LVA,Latvia,2021,0.538101315498352,0.24974672496318817,4.68662166595459,6,0.05672547221183777,0.04876969754695892,-0.19147229194641113,-0.027964424341917038,0.368137001991272,0.05313801020383835,-0.006488294806331396,0.12113551050424576,0.09315519779920578,0.06773295253515244,0.14253760874271393,0.02682860940694809,0.2676599621772766,0.3336905837059021,0.019350839778780937,0.013434149324893951,0.016399642452597618,0.019210441038012505
46,LVA,Latvia,2022,-1.1075773239135742,0.22936438024044037,4.68662166595459,6,0.05672547221183777,0.04876969754695892,-0.19147229194641113,-0.027964424341917038,0.368137001991272,0.05313801020383835,-0.006488294806331396,0.12113551050424576,0.09315519779920578,0.06773295253515244,0.14253760874271393,0.02682860940694809,0.2676599621772766,0.3336905837059021,0.019350839778780937,0.013434149324893951,0.016399642452597618,0.019210441038012505
46,LVA,Latvia,2023,-1.7468478679656982,0.2574923634529114,4.68662166595459,6,0.05672547221183777,0.04876969754695892,-0.19147229194641113,-0.027964424341917038,0.368137001991272,0.05313801020383835,-0.006488294806331396,0.12113551050424576,0.09315519779920578,0.06773295253515244,0.14253760874271393,0.02682860940694809,0.2676599621772766,0.3336905837059021,0.019350839778780937,0.013434149324893951,0.016399642452597618,0.019210441038012505
47,MAR,Morocco,2018,-2.0527760982513428,-1.3085871934890747,4.678830146789551,6,-0.5677001476287842,-0.01887170411646366,-0.5921026468276978,0.01082097552716732,-0.603592574596405,-0.020562030375003815,-0.5074053406715393,-0.04687406122684479,0.09355058521032333,0.06838715821504593,0.14614439010620117,0.027396317571401596,0.25523340702056885,0.34201350808143616,0.01883614808320999,0.01412023976445198,0.015758713707327843,0.018559535965323448
47,MAR,Morocco,2019,-1.840488076210022,-0.7881520390510559,4.678830146789551,6,-0.5677001476287842,-0.01887170411646366,-0.5921026468276978,0.01082097552716732,-0.603592574596405,-0.020562030375003815,-0.5074053406715393,-0.04687406122684479,0.09355058521032333,0.06838715821504593,0.14614439010620117,0.027396317571401596,0.25523340702056885,0.34201350808143616,0.01883614808320999,0.01412023976445198,0.015758713707327843,0.018559535965323448
47,MAR,Morocco,2020,-1.5523828268051147,-0.6678564548492432,4.678830146789551,6,-0.5677001476287842,-0.01887170411646366,-0.5921026468276978,0.01082097552716732,-0.603592574596405,-0.020562030375003815,-0.5074053406715393,-0.04687406122684479,0.09355058521032333,0.06838715821504593,0.14614439010620117,0.027396317571401596,0.25523340702056885,0.34201350808143616,0.01883614808320999,0.01412023976445198,0.015758713707327843,0.018559535965323448
47,MAR,Morocco,2021,-1.670159101486206,-0.5738511085510254,4.678830146789551,6,-0.5677001476287842,-0.01887170411646366,-0.5921026468276978,0.01082097552716732,-0.603592574596405,-0.020562030375003815,-0.5074053406715393,-0.04687406122684479,0.09355058521032333,0.06838715821504593,0.14614439010620117,0.027396317571401596,0.25523340702056885,0.34201350808143616,0.01883614808320999,0.01412023976445198,0.015758713707327843,0.018559535965323448
47,MAR,Morocco,2022,-1.1988462209701538,-0.5658196210861206,4.678830146789551,6,-0.5677001476287842,-0.01887170411646366,-0.5921026468276978,0.01082097552716732,-0.603592574596405,-0.020562030375003815,-0.5074053406715393,-0.04687406122684479,0.09355058521032333,0.06838715821504593,0.14614439010620117,0.027396317571401596,0.25523340702056885,0.34201350808143616,0.01883614808320999,0.01412023976445198,0.015758713707327843,0.018559535965323448
47,MAR,Morocco,2023,-2.160374164581299,-0.5550848841667175,4.678830146789551,6,-0.5677001476287842,-0.01887170411646366,-0.5921026468276978,0.01082097552716732,-0.603592574596405,-0.020562030375003815,-0.5074053406715393,-0.04687406122684479,0.09355058521032333,0.06838715821504593,0.14614439010620117,0.027396317571401596,0.25523340702056885,0.34201350808143616,0.01883614808320999,0.01412023976445198,0.015758713707327843,0.018559535965323448
48,MEX,Mexico,2018,-1.2096426486968994,-0.06679394841194153,4.672969818115234,6,-0.4911726713180542,-0.06987527012825012,-0.5113726854324341,0.04006628319621086,-0.13761571049690247,-0.07613398134708405,-0.8245296478271484,-0.17355811595916748,0.09384552389383316,0.06889220327138901,0.14886999130249023,0.027849605306982994,0.24600370228290558,0.3480073809623718,0.018468331545591354,0.014670917764306068,0.015301141887903214,0.018091244623064995
48,MEX,Mexico,2019,-1.0846872329711914,0.1492769867181778,4.672969818115234,6,-0.4911726713180542,-0.06987527012825012,-0.5113726854324341,0.04006628319621086,-0.13761571049690247,-0.07613398134708405,-0.8245296478271484,-0.17355811595916748,0.09384552389383316,0.06889220327138901,0.14886999130249023,0.027849605306982994,0.24600370228290558,0.3480073809623718,0.018468331545591354,0.014670917764306068,0.015301141887903214,0.018091244623064995
48,MEX,Mexico,2020,-3.962113618850708,0.21811993420124054,4.672969818115234,6,-0.4911726713180542,-0.06987527012825012,-0.5113726854324341,0.04006628319621086,-0.13761571049690247,-0.07613398134708405,-0.8245296478271484,-0.17355811595916748,0.09384552389383316,0.06889220327138901,0.14886999130249023,0.027849605306982994,0.24600370228290558,0.3480073809623718,0.018468331545591354,0.014670917764306068,0.015301141887903214,0.018091244623064995
48,MEX,Mexico,2021,-5.881318092346191,0.15986467897891998,4.672969818115234,6,-0.4911726713180542,-0.06987527012825012,-0.5113726854324341,0.04006628319621086,-0.13761571049690247,-0.07613398134708405,-0.8245296478271484,-0.17355811595916748,0.09384552389383316,0.06889220327138901,0.14886999130249023,0.027849605306982994,0.24600370228290558,0.3480073809623718,0.018468331545591354,0.014670917764306068,0.015301141887903214,0.018091244623064995
48,MEX,Mexico,2022,-5.320054531097412,0.12479771673679352,4.672969818115234,6,-0.4911726713180542,-0.06987527012825012,-0.5113726854324341,0.04006628319621086,-0.13761571049690247,-0.07613398134708405,-0.8245296478271484,-0.17355811595916748,0.09384552389383316,0.06889220327138901,0.14886999130249023,0.027849605306982994,0.24600370228290558,0.3480073809623718,0.018468331545591354,0.014670917764306068,0.015301141887903214,0.018091244623064995
48,MEX,Mexico,2023,-3.6169328689575195,0.1253134161233902,4.672969818115234,6,-0.4911726713180542,-0.06987527012825012,-0.5113726854324341,0.04006628319621086,-0.13761571049690247,-0.07613398134708405,-0.8245296478271484,-0.17355811595916748,0.09384552389383316,0.06889220327138901,0.14886999130249023,0.027849605306982994,0.24600370228290558,0.3480073809623718,0.018468331545591354,0.014670917764306068,0.015301141887903214,0.018091244623064995
49,MKD,North Macedonia,2018,-4.225182056427002,-1.043172001838684,4.680251598358154,6,-0.8401430249214172,-0.006510031875222921,-0.9831662178039551,0.0037328251637518406,-0.6911687254905701,-0.007093122228980064,-0.8460942506790161,-0.016169797629117966,0.09347868710756302,0.06826627999544144,0.1454843133687973,0.02728973887860775,0.2574901580810547,0.3405228853225708,0.0189279243350029,0.013991142623126507,0.015872932970523834,0.018675953149795532
49,MKD,North Macedonia,2019,-2.3085620403289795,-0.8623468279838562,4.680251598358154,6,-0.8401430249214172,-0.006510031875222921,-0.9831662178039551,0.0037328251637518406,-0.6911687254905701,-0.007093122228980064,-0.8460942506790161,-0.016169797629117966,0.09347868710756302,0.06826627999544144,0.1454843133687973,0.02728973887860775,0.2574901580810547,0.3405228853225708,0.0189279243350029,0.013991142623126507,0.015872932970523834,0.018675953149795532
49,MKD,North Macedonia,2020,-3.7089016437530518,-0.7965196967124939,4.680251598358154,6,-0.8401430249214172,-0.006510031875222921,-0.9831662178039551,0.0037328251637518406,-0.6911687254905701,-0.007093122228980064,-0.8460942506790161,-0.016169797629117966,0.09347868710756302,0.06826627999544144,0.1454843133687973,0.02728973887860775,0.2574901580810547,0.3405228853225708,0.0189279243350029,0.013991142623126507,0.015872932970523834,0.018675953149795532
49,MKD,North Macedonia,2021,-4.82833194732666,-0.7372337579727173,4.680251598358154,6,-0.8401430249214172,-0.006510031875222921,-0.9831662178039551,0.0037328251637518406,-0.6911687254905701,-0.007093122228980064,-0.8460942506790161,-0.016169797629117966,0.09347868710756302,0.06826627999544144,0.1454843133687973,0.02728973887860775,0.2574901580810547,0.3405228853225708,0.0189279243350029,0.013991142623126507,0.015872932970523834,0.018675953149795532
49,MKD,North Macedonia,2022,-3.69097900390625,-0.8018212914466858,4.680251598358154,6,-0.8401430249214172,-0.006510031875222921,-0.9831662178039551,0.0037328251637518406,-0.6911687254905701,-0.007093122228980064,-0.8460942506790161,-0.016169797629117966,0.09347868710756302,0.06826627999544144,0.1454843133687973,0.02728973887860775,0.2574901580810547,0.3405228853225708,0.0189279243350029,0.013991142623126507,0.015872932970523834,0.018675953149795532
49,MKD,North Macedonia,2023,-4.7387189865112305,-0.836877167224884,4.680251598358154,6,-0.8401430249214172,-0.006510031875222921,-0.9831662178039551,0.0037328251637518406,-0.6911687254905701,-0.007093122228980064,-0.8460942506790161,-0.016169797629117966,0.09347868710756302,0.06826627999544144,0.1454843133687973,0.02728973887860775,0.2574901580810547,0.3405228853225708,0.0189279243350029,0.013991142623126507,0.015872932970523834,0.018675953149795532
50,MYS,Malaysia,2018,0.02772342786192894,0.2171049565076828,4.667758464813232,6,0.11615476757287979,-0.11521538347005844,0.3967877924442291,0.06606417894363403,0.08836042881011963,-0.12553520500659943,-0.1366838961839676,-0.2861751317977905,0.09410560876131058,0.06934948265552521,0.15129274129867554,0.028271034359931946,0.23792539536952972,0.35311034321784973,0.018156029284000397,0.015185357071459293,0.014912727288901806,0.017691291868686676
50,MYS,Malaysia,2019,-0.08382336795330048,0.20079730451107025,4.667758464813232,6,0.11615476757287979,-0.11521538347005844,0.3967877924442291,0.06606417894363403,0.08836042881011963,-0.12553520500659943,-0.1366838961839676,-0.2861751317977905,0.09410560876131058,0.06934948265552521,0.15129274129867554,0.028271034359931946,0.23792539536952972,0.35311034321784973,0.018156029284000397,0.015185357071459293,0.014912727288901806,0.017691291868686676
50,MYS,Malaysia,2020,0.11602042615413666,0.11904419958591461,4.667758464813232,6,0.11615476757287979,-0.11521538347005844,0.3967877924442291,0.06606417894363403,0.08836042881011963,-0.12553520500659943,-0.1366838961839676,-0.2861751317977905,0.09410560876131058,0.06934948265552521,0.15129274129867554,0.028271034359931946,0.23792539536952972,0.35311034321784973,0.018156029284000397,0.015185357071459293,0.014912727288901806,0.017691291868686676
50,MYS,Malaysia,2021,-0.4654858112335205,0.02513308823108673,4.667758464813232,6,0.11615476757287979,-0.11521538347005844,0.3967877924442291,0.06606417894363403,0.08836042881011963,-0.12553520500659943,-0.1366838961839676,-0.2861751317977905,0.09410560876131058,0.06934948265552521,0.15129274129867554,0.028271034359931946,0.23792539536952972,0.35311034321784973,0.018156029284000397,0.015185357071459293,0.014912727288901806,0.017691291868686676
50,MYS,Malaysia,2022,-0.6587987542152405,-0.04595218598842621,4.667758464813232,6,0.11615476757287979,-0.11521538347005844,0.3967877924442291,0.06606417894363403,0.08836042881011963,-0.12553520500659943,-0.1366838961839676,-0.2861751317977905,0.09410560876131058,0.06934948265552521,0.15129274129867554,0.028271034359931946,0.23792539536952972,0.35311034321784973,0.018156029284000397,0.015185357071459293,0.014912727288901806,0.017691291868686676
50,MYS,Malaysia,2023,-0.5584850311279297,-0.09636463224887848,4.667758464813232,6,0.11615476757287979,-0.11521538347005844,0.3967877924442291,0.06606417894363403,0.08836042881011963,-0.12553520500659943,-0.1366838961839676,-0.2861751317977905,0.09410560876131058,0.06934948265552521,0.15129274129867554,0.028271034359931946,0.23792539536952972,0.35311034321784973,0.018156029284000397,0.015185357071459293,0.014912727288901806,0.017691291868686676
51,NLD,Netherlands,2018,-2.012981653213501,-0.8655270338058472,4.675252914428711,6,1.3984497785568237,-0.049997538328170776,1.432983160018921,0.028668444603681564,1.4087532758712769,-0.054475802928209305,1.3536127805709839,-0.12418525665998459,0.09373090416193008,0.06869419664144516,0.1478075236082077,0.027670342475175858,0.24958430230617523,0.34570205211639404,0.018609607592225075,0.014452824369072914,0.015476861037313938,0.018271440640091896
51,NLD,Netherlands,2019,-4.107210636138916,-1.1968910694122314,4.675252914428711,6,1.3984497785568237,-0.049997538328170776,1.432983160018921,0.028668444603681564,1.4087532758712769,-0.054475802928209305,1.3536127805709839,-0.12418525665998459,0.09373090416193008,0.06869419664144516,0.1478075236082077,0.027670342475175858,0.24958430230617523,0.34570205211639404,0.018609607592225075,0.014452824369072914,0.015476861037313938,0.018271440640091896
51,NLD,Netherlands,2020,-6.567773342132568,-1.4697870016098022,4.675252914428711,6,1.3984497785568237,-0.049997538328170776,1.432983160018921,0.028668444603681564,1.4087532758712769,-0.054475802928209305,1.3536127805709839,-0.12418525665998459,0.09373090416193008,0.06869419664144516,0.1478075236082077,0.027670342475175858,0.24958430230617523,0.34570205211639404,0.018609607592225075,0.014452824369072914,0.015476861037313938,0.018271440640091896
51,NLD,Netherlands,2021,-6.225274562835693,-1.6550719738006592,4.675252914428711,6,1.3984497785568237,-0.049997538328170776,1.432983160018921,0.028668444603681564,1.4087532758712769,-0.054475802928209305,1.3536127805709839,-0.12418525665998459,0.09373090416193008,0.06869419664144516,0.1478075236082077,0.027670342475175858,0.24958430230617523,0.34570205211639404,0.018609607592225075,0.014452824369072914,0.015476861037313938,0.018271440640091896
51,NLD,Netherlands,2022,-7.184930801391602,-1.7717180252075195,4.675252914428711,6,1.3984497785568237,-0.049997538328170776,1.432983160018921,0.028668444603681564,1.4087532758712769,-0.054475802928209305,1.3536127805709839,-0.12418525665998459,0.09373090416193008,0.06869419664144516,0.1478075236082077,0.027670342475175858,0.24958430230617523,0.34570205211639404,0.018609607592225075,0.014452824369072914,0.015476861037313938,0.018271440640091896
51,NLD,Netherlands,2023,-9.322796821594238,-1.8386746644973755,4.675252914428711,6,1.3984497785568237,-0.049997538328170776,1.432983160018921,0.028668444603681564,1.4087532758712769,-0.054475802928209305,1.3536127805709839,-0.12418525665998459,0.09373090416193008,0.06869419664144516,0.1478075236082077,0.027670342475175858,0.24958430230617523,0.34570205211639404,0.018609607592225075,0.014452824369072914,0.015476861037313938,0.018271440640091896
52,NOR,Norway,2018,0.684697687625885,0.9707010388374329,4.684189319610596,6,1.3073252439498901,0.027684668079018593,1.3803420066833496,-0.01587432436645031,1.0274958610534668,0.03016439452767372,1.5141379833221436,0.06876393407583237,0.09327895939350128,0.06793493777513504,0.14366033673286438,0.027001522481441498,0.26376718282699585,0.33632761240005493,0.01918712444603443,0.013642719946801662,0.01619565300643444,0.01900390535593033
52,NOR,Norway,2019,0.7579119205474854,1.0273860692977905,4.684189319610596,6,1.3073252439498901,0.027684668079018593,1.3803420066833496,-0.01587432436645031,1.0274958610534668,0.03016439452767372,1.5141379833221436,0.06876393407583237,0.09327895939350128,0.06793493777513504,0.14366033673286438,0.027001522481441498,0.26376718282699585,0.33632761240005493,0.01918712444603443,0.013642719946801662,0.01619565300643444,0.01900390535593033
52,NOR,Norway,2020,0.16256453096866608,0.996357262134552,4.684189319610596,6,1.3073252439498901,0.027684668079018593,1.3803420066833496,-0.01587432436645031,1.0274958610534668,0.03016439452767372,1.5141379833221436,0.06876393407583237,0.09327895939350128,0.06793493777513504,0.14366033673286438,0.027001522481441498,0.26376718282699585,0.33632761240005493,0.01918712444603443,0.013642719946801662,0.01619565300643444,0.01900390535593033
52,NOR,Norway,2021,-0.5059971213340759,0.9643742442131042,4.684189319610596,6,1.3073252439498901,0.027684668079018593,1.3803420066833496,-0.01587432436645031,1.0274958610534668,0.03016439452767372,1.5141379833221436,0.06876393407583237,0.09327895939350128,0.06793493777513504,0.14366033673286438,0.027001522481441498,0.26376718282699585,0.33632761240005493,0.01918712444603443,0.013642719946801662,0.01619565300643444,0.01900390535593033
52,NOR,Norway,2022,0.01806272566318512,0.9486801028251648,4.684189319610596,6,1.3073252439498901,0.027684668079018593,1.3803420066833496,-0.01587432436645031,1.0274958610534668,0.03016439452767372,1.5141379833221436,0.06876393407583237,0.09327895939350128,0.06793493777513504,0.14366033673286438,0.027001522481441498,0.26376718282699585,0.33632761240005493,0.01918712444603443,0.013642719946801662,0.01619565300643444,0.01900390535593033
52,NOR,Norway,2023,0.1799047440290451,0.9138091206550598,4.684189319610596,6,1.3073252439498901,0.027684668079018593,1.3803420066833496,-0.01587432436645031,1.0274958610534668,0.03016439452767372,1.5141379833221436,0.06876393407583237,0.09327895939350128,0.06793493777513504,0.14366033673286438,0.027001522481441498,0.26376718282699585,0.33632761240005493,0.01918712444603443,0.013642719946801662,0.01619565300643444,0.01900390535593033
53,NZL,New Zealand,2018,-2.981884479522705,-0.04101698100566864,4.678745746612549,6,1.3908849954605103,-0.019603749737143517,1.414912223815918,0.011240728199481964,1.3223596811294556,-0.021359644830226898,1.4353830814361572,-0.048692334443330765,0.09355483204126358,0.06839434802532196,0.14618352055549622,0.027402667328715324,0.2551000118255615,0.3421012759208679,0.01883074827492237,0.014127939008176327,0.015751993283629417,0.01855267956852913
53,NZL,New Zealand,2019,-2.6216039657592773,-0.3506603240966797,4.678745746612549,6,1.3908849954605103,-0.019603749737143517,1.414912223815918,0.011240728199481964,1.3223596811294556,-0.021359644830226898,1.4353830814361572,-0.048692334443330765,0.09355483204126358,0.06839434802532196,0.14618352055549622,0.027402667328715324,0.2551000118255615,0.3421012759208679,0.01883074827492237,0.014127939008176327,0.015751993283629417,0.01855267956852913
53,NZL,New Zealand,2020,-2.319328546524048,-0.6475197672843933,4.678745746612549,6,1.3908849954605103,-0.019603749737143517,1.414912223815918,0.011240728199481964,1.3223596811294556,-0.021359644830226898,1.4353830814361572,-0.048692334443330765,0.09355483204126358,0.06839434802532196,0.14618352055549622,0.027402667328715324,0.2551000118255615,0.3421012759208679,0.01883074827492237,0.014127939008176327,0.015751993283629417,0.01855267956852913
53,NZL,New Zealand,2021,-2.2188103199005127,-0.8569076657295227,4.678745746612549,6,1.3908849954605103,-0.019603749737143517,1.414912223815918,0.011240728199481964,1.3223596811294556,-0.021359644830226898,1.4353830814361572,-0.048692334443330765,0.09355483204126358,0.06839434802532196,0.14618352055549622,0.027402667328715324,0.2551000118255615,0.3421012759208679,0.01883074827492237,0.014127939008176327,0.015751993283629417,0.01855267956852913
53,NZL,New Zealand,2022,-3.390082359313965,-1.0388318300247192,4.678745746612549,6,1.3908849954605103,-0.019603749737143517,1.414912223815918,0.011240728199481964,1.3223596811294556,-0.021359644830226898,1.4353830814361572,-0.048692334443330765,0.09355483204126358,0.06839434802532196,0.14618352055549622,0.027402667328715324,0.2551000118255615,0.3421012759208679,0.01883074827492237,0.014127939008176327,0.015751993283629417,0.01855267956852913
53,NZL,New Zealand,2023,-3.6847918033599854,-1.1388599872589111,4.678745746612549,6,1.3908849954605103,-0.019603749737143517,1.414912223815918,0.011240728199481964,1.3223596811294556,-0.021359644830226898,1.4353830814361572,-0.048692334443330765,0.09355483204126358,0.06839434802532196,0.14618352055549622,0.027402667328715324,0.2551000118255615,0.3421012759208679,0.01883074827492237,0.014127939008176327,0.015751993283629417,0.01855267956852913
54,OMN,Oman,2018,-1.4833542108535767,-1.1060305833816528,4.689497470855713,6,-0.0670604482293129,0.0736381858587265,-0.2567063570022583,-0.04222394898533821,0.022247422486543655,0.08023396879434586,0.033277593553066254,0.18290454149246216,0.09300858527421951,0.06749693304300308,0.14121590554714203,0.026629339903593063,0.2722695469856262,0.330534428358078,0.01954771764576435,0.013194176368415356,0.016645114868879318,0.01945822685956955
54,OMN,Oman,2019,-1.4833542108535767,-1.2381455898284912,4.689497470855713,6,-0.0670604482293129,0.0736381858587265,-0.2567063570022583,-0.04222394898533821,0.022247422486543655,0.08023396879434586,0.033277593553066254,0.18290454149246216,0.09300858527421951,0.06749693304300308,0.14121590554714203,0.026629339903593063,0.2722695469856262,0.330534428358078,0.01954771764576435,0.013194176368415356,0.016645114868879318,0.01945822685956955
54,OMN,Oman,2020,-1.9118425846099854,-1.4006154537200928,4.689497470855713,6,-0.0670604482293129,0.0736381858587265,-0.2567063570022583,-0.04222394898533821,0.022247422486543655,0.08023396879434586,0.033277593553066254,0.18290454149246216,0.09300858527421951,0.06749693304300308,0.14121590554714203,0.026629339903593063,0.2722695469856262,0.330534428358078,0.01954771764576435,0.013194176368415356,0.016645114868879318,0.01945822685956955
54,OMN,Oman,2021,-2.7994258403778076,-1.5398380756378174,4.689497470855713,6,-0.0670604482293129,0.0736381858587265,-0.2567063570022583,-0.04222394898533821,0.022247422486543655,0.08023396879434586,0.033277593553066254,0.18290454149246216,0.09300858527421951,0.06749693304300308,0.14121590554714203,0.026629339903593063,0.2722695469856262,0.330534428358078,0.01954771764576435,0.013194176368415356,0.016645114868879318,0.01945822685956955
54,OMN,Oman,2022,-4.406257152557373,-1.6438418626785278,4.689497470855713,6,-0.0670604482293129,0.0736381858587265,-0.2567063570022583,-0.04222394898533821,0.022247422486543655,0.08023396879434586,0.033277593553066254,0.18290454149246216,0.09300858527421951,0.06749693304300308,0.14121590554714203,0.026629339903593063,0.2722695469856262,0.330534428358078,0.01954771764576435,0.013194176368415356,0.016645114868879318,0.01945822685956955
54,OMN,Oman,2023,-4.634274482727051,-1.7171363830566406,4.689497470855713,6,-0.0670604482293129,0.0736381858587265,-0.2567063570022583,-0.04222394898533821,0.022247422486543655,0.08023396879434586,0.033277593553066254,0.18290454149246216,0.09300858527421951,0.06749693304300308,0.14121590554714203,0.026629339903593063,0.2722695469856262,0.330534428358078,0.01954771764576435,0.013194176368415356,0.016645114868879318,0.01945822685956955
55,PAK,Pakistan,2018,0.6607634425163269,-1.822582721710205,4.678280830383301,6,-1.1695586442947388,-0.023647567257285118,-1.022442102432251,0.013559441082179546,-1.2194249629974365,-0.025765664875507355,-1.2668088674545288,-0.05873647332191467,0.09357831627130508,0.06843402981758118,0.14639951288700104,0.027437835931777954,0.25436344742774963,0.3425855338573456,0.018800968304276466,0.01417057029902935,0.01571493409574032,0.018514862284064293
55,PAK,Pakistan,2019,0.263211190700531,-1.37350594997406,4.678280830383301,6,-1.1695586442947388,-0.023647567257285118,-1.022442102432251,0.013559441082179546,-1.2194249629974365,-0.025765664875507355,-1.2668088674545288,-0.05873647332191467,0.09357831627130508,0.06843402981758118,0.14639951288700104,0.027437835931777954,0.25436344742774963,0.3425855338573456,0.018800968304276466,0.01417057029902935,0.01571493409574032,0.018514862284064293
55,PAK,Pakistan,2020,0.5979493856430054,-1.229940414428711,4.678280830383301,6,-1.1695586442947388,-0.023647567257285118,-1.022442102432251,0.013559441082179546,-1.2194249629974365,-0.025765664875507355,-1.2668088674545288,-0.05873647332191467,0.09357831627130508,0.06843402981758118,0.14639951288700104,0.027437835931777954,0.25436344742774963,0.3425855338573456,0.018800968304276466,0.01417057029902935,0.01571493409574032,0.018514862284064293
55,PAK,Pakistan,2021,-0.27455824613571167,-1.181847333908081,4.678280830383301,6,-1.1695586442947388,-0.023647567257285118,-1.022442102432251,0.013559441082179546,-1.2194249629974365,-0.025765664875507355,-1.2668088674545288,-0.05873647332191467,0.09357831627130508,0.06843402981758118,0.14639951288700104,0.027437835931777954,0.25436344742774963,0.3425855338573456,0.018800968304276466,0.01417057029902935,0.01571493409574032,0.018514862284064293
55,PAK,Pakistan,2022,-1.3144348859786987,-1.205872654914856,4.678280830383301,6,-1.1695586442947388,-0.023647567257285118,-1.022442102432251,0.013559441082179546,-1.2194249629974365,-0.025765664875507355,-1.2668088674545288,-0.05873647332191467,0.09357831627130508,0.06843402981758118,0.14639951288700104,0.027437835931777954,0.25436344742774963,0.3425855338573456,0.018800968304276466,0.01417057029902935,0.01571493409574032,0.018514862284064293
55,PAK,Pakistan,2023,-1.7306287288665771,-1.2497262954711914,4.678280830383301,6,-1.1695586442947388,-0.023647567257285118,-1.022442102432251,0.013559441082179546,-1.2194249629974365,-0.025765664875507355,-1.2668088674545288,-0.05873647332191467,0.09357831627130508,0.06843402981758118,0.14639951288700104,0.027437835931777954,0.25436344742774963,0.3425855338573456,0.018800968304276466,0.01417057029902935,0.01571493409574032,0.018514862284064293
56,PER,Peru,2018,1.0936386585235596,-0.43125981092453003,4.678658962249756,6,-0.6950809359550476,-0.02035932056605816,-0.8969854712486267,0.011673971079289913,-0.25150150060653687,-0.02218289114534855,-0.9367557168006897,-0.050569042563438416,0.09355922043323517,0.0684017613530159,0.14622387290000916,0.027409229427576065,0.25496235489845276,0.3421918749809265,0.018825175240635872,0.014135891571640968,0.01574506051838398,0.0185456033796072
56,PER,Peru,2019,1.1609760522842407,0.13094769418239594,4.678658962249756,6,-0.6950809359550476,-0.02035932056605816,-0.8969854712486267,0.011673971079289913,-0.25150150060653687,-0.02218289114534855,-0.9367557168006897,-0.050569042563438416,0.09355922043323517,0.0684017613530159,0.14622387290000916,0.027409229427576065,0.25496235489845276,0.3421918749809265,0.018825175240635872,0.014135891571640968,0.01574506051838398,0.0185456033796072
56,PER,Peru,2020,0.8656606674194336,0.42046505212783813,4.678658962249756,6,-0.6950809359550476,-0.02035932056605816,-0.8969854712486267,0.011673971079289913,-0.25150150060653687,-0.02218289114534855,-0.9367557168006897,-0.050569042563438416,0.09355922043323517,0.0684017613530159,0.14622387290000916,0.027409229427576065,0.25496235489845276,0.3421918749809265,0.018825175240635872,0.014135891571640968,0.01574506051838398,0.0185456033796072
56,PER,Peru,2021,1.0604026317596436,0.608493447303772,4.678658962249756,6,-0.6950809359550476,-0.02035932056605816,-0.8969854712486267,0.011673971079289913,-0.25150150060653687,-0.02218289114534855,-0.9367557168006897,-0.050569042563438416,0.09355922043323517,0.0684017613530159,0.14622387290000916,0.027409229427576065,0.25496235489845276,0.3421918749809265,0.018825175240635872,0.014135891571640968,0.01574506051838398,0.0185456033796072
56,PER,Peru,2022,1.6989833116531372,0.7192353010177612,4.678658962249756,6,-0.6950809359550476,-0.02035932056605816,-0.8969854712486267,0.011673971079289913,-0.25150150060653687,-0.02218289114534855,-0.9367557168006897,-0.050569042563438416,0.09355922043323517,0.0684017613530159,0.14622387290000916,0.027409229427576065,0.25496235489845276,0.3421918749809265,0.018825175240635872,0.014135891571640968,0.01574506051838398,0.0185456033796072
56,PER,Peru,2023,1.919171690940857,0.9145224690437317,4.678658962249756,6,-0.6950809359550476,-0.02035932056605816,-0.8969854712486267,0.011673971079289913,-0.25150150060653687,-0.02218289114534855,-0.9367557168006897,-0.050569042563438416,0.09355922043323517,0.0684017613530159,0.14622387290000916,0.027409229427576065,0.25496235489845276,0.3421918749809265,0.018825175240635872,0.014135891571640968,0.01574506051838398,0.0185456033796072
57,PHL,Philippines,2018,4.912133693695068,-1.2018649578094482,4.675851821899414,6,-0.5819682478904724,-0.04478749260306358,-0.5483519434928894,0.025681018829345703,-0.43141669034957886,-0.048799093812704086,-0.7661361694335938,-0.11124440282583237,0.09370078891515732,0.06864254176616669,0.14752906560897827,0.02762390486896038,0.2505263388156891,0.3450912535190582,0.018647074699401855,0.01439639925956726,0.015523472800850868,0.01831916533410549
57,PHL,Philippines,2019,5.833406925201416,-0.6191883683204651,4.675851821899414,6,-0.5819682478904724,-0.04478749260306358,-0.5483519434928894,0.025681018829345703,-0.43141669034957886,-0.048799093812704086,-0.7661361694335938,-0.11124440282583237,0.09370078891515732,0.06864254176616669,0.14752906560897827,0.02762390486896038,0.2505263388156891,0.3450912535190582,0.018647074699401855,0.01439639925956726,0.015523472800850868,0.01831916533410549
57,PHL,Philippines,2020,6.113379955291748,-0.32697421312332153,4.675851821899414,6,-0.5819682478904724,-0.04478749260306358,-0.5483519434928894,0.025681018829345703,-0.43141669034957886,-0.048799093812704086,-0.7661361694335938,-0.11124440282583237,0.09370078891515732,0.06864254176616669,0.14752906560897827,0.02762390486896038,0.2505263388156891,0.3450912535190582,0.018647074699401855,0.01439639925956726,0.015523472800850868,0.01831916533410549
57,PHL,Philippines,2021,6.149739742279053,-0.18933503329753876,4.675851821899414,6,-0.5819682478904724,-0.04478749260306358,-0.5483519434928894,0.025681018829345703,-0.43141669034957886,-0.048799093812704086,-0.7661361694335938,-0.11124440282583237,0.09370078891515732,0.06864254176616669,0.14752906560897827,0.02762390486896038,0.2505263388156891,0.3450912535190582,0.018647074699401855,0.01439639925956726,0.015523472800850868,0.01831916533410549
57,PHL,Philippines,2022,6.288362503051758,-0.14822880923748016,4.675851821899414,6,-0.5819682478904724,-0.04478749260306358,-0.5483519434928894,0.025681018829345703,-0.43141669034957886,-0.048799093812704086,-0.7661361694335938,-0.11124440282583237,0.09370078891515732,0.06864254176616669,0.14752906560897827,0.02762390486896038,0.2505263388156891,0.3450912535190582,0.018647074699401855,0.01439639925956726,0.015523472800850868,0.01831916533410549
57,PHL,Philippines,2023,6.736955165863037,-0.1463041752576828,4.675851821899414,6,-0.5819682478904724,-0.04478749260306358,-0.5483519434928894,0.025681018829345703,-0.43141669034957886,-0.048799093812704086,-0.7661361694335938,-0.11124440282583237,0.09370078891515732,0.06864254176616669,0.14752906560897827,0.02762390486896038,0.2505263388156891,0.3450912535190582,0.018647074699401855,0.01439639925956726,0.015523472800850868,0.01831916533410549
58,POL,Poland,2018,-5.292060375213623,-0.9591196179389954,4.692656517028809,6,0.13508905470371246,0.10087639838457108,0.0030404042918235064,-0.05784226581454277,0.21474087238311768,0.10991191118955612,0.18748588860034943,0.25055956840515137,0.09284725785255432,0.06724130362272263,0.13977205753326416,0.026416830718517303,0.2773369550704956,0.32702386379241943,0.019768064841628075,0.012938708066940308,0.016920091584324837,0.01973481848835945
58,POL,Poland,2019,-6.858757495880127,-0.9780409336090088,4.692656517028809,6,0.13508905470371246,0.10087639838457108,0.0030404042918235064,-0.05784226581454277,0.21474087238311768,0.10991191118955612,0.18748588860034943,0.25055956840515137,0.09284725785255432,0.06724130362272263,0.13977205753326416,0.026416830718517303,0.2773369550704956,0.32702386379241943,0.019768064841628075,0.012938708066940308,0.016920091584324837,0.01973481848835945
58,POL,Poland,2020,-8.258927345275879,-1.0846185684204102,4.692656517028809,6,0.13508905470371246,0.10087639838457108,0.0030404042918235064,-0.05784226581454277,0.21474087238311768,0.10991191118955612,0.18748588860034943,0.25055956840515137,0.09284725785255432,0.06724130362272263,0.13977205753326416,0.026416830718517303,0.2773369550704956,0.32702386379241943,0.019768064841628075,0.012938708066940308,0.016920091584324837,0.01973481848835945
58,POL,Poland,2021,-7.500536918640137,-1.177903413772583,4.692656517028809,6,0.13508905470371246,0.10087639838457108,0.0030404042918235064,-0.05784226581454277,0.21474087238311768,0.10991191118955612,0.18748588860034943,0.25055956840515137,0.09284725785255432,0.06724130362272263,0.13977205753326416,0.026416830718517303,0.2773369550704956,0.32702386379241943,0.019768064841628075,0.012938708066940308,0.016920091584324837,0.01973481848835945
58,POL,Poland,2022,-8.502216339111328,-1.2464430332183838,4.692656517028809,6,0.13508905470371246,0.10087639838457108,0.0030404042918235064,-0.05784226581454277,0.21474087238311768,0.10991191118955612,0.18748588860034943,0.25055956840515137,0.09284725785255432,0.06724130362272263,0.13977205753326416,0.026416830718517303,0.2773369550704956,0.32702386379241943,0.019768064841628075,0.012938708066940308,0.016920091584324837,0.01973481848835945
58,POL,Poland,2023,-11.761031150817871,-1.2933895587921143,4.692656517028809,6,0.13508905470371246,0.10087639838457108,0.0030404042918235064,-0.05784226581454277,0.21474087238311768,0.10991191118955612,0.18748588860034943,0.25055956840515137,0.09284725785255432,0.06724130362272263,0.13977205753326416,0.026416830718517303,0.2773369550704956,0.32702386379241943,0.019768064841628075,0.012938708066940308,0.016920091584324837,0.01973481848835945
59,PRT,Portugal,2018,-1.9006779193878174,-0.3721252679824829,4.696586608886719,6,0.5889715552330017,0.1346205770969391,0.3899436593055725,-0.07719109207391739,0.6463295221328735,0.14667855203151703,0.7306414842605591,0.3343742787837982,0.09264631569385529,0.06692881882190704,0.13798996806144714,0.02616184577345848,0.2836344838142395,0.3226034939289093,0.020047808066010475,0.012632670812308788,0.017269613221287727,0.020084934309124947
59,PRT,Portugal,2019,-2.685220718383789,-0.4554261565208435,4.696586608886719,6,0.5889715552330017,0.1346205770969391,0.3899436593055725,-0.07719109207391739,0.6463295221328735,0.14667855203151703,0.7306414842605591,0.3343742787837982,0.09264631569385529,0.06692881882190704,0.13798996806144714,0.02616184577345848,0.2836344838142395,0.3226034939289093,0.020047808066010475,0.012632670812308788,0.017269613221287727,0.020084934309124947
59,PRT,Portugal,2020,-3.400998592376709,-0.6515923142433167,4.696586608886719,6,0.5889715552330017,0.1346205770969391,0.3899436593055725,-0.07719109207391739,0.6463295221328735,0.14667855203151703,0.7306414842605591,0.3343742787837982,0.09264631569385529,0.06692881882190704,0.13798996806144714,0.02616184577345848,0.2836344838142395,0.3226034939289093,0.020047808066010475,0.012632670812308788,0.017269613221287727,0.020084934309124947
59,PRT,Portugal,2021,-3.9149670600891113,-0.7680741548538208,4.696586608886719,6,0.5889715552330017,0.1346205770969391,0.3899436593055725,-0.07719109207391739,0.6463295221328735,0.14667855203151703,0.7306414842605591,0.3343742787837982,0.09264631569385529,0.06692881882190704,0.13798996806144714,0.02616184577345848,0.2836344838142395,0.3226034939289093,0.020047808066010475,0.012632670812308788,0.017269613221287727,0.020084934309124947
59,PRT,Portugal,2022,-3.713021755218506,-0.8812254071235657,4.696586608886719,6,0.5889715552330017,0.1346205770969391,0.3899436593055725,-0.07719109207391739,0.6463295221328735,0.14667855203151703,0.7306414842605591,0.3343742787837982,0.09264631569385529,0.06692881882190704,0.13798996806144714,0.02616184577345848,0.2836344838142395,0.3226034939289093,0.020047808066010475,0.012632670812308788,0.017269613221287727,0.020084934309124947
59,PRT,Portugal,2023,-4.624629497528076,-0.9444177150726318,4.696586608886719,6,0.5889715552330017,0.1346205770969391,0.3899436593055725,-0.07719109207391739,0.6463295221328735,0.14667855203151703,0.7306414842605591,0.3343742787837982,0.09264631569385529,0.06692881882190704,0.13798996806144714,0.02616184577345848,0.2836344838142395,0.3226034939289093,0.020047808066010475,0.012632670812308788,0.017269613221287727,0.020084934309124947
60,QAT,Qatar,2018,-6.880117416381836,0.6970533728599548,4.686586380004883,6,-0.037850040942430496,0.04845692217350006,0.02352459356188774,-0.027785077691078186,-0.20334964990615845,0.052797216922044754,0.06627492606639862,0.12035862356424332,0.09315702319145203,0.06773591786623001,0.14255423843860626,0.026831140741705894,0.2676021456718445,0.333730012178421,0.0193483829498291,0.01343720406293869,0.01639658212661743,0.019207347184419632
60,QAT,Qatar,2019,-4.506235599517822,0.3857962489128113,4.686586380004883,6,-0.037850040942430496,0.04845692217350006,0.02352459356188774,-0.027785077691078186,-0.20334964990615845,0.052797216922044754,0.06627492606639862,0.12035862356424332,0.09315702319145203,0.06773591786623001,0.14255423843860626,0.026831140741705894,0.2676021456718445,0.333730012178421,0.0193483829498291,0.01343720406293869,0.01639658212661743,0.019207347184419632
60,QAT,Qatar,2020,-5.444746971130371,0.05675637722015381,4.686586380004883,6,-0.037850040942430496,0.04845692217350006,0.02352459356188774,-0.027785077691078186,-0.20334964990615845,0.052797216922044754,0.06627492606639862,0.12035862356424332,0.09315702319145203,0.06773591786623001,0.14255423843860626,0.026831140741705894,0.2676021456718445,0.333730012178421,0.0193483829498291,0.01343720406293869,0.01639658212661743,0.019207347184419632
60,QAT,Qatar,2021,-6.548878192901611,-0.20402921736240387,4.686586380004883,6,-0.037850040942430496,0.04845692217350006,0.02352459356188774,-0.027785077691078186,-0.20334964990615845,0.052797216922044754,0.06627492606639862,0.12035862356424332,0.09315702319145203,0.06773591786623001,0.14255423843860626,0.026831140741705894,0.2676021456718445,0.333730012178421,0.0193483829498291,0.01343720406293869,0.01639658212661743,0.019207347184419632
60,QAT,Qatar,2022,-4.892681121826172,-0.3810920715332031,4.686586380004883,6,-0.037850040942430496,0.04845692217350006,0.02352459356188774,-0.027785077691078186,-0.20334964990615845,0.052797216922044754,0.06627492606639862,0.12035862356424332,0.09315702319145203,0.06773591786623001,0.14255423843860626,0.026831140741705894,0.2676021456718445,0.333730012178421,0.0193483829498291,0.01343720406293869,0.01639658212661743,0.019207347184419632
60,QAT,Qatar,2023,-5.334333896636963,-0.49901193380355835,4.686586380004883,6,-0.037850040942430496,0.04845692217350006,0.02352459356188774,-0.027785077691078186,-0.20334964990615845,0.052797216922044754,0.06627492606639862,0.12035862356424332,0.09315702319145203,0.06773591786623001,0.14255423843860626,0.026831140741705894,0.2676021456718445,0.333730012178421,0.0193483829498291,0.01343720406293869,0.01639658212661743,0.019207347184419632
61,ROU,Romania,2018,-3.695746898651123,-0.2773207426071167,4.682354927062988,6,-0.6137262582778931,0.011763631366193295,-0.9381364583969116,-0.0067452434450387955,-0.44055911898612976,0.012817311100661755,-0.4624831974506378,0.029218824580311775,0.09337211400270462,0.06808864325284958,0.14450916647911072,0.02713450789451599,0.2608385980129242,0.33829382061958313,0.01906547136604786,0.013803365640342236,0.01604415476322174,0.018850132822990417
61,ROU,Romania,2019,-4.160907745361328,0.08330574631690979,4.682354927062988,6,-0.6137262582778931,0.011763631366193295,-0.9381364583969116,-0.0067452434450387955,-0.44055911898612976,0.012817311100661755,-0.4624831974506378,0.029218824580311775,0.09337211400270462,0.06808864325284958,0.14450916647911072,0.02713450789451599,0.2608385980129242,0.33829382061958313,0.01906547136604786,0.013803365640342236,0.01604415476322174,0.018850132822990417
61,ROU,Romania,2020,-5.406534671783447,0.0958135575056076,4.682354927062988,6,-0.6137262582778931,0.011763631366193295,-0.9381364583969116,-0.0067452434450387955,-0.44055911898612976,0.012817311100661755,-0.4624831974506378,0.029218824580311775,0.09337211400270462,0.06808864325284958,0.14450916647911072,0.02713450789451599,0.2608385980129242,0.33829382061958313,0.01906547136604786,0.013803365640342236,0.01604415476322174,0.018850132822990417
61,ROU,Romania,2021,-5.111453533172607,0.04901584982872009,4.682354927062988,6,-0.6137262582778931,0.011763631366193295,-0.9381364583969116,-0.0067452434450387955,-0.44055911898612976,0.012817311100661755,-0.4624831974506378,0.029218824580311775,0.09337211400270462,0.06808864325284958,0.14450916647911072,0.02713450789451599,0.2608385980129242,0.33829382061958313,0.01906547136604786,0.013803365640342236,0.01604415476322174,0.018850132822990417
61,ROU,Romania,2022,-4.921149253845215,0.0032813549041748047,4.682354927062988,6,-0.6137262582778931,0.011763631366193295,-0.9381364583969116,-0.0067452434450387955,-0.44055911898612976,0.012817311100661755,-0.4624831974506378,0.029218824580311775,0.09337211400270462,0.06808864325284958,0.14450916647911072,0.02713450789451599,0.2608385980129242,0.33829382061958313,0.01906547136604786,0.013803365640342236,0.01604415476322174,0.018850132822990417
61,ROU,Romania,2023,-6.2508416175842285,-0.029124751687049866,4.682354927062988,6,-0.6137262582778931,0.011763631366193295,-0.9381364583969116,-0.0067452434450387955,-0.44055911898612976,0.012817311100661755,-0.4624831974506378,0.029218824580311775,0.09337211400270462,0.06808864325284958,0.14450916647911072,0.02713450789451599,0.2608385980129242,0.33829382061958313,0.01906547136604786,0.013803365640342236,0.01604415476322174,0.018850132822990417
62,RUS,Russia,2018,-3.6435298919677734,-0.2846828103065491,4.680782794952393,6,-1.1349221467971802,-0.0018935524858534336,-1.1962112188339233,0.001085748546756804,-0.9114767909049988,-0.0020631453953683376,-1.2970784902572632,-0.004703260492533445,0.09345179796218872,0.06822127848863602,0.14523789286613464,0.027250252664089203,0.2583347260951996,0.33996257185935974,0.018962465226650238,0.013943356461822987,0.015915917232632637,0.01871972717344761
62,RUS,Russia,2019,-3.5361337661743164,-0.24297960102558136,4.680782794952393,6,-1.1349221467971802,-0.0018935524858534336,-1.1962112188339233,0.001085748546756804,-0.9114767909049988,-0.0020631453953683376,-1.2970784902572632,-0.004703260492533445,0.09345179796218872,0.06822127848863602,0.14523789286613464,0.027250252664089203,0.2583347260951996,0.33996257185935974,0.018962465226650238,0.013943356461822987,0.015915917232632637,0.01871972717344761
62,RUS,Russia,2020,-6.922895908355713,-0.4447488784790039,4.680782794952393,6,-1.1349221467971802,-0.0018935524858534336,-1.1962112188339233,0.001085748546756804,-0.9114767909049988,-0.0020631453953683376,-1.2970784902572632,-0.004703260492533445,0.09345179796218872,0.06822127848863602,0.14523789286613464,0.027250252664089203,0.2583347260951996,0.33996257185935974,0.018962465226650238,0.013943356461822987,0.015915917232632637,0.01871972717344761
62,RUS,Russia,2021,-5.5373334884643555,-0.6208029389381409,4.680782794952393,6,-1.1349221467971802,-0.0018935524858534336,-1.1962112188339233,0.001085748546756804,-0.9114767909049988,-0.0020631453953683376,-1.2970784902572632,-0.004703260492533445,0.09345179796218872,0.06822127848863602,0.14523789286613464,0.027250252664089203,0.2583347260951996,0.33996257185935974,0.018962465226650238,0.013943356461822987,0.015915917232632637,0.01871972717344761
62,RUS,Russia,2022,-4.097316741943359,-0.6878131031990051,4.680782794952393,6,-1.1349221467971802,-0.0018935524858534336,-1.1962112188339233,0.001085748546756804,-0.9114767909049988,-0.0020631453953683376,-1.2970784902572632,-0.004703260492533445,0.09345179796218872,0.06822127848863602,0.14523789286613464,0.027250252664089203,0.2583347260951996,0.33996257185935974,0.018962465226650238,0.013943356461822987,0.015915917232632637,0.01871972717344761
62,RUS,Russia,2023,-3.127725601196289,-0.7927100658416748,4.680782794952393,6,-1.1349221467971802,-0.0018935524858534336,-1.1962112188339233,0.001085748546756804,-0.9114767909049988,-0.0020631453953683376,-1.2970784902572632,-0.004703260492533445,0.09345179796218872,0.06822127848863602,0.14523789286613464,0.027250252664089203,0.2583347260951996,0.33996257185935974,0.018962465226650238,0.013943356461822987,0.015915917232632637,0.01871972717344761
63,SAU,Saudi Arabia,2018,2.299851655960083,-0.4304845333099365,4.6800642013549805,6,-0.5544285178184509,-0.00814001727849245,-0.6724381446838379,0.004667454399168491,-0.49509498476982117,-0.008869105018675327,-0.4957524538040161,-0.02021840028464794,0.0934881791472435,0.06828217208385468,0.14557132124900818,0.02730371430516243,0.2571921944618225,0.3407202661037445,0.01891576685011387,0.01400806661695242,0.015857797116041183,0.018660539761185646
63,SAU,Saudi Arabia,2019,1.9578986167907715,-0.6790230870246887,4.6800642013549805,6,-0.5544285178184509,-0.00814001727849245,-0.6724381446838379,0.004667454399168491,-0.49509498476982117,-0.008869105018675327,-0.4957524538040161,-0.02021840028464794,0.0934881791472435,0.06828217208385468,0.14557132124900818,0.02730371430516243,0.2571921944618225,0.3407202661037445,0.01891576685011387,0.01400806661695242,0.015857797116041183,0.018660539761185646
63,SAU,Saudi Arabia,2020,2.004265069961548,-0.9052397608757019,4.6800642013549805,6,-0.5544285178184509,-0.00814001727849245,-0.6724381446838379,0.004667454399168491,-0.49509498476982117,-0.008869105018675327,-0.4957524538040161,-0.02021840028464794,0.0934881791472435,0.06828217208385468,0.14557132124900818,0.02730371430516243,0.2571921944618225,0.3407202661037445,0.01891576685011387,0.01400806661695242,0.015857797116041183,0.018660539761185646
63,SAU,Saudi Arabia,2021,2.169445753097534,-1.0674636363983154,4.6800642013549805,6,-0.5544285178184509,-0.00814001727849245,-0.6724381446838379,0.004667454399168491,-0.49509498476982117,-0.008869105018675327,-0.4957524538040161,-0.02021840028464794,0.0934881791472435,0.06828217208385468,0.14557132124900818,0.02730371430516243,0.2571921944618225,0.3407202661037445,0.01891576685011387,0.01400806661695242,0.015857797116041183,0.018660539761185646
63,SAU,Saudi Arabia,2022,1.4797439575195312,-1.186578631401062,4.6800642013549805,6,-0.5544285178184509,-0.00814001727849245,-0.6724381446838379,0.004667454399168491,-0.49509498476982117,-0.008869105018675327,-0.4957524538040161,-0.02021840028464794,0.0934881791472435,0.06828217208385468,0.14557132124900818,0.02730371430516243,0.2571921944618225,0.3407202661037445,0.01891576685011387,0.01400806661695242,0.015857797116041183,0.018660539761185646
63,SAU,Saudi Arabia,2023,0.6857173442840576,-1.2641057968139648,4.6800642013549805,6,-0.5544285178184509,-0.00814001727849245,-0.6724381446838379,0.004667454399168491,-0.49509498476982117,-0.008869105018675327,-0.4957524538040161,-0.02021840028464794,0.0934881791472435,0.06828217208385468,0.14557132124900818,0.02730371430516243,0.2571921944618225,0.3407202661037445,0.01891576685011387,0.01400806661695242,0.015857797116041183,0.018660539761185646
64,SGP,Singapore,2018,-1.5155048370361328,-0.8030421137809753,4.6577558517456055,6,1.4344711303710938,-0.2019743174314499,1.7217825651168823,0.11581152677536011,1.536649465560913,-0.2200651317834854,1.0449817180633545,-0.5016693472862244,0.09459839016199112,0.07024587690830231,0.15591566264629364,0.029126573354005814,0.22286586463451385,0.36222776770591736,0.017596866935491562,0.016237391158938408,0.014216733165085316,0.0169688630849123
64,SGP,Singapore,2019,-1.5344992876052856,-0.9195877909660339,4.6577558517456055,6,1.4344711303710938,-0.2019743174314499,1.7217825651168823,0.11581152677536011,1.536649465560913,-0.2200651317834854,1.0449817180633545,-0.5016693472862244,0.09459839016199112,0.07024587690830231,0.15591566264629364,0.029126573354005814,0.22286586463451385,0.36222776770591736,0.017596866935491562,0.016237391158938408,0.014216733165085316,0.0169688630849123
64,SGP,Singapore,2020,-1.5631846189498901,-1.0350852012634277,4.6577558517456055,6,1.4344711303710938,-0.2019743174314499,1.7217825651168823,0.11581152677536011,1.536649465560913,-0.2200651317834854,1.0449817180633545,-0.5016693472862244,0.09459839016199112,0.07024587690830231,0.15591566264629364,0.029126573354005814,0.22286586463451385,0.36222776770591736,0.017596866935491562,0.016237391158938408,0.014216733165085316,0.0169688630849123
64,SGP,Singapore,2021,-1.5329487323760986,-1.1316732168197632,4.6577558517456055,6,1.4344711303710938,-0.2019743174314499,1.7217825651168823,0.11581152677536011,1.536649465560913,-0.2200651317834854,1.0449817180633545,-0.5016693472862244,0.09459839016199112,0.07024587690830231,0.15591566264629364,0.029126573354005814,0.22286586463451385,0.36222776770591736,0.017596866935491562,0.016237391158938408,0.014216733165085316,0.0169688630849123
64,SGP,Singapore,2022,-1.5709375143051147,-1.2104077339172363,4.6577558517456055,6,1.4344711303710938,-0.2019743174314499,1.7217825651168823,0.11581152677536011,1.536649465560913,-0.2200651317834854,1.0449817180633545,-0.5016693472862244,0.09459839016199112,0.07024587690830231,0.15591566264629364,0.029126573354005814,0.22286586463451385,0.36222776770591736,0.017596866935491562,0.016237391158938408,0.014216733165085316,0.0169688630849123
64,SGP,Singapore,2023,-1.6358672380447388,-1.270341396331787,4.6577558517456055,6,1.4344711303710938,-0.2019743174314499,1.7217825651168823,0.11581152677536011,1.536649465560913,-0.2200651317834854,1.0449817180633545,-0.5016693472862244,0.09459839016199112,0.07024587690830231,0.15591566264629364,0.029126573354005814,0.22286586463451385,0.36222776770591736,0.017596866935491562,0.016237391158938408,0.014216733165085316,0.0169688630849123
65,SVK,Slovakia,2018,-1.5849237442016602,-0.5645895004272461,4.67878532409668,6,0.11652449518442154,-0.019258365035057068,0.11614179611206055,0.011042685247957706,0.3065413236618042,-0.020983323454856873,-0.07310961931943893,-0.04783445596694946,0.09355282783508301,0.06839095801115036,0.14616507291793823,0.02739967405796051,0.25516295433044434,0.342059850692749,0.018833298236131668,0.014124307781457901,0.01575515791773796,0.018555909395217896
65,SVK,Slovakia,2019,-2.091881036758423,-0.6052433252334595,4.67878532409668,6,0.11652449518442154,-0.019258365035057068,0.11614179611206055,0.011042685247957706,0.3065413236618042,-0.020983323454856873,-0.07310961931943893,-0.04783445596694946,0.09355282783508301,0.06839095801115036,0.14616507291793823,0.02739967405796051,0.25516295433044434,0.342059850692749,0.018833298236131668,0.014124307781457901,0.01575515791773796,0.018555909395217896
65,SVK,Slovakia,2020,-2.406219482421875,-0.704856812953949,4.67878532409668,6,0.11652449518442154,-0.019258365035057068,0.11614179611206055,0.011042685247957706,0.3065413236618042,-0.020983323454856873,-0.07310961931943893,-0.04783445596694946,0.09355282783508301,0.06839095801115036,0.14616507291793823,0.02739967405796051,0.25516295433044434,0.342059850692749,0.018833298236131668,0.014124307781457901,0.01575515791773796,0.018555909395217896
65,SVK,Slovakia,2021,-2.1880667209625244,-0.8017895817756653,4.67878532409668,6,0.11652449518442154,-0.019258365035057068,0.11614179611206055,0.011042685247957706,0.3065413236618042,-0.020983323454856873,-0.07310961931943893,-0.04783445596694946,0.09355282783508301,0.06839095801115036,0.14616507291793823,0.02739967405796051,0.25516295433044434,0.342059850692749,0.018833298236131668,0.014124307781457901,0.01575515791773796,0.018555909395217896
65,SVK,Slovakia,2022,-2.8150081634521484,-0.8771342635154724,4.67878532409668,6,0.11652449518442154,-0.019258365035057068,0.11614179611206055,0.011042685247957706,0.3065413236618042,-0.020983323454856873,-0.07310961931943893,-0.04783445596694946,0.09355282783508301,0.06839095801115036,0.14616507291793823,0.02739967405796051,0.25516295433044434,0.342059850692749,0.018833298236131668,0.014124307781457901,0.01575515791773796,0.018555909395217896
65,SVK,Slovakia,2023,-3.482109785079956,-0.9311497807502747,4.67878532409668,6,0.11652449518442154,-0.019258365035057068,0.11614179611206055,0.011042685247957706,0.3065413236618042,-0.020983323454856873,-0.07310961931943893,-0.04783445596694946,0.09355282783508301,0.06839095801115036,0.14616507291793823,0.02739967405796051,0.25516295433044434,0.342059850692749,0.018833298236131668,0.014124307781457901,0.01575515791773796,0.018555909395217896
66,SVN,Slovenia,2018,-4.337141990661621,-0.6767880916595459,4.6960859298706055,6,0.38642582297325134,0.1303306221961975,0.28950437903404236,-0.0747312381863594,0.34630832076072693,0.1420043408870697,0.5234646797180176,0.32371875643730164,0.0926719382405281,0.06696829199790955,0.1382160782814026,0.026193758472800255,0.2828329801559448,0.3231695592403412,0.02001182734966278,0.012670948170125484,0.01722463220357895,0.020039968192577362
66,SVN,Slovenia,2019,-4.712256908416748,-0.6873802542686462,4.6960859298706055,6,0.38642582297325134,0.1303306221961975,0.28950437903404236,-0.0747312381863594,0.34630832076072693,0.1420043408870697,0.5234646797180176,0.32371875643730164,0.0926719382405281,0.06696829199790955,0.1382160782814026,0.026193758472800255,0.2828329801559448,0.3231695592403412,0.02001182734966278,0.012670948170125484,0.01722463220357895,0.020039968192577362
66,SVN,Slovenia,2020,-6.15969705581665,-0.8072893023490906,4.6960859298706055,6,0.38642582297325134,0.1303306221961975,0.28950437903404236,-0.0747312381863594,0.34630832076072693,0.1420043408870697,0.5234646797180176,0.32371875643730164,0.0926719382405281,0.06696829199790955,0.1382160782814026,0.026193758472800255,0.2828329801559448,0.3231695592403412,0.02001182734966278,0.012670948170125484,0.01722463220357895,0.020039968192577362
66,SVN,Slovenia,2021,-6.669349670410156,-0.9172630310058594,4.6960859298706055,6,0.38642582297325134,0.1303306221961975,0.28950437903404236,-0.0747312381863594,0.34630832076072693,0.1420043408870697,0.5234646797180176,0.32371875643730164,0.0926719382405281,0.06696829199790955,0.1382160782814026,0.026193758472800255,0.2828329801559448,0.3231695592403412,0.02001182734966278,0.012670948170125484,0.01722463220357895,0.020039968192577362
66,SVN,Slovenia,2022,-7.458681583404541,-1.0105011463165283,4.6960859298706055,6,0.38642582297325134,0.1303306221961975,0.28950437903404236,-0.0747312381863594,0.34630832076072693,0.1420043408870697,0.5234646797180176,0.32371875643730164,0.0926719382405281,0.06696829199790955,0.1382160782814026,0.026193758472800255,0.2828329801559448,0.3231695592403412,0.02001182734966278,0.012670948170125484,0.01722463220357895,0.020039968192577362
66,SVN,Slovenia,2023,-9.606645584106445,-1.0787469148635864,4.6960859298706055,6,0.38642582297325134,0.1303306221961975,0.28950437903404236,-0.0747312381863594,0.34630832076072693,0.1420043408870697,0.5234646797180176,0.32371875643730164,0.0926719382405281,0.06696829199790955,0.1382160782814026,0.026193758472800255,0.2828329801559448,0.3231695592403412,0.02001182734966278,0.012670948170125484,0.01722463220357895,0.020039968192577362
67,SWE,Sweden,2018,-1.111396074295044,-0.051441922783851624,4.680341720581055,6,1.3480762243270874,-0.005723828449845314,1.4301238059997559,0.0032820182386785746,1.161694884300232,-0.006236498709768057,1.4524099826812744,-0.014217004179954529,0.09347410500049591,0.06825859844684601,0.14544230699539185,0.027282997965812683,0.25763389468193054,0.34042757749557495,0.018933793529868126,0.013982989825308323,0.015880238264799118,0.018683401867747307
67,SWE,Sweden,2019,-1.153639554977417,-0.22415991127490997,4.680341720581055,6,1.3480762243270874,-0.005723828449845314,1.4301238059997559,0.0032820182386785746,1.161694884300232,-0.006236498709768057,1.4524099826812744,-0.014217004179954529,0.09347410500049591,0.06825859844684601,0.14544230699539185,0.027282997965812683,0.25763389468193054,0.34042757749557495,0.018933793529868126,0.013982989825308323,0.015880238264799118,0.018683401867747307
67,SWE,Sweden,2020,-1.5468288660049438,-0.35955214500427246,4.680341720581055,6,1.3480762243270874,-0.005723828449845314,1.4301238059997559,0.0032820182386785746,1.161694884300232,-0.006236498709768057,1.4524099826812744,-0.014217004179954529,0.09347410500049591,0.06825859844684601,0.14544230699539185,0.027282997965812683,0.25763389468193054,0.34042757749557495,0.018933793529868126,0.013982989825308323,0.015880238264799118,0.018683401867747307
67,SWE,Sweden,2021,-1.2186294794082642,-0.47267305850982666,4.680341720581055,6,1.3480762243270874,-0.005723828449845314,1.4301238059997559,0.0032820182386785746,1.161694884300232,-0.006236498709768057,1.4524099826812744,-0.014217004179954529,0.09347410500049591,0.06825859844684601,0.14544230699539185,0.027282997965812683,0.25763389468193054,0.34042757749557495,0.018933793529868126,0.013982989825308323,0.015880238264799118,0.018683401867747307
67,SWE,Sweden,2022,-1.295534372329712,-0.5701636075973511,4.680341720581055,6,1.3480762243270874,-0.005723828449845314,1.4301238059997559,0.0032820182386785746,1.161694884300232,-0.006236498709768057,1.4524099826812744,-0.014217004179954529,0.09347410500049591,0.06825859844684601,0.14544230699539185,0.027282997965812683,0.25763389468193054,0.34042757749557495,0.018933793529868126,0.013982989825308323,0.015880238264799118,0.018683401867747307
67,SWE,Sweden,2023,-1.5739079713821411,-0.6176493763923645,4.680341720581055,6,1.3480762243270874,-0.005723828449845314,1.4301238059997559,0.0032820182386785746,1.161694884300232,-0.006236498709768057,1.4524099826812744,-0.014217004179954529,0.09347410500049591,0.06825859844684601,0.14544230699539185,0.027282997965812683,0.25763389468193054,0.34042757749557495,0.018933793529868126,0.013982989825308323,0.015880238264799118,0.018683401867747307
68,THA,Thailand,2018,-6.279742240905762,0.14642520248889923,4.680593013763428,6,-0.2564157247543335,-0.0035436449106782675,-0.22457081079483032,0.0020319069735705853,-0.3106171190738678,-0.0038610363844782114,-0.23405922949314117,-0.008801804855465889,0.09346140176057816,0.06823734939098358,0.14532595872879028,0.027264345437288284,0.25803276896476746,0.34016311168670654,0.018950097262859344,0.01396041177213192,0.01590053178369999,0.01870405673980713
68,THA,Thailand,2019,-7.279186248779297,0.48992449045181274,4.680593013763428,6,-0.2564157247543335,-0.0035436449106782675,-0.22457081079483032,0.0020319069735705853,-0.3106171190738678,-0.0038610363844782114,-0.23405922949314117,-0.008801804855465889,0.09346140176057816,0.06823734939098358,0.14532595872879028,0.027264345437288284,0.25803276896476746,0.34016311168670654,0.018950097262859344,0.01396041177213192,0.01590053178369999,0.01870405673980713
68,THA,Thailand,2020,-5.78999662399292,0.6153555512428284,4.680593013763428,6,-0.2564157247543335,-0.0035436449106782675,-0.22457081079483032,0.0020319069735705853,-0.3106171190738678,-0.0038610363844782114,-0.23405922949314117,-0.008801804855465889,0.09346140176057816,0.06823734939098358,0.14532595872879028,0.027264345437288284,0.25803276896476746,0.34016311168670654,0.018950097262859344,0.01396041177213192,0.01590053178369999,0.01870405673980713
68,THA,Thailand,2021,-6.593542575836182,0.6588878035545349,4.680593013763428,6,-0.2564157247543335,-0.0035436449106782675,-0.22457081079483032,0.0020319069735705853,-0.3106171190738678,-0.0038610363844782114,-0.23405922949314117,-0.008801804855465889,0.09346140176057816,0.06823734939098358,0.14532595872879028,0.027264345437288284,0.25803276896476746,0.34016311168670654,0.018950097262859344,0.01396041177213192,0.01590053178369999,0.01870405673980713
68,THA,Thailand,2022,-7.6401472091674805,0.6510518193244934,4.680593013763428,6,-0.2564157247543335,-0.0035436449106782675,-0.22457081079483032,0.0020319069735705853,-0.3106171190738678,-0.0038610363844782114,-0.23405922949314117,-0.008801804855465889,0.09346140176057816,0.06823734939098358,0.14532595872879028,0.027264345437288284,0.25803276896476746,0.34016311168670654,0.018950097262859344,0.01396041177213192,0.01590053178369999,0.01870405673980713
68,THA,Thailand,2023,-9.644476890563965,0.6277146935462952,4.680593013763428,6,-0.2564157247543335,-0.0035436449106782675,-0.22457081079483032,0.0020319069735705853,-0.3106171190738678,-0.0038610363844782114,-0.23405922949314117,-0.008801804855465889,0.09346140176057816,0.06823734939098358,0.14532595872879028,0.027264345437288284,0.25803276896476746,0.34016311168670654,0.018950097262859344,0.01396041177213192,0.01590053178369999,0.01870405673980713
69,TKM,Turkmenistan,2018,-0.8944293856620789,-0.582161545753479,4.679346084594727,6,-2.006190538406372,-0.01438553910702467,-1.8531438112258911,0.008248619735240936,-2.4522314071655273,-0.015674037858843803,-1.7131962776184082,-0.03573119640350342,0.0935245156288147,0.06834322214126587,0.14590483903884888,0.027357494458556175,0.25605154037475586,0.34147417545318604,0.01886933669447899,0.014073194935917854,0.01580001600086689,0.018601657822728157
69,TKM,Turkmenistan,2019,1.0794837474822998,-0.14296622574329376,4.679346084594727,6,-2.006190538406372,-0.01438553910702467,-1.8531438112258911,0.008248619735240936,-2.4522314071655273,-0.015674037858843803,-1.7131962776184082,-0.03573119640350342,0.0935245156288147,0.06834322214126587,0.14590483903884888,0.027357494458556175,0.25605154037475586,0.34147417545318604,0.01886933669447899,0.014073194935917854,0.01580001600086689,0.018601657822728157
69,TKM,Turkmenistan,2020,1.1499806642532349,0.003073647618293762,4.679346084594727,6,-2.006190538406372,-0.01438553910702467,-1.8531438112258911,0.008248619735240936,-2.4522314071655273,-0.015674037858843803,-1.7131962776184082,-0.03573119640350342,0.0935245156288147,0.06834322214126587,0.14590483903884888,0.027357494458556175,0.25605154037475586,0.34147417545318604,0.01886933669447899,0.014073194935917854,0.01580001600086689,0.018601657822728157
69,TKM,Turkmenistan,2021,-3.7143051624298096,0.0950414389371872,4.679346084594727,6,-2.006190538406372,-0.01438553910702467,-1.8531438112258911,0.008248619735240936,-2.4522314071655273,-0.015674037858843803,-1.7131962776184082,-0.03573119640350342,0.0935245156288147,0.06834322214126587,0.14590483903884888,0.027357494458556175,0.25605154037475586,0.34147417545318604,0.01886933669447899,0.014073194935917854,0.01580001600086689,0.018601657822728157
69,TKM,Turkmenistan,2022,-2.6568517684936523,0.160630002617836,4.679346084594727,6,-2.006190538406372,-0.01438553910702467,-1.8531438112258911,0.008248619735240936,-2.4522314071655273,-0.015674037858843803,-1.7131962776184082,-0.03573119640350342,0.0935245156288147,0.06834322214126587,0.14590483903884888,0.027357494458556175,0.25605154037475586,0.34147417545318604,0.01886933669447899,0.014073194935917854,0.01580001600086689,0.018601657822728157
69,TKM,Turkmenistan,2023,-1.52890145778656,0.20483733713626862,4.679346084594727,6,-2.006190538406372,-0.01438553910702467,-1.8531438112258911,0.008248619735240936,-2.4522314071655273,-0.015674037858843803,-1.7131962776184082,-0.03573119640350342,0.0935245156288147,0.06834322214126587,0.14590483903884888,0.027357494458556175,0.25605154037475586,0.34147417545318604,0.01886933669447899,0.014073194935917854,0.01580001600086689,0.018601657822728157
70,TTO,Trinidad and Tobago,2018,1.318193793296814,0.5063492059707642,4.684711456298828,6,-0.04588906839489937,0.03221791982650757,-0.1480531096458435,-0.018473677337169647,0.11017729341983795,0.035103689879179,-0.09979138523340225,0.08002374321222305,0.09325242042541504,0.06789138168096542,0.1434188336133957,0.026964038610458374,0.26460278034210205,0.3357637822628021,0.019222071394324303,0.013597480021417141,0.016239192336797714,0.019048035144805908
70,TTO,Trinidad and Tobago,2019,1.3760409355163574,0.445415735244751,4.684711456298828,6,-0.04588906839489937,0.03221791982650757,-0.1480531096458435,-0.018473677337169647,0.11017729341983795,0.035103689879179,-0.09979138523340225,0.08002374321222305,0.09325242042541504,0.06789138168096542,0.1434188336133957,0.026964038610458374,0.26460278034210205,0.3357637822628021,0.019222071394324303,0.013597480021417141,0.016239192336797714,0.019048035144805908
70,TTO,Trinidad and Tobago,2020,1.318193793296814,0.35201728343963623,4.684711456298828,6,-0.04588906839489937,0.03221791982650757,-0.1480531096458435,-0.018473677337169647,0.11017729341983795,0.035103689879179,-0.09979138523340225,0.08002374321222305,0.09325242042541504,0.06789138168096542,0.1434188336133957,0.026964038610458374,0.26460278034210205,0.3357637822628021,0.019222071394324303,0.013597480021417141,0.016239192336797714,0.019048035144805908
70,TTO,Trinidad and Tobago,2021,1.665277123451233,0.2679747939109802,4.684711456298828,6,-0.04588906839489937,0.03221791982650757,-0.1480531096458435,-0.018473677337169647,0.11017729341983795,0.035103689879179,-0.09979138523340225,0.08002374321222305,0.09325242042541504,0.06789138168096542,0.1434188336133957,0.026964038610458374,0.26460278034210205,0.3357637822628021,0.019222071394324303,0.013597480021417141,0.016239192336797714,0.019048035144805908
70,TTO,Trinidad and Tobago,2022,2.058638334274292,0.20171357691287994,4.684711456298828,6,-0.04588906839489937,0.03221791982650757,-0.1480531096458435,-0.018473677337169647,0.11017729341983795,0.035103689879179,-0.09979138523340225,0.08002374321222305,0.09325242042541504,0.06789138168096542,0.1434188336133957,0.026964038610458374,0.26460278034210205,0.3357637822628021,0.019222071394324303,0.013597480021417141,0.016239192336797714,0.019048035144805908
70,TTO,Trinidad and Tobago,2023,2.058638334274292,0.1513323336839676,4.684711456298828,6,-0.04588906839489937,0.03221791982650757,-0.1480531096458435,-0.018473677337169647,0.11017729341983795,0.035103689879179,-0.09979138523340225,0.08002374321222305,0.09325242042541504,0.06789138168096542,0.1434188336133957,0.026964038610458374,0.26460278034210205,0.3357637822628021,0.019222071394324303,0.013597480021417141,0.016239192336797714,0.019048035144805908
71,TUR,Turkey,2018,-0.10262159258127213,0.3895966410636902,4.679238319396973,6,-0.3568929135799408,-0.01532068569213152,-0.3960716426372528,0.008784830570220947,-0.2856121361255646,-0.01669294573366642,-0.3889949917793274,-0.03805394098162651,0.09352993965148926,0.06835237145423889,0.14595475792884827,0.02736557461321354,0.2558809220790863,0.34158673882484436,0.01886240765452385,0.014082984067499638,0.0157913900911808,0.01859286241233349
71,TUR,Turkey,2019,-1.772402048110962,0.5295997262001038,4.679238319396973,6,-0.3568929135799408,-0.01532068569213152,-0.3960716426372528,0.008784830570220947,-0.2856121361255646,-0.01669294573366642,-0.3889949917793274,-0.03805394098162651,0.09352993965148926,0.06835237145423889,0.14595475792884827,0.02736557461321354,0.2558809220790863,0.34158673882484436,0.01886240765452385,0.014082984067499638,0.0157913900911808,0.01859286241233349
71,TUR,Turkey,2020,-1.959740161895752,0.5043104887008667,4.679238319396973,6,-0.3568929135799408,-0.01532068569213152,-0.3960716426372528,0.008784830570220947,-0.2856121361255646,-0.01669294573366642,-0.3889949917793274,-0.03805394098162651,0.09352993965148926,0.06835237145423889,0.14595475792884827,0.02736557461321354,0.2558809220790863,0.34158673882484436,0.01886240765452385,0.014082984067499638,0.0157913900911808,0.01859286241233349
71,TUR,Turkey,2021,-1.391783356666565,0.5640755295753479,4.679238319396973,6,-0.3568929135799408,-0.01532068569213152,-0.3960716426372528,0.008784830570220947,-0.2856121361255646,-0.01669294573366642,-0.3889949917793274,-0.03805394098162651,0.09352993965148926,0.06835237145423889,0.14595475792884827,0.02736557461321354,0.2558809220790863,0.34158673882484436,0.01886240765452385,0.014082984067499638,0.0157913900911808,0.01859286241233349
71,TUR,Turkey,2022,-1.788352370262146,0.514668881893158,4.679238319396973,6,-0.3568929135799408,-0.01532068569213152,-0.3960716426372528,0.008784830570220947,-0.2856121361255646,-0.01669294573366642,-0.3889949917793274,-0.03805394098162651,0.09352993965148926,0.06835237145423889,0.14595475792884827,0.02736557461321354,0.2558809220790863,0.34158673882484436,0.01886240765452385,0.014082984067499638,0.0157913900911808,0.01859286241233349
71,TUR,Turkey,2023,-1.6069564819335938,0.4811840057373047,4.679238319396973,6,-0.3568929135799408,-0.01532068569213152,-0.3960716426372528,0.008784830570220947,-0.2856121361255646,-0.01669294573366642,-0.3889949917793274,-0.03805394098162651,0.09352993965148926,0.06835237145423889,0.14595475792884827,0.02736557461321354,0.2558809220790863,0.34158673882484436,0.01886240765452385,0.014082984067499638,0.0157913900911808,0.01859286241233349
72,UKR,Ukraine,2018,-3.635014295578003,0.1032501608133316,4.680974960327148,6,-1.2346214056015015,-0.00022580027871299535,-1.3236093521118164,0.00012946386414114386,-1.1485481262207031,-0.000246012641582638,-1.2317067384719849,-0.0005608520586974919,0.09344208240509033,0.06820504367351532,0.1451488733291626,0.02723604254424572,0.2586400508880615,0.33975979685783386,0.01897498220205307,0.013926158659160137,0.015931494534015656,0.018735580146312714
72,UKR,Ukraine,2019,-4.1212358474731445,0.5555776953697205,4.680974960327148,6,-1.2346214056015015,-0.00022580027871299535,-1.3236093521118164,0.00012946386414114386,-1.1485481262207031,-0.000246012641582638,-1.2317067384719849,-0.0005608520586974919,0.09344208240509033,0.06820504367351532,0.1451488733291626,0.02723604254424572,0.2586400508880615,0.33975979685783386,0.01897498220205307,0.013926158659160137,0.015931494534015656,0.018735580146312714
72,UKR,Ukraine,2020,-5.126094341278076,0.7597443461418152,4.680974960327148,6,-1.2346214056015015,-0.00022580027871299535,-1.3236093521118164,0.00012946386414114386,-1.1485481262207031,-0.000246012641582638,-1.2317067384719849,-0.0005608520586974919,0.09344208240509033,0.06820504367351532,0.1451488733291626,0.02723604254424572,0.2586400508880615,0.33975979685783386,0.01897498220205307,0.013926158659160137,0.015931494534015656,0.018735580146312714
72,UKR,Ukraine,2021,-7.988569259643555,0.8637862801551819,4.680974960327148,6,-1.2346214056015015,-0.00022580027871299535,-1.3236093521118164,0.00012946386414114386,-1.1485481262207031,-0.000246012641582638,-1.2317067384719849,-0.0005608520586974919,0.09344208240509033,0.06820504367351532,0.1451488733291626,0.02723604254424572,0.2586400508880615,0.33975979685783386,0.01897498220205307,0.013926158659160137,0.015931494534015656,0.018735580146312714
72,UKR,Ukraine,2022,-9.796317100524902,0.9137199521064758,4.680974960327148,6,-1.2346214056015015,-0.00022580027871299535,-1.3236093521118164,0.00012946386414114386,-1.1485481262207031,-0.000246012641582638,-1.2317067384719849,-0.0005608520586974919,0.09344208240509033,0.06820504367351532,0.1451488733291626,0.02723604254424572,0.2586400508880615,0.33975979685783386,0.01897498220205307,0.013926158659160137,0.015931494534015656,0.018735580146312714
72,UKR,Ukraine,2023,-9.796317100524902,0.9458813071250916,4.680974960327148,6,-1.2346214056015015,-0.00022580027871299535,-1.3236093521118164,0.00012946386414114386,-1.1485481262207031,-0.000246012641582638,-1.2317067384719849,-0.0005608520586974919,0.09344208240509033,0.06820504367351532,0.1451488733291626,0.02723604254424572,0.2586400508880615,0.33975979685783386,0.01897498220205307,0.013926158659160137,0.015931494534015656,0.018735580146312714
73,USA,United States,2018,-7.697317123413086,-0.35170143842697144,4.680106163024902,6,1.167035460472107,-0.007776117417961359,1.1881818771362305,0.004458795301616192,1.1316249370574951,-0.00847261119633913,1.1812996864318848,-0.019314536824822426,0.09348604828119278,0.06827862560749054,0.1455519050359726,0.027300594374537468,0.25725868344306946,0.3406762182712555,0.018918480724096298,0.014004289172589779,0.01586117036640644,0.018663978204131126
73,USA,United States,2019,-9.035722732543945,-0.6395283341407776,4.680106163024902,6,1.167035460472107,-0.007776117417961359,1.1881818771362305,0.004458795301616192,1.1316249370574951,-0.00847261119633913,1.1812996864318848,-0.019314536824822426,0.09348604828119278,0.06827862560749054,0.1455519050359726,0.027300594374537468,0.25725868344306946,0.3406762182712555,0.018918480724096298,0.014004289172589779,0.01586117036640644,0.018663978204131126
73,USA,United States,2020,-10.637649536132812,-0.8938409686088562,4.680106163024902,6,1.167035460472107,-0.007776117417961359,1.1881818771362305,0.004458795301616192,1.1316249370574951,-0.00847261119633913,1.1812996864318848,-0.019314536824822426,0.09348604828119278,0.06827862560749054,0.1455519050359726,0.027300594374537468,0.25725868344306946,0.3406762182712555,0.018918480724096298,0.014004289172589779,0.01586117036640644,0.018663978204131126
73,USA,United States,2021,-9.941286087036133,-1.0747301578521729,4.680106163024902,6,1.167035460472107,-0.007776117417961359,1.1881818771362305,0.004458795301616192,1.1316249370574951,-0.00847261119633913,1.1812996864318848,-0.019314536824822426,0.09348604828119278,0.06827862560749054,0.1455519050359726,0.027300594374537468,0.25725868344306946,0.3406762182712555,0.018918480724096298,0.014004289172589779,0.01586117036640644,0.018663978204131126
73,USA,United States,2022,-10.715087890625,-1.191373348236084,4.680106163024902,6,1.167035460472107,-0.007776117417961359,1.1881818771362305,0.004458795301616192,1.1316249370574951,-0.00847261119633913,1.1812996864318848,-0.019314536824822426,0.09348604828119278,0.06827862560749054,0.1455519050359726,0.027300594374537468,0.25725868344306946,0.3406762182712555,0.018918480724096298,0.014004289172589779,0.01586117036640644,0.018663978204131126
73,USA,United States,2023,-11.726405143737793,-1.2604358196258545,4.680106163024902,6,1.167035460472107,-0.007776117417961359,1.1881818771362305,0.004458795301616192,1.1316249370574951,-0.00847261119633913,1.1812996864318848,-0.019314536824822426,0.09348604828119278,0.06827862560749054,0.1455519050359726,0.027300594374537468,0.25725868344306946,0.3406762182712555,0.018918480724096298,0.014004289172589779,0.01586117036640644,0.018663978204131126
74,UZB,Uzbekistan,2018,1.4206937551498413,0.1259566843509674,4.678807258605957,6,-1.8003510236740112,-0.019068557769060135,-1.597791075706482,0.010933850891888142,-2.1902878284454346,-0.02077651582658291,-1.6129741668701172,-0.04736300930380821,0.09355172514915466,0.06838908791542053,0.14615492522716522,0.02739802375435829,0.25519755482673645,0.3420371115207672,0.01883469708263874,0.014122311025857925,0.01575690694153309,0.01855768822133541
74,UZB,Uzbekistan,2019,0.9323561787605286,0.5058521628379822,4.678807258605957,6,-1.8003510236740112,-0.019068557769060135,-1.597791075706482,0.010933850891888142,-2.1902878284454346,-0.02077651582658291,-1.6129741668701172,-0.04736300930380821,0.09355172514915466,0.06838908791542053,0.14615492522716522,0.02739802375435829,0.25519755482673645,0.3420371115207672,0.01883469708263874,0.014122311025857925,0.01575690694153309,0.01855768822133541
74,UZB,Uzbekistan,2020,1.6637600660324097,0.6504859924316406,4.678807258605957,6,-1.8003510236740112,-0.019068557769060135,-1.597791075706482,0.010933850891888142,-2.1902878284454346,-0.02077651582658291,-1.6129741668701172,-0.04736300930380821,0.09355172514915466,0.06838908791542053,0.14615492522716522,0.02739802375435829,0.25519755482673645,0.3420371115207672,0.01883469708263874,0.014122311025857925,0.01575690694153309,0.01855768822133541
74,UZB,Uzbekistan,2021,1.6973286867141724,0.6059984564781189,4.678807258605957,6,-1.8003510236740112,-0.019068557769060135,-1.597791075706482,0.010933850891888142,-2.1902878284454346,-0.02077651582658291,-1.6129741668701172,-0.04736300930380821,0.09355172514915466,0.06838908791542053,0.14615492522716522,0.02739802375435829,0.25519755482673645,0.3420371115207672,0.01883469708263874,0.014122311025857925,0.01575690694153309,0.01855768822133541
74,UZB,Uzbekistan,2022,0.9835667014122009,0.3915976285934448,4.678807258605957,6,-1.8003510236740112,-0.019068557769060135,-1.597791075706482,0.010933850891888142,-2.1902878284454346,-0.02077651582658291,-1.6129741668701172,-0.04736300930380821,0.09355172514915466,0.06838908791542053,0.14615492522716522,0.02739802375435829,0.25519755482673645,0.3420371115207672,0.01883469708263874,0.014122311025857925,0.01575690694153309,0.01855768822133541
74,UZB,Uzbekistan,2023,0.9794012308120728,0.49584490060806274,4.678807258605957,6,-1.8003510236740112,-0.019068557769060135,-1.597791075706482,0.010933850891888142,-2.1902878284454346,-0.02077651582658291,-1.6129741668701172,-0.04736300930380821,0.09355172514915466,0.06838908791542053,0.14615492522716522,0.02739802375435829,0.25519755482673645,0.3420371115207672,0.01883469708263874,0.014122311025857925,0.01575690694153309,0.01855768822133541
75,VEN,Venezuela,2018,4.365685939788818,-0.6884623765945435,4.680045127868652,6,-1.5081526041030884,-0.008305766619741917,-1.3741530179977417,0.004762494470924139,-1.5062425136566162,-0.009049700573086739,-1.6440623998641968,-0.020630093291401863,0.0934891477227211,0.0682837963104248,0.14558017253875732,0.027305137366056442,0.2571618854999542,0.3407403230667114,0.01891453005373478,0.014009791426360607,0.01585625857114792,0.018658975139260292
75,VEN,Venezuela,2019,4.361935615539551,-0.4090188145637512,4.680045127868652,6,-1.5081526041030884,-0.008305766619741917,-1.3741530179977417,0.004762494470924139,-1.5062425136566162,-0.009049700573086739,-1.6440623998641968,-0.020630093291401863,0.0934891477227211,0.0682837963104248,0.14558017253875732,0.027305137366056442,0.2571618854999542,0.3407403230667114,0.01891453005373478,0.014009791426360607,0.01585625857114792,0.018658975139260292
75,VEN,Venezuela,2020,-2.0265071392059326,-0.3445228934288025,4.680045127868652,6,-1.5081526041030884,-0.008305766619741917,-1.3741530179977417,0.004762494470924139,-1.5062425136566162,-0.009049700573086739,-1.6440623998641968,-0.020630093291401863,0.0934891477227211,0.0682837963104248,0.14558017253875732,0.027305137366056442,0.2571618854999542,0.3407403230667114,0.01891453005373478,0.014009791426360607,0.01585625857114792,0.018658975139260292
75,VEN,Venezuela,2021,-2.5107500553131104,-0.370233416557312,4.680045127868652,6,-1.5081526041030884,-0.008305766619741917,-1.3741530179977417,0.004762494470924139,-1.5062425136566162,-0.009049700573086739,-1.6440623998641968,-0.020630093291401863,0.0934891477227211,0.0682837963104248,0.14558017253875732,0.027305137366056442,0.2571618854999542,0.3407403230667114,0.01891453005373478,0.014009791426360607,0.01585625857114792,0.018658975139260292
75,VEN,Venezuela,2022,-2.220579147338867,-0.3338717222213745,4.680045127868652,6,-1.5081526041030884,-0.008305766619741917,-1.3741530179977417,0.004762494470924139,-1.5062425136566162,-0.009049700573086739,-1.6440623998641968,-0.020630093291401863,0.0934891477227211,0.0682837963104248,0.14558017253875732,0.027305137366056442,0.2571618854999542,0.3407403230667114,0.01891453005373478,0.014009791426360607,0.01585625857114792,0.018658975139260292
75,VEN,Venezuela,2023,-2.2290172576904297,-0.2861773371696472,4.680045127868652,6,-1.5081526041030884,-0.008305766619741917,-1.3741530179977417,0.004762494470924139,-1.5062425136566162,-0.009049700573086739,-1.6440623998641968,-0.020630093291401863,0.0934891477227211,0.0682837963104248,0.14558017253875732,0.027305137366056442,0.2571618854999542,0.3407403230667114,0.01891453005373478,0.014009791426360607,0.01585625857114792,0.018658975139260292
76,VNM,Vietnam,2018,1.8500128984451294,0.6395471692085266,4.677888870239258,6,-1.0041168928146362,-0.027058547362685204,-0.9023603796958923,0.015515287406742573,-1.090646505355835,-0.029482165351510048,-1.0193438529968262,-0.06720875948667526,0.09359811991453171,0.06846756488084793,0.1465817391872406,0.027467604726552963,0.2537427842617035,0.34299275279045105,0.01877593621611595,0.01420667115598917,0.01568378321826458,0.018483061343431473
76,VNM,Vietnam,2019,3.117563009262085,1.1218827962875366,4.677888870239258,6,-1.0041168928146362,-0.027058547362685204,-0.9023603796958923,0.015515287406742573,-1.090646505355835,-0.029482165351510048,-1.0193438529968262,-0.06720875948667526,0.09359811991453171,0.06846756488084793,0.1465817391872406,0.027467604726552963,0.2537427842617035,0.34299275279045105,0.01877593621611595,0.01420667115598917,0.01568378321826458,0.018483061343431473
76,VNM,Vietnam,2020,2.663336753845215,1.331575870513916,4.677888870239258,6,-1.0041168928146362,-0.027058547362685204,-0.9023603796958923,0.015515287406742573,-1.090646505355835,-0.029482165351510048,-1.0193438529968262,-0.06720875948667526,0.09359811991453171,0.06846756488084793,0.1465817391872406,0.027467604726552963,0.2537427842617035,0.34299275279045105,0.01877593621611595,0.01420667115598917,0.01568378321826458,0.018483061343431473
76,VNM,Vietnam,2021,1.7106215953826904,1.424124002456665,4.677888870239258,6,-1.0041168928146362,-0.027058547362685204,-0.9023603796958923,0.015515287406742573,-1.090646505355835,-0.029482165351510048,-1.0193438529968262,-0.06720875948667526,0.09359811991453171,0.06846756488084793,0.1465817391872406,0.027467604726552963,0.2537427842617035,0.34299275279045105,0.01877593621611595,0.01420667115598917,0.01568378321826458,0.018483061343431473
76,VNM,Vietnam,2022,0.6460008025169373,1.4727137088775635,4.677888870239258,6,-1.0041168928146362,-0.027058547362685204,-0.9023603796958923,0.015515287406742573,-1.090646505355835,-0.029482165351510048,-1.0193438529968262,-0.06720875948667526,0.09359811991453171,0.06846756488084793,0.1465817391872406,0.027467604726552963,0.2537427842617035,0.34299275279045105,0.01877593621611595,0.01420667115598917,0.01568378321826458,0.018483061343431473
76,VNM,Vietnam,2023,1.6631464958190918,1.4984767436981201,4.677888870239258,6,-1.0041168928146362,-0.027058547362685204,-0.9023603796958923,0.015515287406742573,-1.090646505355835,-0.029482165351510048,-1.0193438529968262,-0.06720875948667526,0.09359811991453171,0.06846756488084793,0.1465817391872406,0.027467604726552963,0.2537427842617035,0.34299275279045105,0.01877593621611595,0.01420667115598917,0.01568378321826458,0.018483061343431473
77,ZAF,South Africa,2018,-6.3950324058532715,0.7140840888023376,4.6732048988342285,6,-0.0641661062836647,-0.06782448291778564,-0.015326484106481075,0.03889036923646927,0.13372927904129028,-0.07389950752258301,-0.31090110540390015,-0.1684643179178238,0.09383371472358704,0.06887170672416687,0.1487603634595871,0.027830960229039192,0.2463720440864563,0.34777140617370605,0.018482783809304237,0.014648210257291794,0.015319121070206165,0.018109699711203575
77,ZAF,South Africa,2019,-8.257451057434082,0.9659118056297302,4.6732048988342285,6,-0.0641661062836647,-0.06782448291778564,-0.015326484106481075,0.03889036923646927,0.13372927904129028,-0.07389950752258301,-0.31090110540390015,-0.1684643179178238,0.09383371472358704,0.06887170672416687,0.1487603634595871,0.027830960229039192,0.2463720440864563,0.34777140617370605,0.018482783809304237,0.014648210257291794,0.015319121070206165,0.018109699711203575
77,ZAF,South Africa,2020,-7.980379581451416,0.9883403182029724,4.6732048988342285,6,-0.0641661062836647,-0.06782448291778564,-0.015326484106481075,0.03889036923646927,0.13372927904129028,-0.07389950752258301,-0.31090110540390015,-0.1684643179178238,0.09383371472358704,0.06887170672416687,0.1487603634595871,0.027830960229039192,0.2463720440864563,0.34777140617370605,0.018482783809304237,0.014648210257291794,0.015319121070206165,0.018109699711203575
77,ZAF,South Africa,2021,-12.659340858459473,0.984437882900238,4.6732048988342285,6,-0.0641661062836647,-0.06782448291778564,-0.015326484106481075,0.03889036923646927,0.13372927904129028,-0.07389950752258301,-0.31090110540390015,-0.1684643179178238,0.09383371472358704,0.06887170672416687,0.1487603634595871,0.027830960229039192,0.2463720440864563,0.34777140617370605,0.018482783809304237,0.014648210257291794,0.015319121070206165,0.018109699711203575
77,ZAF,South Africa,2022,-15.694624900817871,0.9687009453773499,4.6732048988342285,6,-0.0641661062836647,-0.06782448291778564,-0.015326484106481075,0.03889036923646927,0.13372927904129028,-0.07389950752258301,-0.31090110540390015,-0.1684643179178238,0.09383371472358704,0.06887170672416687,0.1487603634595871,0.027830960229039192,0.2463720440864563,0.34777140617370605,0.018482783809304237,0.014648210257291794,0.015319121070206165,0.018109699711203575
77,ZAF,South Africa,2023,-19.3819637298584,0.9446026682853699,4.6732048988342285,6,-0.0641661062836647,-0.06782448291778564,-0.015326484106481075,0.03889036923646927,0.13372927904129028,-0.07389950752258301,-0.31090110540390015,-0.1684643179178238,0.09383371472358704,0.06887170672416687,0.1487603634595871,0.027830960229039192,0.2463720440864563,0.34777140617370605,0.018482783809304237,0.014648210257291794,0.015319121070206165,0.018109699711203575
