entity_id,entity_code,entity_name,year,y_true,y_pred,k_star,omega_peak,proxy_signal_true,proxy_signal_pred,proxy_1_true,proxy_1_pred,proxy_2_true,proxy_2_pred,proxy_3_true,proxy_3_pred,omega_1,omega_2,omega_3,omega_4,omega_5,omega_6,omega_7,omega_8,omega_9,omega_10
0,ARE,United Arab Emirates,2018,-77.53056335449219,-0.16804246604442596,4.6730546951293945,6,0.18880443274974823,-0.06920426338911057,0.332748681306839,0.039625126868486404,0.2764120101928711,-0.07540054619312286,-0.042747389525175095,-0.17183735966682434,0.09384138882160187,0.06888486444950104,0.14883014559745789,0.027843160554766655,0.24613502621650696,0.3479238748550415,0.0184735506772995,0.014662728644907475,0.0153073500841856,0.018097953870892525
0,ARE,United Arab Emirates,2019,-233.2926788330078,-0.6353511214256287,4.6730546951293945,6,0.18880443274974823,-0.06920426338911057,0.332748681306839,0.039625126868486404,0.2764120101928711,-0.07540054619312286,-0.042747389525175095,-0.17183735966682434,0.09384138882160187,0.06888486444950104,0.14883014559745789,0.027843160554766655,0.24613502621650696,0.3479238748550415,0.0184735506772995,0.014662728644907475,0.0153073500841856,0.018097953870892525
0,ARE,United Arab Emirates,2020,-435.1805725097656,-1.0122143030166626,4.6730546951293945,6,0.18880443274974823,-0.06920426338911057,0.332748681306839,0.039625126868486404,0.2764120101928711,-0.07540054619312286,-0.042747389525175095,-0.17183735966682434,0.09384138882160187,0.06888486444950104,0.14883014559745789,0.027843160554766655,0.24613502621650696,0.3479238748550415,0.0184735506772995,0.014662728644907475,0.0153073500841856,0.018097953870892525
0,ARE,United Arab Emirates,2021,-1001.4480590820312,-1.2657514810562134,4.6730546951293945,6,0.18880443274974823,-0.06920426338911057,0.332748681306839,0.039625126868486404,0.2764120101928711,-0.07540054619312286,-0.042747389525175095,-0.17183735966682434,0.09384138882160187,0.06888486444950104,0.14883014559745789,0.027843160554766655,0.24613502621650696,0.3479238748550415,0.0184735506772995,0.014662728644907475,0.0153073500841856,0.018097953870892525
0,ARE,United Arab Emirates,2022,-1657.7239990234375,-1.4185649156570435,4.6730546951293945,6,0.18880443274974823,-0.06920426338911057,0.332748681306839,0.039625126868486404,0.2764120101928711,-0.07540054619312286,-0.042747389525175095,-0.17183735966682434,0.09384138882160187,0.06888486444950104,0.14883014559745789,0.027843160554766655,0.24613502621650696,0.3479238748550415,0.0184735506772995,0.014662728644907475,0.0153073500841856,0.018097953870892525
0,ARE,United Arab Emirates,2023,-2705.017333984375,-1.5077728033065796,4.6730546951293945,6,0.18880443274974823,-0.06920426338911057,0.332748681306839,0.039625126868486404,0.2764120101928711,-0.07540054619312286,-0.042747389525175095,-0.17183735966682434,0.09384138882160187,0.06888486444950104,0.14883014559745789,0.027843160554766655,0.24613502621650696,0.3479238748550415,0.0184735506772995,0.014662728644907475,0.0153073500841856,0.018097953870892525
1,ARG,Argentina,2018,1.6428788900375366,0.3658323287963867,4.673081398010254,6,-0.6909387707710266,-0.06896957010030746,-0.40908560156822205,0.039490751922130585,-0.8905236124992371,-0.07514484971761703,-0.7732071280479431,-0.17125461995601654,0.09384003281593323,0.06888251006603241,0.14881759881973267,0.027841024100780487,0.24617716670036316,0.34789684414863586,0.01847519911825657,0.014660125598311424,0.015309407375752926,0.018100060522556305
1,ARG,Argentina,2019,1.1453611850738525,0.7539730668067932,4.673081398010254,6,-0.6909387707710266,-0.06896957010030746,-0.40908560156822205,0.039490751922130585,-0.8905236124992371,-0.07514484971761703,-0.7732071280479431,-0.17125461995601654,0.09384003281593323,0.06888251006603241,0.14881759881973267,0.027841024100780487,0.24617716670036316,0.34789684414863586,0.01847519911825657,0.014660125598311424,0.015309407375752926,0.018100060522556305
1,ARG,Argentina,2020,1.0582135915756226,0.8998749852180481,4.673081398010254,6,-0.6909387707710266,-0.06896957010030746,-0.40908560156822205,0.039490751922130585,-0.8905236124992371,-0.07514484971761703,-0.7732071280479431,-0.17125461995601654,0.09384003281593323,0.06888251006603241,0.14881759881973267,0.027841024100780487,0.24617716670036316,0.34789684414863586,0.01847519911825657,0.014660125598311424,0.015309407375752926,0.018100060522556305
1,ARG,Argentina,2021,1.4250097274780273,0.9431005120277405,4.673081398010254,6,-0.6909387707710266,-0.06896957010030746,-0.40908560156822205,0.039490751922130585,-0.8905236124992371,-0.07514484971761703,-0.7732071280479431,-0.17125461995601654,0.09384003281593323,0.06888251006603241,0.14881759881973267,0.027841024100780487,0.24617716670036316,0.34789684414863586,0.01847519911825657,0.014660125598311424,0.015309407375752926,0.018100060522556305
1,ARG,Argentina,2022,0.9982249736785889,0.9364873766899109,4.673081398010254,6,-0.6909387707710266,-0.06896957010030746,-0.40908560156822205,0.039490751922130585,-0.8905236124992371,-0.07514484971761703,-0.7732071280479431,-0.17125461995601654,0.09384003281593323,0.06888251006603241,0.14881759881973267,0.027841024100780487,0.24617716670036316,0.34789684414863586,0.01847519911825657,0.014660125598311424,0.015309407375752926,0.018100060522556305
1,ARG,Argentina,2023,-0.24900130927562714,0.9595269560813904,4.673081398010254,6,-0.6909387707710266,-0.06896957010030746,-0.40908560156822205,0.039490751922130585,-0.8905236124992371,-0.07514484971761703,-0.7732071280479431,-0.17125461995601654,0.09384003281593323,0.06888251006603241,0.14881759881973267,0.027841024100780487,0.24617716670036316,0.34789684414863586,0.01847519911825657,0.014660125598311424,0.015309407375752926,0.018100060522556305
2,AUS,Australia,2018,-7.367125034332275,-0.5164892077445984,4.681397914886475,6,1.25566828250885,0.003418433479964733,1.2781401872634888,-0.0019573410972952843,1.1565734148025513,0.0037245145067572594,1.3322911262512207,0.008488127030432224,0.09342078119516373,0.06816936284303665,0.14495249092578888,0.027205070480704308,0.25931164622306824,0.33931347727775574,0.019002610817551613,0.013888356275856495,0.015965599566698074,0.018770622089505196
2,AUS,Australia,2019,-8.657783508300781,-0.7889239192008972,4.681397914886475,6,1.25566828250885,0.003418433479964733,1.2781401872634888,-0.0019573410972952843,1.1565734148025513,0.0037245145067572594,1.3322911262512207,0.008488127030432224,0.09342078119516373,0.06816936284303665,0.14495249092578888,0.027205070480704308,0.25931164622306824,0.33931347727775574,0.019002610817551613,0.013888356275856495,0.015965599566698074,0.018770622089505196
2,AUS,Australia,2020,-10.614906311035156,-1.0394150018692017,4.681397914886475,6,1.25566828250885,0.003418433479964733,1.2781401872634888,-0.0019573410972952843,1.1565734148025513,0.0037245145067572594,1.3322911262512207,0.008488127030432224,0.09342078119516373,0.06816936284303665,0.14495249092578888,0.027205070480704308,0.25931164622306824,0.33931347727775574,0.019002610817551613,0.013888356275856495,0.015965599566698074,0.018770622089505196
2,AUS,Australia,2021,-13.180018424987793,-1.2391157150268555,4.681397914886475,6,1.25566828250885,0.003418433479964733,1.2781401872634888,-0.0019573410972952843,1.1565734148025513,0.0037245145067572594,1.3322911262512207,0.008488127030432224,0.09342078119516373,0.06816936284303665,0.14495249092578888,0.027205070480704308,0.25931164622306824,0.33931347727775574,0.019002610817551613,0.013888356275856495,0.015965599566698074,0.018770622089505196
2,AUS,Australia,2022,-15.15616226196289,-1.3816783428192139,4.681397914886475,6,1.25566828250885,0.003418433479964733,1.2781401872634888,-0.0019573410972952843,1.1565734148025513,0.0037245145067572594,1.3322911262512207,0.008488127030432224,0.09342078119516373,0.06816936284303665,0.14495249092578888,0.027205070480704308,0.25931164622306824,0.33931347727775574,0.019002610817551613,0.013888356275856495,0.015965599566698074,0.018770622089505196
2,AUS,Australia,2023,-16.646900177001953,-1.4752413034439087,4.681397914886475,6,1.25566828250885,0.003418433479964733,1.2781401872634888,-0.0019573410972952843,1.1565734148025513,0.0037245145067572594,1.3322911262512207,0.008488127030432224,0.09342078119516373,0.06816936284303665,0.14495249092578888,0.027205070480704308,0.25931164622306824,0.33931347727775574,0.019002610817551613,0.013888356275856495,0.015965599566698074,0.018770622089505196
3,AUT,Austria,2018,-3.331990957260132,0.3628888726234436,4.683110237121582,6,1.3129711151123047,0.01829792559146881,1.3305449485778809,-0.010477075353264809,1.1512476205825806,0.01993626169860363,1.4571207761764526,0.04543459042906761,0.09333391487598419,0.06802529096603394,0.1441592127084732,0.027079757302999496,0.262041836977005,0.33748841285705566,0.01911536417901516,0.013736879453063011,0.01610599271953106,0.018913283944129944
3,AUT,Austria,2019,-3.5629565715789795,0.16465435922145844,4.683110237121582,6,1.3129711151123047,0.01829792559146881,1.3305449485778809,-0.010477075353264809,1.1512476205825806,0.01993626169860363,1.4571207761764526,0.04543459042906761,0.09333391487598419,0.06802529096603394,0.1441592127084732,0.027079757302999496,0.262041836977005,0.33748841285705566,0.01911536417901516,0.013736879453063011,0.01610599271953106,0.018913283944129944
3,AUT,Austria,2020,-4.44062614440918,-0.041283026337623596,4.683110237121582,6,1.3129711151123047,0.01829792559146881,1.3305449485778809,-0.010477075353264809,1.1512476205825806,0.01993626169860363,1.4571207761764526,0.04543459042906761,0.09333391487598419,0.06802529096603394,0.1441592127084732,0.027079757302999496,0.262041836977005,0.33748841285705566,0.01911536417901516,0.013736879453063011,0.01610599271953106,0.018913283944129944
3,AUT,Austria,2021,-4.349145412445068,-0.19556422531604767,4.683110237121582,6,1.3129711151123047,0.01829792559146881,1.3305449485778809,-0.010477075353264809,1.1512476205825806,0.01993626169860363,1.4571207761764526,0.04543459042906761,0.09333391487598419,0.06802529096603394,0.1441592127084732,0.027079757302999496,0.262041836977005,0.33748841285705566,0.01911536417901516,0.013736879453063011,0.01610599271953106,0.018913283944129944
3,AUT,Austria,2022,-4.098706245422363,-0.2914932370185852,4.683110237121582,6,1.3129711151123047,0.01829792559146881,1.3305449485778809,-0.010477075353264809,1.1512476205825806,0.01993626169860363,1.4571207761764526,0.04543459042906761,0.09333391487598419,0.06802529096603394,0.1441592127084732,0.027079757302999496,0.262041836977005,0.33748841285705566,0.01911536417901516,0.013736879453063011,0.01610599271953106,0.018913283944129944
3,AUT,Austria,2023,-5.443741798400879,-0.36385565996170044,4.683110237121582,6,1.3129711151123047,0.01829792559146881,1.3305449485778809,-0.010477075353264809,1.1512476205825806,0.01993626169860363,1.4571207761764526,0.04543459042906761,0.09333391487598419,0.06802529096603394,0.1441592127084732,0.027079757302999496,0.262041836977005,0.33748841285705566,0.01911536417901516,0.013736879453063011,0.01610599271953106,0.018913283944129944
4,AZE,Azerbaijan,2018,3.094372272491455,-0.49498504400253296,4.681660175323486,6,-1.294363021850586,0.005695344414561987,-1.4495718479156494,-0.003261060221120715,-1.172594428062439,0.006205291952937841,-1.2609230279922485,0.014141800813376904,0.0934075117111206,0.06814726442098618,0.1448310762643814,0.027185769751667976,0.25972887873649597,0.33903542160987854,0.01901976764202118,0.013865027576684952,0.015986958518624306,0.018792344257235527
4,AZE,Azerbaijan,2019,3.558119297027588,-0.11511717736721039,4.681660175323486,6,-1.294363021850586,0.005695344414561987,-1.4495718479156494,-0.003261060221120715,-1.172594428062439,0.006205291952937841,-1.2609230279922485,0.014141800813376904,0.0934075117111206,0.06814726442098618,0.1448310762643814,0.027185769751667976,0.25972887873649597,0.33903542160987854,0.01901976764202118,0.013865027576684952,0.015986958518624306,0.018792344257235527
4,AZE,Azerbaijan,2020,4.490204811096191,0.024528220295906067,4.681660175323486,6,-1.294363021850586,0.005695344414561987,-1.4495718479156494,-0.003261060221120715,-1.172594428062439,0.006205291952937841,-1.2609230279922485,0.014141800813376904,0.0934075117111206,0.06814726442098618,0.1448310762643814,0.027185769751667976,0.25972887873649597,0.33903542160987854,0.01901976764202118,0.013865027576684952,0.015986958518624306,0.018792344257235527
4,AZE,Azerbaijan,2021,4.194814682006836,0.09036441147327423,4.681660175323486,6,-1.294363021850586,0.005695344414561987,-1.4495718479156494,-0.003261060221120715,-1.172594428062439,0.006205291952937841,-1.2609230279922485,0.014141800813376904,0.0934075117111206,0.06814726442098618,0.1448310762643814,0.027185769751667976,0.25972887873649597,0.33903542160987854,0.01901976764202118,0.013865027576684952,0.015986958518624306,0.018792344257235527
4,AZE,Azerbaijan,2022,3.8313167095184326,0.08316414058208466,4.681660175323486,6,-1.294363021850586,0.005695344414561987,-1.4495718479156494,-0.003261060221120715,-1.172594428062439,0.006205291952937841,-1.2609230279922485,0.014141800813376904,0.0934075117111206,0.06814726442098618,0.1448310762643814,0.027185769751667976,0.25972887873649597,0.33903542160987854,0.01901976764202118,0.013865027576684952,0.015986958518624306,0.018792344257235527
4,AZE,Azerbaijan,2023,3.7241804599761963,0.0184592604637146,4.681660175323486,6,-1.294363021850586,0.005695344414561987,-1.4495718479156494,-0.003261060221120715,-1.172594428062439,0.006205291952937841,-1.2609230279922485,0.014141800813376904,0.0934075117111206,0.06814726442098618,0.1448310762643814,0.027185769751667976,0.25972887873649597,0.33903542160987854,0.01901976764202118,0.013865027576684952,0.015986958518624306,0.018792344257235527
5,BEL,Belgium,2018,-2.035623550415039,-0.6297650933265686,4.673393249511719,6,0.9798359274864197,-0.06625910103321075,1.2219529151916504,0.037938784807920456,0.8175865411758423,-0.07219169288873672,0.8999684453010559,-0.1645243912935257,0.09382443875074387,0.06885545700788498,0.14867280423641205,0.027816424146294594,0.24666394293308258,0.3475847840309143,0.018494317308068275,0.014630171470344067,0.01533318031579256,0.018124466761946678
5,BEL,Belgium,2019,-3.1006269454956055,-0.9504120945930481,4.673393249511719,6,0.9798359274864197,-0.06625910103321075,1.2219529151916504,0.037938784807920456,0.8175865411758423,-0.07219169288873672,0.8999684453010559,-0.1645243912935257,0.09382443875074387,0.06885545700788498,0.14867280423641205,0.027816424146294594,0.24666394293308258,0.3475847840309143,0.018494317308068275,0.014630171470344067,0.01533318031579256,0.018124466761946678
5,BEL,Belgium,2020,-2.7479605674743652,-1.2142632007598877,4.673393249511719,6,0.9798359274864197,-0.06625910103321075,1.2219529151916504,0.037938784807920456,0.8175865411758423,-0.07219169288873672,0.8999684453010559,-0.1645243912935257,0.09382443875074387,0.06885545700788498,0.14867280423641205,0.027816424146294594,0.24666394293308258,0.3475847840309143,0.018494317308068275,0.014630171470344067,0.01533318031579256,0.018124466761946678
5,BEL,Belgium,2021,-3.9674084186553955,-1.4039126634597778,4.673393249511719,6,0.9798359274864197,-0.06625910103321075,1.2219529151916504,0.037938784807920456,0.8175865411758423,-0.07219169288873672,0.8999684453010559,-0.1645243912935257,0.09382443875074387,0.06885545700788498,0.14867280423641205,0.027816424146294594,0.24666394293308258,0.3475847840309143,0.018494317308068275,0.014630171470344067,0.01533318031579256,0.018124466761946678
5,BEL,Belgium,2022,-3.700895071029663,-1.5290974378585815,4.673393249511719,6,0.9798359274864197,-0.06625910103321075,1.2219529151916504,0.037938784807920456,0.8175865411758423,-0.07219169288873672,0.8999684453010559,-0.1645243912935257,0.09382443875074387,0.06885545700788498,0.14867280423641205,0.027816424146294594,0.24666394293308258,0.3475847840309143,0.018494317308068275,0.014630171470344067,0.01533318031579256,0.018124466761946678
5,BEL,Belgium,2023,-3.867947578430176,-1.6092044115066528,4.673393249511719,6,0.9798359274864197,-0.06625910103321075,1.2219529151916504,0.037938784807920456,0.8175865411758423,-0.07219169288873672,0.8999684453010559,-0.1645243912935257,0.09382443875074387,0.06885545700788498,0.14867280423641205,0.027816424146294594,0.24666394293308258,0.3475847840309143,0.018494317308068275,0.014630171470344067,0.01533318031579256,0.018124466761946678
6,BGD,Bangladesh,2018,1.2597620487213135,-0.3571157455444336,4.6788434982299805,6,-1.3428869247436523,-0.018802279606461525,-1.2080445289611816,0.010765846818685532,-1.482562780380249,-0.020485760644078255,-1.3380534648895264,-0.04668692871928215,0.09355005621910095,0.06838613003492355,0.14613816142082214,0.02739563025534153,0.2552521228790283,0.342001736164093,0.01883697882294655,0.014119073748588562,0.015759453177452087,0.018560633063316345
6,BGD,Bangladesh,2019,1.4318774938583374,0.35360175371170044,4.6788434982299805,6,-1.3428869247436523,-0.018802279606461525,-1.2080445289611816,0.010765846818685532,-1.482562780380249,-0.020485760644078255,-1.3380534648895264,-0.04668692871928215,0.09355005621910095,0.06838613003492355,0.14613816142082214,0.02739563025534153,0.2552521228790283,0.342001736164093,0.01883697882294655,0.014119073748588562,0.015759453177452087,0.018560633063316345
6,BGD,Bangladesh,2020,1.717698097229004,0.7103885412216187,4.6788434982299805,6,-1.3428869247436523,-0.018802279606461525,-1.2080445289611816,0.010765846818685532,-1.482562780380249,-0.020485760644078255,-1.3380534648895264,-0.04668692871928215,0.09355005621910095,0.06838613003492355,0.14613816142082214,0.02739563025534153,0.2552521228790283,0.342001736164093,0.01883697882294655,0.014119073748588562,0.015759453177452087,0.018560633063316345
6,BGD,Bangladesh,2021,1.7278225421905518,0.8890632390975952,4.6788434982299805,6,-1.3428869247436523,-0.018802279606461525,-1.2080445289611816,0.010765846818685532,-1.482562780380249,-0.020485760644078255,-1.3380534648895264,-0.04668692871928215,0.09355005621910095,0.06838613003492355,0.14613816142082214,0.02739563025534153,0.2552521228790283,0.342001736164093,0.01883697882294655,0.014119073748588562,0.015759453177452087,0.018560633063316345
6,BGD,Bangladesh,2022,1.5284489393234253,0.96904057264328,4.6788434982299805,6,-1.3428869247436523,-0.018802279606461525,-1.2080445289611816,0.010765846818685532,-1.482562780380249,-0.020485760644078255,-1.3380534648895264,-0.04668692871928215,0.09355005621910095,0.06838613003492355,0.14613816142082214,0.02739563025534153,0.2552521228790283,0.342001736164093,0.01883697882294655,0.014119073748588562,0.015759453177452087,0.018560633063316345
6,BGD,Bangladesh,2023,2.0307767391204834,1.0018333196640015,4.6788434982299805,6,-1.3428869247436523,-0.018802279606461525,-1.2080445289611816,0.010765846818685532,-1.482562780380249,-0.020485760644078255,-1.3380534648895264,-0.04668692871928215,0.09355005621910095,0.06838613003492355,0.14613816142082214,0.02739563025534153,0.2552521228790283,0.342001736164093,0.01883697882294655,0.014119073748588562,0.015759453177452087,0.018560633063316345
7,BGR,Bulgaria,2018,-1.3296480178833008,0.44303417205810547,4.679196357727051,6,-0.42611977458000183,-0.015732230618596077,-0.6209486722946167,0.009007991291582584,-0.13856160640716553,-0.0171408299356699,-0.5188490152359009,-0.03906385600566864,0.09353222697973251,0.06835607439279556,0.1459743082523346,0.0273690614849329,0.2558116912841797,0.34163305163383484,0.01885966956615448,0.014086874201893806,0.01578768528997898,0.018589425832033157
7,BGR,Bulgaria,2019,-1.4306131601333618,0.9750884175300598,4.679196357727051,6,-0.42611977458000183,-0.015732230618596077,-0.6209486722946167,0.009007991291582584,-0.13856160640716553,-0.0171408299356699,-0.5188490152359009,-0.03906385600566864,0.09353222697973251,0.06835607439279556,0.1459743082523346,0.0273690614849329,0.2558116912841797,0.34163305163383484,0.01885966956615448,0.014086874201893806,0.01578768528997898,0.018589425832033157
7,BGR,Bulgaria,2020,-2.8135833740234375,1.2067419290542603,4.679196357727051,6,-0.42611977458000183,-0.015732230618596077,-0.6209486722946167,0.009007991291582584,-0.13856160640716553,-0.0171408299356699,-0.5188490152359009,-0.03906385600566864,0.09353222697973251,0.06835607439279556,0.1459743082523346,0.0273690614849329,0.2558116912841797,0.34163305163383484,0.01885966956615448,0.014086874201893806,0.01578768528997898,0.018589425832033157
7,BGR,Bulgaria,2021,-2.0215117931365967,1.3211995363235474,4.679196357727051,6,-0.42611977458000183,-0.015732230618596077,-0.6209486722946167,0.009007991291582584,-0.13856160640716553,-0.0171408299356699,-0.5188490152359009,-0.03906385600566864,0.09353222697973251,0.06835607439279556,0.1459743082523346,0.0273690614849329,0.2558116912841797,0.34163305163383484,0.01885966956615448,0.014086874201893806,0.01578768528997898,0.018589425832033157
7,BGR,Bulgaria,2022,-0.48078346252441406,1.3792771100997925,4.679196357727051,6,-0.42611977458000183,-0.015732230618596077,-0.6209486722946167,0.009007991291582584,-0.13856160640716553,-0.0171408299356699,-0.5188490152359009,-0.03906385600566864,0.09353222697973251,0.06835607439279556,0.1459743082523346,0.0273690614849329,0.2558116912841797,0.34163305163383484,0.01885966956615448,0.014086874201893806,0.01578768528997898,0.018589425832033157
7,BGR,Bulgaria,2023,-3.970643997192383,1.4065382480621338,4.679196357727051,6,-0.42611977458000183,-0.015732230618596077,-0.6209486722946167,0.009007991291582584,-0.13856160640716553,-0.0171408299356699,-0.5188490152359009,-0.03906385600566864,0.09353222697973251,0.06835607439279556,0.1459743082523346,0.0273690614849329,0.2558116912841797,0.34163305163383484,0.01885966956615448,0.014086874201893806,0.01578768528997898,0.018589425832033157
8,BLR,Belarus,2018,-2.643580675125122,-0.25946730375289917,4.679218769073486,6,-1.5520426034927368,-0.015534094534814358,-1.4920120239257812,0.008894541300833225,-1.8896420001983643,-0.01692495308816433,-1.2744739055633545,-0.03857187181711197,0.09353107213973999,0.06835412979125977,0.14596371352672577,0.02736734226346016,0.2558478116989136,0.3416092097759247,0.018861129879951477,0.014084798283874989,0.015789508819580078,0.01859128661453724
8,BLR,Belarus,2019,-3.0715856552124023,0.24711398780345917,4.679218769073486,6,-1.5520426034927368,-0.015534094534814358,-1.4920120239257812,0.008894541300833225,-1.8896420001983643,-0.01692495308816433,-1.2744739055633545,-0.03857187181711197,0.09353107213973999,0.06835412979125977,0.14596371352672577,0.02736734226346016,0.2558478116989136,0.3416092097759247,0.018861129879951477,0.014084798283874989,0.015789508819580078,0.01859128661453724
8,BLR,Belarus,2020,-3.0823307037353516,0.45260775089263916,4.679218769073486,6,-1.5520426034927368,-0.015534094534814358,-1.4920120239257812,0.008894541300833225,-1.8896420001983643,-0.01692495308816433,-1.2744739055633545,-0.03857187181711197,0.09353107213973999,0.06835412979125977,0.14596371352672577,0.02736734226346016,0.2558478116989136,0.3416092097759247,0.018861129879951477,0.014084798283874989,0.015789508819580078,0.01859128661453724
8,BLR,Belarus,2021,-14.810386657714844,0.5428948402404785,4.679218769073486,6,-1.5520426034927368,-0.015534094534814358,-1.4920120239257812,0.008894541300833225,-1.8896420001983643,-0.01692495308816433,-1.2744739055633545,-0.03857187181711197,0.09353107213973999,0.06835412979125977,0.14596371352672577,0.02736734226346016,0.2558478116989136,0.3416092097759247,0.018861129879951477,0.014084798283874989,0.015789508819580078,0.01859128661453724
8,BLR,Belarus,2022,-13.734106063842773,0.5730692744255066,4.679218769073486,6,-1.5520426034927368,-0.015534094534814358,-1.4920120239257812,0.008894541300833225,-1.8896420001983643,-0.01692495308816433,-1.2744739055633545,-0.03857187181711197,0.09353107213973999,0.06835412979125977,0.14596371352672577,0.02736734226346016,0.2558478116989136,0.3416092097759247,0.018861129879951477,0.014084798283874989,0.015789508819580078,0.01859128661453724
8,BLR,Belarus,2023,-27.134784698486328,0.5752912759780884,4.679218769073486,6,-1.5520426034927368,-0.015534094534814358,-1.4920120239257812,0.008894541300833225,-1.8896420001983643,-0.01692495308816433,-1.2744739055633545,-0.03857187181711197,0.09353107213973999,0.06835412979125977,0.14596371352672577,0.02736734226346016,0.2558478116989136,0.3416092097759247,0.018861129879951477,0.014084798283874989,0.015789508819580078,0.01859128661453724
9,BRA,Brazil,2018,4.812175750732422,0.04733538627624512,4.676877975463867,6,-0.532637357711792,-0.03590806573629379,-0.5499132871627808,0.020560316741466522,-0.37875303626060486,-0.039123132824897766,-0.669245719909668,-0.08916138112545013,0.09364920854568481,0.06855428963899612,0.14705149829387665,0.02754512056708336,0.252142995595932,0.344039648771286,0.018711721524596214,0.014300385490059853,0.015603612177073956,0.018401479348540306
9,BRA,Brazil,2019,5.404086589813232,0.255301833152771,4.676877975463867,6,-0.532637357711792,-0.03590806573629379,-0.5499132871627808,0.020560316741466522,-0.37875303626060486,-0.039123132824897766,-0.669245719909668,-0.08916138112545013,0.09364920854568481,0.06855428963899612,0.14705149829387665,0.02754512056708336,0.252142995595932,0.344039648771286,0.018711721524596214,0.014300385490059853,0.015603612177073956,0.018401479348540306
9,BRA,Brazil,2020,4.385476589202881,0.351747989654541,4.676877975463867,6,-0.532637357711792,-0.03590806573629379,-0.5499132871627808,0.020560316741466522,-0.37875303626060486,-0.039123132824897766,-0.669245719909668,-0.08916138112545013,0.09364920854568481,0.06855428963899612,0.14705149829387665,0.02754512056708336,0.252142995595932,0.344039648771286,0.018711721524596214,0.014300385490059853,0.015603612177073956,0.018401479348540306
9,BRA,Brazil,2021,8.511026382446289,0.5039682984352112,4.676877975463867,6,-0.532637357711792,-0.03590806573629379,-0.5499132871627808,0.020560316741466522,-0.37875303626060486,-0.039123132824897766,-0.669245719909668,-0.08916138112545013,0.09364920854568481,0.06855428963899612,0.14705149829387665,0.02754512056708336,0.252142995595932,0.344039648771286,0.018711721524596214,0.014300385490059853,0.015603612177073956,0.018401479348540306
9,BRA,Brazil,2022,0.8233122229576111,0.5180395841598511,4.676877975463867,6,-0.532637357711792,-0.03590806573629379,-0.5499132871627808,0.020560316741466522,-0.37875303626060486,-0.039123132824897766,-0.669245719909668,-0.08916138112545013,0.09364920854568481,0.06855428963899612,0.14705149829387665,0.02754512056708336,0.252142995595932,0.344039648771286,0.018711721524596214,0.014300385490059853,0.015603612177073956,0.018401479348540306
9,BRA,Brazil,2023,-0.02414296381175518,0.4796372652053833,4.676877975463867,6,-0.532637357711792,-0.03590806573629379,-0.5499132871627808,0.020560316741466522,-0.37875303626060486,-0.039123132824897766,-0.669245719909668,-0.08916138112545013,0.09364920854568481,0.06855428963899612,0.14705149829387665,0.02754512056708336,0.252142995595932,0.344039648771286,0.018711721524596214,0.014300385490059853,0.015603612177073956,0.018401479348540306
10,CAN,Canada,2018,-3.718440532684326,-1.1034756898880005,4.678746223449707,6,1.2861608266830444,-0.01964556612074375,1.3746321201324463,0.011248697526752949,1.1545178890228271,-0.021404551342129707,1.3293325901031494,-0.04878084734082222,0.09355495870113373,0.06839440017938614,0.14618319272994995,0.02740294300019741,0.25509852170944214,0.34210285544395447,0.018830757588148117,0.014127938076853752,0.015751715749502182,0.018552739173173904
10,CAN,Canada,2019,-3.770698308944702,-1.439671516418457,4.678746223449707,6,1.2861608266830444,-0.01964556612074375,1.3746321201324463,0.011248697526752949,1.1545178890228271,-0.021404551342129707,1.3293325901031494,-0.04878084734082222,0.09355495870113373,0.06839440017938614,0.14618319272994995,0.02740294300019741,0.25509852170944214,0.34210285544395447,0.018830757588148117,0.014127938076853752,0.015751715749502182,0.018552739173173904
10,CAN,Canada,2020,-4.2692484855651855,-1.6780041456222534,4.678746223449707,6,1.2861608266830444,-0.01964556612074375,1.3746321201324463,0.011248697526752949,1.1545178890228271,-0.021404551342129707,1.3293325901031494,-0.04878084734082222,0.09355495870113373,0.06839440017938614,0.14618319272994995,0.02740294300019741,0.25509852170944214,0.34210285544395447,0.018830757588148117,0.014127938076853752,0.015751715749502182,0.018552739173173904
10,CAN,Canada,2021,-4.04820442199707,-2.097147226333618,4.678746223449707,6,1.2861608266830444,-0.01964556612074375,1.3746321201324463,0.011248697526752949,1.1545178890228271,-0.021404551342129707,1.3293325901031494,-0.04878084734082222,0.09355495870113373,0.06839440017938614,0.14618319272994995,0.02740294300019741,0.25509852170944214,0.34210285544395447,0.018830757588148117,0.014127938076853752,0.015751715749502182,0.018552739173173904
10,CAN,Canada,2022,-4.334720611572266,-2.138958215713501,4.678746223449707,6,1.2861608266830444,-0.01964556612074375,1.3746321201324463,0.011248697526752949,1.1545178890228271,-0.021404551342129707,1.3293325901031494,-0.04878084734082222,0.09355495870113373,0.06839440017938614,0.14618319272994995,0.02740294300019741,0.25509852170944214,0.34210285544395447,0.018830757588148117,0.014127938076853752,0.015751715749502182,0.018552739173173904
10,CAN,Canada,2023,-3.507607936859131,-2.227816343307495,4.678746223449707,6,1.2861608266830444,-0.01964556612074375,1.3746321201324463,0.011248697526752949,1.1545178890228271,-0.021404551342129707,1.3293325901031494,-0.04878084734082222,0.09355495870113373,0.06839440017938614,0.14618319272994995,0.02740294300019741,0.25509852170944214,0.34210285544395447,0.018830757588148117,0.014127938076853752,0.015751715749502182,0.018552739173173904
11,CHE,Switzerland,2018,1.0894922018051147,0.842110812664032,4.679712772369385,6,1.412360668182373,-0.011241595260798931,1.4461179971694946,0.006436731666326523,1.2956862449645996,-0.012248118408024311,1.4952778816223145,-0.027913397178053856,0.09350614249706268,0.06831217557191849,0.14573462307453156,0.02733033150434494,0.25663086771965027,0.34109216928482056,0.018892966210842133,0.014039967209100723,0.01582912728190422,0.018631678074598312
11,CHE,Switzerland,2019,0.49372902512550354,0.5036416053771973,4.679712772369385,6,1.412360668182373,-0.011241595260798931,1.4461179971694946,0.006436731666326523,1.2956862449645996,-0.012248118408024311,1.4952778816223145,-0.027913397178053856,0.09350614249706268,0.06831217557191849,0.14573462307453156,0.02733033150434494,0.25663086771965027,0.34109216928482056,0.018892966210842133,0.014039967209100723,0.01582912728190422,0.018631678074598312
11,CHE,Switzerland,2020,1.5537232160568237,0.25564998388290405,4.679712772369385,6,1.412360668182373,-0.011241595260798931,1.4461179971694946,0.006436731666326523,1.2956862449645996,-0.012248118408024311,1.4952778816223145,-0.027913397178053856,0.09350614249706268,0.06831217557191849,0.14573462307453156,0.02733033150434494,0.25663086771965027,0.34109216928482056,0.018892966210842133,0.014039967209100723,0.01582912728190422,0.018631678074598312
11,CHE,Switzerland,2021,3.0005764961242676,0.08000914752483368,4.679712772369385,6,1.412360668182373,-0.011241595260798931,1.4461179971694946,0.006436731666326523,1.2956862449645996,-0.012248118408024311,1.4952778816223145,-0.027913397178053856,0.09350614249706268,0.06831217557191849,0.14573462307453156,0.02733033150434494,0.25663086771965027,0.34109216928482056,0.018892966210842133,0.014039967209100723,0.01582912728190422,0.018631678074598312
11,CHE,Switzerland,2022,2.025691270828247,-0.03954710066318512,4.679712772369385,6,1.412360668182373,-0.011241595260798931,1.4461179971694946,0.006436731666326523,1.2956862449645996,-0.012248118408024311,1.4952778816223145,-0.027913397178053856,0.09350614249706268,0.06831217557191849,0.14573462307453156,0.02733033150434494,0.25663086771965027,0.34109216928482056,0.018892966210842133,0.014039967209100723,0.01582912728190422,0.018631678074598312
11,CHE,Switzerland,2023,-4.210478782653809,-0.1123654693365097,4.679712772369385,6,1.412360668182373,-0.011241595260798931,1.4461179971694946,0.006436731666326523,1.2956862449645996,-0.012248118408024311,1.4952778816223145,-0.027913397178053856,0.09350614249706268,0.06831217557191849,0.14573462307453156,0.02733033150434494,0.25663086771965027,0.34109216928482056,0.018892966210842133,0.014039967209100723,0.01582912728190422,0.018631678074598312
12,CHL,Chile,2018,1.4454405307769775,1.1461247205734253,4.687645435333252,6,0.8483307957649231,0.05762742832303047,0.667232871055603,-0.03299645707011223,1.016435146331787,0.06278719007968903,0.8613244891166687,0.14309155941009521,0.09310318529605865,0.06764865666627884,0.14206618070602417,0.026757309213280678,0.26929837465286255,0.33257341384887695,0.019420506432652473,0.013347919099032879,0.01648617908358574,0.019298242405056953
12,CHL,Chile,2019,1.1679426431655884,1.2359539270401,4.687645435333252,6,0.8483307957649231,0.05762742832303047,0.667232871055603,-0.03299645707011223,1.016435146331787,0.06278719007968903,0.8613244891166687,0.14309155941009521,0.09310318529605865,0.06764865666627884,0.14206618070602417,0.026757309213280678,0.26929837465286255,0.33257341384887695,0.019420506432652473,0.013347919099032879,0.01648617908358574,0.019298242405056953
12,CHL,Chile,2020,0.7698724865913391,1.1818872690200806,4.687645435333252,6,0.8483307957649231,0.05762742832303047,0.667232871055603,-0.03299645707011223,1.016435146331787,0.06278719007968903,0.8613244891166687,0.14309155941009521,0.09310318529605865,0.06764865666627884,0.14206618070602417,0.026757309213280678,0.26929837465286255,0.33257341384887695,0.019420506432652473,0.013347919099032879,0.01648617908358574,0.019298242405056953
12,CHL,Chile,2021,0.5402398705482483,1.16777765750885,4.687645435333252,6,0.8483307957649231,0.05762742832303047,0.667232871055603,-0.03299645707011223,1.016435146331787,0.06278719007968903,0.8613244891166687,0.14309155941009521,0.09310318529605865,0.06764865666627884,0.14206618070602417,0.026757309213280678,0.26929837465286255,0.33257341384887695,0.019420506432652473,0.013347919099032879,0.01648617908358574,0.019298242405056953
12,CHL,Chile,2022,-0.5233001708984375,1.1520262956619263,4.687645435333252,6,0.8483307957649231,0.05762742832303047,0.667232871055603,-0.03299645707011223,1.016435146331787,0.06278719007968903,0.8613244891166687,0.14309155941009521,0.09310318529605865,0.06764865666627884,0.14206618070602417,0.026757309213280678,0.26929837465286255,0.33257341384887695,0.019420506432652473,0.013347919099032879,0.01648617908358574,0.019298242405056953
12,CHL,Chile,2023,-1.9592610597610474,1.1178995370864868,4.687645435333252,6,0.8483307957649231,0.05762742832303047,0.667232871055603,-0.03299645707011223,1.016435146331787,0.06278719007968903,0.8613244891166687,0.14309155941009521,0.09310318529605865,0.06764865666627884,0.14206618070602417,0.026757309213280678,0.26929837465286255,0.33257341384887695,0.019420506432652473,0.013347919099032879,0.01648617908358574,0.019298242405056953
13,CHN,China,2018,-8.663586616516113,-0.48059046268463135,4.676942348480225,6,-0.8438493609428406,-0.03535335883498192,-0.7442506551742554,0.02024270035326481,-0.7500977516174316,-0.0385187603533268,-1.03719961643219,-0.08778401464223862,0.09364600479602814,0.06854882091283798,0.14702188968658447,0.027540238574147224,0.25224363803863525,0.3439740538597107,0.01871575601398945,0.014294460415840149,0.015608622692525387,0.018406609073281288
13,CHN,China,2019,-9.760994911193848,-0.38820964097976685,4.676942348480225,6,-0.8438493609428406,-0.03535335883498192,-0.7442506551742554,0.02024270035326481,-0.7500977516174316,-0.0385187603533268,-1.03719961643219,-0.08778401464223862,0.09364600479602814,0.06854882091283798,0.14702188968658447,0.027540238574147224,0.25224363803863525,0.3439740538597107,0.01871575601398945,0.014294460415840149,0.015608622692525387,0.018406609073281288
13,CHN,China,2020,-10.60916519165039,-0.3780578374862671,4.676942348480225,6,-0.8438493609428406,-0.03535335883498192,-0.7442506551742554,0.02024270035326481,-0.7500977516174316,-0.0385187603533268,-1.03719961643219,-0.08778401464223862,0.09364600479602814,0.06854882091283798,0.14702188968658447,0.027540238574147224,0.25224363803863525,0.3439740538597107,0.01871575601398945,0.014294460415840149,0.015608622692525387,0.018406609073281288
13,CHN,China,2021,-11.069491386413574,-0.3964769244194031,4.676942348480225,6,-0.8438493609428406,-0.03535335883498192,-0.7442506551742554,0.02024270035326481,-0.7500977516174316,-0.0385187603533268,-1.03719961643219,-0.08778401464223862,0.09364600479602814,0.06854882091283798,0.14702188968658447,0.027540238574147224,0.25224363803863525,0.3439740538597107,0.01871575601398945,0.014294460415840149,0.015608622692525387,0.018406609073281288
13,CHN,China,2022,-11.851537704467773,-0.420627236366272,4.676942348480225,6,-0.8438493609428406,-0.03535335883498192,-0.7442506551742554,0.02024270035326481,-0.7500977516174316,-0.0385187603533268,-1.03719961643219,-0.08778401464223862,0.09364600479602814,0.06854882091283798,0.14702188968658447,0.027540238574147224,0.25224363803863525,0.3439740538597107,0.01871575601398945,0.014294460415840149,0.015608622692525387,0.018406609073281288
13,CHN,China,2023,-12.087423324584961,-0.4403950572013855,4.676942348480225,6,-0.8438493609428406,-0.03535335883498192,-0.7442506551742554,0.02024270035326481,-0.7500977516174316,-0.0385187603533268,-1.03719961643219,-0.08778401464223862,0.09364600479602814,0.06854882091283798,0.14702188968658447,0.027540238574147224,0.25224363803863525,0.3439740538597107,0.01871575601398945,0.014294460415840149,0.015608622692525387,0.018406609073281288
14,COL,Colombia,2018,0.3820185363292694,-0.9116615653038025,4.6764726638793945,6,-0.757061779499054,-0.039442382752895355,-0.7152259349822998,0.02258400432765484,-0.5119652152061462,-0.04297390207648277,-1.0439940690994263,-0.09793724864721298,0.09366969019174576,0.06858918070793152,0.1472402960062027,0.027576321735978127,0.25150245428085327,0.34445714950561523,0.018686091527342796,0.01433825958520174,0.015571719966828823,0.018368873745203018
14,COL,Colombia,2019,2.6013519763946533,-0.6086722612380981,4.6764726638793945,6,-0.757061779499054,-0.039442382752895355,-0.7152259349822998,0.02258400432765484,-0.5119652152061462,-0.04297390207648277,-1.0439940690994263,-0.09793724864721298,0.09366969019174576,0.06858918070793152,0.1472402960062027,0.027576321735978127,0.25150245428085327,0.34445714950561523,0.018686091527342796,0.01433825958520174,0.015571719966828823,0.018368873745203018
14,COL,Colombia,2020,3.8599977493286133,-0.4930139183998108,4.6764726638793945,6,-0.757061779499054,-0.039442382752895355,-0.7152259349822998,0.02258400432765484,-0.5119652152061462,-0.04297390207648277,-1.0439940690994263,-0.09793724864721298,0.09366969019174576,0.06858918070793152,0.1472402960062027,0.027576321735978127,0.25150245428085327,0.34445714950561523,0.018686091527342796,0.01433825958520174,0.015571719966828823,0.018368873745203018
14,COL,Colombia,2021,0.7301899194717407,-0.46176397800445557,4.6764726638793945,6,-0.757061779499054,-0.039442382752895355,-0.7152259349822998,0.02258400432765484,-0.5119652152061462,-0.04297390207648277,-1.0439940690994263,-0.09793724864721298,0.09366969019174576,0.06858918070793152,0.1472402960062027,0.027576321735978127,0.25150245428085327,0.34445714950561523,0.018686091527342796,0.01433825958520174,0.015571719966828823,0.018368873745203018
14,COL,Colombia,2022,0.9924597144126892,-0.4570657014846802,4.6764726638793945,6,-0.757061779499054,-0.039442382752895355,-0.7152259349822998,0.02258400432765484,-0.5119652152061462,-0.04297390207648277,-1.0439940690994263,-0.09793724864721298,0.09366969019174576,0.06858918070793152,0.1472402960062027,0.027576321735978127,0.25150245428085327,0.34445714950561523,0.018686091527342796,0.01433825958520174,0.015571719966828823,0.018368873745203018
14,COL,Colombia,2023,3.7653815746307373,-0.3649379014968872,4.6764726638793945,6,-0.757061779499054,-0.039442382752895355,-0.7152259349822998,0.02258400432765484,-0.5119652152061462,-0.04297390207648277,-1.0439940690994263,-0.09793724864721298,0.09366969019174576,0.06858918070793152,0.1472402960062027,0.027576321735978127,0.25150245428085327,0.34445714950561523,0.018686091527342796,0.01433825958520174,0.015571719966828823,0.018368873745203018
15,CYP,Cyprus,2018,-11.052656173706055,-1.1882127523422241,4.680500507354736,6,0.7725202441215515,-0.004388088826090097,0.8672822117805481,0.00251253554597497,0.7250233292579651,-0.004780975170433521,0.725255012512207,-0.010895827785134315,0.09346625208854675,0.0682452917098999,0.14536891877651215,0.02727155201137066,0.2578829526901245,0.3402630686759949,0.018944045528769493,0.013968796469271183,0.015892699360847473,0.018696432933211327
15,CYP,Cyprus,2019,-11.571080207824707,-1.1369538307189941,4.680500507354736,6,0.7725202441215515,-0.004388088826090097,0.8672822117805481,0.00251253554597497,0.7250233292579651,-0.004780975170433521,0.725255012512207,-0.010895827785134315,0.09346625208854675,0.0682452917098999,0.14536891877651215,0.02727155201137066,0.2578829526901245,0.3402630686759949,0.018944045528769493,0.013968796469271183,0.015892699360847473,0.018696432933211327
15,CYP,Cyprus,2020,-14.400252342224121,-1.2086161375045776,4.680500507354736,6,0.7725202441215515,-0.004388088826090097,0.8672822117805481,0.00251253554597497,0.7250233292579651,-0.004780975170433521,0.725255012512207,-0.010895827785134315,0.09346625208854675,0.0682452917098999,0.14536891877651215,0.02727155201137066,0.2578829526901245,0.3402630686759949,0.018944045528769493,0.013968796469271183,0.015892699360847473,0.018696432933211327
15,CYP,Cyprus,2021,-17.67461395263672,-1.2921861410140991,4.680500507354736,6,0.7725202441215515,-0.004388088826090097,0.8672822117805481,0.00251253554597497,0.7250233292579651,-0.004780975170433521,0.725255012512207,-0.010895827785134315,0.09346625208854675,0.0682452917098999,0.14536891877651215,0.02727155201137066,0.2578829526901245,0.3402630686759949,0.018944045528769493,0.013968796469271183,0.015892699360847473,0.018696432933211327
15,CYP,Cyprus,2022,-19.47079086303711,-1.3681657314300537,4.680500507354736,6,0.7725202441215515,-0.004388088826090097,0.8672822117805481,0.00251253554597497,0.7250233292579651,-0.004780975170433521,0.725255012512207,-0.010895827785134315,0.09346625208854675,0.0682452917098999,0.14536891877651215,0.02727155201137066,0.2578829526901245,0.3402630686759949,0.018944045528769493,0.013968796469271183,0.015892699360847473,0.018696432933211327
15,CYP,Cyprus,2023,-23.38113784790039,-1.4222533702850342,4.680500507354736,6,0.7725202441215515,-0.004388088826090097,0.8672822117805481,0.00251253554597497,0.7250233292579651,-0.004780975170433521,0.725255012512207,-0.010895827785134315,0.09346625208854675,0.0682452917098999,0.14536891877651215,0.02727155201137066,0.2578829526901245,0.3402630686759949,0.018944045528769493,0.013968796469271183,0.015892699360847473,0.018696432933211327
16,CZE,Czechia,2018,-2.3009228706359863,-0.6629047393798828,4.691555976867676,6,0.365255743265152,0.09141246229410172,0.28039175271987915,-0.052341166883707047,0.4478796720504761,0.09959720820188522,0.3674957752227783,0.22698134183883667,0.09290366619825363,0.06733003258705139,0.14027386903762817,0.026490377262234688,0.2755696773529053,0.32825344800949097,0.019690819084644318,0.013026764616370201,0.016823355108499527,0.01963799260556698
16,CZE,Czechia,2019,-2.761939525604248,-0.6917741298675537,4.691555976867676,6,0.365255743265152,0.09141246229410172,0.28039175271987915,-0.052341166883707047,0.4478796720504761,0.09959720820188522,0.3674957752227783,0.22698134183883667,0.09290366619825363,0.06733003258705139,0.14027386903762817,0.026490377262234688,0.2755696773529053,0.32825344800949097,0.019690819084644318,0.013026764616370201,0.016823355108499527,0.01963799260556698
16,CZE,Czechia,2020,-3.448472261428833,-0.7942426204681396,4.691555976867676,6,0.365255743265152,0.09141246229410172,0.28039175271987915,-0.052341166883707047,0.4478796720504761,0.09959720820188522,0.3674957752227783,0.22698134183883667,0.09290366619825363,0.06733003258705139,0.14027386903762817,0.026490377262234688,0.2755696773529053,0.32825344800949097,0.019690819084644318,0.013026764616370201,0.016823355108499527,0.01963799260556698
16,CZE,Czechia,2021,-3.2644777297973633,-0.8899614214897156,4.691555976867676,6,0.365255743265152,0.09141246229410172,0.28039175271987915,-0.052341166883707047,0.4478796720504761,0.09959720820188522,0.3674957752227783,0.22698134183883667,0.09290366619825363,0.06733003258705139,0.14027386903762817,0.026490377262234688,0.2755696773529053,0.32825344800949097,0.019690819084644318,0.013026764616370201,0.016823355108499527,0.01963799260556698
16,CZE,Czechia,2022,-3.0018773078918457,-0.9632730484008789,4.691555976867676,6,0.365255743265152,0.09141246229410172,0.28039175271987915,-0.052341166883707047,0.4478796720504761,0.09959720820188522,0.3674957752227783,0.22698134183883667,0.09290366619825363,0.06733003258705139,0.14027386903762817,0.026490377262234688,0.2755696773529053,0.32825344800949097,0.019690819084644318,0.013026764616370201,0.016823355108499527,0.01963799260556698
16,CZE,Czechia,2023,-3.7278714179992676,-1.0146456956863403,4.691555976867676,6,0.365255743265152,0.09141246229410172,0.28039175271987915,-0.052341166883707047,0.4478796720504761,0.09959720820188522,0.3674957752227783,0.22698134183883667,0.09290366619825363,0.06733003258705139,0.14027386903762817,0.026490377262234688,0.2755696773529053,0.32825344800949097,0.019690819084644318,0.013026764616370201,0.016823355108499527,0.01963799260556698
17,DEU,Germany,2018,-4.408335208892822,-0.6254088878631592,4.683418273925781,6,1.162001371383667,0.02097090519964695,1.2181392908096313,-0.01200757548213005,0.9860901236534119,0.022848568856716156,1.2817747592926025,0.052071720361709595,0.09331829100847244,0.06799950450658798,0.1440167874097824,0.02705744095146656,0.2625333070755005,0.3371585011482239,0.01913577876985073,0.013709918595850468,0.016131410375237465,0.018939094617962837
17,DEU,Germany,2019,-7.129828929901123,-0.8845335245132446,4.683418273925781,6,1.162001371383667,0.02097090519964695,1.2181392908096313,-0.01200757548213005,0.9860901236534119,0.022848568856716156,1.2817747592926025,0.052071720361709595,0.09331829100847244,0.06799950450658798,0.1440167874097824,0.02705744095146656,0.2625333070755005,0.3371585011482239,0.01913577876985073,0.013709918595850468,0.016131410375237465,0.018939094617962837
17,DEU,Germany,2020,-8.748512268066406,-1.138964295387268,4.683418273925781,6,1.162001371383667,0.02097090519964695,1.2181392908096313,-0.01200757548213005,0.9860901236534119,0.022848568856716156,1.2817747592926025,0.052071720361709595,0.09331829100847244,0.06799950450658798,0.1440167874097824,0.02705744095146656,0.2625333070755005,0.3371585011482239,0.01913577876985073,0.013709918595850468,0.016131410375237465,0.018939094617962837
17,DEU,Germany,2021,-7.036392688751221,-1.3256044387817383,4.683418273925781,6,1.162001371383667,0.02097090519964695,1.2181392908096313,-0.01200757548213005,0.9860901236534119,0.022848568856716156,1.2817747592926025,0.052071720361709595,0.09331829100847244,0.06799950450658798,0.1440167874097824,0.02705744095146656,0.2625333070755005,0.3371585011482239,0.01913577876985073,0.013709918595850468,0.016131410375237465,0.018939094617962837
17,DEU,Germany,2022,-5.935337066650391,-1.4508105516433716,4.683418273925781,6,1.162001371383667,0.02097090519964695,1.2181392908096313,-0.01200757548213005,0.9860901236534119,0.022848568856716156,1.2817747592926025,0.052071720361709595,0.09331829100847244,0.06799950450658798,0.1440167874097824,0.02705744095146656,0.2625333070755005,0.3371585011482239,0.01913577876985073,0.013709918595850468,0.016131410375237465,0.018939094617962837
17,DEU,Germany,2023,-8.335287094116211,-1.534121036529541,4.683418273925781,6,1.162001371383667,0.02097090519964695,1.2181392908096313,-0.01200757548213005,0.9860901236534119,0.022848568856716156,1.2817747592926025,0.052071720361709595,0.09331829100847244,0.06799950450658798,0.1440167874097824,0.02705744095146656,0.2625333070755005,0.3371585011482239,0.01913577876985073,0.013709918595850468,0.016131410375237465,0.018939094617962837
18,DNK,Denmark,2018,-4.1028218269348145,-0.28753677010536194,4.676386833190918,6,1.5067936182022095,-0.040186405181884766,1.5459808111190796,0.023010019212961197,1.4523217678070068,-0.04378454387187958,1.522078514099121,-0.09978469461202621,0.09367397427558899,0.06859652698040009,0.1472800076007843,0.027582891285419464,0.2513676881790161,0.344544917345047,0.01868070289492607,0.014346247538924217,0.01556501816958189,0.0183620136231184
18,DNK,Denmark,2019,-5.251770973205566,-0.5655488967895508,4.676386833190918,6,1.5067936182022095,-0.040186405181884766,1.5459808111190796,0.023010019212961197,1.4523217678070068,-0.04378454387187958,1.522078514099121,-0.09978469461202621,0.09367397427558899,0.06859652698040009,0.1472800076007843,0.027582891285419464,0.2513676881790161,0.344544917345047,0.01868070289492607,0.014346247538924217,0.01556501816958189,0.0183620136231184
18,DNK,Denmark,2020,-5.442167282104492,-0.7897822260856628,4.676386833190918,6,1.5067936182022095,-0.040186405181884766,1.5459808111190796,0.023010019212961197,1.4523217678070068,-0.04378454387187958,1.522078514099121,-0.09978469461202621,0.09367397427558899,0.06859652698040009,0.1472800076007843,0.027582891285419464,0.2513676881790161,0.344544917345047,0.01868070289492607,0.014346247538924217,0.01556501816958189,0.0183620136231184
18,DNK,Denmark,2021,-5.020071029663086,-0.9648714661598206,4.676386833190918,6,1.5067936182022095,-0.040186405181884766,1.5459808111190796,0.023010019212961197,1.4523217678070068,-0.04378454387187958,1.522078514099121,-0.09978469461202621,0.09367397427558899,0.06859652698040009,0.1472800076007843,0.027582891285419464,0.2513676881790161,0.344544917345047,0.01868070289492607,0.014346247538924217,0.01556501816958189,0.0183620136231184
18,DNK,Denmark,2022,-5.26057767868042,-1.0790610313415527,4.676386833190918,6,1.5067936182022095,-0.040186405181884766,1.5459808111190796,0.023010019212961197,1.4523217678070068,-0.04378454387187958,1.522078514099121,-0.09978469461202621,0.09367397427558899,0.06859652698040009,0.1472800076007843,0.027582891285419464,0.2513676881790161,0.344544917345047,0.01868070289492607,0.014346247538924217,0.01556501816958189,0.0183620136231184
18,DNK,Denmark,2023,-5.907427787780762,-1.1444091796875,4.676386833190918,6,1.5067936182022095,-0.040186405181884766,1.5459808111190796,0.023010019212961197,1.4523217678070068,-0.04378454387187958,1.522078514099121,-0.09978469461202621,0.09367397427558899,0.06859652698040009,0.1472800076007843,0.027582891285419464,0.2513676881790161,0.344544917345047,0.01868070289492607,0.014346247538924217,0.01556501816958189,0.0183620136231184
19,DZA,Algeria,2018,-1.3783005475997925,-0.7421370148658752,4.679422378540039,6,-1.204992651939392,-0.013763838447630405,-1.152233362197876,0.007880924269557,-1.2305991649627686,-0.014996195212006569,-1.2321451902389526,-0.03417624533176422,0.09352079778909683,0.06833682209253311,0.14586922526359558,0.027352070435881615,0.2561706304550171,0.34139618277549744,0.01887425035238266,0.014066284522414207,0.01580583117902279,0.018607931211590767
19,DZA,Algeria,2019,-1.3506704568862915,-0.26397794485092163,4.679422378540039,6,-1.204992651939392,-0.013763838447630405,-1.152233362197876,0.007880924269557,-1.2305991649627686,-0.014996195212006569,-1.2321451902389526,-0.03417624533176422,0.09352079778909683,0.06833682209253311,0.14586922526359558,0.027352070435881615,0.2561706304550171,0.34139618277549744,0.01887425035238266,0.014066284522414207,0.01580583117902279,0.018607931211590767
19,DZA,Algeria,2020,-1.4138250350952148,-0.29620200395584106,4.679422378540039,6,-1.204992651939392,-0.013763838447630405,-1.152233362197876,0.007880924269557,-1.2305991649627686,-0.014996195212006569,-1.2321451902389526,-0.03417624533176422,0.09352079778909683,0.06833682209253311,0.14586922526359558,0.027352070435881615,0.2561706304550171,0.34139618277549744,0.01887425035238266,0.014066284522414207,0.01580583117902279,0.018607931211590767
19,DZA,Algeria,2021,-1.0506858825683594,-0.3528538942337036,4.679422378540039,6,-1.204992651939392,-0.013763838447630405,-1.152233362197876,0.007880924269557,-1.2305991649627686,-0.014996195212006569,-1.2321451902389526,-0.03417624533176422,0.09352079778909683,0.06833682209253311,0.14586922526359558,0.027352070435881615,0.2561706304550171,0.34139618277549744,0.01887425035238266,0.014066284522414207,0.01580583117902279,0.018607931211590767
19,DZA,Algeria,2022,-1.0033199787139893,-0.526506245136261,4.679422378540039,6,-1.204992651939392,-0.013763838447630405,-1.152233362197876,0.007880924269557,-1.2305991649627686,-0.014996195212006569,-1.2321451902389526,-0.03417624533176422,0.09352079778909683,0.06833682209253311,0.14586922526359558,0.027352070435881615,0.2561706304550171,0.34139618277549744,0.01887425035238266,0.014066284522414207,0.01580583117902279,0.018607931211590767
19,DZA,Algeria,2023,-1.0033199787139893,-0.5419709086418152,4.679422378540039,6,-1.204992651939392,-0.013763838447630405,-1.152233362197876,0.007880924269557,-1.2305991649627686,-0.014996195212006569,-1.2321451902389526,-0.03417624533176422,0.09352079778909683,0.06833682209253311,0.14586922526359558,0.027352070435881615,0.2561706304550171,0.34139618277549744,0.01887425035238266,0.014066284522414207,0.01580583117902279,0.018607931211590767
20,ECU,Ecuador,2018,-1.1428673267364502,0.7327281832695007,4.679499626159668,6,-1.2054944038391113,-0.013091463595628738,-1.1715943813323975,0.00749593460932374,-1.2544611692428589,-0.014263618737459183,-1.1904276609420776,-0.032506708055734634,0.09351687133312225,0.06833023577928543,0.1458333432674408,0.027346260845661163,0.25629332661628723,0.34131520986557007,0.018879223614931107,0.014059261418879032,0.01581203192472458,0.01861424744129181
20,ECU,Ecuador,2019,-1.7627936601638794,0.9867987036705017,4.679499626159668,6,-1.2054944038391113,-0.013091463595628738,-1.1715943813323975,0.00749593460932374,-1.2544611692428589,-0.014263618737459183,-1.1904276609420776,-0.032506708055734634,0.09351687133312225,0.06833023577928543,0.1458333432674408,0.027346260845661163,0.25629332661628723,0.34131520986557007,0.018879223614931107,0.014059261418879032,0.01581203192472458,0.01861424744129181
20,ECU,Ecuador,2020,-1.9658561944961548,1.18431556224823,4.679499626159668,6,-1.2054944038391113,-0.013091463595628738,-1.1715943813323975,0.00749593460932374,-1.2544611692428589,-0.014263618737459183,-1.1904276609420776,-0.032506708055734634,0.09351687133312225,0.06833023577928543,0.1458333432674408,0.027346260845661163,0.25629332661628723,0.34131520986557007,0.018879223614931107,0.014059261418879032,0.01581203192472458,0.01861424744129181
20,ECU,Ecuador,2021,-2.1342613697052,1.1899490356445312,4.679499626159668,6,-1.2054944038391113,-0.013091463595628738,-1.1715943813323975,0.00749593460932374,-1.2544611692428589,-0.014263618737459183,-1.1904276609420776,-0.032506708055734634,0.09351687133312225,0.06833023577928543,0.1458333432674408,0.027346260845661163,0.25629332661628723,0.34131520986557007,0.018879223614931107,0.014059261418879032,0.01581203192472458,0.01861424744129181
20,ECU,Ecuador,2022,-1.612612009048462,1.1686712503433228,4.679499626159668,6,-1.2054944038391113,-0.013091463595628738,-1.1715943813323975,0.00749593460932374,-1.2544611692428589,-0.014263618737459183,-1.1904276609420776,-0.032506708055734634,0.09351687133312225,0.06833023577928543,0.1458333432674408,0.027346260845661163,0.25629332661628723,0.34131520986557007,0.018879223614931107,0.014059261418879032,0.01581203192472458,0.01861424744129181
20,ECU,Ecuador,2023,-1.6925028562545776,1.1493734121322632,4.679499626159668,6,-1.2054944038391113,-0.013091463595628738,-1.1715943813323975,0.00749593460932374,-1.2544611692428589,-0.014263618737459183,-1.1904276609420776,-0.032506708055734634,0.09351687133312225,0.06833023577928543,0.1458333432674408,0.027346260845661163,0.25629332661628723,0.34131520986557007,0.018879223614931107,0.014059261418879032,0.01581203192472458,0.01861424744129181
21,EGY,Egypt,2018,1.8549280166625977,0.6735156178474426,4.679792881011963,6,-0.7224758267402649,-0.010544323362410069,-0.816137969493866,0.006037486717104912,-0.7838069200515747,-0.011488416232168674,-0.5674826502799988,-0.026182040572166443,0.09350208193063736,0.0683053582906723,0.14569741487503052,0.027324331924319267,0.2567582130432129,0.3410080373287201,0.018898148089647293,0.014032700099050999,0.01583557389676571,0.0186382457613945
21,EGY,Egypt,2019,1.397194504737854,1.0525778532028198,4.679792881011963,6,-0.7224758267402649,-0.010544323362410069,-0.816137969493866,0.006037486717104912,-0.7838069200515747,-0.011488416232168674,-0.5674826502799988,-0.026182040572166443,0.09350208193063736,0.0683053582906723,0.14569741487503052,0.027324331924319267,0.2567582130432129,0.3410080373287201,0.018898148089647293,0.014032700099050999,0.01583557389676571,0.0186382457613945
21,EGY,Egypt,2020,0.7784237861633301,1.228559136390686,4.679792881011963,6,-0.7224758267402649,-0.010544323362410069,-0.816137969493866,0.006037486717104912,-0.7838069200515747,-0.011488416232168674,-0.5674826502799988,-0.026182040572166443,0.09350208193063736,0.0683053582906723,0.14569741487503052,0.027324331924319267,0.2567582130432129,0.3410080373287201,0.018898148089647293,0.014032700099050999,0.01583557389676571,0.0186382457613945
21,EGY,Egypt,2021,0.7313584089279175,1.3341152667999268,4.679792881011963,6,-0.7224758267402649,-0.010544323362410069,-0.816137969493866,0.006037486717104912,-0.7838069200515747,-0.011488416232168674,-0.5674826502799988,-0.026182040572166443,0.09350208193063736,0.0683053582906723,0.14569741487503052,0.027324331924319267,0.2567582130432129,0.3410080373287201,0.018898148089647293,0.014032700099050999,0.01583557389676571,0.0186382457613945
21,EGY,Egypt,2022,0.8227205872535706,1.3820658922195435,4.679792881011963,6,-0.7224758267402649,-0.010544323362410069,-0.816137969493866,0.006037486717104912,-0.7838069200515747,-0.011488416232168674,-0.5674826502799988,-0.026182040572166443,0.09350208193063736,0.0683053582906723,0.14569741487503052,0.027324331924319267,0.2567582130432129,0.3410080373287201,0.018898148089647293,0.014032700099050999,0.01583557389676571,0.0186382457613945
21,EGY,Egypt,2023,0.880398690700531,1.4119198322296143,4.679792881011963,6,-0.7224758267402649,-0.010544323362410069,-0.816137969493866,0.006037486717104912,-0.7838069200515747,-0.011488416232168674,-0.5674826502799988,-0.026182040572166443,0.09350208193063736,0.0683053582906723,0.14569741487503052,0.027324331924319267,0.2567582130432129,0.3410080373287201,0.018898148089647293,0.014032700099050999,0.01583557389676571,0.0186382457613945
22,ESP,Spain,2018,-2.3918983936309814,-0.1640794426202774,4.68168306350708,6,0.789492130279541,0.005892891436815262,0.8293587565422058,-0.003374172141775489,0.796362042427063,0.0064205266535282135,0.7427557706832886,0.014632320031523705,0.09340634196996689,0.06814534217119217,0.14482052624225616,0.027184100821614265,0.25976502895355225,0.3390113413333893,0.019021255895495415,0.013863005675375462,0.015988819301128387,0.018794232979416847
22,ESP,Spain,2019,-3.220625877380371,-0.35847270488739014,4.68168306350708,6,0.789492130279541,0.005892891436815262,0.8293587565422058,-0.003374172141775489,0.796362042427063,0.0064205266535282135,0.7427557706832886,0.014632320031523705,0.09340634196996689,0.06814534217119217,0.14482052624225616,0.027184100821614265,0.25976502895355225,0.3390113413333893,0.019021255895495415,0.013863005675375462,0.015988819301128387,0.018794232979416847
22,ESP,Spain,2020,-4.112740993499756,-0.5492602586746216,4.68168306350708,6,0.789492130279541,0.005892891436815262,0.8293587565422058,-0.003374172141775489,0.796362042427063,0.0064205266535282135,0.7427557706832886,0.014632320031523705,0.09340634196996689,0.06814534217119217,0.14482052624225616,0.027184100821614265,0.25976502895355225,0.3390113413333893,0.019021255895495415,0.013863005675375462,0.015988819301128387,0.018794232979416847
22,ESP,Spain,2021,-4.21701192855835,-0.6964737772941589,4.68168306350708,6,0.789492130279541,0.005892891436815262,0.8293587565422058,-0.003374172141775489,0.796362042427063,0.0064205266535282135,0.7427557706832886,0.014632320031523705,0.09340634196996689,0.06814534217119217,0.14482052624225616,0.027184100821614265,0.25976502895355225,0.3390113413333893,0.019021255895495415,0.013863005675375462,0.015988819301128387,0.018794232979416847
22,ESP,Spain,2022,-3.774611234664917,-0.7984321117401123,4.68168306350708,6,0.789492130279541,0.005892891436815262,0.8293587565422058,-0.003374172141775489,0.796362042427063,0.0064205266535282135,0.7427557706832886,0.014632320031523705,0.09340634196996689,0.06814534217119217,0.14482052624225616,0.027184100821614265,0.25976502895355225,0.3390113413333893,0.019021255895495415,0.013863005675375462,0.015988819301128387,0.018794232979416847
22,ESP,Spain,2023,-4.671977519989014,-0.8651596903800964,4.68168306350708,6,0.789492130279541,0.005892891436815262,0.8293587565422058,-0.003374172141775489,0.796362042427063,0.0064205266535282135,0.7427557706832886,0.014632320031523705,0.09340634196996689,0.06814534217119217,0.14482052624225616,0.027184100821614265,0.25976502895355225,0.3390113413333893,0.019021255895495415,0.013863005675375462,0.015988819301128387,0.018794232979416847
23,EST,Estonia,2018,-4.833373069763184,-1.1075104475021362,4.689897060394287,6,0.5303884744644165,0.07709693908691406,0.3051801919937134,-0.04414435103535652,0.8016892075538635,0.08399992436170578,0.48429596424102783,0.19143524765968323,0.09298835694789886,0.06746447831392288,0.14103256165981293,0.026602350175380707,0.2729087471961975,0.33009442687034607,0.019575361162424088,0.013161403127014637,0.016679290682077408,0.019493019208312035
23,EST,Estonia,2019,-9.96490478515625,-1.1798499822616577,4.689897060394287,6,0.5303884744644165,0.07709693908691406,0.3051801919937134,-0.04414435103535652,0.8016892075538635,0.08399992436170578,0.48429596424102783,0.19143524765968323,0.09298835694789886,0.06746447831392288,0.14103256165981293,0.026602350175380707,0.2729087471961975,0.33009442687034607,0.019575361162424088,0.013161403127014637,0.016679290682077408,0.019493019208312035
23,EST,Estonia,2020,-18.38939094543457,-1.3235492706298828,4.689897060394287,6,0.5303884744644165,0.07709693908691406,0.3051801919937134,-0.04414435103535652,0.8016892075538635,0.08399992436170578,0.48429596424102783,0.19143524765968323,0.09298835694789886,0.06746447831392288,0.14103256165981293,0.026602350175380707,0.2729087471961975,0.33009442687034607,0.019575361162424088,0.013161403127014637,0.016679290682077408,0.019493019208312035
23,EST,Estonia,2021,-14.705828666687012,-1.4684616327285767,4.689897060394287,6,0.5303884744644165,0.07709693908691406,0.3051801919937134,-0.04414435103535652,0.8016892075538635,0.08399992436170578,0.48429596424102783,0.19143524765968323,0.09298835694789886,0.06746447831392288,0.14103256165981293,0.026602350175380707,0.2729087471961975,0.33009442687034607,0.019575361162424088,0.013161403127014637,0.016679290682077408,0.019493019208312035
23,EST,Estonia,2022,-11.738649368286133,-1.5885714292526245,4.689897060394287,6,0.5303884744644165,0.07709693908691406,0.3051801919937134,-0.04414435103535652,0.8016892075538635,0.08399992436170578,0.48429596424102783,0.19143524765968323,0.09298835694789886,0.06746447831392288,0.14103256165981293,0.026602350175380707,0.2729087471961975,0.33009442687034607,0.019575361162424088,0.013161403127014637,0.016679290682077408,0.019493019208312035
23,EST,Estonia,2023,-19.71649742126465,-1.6740471124649048,4.689897060394287,6,0.5303884744644165,0.07709693908691406,0.3051801919937134,-0.04414435103535652,0.8016892075538635,0.08399992436170578,0.48429596424102783,0.19143524765968323,0.09298835694789886,0.06746447831392288,0.14103256165981293,0.026602350175380707,0.2729087471961975,0.33009442687034607,0.019575361162424088,0.013161403127014637,0.016679290682077408,0.019493019208312035
24,FIN,Finland,2018,-2.4947378635406494,0.38669127225875854,4.677370548248291,6,1.5118976831436157,-0.0316208153963089,1.5876092910766602,0.018105514347553253,1.3751853704452515,-0.03445202112197876,1.572898507118225,-0.07851593941450119,0.09362439066171646,0.06851204484701157,0.14682255685329437,0.02750742994248867,0.25292086601257324,0.3435315191745758,0.018742933869361877,0.014254639856517315,0.01564243622124195,0.01844116300344467
24,FIN,Finland,2019,-3.0343379974365234,0.11994151771068573,4.677370548248291,6,1.5118976831436157,-0.0316208153963089,1.5876092910766602,0.018105514347553253,1.3751853704452515,-0.03445202112197876,1.572898507118225,-0.07851593941450119,0.09362439066171646,0.06851204484701157,0.14682255685329437,0.02750742994248867,0.25292086601257324,0.3435315191745758,0.018742933869361877,0.014254639856517315,0.01564243622124195,0.01844116300344467
24,FIN,Finland,2020,-4.05517578125,-0.10149510204792023,4.677370548248291,6,1.5118976831436157,-0.0316208153963089,1.5876092910766602,0.018105514347553253,1.3751853704452515,-0.03445202112197876,1.572898507118225,-0.07851593941450119,0.09362439066171646,0.06851204484701157,0.14682255685329437,0.02750742994248867,0.25292086601257324,0.3435315191745758,0.018742933869361877,0.014254639856517315,0.01564243622124195,0.01844116300344467
24,FIN,Finland,2021,-3.9226253032684326,-0.26925116777420044,4.677370548248291,6,1.5118976831436157,-0.0316208153963089,1.5876092910766602,0.018105514347553253,1.3751853704452515,-0.03445202112197876,1.572898507118225,-0.07851593941450119,0.09362439066171646,0.06851204484701157,0.14682255685329437,0.02750742994248867,0.25292086601257324,0.3435315191745758,0.018742933869361877,0.014254639856517315,0.01564243622124195,0.01844116300344467
24,FIN,Finland,2022,-4.062594890594482,-0.38439130783081055,4.677370548248291,6,1.5118976831436157,-0.0316208153963089,1.5876092910766602,0.018105514347553253,1.3751853704452515,-0.03445202112197876,1.572898507118225,-0.07851593941450119,0.09362439066171646,0.06851204484701157,0.14682255685329437,0.02750742994248867,0.25292086601257324,0.3435315191745758,0.018742933869361877,0.014254639856517315,0.01564243622124195,0.01844116300344467
24,FIN,Finland,2023,-5.2590131759643555,-0.45594680309295654,4.677370548248291,6,1.5118976831436157,-0.0316208153963089,1.5876092910766602,0.018105514347553253,1.3751853704452515,-0.03445202112197876,1.572898507118225,-0.07851593941450119,0.09362439066171646,0.06851204484701157,0.14682255685329437,0.02750742994248867,0.25292086601257324,0.3435315191745758,0.018742933869361877,0.014254639856517315,0.01564243622124195,0.01844116300344467
25,FRA,France,2018,-2.937512159347534,0.052218034863471985,4.679563999176025,6,0.8883405327796936,-0.012531270273029804,1.0859564542770386,0.007175177335739136,0.6707704067230225,-0.013653267174959183,0.9082947969436646,-0.03111572191119194,0.0935136079788208,0.0683247521519661,0.14580343663692474,0.027341429144144058,0.25639551877975464,0.34124767780303955,0.01888338290154934,0.014053410850465298,0.015817204490303993,0.018619518727064133
25,FRA,France,2019,-2.957599639892578,-0.19211453199386597,4.679563999176025,6,0.8883405327796936,-0.012531270273029804,1.0859564542770386,0.007175177335739136,0.6707704067230225,-0.013653267174959183,0.9082947969436646,-0.03111572191119194,0.0935136079788208,0.0683247521519661,0.14580343663692474,0.027341429144144058,0.25639551877975464,0.34124767780303955,0.01888338290154934,0.014053410850465298,0.015817204490303993,0.018619518727064133
25,FRA,France,2020,-3.0673086643218994,-0.4469720125198364,4.679563999176025,6,0.8883405327796936,-0.012531270273029804,1.0859564542770386,0.007175177335739136,0.6707704067230225,-0.013653267174959183,0.9082947969436646,-0.03111572191119194,0.0935136079788208,0.0683247521519661,0.14580343663692474,0.027341429144144058,0.25639551877975464,0.34124767780303955,0.01888338290154934,0.014053410850465298,0.015817204490303993,0.018619518727064133
25,FRA,France,2021,-2.956054449081421,-0.6344844698905945,4.679563999176025,6,0.8883405327796936,-0.012531270273029804,1.0859564542770386,0.007175177335739136,0.6707704067230225,-0.013653267174959183,0.9082947969436646,-0.03111572191119194,0.0935136079788208,0.0683247521519661,0.14580343663692474,0.027341429144144058,0.25639551877975464,0.34124767780303955,0.01888338290154934,0.014053410850465298,0.015817204490303993,0.018619518727064133
25,FRA,France,2022,-0.05572359263896942,-0.754849374294281,4.679563999176025,6,0.8883405327796936,-0.012531270273029804,1.0859564542770386,0.007175177335739136,0.6707704067230225,-0.013653267174959183,0.9082947969436646,-0.03111572191119194,0.0935136079788208,0.0683247521519661,0.14580343663692474,0.027341429144144058,0.25639551877975464,0.34124767780303955,0.01888338290154934,0.014053410850465298,0.015817204490303993,0.018619518727064133
25,FRA,France,2023,-3.9094398021698,-0.8346377015113831,4.679563999176025,6,0.8883405327796936,-0.012531270273029804,1.0859564542770386,0.007175177335739136,0.6707704067230225,-0.013653267174959183,0.9082947969436646,-0.03111572191119194,0.0935136079788208,0.0683247521519661,0.14580343663692474,0.027341429144144058,0.25639551877975464,0.34124767780303955,0.01888338290154934,0.014053410850465298,0.015817204490303993,0.018619518727064133
26,GBR,United Kingdom,2018,-11.656635284423828,0.6846396327018738,4.678532123565674,6,1.2583589553833008,-0.02151077426970005,1.1897099018096924,0.012316683307290077,1.3614327907562256,-0.023436764255166054,1.2239340543746948,-0.05341224744915962,0.09356576204299927,0.0684126764535904,0.14628274738788605,0.027419133111834526,0.25475892424583435,0.342326283454895,0.018817011266946793,0.014147564768791199,0.015734612941741943,0.01853528618812561
26,GBR,United Kingdom,2019,-12.48721694946289,0.31919795274734497,4.678532123565674,6,1.2583589553833008,-0.02151077426970005,1.1897099018096924,0.012316683307290077,1.3614327907562256,-0.023436764255166054,1.2239340543746948,-0.05341224744915962,0.09356576204299927,0.0684126764535904,0.14628274738788605,0.027419133111834526,0.25475892424583435,0.342326283454895,0.018817011266946793,0.014147564768791199,0.015734612941741943,0.01853528618812561
26,GBR,United Kingdom,2020,-13.733572006225586,-0.04960855841636658,4.678532123565674,6,1.2583589553833008,-0.02151077426970005,1.1897099018096924,0.012316683307290077,1.3614327907562256,-0.023436764255166054,1.2239340543746948,-0.05341224744915962,0.09356576204299927,0.0684126764535904,0.14628274738788605,0.027419133111834526,0.25475892424583435,0.342326283454895,0.018817011266946793,0.014147564768791199,0.015734612941741943,0.01853528618812561
26,GBR,United Kingdom,2021,-12.55033016204834,-0.33382415771484375,4.678532123565674,6,1.2583589553833008,-0.02151077426970005,1.1897099018096924,0.012316683307290077,1.3614327907562256,-0.023436764255166054,1.2239340543746948,-0.05341224744915962,0.09356576204299927,0.0684126764535904,0.14628274738788605,0.027419133111834526,0.25475892424583435,0.342326283454895,0.018817011266946793,0.014147564768791199,0.015734612941741943,0.01853528618812561
26,GBR,United Kingdom,2022,-13.13424301147461,-0.527716338634491,4.678532123565674,6,1.2583589553833008,-0.02151077426970005,1.1897099018096924,0.012316683307290077,1.3614327907562256,-0.023436764255166054,1.2239340543746948,-0.05341224744915962,0.09356576204299927,0.0684126764535904,0.14628274738788605,0.027419133111834526,0.25475892424583435,0.342326283454895,0.018817011266946793,0.014147564768791199,0.015734612941741943,0.01853528618812561
26,GBR,United Kingdom,2023,-14.066479682922363,-0.6480422616004944,4.678532123565674,6,1.2583589553833008,-0.02151077426970005,1.1897099018096924,0.012316683307290077,1.3614327907562256,-0.023436764255166054,1.2239340543746948,-0.05341224744915962,0.09356576204299927,0.0684126764535904,0.14628274738788605,0.027419133111834526,0.25475892424583435,0.342326283454895,0.018817011266946793,0.014147564768791199,0.015734612941741943,0.01853528618812561
27,GRC,Greece,2018,-5.507160186767578,-1.1527522802352905,4.697641372680664,6,0.21050052344799042,0.14369171857833862,0.004785913974046707,-0.08227533847093582,0.24354657530784607,0.1565573513507843,0.3831690847873688,0.3567931354045868,0.09259253740310669,0.06684610247612,0.13751442730426788,0.026095421984791756,0.28532013297080994,0.3214101791381836,0.020123900845646858,0.012552734464406967,0.017364460974931717,0.020180044695734978
27,GRC,Greece,2019,-6.582149982452393,-1.1811636686325073,4.697641372680664,6,0.21050052344799042,0.14369171857833862,0.004785913974046707,-0.08227533847093582,0.24354657530784607,0.1565573513507843,0.3831690847873688,0.3567931354045868,0.09259253740310669,0.06684610247612,0.13751442730426788,0.026095421984791756,0.28532013297080994,0.3214101791381836,0.020123900845646858,0.012552734464406967,0.017364460974931717,0.020180044695734978
27,GRC,Greece,2020,-8.231910705566406,-1.2799779176712036,4.697641372680664,6,0.21050052344799042,0.14369171857833862,0.004785913974046707,-0.08227533847093582,0.24354657530784607,0.1565573513507843,0.3831690847873688,0.3567931354045868,0.09259253740310669,0.06684610247612,0.13751442730426788,0.026095421984791756,0.28532013297080994,0.3214101791381836,0.020123900845646858,0.012552734464406967,0.017364460974931717,0.020180044695734978
27,GRC,Greece,2021,-9.12386703491211,-1.375369906425476,4.697641372680664,6,0.21050052344799042,0.14369171857833862,0.004785913974046707,-0.08227533847093582,0.24354657530784607,0.1565573513507843,0.3831690847873688,0.3567931354045868,0.09259253740310669,0.06684610247612,0.13751442730426788,0.026095421984791756,0.28532013297080994,0.3214101791381836,0.020123900845646858,0.012552734464406967,0.017364460974931717,0.020180044695734978
27,GRC,Greece,2022,-9.264490127563477,-1.4445151090621948,4.697641372680664,6,0.21050052344799042,0.14369171857833862,0.004785913974046707,-0.08227533847093582,0.24354657530784607,0.1565573513507843,0.3831690847873688,0.3567931354045868,0.09259253740310669,0.06684610247612,0.13751442730426788,0.026095421984791756,0.28532013297080994,0.3214101791381836,0.020123900845646858,0.012552734464406967,0.017364460974931717,0.020180044695734978
27,GRC,Greece,2023,-10.155776977539062,-1.4921027421951294,4.697641372680664,6,0.21050052344799042,0.14369171857833862,0.004785913974046707,-0.08227533847093582,0.24354657530784607,0.1565573513507843,0.3831690847873688,0.3567931354045868,0.09259253740310669,0.06684610247612,0.13751442730426788,0.026095421984791756,0.28532013297080994,0.3214101791381836,0.020123900845646858,0.012552734464406967,0.017364460974931717,0.020180044695734978
28,HKG,Hong Kong,2018,-1.1459519863128662,0.32489776611328125,4.6710968017578125,6,1.1223636865615845,-0.08625584840774536,1.0890463590621948,0.049388568848371506,1.3811711072921753,-0.0939788743853569,0.8968734741210938,-0.21417725086212158,0.09393936395645142,0.06905576586723328,0.1497410386800766,0.027999410405755043,0.2430827021598816,0.34986916184425354,0.018354451283812523,0.014853160828351974,0.01515923347324133,0.01794571615755558
28,HKG,Hong Kong,2019,-1.7272493839263916,0.19134072959423065,4.6710968017578125,6,1.1223636865615845,-0.08625584840774536,1.0890463590621948,0.049388568848371506,1.3811711072921753,-0.0939788743853569,0.8968734741210938,-0.21417725086212158,0.09393936395645142,0.06905576586723328,0.1497410386800766,0.027999410405755043,0.2430827021598816,0.34986916184425354,0.018354451283812523,0.014853160828351974,0.01515923347324133,0.01794571615755558
28,HKG,Hong Kong,2020,-5.682636260986328,-0.009935721755027771,4.6710968017578125,6,1.1223636865615845,-0.08625584840774536,1.0890463590621948,0.049388568848371506,1.3811711072921753,-0.0939788743853569,0.8968734741210938,-0.21417725086212158,0.09393936395645142,0.06905576586723328,0.1497410386800766,0.027999410405755043,0.2430827021598816,0.34986916184425354,0.018354451283812523,0.014853160828351974,0.01515923347324133,0.01794571615755558
28,HKG,Hong Kong,2021,-5.362922668457031,-0.17923949658870697,4.6710968017578125,6,1.1223636865615845,-0.08625584840774536,1.0890463590621948,0.049388568848371506,1.3811711072921753,-0.0939788743853569,0.8968734741210938,-0.21417725086212158,0.09393936395645142,0.06905576586723328,0.1497410386800766,0.027999410405755043,0.2430827021598816,0.34986916184425354,0.018354451283812523,0.014853160828351974,0.01515923347324133,0.01794571615755558
28,HKG,Hong Kong,2022,-5.762137413024902,-0.3060460388660431,4.6710968017578125,6,1.1223636865615845,-0.08625584840774536,1.0890463590621948,0.049388568848371506,1.3811711072921753,-0.0939788743853569,0.8968734741210938,-0.21417725086212158,0.09393936395645142,0.06905576586723328,0.1497410386800766,0.027999410405755043,0.2430827021598816,0.34986916184425354,0.018354451283812523,0.014853160828351974,0.01515923347324133,0.01794571615755558
28,HKG,Hong Kong,2023,-5.774105072021484,-0.3934641480445862,4.6710968017578125,6,1.1223636865615845,-0.08625584840774536,1.0890463590621948,0.049388568848371506,1.3811711072921753,-0.0939788743853569,0.8968734741210938,-0.21417725086212158,0.09393936395645142,0.06905576586723328,0.1497410386800766,0.027999410405755043,0.2430827021598816,0.34986916184425354,0.018354451283812523,0.014853160828351974,0.01515923347324133,0.01794571615755558
29,HRV,Croatia,2018,-2.1691575050354004,0.34381014108657837,4.6764116287231445,6,-0.3481642007827759,-0.039965733885765076,-0.2588765323162079,0.022883664816617966,-0.3555670380592346,-0.04354410991072655,-0.4300490617752075,-0.09923675656318665,0.09367269277572632,0.06859434396028519,0.14726822078227997,0.02758094295859337,0.251407653093338,0.34451889991760254,0.018682297319173813,0.014343876391649246,0.01556700561195612,0.018364043906331062
29,HRV,Croatia,2019,-1.4451857805252075,0.48140019178390503,4.6764116287231445,6,-0.3481642007827759,-0.039965733885765076,-0.2588765323162079,0.022883664816617966,-0.3555670380592346,-0.04354410991072655,-0.4300490617752075,-0.09923675656318665,0.09367269277572632,0.06859434396028519,0.14726822078227997,0.02758094295859337,0.251407653093338,0.34451889991760254,0.018682297319173813,0.014343876391649246,0.01556700561195612,0.018364043906331062
29,HRV,Croatia,2020,-1.7230193614959717,0.4143165946006775,4.6764116287231445,6,-0.3481642007827759,-0.039965733885765076,-0.2588765323162079,0.022883664816617966,-0.3555670380592346,-0.04354410991072655,-0.4300490617752075,-0.09923675656318665,0.09367269277572632,0.06859434396028519,0.14726822078227997,0.02758094295859337,0.251407653093338,0.34451889991760254,0.018682297319173813,0.014343876391649246,0.01556700561195612,0.018364043906331062
29,HRV,Croatia,2021,-2.0073060989379883,0.35028332471847534,4.6764116287231445,6,-0.3481642007827759,-0.039965733885765076,-0.2588765323162079,0.022883664816617966,-0.3555670380592346,-0.04354410991072655,-0.4300490617752075,-0.09923675656318665,0.09367269277572632,0.06859434396028519,0.14726822078227997,0.02758094295859337,0.251407653093338,0.34451889991760254,0.018682297319173813,0.014343876391649246,0.01556700561195612,0.018364043906331062
29,HRV,Croatia,2022,-1.4104783535003662,0.26168930530548096,4.6764116287231445,6,-0.3481642007827759,-0.039965733885765076,-0.2588765323162079,0.022883664816617966,-0.3555670380592346,-0.04354410991072655,-0.4300490617752075,-0.09923675656318665,0.09367269277572632,0.06859434396028519,0.14726822078227997,0.02758094295859337,0.251407653093338,0.34451889991760254,0.018682297319173813,0.014343876391649246,0.01556700561195612,0.018364043906331062
29,HRV,Croatia,2023,-2.236304998397827,0.2061247080564499,4.6764116287231445,6,-0.3481642007827759,-0.039965733885765076,-0.2588765323162079,0.022883664816617966,-0.3555670380592346,-0.04354410991072655,-0.4300490617752075,-0.09923675656318665,0.09367269277572632,0.06859434396028519,0.14726822078227997,0.02758094295859337,0.251407653093338,0.34451889991760254,0.018682297319173813,0.014343876391649246,0.01556700561195612,0.018364043906331062
30,HUN,Hungary,2018,-2.826733112335205,-0.7603639364242554,4.691897392272949,6,0.43036317825317383,0.0943569466471672,0.30845627188682556,-0.054027121514081955,0.5491956472396851,0.10280532389879227,0.4334375858306885,0.2342926263809204,0.09288623183965683,0.06730248779058456,0.14011801779270172,0.026467565447092056,0.27611756324768066,0.3278728723526001,0.01971474289894104,0.012999334372580051,0.0168532133102417,0.01966800168156624
30,HUN,Hungary,2019,-3.2313930988311768,-0.7963665127754211,4.691897392272949,6,0.43036317825317383,0.0943569466471672,0.30845627188682556,-0.054027121514081955,0.5491956472396851,0.10280532389879227,0.4334375858306885,0.2342926263809204,0.09288623183965683,0.06730248779058456,0.14011801779270172,0.026467565447092056,0.27611756324768066,0.3278728723526001,0.01971474289894104,0.012999334372580051,0.0168532133102417,0.01966800168156624
30,HUN,Hungary,2020,-3.419083595275879,-0.871985137462616,4.691897392272949,6,0.43036317825317383,0.0943569466471672,0.30845627188682556,-0.054027121514081955,0.5491956472396851,0.10280532389879227,0.4334375858306885,0.2342926263809204,0.09288623183965683,0.06730248779058456,0.14011801779270172,0.026467565447092056,0.27611756324768066,0.3278728723526001,0.01971474289894104,0.012999334372580051,0.0168532133102417,0.01966800168156624
30,HUN,Hungary,2021,-3.8331387042999268,-0.9476426839828491,4.691897392272949,6,0.43036317825317383,0.0943569466471672,0.30845627188682556,-0.054027121514081955,0.5491956472396851,0.10280532389879227,0.4334375858306885,0.2342926263809204,0.09288623183965683,0.06730248779058456,0.14011801779270172,0.026467565447092056,0.27611756324768066,0.3278728723526001,0.01971474289894104,0.012999334372580051,0.0168532133102417,0.01966800168156624
30,HUN,Hungary,2022,-4.042897701263428,-1.0117701292037964,4.691897392272949,6,0.43036317825317383,0.0943569466471672,0.30845627188682556,-0.054027121514081955,0.5491956472396851,0.10280532389879227,0.4334375858306885,0.2342926263809204,0.09288623183965683,0.06730248779058456,0.14011801779270172,0.026467565447092056,0.27611756324768066,0.3278728723526001,0.01971474289894104,0.012999334372580051,0.0168532133102417,0.01966800168156624
30,HUN,Hungary,2023,-4.756733417510986,-1.0624685287475586,4.691897392272949,6,0.43036317825317383,0.0943569466471672,0.30845627188682556,-0.054027121514081955,0.5491956472396851,0.10280532389879227,0.4334375858306885,0.2342926263809204,0.09288623183965683,0.06730248779058456,0.14011801779270172,0.026467565447092056,0.27611756324768066,0.3278728723526001,0.01971474289894104,0.012999334372580051,0.0168532133102417,0.01966800168156624
31,IDN,Indonesia,2018,2.64410662651062,0.3370361328125,4.678928852081299,6,-0.9561768174171448,-0.018060704693198204,-0.9402090311050415,0.01034123357385397,-0.8002218008041382,-0.01967778615653515,-1.1280996799468994,-0.04484556242823601,0.09354574978351593,0.06837887316942215,0.14609858393669128,0.027389204129576683,0.25538724660873413,0.34191280603408813,0.018842454999685287,0.014111284166574478,0.015766266733407974,0.018567577004432678
31,IDN,Indonesia,2019,3.317753314971924,0.6847463250160217,4.678928852081299,6,-0.9561768174171448,-0.018060704693198204,-0.9402090311050415,0.01034123357385397,-0.8002218008041382,-0.01967778615653515,-1.1280996799468994,-0.04484556242823601,0.09354574978351593,0.06837887316942215,0.14609858393669128,0.027389204129576683,0.25538724660873413,0.34191280603408813,0.018842454999685287,0.014111284166574478,0.015766266733407974,0.018567577004432678
31,IDN,Indonesia,2020,2.719416856765747,0.8767511248588562,4.678928852081299,6,-0.9561768174171448,-0.018060704693198204,-0.9402090311050415,0.01034123357385397,-0.8002218008041382,-0.01967778615653515,-1.1280996799468994,-0.04484556242823601,0.09354574978351593,0.06837887316942215,0.14609858393669128,0.027389204129576683,0.25538724660873413,0.34191280603408813,0.018842454999685287,0.014111284166574478,0.015766266733407974,0.018567577004432678
31,IDN,Indonesia,2021,2.6682887077331543,0.9515287280082703,4.678928852081299,6,-0.9561768174171448,-0.018060704693198204,-0.9402090311050415,0.01034123357385397,-0.8002218008041382,-0.01967778615653515,-1.1280996799468994,-0.04484556242823601,0.09354574978351593,0.06837887316942215,0.14609858393669128,0.027389204129576683,0.25538724660873413,0.34191280603408813,0.018842454999685287,0.014111284166574478,0.015766266733407974,0.018567577004432678
31,IDN,Indonesia,2022,2.0740978717803955,0.9433557391166687,4.678928852081299,6,-0.9561768174171448,-0.018060704693198204,-0.9402090311050415,0.01034123357385397,-0.8002218008041382,-0.01967778615653515,-1.1280996799468994,-0.04484556242823601,0.09354574978351593,0.06837887316942215,0.14609858393669128,0.027389204129576683,0.25538724660873413,0.34191280603408813,0.018842454999685287,0.014111284166574478,0.015766266733407974,0.018567577004432678
31,IDN,Indonesia,2023,2.4188666343688965,0.9444090723991394,4.678928852081299,6,-0.9561768174171448,-0.018060704693198204,-0.9402090311050415,0.01034123357385397,-0.8002218008041382,-0.01967778615653515,-1.1280996799468994,-0.04484556242823601,0.09354574978351593,0.06837887316942215,0.14609858393669128,0.027389204129576683,0.25538724660873413,0.34191280603408813,0.018842454999685287,0.014111284166574478,0.015766266733407974,0.018567577004432678
32,IND,India,2018,0.023883648216724396,-1.3055678606033325,4.681188583374023,6,-0.5800058245658875,0.0015975888818502426,-0.6757107377052307,-0.000914757838472724,-0.8220545053482056,0.0017406383994966745,-0.24225223064422607,0.003966886084526777,0.09343140572309494,0.06818706542253494,0.14504961669445038,0.02722053788602352,0.2589781880378723,0.3395354151725769,0.018988918513059616,0.013907063752412796,0.015948548913002014,0.018753280863165855
32,IND,India,2019,-1.7109887599945068,-0.5633864402770996,4.681188583374023,6,-0.5800058245658875,0.0015975888818502426,-0.6757107377052307,-0.000914757838472724,-0.8220545053482056,0.0017406383994966745,-0.24225223064422607,0.003966886084526777,0.09343140572309494,0.06818706542253494,0.14504961669445038,0.02722053788602352,0.2589781880378723,0.3395354151725769,0.018988918513059616,0.013907063752412796,0.015948548913002014,0.018753280863165855
32,IND,India,2020,-2.832286834716797,-0.3158279359340668,4.681188583374023,6,-0.5800058245658875,0.0015975888818502426,-0.6757107377052307,-0.000914757838472724,-0.8220545053482056,0.0017406383994966745,-0.24225223064422607,0.003966886084526777,0.09343140572309494,0.06818706542253494,0.14504961669445038,0.02722053788602352,0.2589781880378723,0.3395354151725769,0.018988918513059616,0.013907063752412796,0.015948548913002014,0.018753280863165855
32,IND,India,2021,-2.1478464603424072,-0.2857065796852112,4.681188583374023,6,-0.5800058245658875,0.0015975888818502426,-0.6757107377052307,-0.000914757838472724,-0.8220545053482056,0.0017406383994966745,-0.24225223064422607,0.003966886084526777,0.09343140572309494,0.06818706542253494,0.14504961669445038,0.02722053788602352,0.2589781880378723,0.3395354151725769,0.018988918513059616,0.013907063752412796,0.015948548913002014,0.018753280863165855
32,IND,India,2022,-2.8932855129241943,-0.11359293758869171,4.681188583374023,6,-0.5800058245658875,0.0015975888818502426,-0.6757107377052307,-0.000914757838472724,-0.8220545053482056,0.0017406383994966745,-0.24225223064422607,0.003966886084526777,0.09343140572309494,0.06818706542253494,0.14504961669445038,0.02722053788602352,0.2589781880378723,0.3395354151725769,0.018988918513059616,0.013907063752412796,0.015948548913002014,0.018753280863165855
32,IND,India,2023,-2.182831048965454,0.08199934661388397,4.681188583374023,6,-0.5800058245658875,0.0015975888818502426,-0.6757107377052307,-0.000914757838472724,-0.8220545053482056,0.0017406383994966745,-0.24225223064422607,0.003966886084526777,0.09343140572309494,0.06818706542253494,0.14504961669445038,0.02722053788602352,0.2589781880378723,0.3395354151725769,0.018988918513059616,0.013907063752412796,0.015948548913002014,0.018753280863165855
33,IRL,Ireland,2018,-3.2219769954681396,-1.14816153049469,4.6864013671875,6,1.125100016593933,0.046849384903907776,0.9071259498596191,-0.026825135573744774,1.2676217555999756,0.05104411393404007,1.2005521059036255,0.11632917821407318,0.09316658973693848,0.06775126606225967,0.1426391452550888,0.026844415813684464,0.26730450987815857,0.333933025598526,0.01933586597442627,0.013452881015837193,0.01638067327439785,0.019191619008779526
33,IRL,Ireland,2019,-3.9652493000030518,-1.395405888557434,4.6864013671875,6,1.125100016593933,0.046849384903907776,0.9071259498596191,-0.026825135573744774,1.2676217555999756,0.05104411393404007,1.2005521059036255,0.11632917821407318,0.09316658973693848,0.06775126606225967,0.1426391452550888,0.026844415813684464,0.26730450987815857,0.333933025598526,0.01933586597442627,0.013452881015837193,0.01638067327439785,0.019191619008779526
33,IRL,Ireland,2020,-4.2647223472595215,-1.596688151359558,4.6864013671875,6,1.125100016593933,0.046849384903907776,0.9071259498596191,-0.026825135573744774,1.2676217555999756,0.05104411393404007,1.2005521059036255,0.11632917821407318,0.09316658973693848,0.06775126606225967,0.1426391452550888,0.026844415813684464,0.26730450987815857,0.333933025598526,0.01933586597442627,0.013452881015837193,0.01638067327439785,0.019191619008779526
33,IRL,Ireland,2021,-3.373614549636841,-1.7431758642196655,4.6864013671875,6,1.125100016593933,0.046849384903907776,0.9071259498596191,-0.026825135573744774,1.2676217555999756,0.05104411393404007,1.2005521059036255,0.11632917821407318,0.09316658973693848,0.06775126606225967,0.1426391452550888,0.026844415813684464,0.26730450987815857,0.333933025598526,0.01933586597442627,0.013452881015837193,0.01638067327439785,0.019191619008779526
33,IRL,Ireland,2022,-3.6817150115966797,-1.842228889465332,4.6864013671875,6,1.125100016593933,0.046849384903907776,0.9071259498596191,-0.026825135573744774,1.2676217555999756,0.05104411393404007,1.2005521059036255,0.11632917821407318,0.09316658973693848,0.06775126606225967,0.1426391452550888,0.026844415813684464,0.26730450987815857,0.333933025598526,0.01933586597442627,0.013452881015837193,0.01638067327439785,0.019191619008779526
33,IRL,Ireland,2023,-4.387845516204834,-1.901594877243042,4.6864013671875,6,1.125100016593933,0.046849384903907776,0.9071259498596191,-0.026825135573744774,1.2676217555999756,0.05104411393404007,1.2005521059036255,0.11632917821407318,0.09316658973693848,0.06775126606225967,0.1426391452550888,0.026844415813684464,0.26730450987815857,0.333933025598526,0.01933586597442627,0.013452881015837193,0.01638067327439785,0.019191619008779526
34,IRN,Iran,2018,0.18575511872768402,-1.6917989253997803,4.675352096557617,6,-1.425826907157898,-0.049197714775800705,-1.0039883852005005,0.02816973254084587,-1.918333888053894,-0.053602684289216995,-1.3551583290100098,-0.1221601814031601,0.09372604638338089,0.06868572533130646,0.14776134490966797,0.027662962675094604,0.24973778426647186,0.34560325741767883,0.018615761771798134,0.014443508349359035,0.015484240837395191,0.018279338255524635
34,IRN,Iran,2019,-3.3282368183135986,-1.1494324207305908,4.675352096557617,6,-1.425826907157898,-0.049197714775800705,-1.0039883852005005,0.02816973254084587,-1.918333888053894,-0.053602684289216995,-1.3551583290100098,-0.1221601814031601,0.09372604638338089,0.06868572533130646,0.14776134490966797,0.027662962675094604,0.24973778426647186,0.34560325741767883,0.018615761771798134,0.014443508349359035,0.015484240837395191,0.018279338255524635
34,IRN,Iran,2020,-1.5740487575531006,-0.9045951962471008,4.675352096557617,6,-1.425826907157898,-0.049197714775800705,-1.0039883852005005,0.02816973254084587,-1.918333888053894,-0.053602684289216995,-1.3551583290100098,-0.1221601814031601,0.09372604638338089,0.06868572533130646,0.14776134490966797,0.027662962675094604,0.24973778426647186,0.34560325741767883,0.018615761771798134,0.014443508349359035,0.015484240837395191,0.018279338255524635
34,IRN,Iran,2021,0.32263654470443726,-0.9105618596076965,4.675352096557617,6,-1.425826907157898,-0.049197714775800705,-1.0039883852005005,0.02816973254084587,-1.918333888053894,-0.053602684289216995,-1.3551583290100098,-0.1221601814031601,0.09372604638338089,0.06868572533130646,0.14776134490966797,0.027662962675094604,0.24973778426647186,0.34560325741767883,0.018615761771798134,0.014443508349359035,0.015484240837395191,0.018279338255524635
34,IRN,Iran,2022,0.009564151056110859,-0.48590028285980225,4.675352096557617,6,-1.425826907157898,-0.049197714775800705,-1.0039883852005005,0.02816973254084587,-1.918333888053894,-0.053602684289216995,-1.3551583290100098,-0.1221601814031601,0.09372604638338089,0.06868572533130646,0.14776134490966797,0.027662962675094604,0.24973778426647186,0.34560325741767883,0.018615761771798134,0.014443508349359035,0.015484240837395191,0.018279338255524635
34,IRN,Iran,2023,-0.9724723696708679,-0.8645904660224915,4.675352096557617,6,-1.425826907157898,-0.049197714775800705,-1.0039883852005005,0.02816973254084587,-1.918333888053894,-0.053602684289216995,-1.3551583290100098,-0.1221601814031601,0.09372604638338089,0.06868572533130646,0.14776134490966797,0.027662962675094604,0.24973778426647186,0.34560325741767883,0.018615761771798134,0.014443508349359035,0.015484240837395191,0.018279338255524635
35,IRQ,Iraq,2018,1.4125878810882568,-1.5551820993423462,4.6820502281188965,6,-2.0568058490753174,0.009087038226425648,-2.0972113609313965,-0.00520308455452323,-2.079011917114258,0.00990066584199667,-1.9941946268081665,0.02256353385746479,0.09338772296905518,0.06811437010765076,0.14465022087097168,0.02715711109340191,0.26035070419311523,0.33862048387527466,0.0190453939139843,0.013830366544425488,0.016018860042095184,0.018824784085154533
35,IRQ,Iraq,2019,1.0280742645263672,-1.1216965913772583,4.6820502281188965,6,-2.0568058490753174,0.009087038226425648,-2.0972113609313965,-0.00520308455452323,-2.079011917114258,0.00990066584199667,-1.9941946268081665,0.02256353385746479,0.09338772296905518,0.06811437010765076,0.14465022087097168,0.02715711109340191,0.26035070419311523,0.33862048387527466,0.0190453939139843,0.013830366544425488,0.016018860042095184,0.018824784085154533
35,IRQ,Iraq,2020,1.1829884052276611,-0.9613023996353149,4.6820502281188965,6,-2.0568058490753174,0.009087038226425648,-2.0972113609313965,-0.00520308455452323,-2.079011917114258,0.00990066584199667,-1.9941946268081665,0.02256353385746479,0.09338772296905518,0.06811437010765076,0.14465022087097168,0.02715711109340191,0.26035070419311523,0.33862048387527466,0.0190453939139843,0.013830366544425488,0.016018860042095184,0.018824784085154533
35,IRQ,Iraq,2021,1.2868479490280151,-0.8737391829490662,4.6820502281188965,6,-2.0568058490753174,0.009087038226425648,-2.0972113609313965,-0.00520308455452323,-2.079011917114258,0.00990066584199667,-1.9941946268081665,0.02256353385746479,0.09338772296905518,0.06811437010765076,0.14465022087097168,0.02715711109340191,0.26035070419311523,0.33862048387527466,0.0190453939139843,0.013830366544425488,0.016018860042095184,0.018824784085154533
35,IRQ,Iraq,2022,1.606886863708496,-0.8491752743721008,4.6820502281188965,6,-2.0568058490753174,0.009087038226425648,-2.0972113609313965,-0.00520308455452323,-2.079011917114258,0.00990066584199667,-1.9941946268081665,0.02256353385746479,0.09338772296905518,0.06811437010765076,0.14465022087097168,0.02715711109340191,0.26035070419311523,0.33862048387527466,0.0190453939139843,0.013830366544425488,0.016018860042095184,0.018824784085154533
35,IRQ,Iraq,2023,1.6270170211791992,-0.8810753226280212,4.6820502281188965,6,-2.0568058490753174,0.009087038226425648,-2.0972113609313965,-0.00520308455452323,-2.079011917114258,0.00990066584199667,-1.9941946268081665,0.02256353385746479,0.09338772296905518,0.06811437010765076,0.14465022087097168,0.02715711109340191,0.26035070419311523,0.33862048387527466,0.0190453939139843,0.013830366544425488,0.016018860042095184,0.018824784085154533
36,ISL,Iceland,2018,2.5240752696990967,0.9100859761238098,4.685504913330078,6,1.1885734796524048,0.0390801765024662,1.2342337369918823,-0.02237662486732006,0.9549963474273682,0.042579278349876404,1.376490592956543,0.09703787416219711,0.09321222454309464,0.06782551854848862,0.14305248856544495,0.026907797902822495,0.2658696174621582,0.33490726351737976,0.019275330007076263,0.013529298827052116,0.016305238008499146,0.019115285947918892
36,ISL,Iceland,2019,2.4789857864379883,0.700581431388855,4.685504913330078,6,1.1885734796524048,0.0390801765024662,1.2342337369918823,-0.02237662486732006,0.9549963474273682,0.042579278349876404,1.376490592956543,0.09703787416219711,0.09321222454309464,0.06782551854848862,0.14305248856544495,0.026907797902822495,0.2658696174621582,0.33490726351737976,0.019275330007076263,0.013529298827052116,0.016305238008499146,0.019115285947918892
36,ISL,Iceland,2020,1.9529410600662231,0.5031022429466248,4.685504913330078,6,1.1885734796524048,0.0390801765024662,1.2342337369918823,-0.02237662486732006,0.9549963474273682,0.042579278349876404,1.376490592956543,0.09703787416219711,0.09321222454309464,0.06782551854848862,0.14305248856544495,0.026907797902822495,0.2658696174621582,0.33490726351737976,0.019275330007076263,0.013529298827052116,0.016305238008499146,0.019115285947918892
36,ISL,Iceland,2021,1.6373142004013062,0.3538244366645813,4.685504913330078,6,1.1885734796524048,0.0390801765024662,1.2342337369918823,-0.02237662486732006,0.9549963474273682,0.042579278349876404,1.376490592956543,0.09703787416219711,0.09321222454309464,0.06782551854848862,0.14305248856544495,0.026907797902822495,0.2658696174621582,0.33490726351737976,0.019275330007076263,0.013529298827052116,0.016305238008499146,0.019115285947918892
36,ISL,Iceland,2022,1.38180673122406,0.24797634780406952,4.685504913330078,6,1.1885734796524048,0.0390801765024662,1.2342337369918823,-0.02237662486732006,0.9549963474273682,0.042579278349876404,1.376490592956543,0.09703787416219711,0.09321222454309464,0.06782551854848862,0.14305248856544495,0.026907797902822495,0.2658696174621582,0.33490726351737976,0.019275330007076263,0.013529298827052116,0.016305238008499146,0.019115285947918892
36,ISL,Iceland,2023,2.3587470054626465,0.17850561439990997,4.685504913330078,6,1.1885734796524048,0.0390801765024662,1.2342337369918823,-0.02237662486732006,0.9549963474273682,0.042579278349876404,1.376490592956543,0.09703787416219711,0.09321222454309464,0.06782551854848862,0.14305248856544495,0.026907797902822495,0.2658696174621582,0.33490726351737976,0.019275330007076263,0.013529298827052116,0.016305238008499146,0.019115285947918892
37,ISR,Israel,2018,-6.285995006561279,-0.07035960257053375,4.674070358276367,6,0.6414921283721924,-0.06036079302430153,0.9020118117332458,0.03456151857972145,0.48677289485931396,-0.06576526910066605,0.5356917977333069,-0.1498786360025406,0.0937904566526413,0.06879664957523346,0.14835768938064575,0.027763091027736664,0.2477247565984726,0.34690314531326294,0.018536079674959183,0.014565268531441689,0.015385126695036888,0.018177758902311325
37,ISR,Israel,2019,-6.490711212158203,-0.24563182890415192,4.674070358276367,6,0.6414921283721924,-0.06036079302430153,0.9020118117332458,0.03456151857972145,0.48677289485931396,-0.06576526910066605,0.5356917977333069,-0.1498786360025406,0.0937904566526413,0.06879664957523346,0.14835768938064575,0.027763091027736664,0.2477247565984726,0.34690314531326294,0.018536079674959183,0.014565268531441689,0.015385126695036888,0.018177758902311325
37,ISR,Israel,2020,-7.341547966003418,-0.4306449294090271,4.674070358276367,6,0.6414921283721924,-0.06036079302430153,0.9020118117332458,0.03456151857972145,0.48677289485931396,-0.06576526910066605,0.5356917977333069,-0.1498786360025406,0.0937904566526413,0.06879664957523346,0.14835768938064575,0.027763091027736664,0.2477247565984726,0.34690314531326294,0.018536079674959183,0.014565268531441689,0.015385126695036888,0.018177758902311325
37,ISR,Israel,2021,-8.057387351989746,-0.5785782933235168,4.674070358276367,6,0.6414921283721924,-0.06036079302430153,0.9020118117332458,0.03456151857972145,0.48677289485931396,-0.06576526910066605,0.5356917977333069,-0.1498786360025406,0.0937904566526413,0.06879664957523346,0.14835768938064575,0.027763091027736664,0.2477247565984726,0.34690314531326294,0.018536079674959183,0.014565268531441689,0.015385126695036888,0.018177758902311325
37,ISR,Israel,2022,-8.405094146728516,-0.6844996213912964,4.674070358276367,6,0.6414921283721924,-0.06036079302430153,0.9020118117332458,0.03456151857972145,0.48677289485931396,-0.06576526910066605,0.5356917977333069,-0.1498786360025406,0.0937904566526413,0.06879664957523346,0.14835768938064575,0.027763091027736664,0.2477247565984726,0.34690314531326294,0.018536079674959183,0.014565268531441689,0.015385126695036888,0.018177758902311325
37,ISR,Israel,2023,-9.675131797790527,-0.7555941939353943,4.674070358276367,6,0.6414921283721924,-0.06036079302430153,0.9020118117332458,0.03456151857972145,0.48677289485931396,-0.06576526910066605,0.5356917977333069,-0.1498786360025406,0.0937904566526413,0.06879664957523346,0.14835768938064575,0.027763091027736664,0.2477247565984726,0.34690314531326294,0.018536079674959183,0.014565268531441689,0.015385126695036888,0.018177758902311325
38,ITA,Italy,2018,-5.143430233001709,-0.13318975269794464,4.694086074829102,6,0.23468120396137238,0.11319589614868164,0.07437334209680557,-0.06481397897005081,0.34910762310028076,0.12333105504512787,0.28056269884109497,0.28107061982154846,0.09277435392141342,0.06712701916694641,0.13912177085876465,0.02632315643131733,0.27962711453437805,0.3254241347312927,0.01986909657716751,0.01282591000199318,0.017045961692929268,0.019861452281475067
38,ITA,Italy,2019,-5.74995231628418,-0.4070104956626892,4.694086074829102,6,0.23468120396137238,0.11319589614868164,0.07437334209680557,-0.06481397897005081,0.34910762310028076,0.12333105504512787,0.28056269884109497,0.28107061982154846,0.09277435392141342,0.06712701916694641,0.13912177085876465,0.02632315643131733,0.27962711453437805,0.3254241347312927,0.01986909657716751,0.01282591000199318,0.017045961692929268,0.019861452281475067
38,ITA,Italy,2020,-6.417283058166504,-0.6483437418937683,4.694086074829102,6,0.23468120396137238,0.11319589614868164,0.07437334209680557,-0.06481397897005081,0.34910762310028076,0.12333105504512787,0.28056269884109497,0.28107061982154846,0.09277435392141342,0.06712701916694641,0.13912177085876465,0.02632315643131733,0.27962711453437805,0.3254241347312927,0.01986909657716751,0.01282591000199318,0.017045961692929268,0.019861452281475067
38,ITA,Italy,2021,-6.226283073425293,-0.8218111395835876,4.694086074829102,6,0.23468120396137238,0.11319589614868164,0.07437334209680557,-0.06481397897005081,0.34910762310028076,0.12333105504512787,0.28056269884109497,0.28107061982154846,0.09277435392141342,0.06712701916694641,0.13912177085876465,0.02632315643131733,0.27962711453437805,0.3254241347312927,0.01986909657716751,0.01282591000199318,0.017045961692929268,0.019861452281475067
38,ITA,Italy,2022,-4.716213703155518,-0.9355303049087524,4.694086074829102,6,0.23468120396137238,0.11319589614868164,0.07437334209680557,-0.06481397897005081,0.34910762310028076,0.12333105504512787,0.28056269884109497,0.28107061982154846,0.09277435392141342,0.06712701916694641,0.13912177085876465,0.02632315643131733,0.27962711453437805,0.3254241347312927,0.01986909657716751,0.01282591000199318,0.017045961692929268,0.019861452281475067
38,ITA,Italy,2023,-6.842550277709961,-1.005771279335022,4.694086074829102,6,0.23468120396137238,0.11319589614868164,0.07437334209680557,-0.06481397897005081,0.34910762310028076,0.12333105504512787,0.28056269884109497,0.28107061982154846,0.09277435392141342,0.06712701916694641,0.13912177085876465,0.02632315643131733,0.27962711453437805,0.3254241347312927,0.01986909657716751,0.01282591000199318,0.017045961692929268,0.019861452281475067
39,JPN,Japan,2018,3.7277371883392334,1.0712971687316895,4.688150882720947,6,0.7284886837005615,0.062000613659620285,0.8470459580421448,-0.035500459372997284,0.45311596989631653,0.06755192577838898,0.8853041529655457,0.15395036339759827,0.09307744354009628,0.06760716438293457,0.1418338418006897,0.02672223001718521,0.2701084017753601,0.3320191204547882,0.019455071538686752,0.013305682688951492,0.016529273241758347,0.01934175193309784
39,JPN,Japan,2019,3.204775810241699,0.9038729071617126,4.688150882720947,6,0.7284886837005615,0.062000613659620285,0.8470459580421448,-0.035500459372997284,0.45311596989631653,0.06755192577838898,0.8853041529655457,0.15395036339759827,0.09307744354009628,0.06760716438293457,0.1418338418006897,0.02672223001718521,0.2701084017753601,0.3320191204547882,0.019455071538686752,0.013305682688951492,0.016529273241758347,0.01934175193309784
39,JPN,Japan,2020,3.1749613285064697,0.7091584801673889,4.688150882720947,6,0.7284886837005615,0.062000613659620285,0.8470459580421448,-0.035500459372997284,0.45311596989631653,0.06755192577838898,0.8853041529655457,0.15395036339759827,0.09307744354009628,0.06760716438293457,0.1418338418006897,0.02672223001718521,0.2701084017753601,0.3320191204547882,0.019455071538686752,0.013305682688951492,0.016529273241758347,0.01934175193309784
39,JPN,Japan,2021,2.640718698501587,0.5567118525505066,4.688150882720947,6,0.7284886837005615,0.062000613659620285,0.8470459580421448,-0.035500459372997284,0.45311596989631653,0.06755192577838898,0.8853041529655457,0.15395036339759827,0.09307744354009628,0.06760716438293457,0.1418338418006897,0.02672223001718521,0.2701084017753601,0.3320191204547882,0.019455071538686752,0.013305682688951492,0.016529273241758347,0.01934175193309784
39,JPN,Japan,2022,2.846599578857422,0.44947248697280884,4.688150882720947,6,0.7284886837005615,0.062000613659620285,0.8470459580421448,-0.035500459372997284,0.45311596989631653,0.06755192577838898,0.8853041529655457,0.15395036339759827,0.09307744354009628,0.06760716438293457,0.1418338418006897,0.02672223001718521,0.2701084017753601,0.3320191204547882,0.019455071538686752,0.013305682688951492,0.016529273241758347,0.01934175193309784
39,JPN,Japan,2023,1.7527316808700562,0.38057827949523926,4.688150882720947,6,0.7284886837005615,0.062000613659620285,0.8470459580421448,-0.035500459372997284,0.45311596989631653,0.06755192577838898,0.8853041529655457,0.15395036339759827,0.09307744354009628,0.06760716438293457,0.1418338418006897,0.02672223001718521,0.2701084017753601,0.3320191204547882,0.019455071538686752,0.013305682688951492,0.016529273241758347,0.01934175193309784
40,KAZ,Kazakhstan,2018,1.5828030109405518,1.0558826923370361,4.681546211242676,6,-1.2722676992416382,0.004706222098320723,-1.3743125200271606,-0.002694705966860056,-1.0817227363586426,0.00512760691344738,-1.3607680797576904,0.011685764417052269,0.09341327100992203,0.06815686076879501,0.14488379657268524,0.027194153517484665,0.2595475912094116,0.33915624022483826,0.01901230774819851,0.013875155709683895,0.015977678820490837,0.018782900646328926
40,KAZ,Kazakhstan,2019,1.5101414918899536,1.2946158647537231,4.681546211242676,6,-1.2722676992416382,0.004706222098320723,-1.3743125200271606,-0.002694705966860056,-1.0817227363586426,0.00512760691344738,-1.3607680797576904,0.011685764417052269,0.09341327100992203,0.06815686076879501,0.14488379657268524,0.027194153517484665,0.2595475912094116,0.33915624022483826,0.01901230774819851,0.013875155709683895,0.015977678820490837,0.018782900646328926
40,KAZ,Kazakhstan,2020,1.363572597503662,1.4297758340835571,4.681546211242676,6,-1.2722676992416382,0.004706222098320723,-1.3743125200271606,-0.002694705966860056,-1.0817227363586426,0.00512760691344738,-1.3607680797576904,0.011685764417052269,0.09341327100992203,0.06815686076879501,0.14488379657268524,0.027194153517484665,0.2595475912094116,0.33915624022483826,0.01901230774819851,0.013875155709683895,0.015977678820490837,0.018782900646328926
40,KAZ,Kazakhstan,2021,1.2543725967407227,1.4231215715408325,4.681546211242676,6,-1.2722676992416382,0.004706222098320723,-1.3743125200271606,-0.002694705966860056,-1.0817227363586426,0.00512760691344738,-1.3607680797576904,0.011685764417052269,0.09341327100992203,0.06815686076879501,0.14488379657268524,0.027194153517484665,0.2595475912094116,0.33915624022483826,0.01901230774819851,0.013875155709683895,0.015977678820490837,0.018782900646328926
40,KAZ,Kazakhstan,2022,1.1613658666610718,1.4145814180374146,4.681546211242676,6,-1.2722676992416382,0.004706222098320723,-1.3743125200271606,-0.002694705966860056,-1.0817227363586426,0.00512760691344738,-1.3607680797576904,0.011685764417052269,0.09341327100992203,0.06815686076879501,0.14488379657268524,0.027194153517484665,0.2595475912094116,0.33915624022483826,0.01901230774819851,0.013875155709683895,0.015977678820490837,0.018782900646328926
40,KAZ,Kazakhstan,2023,0.9807498455047607,1.4818501472473145,4.681546211242676,6,-1.2722676992416382,0.004706222098320723,-1.3743125200271606,-0.002694705966860056,-1.0817227363586426,0.00512760691344738,-1.3607680797576904,0.011685764417052269,0.09341327100992203,0.06815686076879501,0.14488379657268524,0.027194153517484665,0.2595475912094116,0.33915624022483826,0.01901230774819851,0.013875155709683895,0.015977678820490837,0.018782900646328926
41,KOR,South Korea,2018,3.200753688812256,1.0985357761383057,4.690580368041992,6,0.34772443771362305,0.08299465477466583,0.4346860945224762,-0.04752127826213837,0.1522836983203888,0.09042569994926453,0.45620352029800415,0.20607954263687134,0.09295348078012466,0.067408986389637,0.14071984589099884,0.026556028053164482,0.27400439977645874,0.32933780550956726,0.019622767344117165,0.01310567744076252,0.01673843339085579,0.0195525661110878
41,KOR,South Korea,2019,1.7671101093292236,1.2074731588363647,4.690580368041992,6,0.34772443771362305,0.08299465477466583,0.4346860945224762,-0.04752127826213837,0.1522836983203888,0.09042569994926453,0.45620352029800415,0.20607954263687134,0.09295348078012466,0.067408986389637,0.14071984589099884,0.026556028053164482,0.27400439977645874,0.32933780550956726,0.019622767344117165,0.01310567744076252,0.01673843339085579,0.0195525661110878
41,KOR,South Korea,2020,-0.8152863383293152,1.1919184923171997,4.690580368041992,6,0.34772443771362305,0.08299465477466583,0.4346860945224762,-0.04752127826213837,0.1522836983203888,0.09042569994926453,0.45620352029800415,0.20607954263687134,0.09295348078012466,0.067408986389637,0.14071984589099884,0.026556028053164482,0.27400439977645874,0.32933780550956726,0.019622767344117165,0.01310567744076252,0.01673843339085579,0.0195525661110878
41,KOR,South Korea,2021,-0.6951596140861511,1.1470160484313965,4.690580368041992,6,0.34772443771362305,0.08299465477466583,0.4346860945224762,-0.04752127826213837,0.1522836983203888,0.09042569994926453,0.45620352029800415,0.20607954263687134,0.09295348078012466,0.067408986389637,0.14071984589099884,0.026556028053164482,0.27400439977645874,0.32933780550956726,0.019622767344117165,0.01310567744076252,0.01673843339085579,0.0195525661110878
41,KOR,South Korea,2022,-2.0999202728271484,1.0993894338607788,4.690580368041992,6,0.34772443771362305,0.08299465477466583,0.4346860945224762,-0.04752127826213837,0.1522836983203888,0.09042569994926453,0.45620352029800415,0.20607954263687134,0.09295348078012466,0.067408986389637,0.14071984589099884,0.026556028053164482,0.27400439977645874,0.32933780550956726,0.019622767344117165,0.01310567744076252,0.01673843339085579,0.0195525661110878
41,KOR,South Korea,2023,-2.8068954944610596,1.059198260307312,4.690580368041992,6,0.34772443771362305,0.08299465477466583,0.4346860945224762,-0.04752127826213837,0.1522836983203888,0.09042569994926453,0.45620352029800415,0.20607954263687134,0.09295348078012466,0.067408986389637,0.14071984589099884,0.026556028053164482,0.27400439977645874,0.32933780550956726,0.019622767344117165,0.01310567744076252,0.01673843339085579,0.0195525661110878
42,KWT,Kuwait,2018,-6.3546881675720215,-0.13399434089660645,4.688730239868164,6,-0.23261572420597076,0.06701421737670898,-0.458217591047287,-0.03837116062641144,-0.3800378143787384,0.07301443070173264,0.1404082179069519,0.16639937460422516,0.09304787218570709,0.06755967438220978,0.14156760275363922,0.026682214811444283,0.27103763818740845,0.3313818871974945,0.019494852051138878,0.013257499784231186,0.016578879207372665,0.019391806796193123
42,KWT,Kuwait,2019,-7.2538886070251465,-0.4282957911491394,4.688730239868164,6,-0.23261572420597076,0.06701421737670898,-0.458217591047287,-0.03837116062641144,-0.3800378143787384,0.07301443070173264,0.1404082179069519,0.16639937460422516,0.09304787218570709,0.06755967438220978,0.14156760275363922,0.026682214811444283,0.27103763818740845,0.3313818871974945,0.019494852051138878,0.013257499784231186,0.016578879207372665,0.019391806796193123
42,KWT,Kuwait,2020,-6.158499240875244,-0.7306626439094543,4.688730239868164,6,-0.23261572420597076,0.06701421737670898,-0.458217591047287,-0.03837116062641144,-0.3800378143787384,0.07301443070173264,0.1404082179069519,0.16639937460422516,0.09304787218570709,0.06755967438220978,0.14156760275363922,0.026682214811444283,0.27103763818740845,0.3313818871974945,0.019494852051138878,0.013257499784231186,0.016578879207372665,0.019391806796193123
42,KWT,Kuwait,2021,-7.0740485191345215,-0.9712792634963989,4.688730239868164,6,-0.23261572420597076,0.06701421737670898,-0.458217591047287,-0.03837116062641144,-0.3800378143787384,0.07301443070173264,0.1404082179069519,0.16639937460422516,0.09304787218570709,0.06755967438220978,0.14156760275363922,0.026682214811444283,0.27103763818740845,0.3313818871974945,0.019494852051138878,0.013257499784231186,0.016578879207372665,0.019391806796193123
42,KWT,Kuwait,2022,-27.902793884277344,-1.1434921026229858,4.688730239868164,6,-0.23261572420597076,0.06701421737670898,-0.458217591047287,-0.03837116062641144,-0.3800378143787384,0.07301443070173264,0.1404082179069519,0.16639937460422516,0.09304787218570709,0.06755967438220978,0.14156760275363922,0.026682214811444283,0.27103763818740845,0.3313818871974945,0.019494852051138878,0.013257499784231186,0.016578879207372665,0.019391806796193123
42,KWT,Kuwait,2023,-27.870094299316406,-1.2609248161315918,4.688730239868164,6,-0.23261572420597076,0.06701421737670898,-0.458217591047287,-0.03837116062641144,-0.3800378143787384,0.07301443070173264,0.1404082179069519,0.16639937460422516,0.09304787218570709,0.06755967438220978,0.14156760275363922,0.026682214811444283,0.27103763818740845,0.3313818871974945,0.019494852051138878,0.013257499784231186,0.016578879207372665,0.019391806796193123
43,LKA,Sri Lanka,2018,2.3601856231689453,-0.44833076000213623,4.681482315063477,6,-0.550111711025238,0.004152015782892704,-0.720518171787262,-0.002377377590164542,-0.5627866387367249,0.0045237792655825615,-0.36703041195869446,0.010309645906090736,0.09341651201248169,0.06816224753856659,0.14491337537765503,0.027198849245905876,0.25944605469703674,0.3392238914966583,0.01900814101099968,0.013880842365324497,0.015972480177879333,0.018777623772621155
43,LKA,Sri Lanka,2019,4.711722373962402,0.022785112261772156,4.681482315063477,6,-0.550111711025238,0.004152015782892704,-0.720518171787262,-0.002377377590164542,-0.5627866387367249,0.0045237792655825615,-0.36703041195869446,0.010309645906090736,0.09341651201248169,0.06816224753856659,0.14491337537765503,0.027198849245905876,0.25944605469703674,0.3392238914966583,0.01900814101099968,0.013880842365324497,0.015972480177879333,0.018777623772621155
43,LKA,Sri Lanka,2020,4.523720741271973,0.0971778929233551,4.681482315063477,6,-0.550111711025238,0.004152015782892704,-0.720518171787262,-0.002377377590164542,-0.5627866387367249,0.0045237792655825615,-0.36703041195869446,0.010309645906090736,0.09341651201248169,0.06816224753856659,0.14491337537765503,0.027198849245905876,0.25944605469703674,0.3392238914966583,0.01900814101099968,0.013880842365324497,0.015972480177879333,0.018777623772621155
43,LKA,Sri Lanka,2021,1.3256715536117554,0.13127224147319794,4.681482315063477,6,-0.550111711025238,0.004152015782892704,-0.720518171787262,-0.002377377590164542,-0.5627866387367249,0.0045237792655825615,-0.36703041195869446,0.010309645906090736,0.09341651201248169,0.06816224753856659,0.14491337537765503,0.027198849245905876,0.25944605469703674,0.3392238914966583,0.01900814101099968,0.013880842365324497,0.015972480177879333,0.018777623772621155
43,LKA,Sri Lanka,2022,4.413687705993652,0.07048676908016205,4.681482315063477,6,-0.550111711025238,0.004152015782892704,-0.720518171787262,-0.002377377590164542,-0.5627866387367249,0.0045237792655825615,-0.36703041195869446,0.010309645906090736,0.09341651201248169,0.06816224753856659,0.14491337537765503,0.027198849245905876,0.25944605469703674,0.3392238914966583,0.01900814101099968,0.013880842365324497,0.015972480177879333,0.018777623772621155
43,LKA,Sri Lanka,2023,4.413687705993652,0.08296531438827515,4.681482315063477,6,-0.550111711025238,0.004152015782892704,-0.720518171787262,-0.002377377590164542,-0.5627866387367249,0.0045237792655825615,-0.36703041195869446,0.010309645906090736,0.09341651201248169,0.06816224753856659,0.14491337537765503,0.027198849245905876,0.25944605469703674,0.3392238914966583,0.01900814101099968,0.013880842365324497,0.015972480177879333,0.018777623772621155
44,LTU,Lithuania,2018,0.5927717685699463,0.7460808157920837,4.687134742736816,6,0.11791292577981949,0.053206562995910645,-0.0774189680814743,-0.03046514093875885,0.3881412148475647,0.05797048658132553,0.043016545474529266,0.13211433589458466,0.09312921017408371,0.06769067794084549,0.14230111241340637,0.026792919263243675,0.268480122089386,0.33313220739364624,0.019385691732168198,0.01339082419872284,0.016442785039544106,0.019254405051469803
44,LTU,Lithuania,2019,0.5042790174484253,0.8828273415565491,4.687134742736816,6,0.11791292577981949,0.053206562995910645,-0.0774189680814743,-0.03046514093875885,0.3881412148475647,0.05797048658132553,0.043016545474529266,0.13211433589458466,0.09312921017408371,0.06769067794084549,0.14230111241340637,0.026792919263243675,0.268480122089386,0.33313220739364624,0.019385691732168198,0.01339082419872284,0.016442785039544106,0.019254405051469803
44,LTU,Lithuania,2020,1.2348809242248535,0.9202856421470642,4.687134742736816,6,0.11791292577981949,0.053206562995910645,-0.0774189680814743,-0.03046514093875885,0.3881412148475647,0.05797048658132553,0.043016545474529266,0.13211433589458466,0.09312921017408371,0.06769067794084549,0.14230111241340637,0.026792919263243675,0.268480122089386,0.33313220739364624,0.019385691732168198,0.01339082419872284,0.016442785039544106,0.019254405051469803
44,LTU,Lithuania,2021,1.103811502456665,0.9291490912437439,4.687134742736816,6,0.11791292577981949,0.053206562995910645,-0.0774189680814743,-0.03046514093875885,0.3881412148475647,0.05797048658132553,0.043016545474529266,0.13211433589458466,0.09312921017408371,0.06769067794084549,0.14230111241340637,0.026792919263243675,0.268480122089386,0.33313220739364624,0.019385691732168198,0.01339082419872284,0.016442785039544106,0.019254405051469803
44,LTU,Lithuania,2022,0.6238992810249329,0.9298712611198425,4.687134742736816,6,0.11791292577981949,0.053206562995910645,-0.0774189680814743,-0.03046514093875885,0.3881412148475647,0.05797048658132553,0.043016545474529266,0.13211433589458466,0.09312921017408371,0.06769067794084549,0.14230111241340637,0.026792919263243675,0.268480122089386,0.33313220739364624,0.019385691732168198,0.01339082419872284,0.016442785039544106,0.019254405051469803
44,LTU,Lithuania,2023,-0.08893253654241562,0.9263197779655457,4.687134742736816,6,0.11791292577981949,0.053206562995910645,-0.0774189680814743,-0.03046514093875885,0.3881412148475647,0.05797048658132553,0.043016545474529266,0.13211433589458466,0.09312921017408371,0.06769067794084549,0.14230111241340637,0.026792919263243675,0.268480122089386,0.33313220739364624,0.019385691732168198,0.01339082419872284,0.016442785039544106,0.019254405051469803
45,LUX,Luxembourg,2018,-2.6616039276123047,0.22113068401813507,4.675985336303711,6,1.3627294301986694,-0.0436805784702301,1.4299343824386597,0.025010719895362854,1.3163741827011108,-0.047591567039489746,1.3418793678283691,-0.10846088081598282,0.09369418025016785,0.06863109022378922,0.14746664464473724,0.027613859623670578,0.2507351338863373,0.34495624899864197,0.018655458465218544,0.014383850619196892,0.015533620491623878,0.018329890444874763
45,LUX,Luxembourg,2019,-3.0985145568847656,-0.03844214975833893,4.675985336303711,6,1.3627294301986694,-0.0436805784702301,1.4299343824386597,0.025010719895362854,1.3163741827011108,-0.047591567039489746,1.3418793678283691,-0.10846088081598282,0.09369418025016785,0.06863109022378922,0.14746664464473724,0.027613859623670578,0.2507351338863373,0.34495624899864197,0.018655458465218544,0.014383850619196892,0.015533620491623878,0.018329890444874763
45,LUX,Luxembourg,2020,-3.1957318782806396,-0.297127366065979,4.675985336303711,6,1.3627294301986694,-0.0436805784702301,1.4299343824386597,0.025010719895362854,1.3163741827011108,-0.047591567039489746,1.3418793678283691,-0.10846088081598282,0.09369418025016785,0.06863109022378922,0.14746664464473724,0.027613859623670578,0.2507351338863373,0.34495624899864197,0.018655458465218544,0.014383850619196892,0.015533620491623878,0.018329890444874763
45,LUX,Luxembourg,2021,-3.2258713245391846,-0.5032393336296082,4.675985336303711,6,1.3627294301986694,-0.0436805784702301,1.4299343824386597,0.025010719895362854,1.3163741827011108,-0.047591567039489746,1.3418793678283691,-0.10846088081598282,0.09369418025016785,0.06863109022378922,0.14746664464473724,0.027613859623670578,0.2507351338863373,0.34495624899864197,0.018655458465218544,0.014383850619196892,0.015533620491623878,0.018329890444874763
45,LUX,Luxembourg,2022,-3.72668719291687,-0.6464889645576477,4.675985336303711,6,1.3627294301986694,-0.0436805784702301,1.4299343824386597,0.025010719895362854,1.3163741827011108,-0.047591567039489746,1.3418793678283691,-0.10846088081598282,0.09369418025016785,0.06863109022378922,0.14746664464473724,0.027613859623670578,0.2507351338863373,0.34495624899864197,0.018655458465218544,0.014383850619196892,0.015533620491623878,0.018329890444874763
45,LUX,Luxembourg,2023,-4.158839225769043,-0.7381213307380676,4.675985336303711,6,1.3627294301986694,-0.0436805784702301,1.4299343824386597,0.025010719895362854,1.3163741827011108,-0.047591567039489746,1.3418793678283691,-0.10846088081598282,0.09369418025016785,0.06863109022378922,0.14746664464473724,0.027613859623670578,0.2507351338863373,0.34495624899864197,0.018655458465218544,0.014383850619196892,0.015533620491623878,0.018329890444874763
46,LVA,Latvia,2018,2.136277437210083,0.6023660898208618,4.6866254806518555,6,0.05672547221183777,0.04879748448729515,-0.19147229194641113,-0.02794058248400688,0.368137001991272,0.05316663533449173,-0.006488294806331396,0.12116639316082001,0.09315513074398041,0.06773266941308975,0.14253553748130798,0.026828592643141747,0.2676646411418915,0.333687961101532,0.01935110054910183,0.01343381218612194,0.016399668529629707,0.019210821017622948
46,LVA,Latvia,2019,2.451484441757202,0.4522184729576111,4.6866254806518555,6,0.05672547221183777,0.04879748448729515,-0.19147229194641113,-0.02794058248400688,0.368137001991272,0.05316663533449173,-0.006488294806331396,0.12116639316082001,0.09315513074398041,0.06773266941308975,0.14253553748130798,0.026828592643141747,0.2676646411418915,0.333687961101532,0.01935110054910183,0.01343381218612194,0.016399668529629707,0.019210821017622948
46,LVA,Latvia,2020,0.5582294464111328,0.3564097285270691,4.6866254806518555,6,0.05672547221183777,0.04879748448729515,-0.19147229194641113,-0.02794058248400688,0.368137001991272,0.05316663533449173,-0.006488294806331396,0.12116639316082001,0.09315513074398041,0.06773266941308975,0.14253553748130798,0.026828592643141747,0.2676646411418915,0.333687961101532,0.01935110054910183,0.01343381218612194,0.016399668529629707,0.019210821017622948
46,LVA,Latvia,2021,0.538101315498352,0.24965299665927887,4.6866254806518555,6,0.05672547221183777,0.04879748448729515,-0.19147229194641113,-0.02794058248400688,0.368137001991272,0.05316663533449173,-0.006488294806331396,0.12116639316082001,0.09315513074398041,0.06773266941308975,0.14253553748130798,0.026828592643141747,0.2676646411418915,0.333687961101532,0.01935110054910183,0.01343381218612194,0.016399668529629707,0.019210821017622948
46,LVA,Latvia,2022,-1.1075773239135742,0.2292911857366562,4.6866254806518555,6,0.05672547221183777,0.04879748448729515,-0.19147229194641113,-0.02794058248400688,0.368137001991272,0.05316663533449173,-0.006488294806331396,0.12116639316082001,0.09315513074398041,0.06773266941308975,0.14253553748130798,0.026828592643141747,0.2676646411418915,0.333687961101532,0.01935110054910183,0.01343381218612194,0.016399668529629707,0.019210821017622948
46,LVA,Latvia,2023,-1.7468478679656982,0.25742852687835693,4.6866254806518555,6,0.05672547221183777,0.04879748448729515,-0.19147229194641113,-0.02794058248400688,0.368137001991272,0.05316663533449173,-0.006488294806331396,0.12116639316082001,0.09315513074398041,0.06773266941308975,0.14253553748130798,0.026828592643141747,0.2676646411418915,0.333687961101532,0.01935110054910183,0.01343381218612194,0.016399668529629707,0.019210821017622948
47,MAR,Morocco,2018,-2.0527760982513428,-1.308613657951355,4.678833961486816,6,-0.5677001476287842,-0.018881602212786674,-0.5921026468276978,0.010811264626681805,-0.603592574596405,-0.020572183653712273,-0.5074053406715393,-0.04688388481736183,0.09355051070451736,0.06838690489530563,0.1461423933506012,0.027396317571401596,0.2552376985549927,0.3420111835002899,0.01883639395236969,0.014119907282292843,0.015758724883198738,0.01855989173054695
47,MAR,Morocco,2019,-1.840488076210022,-0.7881549000740051,4.678833961486816,6,-0.5677001476287842,-0.018881602212786674,-0.5921026468276978,0.010811264626681805,-0.603592574596405,-0.020572183653712273,-0.5074053406715393,-0.04688388481736183,0.09355051070451736,0.06838690489530563,0.1461423933506012,0.027396317571401596,0.2552376985549927,0.3420111835002899,0.01883639395236969,0.014119907282292843,0.015758724883198738,0.01855989173054695
47,MAR,Morocco,2020,-1.5523828268051147,-0.6678621768951416,4.678833961486816,6,-0.5677001476287842,-0.018881602212786674,-0.5921026468276978,0.010811264626681805,-0.603592574596405,-0.020572183653712273,-0.5074053406715393,-0.04688388481736183,0.09355051070451736,0.06838690489530563,0.1461423933506012,0.027396317571401596,0.2552376985549927,0.3420111835002899,0.01883639395236969,0.014119907282292843,0.015758724883198738,0.01855989173054695
47,MAR,Morocco,2021,-1.670159101486206,-0.5738511681556702,4.678833961486816,6,-0.5677001476287842,-0.018881602212786674,-0.5921026468276978,0.010811264626681805,-0.603592574596405,-0.020572183653712273,-0.5074053406715393,-0.04688388481736183,0.09355051070451736,0.06838690489530563,0.1461423933506012,0.027396317571401596,0.2552376985549927,0.3420111835002899,0.01883639395236969,0.014119907282292843,0.015758724883198738,0.01855989173054695
47,MAR,Morocco,2022,-1.1988462209701538,-0.5658190846443176,4.678833961486816,6,-0.5677001476287842,-0.018881602212786674,-0.5921026468276978,0.010811264626681805,-0.603592574596405,-0.020572183653712273,-0.5074053406715393,-0.04688388481736183,0.09355051070451736,0.06838690489530563,0.1461423933506012,0.027396317571401596,0.2552376985549927,0.3420111835002899,0.01883639395236969,0.014119907282292843,0.015758724883198738,0.01855989173054695
47,MAR,Morocco,2023,-2.160374164581299,-0.5550755858421326,4.678833961486816,6,-0.5677001476287842,-0.018881602212786674,-0.5921026468276978,0.010811264626681805,-0.603592574596405,-0.020572183653712273,-0.5074053406715393,-0.04688388481736183,0.09355051070451736,0.06838690489530563,0.1461423933506012,0.027396317571401596,0.2552376985549927,0.3420111835002899,0.01883639395236969,0.014119907282292843,0.015758724883198738,0.01855989173054695
48,MEX,Mexico,2018,-1.2096426486968994,-0.06687131524085999,4.672973155975342,6,-0.4911726713180542,-0.06991489231586456,-0.5113726854324341,0.04003202170133591,-0.13761571049690247,-0.07617480307817459,-0.8245296478271484,-0.173601895570755,0.09384547173976898,0.0688919648528099,0.14886809885501862,0.02784961834549904,0.24600744247436523,0.3480055630207062,0.018468542024493217,0.014670596458017826,0.015301127918064594,0.018091563135385513
48,MEX,Mexico,2019,-1.0846872329711914,0.14921773970127106,4.672973155975342,6,-0.4911726713180542,-0.06991489231586456,-0.5113726854324341,0.04003202170133591,-0.13761571049690247,-0.07617480307817459,-0.8245296478271484,-0.173601895570755,0.09384547173976898,0.0688919648528099,0.14886809885501862,0.02784961834549904,0.24600744247436523,0.3480055630207062,0.018468542024493217,0.014670596458017826,0.015301127918064594,0.018091563135385513
48,MEX,Mexico,2020,-3.962113618850708,0.2180764526128769,4.672973155975342,6,-0.4911726713180542,-0.06991489231586456,-0.5113726854324341,0.04003202170133591,-0.13761571049690247,-0.07617480307817459,-0.8245296478271484,-0.173601895570755,0.09384547173976898,0.0688919648528099,0.14886809885501862,0.02784961834549904,0.24600744247436523,0.3480055630207062,0.018468542024493217,0.014670596458017826,0.015301127918064594,0.018091563135385513
48,MEX,Mexico,2021,-5.881318092346191,0.1598181575536728,4.672973155975342,6,-0.4911726713180542,-0.06991489231586456,-0.5113726854324341,0.04003202170133591,-0.13761571049690247,-0.07617480307817459,-0.8245296478271484,-0.173601895570755,0.09384547173976898,0.0688919648528099,0.14886809885501862,0.02784961834549904,0.24600744247436523,0.3480055630207062,0.018468542024493217,0.014670596458017826,0.015301127918064594,0.018091563135385513
48,MEX,Mexico,2022,-5.320054531097412,0.12473969161510468,4.672973155975342,6,-0.4911726713180542,-0.06991489231586456,-0.5113726854324341,0.04003202170133591,-0.13761571049690247,-0.07617480307817459,-0.8245296478271484,-0.173601895570755,0.09384547173976898,0.0688919648528099,0.14886809885501862,0.02784961834549904,0.24600744247436523,0.3480055630207062,0.018468542024493217,0.014670596458017826,0.015301127918064594,0.018091563135385513
48,MEX,Mexico,2023,-3.6169328689575195,0.12526963651180267,4.672973155975342,6,-0.4911726713180542,-0.06991489231586456,-0.5113726854324341,0.04003202170133591,-0.13761571049690247,-0.07617480307817459,-0.8245296478271484,-0.173601895570755,0.09384547173976898,0.0688919648528099,0.14886809885501862,0.02784961834549904,0.24600744247436523,0.3480055630207062,0.018468542024493217,0.014670596458017826,0.015301127918064594,0.018091563135385513
49,MKD,North Macedonia,2018,-4.225182056427002,-1.0432140827178955,4.680255889892578,6,-0.8401430249214172,-0.006514884997159243,-0.9831662178039551,0.0037303015124052763,-0.6911687254905701,-0.007098197005689144,-0.8460942506790161,-0.01617676019668579,0.09347864240407944,0.06826603412628174,0.1454823911190033,0.027289753779768944,0.2574942111968994,0.3405207693576813,0.01892816089093685,0.013990826904773712,0.015872929245233536,0.018676303327083588
49,MKD,North Macedonia,2019,-2.3085620403289795,-0.8623592257499695,4.680255889892578,6,-0.8401430249214172,-0.006514884997159243,-0.9831662178039551,0.0037303015124052763,-0.6911687254905701,-0.007098197005689144,-0.8460942506790161,-0.01617676019668579,0.09347864240407944,0.06826603412628174,0.1454823911190033,0.027289753779768944,0.2574942111968994,0.3405207693576813,0.01892816089093685,0.013990826904773712,0.015872929245233536,0.018676303327083588
49,MKD,North Macedonia,2020,-3.7089016437530518,-0.7965459227561951,4.680255889892578,6,-0.8401430249214172,-0.006514884997159243,-0.9831662178039551,0.0037303015124052763,-0.6911687254905701,-0.007098197005689144,-0.8460942506790161,-0.01617676019668579,0.09347864240407944,0.06826603412628174,0.1454823911190033,0.027289753779768944,0.2574942111968994,0.3405207693576813,0.01892816089093685,0.013990826904773712,0.015872929245233536,0.018676303327083588
49,MKD,North Macedonia,2021,-4.82833194732666,-0.7372398972511292,4.680255889892578,6,-0.8401430249214172,-0.006514884997159243,-0.9831662178039551,0.0037303015124052763,-0.6911687254905701,-0.007098197005689144,-0.8460942506790161,-0.01617676019668579,0.09347864240407944,0.06826603412628174,0.1454823911190033,0.027289753779768944,0.2574942111968994,0.3405207693576813,0.01892816089093685,0.013990826904773712,0.015872929245233536,0.018676303327083588
49,MKD,North Macedonia,2022,-3.69097900390625,-0.8018600940704346,4.680255889892578,6,-0.8401430249214172,-0.006514884997159243,-0.9831662178039551,0.0037303015124052763,-0.6911687254905701,-0.007098197005689144,-0.8460942506790161,-0.01617676019668579,0.09347864240407944,0.06826603412628174,0.1454823911190033,0.027289753779768944,0.2574942111968994,0.3405207693576813,0.01892816089093685,0.013990826904773712,0.015872929245233536,0.018676303327083588
49,MKD,North Macedonia,2023,-4.7387189865112305,-0.8369206190109253,4.680255889892578,6,-0.8401430249214172,-0.006514884997159243,-0.9831662178039551,0.0037303015124052763,-0.6911687254905701,-0.007098197005689144,-0.8460942506790161,-0.01617676019668579,0.09347864240407944,0.06826603412628174,0.1454823911190033,0.027289753779768944,0.2574942111968994,0.3405207693576813,0.01892816089093685,0.013990826904773712,0.015872929245233536,0.018676303327083588
50,MYS,Malaysia,2018,0.02772342786192894,0.21701069176197052,4.667762279510498,6,0.11615476757287979,-0.11527955532073975,0.3967877924442291,0.06600701808929443,0.08836042881011963,-0.12560124695301056,-0.1366838961839676,-0.2862444221973419,0.09410551935434341,0.06934921443462372,0.1512908637523651,0.02827104739844799,0.23792900145053864,0.3531087636947632,0.018156228587031364,0.015185019001364708,0.014912697486579418,0.017691595479846
50,MYS,Malaysia,2019,-0.08382336795330048,0.20071648061275482,4.667762279510498,6,0.11615476757287979,-0.11527955532073975,0.3967877924442291,0.06600701808929443,0.08836042881011963,-0.12560124695301056,-0.1366838961839676,-0.2862444221973419,0.09410551935434341,0.06934921443462372,0.1512908637523651,0.02827104739844799,0.23792900145053864,0.3531087636947632,0.018156228587031364,0.015185019001364708,0.014912697486579418,0.017691595479846
50,MYS,Malaysia,2020,0.11602042615413666,0.11895515024662018,4.667762279510498,6,0.11615476757287979,-0.11527955532073975,0.3967877924442291,0.06600701808929443,0.08836042881011963,-0.12560124695301056,-0.1366838961839676,-0.2862444221973419,0.09410551935434341,0.06934921443462372,0.1512908637523651,0.02827104739844799,0.23792900145053864,0.3531087636947632,0.018156228587031364,0.015185019001364708,0.014912697486579418,0.017691595479846
50,MYS,Malaysia,2021,-0.4654858112335205,0.02502940595149994,4.667762279510498,6,0.11615476757287979,-0.11527955532073975,0.3967877924442291,0.06600701808929443,0.08836042881011963,-0.12560124695301056,-0.1366838961839676,-0.2862444221973419,0.09410551935434341,0.06934921443462372,0.1512908637523651,0.02827104739844799,0.23792900145053864,0.3531087636947632,0.018156228587031364,0.015185019001364708,0.014912697486579418,0.017691595479846
50,MYS,Malaysia,2022,-0.6587987542152405,-0.04606015980243683,4.667762279510498,6,0.11615476757287979,-0.11527955532073975,0.3967877924442291,0.06600701808929443,0.08836042881011963,-0.12560124695301056,-0.1366838961839676,-0.2862444221973419,0.09410551935434341,0.06934921443462372,0.1512908637523651,0.02827104739844799,0.23792900145053864,0.3531087636947632,0.018156228587031364,0.015185019001364708,0.014912697486579418,0.017691595479846
50,MYS,Malaysia,2023,-0.5584850311279297,-0.09648095071315765,4.667762279510498,6,0.11615476757287979,-0.11527955532073975,0.3967877924442291,0.06600701808929443,0.08836042881011963,-0.12560124695301056,-0.1366838961839676,-0.2862444221973419,0.09410551935434341,0.06934921443462372,0.1512908637523651,0.02827104739844799,0.23792900145053864,0.3531087636947632,0.018156228587031364,0.015185019001364708,0.014912697486579418,0.017691595479846
51,NLD,Netherlands,2018,-2.012981653213501,-0.8655243515968323,4.675257682800293,6,1.3984497785568237,-0.050020258873701096,1.432983160018921,0.028640709817409515,1.4087532758712769,-0.054498881101608276,1.3536127805709839,-0.12420260161161423,0.09373079985380173,0.06869389116764069,0.14780530333518982,0.027670307084918022,0.2495892196893692,0.3456994593143463,0.018609866499900818,0.014452432282269001,0.015476908534765244,0.018271826207637787
51,NLD,Netherlands,2019,-4.107210636138916,-1.19687819480896,4.675257682800293,6,1.3984497785568237,-0.050020258873701096,1.432983160018921,0.028640709817409515,1.4087532758712769,-0.054498881101608276,1.3536127805709839,-0.12420260161161423,0.09373079985380173,0.06869389116764069,0.14780530333518982,0.027670307084918022,0.2495892196893692,0.3456994593143463,0.018609866499900818,0.014452432282269001,0.015476908534765244,0.018271826207637787
51,NLD,Netherlands,2020,-6.567773342132568,-1.4697479009628296,4.675257682800293,6,1.3984497785568237,-0.050020258873701096,1.432983160018921,0.028640709817409515,1.4087532758712769,-0.054498881101608276,1.3536127805709839,-0.12420260161161423,0.09373079985380173,0.06869389116764069,0.14780530333518982,0.027670307084918022,0.2495892196893692,0.3456994593143463,0.018609866499900818,0.014452432282269001,0.015476908534765244,0.018271826207637787
51,NLD,Netherlands,2021,-6.225274562835693,-1.6550190448760986,4.675257682800293,6,1.3984497785568237,-0.050020258873701096,1.432983160018921,0.028640709817409515,1.4087532758712769,-0.054498881101608276,1.3536127805709839,-0.12420260161161423,0.09373079985380173,0.06869389116764069,0.14780530333518982,0.027670307084918022,0.2495892196893692,0.3456994593143463,0.018609866499900818,0.014452432282269001,0.015476908534765244,0.018271826207637787
51,NLD,Netherlands,2022,-7.184930801391602,-1.771654725074768,4.675257682800293,6,1.3984497785568237,-0.050020258873701096,1.432983160018921,0.028640709817409515,1.4087532758712769,-0.054498881101608276,1.3536127805709839,-0.12420260161161423,0.09373079985380173,0.06869389116764069,0.14780530333518982,0.027670307084918022,0.2495892196893692,0.3456994593143463,0.018609866499900818,0.014452432282269001,0.015476908534765244,0.018271826207637787
51,NLD,Netherlands,2023,-9.322796821594238,-1.8386104106903076,4.675257682800293,6,1.3984497785568237,-0.050020258873701096,1.432983160018921,0.028640709817409515,1.4087532758712769,-0.054498881101608276,1.3536127805709839,-0.12420260161161423,0.09373079985380173,0.06869389116764069,0.14780530333518982,0.027670307084918022,0.2495892196893692,0.3456994593143463,0.018609866499900818,0.014452432282269001,0.015476908534765244,0.018271826207637787
52,NOR,Norway,2018,0.684697687625885,0.97074955701828,4.684193134307861,6,1.3073252439498901,0.027700046077370644,1.3803420066833496,-0.01586056314408779,1.0274958610534668,0.03018021397292614,1.5141379833221436,0.06878048926591873,0.0932789221405983,0.06793469190597534,0.1436583250761032,0.0270015187561512,0.26377159357070923,0.33632519841194153,0.019187377765774727,0.013642393052577972,0.01619567535817623,0.019004274159669876
52,NOR,Norway,2019,0.7579119205474854,1.0274245738983154,4.684193134307861,6,1.3073252439498901,0.027700046077370644,1.3803420066833496,-0.01586056314408779,1.0274958610534668,0.03018021397292614,1.5141379833221436,0.06878048926591873,0.0932789221405983,0.06793469190597534,0.1436583250761032,0.0270015187561512,0.26377159357070923,0.33632519841194153,0.019187377765774727,0.013642393052577972,0.01619567535817623,0.019004274159669876
52,NOR,Norway,2020,0.16256453096866608,0.9963975548744202,4.684193134307861,6,1.3073252439498901,0.027700046077370644,1.3803420066833496,-0.01586056314408779,1.0274958610534668,0.03018021397292614,1.5141379833221436,0.06878048926591873,0.0932789221405983,0.06793469190597534,0.1436583250761032,0.0270015187561512,0.26377159357070923,0.33632519841194153,0.019187377765774727,0.013642393052577972,0.01619567535817623,0.019004274159669876
52,NOR,Norway,2021,-0.5059971213340759,0.964399516582489,4.684193134307861,6,1.3073252439498901,0.027700046077370644,1.3803420066833496,-0.01586056314408779,1.0274958610534668,0.03018021397292614,1.5141379833221436,0.06878048926591873,0.0932789221405983,0.06793469190597534,0.1436583250761032,0.0270015187561512,0.26377159357070923,0.33632519841194153,0.019187377765774727,0.013642393052577972,0.01619567535817623,0.019004274159669876
52,NOR,Norway,2022,0.01806272566318512,0.948702871799469,4.684193134307861,6,1.3073252439498901,0.027700046077370644,1.3803420066833496,-0.01586056314408779,1.0274958610534668,0.03018021397292614,1.5141379833221436,0.06878048926591873,0.0932789221405983,0.06793469190597534,0.1436583250761032,0.0270015187561512,0.26377159357070923,0.33632519841194153,0.019187377765774727,0.013642393052577972,0.01619567535817623,0.019004274159669876
52,NOR,Norway,2023,0.1799047440290451,0.9138111472129822,4.684193134307861,6,1.3073252439498901,0.027700046077370644,1.3803420066833496,-0.01586056314408779,1.0274958610534668,0.03018021397292614,1.5141379833221436,0.06878048926591873,0.0932789221405983,0.06793469190597534,0.1436583250761032,0.0270015187561512,0.26377159357070923,0.33632519841194153,0.019187377765774727,0.013642393052577972,0.01619567535817623,0.019004274159669876
53,NZL,New Zealand,2018,-2.981884479522705,-0.041105806827545166,4.678750038146973,6,1.3908849954605103,-0.019611142575740814,1.414912223815918,0.011228987015783787,1.3223596811294556,-0.021367045119404793,1.4353830814361572,-0.04869537055492401,0.09355475753545761,0.06839405745267868,0.14618133008480072,0.027402639389038086,0.25510483980178833,0.3420986533164978,0.01883101277053356,0.014127573929727077,0.015752028673887253,0.01855306141078472
53,NZL,New Zealand,2019,-2.6216039657592773,-0.35073989629745483,4.678750038146973,6,1.3908849954605103,-0.019611142575740814,1.414912223815918,0.011228987015783787,1.3223596811294556,-0.021367045119404793,1.4353830814361572,-0.04869537055492401,0.09355475753545761,0.06839405745267868,0.14618133008480072,0.027402639389038086,0.25510483980178833,0.3420986533164978,0.01883101277053356,0.014127573929727077,0.015752028673887253,0.01855306141078472
53,NZL,New Zealand,2020,-2.319328546524048,-0.6475843787193298,4.678750038146973,6,1.3908849954605103,-0.019611142575740814,1.414912223815918,0.011228987015783787,1.3223596811294556,-0.021367045119404793,1.4353830814361572,-0.04869537055492401,0.09355475753545761,0.06839405745267868,0.14618133008480072,0.027402639389038086,0.25510483980178833,0.3420986533164978,0.01883101277053356,0.014127573929727077,0.015752028673887253,0.01855306141078472
53,NZL,New Zealand,2021,-2.2188103199005127,-0.8569630980491638,4.678750038146973,6,1.3908849954605103,-0.019611142575740814,1.414912223815918,0.011228987015783787,1.3223596811294556,-0.021367045119404793,1.4353830814361572,-0.04869537055492401,0.09355475753545761,0.06839405745267868,0.14618133008480072,0.027402639389038086,0.25510483980178833,0.3420986533164978,0.01883101277053356,0.014127573929727077,0.015752028673887253,0.01855306141078472
53,NZL,New Zealand,2022,-3.390082359313965,-1.0388745069503784,4.678750038146973,6,1.3908849954605103,-0.019611142575740814,1.414912223815918,0.011228987015783787,1.3223596811294556,-0.021367045119404793,1.4353830814361572,-0.04869537055492401,0.09355475753545761,0.06839405745267868,0.14618133008480072,0.027402639389038086,0.25510483980178833,0.3420986533164978,0.01883101277053356,0.014127573929727077,0.015752028673887253,0.01855306141078472
53,NZL,New Zealand,2023,-3.6847918033599854,-1.1389015913009644,4.678750038146973,6,1.3908849954605103,-0.019611142575740814,1.414912223815918,0.011228987015783787,1.3223596811294556,-0.021367045119404793,1.4353830814361572,-0.04869537055492401,0.09355475753545761,0.06839405745267868,0.14618133008480072,0.027402639389038086,0.25510483980178833,0.3420986533164978,0.01883101277053356,0.014127573929727077,0.015752028673887253,0.01855306141078472
54,OMN,Oman,2018,-1.4833542108535767,-1.105993628501892,4.689501762390137,6,-0.0670604482293129,0.07368049770593643,-0.2567063570022583,-0.04218815639615059,0.022247422486543655,0.08027758449316025,0.033277593553066254,0.18295206129550934,0.09300854802131653,0.06749669462442398,0.1412138044834137,0.02662932313978672,0.2722744643688202,0.3305315673351288,0.01954801008105278,0.013193847611546516,0.016645168885588646,0.019458644092082977
54,OMN,Oman,2019,-1.4833542108535767,-1.2380998134613037,4.689501762390137,6,-0.0670604482293129,0.07368049770593643,-0.2567063570022583,-0.04218815639615059,0.022247422486543655,0.08027758449316025,0.033277593553066254,0.18295206129550934,0.09300854802131653,0.06749669462442398,0.1412138044834137,0.02662932313978672,0.2722744643688202,0.3305315673351288,0.01954801008105278,0.013193847611546516,0.016645168885588646,0.019458644092082977
54,OMN,Oman,2020,-1.9118425846099854,-1.4005540609359741,4.689501762390137,6,-0.0670604482293129,0.07368049770593643,-0.2567063570022583,-0.04218815639615059,0.022247422486543655,0.08027758449316025,0.033277593553066254,0.18295206129550934,0.09300854802131653,0.06749669462442398,0.1412138044834137,0.02662932313978672,0.2722744643688202,0.3305315673351288,0.01954801008105278,0.013193847611546516,0.016645168885588646,0.019458644092082977
54,OMN,Oman,2021,-2.7994258403778076,-1.5397870540618896,4.689501762390137,6,-0.0670604482293129,0.07368049770593643,-0.2567063570022583,-0.04218815639615059,0.022247422486543655,0.08027758449316025,0.033277593553066254,0.18295206129550934,0.09300854802131653,0.06749669462442398,0.1412138044834137,0.02662932313978672,0.2722744643688202,0.3305315673351288,0.01954801008105278,0.013193847611546516,0.016645168885588646,0.019458644092082977
54,OMN,Oman,2022,-4.406257152557373,-1.643776774406433,4.689501762390137,6,-0.0670604482293129,0.07368049770593643,-0.2567063570022583,-0.04218815639615059,0.022247422486543655,0.08027758449316025,0.033277593553066254,0.18295206129550934,0.09300854802131653,0.06749669462442398,0.1412138044834137,0.02662932313978672,0.2722744643688202,0.3305315673351288,0.01954801008105278,0.013193847611546516,0.016645168885588646,0.019458644092082977
54,OMN,Oman,2023,-4.634274482727051,-1.7170664072036743,4.689501762390137,6,-0.0670604482293129,0.07368049770593643,-0.2567063570022583,-0.04218815639615059,0.022247422486543655,0.08027758449316025,0.033277593553066254,0.18295206129550934,0.09300854802131653,0.06749669462442398,0.1412138044834137,0.02662932313978672,0.2722744643688202,0.3305315673351288,0.01954801008105278,0.013193847611546516,0.016645168885588646,0.019458644092082977
55,PAK,Pakistan,2018,0.6607634425163269,-1.8226147890090942,4.678284645080566,6,-1.1695586442947388,-0.023663410916924477,-1.022442102432251,0.013549244962632656,-1.2194249629974365,-0.025782139971852303,-1.2668088674545288,-0.058757342398166656,0.0935782715678215,0.06843380630016327,0.146397665143013,0.027437865734100342,0.2543671429157257,0.34258368611335754,0.018801184371113777,0.014170268550515175,0.015714911743998528,0.01851518265902996
55,PAK,Pakistan,2019,0.263211190700531,-1.3735352754592896,4.678284645080566,6,-1.1695586442947388,-0.023663410916924477,-1.022442102432251,0.013549244962632656,-1.2194249629974365,-0.025782139971852303,-1.2668088674545288,-0.058757342398166656,0.0935782715678215,0.06843380630016327,0.146397665143013,0.027437865734100342,0.2543671429157257,0.34258368611335754,0.018801184371113777,0.014170268550515175,0.015714911743998528,0.01851518265902996
55,PAK,Pakistan,2020,0.5979493856430054,-1.229965090751648,4.678284645080566,6,-1.1695586442947388,-0.023663410916924477,-1.022442102432251,0.013549244962632656,-1.2194249629974365,-0.025782139971852303,-1.2668088674545288,-0.058757342398166656,0.0935782715678215,0.06843380630016327,0.146397665143013,0.027437865734100342,0.2543671429157257,0.34258368611335754,0.018801184371113777,0.014170268550515175,0.015714911743998528,0.01851518265902996
55,PAK,Pakistan,2021,-0.27455824613571167,-1.1818643808364868,4.678284645080566,6,-1.1695586442947388,-0.023663410916924477,-1.022442102432251,0.013549244962632656,-1.2194249629974365,-0.025782139971852303,-1.2668088674545288,-0.058757342398166656,0.0935782715678215,0.06843380630016327,0.146397665143013,0.027437865734100342,0.2543671429157257,0.34258368611335754,0.018801184371113777,0.014170268550515175,0.015714911743998528,0.01851518265902996
55,PAK,Pakistan,2022,-1.3144348859786987,-1.2058764696121216,4.678284645080566,6,-1.1695586442947388,-0.023663410916924477,-1.022442102432251,0.013549244962632656,-1.2194249629974365,-0.025782139971852303,-1.2668088674545288,-0.058757342398166656,0.0935782715678215,0.06843380630016327,0.146397665143013,0.027437865734100342,0.2543671429157257,0.34258368611335754,0.018801184371113777,0.014170268550515175,0.015714911743998528,0.01851518265902996
55,PAK,Pakistan,2023,-1.7306287288665771,-1.2497237920761108,4.678284645080566,6,-1.1695586442947388,-0.023663410916924477,-1.022442102432251,0.013549244962632656,-1.2194249629974365,-0.025782139971852303,-1.2668088674545288,-0.058757342398166656,0.0935782715678215,0.06843380630016327,0.146397665143013,0.027437865734100342,0.2543671429157257,0.34258368611335754,0.018801184371113777,0.014170268550515175,0.015714911743998528,0.01851518265902996
56,PER,Peru,2018,1.0936386585235596,-0.431269109249115,4.6786627769470215,6,-0.6950809359550476,-0.020372658967971802,-0.8969854712486267,0.011665018275380135,-0.25150150060653687,-0.02219674549996853,-0.9367557168006897,-0.05058624967932701,0.0935591608285904,0.0684015154838562,0.14622198045253754,0.027409246191382408,0.2549661099910736,0.3421900272369385,0.01882539689540863,0.014135580509901047,0.015745041891932487,0.018545931205153465
56,PER,Peru,2019,1.1609760522842407,0.1309434026479721,4.6786627769470215,6,-0.6950809359550476,-0.020372658967971802,-0.8969854712486267,0.011665018275380135,-0.25150150060653687,-0.02219674549996853,-0.9367557168006897,-0.05058624967932701,0.0935591608285904,0.0684015154838562,0.14622198045253754,0.027409246191382408,0.2549661099910736,0.3421900272369385,0.01882539689540863,0.014135580509901047,0.015745041891932487,0.018545931205153465
56,PER,Peru,2020,0.8656606674194336,0.4204593300819397,4.6786627769470215,6,-0.6950809359550476,-0.020372658967971802,-0.8969854712486267,0.011665018275380135,-0.25150150060653687,-0.02219674549996853,-0.9367557168006897,-0.05058624967932701,0.0935591608285904,0.0684015154838562,0.14622198045253754,0.027409246191382408,0.2549661099910736,0.3421900272369385,0.01882539689540863,0.014135580509901047,0.015745041891932487,0.018545931205153465
56,PER,Peru,2021,1.0604026317596436,0.6084859371185303,4.6786627769470215,6,-0.6950809359550476,-0.020372658967971802,-0.8969854712486267,0.011665018275380135,-0.25150150060653687,-0.02219674549996853,-0.9367557168006897,-0.05058624967932701,0.0935591608285904,0.0684015154838562,0.14622198045253754,0.027409246191382408,0.2549661099910736,0.3421900272369385,0.01882539689540863,0.014135580509901047,0.015745041891932487,0.018545931205153465
56,PER,Peru,2022,1.6989833116531372,0.7192218899726868,4.6786627769470215,6,-0.6950809359550476,-0.020372658967971802,-0.8969854712486267,0.011665018275380135,-0.25150150060653687,-0.02219674549996853,-0.9367557168006897,-0.05058624967932701,0.0935591608285904,0.0684015154838562,0.14622198045253754,0.027409246191382408,0.2549661099910736,0.3421900272369385,0.01882539689540863,0.014135580509901047,0.015745041891932487,0.018545931205153465
56,PER,Peru,2023,1.919171690940857,0.9145229458808899,4.6786627769470215,6,-0.6950809359550476,-0.020372658967971802,-0.8969854712486267,0.011665018275380135,-0.25150150060653687,-0.02219674549996853,-0.9367557168006897,-0.05058624967932701,0.0935591608285904,0.0684015154838562,0.14622198045253754,0.027409246191382408,0.2549661099910736,0.3421900272369385,0.01882539689540863,0.014135580509901047,0.015745041891932487,0.018545931205153465
57,PHL,Philippines,2018,4.912133693695068,-1.2018892765045166,4.67585563659668,6,-0.5819682478904724,-0.044813353568315506,-0.5483519434928894,0.02565932832658291,-0.43141669034957886,-0.04882577061653137,-0.7661361694335938,-0.1112736240029335,0.09370072931051254,0.06864229589700699,0.14752717316150665,0.027623921632766724,0.2505302429199219,0.345089316368103,0.018647294491529465,0.014396078884601593,0.015523459762334824,0.018319491297006607
57,PHL,Philippines,2019,5.833406925201416,-0.619232714176178,4.67585563659668,6,-0.5819682478904724,-0.044813353568315506,-0.5483519434928894,0.02565932832658291,-0.43141669034957886,-0.04882577061653137,-0.7661361694335938,-0.1112736240029335,0.09370072931051254,0.06864229589700699,0.14752717316150665,0.027623921632766724,0.2505302429199219,0.345089316368103,0.018647294491529465,0.014396078884601593,0.015523459762334824,0.018319491297006607
57,PHL,Philippines,2020,6.113379955291748,-0.3270428776741028,4.67585563659668,6,-0.5819682478904724,-0.044813353568315506,-0.5483519434928894,0.02565932832658291,-0.43141669034957886,-0.04882577061653137,-0.7661361694335938,-0.1112736240029335,0.09370072931051254,0.06864229589700699,0.14752717316150665,0.027623921632766724,0.2505302429199219,0.345089316368103,0.018647294491529465,0.014396078884601593,0.015523459762334824,0.018319491297006607
57,PHL,Philippines,2021,6.149739742279053,-0.18941481411457062,4.67585563659668,6,-0.5819682478904724,-0.044813353568315506,-0.5483519434928894,0.02565932832658291,-0.43141669034957886,-0.04882577061653137,-0.7661361694335938,-0.1112736240029335,0.09370072931051254,0.06864229589700699,0.14752717316150665,0.027623921632766724,0.2505302429199219,0.345089316368103,0.018647294491529465,0.014396078884601593,0.015523459762334824,0.018319491297006607
57,PHL,Philippines,2022,6.288362503051758,-0.14830194413661957,4.67585563659668,6,-0.5819682478904724,-0.044813353568315506,-0.5483519434928894,0.02565932832658291,-0.43141669034957886,-0.04882577061653137,-0.7661361694335938,-0.1112736240029335,0.09370072931051254,0.06864229589700699,0.14752717316150665,0.027623921632766724,0.2505302429199219,0.345089316368103,0.018647294491529465,0.014396078884601593,0.015523459762334824,0.018319491297006607
57,PHL,Philippines,2023,6.736955165863037,-0.14638687670230865,4.67585563659668,6,-0.5819682478904724,-0.044813353568315506,-0.5483519434928894,0.02565932832658291,-0.43141669034957886,-0.04882577061653137,-0.7661361694335938,-0.1112736240029335,0.09370072931051254,0.06864229589700699,0.14752717316150665,0.027623921632766724,0.2505302429199219,0.345089316368103,0.018647294491529465,0.014396078884601593,0.015523459762334824,0.018319491297006607
58,POL,Poland,2018,-5.292060375213623,-0.9591005444526672,4.692660331726074,6,0.13508905470371246,0.10093196481466293,0.0030404042918235064,-0.05779185891151428,0.21474087238311768,0.10996904224157333,0.18748588860034943,0.25061869621276855,0.09284722059965134,0.06724108010530472,0.139770045876503,0.0264168381690979,0.2773416340351105,0.327021062374115,0.01976834610104561,0.012938396073877811,0.016920140013098717,0.019735222682356834
58,POL,Poland,2019,-6.858757495880127,-0.9780210852622986,4.692660331726074,6,0.13508905470371246,0.10093196481466293,0.0030404042918235064,-0.05779185891151428,0.21474087238311768,0.10996904224157333,0.18748588860034943,0.25061869621276855,0.09284722059965134,0.06724108010530472,0.139770045876503,0.0264168381690979,0.2773416340351105,0.327021062374115,0.01976834610104561,0.012938396073877811,0.016920140013098717,0.019735222682356834
58,POL,Poland,2020,-8.258927345275879,-1.084591269493103,4.692660331726074,6,0.13508905470371246,0.10093196481466293,0.0030404042918235064,-0.05779185891151428,0.21474087238311768,0.10996904224157333,0.18748588860034943,0.25061869621276855,0.09284722059965134,0.06724108010530472,0.139770045876503,0.0264168381690979,0.2773416340351105,0.327021062374115,0.01976834610104561,0.012938396073877811,0.016920140013098717,0.019735222682356834
58,POL,Poland,2021,-7.500536918640137,-1.1779003143310547,4.692660331726074,6,0.13508905470371246,0.10093196481466293,0.0030404042918235064,-0.05779185891151428,0.21474087238311768,0.10996904224157333,0.18748588860034943,0.25061869621276855,0.09284722059965134,0.06724108010530472,0.139770045876503,0.0264168381690979,0.2773416340351105,0.327021062374115,0.01976834610104561,0.012938396073877811,0.016920140013098717,0.019735222682356834
58,POL,Poland,2022,-8.502216339111328,-1.2464498281478882,4.692660331726074,6,0.13508905470371246,0.10093196481466293,0.0030404042918235064,-0.05779185891151428,0.21474087238311768,0.10996904224157333,0.18748588860034943,0.25061869621276855,0.09284722059965134,0.06724108010530472,0.139770045876503,0.0264168381690979,0.2773416340351105,0.327021062374115,0.01976834610104561,0.012938396073877811,0.016920140013098717,0.019735222682356834
58,POL,Poland,2023,-11.761031150817871,-1.293394684791565,4.692660331726074,6,0.13508905470371246,0.10093196481466293,0.0030404042918235064,-0.05779185891151428,0.21474087238311768,0.10996904224157333,0.18748588860034943,0.25061869621276855,0.09284722059965134,0.06724108010530472,0.139770045876503,0.0264168381690979,0.2773416340351105,0.327021062374115,0.01976834610104561,0.012938396073877811,0.016920140013098717,0.019735222682356834
59,PRT,Portugal,2018,-1.9006779193878174,-0.3721434473991394,4.696590423583984,6,0.5889715552330017,0.13469214737415314,0.3899436593055725,-0.07712234556674957,0.6463295221328735,0.1467519998550415,0.7306414842605591,0.3344467878341675,0.09264630079269409,0.06692860275506973,0.13798804581165314,0.026161855086684227,0.2836388647556305,0.3226009011268616,0.020048072561621666,0.012632385827600956,0.017269635573029518,0.020085323601961136
59,PRT,Portugal,2019,-2.685220718383789,-0.45543408393859863,4.696590423583984,6,0.5889715552330017,0.13469214737415314,0.3899436593055725,-0.07712234556674957,0.6463295221328735,0.1467519998550415,0.7306414842605591,0.3344467878341675,0.09264630079269409,0.06692860275506973,0.13798804581165314,0.026161855086684227,0.2836388647556305,0.3226009011268616,0.020048072561621666,0.012632385827600956,0.017269635573029518,0.020085323601961136
59,PRT,Portugal,2020,-3.400998592376709,-0.6516069769859314,4.696590423583984,6,0.5889715552330017,0.13469214737415314,0.3899436593055725,-0.07712234556674957,0.6463295221328735,0.1467519998550415,0.7306414842605591,0.3344467878341675,0.09264630079269409,0.06692860275506973,0.13798804581165314,0.026161855086684227,0.2836388647556305,0.3226009011268616,0.020048072561621666,0.012632385827600956,0.017269635573029518,0.020085323601961136
59,PRT,Portugal,2021,-3.9149670600891113,-0.7680801153182983,4.696590423583984,6,0.5889715552330017,0.13469214737415314,0.3899436593055725,-0.07712234556674957,0.6463295221328735,0.1467519998550415,0.7306414842605591,0.3344467878341675,0.09264630079269409,0.06692860275506973,0.13798804581165314,0.026161855086684227,0.2836388647556305,0.3226009011268616,0.020048072561621666,0.012632385827600956,0.017269635573029518,0.020085323601961136
59,PRT,Portugal,2022,-3.713021755218506,-0.8812348246574402,4.696590423583984,6,0.5889715552330017,0.13469214737415314,0.3899436593055725,-0.07712234556674957,0.6463295221328735,0.1467519998550415,0.7306414842605591,0.3344467878341675,0.09264630079269409,0.06692860275506973,0.13798804581165314,0.026161855086684227,0.2836388647556305,0.3226009011268616,0.020048072561621666,0.012632385827600956,0.017269635573029518,0.020085323601961136
59,PRT,Portugal,2023,-4.624629497528076,-0.944419264793396,4.696590423583984,6,0.5889715552330017,0.13469214737415314,0.3899436593055725,-0.07712234556674957,0.6463295221328735,0.1467519998550415,0.7306414842605591,0.3344467878341675,0.09264630079269409,0.06692860275506973,0.13798804581165314,0.026161855086684227,0.2836388647556305,0.3226009011268616,0.020048072561621666,0.012632385827600956,0.017269635573029518,0.020085323601961136
60,QAT,Qatar,2018,-6.880117416381836,0.6971010565757751,4.68658971786499,6,-0.037850040942430496,0.04848489165306091,0.02352459356188774,-0.02776159904897213,-0.20334964990615845,0.052826058119535446,0.06627492606639862,0.12039022147655487,0.09315697103738785,0.06773565709590912,0.14255215227603912,0.02683113142848015,0.26760679483413696,0.3337273597717285,0.01934865303337574,0.013436871580779552,0.016396615654230118,0.01920774020254612
60,QAT,Qatar,2019,-4.506235599517822,0.385839581489563,4.68658971786499,6,-0.037850040942430496,0.04848489165306091,0.02352459356188774,-0.02776159904897213,-0.20334964990615845,0.052826058119535446,0.06627492606639862,0.12039022147655487,0.09315697103738785,0.06773565709590912,0.14255215227603912,0.02683113142848015,0.26760679483413696,0.3337273597717285,0.01934865303337574,0.013436871580779552,0.016396615654230118,0.01920774020254612
60,QAT,Qatar,2020,-5.444746971130371,0.05680139362812042,4.68658971786499,6,-0.037850040942430496,0.04848489165306091,0.02352459356188774,-0.02776159904897213,-0.20334964990615845,0.052826058119535446,0.06627492606639862,0.12039022147655487,0.09315697103738785,0.06773565709590912,0.14255215227603912,0.02683113142848015,0.26760679483413696,0.3337273597717285,0.01934865303337574,0.013436871580779552,0.016396615654230118,0.01920774020254612
60,QAT,Qatar,2021,-6.548878192901611,-0.20398399233818054,4.68658971786499,6,-0.037850040942430496,0.04848489165306091,0.02352459356188774,-0.02776159904897213,-0.20334964990615845,0.052826058119535446,0.06627492606639862,0.12039022147655487,0.09315697103738785,0.06773565709590912,0.14255215227603912,0.02683113142848015,0.26760679483413696,0.3337273597717285,0.01934865303337574,0.013436871580779552,0.016396615654230118,0.01920774020254612
60,QAT,Qatar,2022,-4.892681121826172,-0.38105159997940063,4.68658971786499,6,-0.037850040942430496,0.04848489165306091,0.02352459356188774,-0.02776159904897213,-0.20334964990615845,0.052826058119535446,0.06627492606639862,0.12039022147655487,0.09315697103738785,0.06773565709590912,0.14255215227603912,0.02683113142848015,0.26760679483413696,0.3337273597717285,0.01934865303337574,0.013436871580779552,0.016396615654230118,0.01920774020254612
60,QAT,Qatar,2023,-5.334333896636963,-0.49896466732025146,4.68658971786499,6,-0.037850040942430496,0.04848489165306091,0.02352459356188774,-0.02776159904897213,-0.20334964990615845,0.052826058119535446,0.06627492606639862,0.12039022147655487,0.09315697103738785,0.06773565709590912,0.14255215227603912,0.02683113142848015,0.26760679483413696,0.3337273597717285,0.01934865303337574,0.013436871580779552,0.016396615654230118,0.01920774020254612
61,ROU,Romania,2018,-3.695746898651123,-0.27736520767211914,4.682359218597412,6,-0.6137262582778931,0.011770873330533504,-0.9381364583969116,-0.006739800330251455,-0.44055911898612976,0.012824800796806812,-0.4624831974506378,0.029227618128061295,0.09337206929922104,0.06808838248252869,0.14450712502002716,0.02713450975716114,0.26084309816360474,0.3382914066314697,0.019065726548433304,0.013803035020828247,0.01604417897760868,0.018850505352020264
61,ROU,Romania,2019,-4.160907745361328,0.08326727151870728,4.682359218597412,6,-0.6137262582778931,0.011770873330533504,-0.9381364583969116,-0.006739800330251455,-0.44055911898612976,0.012824800796806812,-0.4624831974506378,0.029227618128061295,0.09337206929922104,0.06808838248252869,0.14450712502002716,0.02713450975716114,0.26084309816360474,0.3382914066314697,0.019065726548433304,0.013803035020828247,0.01604417897760868,0.018850505352020264
61,ROU,Romania,2020,-5.406534671783447,0.09576033055782318,4.682359218597412,6,-0.6137262582778931,0.011770873330533504,-0.9381364583969116,-0.006739800330251455,-0.44055911898612976,0.012824800796806812,-0.4624831974506378,0.029227618128061295,0.09337206929922104,0.06808838248252869,0.14450712502002716,0.02713450975716114,0.26084309816360474,0.3382914066314697,0.019065726548433304,0.013803035020828247,0.01604417897760868,0.018850505352020264
61,ROU,Romania,2021,-5.111453533172607,0.048957645893096924,4.682359218597412,6,-0.6137262582778931,0.011770873330533504,-0.9381364583969116,-0.006739800330251455,-0.44055911898612976,0.012824800796806812,-0.4624831974506378,0.029227618128061295,0.09337206929922104,0.06808838248252869,0.14450712502002716,0.02713450975716114,0.26084309816360474,0.3382914066314697,0.019065726548433304,0.013803035020828247,0.01604417897760868,0.018850505352020264
61,ROU,Romania,2022,-4.921149253845215,0.003228515386581421,4.682359218597412,6,-0.6137262582778931,0.011770873330533504,-0.9381364583969116,-0.006739800330251455,-0.44055911898612976,0.012824800796806812,-0.4624831974506378,0.029227618128061295,0.09337206929922104,0.06808838248252869,0.14450712502002716,0.02713450975716114,0.26084309816360474,0.3382914066314697,0.019065726548433304,0.013803035020828247,0.01604417897760868,0.018850505352020264
61,ROU,Romania,2023,-6.2508416175842285,-0.029155343770980835,4.682359218597412,6,-0.6137262582778931,0.011770873330533504,-0.9381364583969116,-0.006739800330251455,-0.44055911898612976,0.012824800796806812,-0.4624831974506378,0.029227618128061295,0.09337206929922104,0.06808838248252869,0.14450712502002716,0.02713450975716114,0.26084309816360474,0.3382914066314697,0.019065726548433304,0.013803035020828247,0.01604417897760868,0.018850505352020264
62,RUS,Russia,2018,-3.6435298919677734,-0.2846173942089081,4.6807861328125,6,-1.1349221467971802,-0.0018978790612891316,-1.1962112188339233,0.0010866852244362235,-0.9114767909049988,-0.0020678008440881968,-1.2970784902572632,-0.004712521564215422,0.09345175325870514,0.06822105497121811,0.1452360451221466,0.02725028246641159,0.25833839178085327,0.3399607539176941,0.01896268129348755,0.013943065889179707,0.015915898606181145,0.018720047548413277
62,RUS,Russia,2019,-3.5361337661743164,-0.24290472269058228,4.6807861328125,6,-1.1349221467971802,-0.0018978790612891316,-1.1962112188339233,0.0010866852244362235,-0.9114767909049988,-0.0020678008440881968,-1.2970784902572632,-0.004712521564215422,0.09345175325870514,0.06822105497121811,0.1452360451221466,0.02725028246641159,0.25833839178085327,0.3399607539176941,0.01896268129348755,0.013943065889179707,0.015915898606181145,0.018720047548413277
62,RUS,Russia,2020,-6.922895908355713,-0.4446730613708496,4.6807861328125,6,-1.1349221467971802,-0.0018978790612891316,-1.1962112188339233,0.0010866852244362235,-0.9114767909049988,-0.0020678008440881968,-1.2970784902572632,-0.004712521564215422,0.09345175325870514,0.06822105497121811,0.1452360451221466,0.02725028246641159,0.25833839178085327,0.3399607539176941,0.01896268129348755,0.013943065889179707,0.015915898606181145,0.018720047548413277
62,RUS,Russia,2021,-5.5373334884643555,-0.6207272410392761,4.6807861328125,6,-1.1349221467971802,-0.0018978790612891316,-1.1962112188339233,0.0010866852244362235,-0.9114767909049988,-0.0020678008440881968,-1.2970784902572632,-0.004712521564215422,0.09345175325870514,0.06822105497121811,0.1452360451221466,0.02725028246641159,0.25833839178085327,0.3399607539176941,0.01896268129348755,0.013943065889179707,0.015915898606181145,0.018720047548413277
62,RUS,Russia,2022,-4.097316741943359,-0.6877333521842957,4.6807861328125,6,-1.1349221467971802,-0.0018978790612891316,-1.1962112188339233,0.0010866852244362235,-0.9114767909049988,-0.0020678008440881968,-1.2970784902572632,-0.004712521564215422,0.09345175325870514,0.06822105497121811,0.1452360451221466,0.02725028246641159,0.25833839178085327,0.3399607539176941,0.01896268129348755,0.013943065889179707,0.015915898606181145,0.018720047548413277
62,RUS,Russia,2023,-3.127725601196289,-0.7926217913627625,4.6807861328125,6,-1.1349221467971802,-0.0018978790612891316,-1.1962112188339233,0.0010866852244362235,-0.9114767909049988,-0.0020678008440881968,-1.2970784902572632,-0.004712521564215422,0.09345175325870514,0.06822105497121811,0.1452360451221466,0.02725028246641159,0.25833839178085327,0.3399607539176941,0.01896268129348755,0.013943065889179707,0.015915898606181145,0.018720047548413277
63,SAU,Saudi Arabia,2018,2.299851655960083,-0.4304965138435364,4.680068016052246,6,-0.5544285178184509,-0.008143875747919083,-0.6724381446838379,0.004663032479584217,-0.49509498476982117,-0.008873040787875652,-0.4957524538040161,-0.020221618935465813,0.09348811954259872,0.06828192621469498,0.14556929469108582,0.02730371057987213,0.2571965456008911,0.34071794152259827,0.018916010856628418,0.014007735066115856,0.01585780829191208,0.0186608973890543
63,SAU,Saudi Arabia,2019,1.9578986167907715,-0.6790215969085693,4.680068016052246,6,-0.5544285178184509,-0.008143875747919083,-0.6724381446838379,0.004663032479584217,-0.49509498476982117,-0.008873040787875652,-0.4957524538040161,-0.020221618935465813,0.09348811954259872,0.06828192621469498,0.14556929469108582,0.02730371057987213,0.2571965456008911,0.34071794152259827,0.018916010856628418,0.014007735066115856,0.01585780829191208,0.0186608973890543
63,SAU,Saudi Arabia,2020,2.004265069961548,-0.9052191376686096,4.680068016052246,6,-0.5544285178184509,-0.008143875747919083,-0.6724381446838379,0.004663032479584217,-0.49509498476982117,-0.008873040787875652,-0.4957524538040161,-0.020221618935465813,0.09348811954259872,0.06828192621469498,0.14556929469108582,0.02730371057987213,0.2571965456008911,0.34071794152259827,0.018916010856628418,0.014007735066115856,0.01585780829191208,0.0186608973890543
63,SAU,Saudi Arabia,2021,2.169445753097534,-1.0674598217010498,4.680068016052246,6,-0.5544285178184509,-0.008143875747919083,-0.6724381446838379,0.004663032479584217,-0.49509498476982117,-0.008873040787875652,-0.4957524538040161,-0.020221618935465813,0.09348811954259872,0.06828192621469498,0.14556929469108582,0.02730371057987213,0.2571965456008911,0.34071794152259827,0.018916010856628418,0.014007735066115856,0.01585780829191208,0.0186608973890543
63,SAU,Saudi Arabia,2022,1.4797439575195312,-1.1865586042404175,4.680068016052246,6,-0.5544285178184509,-0.008143875747919083,-0.6724381446838379,0.004663032479584217,-0.49509498476982117,-0.008873040787875652,-0.4957524538040161,-0.020221618935465813,0.09348811954259872,0.06828192621469498,0.14556929469108582,0.02730371057987213,0.2571965456008911,0.34071794152259827,0.018916010856628418,0.014007735066115856,0.01585780829191208,0.0186608973890543
63,SAU,Saudi Arabia,2023,0.6857173442840576,-1.2640968561172485,4.680068016052246,6,-0.5544285178184509,-0.008143875747919083,-0.6724381446838379,0.004663032479584217,-0.49509498476982117,-0.008873040787875652,-0.4957524538040161,-0.020221618935465813,0.09348811954259872,0.06828192621469498,0.14556929469108582,0.02730371057987213,0.2571965456008911,0.34071794152259827,0.018916010856628418,0.014007735066115856,0.01585780829191208,0.0186608973890543
64,SGP,Singapore,2018,-1.5155048370361328,-0.8030673861503601,4.657761096954346,6,1.4344711303710938,-0.20207653939723969,1.7217825651168823,0.11570543795824051,1.536649465560913,-0.22016970813274384,1.0449817180633545,-0.5017653107643127,0.09459824860095978,0.07024552673101425,0.1559133380651474,0.029126504436135292,0.22287070751190186,0.36222562193870544,0.01759711652994156,0.016236934810876846,0.014216767624020576,0.016969216987490654
64,SGP,Singapore,2019,-1.5344992876052856,-0.9195951819419861,4.657761096954346,6,1.4344711303710938,-0.20207653939723969,1.7217825651168823,0.11570543795824051,1.536649465560913,-0.22016970813274384,1.0449817180633545,-0.5017653107643127,0.09459824860095978,0.07024552673101425,0.1559133380651474,0.029126504436135292,0.22287070751190186,0.36222562193870544,0.01759711652994156,0.016236934810876846,0.014216767624020576,0.016969216987490654
64,SGP,Singapore,2020,-1.5631846189498901,-1.0350935459136963,4.657761096954346,6,1.4344711303710938,-0.20207653939723969,1.7217825651168823,0.11570543795824051,1.536649465560913,-0.22016970813274384,1.0449817180633545,-0.5017653107643127,0.09459824860095978,0.07024552673101425,0.1559133380651474,0.029126504436135292,0.22287070751190186,0.36222562193870544,0.01759711652994156,0.016236934810876846,0.014216767624020576,0.016969216987490654
64,SGP,Singapore,2021,-1.5329487323760986,-1.1316789388656616,4.657761096954346,6,1.4344711303710938,-0.20207653939723969,1.7217825651168823,0.11570543795824051,1.536649465560913,-0.22016970813274384,1.0449817180633545,-0.5017653107643127,0.09459824860095978,0.07024552673101425,0.1559133380651474,0.029126504436135292,0.22287070751190186,0.36222562193870544,0.01759711652994156,0.016236934810876846,0.014216767624020576,0.016969216987490654
64,SGP,Singapore,2022,-1.5709375143051147,-1.2104209661483765,4.657761096954346,6,1.4344711303710938,-0.20207653939723969,1.7217825651168823,0.11570543795824051,1.536649465560913,-0.22016970813274384,1.0449817180633545,-0.5017653107643127,0.09459824860095978,0.07024552673101425,0.1559133380651474,0.029126504436135292,0.22287070751190186,0.36222562193870544,0.01759711652994156,0.016236934810876846,0.014216767624020576,0.016969216987490654
64,SGP,Singapore,2023,-1.6358672380447388,-1.2703406810760498,4.657761096954346,6,1.4344711303710938,-0.20207653939723969,1.7217825651168823,0.11570543795824051,1.536649465560913,-0.22016970813274384,1.0449817180633545,-0.5017653107643127,0.09459824860095978,0.07024552673101425,0.1559133380651474,0.029126504436135292,0.22287070751190186,0.36222562193870544,0.01759711652994156,0.016236934810876846,0.014216767624020576,0.016969216987490654
65,SVK,Slovakia,2018,-1.5849237442016602,-0.5645410418510437,4.678790092468262,6,0.11652449518442154,-0.01926816999912262,0.11614179611206055,0.011032607406377792,0.3065413236618042,-0.020993364974856377,-0.07310961931943893,-0.047843754291534424,0.09355276823043823,0.06839070469141006,0.14616303145885468,0.02739967592060566,0.25516730546951294,0.34205758571624756,0.018833542242646217,0.01412397064268589,0.015755178406834602,0.018556272611021996
65,SVK,Slovakia,2019,-2.091881036758423,-0.6052153706550598,4.678790092468262,6,0.11652449518442154,-0.01926816999912262,0.11614179611206055,0.011032607406377792,0.3065413236618042,-0.020993364974856377,-0.07310961931943893,-0.047843754291534424,0.09355276823043823,0.06839070469141006,0.14616303145885468,0.02739967592060566,0.25516730546951294,0.34205758571624756,0.018833542242646217,0.01412397064268589,0.015755178406834602,0.018556272611021996
65,SVK,Slovakia,2020,-2.406219482421875,-0.7048460841178894,4.678790092468262,6,0.11652449518442154,-0.01926816999912262,0.11614179611206055,0.011032607406377792,0.3065413236618042,-0.020993364974856377,-0.07310961931943893,-0.047843754291534424,0.09355276823043823,0.06839070469141006,0.14616303145885468,0.02739967592060566,0.25516730546951294,0.34205758571624756,0.018833542242646217,0.01412397064268589,0.015755178406834602,0.018556272611021996
65,SVK,Slovakia,2021,-2.1880667209625244,-0.8017976880073547,4.678790092468262,6,0.11652449518442154,-0.01926816999912262,0.11614179611206055,0.011032607406377792,0.3065413236618042,-0.020993364974856377,-0.07310961931943893,-0.047843754291534424,0.09355276823043823,0.06839070469141006,0.14616303145885468,0.02739967592060566,0.25516730546951294,0.34205758571624756,0.018833542242646217,0.01412397064268589,0.015755178406834602,0.018556272611021996
65,SVK,Slovakia,2022,-2.8150081634521484,-0.8771510720252991,4.678790092468262,6,0.11652449518442154,-0.01926816999912262,0.11614179611206055,0.011032607406377792,0.3065413236618042,-0.020993364974856377,-0.07310961931943893,-0.047843754291534424,0.09355276823043823,0.06839070469141006,0.14616303145885468,0.02739967592060566,0.25516730546951294,0.34205758571624756,0.018833542242646217,0.01412397064268589,0.015755178406834602,0.018556272611021996
65,SVK,Slovakia,2023,-3.482109785079956,-0.931158185005188,4.678790092468262,6,0.11652449518442154,-0.01926816999912262,0.11614179611206055,0.011032607406377792,0.3065413236618042,-0.020993364974856377,-0.07310961931943893,-0.047843754291534424,0.09355276823043823,0.06839070469141006,0.14616303145885468,0.02739967592060566,0.25516730546951294,0.34205758571624756,0.018833542242646217,0.01412397064268589,0.015755178406834602,0.018556272611021996
66,SVN,Slovenia,2018,-4.337141990661621,-0.6767675876617432,4.696089744567871,6,0.38642582297325134,0.13039956986904144,0.28950437903404236,-0.07466448843479156,0.34630832076072693,0.1420750617980957,0.5234646797180176,0.3237881064414978,0.09267190098762512,0.06696808338165283,0.13821417093276978,0.02619377337396145,0.28283727169036865,0.32316699624061584,0.02001209743320942,0.012670662254095078,0.01722465269267559,0.0200403593480587
66,SVN,Slovenia,2019,-4.712256908416748,-0.6873474717140198,4.696089744567871,6,0.38642582297325134,0.13039956986904144,0.28950437903404236,-0.07466448843479156,0.34630832076072693,0.1420750617980957,0.5234646797180176,0.3237881064414978,0.09267190098762512,0.06696808338165283,0.13821417093276978,0.02619377337396145,0.28283727169036865,0.32316699624061584,0.02001209743320942,0.012670662254095078,0.01722465269267559,0.0200403593480587
66,SVN,Slovenia,2020,-6.15969705581665,-0.8072632551193237,4.696089744567871,6,0.38642582297325134,0.13039956986904144,0.28950437903404236,-0.07466448843479156,0.34630832076072693,0.1420750617980957,0.5234646797180176,0.3237881064414978,0.09267190098762512,0.06696808338165283,0.13821417093276978,0.02619377337396145,0.28283727169036865,0.32316699624061584,0.02001209743320942,0.012670662254095078,0.01722465269267559,0.0200403593480587
66,SVN,Slovenia,2021,-6.669349670410156,-0.9172589778900146,4.696089744567871,6,0.38642582297325134,0.13039956986904144,0.28950437903404236,-0.07466448843479156,0.34630832076072693,0.1420750617980957,0.5234646797180176,0.3237881064414978,0.09267190098762512,0.06696808338165283,0.13821417093276978,0.02619377337396145,0.28283727169036865,0.32316699624061584,0.02001209743320942,0.012670662254095078,0.01722465269267559,0.0200403593480587
66,SVN,Slovenia,2022,-7.458681583404541,-1.0105042457580566,4.696089744567871,6,0.38642582297325134,0.13039956986904144,0.28950437903404236,-0.07466448843479156,0.34630832076072693,0.1420750617980957,0.5234646797180176,0.3237881064414978,0.09267190098762512,0.06696808338165283,0.13821417093276978,0.02619377337396145,0.28283727169036865,0.32316699624061584,0.02001209743320942,0.012670662254095078,0.01722465269267559,0.0200403593480587
66,SVN,Slovenia,2023,-9.606645584106445,-1.0787465572357178,4.696089744567871,6,0.38642582297325134,0.13039956986904144,0.28950437903404236,-0.07466448843479156,0.34630832076072693,0.1420750617980957,0.5234646797180176,0.3237881064414978,0.09267190098762512,0.06696808338165283,0.13821417093276978,0.02619377337396145,0.28283727169036865,0.32316699624061584,0.02001209743320942,0.012670662254095078,0.01722465269267559,0.0200403593480587
67,SWE,Sweden,2018,-1.111396074295044,-0.05141220986843109,4.680346488952637,6,1.3480762243270874,-0.005725109484046698,1.4301238059997559,0.003278089687228203,1.161694884300232,-0.006237707566469908,1.4524099826812744,-0.014215710572898388,0.09347403049468994,0.06825833022594452,0.1454402506351471,0.02728298306465149,0.25763851404190063,0.3404251039028168,0.018934054300189018,0.013982641510665417,0.015880268067121506,0.018683774396777153
67,SWE,Sweden,2019,-1.153639554977417,-0.2241312712430954,4.680346488952637,6,1.3480762243270874,-0.005725109484046698,1.4301238059997559,0.003278089687228203,1.161694884300232,-0.006237707566469908,1.4524099826812744,-0.014215710572898388,0.09347403049468994,0.06825833022594452,0.1454402506351471,0.02728298306465149,0.25763851404190063,0.3404251039028168,0.018934054300189018,0.013982641510665417,0.015880268067121506,0.018683774396777153
67,SWE,Sweden,2020,-1.5468288660049438,-0.3595340847969055,4.680346488952637,6,1.3480762243270874,-0.005725109484046698,1.4301238059997559,0.003278089687228203,1.161694884300232,-0.006237707566469908,1.4524099826812744,-0.014215710572898388,0.09347403049468994,0.06825833022594452,0.1454402506351471,0.02728298306465149,0.25763851404190063,0.3404251039028168,0.018934054300189018,0.013982641510665417,0.015880268067121506,0.018683774396777153
67,SWE,Sweden,2021,-1.2186294794082642,-0.47265470027923584,4.680346488952637,6,1.3480762243270874,-0.005725109484046698,1.4301238059997559,0.003278089687228203,1.161694884300232,-0.006237707566469908,1.4524099826812744,-0.014215710572898388,0.09347403049468994,0.06825833022594452,0.1454402506351471,0.02728298306465149,0.25763851404190063,0.3404251039028168,0.018934054300189018,0.013982641510665417,0.015880268067121506,0.018683774396777153
67,SWE,Sweden,2022,-1.295534372329712,-0.5701570510864258,4.680346488952637,6,1.3480762243270874,-0.005725109484046698,1.4301238059997559,0.003278089687228203,1.161694884300232,-0.006237707566469908,1.4524099826812744,-0.014215710572898388,0.09347403049468994,0.06825833022594452,0.1454402506351471,0.02728298306465149,0.25763851404190063,0.3404251039028168,0.018934054300189018,0.013982641510665417,0.015880268067121506,0.018683774396777153
67,SWE,Sweden,2023,-1.5739079713821411,-0.6176405549049377,4.680346488952637,6,1.3480762243270874,-0.005725109484046698,1.4301238059997559,0.003278089687228203,1.161694884300232,-0.006237707566469908,1.4524099826812744,-0.014215710572898388,0.09347403049468994,0.06825833022594452,0.1454402506351471,0.02728298306465149,0.25763851404190063,0.3404251039028168,0.018934054300189018,0.013982641510665417,0.015880268067121506,0.018683774396777153
68,THA,Thailand,2018,-6.279742240905762,0.14645275473594666,4.680597305297852,6,-0.2564157247543335,-0.0035439778584986925,-0.22457081079483032,0.002029212424531579,-0.3106171190738678,-0.003861285513266921,-0.23405922949314117,-0.008799861185252666,0.09346134960651398,0.06823708117008209,0.14532388746738434,0.027264337986707687,0.258037269115448,0.340160608291626,0.018950359895825386,0.013960069045424461,0.015900559723377228,0.018704434856772423
68,THA,Thailand,2019,-7.279186248779297,0.48994266986846924,4.680597305297852,6,-0.2564157247543335,-0.0035439778584986925,-0.22457081079483032,0.002029212424531579,-0.3106171190738678,-0.003861285513266921,-0.23405922949314117,-0.008799861185252666,0.09346134960651398,0.06823708117008209,0.14532388746738434,0.027264337986707687,0.258037269115448,0.340160608291626,0.018950359895825386,0.013960069045424461,0.015900559723377228,0.018704434856772423
68,THA,Thailand,2020,-5.78999662399292,0.6153678297996521,4.680597305297852,6,-0.2564157247543335,-0.0035439778584986925,-0.22457081079483032,0.002029212424531579,-0.3106171190738678,-0.003861285513266921,-0.23405922949314117,-0.008799861185252666,0.09346134960651398,0.06823708117008209,0.14532388746738434,0.027264337986707687,0.258037269115448,0.340160608291626,0.018950359895825386,0.013960069045424461,0.015900559723377228,0.018704434856772423
68,THA,Thailand,2021,-6.593542575836182,0.6588909029960632,4.680597305297852,6,-0.2564157247543335,-0.0035439778584986925,-0.22457081079483032,0.002029212424531579,-0.3106171190738678,-0.003861285513266921,-0.23405922949314117,-0.008799861185252666,0.09346134960651398,0.06823708117008209,0.14532388746738434,0.027264337986707687,0.258037269115448,0.340160608291626,0.018950359895825386,0.013960069045424461,0.015900559723377228,0.018704434856772423
68,THA,Thailand,2022,-7.6401472091674805,0.6510568261146545,4.680597305297852,6,-0.2564157247543335,-0.0035439778584986925,-0.22457081079483032,0.002029212424531579,-0.3106171190738678,-0.003861285513266921,-0.23405922949314117,-0.008799861185252666,0.09346134960651398,0.06823708117008209,0.14532388746738434,0.027264337986707687,0.258037269115448,0.340160608291626,0.018950359895825386,0.013960069045424461,0.015900559723377228,0.018704434856772423
68,THA,Thailand,2023,-9.644476890563965,0.6277192234992981,4.680597305297852,6,-0.2564157247543335,-0.0035439778584986925,-0.22457081079483032,0.002029212424531579,-0.3106171190738678,-0.003861285513266921,-0.23405922949314117,-0.008799861185252666,0.09346134960651398,0.06823708117008209,0.14532388746738434,0.027264337986707687,0.258037269115448,0.340160608291626,0.018950359895825386,0.013960069045424461,0.015900559723377228,0.018704434856772423
69,TKM,Turkmenistan,2018,-0.8944293856620789,-0.5821531414985657,4.679348945617676,6,-2.006190538406372,-0.014396007172763348,-1.8531438112258911,0.008242893032729626,-2.4522314071655273,-0.01568496599793434,-1.7131962776184082,-0.03574594855308533,0.09352445602416992,0.06834299117326736,0.14590296149253845,0.027357513085007668,0.2560553252696991,0.3414722681045532,0.01886955462396145,0.01407288946211338,0.015799997374415398,0.018601981922984123
69,TKM,Turkmenistan,2019,1.0794837474822998,-0.14298184216022491,4.679348945617676,6,-2.006190538406372,-0.014396007172763348,-1.8531438112258911,0.008242893032729626,-2.4522314071655273,-0.01568496599793434,-1.7131962776184082,-0.03574594855308533,0.09352445602416992,0.06834299117326736,0.14590296149253845,0.027357513085007668,0.2560553252696991,0.3414722681045532,0.01886955462396145,0.01407288946211338,0.015799997374415398,0.018601981922984123
69,TKM,Turkmenistan,2020,1.1499806642532349,0.003026708960533142,4.679348945617676,6,-2.006190538406372,-0.014396007172763348,-1.8531438112258911,0.008242893032729626,-2.4522314071655273,-0.01568496599793434,-1.7131962776184082,-0.03574594855308533,0.09352445602416992,0.06834299117326736,0.14590296149253845,0.027357513085007668,0.2560553252696991,0.3414722681045532,0.01886955462396145,0.01407288946211338,0.015799997374415398,0.018601981922984123
69,TKM,Turkmenistan,2021,-3.7143051624298096,0.09498129785060883,4.679348945617676,6,-2.006190538406372,-0.014396007172763348,-1.8531438112258911,0.008242893032729626,-2.4522314071655273,-0.01568496599793434,-1.7131962776184082,-0.03574594855308533,0.09352445602416992,0.06834299117326736,0.14590296149253845,0.027357513085007668,0.2560553252696991,0.3414722681045532,0.01886955462396145,0.01407288946211338,0.015799997374415398,0.018601981922984123
69,TKM,Turkmenistan,2022,-2.6568517684936523,0.16058151423931122,4.679348945617676,6,-2.006190538406372,-0.014396007172763348,-1.8531438112258911,0.008242893032729626,-2.4522314071655273,-0.01568496599793434,-1.7131962776184082,-0.03574594855308533,0.09352445602416992,0.06834299117326736,0.14590296149253845,0.027357513085007668,0.2560553252696991,0.3414722681045532,0.01886955462396145,0.01407288946211338,0.015799997374415398,0.018601981922984123
69,TKM,Turkmenistan,2023,-1.52890145778656,0.20479361712932587,4.679348945617676,6,-2.006190538406372,-0.014396007172763348,-1.8531438112258911,0.008242893032729626,-2.4522314071655273,-0.01568496599793434,-1.7131962776184082,-0.03574594855308533,0.09352445602416992,0.06834299117326736,0.14590296149253845,0.027357513085007668,0.2560553252696991,0.3414722681045532,0.01886955462396145,0.01407288946211338,0.015799997374415398,0.018601981922984123
70,TTO,Trinidad and Tobago,2018,1.318193793296814,0.5064263939857483,4.684715747833252,6,-0.04588906839489937,0.032236967235803604,-0.1480531096458435,-0.018458323553204536,0.11017729341983795,0.03512335196137428,-0.09979138523340225,0.08004587143659592,0.09325233846902847,0.06789110600948334,0.14341671764850616,0.02696402370929718,0.2646074593067169,0.33576124906539917,0.019222334027290344,0.013597137294709682,0.016239222139120102,0.01904841512441635
70,TTO,Trinidad and Tobago,2019,1.3760409355163574,0.4454891085624695,4.684715747833252,6,-0.04588906839489937,0.032236967235803604,-0.1480531096458435,-0.018458323553204536,0.11017729341983795,0.03512335196137428,-0.09979138523340225,0.08004587143659592,0.09325233846902847,0.06789110600948334,0.14341671764850616,0.02696402370929718,0.2646074593067169,0.33576124906539917,0.019222334027290344,0.013597137294709682,0.016239222139120102,0.01904841512441635
70,TTO,Trinidad and Tobago,2020,1.318193793296814,0.352070152759552,4.684715747833252,6,-0.04588906839489937,0.032236967235803604,-0.1480531096458435,-0.018458323553204536,0.11017729341983795,0.03512335196137428,-0.09979138523340225,0.08004587143659592,0.09325233846902847,0.06789110600948334,0.14341671764850616,0.02696402370929718,0.2646074593067169,0.33576124906539917,0.019222334027290344,0.013597137294709682,0.016239222139120102,0.01904841512441635
70,TTO,Trinidad and Tobago,2021,1.665277123451233,0.2680032253265381,4.684715747833252,6,-0.04588906839489937,0.032236967235803604,-0.1480531096458435,-0.018458323553204536,0.11017729341983795,0.03512335196137428,-0.09979138523340225,0.08004587143659592,0.09325233846902847,0.06789110600948334,0.14341671764850616,0.02696402370929718,0.2646074593067169,0.33576124906539917,0.019222334027290344,0.013597137294709682,0.016239222139120102,0.01904841512441635
70,TTO,Trinidad and Tobago,2022,2.058638334274292,0.201731339097023,4.684715747833252,6,-0.04588906839489937,0.032236967235803604,-0.1480531096458435,-0.018458323553204536,0.11017729341983795,0.03512335196137428,-0.09979138523340225,0.08004587143659592,0.09325233846902847,0.06789110600948334,0.14341671764850616,0.02696402370929718,0.2646074593067169,0.33576124906539917,0.019222334027290344,0.013597137294709682,0.016239222139120102,0.01904841512441635
70,TTO,Trinidad and Tobago,2023,2.058638334274292,0.15134106576442719,4.684715747833252,6,-0.04588906839489937,0.032236967235803604,-0.1480531096458435,-0.018458323553204536,0.11017729341983795,0.03512335196137428,-0.09979138523340225,0.08004587143659592,0.09325233846902847,0.06789110600948334,0.14341671764850616,0.02696402370929718,0.2646074593067169,0.33576124906539917,0.019222334027290344,0.013597137294709682,0.016239222139120102,0.01904841512441635
71,TUR,Turkey,2018,-0.10262159258127213,0.3895449638366699,4.6792426109313965,6,-0.3568929135799408,-0.015328110195696354,-0.3960716426372528,0.008776598609983921,-0.2856121361255646,-0.01670052669942379,-0.3889949917793274,-0.03806040436029434,0.09352987259626389,0.068352110683918,0.1459527164697647,0.027365557849407196,0.25588536262512207,0.3415844440460205,0.018862657248973846,0.014082640409469604,0.015791404992341995,0.01859322562813759
71,TUR,Turkey,2019,-1.772402048110962,0.5295587182044983,4.6792426109313965,6,-0.3568929135799408,-0.015328110195696354,-0.3960716426372528,0.008776598609983921,-0.2856121361255646,-0.01670052669942379,-0.3889949917793274,-0.03806040436029434,0.09352987259626389,0.068352110683918,0.1459527164697647,0.027365557849407196,0.25588536262512207,0.3415844440460205,0.018862657248973846,0.014082640409469604,0.015791404992341995,0.01859322562813759
71,TUR,Turkey,2020,-1.959740161895752,0.504277229309082,4.6792426109313965,6,-0.3568929135799408,-0.015328110195696354,-0.3960716426372528,0.008776598609983921,-0.2856121361255646,-0.01670052669942379,-0.3889949917793274,-0.03806040436029434,0.09352987259626389,0.068352110683918,0.1459527164697647,0.027365557849407196,0.25588536262512207,0.3415844440460205,0.018862657248973846,0.014082640409469604,0.015791404992341995,0.01859322562813759
71,TUR,Turkey,2021,-1.391783356666565,0.5640134215354919,4.6792426109313965,6,-0.3568929135799408,-0.015328110195696354,-0.3960716426372528,0.008776598609983921,-0.2856121361255646,-0.01670052669942379,-0.3889949917793274,-0.03806040436029434,0.09352987259626389,0.068352110683918,0.1459527164697647,0.027365557849407196,0.25588536262512207,0.3415844440460205,0.018862657248973846,0.014082640409469604,0.015791404992341995,0.01859322562813759
71,TUR,Turkey,2022,-1.788352370262146,0.5146190524101257,4.6792426109313965,6,-0.3568929135799408,-0.015328110195696354,-0.3960716426372528,0.008776598609983921,-0.2856121361255646,-0.01670052669942379,-0.3889949917793274,-0.03806040436029434,0.09352987259626389,0.068352110683918,0.1459527164697647,0.027365557849407196,0.25588536262512207,0.3415844440460205,0.018862657248973846,0.014082640409469604,0.015791404992341995,0.01859322562813759
71,TUR,Turkey,2023,-1.6069564819335938,0.4811391830444336,4.6792426109313965,6,-0.3568929135799408,-0.015328110195696354,-0.3960716426372528,0.008776598609983921,-0.2856121361255646,-0.01670052669942379,-0.3889949917793274,-0.03806040436029434,0.09352987259626389,0.068352110683918,0.1459527164697647,0.027365557849407196,0.25588536262512207,0.3415844440460205,0.018862657248973846,0.014082640409469604,0.015791404992341995,0.01859322562813759
72,UKR,Ukraine,2018,-3.635014295578003,0.1033145934343338,4.680978298187256,6,-1.2346214056015015,-0.00022853566042613238,-1.3236093521118164,0.00013084878446534276,-1.1485481262207031,-0.00024899060372263193,-1.2317067384719849,-0.0005674651474691927,0.09344203770160675,0.06820481270551682,0.14514699578285217,0.02723607048392296,0.25864383578300476,0.3397577404975891,0.01897520385682583,0.013925855048000813,0.01593148149549961,0.01873590797185898
72,UKR,Ukraine,2019,-4.1212358474731445,0.5556167960166931,4.680978298187256,6,-1.2346214056015015,-0.00022853566042613238,-1.3236093521118164,0.00013084878446534276,-1.1485481262207031,-0.00024899060372263193,-1.2317067384719849,-0.0005674651474691927,0.09344203770160675,0.06820481270551682,0.14514699578285217,0.02723607048392296,0.25864383578300476,0.3397577404975891,0.01897520385682583,0.013925855048000813,0.01593148149549961,0.01873590797185898
72,UKR,Ukraine,2020,-5.126094341278076,0.7597751021385193,4.680978298187256,6,-1.2346214056015015,-0.00022853566042613238,-1.3236093521118164,0.00013084878446534276,-1.1485481262207031,-0.00024899060372263193,-1.2317067384719849,-0.0005674651474691927,0.09344203770160675,0.06820481270551682,0.14514699578285217,0.02723607048392296,0.25864383578300476,0.3397577404975891,0.01897520385682583,0.013925855048000813,0.01593148149549961,0.01873590797185898
72,UKR,Ukraine,2021,-7.988569259643555,0.8638100028038025,4.680978298187256,6,-1.2346214056015015,-0.00022853566042613238,-1.3236093521118164,0.00013084878446534276,-1.1485481262207031,-0.00024899060372263193,-1.2317067384719849,-0.0005674651474691927,0.09344203770160675,0.06820481270551682,0.14514699578285217,0.02723607048392296,0.25864383578300476,0.3397577404975891,0.01897520385682583,0.013925855048000813,0.01593148149549961,0.01873590797185898
72,UKR,Ukraine,2022,-9.796317100524902,0.9137079119682312,4.680978298187256,6,-1.2346214056015015,-0.00022853566042613238,-1.3236093521118164,0.00013084878446534276,-1.1485481262207031,-0.00024899060372263193,-1.2317067384719849,-0.0005674651474691927,0.09344203770160675,0.06820481270551682,0.14514699578285217,0.02723607048392296,0.25864383578300476,0.3397577404975891,0.01897520385682583,0.013925855048000813,0.01593148149549961,0.01873590797185898
72,UKR,Ukraine,2023,-9.796317100524902,0.9458683133125305,4.680978298187256,6,-1.2346214056015015,-0.00022853566042613238,-1.3236093521118164,0.00013084878446534276,-1.1485481262207031,-0.00024899060372263193,-1.2317067384719849,-0.0005674651474691927,0.09344203770160675,0.06820481270551682,0.14514699578285217,0.02723607048392296,0.25864383578300476,0.3397577404975891,0.01897520385682583,0.013925855048000813,0.01593148149549961,0.01873590797185898
73,USA,United States,2018,-7.697317123413086,-0.35174745321273804,4.680110454559326,6,1.167035460472107,-0.007777953986078501,1.1881818771362305,0.0044535123743116856,1.1316249370574951,-0.00847435649484396,1.1812996864318848,-0.019313018769025803,0.09348597377538681,0.06827834993600845,0.14554977416992188,0.027300575748085976,0.2572633922100067,0.34067368507385254,0.01891873963177204,0.014003932476043701,0.015861202031373978,0.018664350733160973
73,USA,United States,2019,-9.035722732543945,-0.6395456194877625,4.680110454559326,6,1.167035460472107,-0.007777953986078501,1.1881818771362305,0.0044535123743116856,1.1316249370574951,-0.00847435649484396,1.1812996864318848,-0.019313018769025803,0.09348597377538681,0.06827834993600845,0.14554977416992188,0.027300575748085976,0.2572633922100067,0.34067368507385254,0.01891873963177204,0.014003932476043701,0.015861202031373978,0.018664350733160973
73,USA,United States,2020,-10.637649536132812,-0.8938499093055725,4.680110454559326,6,1.167035460472107,-0.007777953986078501,1.1881818771362305,0.0044535123743116856,1.1316249370574951,-0.00847435649484396,1.1812996864318848,-0.019313018769025803,0.09348597377538681,0.06827834993600845,0.14554977416992188,0.027300575748085976,0.2572633922100067,0.34067368507385254,0.01891873963177204,0.014003932476043701,0.015861202031373978,0.018664350733160973
73,USA,United States,2021,-9.941286087036133,-1.0747307538986206,4.680110454559326,6,1.167035460472107,-0.007777953986078501,1.1881818771362305,0.0044535123743116856,1.1316249370574951,-0.00847435649484396,1.1812996864318848,-0.019313018769025803,0.09348597377538681,0.06827834993600845,0.14554977416992188,0.027300575748085976,0.2572633922100067,0.34067368507385254,0.01891873963177204,0.014003932476043701,0.015861202031373978,0.018664350733160973
73,USA,United States,2022,-10.715087890625,-1.1913623809814453,4.680110454559326,6,1.167035460472107,-0.007777953986078501,1.1881818771362305,0.0044535123743116856,1.1316249370574951,-0.00847435649484396,1.1812996864318848,-0.019313018769025803,0.09348597377538681,0.06827834993600845,0.14554977416992188,0.027300575748085976,0.2572633922100067,0.34067368507385254,0.01891873963177204,0.014003932476043701,0.015861202031373978,0.018664350733160973
73,USA,United States,2023,-11.726405143737793,-1.2604303359985352,4.680110454559326,6,1.167035460472107,-0.007777953986078501,1.1881818771362305,0.0044535123743116856,1.1316249370574951,-0.00847435649484396,1.1812996864318848,-0.019313018769025803,0.09348597377538681,0.06827834993600845,0.14554977416992188,0.027300575748085976,0.2572633922100067,0.34067368507385254,0.01891873963177204,0.014003932476043701,0.015861202031373978,0.018664350733160973
74,UZB,Uzbekistan,2018,1.4206937551498413,0.12590213119983673,4.678811073303223,6,-1.8003510236740112,-0.01908177323639393,-1.597791075706482,0.010925879701972008,-2.1902878284454346,-0.020790278911590576,-1.6129741668701172,-0.047380924224853516,0.09355167299509048,0.06838885694742203,0.14615307748317719,0.027398044243454933,0.25520119071006775,0.3420352637767792,0.01883491687476635,0.0141220074146986,0.015756888315081596,0.01855800859630108
74,UZB,Uzbekistan,2019,0.9323561787605286,0.5058210492134094,4.678811073303223,6,-1.8003510236740112,-0.01908177323639393,-1.597791075706482,0.010925879701972008,-2.1902878284454346,-0.020790278911590576,-1.6129741668701172,-0.047380924224853516,0.09355167299509048,0.06838885694742203,0.14615307748317719,0.027398044243454933,0.25520119071006775,0.3420352637767792,0.01883491687476635,0.0141220074146986,0.015756888315081596,0.01855800859630108
74,UZB,Uzbekistan,2020,1.6637600660324097,0.6504557728767395,4.678811073303223,6,-1.8003510236740112,-0.01908177323639393,-1.597791075706482,0.010925879701972008,-2.1902878284454346,-0.020790278911590576,-1.6129741668701172,-0.047380924224853516,0.09355167299509048,0.06838885694742203,0.14615307748317719,0.027398044243454933,0.25520119071006775,0.3420352637767792,0.01883491687476635,0.0141220074146986,0.015756888315081596,0.01855800859630108
74,UZB,Uzbekistan,2021,1.6973286867141724,0.6059632897377014,4.678811073303223,6,-1.8003510236740112,-0.01908177323639393,-1.597791075706482,0.010925879701972008,-2.1902878284454346,-0.020790278911590576,-1.6129741668701172,-0.047380924224853516,0.09355167299509048,0.06838885694742203,0.14615307748317719,0.027398044243454933,0.25520119071006775,0.3420352637767792,0.01883491687476635,0.0141220074146986,0.015756888315081596,0.01855800859630108
74,UZB,Uzbekistan,2022,0.9835667014122009,0.39156419038772583,4.678811073303223,6,-1.8003510236740112,-0.01908177323639393,-1.597791075706482,0.010925879701972008,-2.1902878284454346,-0.020790278911590576,-1.6129741668701172,-0.047380924224853516,0.09355167299509048,0.06838885694742203,0.14615307748317719,0.027398044243454933,0.25520119071006775,0.3420352637767792,0.01883491687476635,0.0141220074146986,0.015756888315081596,0.01855800859630108
74,UZB,Uzbekistan,2023,0.9794012308120728,0.4958038330078125,4.678811073303223,6,-1.8003510236740112,-0.01908177323639393,-1.597791075706482,0.010925879701972008,-2.1902878284454346,-0.020790278911590576,-1.6129741668701172,-0.047380924224853516,0.09355167299509048,0.06838885694742203,0.14615307748317719,0.027398044243454933,0.25520119071006775,0.3420352637767792,0.01883491687476635,0.0141220074146986,0.015756888315081596,0.01855800859630108
75,VEN,Venezuela,2018,4.365685939788818,-0.6884454488754272,4.680048942565918,6,-1.5081526041030884,-0.008314167149364948,-1.3741530179977417,0.004760538227856159,-1.5062425136566162,-0.009058579802513123,-1.6440623998641968,-0.02064445987343788,0.09348910301923752,0.06828358769416809,0.14557839930057526,0.027305172756314278,0.25716546177864075,0.3407385051250458,0.01891474425792694,0.014009501785039902,0.01585623063147068,0.01865929365158081
75,VEN,Venezuela,2019,4.361935615539551,-0.40902453660964966,4.680048942565918,6,-1.5081526041030884,-0.008314167149364948,-1.3741530179977417,0.004760538227856159,-1.5062425136566162,-0.009058579802513123,-1.6440623998641968,-0.02064445987343788,0.09348910301923752,0.06828358769416809,0.14557839930057526,0.027305172756314278,0.25716546177864075,0.3407385051250458,0.01891474425792694,0.014009501785039902,0.01585623063147068,0.01865929365158081
75,VEN,Venezuela,2020,-2.0265071392059326,-0.34454137086868286,4.680048942565918,6,-1.5081526041030884,-0.008314167149364948,-1.3741530179977417,0.004760538227856159,-1.5062425136566162,-0.009058579802513123,-1.6440623998641968,-0.02064445987343788,0.09348910301923752,0.06828358769416809,0.14557839930057526,0.027305172756314278,0.25716546177864075,0.3407385051250458,0.01891474425792694,0.014009501785039902,0.01585623063147068,0.01865929365158081
75,VEN,Venezuela,2021,-2.5107500553131104,-0.3702715039253235,4.680048942565918,6,-1.5081526041030884,-0.008314167149364948,-1.3741530179977417,0.004760538227856159,-1.5062425136566162,-0.009058579802513123,-1.6440623998641968,-0.02064445987343788,0.09348910301923752,0.06828358769416809,0.14557839930057526,0.027305172756314278,0.25716546177864075,0.3407385051250458,0.01891474425792694,0.014009501785039902,0.01585623063147068,0.01865929365158081
75,VEN,Venezuela,2022,-2.220579147338867,-0.3338966369628906,4.680048942565918,6,-1.5081526041030884,-0.008314167149364948,-1.3741530179977417,0.004760538227856159,-1.5062425136566162,-0.009058579802513123,-1.6440623998641968,-0.02064445987343788,0.09348910301923752,0.06828358769416809,0.14557839930057526,0.027305172756314278,0.25716546177864075,0.3407385051250458,0.01891474425792694,0.014009501785039902,0.01585623063147068,0.01865929365158081
75,VEN,Venezuela,2023,-2.2290172576904297,-0.2862347364425659,4.680048942565918,6,-1.5081526041030884,-0.008314167149364948,-1.3741530179977417,0.004760538227856159,-1.5062425136566162,-0.009058579802513123,-1.6440623998641968,-0.02064445987343788,0.09348910301923752,0.06828358769416809,0.14557839930057526,0.027305172756314278,0.25716546177864075,0.3407385051250458,0.01891474425792694,0.014009501785039902,0.01585623063147068,0.01865929365158081
76,VNM,Vietnam,2018,1.8500128984451294,0.6395887732505798,4.677892684936523,6,-1.0041168928146362,-0.027075400575995445,-0.9023603796958923,0.015502889640629292,-1.090646505355835,-0.02949962578713894,-1.0193438529968262,-0.06722946465015411,0.09359805285930634,0.06846732646226883,0.14657986164093018,0.027467627078294754,0.2537466287612915,0.34299084544181824,0.01877615414559841,0.014206361956894398,0.015683770179748535,0.018483391031622887
76,VNM,Vietnam,2019,3.117563009262085,1.12191903591156,4.677892684936523,6,-1.0041168928146362,-0.027075400575995445,-0.9023603796958923,0.015502889640629292,-1.090646505355835,-0.02949962578713894,-1.0193438529968262,-0.06722946465015411,0.09359805285930634,0.06846732646226883,0.14657986164093018,0.027467627078294754,0.2537466287612915,0.34299084544181824,0.01877615414559841,0.014206361956894398,0.015683770179748535,0.018483391031622887
76,VNM,Vietnam,2020,2.663336753845215,1.3316209316253662,4.677892684936523,6,-1.0041168928146362,-0.027075400575995445,-0.9023603796958923,0.015502889640629292,-1.090646505355835,-0.02949962578713894,-1.0193438529968262,-0.06722946465015411,0.09359805285930634,0.06846732646226883,0.14657986164093018,0.027467627078294754,0.2537466287612915,0.34299084544181824,0.01877615414559841,0.014206361956894398,0.015683770179748535,0.018483391031622887
76,VNM,Vietnam,2021,1.7106215953826904,1.4241790771484375,4.677892684936523,6,-1.0041168928146362,-0.027075400575995445,-0.9023603796958923,0.015502889640629292,-1.090646505355835,-0.02949962578713894,-1.0193438529968262,-0.06722946465015411,0.09359805285930634,0.06846732646226883,0.14657986164093018,0.027467627078294754,0.2537466287612915,0.34299084544181824,0.01877615414559841,0.014206361956894398,0.015683770179748535,0.018483391031622887
76,VNM,Vietnam,2022,0.6460008025169373,1.4727462530136108,4.677892684936523,6,-1.0041168928146362,-0.027075400575995445,-0.9023603796958923,0.015502889640629292,-1.090646505355835,-0.02949962578713894,-1.0193438529968262,-0.06722946465015411,0.09359805285930634,0.06846732646226883,0.14657986164093018,0.027467627078294754,0.2537466287612915,0.34299084544181824,0.01877615414559841,0.014206361956894398,0.015683770179748535,0.018483391031622887
76,VNM,Vietnam,2023,1.6631464958190918,1.4984896183013916,4.677892684936523,6,-1.0041168928146362,-0.027075400575995445,-0.9023603796958923,0.015502889640629292,-1.090646505355835,-0.02949962578713894,-1.0193438529968262,-0.06722946465015411,0.09359805285930634,0.06846732646226883,0.14657986164093018,0.027467627078294754,0.2537466287612915,0.34299084544181824,0.01877615414559841,0.014206361956894398,0.015683770179748535,0.018483391031622887
77,ZAF,South Africa,2018,-6.3950324058532715,0.7141662240028381,4.673209190368652,6,-0.0641661062836647,-0.0678604245185852,-0.015326484106481075,0.038855671882629395,0.13372927904129028,-0.07393638789653778,-0.31090110540390015,-0.16850055754184723,0.09383366256952286,0.06887143850326538,0.14875833690166473,0.027830950915813446,0.24637629091739655,0.3477693200111389,0.01848301663994789,0.014647863805294037,0.015319127589464188,0.018110040575265884
77,ZAF,South Africa,2019,-8.257451057434082,0.9659693837165833,4.673209190368652,6,-0.0641661062836647,-0.0678604245185852,-0.015326484106481075,0.038855671882629395,0.13372927904129028,-0.07393638789653778,-0.31090110540390015,-0.16850055754184723,0.09383366256952286,0.06887143850326538,0.14875833690166473,0.027830950915813446,0.24637629091739655,0.3477693200111389,0.01848301663994789,0.014647863805294037,0.015319127589464188,0.018110040575265884
77,ZAF,South Africa,2020,-7.980379581451416,0.9883636832237244,4.673209190368652,6,-0.0641661062836647,-0.0678604245185852,-0.015326484106481075,0.038855671882629395,0.13372927904129028,-0.07393638789653778,-0.31090110540390015,-0.16850055754184723,0.09383366256952286,0.06887143850326538,0.14875833690166473,0.027830950915813446,0.24637629091739655,0.3477693200111389,0.01848301663994789,0.014647863805294037,0.015319127589464188,0.018110040575265884
77,ZAF,South Africa,2021,-12.659340858459473,0.9844493269920349,4.673209190368652,6,-0.0641661062836647,-0.0678604245185852,-0.015326484106481075,0.038855671882629395,0.13372927904129028,-0.07393638789653778,-0.31090110540390015,-0.16850055754184723,0.09383366256952286,0.06887143850326538,0.14875833690166473,0.027830950915813446,0.24637629091739655,0.3477693200111389,0.01848301663994789,0.014647863805294037,0.015319127589464188,0.018110040575265884
77,ZAF,South Africa,2022,-15.694624900817871,0.9687070250511169,4.673209190368652,6,-0.0641661062836647,-0.0678604245185852,-0.015326484106481075,0.038855671882629395,0.13372927904129028,-0.07393638789653778,-0.31090110540390015,-0.16850055754184723,0.09383366256952286,0.06887143850326538,0.14875833690166473,0.027830950915813446,0.24637629091739655,0.3477693200111389,0.01848301663994789,0.014647863805294037,0.015319127589464188,0.018110040575265884
77,ZAF,South Africa,2023,-19.3819637298584,0.9446232914924622,4.673209190368652,6,-0.0641661062836647,-0.0678604245185852,-0.015326484106481075,0.038855671882629395,0.13372927904129028,-0.07393638789653778,-0.31090110540390015,-0.16850055754184723,0.09383366256952286,0.06887143850326538,0.14875833690166473,0.027830950915813446,0.24637629091739655,0.3477693200111389,0.01848301663994789,0.014647863805294037,0.015319127589464188,0.018110040575265884
