seed,experiment,epoch,train_total_loss,train_task_loss,train_recon_loss,val_total_loss,val_task_loss,val_mse,val_mae,val_kstar_mean,val_kstar_std,val_kstar_proxy_spearman_adjusted_rho,val_lag_gate_sensitivity_range,val_omega_entropy_mean,val_omega_peak_share_1,val_omega_peak_share_2,val_omega_peak_share_3
0,fullspan_income_k3_cmdl_seed0,1,3.050447702407837,2.9381306171417236,1.1231697797775269,9.101140022277832,8.989189147949219,8.989190328588288,2.9841665568805875,2.271327495574951,0.19135654129882637,0.32857142857142857,0.5182349681854248,0.8339867968429321,0.0,0.5238095238095238,0.47619047619047616
0,fullspan_income_k3_cmdl_seed0,2,2.516216278076172,2.4042649269104004,1.119512915611267,7.914017200469971,7.802387237548828,7.802387352548165,2.7794796299366724,2.3035078048706055,0.18854152567237203,0.27662337662337666,0.5152053833007812,0.8459330362309827,0.0,0.5238095238095238,0.47619047619047616
0,fullspan_income_k3_cmdl_seed0,3,2.0567257404327393,1.9450956583023071,1.1163007020950317,6.786510944366455,6.675146102905273,6.6751462227245,2.570685251837685,2.335552453994751,0.18217626209044857,0.2597402597402597,0.506601095199585,0.8567037998483306,0.0,0.5238095238095238,0.47619047619047616
0,fullspan_income_k3_cmdl_seed0,4,1.666153907775879,1.5547890663146973,1.1136488914489746,5.7445149421691895,5.6333489418029785,5.633349029534412,2.361807454554808,2.366940975189209,0.17298193046063287,0.21038961038961035,0.49342799186706543,0.8652639452051508,0.0,0.47619047619047616,0.5238095238095238
0,fullspan_income_k3_cmdl_seed0,5,1.3532763719558716,1.2421104907989502,1.1116589307785034,4.805748462677002,4.6947021484375,4.694702343719233,2.1564168917636075,2.3966891765594482,0.16208844334555883,0.15324675324675324,0.4741833209991455,0.8707162968710952,0.0,0.38095238095238093,0.6190476190476191
0,fullspan_income_k3_cmdl_seed0,6,1.1174744367599487,1.0064280033111572,1.1104648113250732,3.980193614959717,3.8691744804382324,3.8691741952856518,1.957787940012557,2.4231905937194824,0.15078512217075415,0.0987012987012987,0.44977855682373047,0.872966323091772,0.0,0.38095238095238093,0.6190476190476191
0,fullspan_income_k3_cmdl_seed0,7,0.9591200947761536,0.8481009602546692,1.1101914644241333,3.276419162750244,3.165327548980713,3.1653274329088257,1.7705044785425776,2.4444327354431152,0.1402571139773025,0.03636363636363636,0.42279767990112305,0.8731107051048371,0.0,0.23809523809523808,0.7619047619047619
0,fullspan_income_k3_cmdl_seed0,8,0.8540911674499512,0.7429995536804199,1.1109163761138916,2.7133874893188477,2.602119207382202,2.602119301337586,1.6045671995906603,2.4592182636260986,0.13148793414934035,0.02727272727272727,0.397477388381958,0.8727268677771498,0.0,0.14285714285714285,0.8571428571428571
0,fullspan_income_k3_cmdl_seed0,9,0.800870954990387,0.689602792263031,1.1126818656921387,2.308544874191284,2.197023868560791,2.197023802893205,1.473372723375048,2.4682095050811768,0.12487285435203489,0.01948051948051948,0.3772878646850586,0.8727701310417754,0.0,0.14285714285714285,0.8571428571428571
0,fullspan_income_k3_cmdl_seed0,10,0.7705415487289429,0.6590204238891602,1.1152111291885376,2.041032314300537,1.9292097091674805,1.9292096140232649,1.3796303364492597,2.4732778072357178,0.12001451225354529,-0.04675324675324675,0.3637864589691162,0.8733887302529313,0.0,0.14285714285714285,0.8571428571428571
0,fullspan_income_k3_cmdl_seed0,11,0.7433052659034729,0.6314827799797058,1.11822509765625,1.8759342432022095,1.7637841701507568,1.7637840842318504,1.3183758755524952,2.475864887237549,0.11639075982784729,-0.1064935064935065,0.3527078628540039,0.8744664014951388,0.0,0.14285714285714285,0.8571428571428571
0,fullspan_income_k3_cmdl_seed0,12,0.7106678485870361,0.5985177159309387,1.1215012073516846,1.783601999282837,1.671100378036499,1.6711003697797078,1.2828526631707238,2.4767816066741943,0.11366742335054816,-0.13376623376623376,0.3443748950958252,0.8758775440226381,0.0,0.14285714285714285,0.8571428571428571
0,fullspan_income_k3_cmdl_seed0,13,0.6715934872627258,0.5590919256210327,1.1250157356262207,1.743656039237976,1.6307809352874756,1.6307809315958832,1.2671891379924047,2.4763197898864746,0.1117080152449289,-0.15454545454545454,0.33833980560302734,0.8775830553244368,0.0,0.14285714285714285,0.8571428571428571
0,fullspan_income_k3_cmdl_seed0,14,0.625084400177002,0.5122092366218567,1.1287513971328735,1.7419121265411377,1.6286375522613525,1.6286376575499446,1.2664981349593116,2.4744691848754883,0.11048265676576871,-0.21038961038961035,0.33442234992980957,0.8796146714904474,0.0,0.14285714285714285,0.8571428571428571
0,fullspan_income_k3_cmdl_seed0,15,0.5715044140815735,0.45822978019714355,1.1327461004257202,1.7676033973693848,1.6539037227630615,1.6539037822559806,1.276554863367762,2.4707067012786865,0.11016611998518325,-0.2675324675324675,0.33306002616882324,0.8821352157997895,0.0,0.14285714285714285,0.8571428571428571
0,fullspan_income_k3_cmdl_seed0,16,0.5218862891197205,0.4081866443157196,1.1369962692260742,1.8108546733856201,1.6966947317123413,1.6966948051428365,1.293261515242713,2.4639651775360107,0.11105833583264164,-0.28051948051948056,0.3349020481109619,0.8854179262375697,0.0,0.14285714285714285,0.8571428571428571
0,fullspan_income_k3_cmdl_seed0,17,0.47544389963150024,0.36128389835357666,1.1416000127792358,1.8606899976730347,1.7460496425628662,1.7460495960401698,1.3121433556079865,2.452951669692993,0.11342975687175726,-0.38311688311688313,0.3403036594390869,0.8895437502289882,0.0,0.14285714285714285,0.8571428571428571
0,fullspan_income_k3_cmdl_seed0,18,0.4331810176372528,0.31854063272476196,1.1464039087295532,1.9012080430984497,1.7860997915267944,1.7860997484608103,1.3270644353968757,2.437328815460205,0.11687758887399007,-0.41558441558441556,0.3494575023651123,0.8940369420421244,0.0,0.23809523809523808,0.7619047619047619
0,fullspan_income_k3_cmdl_seed0,19,0.39703789353370667,0.281929612159729,1.1510827541351318,1.9159409999847412,1.80039381980896,1.8003939270210454,1.3318971963155837,2.417539596557617,0.120525370443066,-0.4454545454545455,0.3600127696990967,0.8981094031766148,0.0,0.2857142857142857,0.7142857142857143
0,fullspan_income_k3_cmdl_seed0,20,0.36786019802093506,0.2523130178451538,1.155471920967102,1.8954280614852905,1.7794653177261353,1.7794652684302836,1.3231112517061687,2.393799066543579,0.1235517330598024,-0.4051948051948052,0.36661362648010254,0.9009857236001808,0.0,0.2857142857142857,0.7142857142857143
0,fullspan_income_k3_cmdl_seed0,21,0.33323934674263,0.21727661788463593,1.1596273183822632,1.8381543159484863,1.7217798233032227,1.7217799528091187,1.2998276090338117,2.366180658340454,0.1252680321315623,-0.4194805194805195,0.3671565055847168,0.9017795898929967,0.0,0.2857142857142857,0.7142857142857143
0,fullspan_income_k3_cmdl_seed0,22,0.3037923574447632,0.1874179095029831,1.163744568824768,1.7477673292160034,1.630976676940918,1.6309766627976376,1.2627320956616175,2.3349246978759766,0.12512180709763815,-0.40129870129870127,0.3597867488861084,0.8994498222286695,0.0,0.3333333333333333,0.6666666666666666
0,fullspan_income_k3_cmdl_seed0,23,0.26923733949661255,0.1524467170238495,1.1679060459136963,1.6308339834213257,1.5136152505874634,1.5136150757274005,1.2133417640413557,2.300513982772827,0.12283611233061258,-0.3077922077922078,0.3434467315673828,0.8928508396061716,0.0,0.6190476190476191,0.38095238095238093
0,fullspan_income_k3_cmdl_seed0,24,0.23404699563980103,0.11682825535535812,1.1721874475479126,1.4949336051940918,1.3772661685943604,1.377266079871419,1.1535358216081346,2.263765811920166,0.11846996666264487,-0.28441558441558445,0.31844425201416016,0.8809494170816127,0.0,0.9523809523809523,0.047619047619047616
0,fullspan_income_k3_cmdl_seed0,25,0.20445692539215088,0.08678949624300003,1.1766743659973145,1.3483819961547852,1.230236291885376,1.2302361772496402,1.0854938470181965,2.2258987426757812,0.11241438604219856,-0.2571428571428571,0.29491424560546875,0.8632145730958362,0.0,0.9523809523809523,0.047619047619047616
0,fullspan_income_k3_cmdl_seed0,26,0.1797112226486206,0.06156551092863083,1.1814570426940918,1.2091310024261475,1.0904903411865234,1.0904903713041885,1.0166535874207814,2.189634323120117,0.10535931749362318,-0.21818181818181817,0.26784634590148926,0.8409441706626344,0.0,0.9523809523809523,0.047619047619047616
0,fullspan_income_k3_cmdl_seed0,27,0.16374273598194122,0.04510202258825302,1.1864070892333984,1.094536542892456,0.9754231572151184,0.9754231829516307,0.9562123843601772,2.1599056720733643,0.09862762897183955,-0.20129870129870128,0.24128389358520508,0.81889902449781,0.0,0.9523809523809523,0.047619047619047616
0,fullspan_income_k3_cmdl_seed0,28,0.1590161770582199,0.03990281745791435,1.1911336183547974,1.0121614933013916,0.8926320672035217,0.8926320830712227,0.910002411830993,2.1402721405029297,0.09367911756688861,-0.2194805194805195,0.21922433376312256,0.8025667289774315,0.0,0.9523809523809523,0.047619047619047616
0,fullspan_income_k3_cmdl_seed0,29,0.15830036997795105,0.038770925253629684,1.1952943801879883,0.9590907692909241,0.8392559289932251,0.839255951566915,0.8785637475195385,2.1299710273742676,0.09082472746243604,-0.24545454545454545,0.2034590244293213,0.7935304304602113,0.0,0.9523809523809523,0.047619047619047616
0,fullspan_income_k3_cmdl_seed0,30,0.16233612596988678,0.042501289397478104,1.1983482837677002,0.9263602495193481,0.8063358068466187,0.8063357940456541,0.8584184078943162,2.1270182132720947,0.08976874470508159,-0.29740259740259745,0.1952219009399414,0.7910156997135567,0.0,0.9523809523809523,0.047619047619047616
0,fullspan_income_k3_cmdl_seed0,31,0.1648084819316864,0.0447840541601181,1.2002441883087158,0.9018757939338684,0.7817636132240295,0.7817636433363644,0.8435029529389881,2.129101276397705,0.0899215639960699,-0.34545454545454546,0.20095276832580566,0.7931922360913328,0.0,0.9523809523809523,0.047619047619047616
0,fullspan_income_k3_cmdl_seed0,32,0.17031747102737427,0.0502052940428257,1.2011216878890991,0.8758322596549988,0.7557305097579956,0.755730496342484,0.8285441483770098,2.134706497192383,0.09073901402377425,-0.3571428571428571,0.20882630348205566,0.7986757149678764,0.0,0.9523809523809523,0.047619047619047616
0,fullspan_income_k3_cmdl_seed0,33,0.17249427735805511,0.05239252373576164,1.2010174989700317,0.8447096347808838,0.724689781665802,0.7246897536734668,0.8113356544857934,2.142488479614258,0.09182294989410368,-0.3649350649350649,0.21736693382263184,0.8061131665473149,0.0,0.9523809523809523,0.047619047619047616
0,fullspan_income_k3_cmdl_seed0,34,0.17001906037330627,0.04999919608235359,1.2001986503601074,0.8096891641616821,0.6898145079612732,0.6898145405912113,0.7923296959627242,2.1520559787750244,0.09299734979121997,-0.36883116883116884,0.22591280937194824,0.8150205973821982,0.0,0.9523809523809523,0.047619047619047616
0,fullspan_income_k3_cmdl_seed0,35,0.16358278691768646,0.043708138167858124,1.1987464427947998,0.7739977836608887,0.6543282270431519,0.6543281930209619,0.7731883823871613,2.163774013519287,0.09426960688097898,-0.37142857142857144,0.23466825485229492,0.8255185892186538,0.0,0.9523809523809523,0.047619047619047616
0,fullspan_income_k3_cmdl_seed0,36,0.15542814135551453,0.0357586070895195,1.196695327758789,0.7451111674308777,0.625698983669281,0.62569891966731,0.7582764100460779,2.178334951400757,0.09579629669335962,-0.348051948051948,0.2456190586090088,0.8377924674840884,0.0,0.9523809523809523,0.047619047619047616
0,fullspan_income_k3_cmdl_seed0,37,0.14787475764751434,0.028462592512369156,1.1941215991973877,0.7271949648857117,0.608083188533783,0.6080831677605475,0.7502139820939019,2.195741653442383,0.09745288258569913,-0.38831168831168833,0.2574172019958496,0.8513590938278045,0.0,0.9523809523809523,0.047619047619047616
0,fullspan_income_k3_cmdl_seed0,38,0.14126653969287872,0.022154785692691803,1.191117525100708,0.7218913435935974,0.6031108498573303,0.6031108298969103,0.7499858524118151,2.2157418727874756,0.09907166382837654,-0.3766233766233766,0.26883792877197266,0.8654693657410742,0.0,0.9523809523809523,0.047619047619047616
0,fullspan_income_k3_cmdl_seed0,39,0.13638781011104584,0.017607301473617554,1.1878050565719604,0.727384090423584,0.6089478731155396,0.6089478090869103,0.7563156613281795,2.2372922897338867,0.10029059812390519,-0.37532467532467534,0.2784230709075928,0.8789713656235953,0.0,0.9523809523809523,0.047619047619047616
0,fullspan_income_k3_cmdl_seed0,40,0.13303117454051971,0.01459497306495905,1.1843619346618652,0.738677442073822,0.6205915212631226,0.6205915416196279,0.7659782412506285,2.259279489517212,0.10077639056709049,-0.4285714285714285,0.2847890853881836,0.8910065934445897,0.0,0.8095238095238095,0.19047619047619047
0,fullspan_income_k3_cmdl_seed0,41,0.13141773641109467,0.013331812806427479,1.1808592081069946,0.750826358795166,0.6330924034118652,0.6330924350108437,0.7758121433712187,2.2803142070770264,0.10029750550040305,-0.4285714285714285,0.28705763816833496,0.9009714930750806,0.0,0.8095238095238095,0.19047619047619047
0,fullspan_income_k3_cmdl_seed0,42,0.13157567381858826,0.013841701671481133,1.177339792251587,0.7572791576385498,0.6398827433586121,0.6398827341444292,0.7817295051756359,2.298832416534424,0.09891916940103603,-0.448051948051948,0.28549695014953613,0.9085894925604242,0.0,0.7619047619047619,0.23809523809523808
0,fullspan_income_k3_cmdl_seed0,43,0.13143989443778992,0.014043496921658516,1.1739639043807983,0.7547215223312378,0.6376513838768005,0.6376514287277381,0.7818082840669722,2.3141214847564697,0.09686639254875415,-0.448051948051948,0.28096914291381836,0.9141837912538174,0.0,0.6666666666666666,0.3333333333333333
0,fullspan_income_k3_cmdl_seed0,44,0.13237431645393372,0.015304205939173698,1.1707011461257935,0.7429224252700806,0.6261528730392456,0.6261528781287109,0.7758383112294334,2.3260562419891357,0.0944971536831134,-0.448051948051948,0.27495598793029785,0.9182206095536604,0.0,0.5714285714285714,0.42857142857142855
0,fullspan_income_k3_cmdl_seed0,45,0.1325875073671341,0.015817977488040924,1.1676952838897705,0.7236498594284058,0.6071544885635376,0.6071544885196223,0.7648134997912815,2.3350107669830322,0.0920672689241576,-0.448051948051948,0.2683694362640381,0.9211844912488668,0.0,0.5238095238095238,0.47619047619047616
0,fullspan_income_k3_cmdl_seed0,46,0.13230203092098236,0.015806661918759346,1.164953589439392,0.7008473873138428,0.5846083760261536,0.5846083362701816,0.7511047465460641,2.341653347015381,0.08969633021500374,-0.448051948051948,0.26167869567871094,0.9234685966068916,0.0,0.5238095238095238,0.47619047619047616
0,fullspan_income_k3_cmdl_seed0,47,0.13244867324829102,0.016209667548537254,1.1623899936676025,0.6781966090202332,0.5622001886367798,0.5622001915023638,0.7370453079541525,2.3467817306518555,0.08739048133834099,-0.4285714285714285,0.25504422187805176,0.9253576378861422,0.0,0.5238095238095238,0.47619047619047616
0,fullspan_income_k3_cmdl_seed0,48,0.13131985068321228,0.015323434956371784,1.1599642038345337,0.6576713919639587,0.5419028401374817,0.5419028064223242,0.7239592529478527,2.350877046585083,0.08522652889633256,-0.4285714285714285,0.24870634078979492,0.9269639716719724,0.0,0.5238095238095238,0.47619047619047616
0,fullspan_income_k3_cmdl_seed0,49,0.13020454347133636,0.014435981400310993,1.15768563747406,0.6407602429389954,0.5252060890197754,0.5252061261641091,0.7129450724238441,2.3543267250061035,0.08318723590013112,-0.4,0.2426309585571289,0.9283756308364529,0.0,0.47619047619047616,0.5238095238095238
0,fullspan_income_k3_cmdl_seed0,50,0.12743917107582092,0.011884992010891438,1.1555417776107788,0.6281043291091919,0.5127554535865784,0.5127554666289449,0.7045494204475766,2.3574516773223877,0.08125750304799116,-0.3649350649350649,0.23678350448608398,0.9296449242891048,0.0,0.47619047619047616,0.5238095238095238
0,fullspan_income_k3_cmdl_seed0,51,0.1259249597787857,0.01057608611881733,1.1534886360168457,0.6177847981452942,0.50263512134552,0.5026351572658447,0.6975528796513876,2.3603038787841797,0.07944618565512591,-0.32987012987012987,0.23113036155700684,0.9307925877981257,0.0,0.3333333333333333,0.6666666666666666
0,fullspan_income_k3_cmdl_seed0,52,0.12480340152978897,0.009653749875724316,1.1514965295791626,0.6076032519340515,0.49264657497406006,0.49264658937888683,0.6904782000042143,2.3627102375030518,0.07775304617945089,-0.3207792207792208,0.22565579414367676,0.9318383143947317,0.0,0.2857142857142857,0.7142857142857143
0,fullspan_income_k3_cmdl_seed0,53,0.12437088787555695,0.009414197877049446,1.149566888809204,0.5958822965621948,0.4811193346977234,0.4811193323977006,0.6821172350928897,2.36468243598938,0.07614358036956487,-0.3051948051948052,0.22031116485595703,0.9328190377774732,0.0,0.2857142857142857,0.7142857142857143
0,fullspan_income_k3_cmdl_seed0,54,0.12287525832653046,0.008112273178994656,1.1476298570632935,0.5823116302490234,0.46773743629455566,0.46773738616329397,0.6722533787999835,2.3664753437042236,0.07462539052129982,-0.3051948051948052,0.21513915061950684,0.9337403468850584,0.0,0.2857142857142857,0.7142857142857143
0,fullspan_income_k3_cmdl_seed0,55,0.1224137619137764,0.00783956702798605,1.1457419395446777,0.5683635473251343,0.4539763033390045,0.4539762332776532,0.661945226646605,2.3683974742889404,0.07317331207646433,-0.28831168831168835,0.21015644073486328,0.9346034267715585,0.0,0.2857142857142857,0.7142857142857143
0,fullspan_income_k3_cmdl_seed0,56,0.12226696312427521,0.007879693061113358,1.143872618675232,0.5564526915550232,0.44225573539733887,0.44225574917627836,0.6530594712211972,2.3710484504699707,0.07168751194196114,-0.287012987012987,0.20517277717590332,0.9354067284411103,0.0,0.2857142857142857,0.7142857142857143
0,fullspan_income_k3_cmdl_seed0,57,0.12233152985572815,0.008134552277624607,1.1419697999954224,0.5471689701080322,0.4331681430339813,0.4331681443764977,0.6461183286848522,2.374647855758667,0.07011181924495816,-0.28051948051948056,0.2000112533569336,0.9361206329280888,0.0,0.23809523809523808,0.7619047619047619
0,fullspan_income_k3_cmdl_seed0,58,0.12261112034320831,0.00861026719212532,1.1400084495544434,0.5431373119354248,0.429333359003067,0.42933334667263423,0.6431780741328285,2.3795580863952637,0.06844432359948391,-0.28051948051948056,0.19490289688110352,0.9366456150168755,0.0,0.19047619047619047,0.8095238095238095
0,fullspan_income_k3_cmdl_seed0,59,0.12312325835227966,0.009319277480244637,1.1380398273468018,0.544845700263977,0.43122974038124084,0.4312297239349473,0.644663773831867,2.3858513832092285,0.06661817213451517,-0.2701298701298701,0.1898026466369629,0.9368878125679587,0.0,0.19047619047619047,0.8095238095238095
0,fullspan_income_k3_cmdl_seed0,60,0.12190742790699005,0.008291449397802353,1.1361597776412964,0.5513442754745483,0.4379095733165741,0.4379095599234854,0.6498004112924848,2.393134593963623,0.06465430380225032,-0.2701298701298701,0.18466734886169434,0.936764334979259,0.0,0.19047619047619047,0.8095238095238095
0,fullspan_income_k3_cmdl_seed0,61,0.12100949883460999,0.0075747729279100895,1.1343472003936768,0.5608711838722229,0.4476218819618225,0.4476218934736248,0.6572115052314031,2.4009668827056885,0.06253586322194615,-0.2701298701298701,0.17911815643310547,0.9362603385385944,0.0,0.19047619047619047,0.8095238095238095
0,fullspan_income_k3_cmdl_seed0,62,0.120480015873909,0.007230719551444054,1.1324928998947144,0.5704957842826843,0.45743420720100403,0.4574341814171473,0.6646427994682675,2.4089395999908447,0.06033384073475795,-0.26883116883116887,0.17328119277954102,0.9353863513484922,0.0,0.19047619047619047,0.8095238095238095
0,fullspan_income_k3_cmdl_seed0,63,0.1200263649225235,0.006964792497456074,1.1306157112121582,0.579131543636322,0.46625104546546936,0.46625104290315783,0.6712790131568909,2.416544198989868,0.05816870500936913,-0.2662337662337662,0.16760635375976562,0.9342329181972383,0.0,0.14285714285714285,0.8571428571428571
0,fullspan_income_k3_cmdl_seed0,64,0.11990191787481308,0.007021430414170027,1.1288049221038818,0.5858842134475708,0.47317615151405334,0.4731761680802419,0.6764720933777946,2.4236316680908203,0.056066170245375,-0.2662337662337662,0.1621713638305664,0.9328854115655973,0.0,0.14285714285714285,0.8571428571428571
0,fullspan_income_k3_cmdl_seed0,65,0.11932510882616043,0.00661704083904624,1.1270806789398193,0.5908883810043335,0.4783419668674469,0.4783419574887815,0.6803875934510004,2.4300906658172607,0.05408310683599012,-0.2662337662337662,0.15700221061706543,0.9314222366838324,0.0,0.14285714285714285,0.8571428571428571
0,fullspan_income_k3_cmdl_seed0,66,0.11799342185258865,0.0054469844326376915,1.1254643201828003,0.5959864258766174,0.48359158635139465,0.48359158143476816,0.6843273838361105,2.4362149238586426,0.0521482733221322,-0.26493506493506497,0.1519317626953125,0.9298068985601754,0.0,0.09523809523809523,0.9047619047619048
0,fullspan_income_k3_cmdl_seed0,67,0.11840546131134033,0.006010602694004774,1.123948574066162,0.6031641364097595,0.4909161627292633,0.4909161594256964,0.6897329092025757,2.442089796066284,0.05025231416480525,-0.26493506493506497,0.14692091941833496,0.928036956295203,0.0,0.09523809523809523,0.9047619047619048
0,fullspan_income_k3_cmdl_seed0,68,0.11825726181268692,0.006009301636368036,1.1224795579910278,0.6124933362007141,0.5003872513771057,0.5003872405465559,0.6965958163851783,2.4477710723876953,0.04839000802874361,-0.26493506493506497,0.14197897911071777,0.926109203596976,0.0,0.047619047619047616,0.9523809523809523
0,fullspan_income_k3_cmdl_seed0,69,0.11783027648925781,0.005724174436181784,1.1210609674453735,0.6220830678939819,0.5101065635681152,0.5101065579833989,0.7035410006841024,2.452885627746582,0.0466462368045525,-0.26493506493506497,0.13732433319091797,0.9242117612144779,0.0,0.047619047619047616,0.9523809523809523
0,fullspan_income_k3_cmdl_seed0,70,0.1178034245967865,0.0058269016444683075,1.1197651624679565,0.6314566731452942,0.5196061134338379,0.5196060962183189,0.7102362627074832,2.4574131965637207,0.04507419665730639,-0.26493506493506497,0.13306450843811035,0.9223962553257675,0.0,0.047619047619047616,0.9523809523809523
0,fullspan_income_k3_cmdl_seed0,71,0.1175551488995552,0.005704568699002266,1.118505835533142,0.6397026777267456,0.52796870470047,0.5279687247385428,0.7160143994149708,2.4612929821014404,0.043640536219340886,-0.26493506493506497,0.12917065620422363,0.9207580376837067,0.0,0.0,1.0
0,fullspan_income_k3_cmdl_seed0,72,0.1172293946146965,0.005495431367307901,1.1173396110534668,0.6455236077308655,0.5338950753211975,0.5338950705953321,0.7200127187229338,2.464414358139038,0.042419194678376126,-0.28051948051948056,0.12581372261047363,0.9193942690155665,0.0,0.0,1.0
0,fullspan_income_k3_cmdl_seed0,73,0.11729129403829575,0.005662768147885799,1.1162852048873901,0.6487131118774414,0.5371810793876648,0.5371810638053428,0.7221694503511701,2.466975450515747,0.041340536837404726,-0.28051948051948056,0.12287521362304688,0.9182528695738137,0.0,0.0,1.0
1,fullspan_income_k3_cmdl_seed1,1,2.1040053367614746,1.9664803743362427,1.3752490282058716,6.100869655609131,5.96385383605957,5.963853729581395,2.3866688192245507,1.3951349258422852,0.013243455421719124,-0.06103896103896104,0.04123044013977051,0.648056188638625,1.0,0.0,0.0
1,fullspan_income_k3_cmdl_seed1,2,1.633411169052124,1.496395468711853,1.3701565265655518,5.070878028869629,4.934443950653076,4.9344434811910745,2.1665167975283803,1.3846843242645264,0.014049120380091129,-0.11688311688311687,0.03887653350830078,0.6398055260810969,1.0,0.0,0.0
1,fullspan_income_k3_cmdl_seed1,3,1.2751103639602661,1.1386760473251343,1.3643430471420288,4.164144992828369,4.028298377990723,4.028298094616587,1.955132513440081,1.3763065338134766,0.015652228017289323,-0.1909090909090909,0.03749847412109375,0.6332118849707596,1.0,0.0,0.0
1,fullspan_income_k3_cmdl_seed1,4,1.0248205661773682,0.888974130153656,1.3584638833999634,3.3812029361724854,3.2459118366241455,3.24591156797765,1.7548718397461234,1.3705453872680664,0.017815333260377684,-0.33766233766233766,0.0383000373840332,0.6286620376396292,1.0,0.0,0.0
1,fullspan_income_k3_cmdl_seed1,5,0.8614230751991272,0.7261318564414978,1.3529119491577148,2.7394139766693115,2.604614734649658,2.6046147809206546,1.5738178954592772,1.368308424949646,0.020301963906429837,-0.4285714285714285,0.04646015167236328,0.6269363933960249,1.0,0.0,0.0
1,fullspan_income_k3_cmdl_seed1,6,0.7544334530830383,0.6196340918540955,1.3479933738708496,2.2506585121154785,2.116264581680298,2.116264460493562,1.421517921877759,1.3694425821304321,0.022873994700167027,-0.4701298701298702,0.05436742305755615,0.6279505032229639,1.0,0.0,0.0
1,fullspan_income_k3_cmdl_seed1,7,0.6754326820373535,0.5410387516021729,1.343938946723938,1.9033604860305786,1.7692809104919434,1.7692808614471547,1.3025225805384772,1.3733302354812622,0.025389513468468728,-0.48441558441558447,0.061599016189575195,0.6311826973815159,1.0,0.0,0.0
1,fullspan_income_k3_cmdl_seed1,8,0.6081919074058533,0.47411230206489563,1.3407962322235107,1.6676924228668213,1.5338414907455444,1.5338415093606388,1.2146647643475306,1.379460096359253,0.02780484980065898,-0.5025974025974026,0.06810104846954346,0.6361728996375904,1.0,0.0,0.0
1,fullspan_income_k3_cmdl_seed1,9,0.5365371704101562,0.4026861786842346,1.3385095596313477,1.5120292901992798,1.3783349990844727,1.3783349998074543,1.1522758596000218,1.3874140977859497,0.030151460257442714,-0.5077922077922078,0.07406115531921387,0.6425276540007578,1.0,0.0,0.0
1,fullspan_income_k3_cmdl_seed1,10,0.46369442343711853,0.3300001323223114,1.3369429111480713,1.4104377031326294,1.2768372297286987,1.276837161388333,1.1089054168689818,1.396937608718872,0.03243696370537754,-0.5376623376623377,0.07998466491699219,0.6499849530943165,1.0,0.0,0.0
1,fullspan_income_k3_cmdl_seed1,11,0.3888632655143738,0.2552627623081207,1.3360048532485962,1.3430466651916504,1.2094899415969849,1.2094900178985906,1.078374050912403,1.407835841178894,0.034708266089588845,-0.5363636363636364,0.08672475814819336,0.6583308763023434,1.0,0.0,0.0
1,fullspan_income_k3_cmdl_seed1,12,0.32296156883239746,0.18940486013889313,1.3355672359466553,1.2916659116744995,1.1581093072891235,1.1581093048205884,1.0538077751795452,1.4200167655944824,0.03698113258451732,-0.5337662337662338,0.09362328052520752,0.667432156358875,1.0,0.0,0.0
1,fullspan_income_k3_cmdl_seed1,13,0.26986080408096313,0.13630419969558716,1.3355658054351807,1.2343415021896362,1.1007572412490845,1.1007571649112615,1.0255479727472578,1.433168649673462,0.03930112585194753,-0.551948051948052,0.10066461563110352,0.6769993571064368,1.0,0.0,0.0
1,fullspan_income_k3_cmdl_seed1,14,0.23867520689964294,0.10509094595909119,1.3358426094055176,1.1453784704208374,1.0117721557617188,1.0117721334153855,0.9811118323178518,1.4452050924301147,0.041176886775051214,-0.5584415584415584,0.1067054271697998,0.6855608037072024,1.0,0.0,0.0
1,fullspan_income_k3_cmdl_seed1,15,0.21927088499069214,0.08566459268331528,1.3360629081726074,1.023561716079712,0.8899641633033752,0.8899641911771674,0.9178243258169719,1.4525870084762573,0.04150870161803188,-0.5584415584415584,0.10884654521942139,0.6908080705615407,1.0,0.0,0.0
1,fullspan_income_k3_cmdl_seed1,16,0.20901182293891907,0.075414277613163,1.3359752893447876,0.8865197896957397,0.7529457211494446,0.7529456743118025,0.8414180555513927,1.456483244895935,0.040666667044233246,-0.5584415584415584,0.10788190364837646,0.6936431353602776,1.0,0.0,0.0
1,fullspan_income_k3_cmdl_seed1,17,0.199448823928833,0.06587474793195724,1.3357408046722412,0.7518551349639893,0.6182546615600586,0.6182547046434792,0.7588091095288595,1.4599906206130981,0.03895923432953877,-0.5727272727272726,0.10496187210083008,0.6962051827305099,1.0,0.0,0.0
1,fullspan_income_k3_cmdl_seed1,18,0.19013388454914093,0.056533414870500565,1.3360047340393066,0.6352290511131287,0.5015231966972351,0.5015231670594366,0.6788189737569719,1.4671188592910767,0.037384622762013785,-0.5831168831168831,0.10241544246673584,0.7011483122942712,1.0,0.0,0.0
1,fullspan_income_k3_cmdl_seed1,19,0.18719838559627533,0.05349254235625267,1.3370583057403564,0.5522902011871338,0.41845929622650146,0.4184592727041244,0.6152959380831037,1.4773811101913452,0.03676030879533031,-0.5974025974025974,0.10210561752319336,0.7080375678451102,1.0,0.0,0.0
1,fullspan_income_k3_cmdl_seed1,20,0.18896809220314026,0.05513720214366913,1.3383088111877441,0.5087003111839294,0.3747217655181885,0.3747217296782317,0.5790114062173026,1.490062952041626,0.036706815555960066,-0.5974025974025974,0.10319757461547852,0.7162988104817672,1.0,0.0,0.0
1,fullspan_income_k3_cmdl_seed1,21,0.1917656511068344,0.05778709426522255,1.3397855758666992,0.4948536157608032,0.3606981635093689,0.3606981736261161,0.566950397832053,1.5049854516983032,0.03703369583339342,-0.625974025974026,0.10522949695587158,0.7257077996934397,1.0,0.0,0.0
1,fullspan_income_k3_cmdl_seed1,22,0.18837332725524902,0.054217882454395294,1.3415544033050537,0.5032640099525452,0.36890336871147156,0.3689033613963117,0.5743941707270486,1.5218846797943115,0.03764929673945761,-0.625974025974026,0.10792005062103271,0.735978675290364,1.0,0.0,0.0
1,fullspan_income_k3_cmdl_seed1,23,0.18028701841831207,0.04592638090252876,1.3436063528060913,0.530540406703949,0.39594796299934387,0.3959479694065213,0.597903094121388,1.540614128112793,0.038511027310546904,-0.6324675324675325,0.11109411716461182,0.7469003739641494,1.0,0.0,0.0
1,fullspan_income_k3_cmdl_seed1,24,0.17128047347068787,0.036688026040792465,1.3459243774414062,0.5697120428085327,0.43486180901527405,0.43486181699610343,0.6303168109485081,1.5609232187271118,0.03954468175148683,-0.5116883116883117,0.11056804656982422,0.7582098038159372,1.0,0.0,0.0
1,fullspan_income_k3_cmdl_seed1,25,0.1639401912689209,0.029089950025081635,1.348502516746521,0.6105411648750305,0.4754156768321991,0.4754156726948314,0.6628110976446242,1.5822103023529053,0.0406945618729712,-0.4701298701298702,0.11318135261535645,0.7694760148991312,1.0,0.0,0.0
1,fullspan_income_k3_cmdl_seed1,26,0.16104793548583984,0.025922436267137527,1.351254940032959,0.6422539949417114,0.5068488121032715,0.5068487975917395,0.6875688135623932,1.6035516262054443,0.04186913887002894,-0.35584415584415585,0.11844801902770996,0.7801758484380831,1.0,0.0,0.0
1,fullspan_income_k3_cmdl_seed1,27,0.1599273681640625,0.024522149935364723,1.3540520668029785,0.6577210426330566,0.5220492482185364,0.5220492204874949,0.7002698906830379,1.6239013671875,0.042996935152967486,-0.28441558441558445,0.12409186363220215,0.7898335247481247,1.0,0.0,0.0
1,fullspan_income_k3_cmdl_seed1,28,0.15804748237133026,0.022375700995326042,1.3567177057266235,0.6567479372024536,0.520843505859375,0.5208435458073353,0.701177179813385,1.642664909362793,0.044219690941459,-0.1974025974025974,0.1313304901123047,0.7982667785343012,1.0,0.0,0.0
1,fullspan_income_k3_cmdl_seed1,29,0.1559797078371048,0.020075278356671333,1.3590443134307861,0.6442811489105225,0.5081798434257507,0.5081798589443797,0.6936851001921154,1.6599531173706055,0.0455948595874045,-0.18051948051948052,0.13850677013397217,0.8056377479747567,1.0,0.0,0.0
1,fullspan_income_k3_cmdl_seed1,30,0.15511101484298706,0.01900973729789257,1.3610126972198486,0.6269423365592957,0.49067914485931396,0.4906791621101889,0.6823115433965411,1.676285743713379,0.047256804727126754,-0.18311688311688312,0.14600706100463867,0.8122464809360653,1.0,0.0,0.0
1,fullspan_income_k3_cmdl_seed1,31,0.1563999503850937,0.02013677917420864,1.3626316785812378,0.610647439956665,0.4742496907711029,0.47424970931192995,0.6711678561710176,1.6923139095306396,0.04924849379794838,-0.18181818181818182,0.15398073196411133,0.8183998255405098,1.0,0.0,0.0
1,fullspan_income_k3_cmdl_seed1,32,0.15658286213874817,0.02018509991466999,1.3639776706695557,0.5996954441070557,0.4631847143173218,0.46318471220497365,0.6634987195332845,1.7084341049194336,0.05155150612764428,-0.174025974025974,0.16254258155822754,0.8242628629525418,1.0,0.0,0.0
1,fullspan_income_k3_cmdl_seed1,33,0.15564966201782227,0.019138962030410767,1.3651069402694702,0.5940977334976196,0.45749545097351074,0.45749542249144487,0.6594727848257337,1.724712610244751,0.054140034522216954,-0.174025974025974,0.17169404029846191,0.8298558421218105,1.0,0.0,0.0
1,fullspan_income_k3_cmdl_seed1,34,0.1531967669725418,0.016594460234045982,1.366023063659668,0.5914762020111084,0.4547975957393646,0.45479763268957546,0.6573509673277537,1.7408182621002197,0.05676726932891008,-0.174025974025974,0.1807328462600708,0.8350778322841516,1.0,0.0,0.0
1,fullspan_income_k3_cmdl_seed1,35,0.14997002482414246,0.013291394338011742,1.3667863607406616,0.5886493921279907,0.4519140124320984,0.4519140071848073,0.6547706183933076,1.7562029361724854,0.05928286427822778,-0.174025974025974,0.18921256065368652,0.8397815030545749,1.0,0.0,0.0
1,fullspan_income_k3_cmdl_seed1,36,0.14830252528190613,0.011567145586013794,1.3673537969589233,0.5825158357620239,0.44574156403541565,0.44574153663108745,0.6494393618333907,1.770196795463562,0.0614022008050983,-0.174025974025974,0.19627439975738525,0.8438309140683528,1.0,0.0,0.0
2,fullspan_income_k3_cmdl_seed2,1,1.0985413789749146,0.9820196032524109,1.1652182340621948,3.411600351333618,3.29536771774292,3.2953678028737237,1.757604194361539,1.2817010879516602,0.009614348643021626,-0.9324675324675323,0.026073694229125977,0.5533103613725397,1.0,0.0,0.0
2,fullspan_income_k3_cmdl_seed2,2,0.899527907371521,0.783295214176178,1.1623269319534302,2.8009231090545654,2.6849727630615234,2.6849725294394906,1.5862624376480068,1.2758833169937134,0.009720822220267787,-0.92987012987013,0.026152372360229492,0.5475563693048147,1.0,0.0,0.0
2,fullspan_income_k3_cmdl_seed2,3,0.7377426624298096,0.6217923760414124,1.1595029830932617,2.285115957260132,2.1694374084472656,2.1694375216890824,1.4251141026616096,1.2701369524002075,0.00983636646179855,-0.9246753246753248,0.026621103286743164,0.5418234227479507,1.0,0.0,0.0
2,fullspan_income_k3_cmdl_seed2,4,0.6155364513397217,0.499858021736145,1.1567845344543457,1.8696366548538208,1.7542190551757812,1.7542191315337665,1.280209529257956,1.2644281387329102,0.009959237593628129,-0.9246753246753248,0.027070045471191406,0.5360806706224448,1.0,0.0,0.0
2,fullspan_income_k3_cmdl_seed2,5,0.5183016061782837,0.40288400650024414,1.1541762351989746,1.5463817119598389,1.431216835975647,1.4312167520476102,1.1551790602859997,1.2587553262710571,0.010097383206712605,-0.9246753246753248,0.027533888816833496,0.5303302045976739,1.0,0.0,0.0
2,fullspan_income_k3_cmdl_seed2,6,0.441801518201828,0.32663658261299133,1.1516492366790771,1.3000812530517578,1.1851632595062256,1.1851633165879616,1.0506709544431596,1.253149151802063,0.010262576020613324,-0.9246753246753248,0.028051257133483887,0.5246080199655376,1.0,0.0,0.0
2,fullspan_income_k3_cmdl_seed2,7,0.37532076239585876,0.2604027986526489,1.1491796970367432,1.1134974956512451,0.9988192319869995,0.9988192729379295,0.9646902424948556,1.247644305229187,0.010450369376217274,-0.9246753246753248,0.02861630916595459,0.5189585395698645,1.0,0.0,0.0
2,fullspan_income_k3_cmdl_seed2,8,0.31441229581832886,0.19973407685756683,1.1467822790145874,0.9701843857765198,0.8557397723197937,0.8557398366281707,0.893403518767584,1.2422435283660889,0.010655329752546027,-0.92987012987013,0.029227137565612793,0.5133919982726036,1.0,0.0,0.0
2,fullspan_income_k3_cmdl_seed2,9,0.263518363237381,0.1490737497806549,1.1444461345672607,0.8562664985656738,0.7420580387115479,0.7420580572883384,0.8323579473154885,1.2369039058685303,0.010879951283186213,-0.92987012987013,0.029899120330810547,0.507869289951787,1.0,0.0,0.0
2,fullspan_income_k3_cmdl_seed2,10,0.22093728184700012,0.10672881454229355,1.1420845985412598,0.759376585483551,0.6453974843025208,0.6453974430401455,0.7761957546075186,1.2315882444381714,0.011102194095891598,-0.92987012987013,0.030579686164855957,0.5023508910025192,1.0,0.0,0.0
2,fullspan_income_k3_cmdl_seed2,11,0.19138430058956146,0.07740519940853119,1.1397910118103027,0.667536199092865,0.5537716150283813,0.5537716493021063,0.7182376484076182,1.2262623310089111,0.011303392078353123,-0.9207792207792208,0.031218290328979492,0.496807941212974,1.0,0.0,0.0
2,fullspan_income_k3_cmdl_seed2,12,0.17355866730213165,0.0597941018640995,1.1376456022262573,0.5779981017112732,0.46442899107933044,0.4644289990731402,0.656207263469696,1.2210021018981934,0.011463894031228395,-0.9090909090909091,0.031783342361450195,0.49132536268108434,1.0,0.0,0.0
2,fullspan_income_k3_cmdl_seed2,13,0.16317355632781982,0.04960443824529648,1.1356911659240723,0.49702027440071106,0.38362616300582886,0.3836261393210687,0.594260254076549,1.2161222696304321,0.011572671064996988,-0.9090909090909091,0.032257795333862305,0.486224978441848,1.0,0.0,0.0
2,fullspan_income_k3_cmdl_seed2,14,0.15697944164276123,0.04358532652258873,1.1339411735534668,0.4314453899860382,0.31819698214530945,0.31819699138050983,0.5387547612190247,1.2122979164123535,0.011612510362752343,-0.9103896103896105,0.03260529041290283,0.48220292738784465,1.0,0.0,0.0
2,fullspan_income_k3_cmdl_seed2,15,0.15311606228351593,0.03986765444278717,1.1324840784072876,0.3868964910507202,0.2738092839717865,0.2738092699151564,0.49766082706905546,1.210461974143982,0.011653162079104981,-0.9051948051948051,0.0329737663269043,0.4802637176958503,1.0,0.0,0.0
2,fullspan_income_k3_cmdl_seed2,16,0.1516944319009781,0.03860723227262497,1.1308720111846924,0.3646027147769928,0.25169435143470764,0.2516943328888036,0.47614029191789176,1.2105367183685303,0.011725798188633535,-0.9038961038961039,0.03304123878479004,0.48034062093126795,1.0,0.0,0.0
2,fullspan_income_k3_cmdl_seed2,17,0.15241314470767975,0.03950478509068489,1.129083514213562,0.36366593837738037,0.25093501806259155,0.25093504114088766,0.47617727801913307,1.211989402770996,0.011807906169993535,-0.8974025974025974,0.03316366672515869,0.4818651082352264,1.0,0.0,0.0
2,fullspan_income_k3_cmdl_seed2,18,0.15024641156196594,0.03751549497246742,1.1273092031478882,0.38015154004096985,0.2675941586494446,0.2675941658097796,0.49407421123413814,1.214393138885498,0.011884959121897066,-0.9025974025974025,0.03329157829284668,0.484383732087755,1.0,0.0,0.0
2,fullspan_income_k3_cmdl_seed2,19,0.14714428782463074,0.03458690643310547,1.125573754310608,0.4101521968841553,0.2977585196495056,0.2977585011453754,0.5244517808868772,1.2174723148345947,0.011939761330391058,-0.8935064935064935,0.03338956832885742,0.4876096114663322,1.0,0.0,0.0
2,fullspan_income_k3_cmdl_seed2,20,0.1427684724330902,0.0303747970610857,1.123936653137207,0.45023873448371887,0.3379932940006256,0.3379932929708983,0.5622391814277286,1.22102689743042,0.011958981402906669,-0.8935064935064935,0.033423423767089844,0.4913350709987431,1.0,0.0,0.0
2,fullspan_income_k3_cmdl_seed2,21,0.13738347589969635,0.025138044729828835,1.122454285621643,0.49546483159065247,0.3833554983139038,0.38335551094877307,0.6019496946107774,1.2248705625534058,0.01194712262077932,-0.8935064935064935,0.0333709716796875,0.4953627767082918,1.0,0.0,0.0
2,fullspan_income_k3_cmdl_seed2,22,0.13409282267093658,0.021983487531542778,1.1210933923721313,0.5394765734672546,0.4274895191192627,0.4274895095294748,0.638201287814549,1.2288010120391846,0.011903153386630162,-0.8935064935064935,0.03322732448577881,0.49947720005744334,1.0,0.0,0.0
2,fullspan_income_k3_cmdl_seed2,23,0.13066686689853668,0.018679797649383545,1.119870662689209,0.5780516266822815,0.46617406606674194,0.46617409463995296,0.668292638801393,1.2326539754867554,0.011832888929044797,-0.8935064935064935,0.03300893306732178,0.5035031319456762,1.0,0.0,0.0
2,fullspan_income_k3_cmdl_seed2,24,0.12895622849464417,0.017078686505556107,1.1187753677368164,0.6083362698554993,0.4965505003929138,0.49655053112385295,0.6909194645427522,1.236305832862854,0.011735495743179423,-0.8935064935064935,0.0327153205871582,0.5073105792442989,1.0,0.0,0.0
2,fullspan_income_k3_cmdl_seed2,25,0.12865622341632843,0.01687045581638813,1.117857575416565,0.6308244466781616,0.519106388092041,0.5191063681318294,0.7071626498585656,1.2396976947784424,0.011606609121556056,-0.8935064935064935,0.032337307929992676,0.5108388455086075,1.0,0.0,0.0
2,fullspan_income_k3_cmdl_seed2,26,0.1286500245332718,0.01693197712302208,1.1171804666519165,0.648302435874939,0.5366355180740356,0.5366355399398062,0.7193902220044818,1.2428205013275146,0.011458791730041206,-0.8935064935064935,0.031910061836242676,0.5140810489385098,1.0,0.0,0.0
2,fullspan_income_k3_cmdl_seed2,27,0.12860095500946045,0.01693403534591198,1.1166691780090332,0.6630427241325378,0.5514159202575684,0.5514159104697715,0.7293640914417449,1.2456884384155273,0.011300795830713764,-0.8935064935064935,0.03145599365234375,0.5170531382211255,1.0,0.0,0.0
2,fullspan_income_k3_cmdl_seed2,28,0.12907129526138306,0.017444517463445663,1.1162678003311157,0.6777564883232117,0.5661660432815552,0.5661660527537032,0.738951135249365,1.2483395338058472,0.011141639284804586,-0.8935064935064935,0.031000375747680664,0.519797482258445,1.0,0.0,0.0
2,fullspan_income_k3_cmdl_seed2,29,0.12787359952926636,0.016283148899674416,1.115904450416565,0.6935397386550903,0.5819932222366333,0.5819931552203285,0.7488466075488499,1.2507997751235962,0.010995176217410106,-0.8999999999999999,0.030575990676879883,0.5223421541160564,1.0,0.0,0.0
2,fullspan_income_k3_cmdl_seed2,30,0.1272396594285965,0.015693165361881256,1.1154649257659912,0.7100820541381836,0.5985924005508423,0.5985924040081104,0.7588178657350086,1.2530832290649414,0.01086780304211743,-0.8999999999999999,0.03020179271697998,0.5247020928669524,1.0,0.0,0.0
2,fullspan_income_k3_cmdl_seed2,31,0.12523894011974335,0.013749310746788979,1.114896297454834,0.7251150608062744,0.6137043833732605,0.6137043434587108,0.7674150211470467,1.255171775817871,0.010770096046650223,-0.9012987012987014,0.02990555763244629,0.5268586296067562,1.0,0.0,0.0
2,fullspan_income_k3_cmdl_seed2,32,0.12463743984699249,0.013226766139268875,1.1141066551208496,0.7362502813339233,0.624940037727356,0.6249400369061148,0.7732367472989219,1.2570879459381104,0.010702033815866178,-0.9012987012987014,0.029688119888305664,0.5288339671901495,1.0,0.0,0.0
3,fullspan_income_k3_cmdl_seed3,1,1.575846552848816,1.401274561882019,1.745720386505127,4.439516067504883,4.263951778411865,4.26395174481442,2.011510112633308,2.3938405513763428,0.013478139620429645,-0.3337662337662338,0.037837982177734375,0.9350366319731422,0.0,0.0,1.0
3,fullspan_income_k3_cmdl_seed3,2,1.3008452653884888,1.1252810955047607,1.7556418180465698,3.6177289485931396,3.4411251544952393,3.4411247445894486,1.8059923625772907,2.406043529510498,0.018436847132782392,-0.3532467532467533,0.051171064376831055,0.9330224969736114,0.0,0.0,1.0
3,fullspan_income_k3_cmdl_seed3,3,1.0936180353164673,0.9170141816139221,1.7660388946533203,2.988283395767212,2.8104395866394043,2.810439789524489,1.6311385953532798,2.4182498455047607,0.02413103119884647,-0.3701298701298701,0.06667947769165039,0.9300827200206392,0.0,0.0,1.0
3,fullspan_income_k3_cmdl_seed3,4,0.9293807744979858,0.751537024974823,1.7784371376037598,2.524993896484375,2.3457295894622803,2.345729600311192,1.4905744851345109,2.4302196502685547,0.03035002013316321,-0.38571428571428573,0.08350992202758789,0.9262024099744819,0.0,0.0,1.0
3,fullspan_income_k3_cmdl_seed3,5,0.7854247093200684,0.6061604022979736,1.7926429510116577,2.1840219497680664,2.0031344890594482,2.003134656958017,1.3790992856735276,2.4414942264556885,0.03662178535378182,-0.3974025974025974,0.09957528114318848,0.92154165649985,0.0,0.0,1.0
3,fullspan_income_k3_cmdl_seed3,6,0.6556738615036011,0.47478631138801575,1.8088752031326294,1.9247134923934937,1.7420305013656616,1.7420305287581979,1.2879882160396803,2.4514875411987305,0.04230077909159953,-0.4,0.11341071128845215,0.9165106502526235,0.0,0.0,1.0
3,fullspan_income_k3_cmdl_seed3,7,0.5395348072052002,0.35685181617736816,1.8268299102783203,1.7117267847061157,1.5271579027175903,1.5271581267762333,1.206912445880118,2.4592177867889404,0.04659147578297354,-0.4,0.1230919361114502,0.9119767700624692,0.0,0.0,1.0
3,fullspan_income_k3_cmdl_seed3,8,0.44671761989593506,0.26214873790740967,1.8456889390945435,1.513610601425171,1.327203631401062,1.327203577671795,1.1242901746715819,2.4627559185028076,0.048376609815381506,-0.4,0.12623333930969238,0.9096932846420396,0.0,0.0,1.0
3,fullspan_income_k3_cmdl_seed3,9,0.37065577507019043,0.18424886465072632,1.8640692234039307,1.3104057312011719,1.1222654581069946,1.1222655032945872,1.0307905347574324,2.4615347385406494,0.04779330790348479,-0.4,0.12360572814941406,0.9103974437086857,0.0,0.0,1.0
3,fullspan_income_k3_cmdl_seed3,10,0.31887269020080566,0.13073234260082245,1.8814033269882202,1.101326823234558,0.9115360975265503,0.9115360415841061,0.9231189276490893,2.45609712600708,0.04545636896147054,-0.40259740259740256,0.11666727066040039,0.9134971146630031,0.0,0.0,1.0
3,fullspan_income_k3_cmdl_seed3,11,0.2796650230884552,0.0898742526769638,1.8979077339172363,0.9025299549102783,0.7110805511474609,0.711080521587393,0.8063915272553762,2.448225498199463,0.04195619014947912,-0.40259740259740256,0.10681319236755371,0.9175796952334269,0.0,0.0,1.0
3,fullspan_income_k3_cmdl_seed3,12,0.25247877836227417,0.061029400676488876,1.9144939184188843,0.7285051345825195,0.5354090929031372,0.5354091482110632,0.6882333074297223,2.4392004013061523,0.0377273354305035,-0.40259740259740256,0.09524297714233398,0.9217285668311691,0.0,0.0,1.0
3,fullspan_income_k3_cmdl_seed3,13,0.23982669413089752,0.046730682253837585,1.9309600591659546,0.6033174395561218,0.4088343679904938,0.4088343751409851,0.5906470786957514,2.433873176574707,0.034949430057930345,-0.40259740259740256,0.08768773078918457,0.9240603137849338,0.0,0.0,1.0
3,fullspan_income_k3_cmdl_seed3,14,0.24039900302886963,0.045915912836790085,1.9448307752609253,0.5304460525512695,0.3351197838783264,0.33511980028108673,0.5279970481282189,2.4344825744628906,0.035094119832150286,-0.40259740259740256,0.08785629272460938,0.9240555799726715,0.0,0.0,1.0
3,fullspan_income_k3_cmdl_seed3,15,0.24454276263713837,0.049216482788324356,1.9532628059387207,0.49689599871635437,0.3013657033443451,0.3013657081092414,0.49866532286008197,2.4389050006866455,0.03718573927120857,-0.4077922077922078,0.0931401252746582,0.9224674778806682,0.0,0.0,1.0
3,fullspan_income_k3_cmdl_seed3,16,0.2475007176399231,0.05197041854262352,1.9553029537200928,0.4852360486984253,0.289987713098526,0.289987715899919,0.4904213391599201,2.4456379413604736,0.04044518214793584,-0.4077922077922078,0.10147905349731445,0.9196304059041949,0.0,0.0,1.0
3,fullspan_income_k3_cmdl_seed3,17,0.24861299991607666,0.053364649415016174,1.9524834156036377,0.48528170585632324,0.29075971245765686,0.29075970548219654,0.4943429572241647,2.4535555839538574,0.04392358163913734,-0.4077922077922078,0.11065506935119629,0.915860155010082,0.0,0.0,1.0
3,fullspan_income_k3_cmdl_seed3,18,0.2444545477628708,0.04993253946304321,1.9452201128005981,0.4925282895565033,0.29886820912361145,0.2988682154781109,0.5061290604727608,2.462371826171875,0.0477059998600473,-0.4077922077922078,0.12055730819702148,0.9109863088281028,0.0,0.0,1.0
3,fullspan_income_k3_cmdl_seed3,19,0.23830650746822357,0.044646430760622025,1.9366008043289185,0.5086640119552612,0.315723717212677,0.3157237159966217,0.5266752583639962,2.4716882705688477,0.05148178237436008,-0.4077922077922078,0.1302661895751953,0.9049218661731028,0.0,0.0,1.0
3,fullspan_income_k3_cmdl_seed3,20,0.22691047191619873,0.033970143646001816,1.9294031858444214,0.5325632691383362,0.3404938578605652,0.3404938539811646,0.5536430534862337,2.4809346199035645,0.05432083966294764,-0.4077922077922078,0.13711309432983398,0.8978523226782271,0.0,0.0,1.0
3,fullspan_income_k3_cmdl_seed3,21,0.22023063898086548,0.02816120721399784,1.9206942319869995,0.5643225312232971,0.3732267916202545,0.37322681304927635,0.5858860952513558,2.48909330368042,0.05501918895608062,-0.40129870129870127,0.13719773292541504,0.8903592542001709,0.0,0.0,1.0
3,fullspan_income_k3_cmdl_seed3,22,0.2160346955060959,0.024938950315117836,1.9109573364257812,0.6020797491073608,0.4119832515716553,0.4119832811615995,0.6209236298288617,2.494800090789795,0.052145041943599424,-0.3896103896103896,0.12506508827209473,0.8834797199937926,0.0,0.0,1.0
3,fullspan_income_k3_cmdl_seed3,23,0.21203991770744324,0.021943427622318268,1.9009649753570557,0.6418761610984802,0.45266637206077576,0.4526664042501695,0.6551220615704855,2.496480941772461,0.04490804499472013,-0.3818181818181818,0.11994028091430664,0.8785644699943876,0.0,0.0,1.0
3,fullspan_income_k3_cmdl_seed3,24,0.21023650467395782,0.021026721224188805,1.8920978307724,0.6761728525161743,0.4877162575721741,0.487716264912269,0.6830865002813793,2.493269205093384,0.035636169101522785,-0.23376623376623373,0.11939334869384766,0.8764911859320795,0.0,0.0,1.0
3,fullspan_income_k3_cmdl_seed3,25,0.20957329869270325,0.021116700023412704,1.8845659494400024,0.7012782096862793,0.5133084058761597,0.5133083881443018,0.7028399478821528,2.4836490154266357,0.034771573578783924,0.1948051948051948,0.151228666305542,0.87750475980873,0.0,0.0,1.0
3,fullspan_income_k3_cmdl_seed3,26,0.2091970443725586,0.021227264776825905,1.8796976804733276,0.7159291505813599,0.5283229351043701,0.528322963508451,0.7142359557605925,2.470261573791504,0.051816639129341424,0.4285714285714285,0.23619461059570312,0.880227360637899,0.0,0.0,1.0
3,fullspan_income_k3_cmdl_seed3,27,0.20883026719093323,0.021224046126008034,1.8760621547698975,0.7211967706680298,0.5338444709777832,0.5338445231302534,0.7184812142735436,2.4614124298095703,0.06675521195198293,0.7298701298701298,0.27647829055786133,0.881864251319624,0.0,0.0,1.0
3,fullspan_income_k3_cmdl_seed3,28,0.20867657661437988,0.02132429927587509,1.8735226392745972,0.7236251831054688,0.5364590883255005,0.5364590267070494,0.720290237949008,2.4640920162200928,0.06399456612877966,0.7298701298701298,0.25826239585876465,0.8807338723584001,0.0,0.0,1.0
3,fullspan_income_k3_cmdl_seed3,29,0.20634452998638153,0.019178401678800583,1.8716611862182617,0.7190233469009399,0.5318119525909424,0.531811906906499,0.7170088858831496,2.4651660919189453,0.06280329728399206,0.774025974025974,0.24642705917358398,0.8801792089956602,0.0,0.0,1.0
3,fullspan_income_k3_cmdl_seed3,30,0.20481911301612854,0.01760775037109852,1.872113585472107,0.7089511752128601,0.5214655995368958,0.5214656191204476,0.7097518160229638,2.4623019695281982,0.0671092054200362,0.8012987012987013,0.25187015533447266,0.88075857632424,0.0,0.0,1.0
3,fullspan_income_k3_cmdl_seed3,31,0.20309309661388397,0.015607536770403385,1.8748555183410645,0.6938349008560181,0.5059489607810974,0.5059489317938708,0.6987300855772836,2.456817626953125,0.07507587037954234,0.8012987012987013,0.2663764953613281,0.8820765954948252,0.0,0.0,1.0
4,fullspan_income_k3_cmdl_seed4,1,1.33649480342865,1.1834911108016968,1.530036449432373,3.5103952884674072,3.358816623687744,3.358816778765018,1.791305135935545,1.7423290014266968,0.010415965553834354,0.9025974025974025,0.028080463409423828,0.7655872279293034,0.0,1.0,0.0
4,fullspan_income_k3_cmdl_seed4,2,1.0515245199203491,0.8999457955360413,1.5157876014709473,2.8841562271118164,2.7339680194854736,2.7339680586838018,1.619222276444946,1.7385836839675903,0.009982154677558882,0.9025974025974025,0.026962876319885254,0.7678893800016996,0.0,1.0,0.0
4,fullspan_income_k3_cmdl_seed4,3,0.8180156946182251,0.6678275465965271,1.50188148021698,2.328683614730835,2.1798479557037354,2.1798476839336467,1.4477941558829375,1.734871506690979,0.009555508656552211,0.9025974025974025,0.02585625648498535,0.7701195669712784,0.0,1.0,0.0
4,fullspan_income_k3_cmdl_seed4,4,0.6227859854698181,0.4739503860473633,1.488356113433838,1.852944016456604,1.7054349184036255,1.7054350120552186,1.2808226623705454,1.7311720848083496,0.009167347451070855,0.9025974025974025,0.02484607696533203,0.772288137972981,0.0,1.0,0.0
4,fullspan_income_k3_cmdl_seed4,5,0.4749508500099182,0.3274417817592621,1.4750908613204956,1.4590250253677368,1.3128231763839722,1.3128231220501678,1.121854814745131,1.7274401187896729,0.008813669766498505,0.9025974025974025,0.023920297622680664,0.7744213114403025,0.0,1.0,0.0
4,fullspan_income_k3_cmdl_seed4,6,0.3644944131374359,0.21829257905483246,1.462018370628357,1.1430363655090332,0.9981217980384827,0.9981218551523706,0.9738054559344337,1.7236706018447876,0.008474743820440401,0.9038961038961039,0.023030638694763184,0.7765235900304146,0.0,1.0,0.0
4,fullspan_income_k3_cmdl_seed4,7,0.2901836633682251,0.14526906609535217,1.449145793914795,0.8985000848770142,0.7548485994338989,0.7548485804805578,0.8401233582269578,1.7198940515518188,0.00814626520860248,0.9038961038961039,0.02216804027557373,0.7786095992162794,0.0,1.0,0.0
4,fullspan_income_k3_cmdl_seed4,8,0.24393904209136963,0.1002875491976738,1.4365148544311523,0.7142752408981323,0.5718666911125183,0.5718666661488045,0.7230786468301501,1.7162644863128662,0.007819519795732352,0.9038961038961039,0.021305203437805176,0.7807518552495316,0.0,1.0,0.0
4,fullspan_income_k3_cmdl_seed4,9,0.22166737914085388,0.07925879955291748,1.4240857362747192,0.584122896194458,0.4429057836532593,0.4429058150813634,0.6286186533314841,1.7133792638778687,0.007467825978120153,0.9038961038961039,0.020379185676574707,0.7825994799912996,0.0,1.0,0.0
4,fullspan_income_k3_cmdl_seed4,10,0.21468155086040497,0.07346445322036743,1.4121708869934082,0.5002562403678894,0.36011937260627747,0.3601193906233878,0.561465859413147,1.7117396593093872,0.007091208373641831,0.9038961038961039,0.01939857006072998,0.7838150366666158,0.0,1.0,0.0
4,fullspan_income_k3_cmdl_seed4,11,0.21600891649723053,0.0758720338344574,1.4013688564300537,0.4542849063873291,0.3151179254055023,0.3151179069581827,0.5233747959136963,1.7113651037216187,0.006688514004047345,0.9038961038961039,0.018351197242736816,0.7843401505289926,0.0,1.0,0.0
4,fullspan_income_k3_cmdl_seed4,12,0.21458753943443298,0.0754205510020256,1.3916698694229126,0.4374942183494568,0.2991226613521576,0.2991226609130547,0.511474731422606,1.7120156288146973,0.006313363948715079,0.9142857142857143,0.017377495765686035,0.7842686201978852,0.0,1.0,0.0
4,fullspan_income_k3_cmdl_seed4,13,0.21087908744812012,0.07250750809907913,1.3837156295776367,0.44301509857177734,0.3052848279476166,0.305284795215643,0.5208068021706173,1.7133736610412598,0.005967619606292422,0.9129870129870129,0.016474604606628418,0.7837775177252104,0.0,1.0,0.0
4,fullspan_income_k3_cmdl_seed4,14,0.20387299358844757,0.066142737865448,1.3773025274276733,0.46791011095046997,0.3307010531425476,0.33070106464259147,0.5475212363969713,1.715203046798706,0.005650167844189444,0.92987012987013,0.01563715934753418,0.7830023066030181,0.0,1.0,0.0
4,fullspan_income_k3_cmdl_seed4,15,0.19488701224327087,0.057677969336509705,1.3720903396606445,0.509104311466217,0.3723554015159607,0.372355412687697,0.5867013690017518,1.71731698513031,0.00534321935746877,0.9363636363636364,0.014844536781311035,0.7820505929741094,0.0,1.0,0.0
4,fullspan_income_k3_cmdl_seed4,16,0.1850394308567047,0.04829050600528717,1.367489218711853,0.562457263469696,0.4261596202850342,0.42615965434189396,0.632781099705469,1.7195119857788086,0.005038310355573947,0.9402597402597404,0.014075994491577148,0.7810422898497972,0.0,1.0,0.0
4,fullspan_income_k3_cmdl_seed4,17,0.17742016911506653,0.04112253710627556,1.362976312637329,0.6226139664649963,0.4867820739746094,0.48678206904987453,0.6804269580614,1.7216336727142334,0.0047338696729523925,0.9454545454545454,0.013283133506774902,0.7800726121798318,0.0,1.0,0.0
4,fullspan_income_k3_cmdl_seed4,18,0.17180289328098297,0.03597098961472511,1.3583190441131592,0.6818116903305054,0.5465279817581177,0.5465279952390566,0.7239794035752615,1.7234293222427368,0.0044133944684607304,0.9441558441558441,0.012415409088134766,0.7793062447199135,0.0,1.0,0.0
4,fullspan_income_k3_cmdl_seed4,19,0.1681046336889267,0.03282095119357109,1.3528367280960083,0.7332260608673096,0.5985865592956543,0.5985866118486436,0.7596801051071712,1.724792242050171,0.004080165877381083,0.9493506493506494,0.011700987815856934,0.7788112060180052,0.0,1.0,0.0
4,fullspan_income_k3_cmdl_seed4,20,0.16592898964881897,0.0312894731760025,1.3463951349258423,0.77565598487854,0.6417534947395325,0.6417534530439805,0.7878011010942005,1.7257347106933594,0.003739538355516609,0.9532467532467532,0.010894298553466797,0.778575614291354,0.0,1.0,0.0
4,fullspan_income_k3_cmdl_seed4,21,0.16545863449573517,0.0315561480820179,1.3390249013900757,0.8075361847877502,0.6744515895843506,0.6744516251608608,0.8081567060379755,1.7262789011001587,0.003401101934384816,0.9402597402597404,0.009917140007019043,0.77858343019545,0.0,1.0,0.0
4,fullspan_income_k3_cmdl_seed4,22,0.16451585292816162,0.03143124282360077,1.3308460712432861,0.8321483135223389,0.6999460458755493,0.6999460579793751,0.8233292017664228,1.7264970541000366,0.0030737543930565306,0.9259740259740258,0.009034395217895508,0.7787872430070382,0.0,1.0,0.0
4,fullspan_income_k3_cmdl_seed4,23,0.16217422485351562,0.029971972107887268,1.3220224380493164,0.8530356287956238,0.7217710018157959,0.7217709955716607,0.835741400718689,1.7264474630355835,0.002761795128808696,0.9103896103896105,0.008237600326538086,0.7791491973079574,0.0,1.0,0.0
4,fullspan_income_k3_cmdl_seed4,24,0.15970413386821747,0.028439493849873543,1.3126463890075684,0.8698061108589172,0.7395257353782654,0.739525792571006,0.845340541430882,1.7261613607406616,0.0024721305709791063,0.8844155844155844,0.007436633110046387,0.7796494074908421,0.0,1.0,0.0
4,fullspan_income_k3_cmdl_seed4,25,0.1562986969947815,0.026018327102065086,1.3028037548065186,0.8822375535964966,0.7529657483100891,0.7529657250747003,0.8521526569411868,1.7256734371185303,0.0022182925411292852,0.8428571428571429,0.006649613380432129,0.7802657277669317,0.0,1.0,0.0
4,fullspan_income_k3_cmdl_seed4,26,0.15302380919456482,0.023752018809318542,1.2927179336547852,0.8897888660430908,0.7615357637405396,0.7615357953539079,0.8559692828428178,1.725003957748413,0.0020116244806727386,0.7805194805194805,0.005885004997253418,0.780986413326323,0.0,1.0,0.0
4,fullspan_income_k3_cmdl_seed4,27,0.14903850853443146,0.02078537456691265,1.2825312614440918,0.8911329507827759,0.7638891339302063,0.7638891336861166,0.8560572181429181,1.7241910696029663,0.0018611032721463287,0.6701298701298701,0.005174398422241211,0.7817870251263689,0.0,1.0,0.0
5,fullspan_income_k3_cmdl_seed5,1,2.0927836894989014,1.9445269107818604,1.4825677871704102,3.8095903396606445,3.661680221557617,3.661680166500718,1.852298457352888,1.6080127954483032,0.00809120325536196,0.5714285714285714,0.021059274673461914,0.8191286594918259,0.0,1.0,0.0
5,fullspan_income_k3_cmdl_seed5,2,1.5314617156982422,1.3835515975952148,1.4791008234024048,2.9212324619293213,2.773653268814087,2.7736532865080186,1.607463129751739,1.601203203201294,0.008413545573642572,0.6051948051948052,0.02140951156616211,0.8199719682729181,0.0,1.0,0.0
5,fullspan_income_k3_cmdl_seed5,3,1.0965521335601807,0.9489729404449463,1.4757916927337646,2.227018356323242,2.0797500610351562,2.07975004296617,1.3859186823524179,1.59445321559906,0.00872065541101391,0.625974025974026,0.022231221199035645,0.8206331209293144,0.0,1.0,0.0
5,fullspan_income_k3_cmdl_seed5,4,0.7848113179206848,0.6375431418418884,1.4726817607879639,1.6923433542251587,1.5453637838363647,1.5453640051465307,1.1878103777056648,1.587763786315918,0.009011274049894926,0.6376623376623376,0.023012280464172363,0.8211165244553913,0.0,1.0,0.0
5,fullspan_income_k3_cmdl_seed5,5,0.5909489393234253,0.44396936893463135,1.4697957038879395,1.2860324382781982,1.1393132209777832,1.1393132571084232,1.0124856410991578,1.5811364650726318,0.009273682348356224,0.6545454545454545,0.023729324340820312,0.8214269539287733,0.0,1.0,0.0
5,fullspan_income_k3_cmdl_seed5,6,0.4958272874355316,0.34910812973976135,1.4671915769577026,0.9910815358161926,0.8445894122123718,0.8445893878681785,0.8637455034823645,1.574587345123291,0.009481146726781907,0.7,0.024262428283691406,0.8215696906033952,0.0,1.0,0.0
5,fullspan_income_k3_cmdl_seed5,7,0.4563989043235779,0.30990681052207947,1.4649211168289185,0.7979297637939453,0.6516232490539551,0.6516233196500169,0.7503839589300609,1.5684231519699097,0.009585282957779977,0.735064935064935,0.02458322048187256,0.8215550702163997,0.047619047619047616,0.9523809523809523,0.0
5,fullspan_income_k3_cmdl_seed5,8,0.4337380528450012,0.2874315679073334,1.4630649089813232,0.6784707307815552,0.5323046445846558,0.5323046356827272,0.670297201190676,1.5629633665084839,0.00956908558634432,0.7506493506493507,0.024712204933166504,0.8214214067851952,0.2857142857142857,0.7142857142857143,0.0
5,fullspan_income_k3_cmdl_seed5,9,0.4121934771537781,0.26602739095687866,1.461660623550415,0.606838047504425,0.4607689678668976,0.46076898842056135,0.6173310464336759,1.5583690404891968,0.009425515082582303,0.7597402597402596,0.02441704273223877,0.8212210674443272,0.38095238095238093,0.6190476190476191,0.0
5,fullspan_income_k3_cmdl_seed5,10,0.3765762150287628,0.23050713539123535,1.4606907367706299,0.5656676292419434,0.419662207365036,0.41966223125785,0.5852839081060319,1.5546655654907227,0.009173763297567672,0.7610389610389611,0.02425408363342285,0.8210007708698137,0.42857142857142855,0.5714285714285714,0.0
5,fullspan_income_k3_cmdl_seed5,11,0.335666298866272,0.18966086208820343,1.4600542783737183,0.5440628528594971,0.39809271693229675,0.3980927152290339,0.5689625839392344,1.5517768859863281,0.008814367170570662,0.7610389610389611,0.02373361587524414,0.8207933568960486,0.47619047619047616,0.5238095238095238,0.0
5,fullspan_income_k3_cmdl_seed5,12,0.29005181789398193,0.1440816968679428,1.4597012996673584,0.534704864025116,0.38874581456184387,0.3887458073983726,0.5636916557947794,1.5495452880859375,0.008357565948876655,0.7636363636363636,0.02285897731781006,0.8206136046344952,0.5238095238095238,0.47619047619047616,0.0
5,fullspan_income_k3_cmdl_seed5,13,0.24827270209789276,0.10231363773345947,1.4595905542373657,0.5304281711578369,0.38445064425468445,0.38445063004530977,0.5636967094171614,1.5475728511810303,0.007790973469002302,0.7974025974025974,0.021556735038757324,0.8204453074069675,0.5714285714285714,0.42857142857142855,0.0
5,fullspan_income_k3_cmdl_seed5,14,0.22137919068336487,0.0754016563296318,1.4597752094268799,0.5184738636016846,0.37242692708969116,0.3724269294359806,0.5572516605967567,1.5450513362884521,0.007106832716350505,0.7844155844155845,0.019774794578552246,0.8202149078582892,0.8095238095238095,0.19047619047619047,0.0
5,fullspan_income_k3_cmdl_seed5,15,0.2090717852115631,0.0630248561501503,1.4604692459106445,0.48940569162368774,0.3432655334472656,0.34326554219548877,0.5341445321128482,1.5417046546936035,0.006436803631014938,0.735064935064935,0.017870187759399414,0.819865089965189,1.0,0.0,0.0
5,fullspan_income_k3_cmdl_seed5,16,0.2046194076538086,0.058479245752096176,1.4614015817642212,0.4503069519996643,0.3040711581707001,0.3040711671495391,0.4986620616345179,1.5377657413482666,0.005863858438066174,0.7155844155844155,0.016121745109558105,0.8193933782878619,1.0,0.0,0.0
5,fullspan_income_k3_cmdl_seed5,17,0.2028914988040924,0.05665569007396698,1.462357997894287,0.40781235694885254,0.2614850103855133,0.2614850037633041,0.4557671688851856,1.5334011316299438,0.005406700535240326,0.6844155844155844,0.014656901359558105,0.8187991072908352,1.0,0.0,0.0
5,fullspan_income_k3_cmdl_seed5,18,0.19866043329238892,0.05233306437730789,1.463273525238037,0.3665083646774292,0.22009488940238953,0.2200948725714088,0.4098123510678609,1.528767704963684,0.00505422976935005,0.6766233766233766,0.01422584056854248,0.8180898208933594,1.0,0.0,0.0
5,fullspan_income_k3_cmdl_seed5,19,0.19135630130767822,0.044942840933799744,1.4641345739364624,0.33012574911117554,0.18363596498966217,0.18363594912806788,0.36575753206298467,1.5240416526794434,0.004790513732836749,0.6610389610389611,0.013898491859436035,0.8172913959808525,1.0,0.0,0.0
5,fullspan_income_k3_cmdl_seed5,20,0.1861405372619629,0.03965073451399803,1.4648979902267456,0.30324235558509827,0.1567087471485138,0.1567087547473356,0.3321240884917123,1.5197309255599976,0.004604039868463238,0.648051948051948,0.013635993003845215,0.8165202615898647,1.0,0.0,0.0
5,fullspan_income_k3_cmdl_seed5,21,0.18300557136535645,0.03647197037935257,1.4653360843658447,0.289445161819458,0.14293359220027924,0.14293360364096028,0.3173055677186875,1.5167731046676636,0.004463945117600509,0.6324675324675325,0.013382196426391602,0.815995305910607,1.0,0.0,0.0
5,fullspan_income_k3_cmdl_seed5,22,0.18450984358787537,0.0379982553422451,1.4651157855987549,0.28832224011421204,0.14189757406711578,0.14189756169926276,0.3221802370888846,1.5153881311416626,0.004329270967179645,0.6324675324675325,0.013083934783935547,0.8157899240563529,1.0,0.0,0.0
5,fullspan_income_k3_cmdl_seed5,23,0.18140265345573425,0.034977979958057404,1.4642466306686401,0.29858505725860596,0.15229150652885437,0.1522915029152316,0.3433758190699986,1.5152543783187866,0.004184295960306498,0.6324675324675325,0.012723803520202637,0.8158511761634019,1.0,0.0,0.0
5,fullspan_income_k3_cmdl_seed5,24,0.17673656344413757,0.030443035066127777,1.4629353284835815,0.3208821713924408,0.17474770545959473,0.174747701813533,0.37880529392333256,1.5161314010620117,0.004026425231310913,0.6298701298701298,0.01230466365814209,0.8161289620352551,1.0,0.0,0.0
5,fullspan_income_k3_cmdl_seed5,25,0.16977302730083466,0.02363855578005314,1.461344599723816,0.35373222827911377,0.2077626883983612,0.20776269910360684,0.42316811141513644,1.5175848007202148,0.0038521180865846794,0.6194805194805195,0.01183021068572998,0.8165260800146233,1.0,0.0,0.0
5,fullspan_income_k3_cmdl_seed5,26,0.16477788984775543,0.018808363005518913,1.4596952199935913,0.39275062084198,0.24692873656749725,0.2469287253117431,0.46928028265635174,1.5191237926483154,0.0036615704786016894,0.6194805194805195,0.011305570602416992,0.8169373203098567,1.0,0.0,0.0
5,fullspan_income_k3_cmdl_seed5,27,0.1632070243358612,0.017385156825184822,1.4582186937332153,0.4314737319946289,0.28576919436454773,0.285769209937477,0.5104375566755023,1.5203521251678467,0.0034633052450591915,0.6116883116883116,0.010749101638793945,0.8172840954027216,1.0,0.0,0.0
5,fullspan_income_k3_cmdl_seed5,28,0.16332457959651947,0.017620062455534935,1.4570451974868774,0.46277379989624023,0.3171579837799072,0.3171580115686087,0.5413731819107419,1.5209717750549316,0.0032719619219674905,0.6,0.010188579559326172,0.8175113944618287,1.0,0.0,0.0
5,fullspan_income_k3_cmdl_seed5,29,0.1645030528306961,0.018887247890233994,1.4561580419540405,0.481834352016449,0.33627593517303467,0.3362759433569133,0.559548210530054,1.5208526849746704,0.0030921096898300295,0.5805194805194805,0.009630322456359863,0.8175953771646386,1.0,0.0,0.0
5,fullspan_income_k3_cmdl_seed5,30,0.1633252054452896,0.01776679791510105,1.4555840492248535,0.4886082708835602,0.3430905044078827,0.3430905099133123,0.5662278816813514,1.5201189517974854,0.002935120262047395,0.5467532467532468,0.009096860885620117,0.8175567558052625,1.0,0.0,0.0
5,fullspan_income_k3_cmdl_seed5,31,0.16112664341926575,0.01560886949300766,1.455177664756775,0.48650914430618286,0.3410275876522064,0.3410275818008203,0.5648890591803051,1.5189955234527588,0.002806714591472646,0.5311688311688313,0.00859975814819336,0.8174343460134876,1.0,0.0,0.0
5,fullspan_income_k3_cmdl_seed5,32,0.15946300327777863,0.013981426134705544,1.4548156261444092,0.4802265763282776,0.3347860276699066,0.33478605226785707,0.559699725537073,1.517722487449646,0.0027053084939965,0.5168831168831168,0.008143067359924316,0.817272930654203,1.0,0.0,0.0
5,fullspan_income_k3_cmdl_seed5,33,0.15927377343177795,0.01383323222398758,1.4544053077697754,0.47490251064300537,0.32951804995536804,0.32951803069773566,0.5552244725681487,1.5165672302246094,0.002628188738259849,0.42987012987012985,0.0077217817306518555,0.8171275768610422,1.0,0.0,0.0
5,fullspan_income_k3_cmdl_seed5,34,0.159651517868042,0.01426705066114664,1.4538445472717285,0.4731059670448303,0.32780325412750244,0.32780325456960824,0.5538299878438314,1.5156453847885132,0.0025733393120127724,0.3675324675324675,0.007352709770202637,0.8170252407819302,1.0,0.0,0.0
5,fullspan_income_k3_cmdl_seed5,35,0.15921083092689514,0.01390812173485756,1.4530271291732788,0.47596752643585205,0.3307725191116333,0.3307725302555091,0.5565820506640843,1.5150203704833984,0.002533810888694779,0.36103896103896105,0.0070296525955200195,0.8169828667433611,1.0,0.0,0.0
5,fullspan_income_k3_cmdl_seed5,36,0.1581219881772995,0.012926989234983921,1.451949954032898,0.48304617404937744,0.3379807770252228,0.33798078100383544,0.5630503410384768,1.5146493911743164,0.0025063555847682864,0.3155844155844156,0.007166743278503418,0.816994135162856,1.0,0.0,0.0
5,fullspan_income_k3_cmdl_seed5,37,0.1565035581588745,0.011438142508268356,1.4506540298461914,0.49201321601867676,0.34709563851356506,0.3470956553067963,0.571113197576432,1.5144031047821045,0.0024870221113381394,0.2935064935064935,0.007336735725402832,0.8170324680815177,1.0,0.0,0.0
6,fullspan_income_k3_cmdl_seed6,1,1.5061066150665283,1.3629618883132935,1.4314466714859009,4.684893608093262,4.541391849517822,4.541392309748436,2.077835961998928,1.6995291709899902,0.0284676152018829,-0.24285714285714283,0.0962667465209961,0.7883528020896332,0.0,1.0,0.0
6,fullspan_income_k3_cmdl_seed6,2,1.262230634689331,1.1187291145324707,1.435015320777893,4.0111403465271,3.867286205291748,3.8672863420552908,1.919474791558016,1.7117871046066284,0.027863464307360267,-0.251948051948052,0.09372425079345703,0.782270977609208,0.0,1.0,0.0
6,fullspan_income_k3_cmdl_seed6,3,1.05633544921875,0.912481427192688,1.4385396242141724,3.4098711013793945,3.2656779289245605,3.2656780273020223,1.7656739705375262,1.7234163284301758,0.02722270513809881,-0.2571428571428571,0.09105634689331055,0.7760218329793612,0.0,1.0,0.0
6,fullspan_income_k3_cmdl_seed6,4,0.883571207523346,0.7393779754638672,1.4419324398040771,2.8931968212127686,2.748688220977783,2.7486881044680285,1.620829890881266,1.7343403100967407,0.026531964036123613,-0.23896103896103899,0.08825242519378662,0.7697349067984796,0.0,1.0,0.0
6,fullspan_income_k3_cmdl_seed6,5,0.744613528251648,0.6001048684120178,1.4450864791870117,2.464016914367676,2.3192203044891357,2.3192201419924876,1.4883081398549534,1.7445119619369507,0.02581606776383822,-0.2506493506493506,0.0853811502456665,0.763522745271023,0.0,1.0,0.0
6,fullspan_income_k3_cmdl_seed6,6,0.6309486031532288,0.48615193367004395,1.4479668140411377,2.1144909858703613,1.9694324731826782,1.9694323812494812,1.3693659656814166,1.7538855075836182,0.02512547711929932,-0.22987012987012984,0.08257842063903809,0.7574925658843118,0.0,1.0,0.0
6,fullspan_income_k3_cmdl_seed6,7,0.5425195693969727,0.3974611461162567,1.4505841732025146,1.8288739919662476,1.6835753917694092,1.683575450159206,1.26250440237068,1.7623754739761353,0.02452232080742596,-0.22727272727272727,0.08001422882080078,0.7517754808335879,0.0,1.0,0.0
6,fullspan_income_k3_cmdl_seed6,8,0.4649598002433777,0.3196611702442169,1.4529863595962524,1.5895895957946777,1.4440686702728271,1.444068725009983,1.164424797608739,1.7697534561157227,0.02409375141044737,-0.2194805194805195,0.07795524597167969,0.7466040745444305,0.0,1.0,0.0
6,fullspan_income_k3_cmdl_seed6,9,0.3985006809234619,0.2529797852039337,1.4552090167999268,1.380952000617981,1.235227346420288,1.235227484115488,1.0710894053890592,1.7756836414337158,0.02389376438831261,-0.2155844155844156,0.0765460729598999,0.7423047712276658,0.0,1.0,0.0
6,fullspan_income_k3_cmdl_seed6,10,0.34368622303009033,0.19796158373355865,1.4572465419769287,1.1925220489501953,1.0466272830963135,1.0466274170065133,0.9793196334725335,1.7797168493270874,0.02404103362145305,-0.2311688311688312,0.07608640193939209,0.739298595421399,0.0,1.0,0.0
6,fullspan_income_k3_cmdl_seed6,11,0.2959446310997009,0.15004980564117432,1.4589481353759766,1.017311453819275,0.8713019490242004,0.8713018982555548,0.8858781556288401,1.7811895608901978,0.02459068799298548,-0.251948051948052,0.07702445983886719,0.738167085110481,0.0,1.0,0.0
6,fullspan_income_k3_cmdl_seed6,12,0.2555638551712036,0.10955438017845154,1.460094690322876,0.853888988494873,0.707844614982605,0.7078445836200468,0.7894869219689142,1.780088186264038,0.025521052178616215,-0.28051948051948056,0.07931983470916748,0.738956142964962,0.0,1.0,0.0
6,fullspan_income_k3_cmdl_seed6,13,0.22805368900299072,0.08200930804014206,1.4604437351226807,0.7088809609413147,0.562879204750061,0.5628791728650929,0.6951714839254107,1.7770757675170898,0.026724133363745465,-0.348051948051948,0.0824974775314331,0.7411634920320921,0.0,1.0,0.0
6,fullspan_income_k3_cmdl_seed6,14,0.2079097330570221,0.06190796196460724,1.4600176811218262,0.5899734497070312,0.44408392906188965,0.4440839172018504,0.6103047458898454,1.7728010416030884,0.02804463580454263,-0.348051948051948,0.08598172664642334,0.7443140724694871,0.0,1.0,0.0
6,fullspan_income_k3_cmdl_seed6,15,0.20082150399684906,0.054931994527578354,1.4588950872421265,0.5041706562042236,0.358430415391922,0.3584304081003964,0.5444667765072414,1.767991065979004,0.02943314834209434,-0.36623376623376624,0.0896984338760376,0.7479027827437152,0.0,1.0,0.0
6,fullspan_income_k3_cmdl_seed6,16,0.20163097977638245,0.055890750139951706,1.457402229309082,0.4493755102157593,0.30378708243370056,0.30378707063873106,0.4985024304617019,1.7634756565093994,0.030800911144961106,-0.36623376623376624,0.09336233139038086,0.7513036492732587,0.0,1.0,0.0
6,fullspan_income_k3_cmdl_seed6,17,0.2043243646621704,0.058735936880111694,1.4558842182159424,0.42136216163635254,0.2759038805961609,0.2759038907052026,0.4743666592098418,1.7601345777511597,0.031865316402442403,-0.3701298701298701,0.09617388248443604,0.7539039531679951,0.0,1.0,0.0
6,fullspan_income_k3_cmdl_seed6,18,0.20295751094818115,0.0574992410838604,1.454582691192627,0.41264480352401733,0.2672802805900574,0.2672802939113102,0.46767539921261014,1.7584713697433472,0.03255706669939727,-0.39350649350649347,0.09792232513427734,0.7553918695840399,0.0,1.0,0.0
6,fullspan_income_k3_cmdl_seed6,19,0.20015065371990204,0.05478614941239357,1.4536449909210205,0.41846275329589844,0.273155152797699,0.27315518011972306,0.47692913100832984,1.7582670450210571,0.032935914179539554,-0.41038961038961036,0.09874129295349121,0.7559346361729655,0.0,1.0,0.0
6,fullspan_income_k3_cmdl_seed6,20,0.1944437325000763,0.04913611710071564,1.4530761241912842,0.4372557997703552,0.2919576168060303,0.2919576499570482,0.497683306535085,1.759406328201294,0.03314831846601237,-0.41038961038961036,0.09901773929595947,0.7555948012242477,0.0,1.0,0.0
6,fullspan_income_k3_cmdl_seed6,21,0.1862962692975998,0.040998104959726334,1.4529815912246704,0.46604326367378235,0.3207215964794159,0.32072160291845975,0.5282759779975528,1.7614374160766602,0.03320163490715548,-0.41038961038961036,0.09876751899719238,0.7546728167555283,0.0,1.0,0.0
6,fullspan_income_k3_cmdl_seed6,22,0.17721670866012573,0.03189503774046898,1.4532166719436646,0.5017140507698059,0.35635966062545776,0.35635965288122273,0.5627891109103248,1.7638086080551147,0.033150841230240896,-0.43506493506493504,0.098183274269104,0.7535352666821724,0.0,1.0,0.0
6,fullspan_income_k3_cmdl_seed6,23,0.1721099615097046,0.02675556391477585,1.4535439014434814,0.5433489084243774,0.3979499042034149,0.397949921591969,0.5998181218192691,1.7662813663482666,0.033213126036913336,-0.43506493506493504,0.09782838821411133,0.7523202041323508,0.0,1.0,0.0
6,fullspan_income_k3_cmdl_seed6,24,0.16793252527713776,0.02253350056707859,1.4539902210235596,0.5886431932449341,0.44320642948150635,0.44320643407353394,0.6373137093725658,1.7684732675552368,0.03338453136280557,-0.43506493506493504,0.09774219989776611,0.7512928870611714,0.0,1.0,0.0
6,fullspan_income_k3_cmdl_seed6,25,0.1645795851945877,0.019142845645546913,1.4543672800064087,0.6337741613388062,0.4883286952972412,0.48832869733322537,0.6725744505723318,1.7698173522949219,0.03376040546628652,-0.43506493506493504,0.09823191165924072,0.7508443238110706,0.0,1.0,0.0
6,fullspan_income_k3_cmdl_seed6,26,0.16294321417808533,0.017497766762971878,1.4544544219970703,0.6766286492347717,0.5312172174453735,0.5312172479648426,0.704497081892831,1.7701512575149536,0.03432190213860564,-0.43506493506493504,0.09927475452423096,0.751087596016699,0.0,1.0,0.0
6,fullspan_income_k3_cmdl_seed6,27,0.16431955993175507,0.018908144906163216,1.4541141986846924,0.7133796215057373,0.5680745840072632,0.568074584907609,0.7309352358182272,1.7690329551696777,0.035014953126338406,-0.43506493506493504,0.10080993175506592,0.7523234020148857,0.0,1.0,0.0
6,fullspan_income_k3_cmdl_seed6,28,0.16324125230312347,0.017936181277036667,1.4530506134033203,0.7438675165176392,0.5987347960472107,0.5987348127953034,0.752327351343064,1.7666375637054443,0.03584577528401146,-0.43506493506493504,0.10283493995666504,0.7544043891013311,0.0,1.0,0.0
6,fullspan_income_k3_cmdl_seed6,29,0.16396573185920715,0.01883300207555294,1.4513273239135742,0.7672994136810303,0.6224075555801392,0.6224075864648418,0.7684995517844245,1.7628748416900635,0.036744023583170776,-0.43506493506493504,0.10515081882476807,0.7573572053240255,0.0,1.0,0.0
6,fullspan_income_k3_cmdl_seed6,30,0.1628011167049408,0.017909236252307892,1.4489187002182007,0.788161039352417,0.6435574293136597,0.6435574876119106,0.7825025348436265,1.7582170963287354,0.037663621132198254,-0.43506493506493504,0.10758912563323975,0.7608245490589884,0.0,1.0,0.0
6,fullspan_income_k3_cmdl_seed6,31,0.16318067908287048,0.01857707090675831,1.4460361003875732,0.8040316104888916,0.6597743034362793,0.6597743114921,0.7929524310997554,1.7524683475494385,0.038573455779186826,-0.43506493506493504,0.11012101173400879,0.7648900086888448,0.0,1.0,0.0
6,fullspan_income_k3_cmdl_seed6,32,0.1610090583562851,0.016751762479543686,1.442572832107544,0.8170007467269897,0.6731295585632324,0.6731295496237488,0.8012733303365254,1.7459220886230469,0.03947730269678815,-0.43506493506493504,0.11271095275878906,0.7693113354522354,0.0,1.0,0.0
6,fullspan_income_k3_cmdl_seed6,33,0.15876619517803192,0.014895039610564709,1.4387115240097046,0.8257511854171753,0.6823005080223083,0.6823005267778482,0.8067470703806195,1.7386301755905151,0.04034769994583605,-0.43506493506493504,0.11528003215789795,0.7740097778414511,0.0,1.0,0.0
7,fullspan_income_k3_cmdl_seed7,1,1.3948005437850952,1.2713733911514282,1.2342718839645386,3.4367825984954834,3.313339948654175,3.313339938972775,1.7026092661988168,1.9450603723526,0.020271819668878633,-0.1987012987012987,0.06228983402252197,0.633479126787202,0.0,1.0,0.0
7,fullspan_income_k3_cmdl_seed7,2,1.1394398212432861,1.0159971714019775,1.2344269752502441,3.039496898651123,2.9160571098327637,2.9160572807686798,1.624430282839707,1.95071542263031,0.01979255398265961,-0.2155844155844156,0.06087541580200195,0.6323879245310146,0.0,1.0,0.0
7,fullspan_income_k3_cmdl_seed7,3,0.9391611218452454,0.8157212734222412,1.2343984842300415,2.7097721099853516,2.5863544940948486,2.5863542950793863,1.5526862580861365,1.9560428857803345,0.01929930569834549,-0.2155844155844156,0.059433698654174805,0.6316651265452412,0.0,1.0,0.0
7,fullspan_income_k3_cmdl_seed7,4,0.7706690430641174,0.6472513675689697,1.234176516532898,2.438194513320923,2.31482195854187,2.3148217703283245,1.4864767094453175,1.9608275890350342,0.018808973514522896,-0.2155844155844156,0.05803096294403076,0.6312309607506547,0.0,1.0,0.0
7,fullspan_income_k3_cmdl_seed7,5,0.6422175765037537,0.5188451409339905,1.233724594116211,2.2138144969940186,2.090526819229126,2.0905268288936805,1.4248207491778193,1.964452862739563,0.0183662014394528,-0.2155844155844156,0.0568007230758667,0.6308648457993054,0.0,1.0,0.0
7,fullspan_income_k3_cmdl_seed7,6,0.5408260822296143,0.4175384044647217,1.2328765392303467,2.0206527709960938,1.8974710702896118,1.8974711384335003,1.364656972743216,1.96653151512146,0.01818058111833338,-0.2155844155844156,0.05631136894226074,0.6303972915705075,0.0,1.0,0.0
7,fullspan_income_k3_cmdl_seed7,7,0.46369460225105286,0.34051281213760376,1.2318179607391357,1.8450628519058228,1.722005009651184,1.7220050027960996,1.3029726374716986,1.9669092893600464,0.018226100109833197,-0.1961038961038961,0.05648636817932129,0.6297171287810175,0.0,1.0,0.0
7,fullspan_income_k3_cmdl_seed7,8,0.39788687229156494,0.2748290002346039,1.2305785417556763,1.681931495666504,1.5590064525604248,1.5590064541962123,1.2391133627721242,1.9657952785491943,0.018448881077973118,-0.20129870129870128,0.05705666542053223,0.6289587635526603,0.0,1.0,0.0
7,fullspan_income_k3_cmdl_seed7,9,0.34288427233695984,0.21995918452739716,1.2292509078979492,1.5245423316955566,1.4017572402954102,1.401757236011866,1.1712665813309806,1.9634889364242554,0.018797151368105777,-0.20129870129870128,0.05788111686706543,0.6283977020601434,0.0,1.0,0.0
7,fullspan_income_k3_cmdl_seed7,10,0.29416799545288086,0.17138293385505676,1.2278506755828857,1.3732613325119019,1.2506211996078491,1.2506213847936498,1.1003403337228865,1.9602980613708496,0.019254795166290004,-0.20129870129870128,0.059034109115600586,0.6282166184322454,0.0,1.0,0.0
7,fullspan_income_k3_cmdl_seed7,11,0.25913357734680176,0.13649339973926544,1.2264018058776855,1.2275898456573486,1.1051011085510254,1.1051010588422383,1.0268522302309673,1.9564027786254883,0.01978109495520986,-0.20129870129870128,0.060389041900634766,0.628395867222577,0.0,1.0,0.0
7,fullspan_income_k3_cmdl_seed7,12,0.22376582026481628,0.10127710551023483,1.2248871326446533,1.0864393711090088,0.9641061425209045,0.9641061151059587,0.9505963864780608,1.9519907236099243,0.020378625026078758,-0.18311688311688312,0.061945438385009766,0.6289426304561123,0.0,1.0,0.0
7,fullspan_income_k3_cmdl_seed7,13,0.20121389627456665,0.07888060808181763,1.2233328819274902,0.9570677280426025,0.8348917961120605,0.8348917186311408,0.8755153502736773,1.9472624063491821,0.02105650268150327,-0.18311688311688312,0.06372106075286865,0.6299173094650775,0.0,1.0,0.0
7,fullspan_income_k3_cmdl_seed7,14,0.18437275290489197,0.06219681352376938,1.22175931930542,0.8437869548797607,0.7217618227005005,0.7217618180941527,0.8045167099861872,1.9426705837249756,0.021852646944934818,-0.16103896103896104,0.06582462787628174,0.6313646735632941,0.0,1.0,0.0
7,fullspan_income_k3_cmdl_seed7,15,0.17840823531150818,0.05638308823108673,1.2202515602111816,0.7563595771789551,0.6344519257545471,0.6344518894398791,0.7455324090662456,1.9391292333602905,0.022747302262841336,-0.16103896103896104,0.0683126449584961,0.6330846799016953,0.0,1.0,0.0
7,fullspan_income_k3_cmdl_seed7,16,0.17935608327388763,0.057448431849479675,1.2190765142440796,0.6999006271362305,0.5780788660049438,0.5780788765281941,0.705331529889788,1.9372992515563965,0.02351565137723501,-0.16103896103896104,0.07052338123321533,0.6346833174817472,0.0,1.0,0.0
7,fullspan_income_k3_cmdl_seed7,17,0.18231242895126343,0.06049065291881561,1.2182177305221558,0.6698957085609436,0.5481318235397339,0.5481318034948743,0.6840839811733791,1.9372683763504028,0.02413731485203223,-0.18311688311688312,0.07234060764312744,0.635990486451396,0.0,1.0,0.0
7,fullspan_income_k3_cmdl_seed7,18,0.1829562783241272,0.06119237467646599,1.2176389694213867,0.655995786190033,0.5342757105827332,0.5342757011971505,0.6763045560745966,1.9384952783584595,0.024593622420026863,-0.18311688311688312,0.07367908954620361,0.6370816138616044,0.0,1.0,0.0
7,fullspan_income_k3_cmdl_seed7,19,0.17983198165893555,0.05811189115047455,1.2172009944915771,0.6539803743362427,0.5322940349578857,0.5322940178212026,0.6788542398384639,1.940685510635376,0.024913198825877444,-0.20129870129870128,0.07461309432983398,0.6380606491222645,0.0,1.0,0.0
7,fullspan_income_k3_cmdl_seed7,20,0.17344018816947937,0.051753874868154526,1.2168631553649902,0.660937488079071,0.5392777323722839,0.5392776844215441,0.6889387113707406,1.943511962890625,0.025183603582335453,-0.20129870129870128,0.07536947727203369,0.6390716195522667,0.0,1.0,0.0
7,fullspan_income_k3_cmdl_seed7,21,0.1655246913433075,0.04386492073535919,1.2165976762771606,0.6752034425735474,0.5535658597946167,0.5535658717184673,0.7044246352854229,1.946743369102478,0.02541562321092415,-0.21818181818181817,0.07597899436950684,0.640203014593717,0.0,1.0,0.0
7,fullspan_income_k3_cmdl_seed7,22,0.15631315112113953,0.03467559069395065,1.2163755893707275,0.6949992775917053,0.573384165763855,0.5733841149647425,0.7232345314252944,1.9501644372940063,0.025636624076363163,-0.2571428571428571,0.07650542259216309,0.6415183527002183,0.0,1.0,0.0
7,fullspan_income_k3_cmdl_seed7,23,0.15008360147476196,0.028468474745750427,1.2161513566970825,0.7197156548500061,0.598121166229248,0.5981211101660803,0.744261139915103,1.9536209106445312,0.025889715313351304,-0.2714285714285714,0.07707607746124268,0.6430491917345522,0.0,1.0,0.0
7,fullspan_income_k3_cmdl_seed7,24,0.14381840825080872,0.022223928943276405,1.215944766998291,0.7484427094459534,0.6268678307533264,0.6268678555279615,0.7664569133803958,1.956921935081482,0.026228357999332447,-0.2714285714285714,0.07782602310180664,0.6447960285023622,0.0,1.0,0.0
7,fullspan_income_k3_cmdl_seed7,25,0.14266857504844666,0.0210937038064003,1.21574866771698,0.776029646396637,0.6544732451438904,0.6544732580410015,0.7864627270471483,1.9598066806793213,0.026702359847396252,-0.29480519480519485,0.07885336875915527,0.6467122461970339,0.0,1.0,0.0
7,fullspan_income_k3_cmdl_seed7,26,0.1424805372953415,0.020924154669046402,1.2155637741088867,0.7965413928031921,0.6750041842460632,0.6750042035671793,0.8009146040394193,1.9620752334594727,0.027323346597964863,-0.29480519480519485,0.08024370670318604,0.6487130536608728,0.0,1.0,0.0
7,fullspan_income_k3_cmdl_seed7,27,0.14228034019470215,0.020743103697896004,1.2153723239898682,0.8090549111366272,0.6875413060188293,0.6875412266377999,0.8096887171268463,1.9636396169662476,0.02806414697653565,-0.29480519480519485,0.08195614814758301,0.6506949361649274,0.0,1.0,0.0
7,fullspan_income_k3_cmdl_seed7,28,0.14371506869792938,0.02220148593187332,1.2151358127593994,0.8155726790428162,0.6940871477127075,0.6940871342313594,0.8143169439974285,1.964568853378296,0.028901626912457186,-0.3025974025974026,0.08391451835632324,0.6526082880210624,0.0,1.0,0.0
7,fullspan_income_k3_cmdl_seed7,29,0.14452208578586578,0.02303653582930565,1.2148555517196655,0.8160771131515503,0.6946254968643188,0.6946254765385185,0.8149528389885312,1.964842677116394,0.029862279311143096,-0.3025974025974026,0.08621609210968018,0.6544300642411015,0.0,1.0,0.0
7,fullspan_income_k3_cmdl_seed7,30,0.14404410123825073,0.022592492401599884,1.214516043663025,0.8169412612915039,0.6955265998840332,0.695526608766145,0.8155263960361481,1.9646422863006592,0.030959051288677823,-0.3025974025974026,0.08887827396392822,0.6561966265949112,0.0,1.0,0.0
7,fullspan_income_k3_cmdl_seed7,31,0.14331042766571045,0.02189575880765915,1.2141467332839966,0.8159352540969849,0.6945603489875793,0.6945603569689949,0.8147116672425043,1.9639899730682373,0.03218416755470808,-0.31428571428571433,0.09187126159667969,0.6579159231140512,0.0,1.0,0.0
7,fullspan_income_k3_cmdl_seed7,32,0.1416703462600708,0.02029542066156864,1.2137492895126343,0.8123539090156555,0.691023588180542,0.6910236170645787,0.8121465146541595,1.962924599647522,0.033523510983254595,-0.33246753246753247,0.09517359733581543,0.6596064496918741,0.0,1.0,0.0
7,fullspan_income_k3_cmdl_seed7,33,0.14031988382339478,0.018989546224474907,1.2133034467697144,0.8047263026237488,0.6834453344345093,0.6834453505186294,0.8071274757385254,1.9614951610565186,0.03497318618982522,-0.32987012987012987,0.09872722625732422,0.6612956125901931,0.0,1.0,0.0
7,fullspan_income_k3_cmdl_seed7,34,0.13770949840545654,0.01642850786447525,1.2128098011016846,0.7907814979553223,0.6695551872253418,0.6695552028835378,0.7981263086909339,1.9597268104553223,0.036512917140262,-0.32987012987012987,0.10248339176177979,0.6629979637892219,0.0,1.0,0.0
8,fullspan_income_k3_cmdl_seed8,1,1.754668951034546,1.6497430801391602,1.0492582321166992,5.166368007659912,5.061644554138184,5.0616443357704854,2.157988822885922,1.2193888425827026,0.010102955805107396,0.9285714285714285,0.03132951259613037,0.4952982065680503,1.0,0.0,0.0
8,fullspan_income_k3_cmdl_seed8,2,1.3465664386749268,1.2418429851531982,1.0472347736358643,4.106988430023193,4.0024614334106445,4.002461282097984,1.9095916277950717,1.2181575298309326,0.010770927401652681,0.9285714285714285,0.033329129219055176,0.4936826761817655,1.0,0.0,0.0
8,fullspan_income_k3_cmdl_seed8,3,1.0397008657455444,0.9351739883422852,1.045269250869751,3.243056058883667,3.138763427734375,3.138763354141571,1.68589629587673,1.2178884744644165,0.011648360222014587,0.9246753246753248,0.035964369773864746,0.49308871271507265,1.0,0.0,0.0
8,fullspan_income_k3_cmdl_seed8,4,0.8175721764564514,0.7132794857025146,1.0429269075393677,2.573329448699951,2.4693100452423096,2.469310133709374,1.4956695763837724,1.2186670303344727,0.012598525740365511,0.9155844155844156,0.03872275352478027,0.49389999499865295,1.0,0.0,0.0
8,fullspan_income_k3_cmdl_seed8,5,0.6532303094863892,0.5492110252380371,1.0401928424835205,2.0832371711730957,1.9794737100601196,1.9794735965314159,1.3446447104215622,1.2200714349746704,0.013611028787487793,0.9103896103896105,0.04153037071228027,0.49548885478634164,1.0,0.0,0.0
8,fullspan_income_k3_cmdl_seed8,6,0.5360801219940186,0.43231651186943054,1.0376358032226562,1.7456058263778687,1.6419782638549805,1.6419783526105174,1.2330024998102869,1.2220656871795654,0.014746049454690824,0.9038961038961039,0.044577836990356445,0.49769219546137994,1.0,0.0,0.0
8,fullspan_income_k3_cmdl_seed8,7,0.44530534744262695,0.34167784452438354,1.0362751483917236,1.5287597179412842,1.425138235092163,1.425138294287472,1.1566392601955504,1.2246583700180054,0.016140793581351155,0.8935064935064935,0.0483778715133667,0.5004883555629869,1.0,0.0,0.0
8,fullspan_income_k3_cmdl_seed8,8,0.37040990591049194,0.26678839325904846,1.0362149477005005,1.3969892263412476,1.2932404279708862,1.2932404558897026,1.1069335951691581,1.227866530418396,0.017823817279046587,0.877922077922078,0.05310249328613281,0.5038806200771994,1.0,0.0,0.0
8,fullspan_income_k3_cmdl_seed8,9,0.31439208984375,0.2106432467699051,1.0374884605407715,1.308327317237854,1.204353928565979,1.2043539619629562,1.0700346657208033,1.2316395044326782,0.019802699781323454,0.8675324675324675,0.05878186225891113,0.5078126718757748,1.0,0.0,0.0
8,fullspan_income_k3_cmdl_seed8,10,0.2724764347076416,0.1685030460357666,1.0397340059280396,1.2243503332138062,1.1200963258743286,1.1200963384137188,1.0311828496910276,1.235913872718811,0.02213299566512708,0.8675324675324675,0.06557536125183105,0.5122109773329322,1.0,0.0,0.0
8,fullspan_income_k3_cmdl_seed8,11,0.2365918755531311,0.13233785331249237,1.042540192604065,1.1287422180175781,1.0241672992706299,1.0241672006747773,0.9824340442816416,1.2406588792800903,0.024870502995312356,0.8675324675324675,0.07365977764129639,0.5170232178032146,1.0,0.0,0.0
8,fullspan_income_k3_cmdl_seed8,12,0.2073555290699005,0.10278067737817764,1.0457485914230347,1.0231518745422363,0.918226957321167,0.9182269622601377,0.9223663054761433,1.2459208965301514,0.02803701794791161,0.8714285714285716,0.08307206630706787,0.5222838391924827,1.0,0.0,0.0
8,fullspan_income_k3_cmdl_seed8,13,0.18844185769557953,0.08351688086986542,1.0492497682571411,0.9174293279647827,0.8121299743652344,0.8121300117118396,0.8553023409275782,1.2516263723373413,0.031635177222729266,0.8714285714285716,0.09379494190216064,0.5279128582110465,1.0,0.0,0.0
8,fullspan_income_k3_cmdl_seed8,14,0.17591461539268494,0.0706152692437172,1.0529935359954834,0.8255524039268494,0.7198975682258606,0.7198976147676972,0.7923344515618824,1.257277488708496,0.03538056269861066,0.8714285714285716,0.10494208335876465,0.533421333841042,1.0,0.0,0.0
8,fullspan_income_k3_cmdl_seed8,15,0.16959410905838013,0.06393929570913315,1.0565481185913086,0.7595563530921936,0.6535365581512451,0.6535365913683698,0.7462291760104043,1.2635040283203125,0.0397262200891413,0.8597402597402597,0.11771190166473389,0.5393699363220064,1.0,0.0,0.0
8,fullspan_income_k3_cmdl_seed8,16,0.16894525289535522,0.06292543560266495,1.060198187828064,0.7178346514701843,0.6114264726638794,0.611426549920307,0.7188117475736708,1.2706725597381592,0.04499248407988685,0.8597402597402597,0.13298070430755615,0.5460632505260401,1.0,0.0,0.0
8,fullspan_income_k3_cmdl_seed8,17,0.16602829098701477,0.05962013825774193,1.0640815496444702,0.6923000812530518,0.585465669631958,0.5854656785030533,0.7052486482120696,1.2789840698242188,0.05137385111339258,0.8597402597402597,0.1513214111328125,0.5536274146446795,1.0,0.0,0.0
8,fullspan_income_k3_cmdl_seed8,18,0.15862712264060974,0.05179271101951599,1.068343997001648,0.6784305572509766,0.571121335029602,0.5711213247071878,0.7017797075566792,1.288635015487671,0.0590735910731573,0.8597402597402597,0.1733689308166504,0.5621498827806979,1.0,0.0,0.0
8,fullspan_income_k3_cmdl_seed8,19,0.1530851125717163,0.04577590525150299,1.073091983795166,0.6733729243278503,0.5655315518379211,0.5655315536097066,0.7051261095773607,1.2996947765350342,0.06804253153077357,0.8597402597402597,0.19902682304382324,0.5715974236125451,1.0,0.0,0.0
8,fullspan_income_k3_cmdl_seed8,20,0.14503590762615204,0.03719453886151314,1.0784136056900024,0.6709175705909729,0.5624873638153076,0.5624873404177152,0.709476330450603,1.312404751777649,0.07861381826066476,0.8597402597402597,0.22937214374542236,0.5820276676402766,1.0,0.0,0.0
8,fullspan_income_k3_cmdl_seed8,21,0.13989654183387756,0.03146632760763168,1.0843021869659424,0.6685649156570435,0.559496283531189,0.559496303439448,0.7125251747313,1.3268662691116333,0.09087413082801785,0.8597402597402597,0.26476263999938965,0.5933625624988137,1.0,0.0,0.0
8,fullspan_income_k3_cmdl_seed8,22,0.1353076994419098,0.02623906172811985,1.090686321258545,0.6660106182098389,0.5562610626220703,0.5562610294366283,0.7140481613931202,1.343169093132019,0.10487422629989142,0.864935064935065,0.30550599098205566,0.6054916401486705,1.0,0.0,0.0
8,fullspan_income_k3_cmdl_seed8,23,0.13389120995998383,0.024141674861311913,1.0974953174591064,0.6631798148155212,0.5527158975601196,0.5527159102756981,0.7144400221960885,1.3613348007202148,0.12057111390934855,0.864935064935065,0.3517190217971802,0.618241381150565,1.0,0.0,0.0
8,fullspan_income_k3_cmdl_seed8,24,0.13415244221687317,0.023688537999987602,1.1046390533447266,0.6600136160850525,0.5488010048866272,0.5488010074797468,0.7140247651508876,1.3815038204193115,0.1379351198109783,0.8662337662337661,0.40340352058410645,0.6315128182649135,1.0,0.0,0.0
8,fullspan_income_k3_cmdl_seed8,25,0.1335119903087616,0.022299369797110558,1.1121262311935425,0.6597591042518616,0.5477650761604309,0.5477650964284936,0.7152257334618342,1.403559684753418,0.15657093801151017,0.8727272727272727,0.45928704738616943,0.6450655560381124,1.0,0.0,0.0
8,fullspan_income_k3_cmdl_seed8,26,0.1345541775226593,0.022560179233551025,1.1199400424957275,0.6573519110679626,0.5445812940597534,0.5445812800350825,0.7145845776512509,1.4262889623641968,0.17485934758430965,0.8727272727272727,0.5146892070770264,0.6581640809635111,1.0,0.0,0.0
8,fullspan_income_k3_cmdl_seed8,27,0.1333020180463791,0.020531408488750458,1.1277060508728027,0.6508399248123169,0.5373655557632446,0.5373655931969548,0.710633594365347,1.4475351572036743,0.190525997317916,0.8727272727272727,0.5625694990158081,0.6698348036584387,1.0,0.0,0.0
8,fullspan_income_k3_cmdl_seed8,28,0.1330285519361496,0.01955418847501278,1.1347436904907227,0.636701226234436,0.5227047204971313,0.5227046903087613,0.7008784299805051,1.4636480808258057,0.19996960008009662,0.8727272727272727,0.5918810367584229,0.6787771293662948,1.0,0.0,0.0
8,fullspan_income_k3_cmdl_seed8,29,0.1317867636680603,0.017790237441658974,1.1399651765823364,0.6186770796775818,0.5043403506278992,0.5043403450432555,0.6876331028484163,1.4745094776153564,0.20383505450031555,0.8753246753246753,0.6042928695678711,0.6852463666404223,1.0,0.0,0.0
8,fullspan_income_k3_cmdl_seed8,30,0.13010403513908386,0.015767287462949753,1.1433674097061157,0.5977526307106018,0.483259916305542,0.48325991029913995,0.6716281104655493,1.480010747909546,0.20246615834627538,0.8753246753246753,0.6007626056671143,0.6893677373522641,1.0,0.0,0.0
8,fullspan_income_k3_cmdl_seed8,31,0.12887226045131683,0.014379564672708511,1.144926905632019,0.5838592648506165,0.4691932797431946,0.46919322354499554,0.6601943600745428,1.4857566356658936,0.20112037361678564,0.8753246753246753,0.596630334854126,0.6935936277747056,1.0,0.0,0.0
8,fullspan_income_k3_cmdl_seed8,32,0.12831847369670868,0.013652470894157887,1.1466600894927979,0.5797404050827026,0.46490833163261414,0.46490830880618617,0.655981509458451,1.4909658432006836,0.19883875765081155,0.8688311688311688,0.589725136756897,0.6976599651572342,1.0,0.0,0.0
8,fullspan_income_k3_cmdl_seed8,33,0.12726432085037231,0.012432272545993328,1.1483204364776611,0.5795390605926514,0.4645594656467438,0.4645595141449719,0.6545440554618835,1.495168924331665,0.19493844870603746,0.8688311688311688,0.5785603523254395,0.7014249144875441,1.0,0.0,0.0
8,fullspan_income_k3_cmdl_seed8,34,0.1274556666612625,0.01247603539377451,1.1497962474822998,0.5803561806678772,0.4652338922023773,0.4652338884107677,0.6537817319234213,1.498932957649231,0.190128740064596,0.8688311688311688,0.5651073455810547,0.7050740448489025,1.0,0.0,0.0
8,fullspan_income_k3_cmdl_seed8,35,0.12638059258460999,0.011258279904723167,1.151223063468933,0.5841062068939209,0.4687798321247101,0.46877983913387244,0.6550750051225934,1.5043320655822754,0.1861356176936837,0.8688311688311688,0.5546262264251709,0.7094906452265036,1.0,0.0,0.0
8,fullspan_income_k3_cmdl_seed8,36,0.12591291964054108,0.010586521588265896,1.153264045715332,0.5890682339668274,0.4734591543674469,0.4734592212196324,0.6571722328662872,1.512169361114502,0.18372138494701967,0.8753246753246753,0.5491517782211304,0.7149629177465714,1.0,0.0,0.0
8,fullspan_income_k3_cmdl_seed8,37,0.12718074023723602,0.011571631766855717,1.1560909748077393,0.6017882823944092,0.48573121428489685,0.4857311909035015,0.6649878535951886,1.525277853012085,0.18510025433004673,0.8753246753246753,0.5549992322921753,0.7226264516252525,1.0,0.0,0.0
8,fullspan_income_k3_cmdl_seed8,38,0.12589888274669647,0.009841819293797016,1.1605706214904785,0.6169692277908325,0.5003863573074341,0.5003863851238991,0.674714860462007,1.5411391258239746,0.18798040846205946,0.8805194805194804,0.5652291774749756,0.7312916669737893,1.0,0.0,0.0
8,fullspan_income_k3_cmdl_seed8,39,0.1251741498708725,0.008591259829699993,1.165828824043274,0.6341584920883179,0.5169835686683655,0.5169835912547109,0.6859913000038692,1.5595307350158691,0.19220429166177186,0.8805194805194804,0.5791459083557129,0.7407025118321737,1.0,0.0,0.0
8,fullspan_income_k3_cmdl_seed8,40,0.1251714825630188,0.007996577769517899,1.1717489957809448,0.6475544571876526,0.5298079252243042,0.5298079176575001,0.6947599110149202,1.5778717994689941,0.1960226212928836,0.8805194805194804,0.5913513898849487,0.7497363261848571,1.0,0.0,0.0
8,fullspan_income_k3_cmdl_seed8,41,0.12494170665740967,0.007195197511464357,1.1774650812149048,0.6558812260627747,0.5376197099685669,0.5376196959452518,0.7002707180522737,1.5951069593429565,0.19900527545868943,0.8805194805194804,0.6004986763000488,0.7579775041210092,1.0,0.0,0.0
8,fullspan_income_k3_cmdl_seed8,42,0.12485811114311218,0.006596604362130165,1.182615041732788,0.6608318090438843,0.5421061515808105,0.5421061276967732,0.7036580585298085,1.6114213466644287,0.20146582587476586,0.8740259740259739,0.6075438261032104,0.7655214546715609,1.0,0.0,0.0
8,fullspan_income_k3_cmdl_seed8,43,0.1252286583185196,0.00650300458073616,1.1872564554214478,0.6616659164428711,0.5425751209259033,0.5425751619467352,0.704421504622414,1.62503182888031,0.2024737939602889,0.8740259740259739,0.609839677810669,0.7718201590935181,0.9047619047619048,0.0,0.09523809523809523
8,fullspan_income_k3_cmdl_seed8,44,0.12578541040420532,0.00669458694756031,1.1909081935882568,0.6635478734970093,0.5441338419914246,0.5441338529232217,0.7060009099188305,1.6373354196548462,0.20249585359894662,0.8701298701298701,0.6082857847213745,0.777531596972423,0.9047619047619048,0.0,0.09523809523809523
8,fullspan_income_k3_cmdl_seed8,45,0.1261225789785385,0.006708539091050625,1.1941404342651367,0.6715270280838013,0.5517105460166931,0.5517105381059421,0.7118156978062221,1.6523908376693726,0.20386776272910548,0.8701298701298701,0.6095434427261353,0.7839496460566399,0.9047619047619048,0.0,0.09523809523809523
8,fullspan_income_k3_cmdl_seed8,46,0.12642094492912292,0.006604446098208427,1.198164939880371,0.6837557554244995,0.563563346862793,0.5635633687765055,0.7204453150431315,1.6662884950637817,0.20428709320140198,0.864935064935065,0.6080864667892456,0.7898347181680487,0.8571428571428571,0.0,0.14285714285714285
8,fullspan_income_k3_cmdl_seed8,47,0.12630458176136017,0.006112176924943924,1.2019239664077759,0.6921136379241943,0.5716586112976074,0.5716586097356291,0.7263302093460446,1.6766353845596313,0.20300675474924076,0.864935064935065,0.6018706560134888,0.7944424666368397,0.8571428571428571,0.0,0.14285714285714285
8,fullspan_income_k3_cmdl_seed8,48,0.126400426030159,0.005945422686636448,1.20455002784729,0.694154679775238,0.5735284090042114,0.5735283711475704,0.727705546787807,1.684295892715454,0.2010785885949749,0.8584415584415584,0.5937227010726929,0.7980019954519842,0.8571428571428571,0.0,0.14285714285714285
9,fullspan_income_k3_cmdl_seed9,1,2.6562819480895996,2.5225486755371094,1.337332010269165,7.779360771179199,7.645081520080566,7.645081195813359,2.728577271103859,1.2379292249679565,0.004427103525749043,-0.374025974025974,0.014285683631896973,0.5134622707956883,1.0,0.0,0.0
9,fullspan_income_k3_cmdl_seed9,2,2.1820268630981445,2.0477473735809326,1.3427940607070923,6.635702133178711,6.50084924697876,6.5008498073274374,2.5124803291899815,1.243299961090088,0.00472812103370436,-0.4324675324675325,0.01519465446472168,0.5189710100826831,1.0,0.0,0.0
9,fullspan_income_k3_cmdl_seed9,3,1.7864177227020264,1.6515648365020752,1.348528265953064,5.6068315505981445,5.471373558044434,5.471373453135828,2.301775445540746,1.2489033937454224,0.005060937507273918,-0.461038961038961,0.015767455101013184,0.524673668336577,1.0,0.0,0.0
9,fullspan_income_k3_cmdl_seed9,4,1.4778436422348022,1.3423858880996704,1.354577898979187,4.70270299911499,4.5666728019714355,4.566673228392814,2.0995794410506883,1.2545596361160278,0.005380304163611761,-0.47792207792207797,0.016022920608520508,0.5303766557243949,1.0,0.0,0.0
9,fullspan_income_k3_cmdl_seed9,5,1.2433794736862183,1.1073493957519531,1.3603005409240723,3.9304027557373047,3.79402232170105,3.7940222716367913,1.9100454440783887,1.259613275527954,0.0055373228537504695,-0.5311688311688313,0.016413211822509766,0.535420479669729,1.0,0.0,0.0
9,fullspan_income_k3_cmdl_seed9,6,1.0685930252075195,0.9322124719619751,1.3638054132461548,3.2916345596313477,3.15523099899292,3.1552308390104984,1.737955327899683,1.2630010843276978,0.005476346343547313,-0.5662337662337662,0.01653432846069336,0.5387623616333351,1.0,0.0,0.0
9,fullspan_income_k3_cmdl_seed9,7,0.9316967725753784,0.7952931523323059,1.364035964012146,2.7813377380371094,2.645211696624756,2.6452118504537454,1.587700140263353,1.2639349699020386,0.005278822808748594,-0.5844155844155844,0.016225218772888184,0.539663804448624,1.0,0.0,0.0
9,fullspan_income_k3_cmdl_seed9,8,0.8263519406318665,0.6902259588241577,1.361259937286377,2.3884425163269043,2.2527942657470703,2.252794301547404,1.4623902457810583,1.2627965211868286,0.0050246729478750935,-0.587012987012987,0.015561223030090332,0.5385195876087857,1.0,0.0,0.0
9,fullspan_income_k3_cmdl_seed9,9,0.7371869087219238,0.6015387177467346,1.356481671333313,2.094817876815796,1.9597563743591309,1.9597564132702263,1.3621301321046693,1.2603150606155396,0.004767155413206924,-0.5766233766233767,0.014738202095031738,0.5360422317398816,1.0,0.0,0.0
9,fullspan_income_k3_cmdl_seed9,10,0.6559068560600281,0.5208454728126526,1.3506139516830444,1.8807315826416016,1.7463228702545166,1.7463227745932979,1.284951517979304,1.2571210861206055,0.004503286049490893,-0.4909090909090909,0.013755440711975098,0.5328398832817615,1.0,0.0,0.0
9,fullspan_income_k3_cmdl_seed9,11,0.5732502341270447,0.4388415515422821,1.3440866470336914,1.726820707321167,1.593117117881775,1.5931169513914196,1.227229275873729,1.2535985708236694,0.00421516479442092,-0.45584415584415583,0.012559652328491211,0.5292826683992046,1.0,0.0,0.0
9,fullspan_income_k3_cmdl_seed9,12,0.49575668573379517,0.3620530664920807,1.3370362520217896,1.6166715621948242,1.4836846590042114,1.4836846359216902,1.1848795896484738,1.2498743534088135,0.003912965509271915,-0.37792207792207794,0.011556863784790039,0.525496488266555,1.0,0.0,0.0
9,fullspan_income_k3_cmdl_seed9,13,0.42159730195999146,0.2886103689670563,1.3298691511154175,1.5366871356964111,1.404423713684082,1.404423603406593,1.1537136605807714,1.2460641860961914,0.0036199519751429657,-0.28831168831168835,0.010460376739501953,0.521593186036036,1.0,0.0,0.0
9,fullspan_income_k3_cmdl_seed9,14,0.35424238443374634,0.22197897732257843,1.3226338624954224,1.4731762409210205,1.3416489362716675,1.3416489161496121,1.128636211156845,1.2421008348464966,0.0033377501489237427,-0.18441558441558442,0.009564995765686035,0.5175039507168414,1.0,0.0,0.0
9,fullspan_income_k3_cmdl_seed9,15,0.2936413884162903,0.16211409866809845,1.3152730464935303,1.4139719009399414,1.2831945419311523,1.2831945588744342,1.1045778422128587,1.238041877746582,0.0030925219904257336,-0.07662337662337662,0.008849024772644043,0.513282887643909,1.0,0.0,0.0
9,fullspan_income_k3_cmdl_seed9,16,0.24299900233745575,0.1122215986251831,1.3077739477157593,1.3441379070281982,1.2141387462615967,1.2141387924417768,1.0746039577892847,1.2339117527008057,0.0028968976980553907,0.04155844155844156,0.008698463439941406,0.5089665669354636,1.0,0.0,0.0
9,fullspan_income_k3_cmdl_seed9,17,0.2063065618276596,0.07630737125873566,1.2999918460845947,1.24928617477417,1.1200453042984009,1.1200452250014368,1.031028531846546,1.2296860218048096,0.0027684036439257157,0.10519480519480517,0.008541703224182129,0.504547950612064,1.0,0.0,0.0
9,fullspan_income_k3_cmdl_seed9,18,0.18445274233818054,0.055211830884218216,1.292409062385559,1.1288270950317383,1.0003015995025635,1.0003016931358195,0.9715064480191186,1.225400686264038,0.0026675275385819757,0.21428571428571425,0.008239984512329102,0.5000538294514062,1.0,0.0,0.0
9,fullspan_income_k3_cmdl_seed9,19,0.16920599341392517,0.04068053886294365,1.2852544784545898,0.9960513710975647,0.8681818842887878,0.8681819190323556,0.9003596490337735,1.221169114112854,0.002573737162126162,0.2558441558441559,0.00810229778289795,0.4955958636075042,1.0,0.0,0.0
9,fullspan_income_k3_cmdl_seed9,20,0.16278554499149323,0.03491605445742607,1.2786948680877686,0.8680648803710938,0.7406783103942871,0.7406783484638423,0.8255097894441514,1.2172898054122925,0.0024620588770200343,0.2909090909090909,0.007771611213684082,0.4914968242594161,1.0,0.0,0.0
9,fullspan_income_k3_cmdl_seed9,21,0.16120702028274536,0.03382043540477753,1.273865818977356,0.7684419751167297,0.6412574052810669,0.6412574420066907,0.7622425357500712,1.2146977186203003,0.0023353089361951716,0.2532467532467532,0.007223963737487793,0.4887756585116876,1.0,0.0,0.0
9,fullspan_income_k3_cmdl_seed9,22,0.16452883183956146,0.037344273179769516,1.2718455791473389,0.7097233533859253,0.5824769139289856,0.5824768696950344,0.7229354750542414,1.2138471603393555,0.002237305748396611,0.17922077922077922,0.006657958030700684,0.48793138246733847,1.0,0.0,0.0
9,fullspan_income_k3_cmdl_seed9,23,0.17123611271381378,0.043989673256874084,1.272464394569397,0.6873339414596558,0.5599028468132019,0.5599028441445062,0.7083269868578229,1.2142819166183472,0.0021933048024740777,0.11948051948051949,0.006326079368591309,0.4884504735805733,1.0,0.0,0.0
9,fullspan_income_k3_cmdl_seed9,24,0.17049747705459595,0.043066419661045074,1.27431058883667,0.6932306289672852,0.5655137300491333,0.5655136710025127,0.7140329096998487,1.21560537815094,0.0022028862935399777,0.031168831168831172,0.006264448165893555,0.48990476348680234,1.0,0.0,0.0
9,fullspan_income_k3_cmdl_seed9,25,0.1686232089996338,0.040906332433223724,1.27716863155365,0.7214078903198242,0.5933772325515747,0.5933772607001192,0.7354142438797724,1.2176278829574585,0.0022552368568412875,0.012987012987012986,0.006854891777038574,0.4920898836729139,1.0,0.0,0.0
9,fullspan_income_k3_cmdl_seed9,26,0.16112665832042694,0.033096034079790115,1.2803062200546265,0.765421450138092,0.637061595916748,0.6370615926187646,0.7668936990556263,1.2201921939849854,0.0023417535823111353,-0.023376623376623374,0.007356405258178711,0.4948392549980508,1.0,0.0,0.0
9,fullspan_income_k3_cmdl_seed9,27,0.1536632627248764,0.025303427129983902,1.2835983037948608,0.814795196056366,0.6861156821250916,0.6861157073945021,0.8005731857958294,1.2230836153030396,0.002455550019042813,-0.06103896103896104,0.00778806209564209,0.49792577326358856,1.0,0.0,0.0
9,fullspan_income_k3_cmdl_seed9,28,0.14894947409629822,0.020269980654120445,1.286794900894165,0.8580101132392883,0.7290850281715393,0.7290850932676202,0.8291475247769129,1.2260717153549194,0.0025642069175888065,-0.087012987012987,0.0084913969039917,0.5011043140275169,1.0,0.0,0.0
9,fullspan_income_k3_cmdl_seed9,29,0.14592061936855316,0.016995536163449287,1.2892508506774902,0.889195442199707,0.7601509094238281,0.7601509512438659,0.8496075329326448,1.22899329662323,0.0026397067596586753,-0.07272727272727272,0.009006977081298828,0.5042026229523586,1.0,0.0,0.0
9,fullspan_income_k3_cmdl_seed9,30,0.1437942534685135,0.014749694615602493,1.2904455661773682,0.9058777689933777,0.7768247723579407,0.7768246741738736,0.8610737919807434,1.2316762208938599,0.0026832329706975824,-0.062337662337662345,0.009337186813354492,0.5070422722383909,1.0,0.0,0.0
9,fullspan_income_k3_cmdl_seed9,31,0.14196714758872986,0.012914159335196018,1.290529727935791,0.9110642075538635,0.782123863697052,0.7821237908196517,0.86563697883061,1.2341030836105347,0.002686811921288386,-0.03506493506493507,0.009430766105651855,0.5096050300742425,1.0,0.0,0.0
9,fullspan_income_k3_cmdl_seed9,32,0.14313679933547974,0.014196459203958511,1.2894034385681152,0.9068437814712524,0.7781021595001221,0.7781021533272634,0.8646453250022161,1.2362852096557617,0.0026713680829880226,0.04285714285714286,0.00932931900024414,0.511899976676344,1.0,0.0,0.0
9,fullspan_income_k3_cmdl_seed9,33,0.14302697777748108,0.014285334385931492,1.2874163389205933,0.8975444436073303,0.7690547108650208,0.7690546379903203,0.8605597359793526,1.23823082447052,0.002660895068820089,0.13896103896103898,0.009020805358886719,0.5139397165047039,1.0,0.0,0.0
9,fullspan_income_k3_cmdl_seed9,34,0.14415110647678375,0.01566135510802269,1.2848974466323853,0.8879086971282959,0.7597553730010986,0.7597554125256236,0.8560959271022252,1.2400338649749756,0.0026732179212016153,0.2961038961038961,0.008805990219116211,0.5158207606226876,1.0,0.0,0.0
9,fullspan_income_k3_cmdl_seed9,35,0.14435619115829468,0.016202859580516815,1.2815332412719727,0.8805981278419495,0.752805769443512,0.7528057180915808,0.8527552116484869,1.2417482137680054,0.0027576731736553284,0.42337662337662335,0.009148240089416504,0.5175990343759299,1.0,0.0,0.0
9,fullspan_income_k3_cmdl_seed9,36,0.14312729239463806,0.015334955416619778,1.277923345565796,0.8762698173522949,0.7488375902175903,0.7488375738360421,0.850893307299841,1.2434366941452026,0.0029241602790267126,0.5337662337662338,0.00975799560546875,0.5193369114073534,1.0,0.0,0.0
9,fullspan_income_k3_cmdl_seed9,37,0.1417597234249115,0.0143274599686265,1.274322509765625,0.8733159303665161,0.7462383508682251,0.7462383905125375,0.849569973491487,1.2450517416000366,0.0031714337343425035,0.7181818181818181,0.01040959358215332,0.5209871984183247,1.0,0.0,0.0
9,fullspan_income_k3_cmdl_seed9,38,0.13861218094825745,0.011534593999385834,1.2707757949829102,0.8694437742233276,0.7427176237106323,0.742717694068728,0.8474809300331843,1.2465550899505615,0.003492800332809753,0.7545454545454545,0.011115670204162598,0.5225132959196417,1.0,0.0,0.0
10,fullspan_income_k3_cmdl_seed10,1,1.4638779163360596,1.2896729707717896,1.7420490980148315,3.2357308864593506,3.0630099773406982,3.063010046884848,1.6906793851937567,2.036029815673828,0.02497924581036649,0.6350649350649351,0.06252217292785645,0.6901234309576798,0.0,1.0,0.0
10,fullspan_income_k3_cmdl_seed10,2,1.2562415599822998,1.0835206508636475,1.7272086143493652,2.9890804290771484,2.8176026344299316,2.8176024532006294,1.633887729119687,2.036724805831909,0.024781113804011285,0.7116883116883117,0.06329965591430664,0.6918121652928788,0.0,1.0,0.0
10,fullspan_income_k3_cmdl_seed10,3,1.085070252418518,0.913592517375946,1.7147774696350098,2.7760562896728516,2.605639934539795,2.6056397221155962,1.5789603683210554,2.0362541675567627,0.02431046015652087,0.7779220779220779,0.06255078315734863,0.6916233405190366,0.0,1.0,0.0
10,fullspan_income_k3_cmdl_seed10,4,0.9407728910446167,0.7703564763069153,1.7041643857955933,2.5834035873413086,2.4138123989105225,2.4138123084146477,1.523343460456956,2.0345356464385986,0.02337498736169383,0.8181818181818182,0.060192108154296875,0.6897334479737453,0.0,1.0,0.0
10,fullspan_income_k3_cmdl_seed10,5,0.8182584047317505,0.6486671566963196,1.695912480354309,2.391887664794922,2.222975254058838,2.2229753967777817,1.462574906115021,2.0319628715515137,0.02205339313699947,0.8285714285714286,0.05657672882080078,0.6867719912017668,0.0,1.0,0.0
10,fullspan_income_k3_cmdl_seed10,6,0.7216861248016357,0.5527738332748413,1.6891229152679443,2.189969539642334,2.021585702896118,2.0215858205000226,1.3934109909903436,2.0287973880767822,0.020483703182984786,0.8298701298701299,0.05247163772583008,0.6831069323371085,0.0,1.0,0.0
10,fullspan_income_k3_cmdl_seed10,7,0.6334623098373413,0.4650784730911255,1.6838383674621582,1.9788882732391357,1.8109209537506104,1.8109209771318515,1.3156513034233026,2.0253231525421143,0.01881249495799633,0.8246753246753247,0.04821896553039551,0.6790981782798508,0.0,1.0,0.0
10,fullspan_income_k3_cmdl_seed10,8,0.5512575507164001,0.38329029083251953,1.6796725988388062,1.7645663022994995,1.5968732833862305,1.596873345041324,1.2303667456976004,2.0216941833496094,0.017173719330443486,0.8155844155844156,0.04422283172607422,0.6749502667817112,0.0,1.0,0.0
10,fullspan_income_k3_cmdl_seed10,9,0.4821467995643616,0.3144538104534149,1.6769300699234009,1.5523899793624878,1.3848274946212769,1.3848276420509886,1.1387068253187906,2.017995834350586,0.015641624724728194,0.7896103896103897,0.04036259651184082,0.6707836181983373,0.0,1.0,0.0
10,fullspan_income_k3_cmdl_seed10,10,0.41927847266197205,0.2517160177230835,1.6756244897842407,1.3531279563903809,1.185485601425171,1.1854855996420046,1.0448927460681825,2.014261245727539,0.01428655875937864,0.764935064935065,0.03684568405151367,0.6666668108314722,0.0,1.0,0.0
10,fullspan_income_k3_cmdl_seed10,11,0.366416871547699,0.198774516582489,1.6764233112335205,1.1726053953170776,1.0046306848526,1.0046307545332906,0.9525526478177025,2.0105295181274414,0.013134704693340165,0.7376623376623377,0.03384542465209961,0.662678683927514,0.0,1.0,0.0
10,fullspan_income_k3_cmdl_seed10,12,0.3204294741153717,0.15245473384857178,1.6797473430633545,1.0142757892608643,0.8457193970680237,0.8457194524154984,0.8650174069972265,2.0068492889404297,0.012183361260450627,0.7311688311688312,0.0314333438873291,0.6589384805919618,0.0,1.0,0.0
10,fullspan_income_k3_cmdl_seed10,13,0.28157466650009155,0.11301819980144501,1.6855645179748535,0.8763924837112427,0.7070250511169434,0.7070251053909095,0.7829540811833882,2.003277063369751,0.011428641804514748,0.7090909090909091,0.03045666217803955,0.6556371736729105,0.0,1.0,0.0
10,fullspan_income_k3_cmdl_seed10,14,0.2514563202857971,0.08208885043859482,1.6936745643615723,0.7563690543174744,0.5859999060630798,0.585999929176682,0.7060723929178148,1.9998332262039185,0.010840163142322818,0.7103896103896103,0.029736995697021484,0.6529724813045382,0.0,1.0,0.0
10,fullspan_income_k3_cmdl_seed10,15,0.22847998142242432,0.05811081826686859,1.7036916017532349,0.6570135951042175,0.4855833053588867,0.4855832722311526,0.6362653601737249,1.9966256618499756,0.010374196720076364,0.7103896103896103,0.029140233993530273,0.6509311375115839,0.0,1.0,0.0
10,fullspan_income_k3_cmdl_seed10,16,0.21693803369998932,0.0455077588558197,1.7143027782440186,0.5762174725532532,0.40383848547935486,0.4038384952619091,0.5734408668109349,1.9937949180603027,0.009977977462492746,0.6766233766233766,0.028582453727722168,0.6495080087402118,0.0,1.0,0.0
10,fullspan_income_k3_cmdl_seed10,17,0.21354135870933533,0.041162364184856415,1.723789930343628,0.515383243560791,0.34243282675743103,0.3424328520960123,0.5216503256843203,1.9915900230407715,0.00959918733503645,0.6636363636363637,0.027977824211120605,0.6488016581934686,0.0,1.0,0.0
10,fullspan_income_k3_cmdl_seed10,18,0.21632885932922363,0.04337843134999275,1.7295042276382446,0.47480493783950806,0.30183520913124084,0.3018352215823943,0.48555304181008113,1.990262746810913,0.0092465637716007,0.6116883116883116,0.027305006980895996,0.6489167662033595,0.0,1.0,0.0
10,fullspan_income_k3_cmdl_seed10,19,0.22264495491981506,0.04967520758509636,1.729697346687317,0.45032501220703125,0.2778227925300598,0.2778227977439467,0.46506535297348384,1.9897911548614502,0.008965959210637923,0.6116883116883116,0.02667975425720215,0.6497650916405967,0.0,1.0,0.0
10,fullspan_income_k3_cmdl_seed10,20,0.22396209836006165,0.05145988613367081,1.7250219583511353,0.44083958864212036,0.26919466257095337,0.26919464564904044,0.4608022031329927,1.9900754690170288,0.008770452211060596,0.587012987012987,0.02615952491760254,0.6512204421631278,0.0,1.0,0.0
10,fullspan_income_k3_cmdl_seed10,21,0.224826842546463,0.05318192020058632,1.71644926071167,0.44429683685302734,0.27377599477767944,0.27377599847779155,0.47086439388138907,1.9910084009170532,0.008668726983147761,0.587012987012987,0.025783419609069824,0.6531786933815612,0.0,1.0,0.0
10,fullspan_income_k3_cmdl_seed10,22,0.2215110957622528,0.0509902685880661,1.7052081823349,0.4583861231803894,0.2891704738140106,0.28917047256687617,0.49195988405318486,1.9924430847167969,0.00863646380165568,0.587012987012987,0.025519609451293945,0.6555317839337451,0.0,1.0,0.0
10,fullspan_income_k3_cmdl_seed10,23,0.21361032128334045,0.044394686818122864,1.6921563148498535,0.4808400273323059,0.313014954328537,0.3130149712641658,0.5202948053677877,1.9942502975463867,0.008666874838856522,0.5701298701298702,0.02535545825958252,0.6582067170343312,0.0,1.0,0.0
10,fullspan_income_k3_cmdl_seed10,24,0.20638281106948853,0.0385577529668808,1.6782505512237549,0.508737325668335,0.3423205018043518,0.34232046904784613,0.551977398849669,1.9963191747665405,0.008753248456570838,0.5688311688311689,0.025279641151428223,0.6611465155168249,0.0,1.0,0.0
10,fullspan_income_k3_cmdl_seed10,25,0.19768992066383362,0.031273119151592255,1.664167881011963,0.540768027305603,0.3757448196411133,0.3757448329665055,0.5848315131096613,1.9985473155975342,0.008877445871080948,0.5688311688311689,0.025272488594055176,0.6642843939095472,0.0,1.0,0.0
10,fullspan_income_k3_cmdl_seed10,26,0.19152340292930603,0.026500212028622627,1.650231957435608,0.5753974318504333,0.4117209017276764,0.4117208931155577,0.6172327172188532,2.000854969024658,0.009031363071182935,0.574025974025974,0.02532494068145752,0.6675652649226661,0.0,1.0,0.0
10,fullspan_income_k3_cmdl_seed10,27,0.18631400167942047,0.022637490183115005,1.6367651224136353,0.6093950271606445,0.4469873309135437,0.44698732699130855,0.6468273571559361,2.003145217895508,0.00920435380455316,0.6181818181818182,0.025426745414733887,0.6709074202072831,0.0,1.0,0.0
10,fullspan_income_k3_cmdl_seed10,28,0.1838167905807495,0.021409114822745323,1.6240768432617188,0.6413692235946655,0.4801419973373413,0.4801419719725001,0.6730909432683673,2.005350112915039,0.009383968051681419,0.6272727272727273,0.025560617446899414,0.6742399705774386,0.0,1.0,0.0
10,fullspan_income_k3_cmdl_seed10,29,0.1820310354232788,0.020803822204470634,1.612272024154663,0.6704497933387756,0.5102992057800293,0.5102991801925589,0.6958824821880886,2.0073885917663574,0.00955881884370125,0.6415584415584416,0.025724291801452637,0.6774744749669269,0.0,1.0,0.0
10,fullspan_income_k3_cmdl_seed10,30,0.1817678064107895,0.021617213264107704,1.6015058755874634,0.696945309638977,0.537771999835968,0.5377719928449848,0.7158758753821963,2.0092499256134033,0.009724841928898999,0.648051948051948,0.025903940200805664,0.680579372758164,0.0,1.0,0.0
10,fullspan_income_k3_cmdl_seed10,31,0.18152180314064026,0.022348487749695778,1.5917330980300903,0.7205081582069397,0.5621956586837769,0.5621956051467303,0.7332036012694949,2.0108981132507324,0.009886366676351725,0.6883116883116883,0.026100754737854004,0.6835064958367683,0.0,1.0,0.0
10,fullspan_income_k3_cmdl_seed10,32,0.18183857202529907,0.023526059463620186,1.583125114440918,0.7372921705245972,0.5796858668327332,0.5796858977873914,0.745663012777056,2.012263774871826,0.010051718873431953,0.7064935064935066,0.026623249053955078,0.6861808480713978,0.0,1.0,0.0
10,fullspan_income_k3_cmdl_seed10,33,0.180751770734787,0.023145465180277824,1.5760630369186401,0.74677973985672,0.5897495746612549,0.589749567409664,0.7530786707287743,2.013331413269043,0.010205155442296063,0.7064935064935066,0.027202129364013672,0.6885774715404048,0.0,1.0,0.0
10,fullspan_income_k3_cmdl_seed10,34,0.17957161366939545,0.022541463375091553,1.5703014135360718,0.749115526676178,0.5925310254096985,0.592530985809291,0.7556586989334652,2.0141162872314453,0.010358536762465207,0.7064935064935066,0.02778029441833496,0.6907024536424502,0.0,1.0,0.0
10,fullspan_income_k3_cmdl_seed10,35,0.17803983390331268,0.021455341950058937,1.5658448934555054,0.7475298643112183,0.5913111567497253,0.5913111578480552,0.7554432380767095,2.0146780014038086,0.010499128733898288,0.7064935064935066,0.028350114822387695,0.6926074186564269,0.0,1.0,0.0
11,fullspan_income_k3_cmdl_seed11,1,1.5196601152420044,1.4179579019546509,1.0170221328735352,4.95952844619751,4.857847213745117,4.857847308144696,2.1776043822367988,2.235682964324951,0.03271201957490794,0.5857142857142857,0.10799598693847656,0.8867929804601837,0.0,1.0,0.0
11,fullspan_income_k3_cmdl_seed11,2,1.2929964065551758,1.1913154125213623,1.0168101787567139,4.198798179626465,4.097146034240723,4.097146098044825,1.996550949556487,2.2623956203460693,0.03284542067439345,0.6246753246753247,0.10881614685058594,0.9021205198066988,0.0,1.0,0.0
11,fullspan_income_k3_cmdl_seed11,3,1.1132436990737915,1.0115913152694702,1.0165235996246338,3.589618444442749,3.4880051612854004,3.4880050223478625,1.8395971457163494,2.287153720855713,0.033393408987574286,0.6935064935064935,0.11039590835571289,0.9133751174401477,0.0,1.0,0.0
11,fullspan_income_k3_cmdl_seed11,4,0.9672855734825134,0.8656721711158752,1.0161337852478027,3.114992380142212,3.0134332180023193,3.013433224794788,1.7085329730595862,2.3093857765197754,0.0345670915333288,0.7207792207792209,0.11335206031799316,0.9209986984269825,0.0,1.0,0.0
11,fullspan_income_k3_cmdl_seed11,5,0.8415656685829163,0.7400065064430237,1.0155918598175049,2.747663974761963,2.646174907684326,2.6461750121029644,1.6007714816147374,2.3288779258728027,0.03638853809130742,0.7493506493506493,0.11939430236816406,0.9256934476988301,0.0,0.8095238095238095,0.19047619047619047
11,fullspan_income_k3_cmdl_seed11,6,0.730491042137146,0.629002034664154,1.0148903131484985,2.458127498626709,2.3567233085632324,2.356723131449708,1.5110847162348884,2.3453288078308105,0.038775833431532306,0.7805194805194805,0.12385153770446777,0.9281459519042294,0.0,0.6190476190476191,0.38095238095238093
11,fullspan_income_k3_cmdl_seed11,7,0.6351038217544556,0.5336996912956238,1.014041543006897,2.220409870147705,2.1191043853759766,2.1191043775415688,1.4334886787193162,2.358475685119629,0.04165877168690439,0.7922077922077921,0.12882614135742188,0.9290271479026256,0.0,0.47619047619047616,0.5238095238095238
11,fullspan_income_k3_cmdl_seed11,8,0.5464381575584412,0.44513267278671265,1.0130549669265747,2.0128085613250732,1.9116170406341553,1.9116172602841925,1.3618805805842082,2.367647886276245,0.04511209874246175,0.8064935064935065,0.13515734672546387,0.9289026578793443,0.0,0.38095238095238093,0.6190476190476191
11,fullspan_income_k3_cmdl_seed11,9,0.46779823303222656,0.3666066527366638,1.011915683746338,1.8184887170791626,1.7174257040023804,1.7174258181635351,1.2906410062596911,2.3724770545959473,0.049114829652763224,0.8324675324675326,0.1428072452545166,0.9282611540496708,0.0,0.3333333333333333,0.6666666666666666
11,fullspan_income_k3_cmdl_seed11,10,0.3971906304359436,0.29612764716148376,1.0106298923492432,1.6294959783554077,1.5285751819610596,1.5285750832000873,1.2164140804892494,2.372894048690796,0.05378261170903035,0.8467532467532467,0.15216803550720215,0.9273233622292543,0.0,0.3333333333333333,0.6666666666666666
11,fullspan_income_k3_cmdl_seed11,11,0.33653679490089417,0.23561596870422363,1.0092082023620605,1.4430468082427979,1.3422784805297852,1.3422783540388825,1.1372944719734646,2.3693745136260986,0.0590334913501801,0.8766233766233766,0.1648879051208496,0.9260852089665936,0.0,0.3333333333333333,0.6666666666666666
11,fullspan_income_k3_cmdl_seed11,12,0.28125372529029846,0.18048542737960815,1.0076829195022583,1.2622573375701904,1.1616472005844116,1.161647164945281,1.0537375956773758,2.362487316131592,0.06481897156104548,0.8948051948051948,0.1792588233947754,0.9243520158970389,0.0,0.3333333333333333,0.6666666666666666
11,fullspan_income_k3_cmdl_seed11,13,0.23388922214508057,0.13327910006046295,1.006101131439209,1.0934948921203613,0.9930428862571716,0.9930428968712783,0.9682477428799584,2.3528006076812744,0.0709253266362574,0.9012987012987014,0.1944260597229004,0.9218904133706763,0.0,0.47619047619047616,0.5238095238095238
11,fullspan_income_k3_cmdl_seed11,14,0.1936948001384735,0.0932428389787674,1.0045195817947388,0.9415979981422424,0.8413029909133911,0.8413029408911108,0.8836910894938877,2.3410897254943848,0.07725807639358438,0.9090909090909091,0.2100968360900879,0.918463728147829,0.0,0.47619047619047616,0.5238095238095238
11,fullspan_income_k3_cmdl_seed11,15,0.16242198646068573,0.06212696060538292,1.0029501914978027,0.8114120364189148,0.7112706303596497,0.7112705701402812,0.8043301658970969,2.328442335128784,0.0837467785893783,0.9142857142857143,0.22591733932495117,0.914007093404207,0.0,0.47619047619047616,0.5238095238095238
11,fullspan_income_k3_cmdl_seed11,16,0.14087051153182983,0.040729083120822906,1.0014142990112305,0.7067031860351562,0.6067053079605103,0.6067053320050089,0.7350024453231266,2.3173253536224365,0.08988465651372525,0.9142857142857143,0.24057602882385254,0.9092521169039331,0.0,0.5238095238095238,0.47619047619047616
11,fullspan_income_k3_cmdl_seed11,17,0.13079804182052612,0.03080018050968647,0.9999785423278809,0.626620352268219,0.526752769947052,0.5267527974835011,0.6780227167265755,2.3103749752044678,0.09517422191925816,0.9259740259740258,0.25346994400024414,0.9054918535420723,0.0,0.5238095238095238,0.47619047619047616
11,fullspan_income_k3_cmdl_seed11,18,0.12841786444187164,0.0285502802580595,0.9986758828163147,0.5684363842010498,0.46867793798446655,0.46867795085145236,0.6343929937907627,2.309166669845581,0.09885918784875797,0.9259740259740258,0.2638847827911377,0.9039602239394359,0.0,0.5238095238095238,0.47619047619047616
11,fullspan_income_k3_cmdl_seed11,19,0.13305523991584778,0.03329680860042572,0.997584342956543,0.5271938443183899,0.42752060294151306,0.42752063339454505,0.602746361777896,2.3133633136749268,0.10074139776331685,0.9181818181818181,0.2701709270477295,0.9047598811519664,0.0,0.5238095238095238,0.47619047619047616
11,fullspan_income_k3_cmdl_seed11,20,0.13973765075206757,0.04006439074873924,0.9967326521873474,0.49853965640068054,0.398933082818985,0.3989330473821968,0.5810048083464304,2.321720600128174,0.10124511070932758,0.9181818181818181,0.2732059955596924,0.907081683941894,0.0,0.47619047619047616,0.5238095238095238
11,fullspan_income_k3_cmdl_seed11,21,0.14284051954746246,0.04323393851518631,0.9960657954216003,0.4810360372066498,0.38147780299186707,0.38147779353710526,0.569264775230771,2.3331398963928223,0.100390536843478,0.9272727272727272,0.27295899391174316,0.9102134682233518,0.0,0.47619047619047616,0.5238095238095238
11,fullspan_income_k3_cmdl_seed11,22,0.1427106261253357,0.04315239191055298,0.9955822229385376,0.473522424697876,0.3739975094795227,0.3739974802976703,0.5666750853969937,2.3466293811798096,0.09832541856873325,0.9272727272727272,0.2697758674621582,0.9134650739086699,0.0,0.3333333333333333,0.6666666666666666
11,fullspan_income_k3_cmdl_seed11,23,0.1386111080646515,0.03908619284629822,0.9952492117881775,0.4749467372894287,0.3754408359527588,0.37544084157312113,0.5723039408524832,2.361438035964966,0.09516697811759102,0.9272727272727272,0.26380276679992676,0.9163198147549649,0.0,0.2857142857142857,0.7142857142857143
11,fullspan_income_k3_cmdl_seed11,24,0.13168329000473022,0.0321773886680603,0.9950589537620544,0.4839848577976227,0.38448578119277954,0.3844857809402611,0.5844650921367464,2.3768081665039062,0.09109415509618103,0.9246753246753248,0.2554590702056885,0.9184040853502962,0.0,0.2857142857142857,0.7142857142857143
11,fullspan_income_k3_cmdl_seed11,25,0.12504000961780548,0.02554093860089779,0.9949907660484314,0.4980611205101013,0.39855679869651794,0.39855680635109486,0.6003521595682416,2.3921291828155518,0.08626299192376265,0.9272727272727272,0.2436821460723877,0.91955733669768,0.0,0.2857142857142857,0.7142857142857143
11,fullspan_income_k3_cmdl_seed11,26,0.12003715336322784,0.02053283527493477,0.9950430989265442,0.5150906443595886,0.41557222604751587,0.41557225323873226,0.6178973884809584,2.4068026542663574,0.08102033890814153,0.9272727272727272,0.2296900749206543,0.9197205835218392,0.0,0.2857142857142857,0.7142857142857143
11,fullspan_income_k3_cmdl_seed11,27,0.11476682871580124,0.015248386189341545,0.9951844215393066,0.5342645645141602,0.43472835421562195,0.4347283689980316,0.6361643913246336,2.4203896522521973,0.07578074005466151,0.9272727272727272,0.21548748016357422,0.9189563207878645,0.0,0.2857142857142857,0.7142857142857143
11,fullspan_income_k3_cmdl_seed11,28,0.11229205876588821,0.012755840085446835,0.9953621625900269,0.5540421605110168,0.4544864892959595,0.45448647144558746,0.6538883873394558,2.4326248168945312,0.0707439385986754,0.9259740259740258,0.20166563987731934,0.9174941800527153,0.0,0.23809523809523808,0.7619047619047619
11,fullspan_income_k3_cmdl_seed11,29,0.1119418814778328,0.012386227026581764,0.9955565333366394,0.5718268752098083,0.4722571074962616,0.4722571070527189,0.6691686241399675,2.4432103633880615,0.06625490925475076,0.9246753246753248,0.18918871879577637,0.9155871451742951,0.0,0.19047619047619047,0.8095238095238095
11,fullspan_income_k3_cmdl_seed11,30,0.11260709911584854,0.013037330470979214,0.9956976771354675,0.587822675704956,0.48824581503868103,0.4882457840061361,0.6824191212654114,2.452158212661743,0.06236506420022058,0.9246753246753248,0.17825675010681152,0.9135045285146458,0.0,0.14285714285714285,0.8571428571428571
11,fullspan_income_k3_cmdl_seed11,31,0.11352930217981339,0.01395241916179657,0.9957687854766846,0.5998846292495728,0.5003112554550171,0.5003112543876446,0.6922286564395541,2.4594178199768066,0.05916248427112901,0.9246753246753248,0.16915369033813477,0.911496499975349,0.0,0.09523809523809523,0.9047619047619048
11,fullspan_income_k3_cmdl_seed11,32,0.11571622639894485,0.016142861917614937,0.9957336187362671,0.6078774929046631,0.508319616317749,0.508319644981355,0.6988204887935093,2.4651541709899902,0.05664518458597437,0.9246753246753248,0.16189122200012207,0.9097011820067203,0.0,0.09523809523809523,0.9047619047619048
11,fullspan_income_k3_cmdl_seed11,33,0.11618205159902573,0.01662418246269226,0.9955787062644958,0.61316978931427,0.5136378407478333,0.5136378277812836,0.7031783830551874,2.469635486602783,0.05466962349525337,0.9246753246753248,0.15610766410827637,0.9081847473475975,0.0,0.047619047619047616,0.9523809523809523
11,fullspan_income_k3_cmdl_seed11,34,0.11536866426467896,0.015836697071790695,0.995319664478302,0.6166436672210693,0.5171478390693665,0.5171478009639832,0.7059729851427532,2.4730076789855957,0.05318132544714769,0.9246753246753248,0.1516735553741455,0.9069921377086112,0.0,0.047619047619047616,0.9523809523809523
11,fullspan_income_k3_cmdl_seed11,35,0.11493661254644394,0.015440793707966805,0.994958221912384,0.6178042888641357,0.5183542966842651,0.5183542815216085,0.7068789501984915,2.4754245281219482,0.05212330418056842,0.916883116883117,0.14843535423278809,0.906129275594297,0.0,0.047619047619047616,0.9523809523809523
11,fullspan_income_k3_cmdl_seed11,36,0.11390887945890427,0.014458906836807728,0.994499683380127,0.6160333752632141,0.5166365504264832,0.5166365755433399,0.7055517378307524,2.477071523666382,0.05137673151018059,0.9207792207792208,0.14607667922973633,0.9055741657038339,0.0,0.0,1.0
11,fullspan_income_k3_cmdl_seed11,37,0.11173520982265472,0.012338384985923767,0.9939682483673096,0.6110590100288391,0.5117206573486328,0.5117206351077364,0.7018219516390846,2.4780993461608887,0.05086447784239184,0.9207792207792208,0.1443934440612793,0.9052891298960182,0.0,0.0,1.0
12,fullspan_income_k3_cmdl_seed12,1,1.465283751487732,1.3525900840759277,1.126936435699463,4.865431785583496,4.752642631530762,4.752642724361707,2.1118083904896463,2.123842477798462,0.02684296701940495,0.0987012987012987,0.07405996322631836,0.7886070023660542,0.0,1.0,0.0
12,fullspan_income_k3_cmdl_seed12,2,1.2321507930755615,1.119361400604248,1.127893328666687,4.070590972900391,3.9577040672302246,3.9577040108831985,1.9338136703840323,2.13519287109375,0.027642232956462256,0.1012987012987013,0.0763087272644043,0.8005237822729593,0.0,1.0,0.0
12,fullspan_income_k3_cmdl_seed12,3,1.0490148067474365,0.9361280202865601,1.1288681030273438,3.423802614212036,3.310818910598755,3.3108187609102786,1.776320649399644,2.1470654010772705,0.02841946456587191,0.0974025974025974,0.0785517692565918,0.8124916855376254,0.0,1.0,0.0
12,fullspan_income_k3_cmdl_seed12,4,0.9023364782333374,0.7893527746200562,1.1298370361328125,2.92730712890625,2.8142354488372803,2.814235421138322,1.6448156429188592,2.1590323448181152,0.029192790364860315,0.10389610389610389,0.08120965957641602,0.8240024804417093,0.0,1.0,0.0
12,fullspan_income_k3_cmdl_seed12,5,0.7847021818161011,0.6716304421424866,1.130717396736145,2.565368413925171,2.4522292613983154,2.4522292819019635,1.5409196738508486,2.170558452606201,0.02987388747546721,0.07402597402597402,0.08298778533935547,0.8345430311819318,0.0,1.0,0.0
12,fullspan_income_k3_cmdl_seed12,6,0.689026951789856,0.57588791847229,1.1313905715942383,2.307586908340454,2.194418430328369,2.1944182239587326,1.461203671282246,2.180501937866211,0.030496566221232466,-0.025974025974025972,0.0850517749786377,0.8431610144464178,0.0,1.0,0.0
12,fullspan_income_k3_cmdl_seed12,7,0.6052666306495667,0.4920980632305145,1.131685495376587,2.1188933849334717,2.005749225616455,2.005749059072569,1.3987381701313315,2.187473773956299,0.03112419158464045,-0.20519480519480518,0.08958673477172852,0.8488761296653864,0.0,1.0,0.0
12,fullspan_income_k3_cmdl_seed12,8,0.529282808303833,0.41613852977752686,1.131442666053772,1.9656583070755005,1.8525997400283813,1.852599685348421,1.344721494686036,2.190281391143799,0.031728023024916195,-0.22077922077922077,0.09334778785705566,0.8509870120198928,0.0,1.0,0.0
12,fullspan_income_k3_cmdl_seed12,9,0.46263429522514343,0.3495757579803467,1.1305853128433228,1.820433497428894,1.7075157165527344,1.7075158156513346,1.2904693920697485,2.188486099243164,0.03222418706217892,-0.34155844155844156,0.09537291526794434,0.8493269723478928,0.0,1.0,0.0
12,fullspan_income_k3_cmdl_seed12,10,0.40407878160476685,0.29116103053092957,1.1291773319244385,1.667229175567627,1.5544904470443726,1.5544903674889188,1.2299595191365196,2.1830334663391113,0.03254371555419561,-0.348051948051948,0.0966331958770752,0.8446401594142773,0.0,1.0,0.0
12,fullspan_income_k3_cmdl_seed12,11,0.34883829951286316,0.23609957098960876,1.127387285232544,1.499316692352295,1.386781096458435,1.3867811329832571,1.1595471132369268,2.175234794616699,0.03267765727043887,-0.3701298701298701,0.09645533561706543,0.8378448088250223,0.0,1.0,0.0
12,fullspan_income_k3_cmdl_seed12,12,0.298918217420578,0.18638262152671814,1.1253559589385986,1.3178529739379883,1.2055363655090332,1.2055363911939976,1.077947776942026,2.165987253189087,0.03258136094049054,-0.36883116883116884,0.09526848793029785,0.8295399176835151,0.0,1.0,0.0
12,fullspan_income_k3_cmdl_seed12,13,0.2537752389907837,0.14145858585834503,1.123166561126709,1.1330431699752808,1.0209555625915527,1.0209555522605345,0.9876971599601564,2.155933141708374,0.03225494143385991,-0.3675324675324675,0.09323930740356445,0.820172722707811,0.0,1.0,0.0
12,fullspan_income_k3_cmdl_seed12,14,0.21350383758544922,0.10141626000404358,1.1208758354187012,0.9574515223503113,0.8455986976623535,0.8455987442458848,0.8934508874302819,2.1455349922180176,0.03171790421460423,-0.36233766233766235,0.09064149856567383,0.810113438062674,0.0,1.0,0.0
12,fullspan_income_k3_cmdl_seed12,15,0.18132531642913818,0.06947246938943863,1.1185283660888672,0.8045211434364319,0.6929027438163757,0.692902685959425,0.8024991055329641,2.1353461742401123,0.03088528871262929,-0.36233766233766235,0.08796215057373047,0.7999401294894672,0.0,1.0,0.0
12,fullspan_income_k3_cmdl_seed12,16,0.1588607132434845,0.04724233224987984,1.1161837577819824,0.6860851645469666,0.5746890306472778,0.5746890422026799,0.7244375007493156,2.1263647079467773,0.029753808449235634,-0.36233766233766235,0.08434581756591797,0.7908169852485537,0.0,1.0,0.0
12,fullspan_income_k3_cmdl_seed12,17,0.14651647210121155,0.03512033820152283,1.1139613389968872,0.6003319621086121,0.48913252353668213,0.4891325014542249,0.6622109895660764,2.1195285320281982,0.028450159204314304,-0.36233766233766235,0.08018779754638672,0.7839399414420114,0.0,1.0,0.0
12,fullspan_income_k3_cmdl_seed12,18,0.14312045276165009,0.03192099928855896,1.1119945049285889,0.5417817831039429,0.43074503540992737,0.4307450436411465,0.6159359883694422,2.1152610778808594,0.02712550325891737,-0.36233766233766235,0.07594442367553711,0.7799017518854969,0.0,1.0,0.0
12,fullspan_income_k3_cmdl_seed12,19,0.1478511393070221,0.0368143767118454,1.1103675365447998,0.49828386306762695,0.38737842440605164,0.3873784660359699,0.579092630318233,2.113206386566162,0.025914446582410128,-0.34025974025974026,0.07201957702636719,0.7783710635496764,0.0,1.0,0.0
12,fullspan_income_k3_cmdl_seed12,20,0.15275683999061584,0.04185141250491142,1.1090542078018188,0.4674708843231201,0.3566620647907257,0.3566620718257615,0.5517857330186027,2.1134135723114014,0.024924169885854556,-0.33896103896103896,0.06873655319213867,0.7793903856543404,0.0,1.0,0.0
12,fullspan_income_k3_cmdl_seed12,21,0.1584555208683014,0.04764670878648758,1.1080881357192993,0.45260709524154663,0.3418595492839813,0.34185954812973357,0.5387632591383797,2.1158366203308105,0.024153842758385936,-0.33896103896103896,0.0661311149597168,0.7828426611131427,0.0,1.0,0.0
12,fullspan_income_k3_cmdl_seed12,22,0.15907609462738037,0.04832854121923447,1.1074755191802979,0.45211470127105713,0.3413980007171631,0.3413979680641683,0.5396161590303693,2.1200757026672363,0.02355571975566465,-0.3168831168831169,0.0646677017211914,0.7882054644533836,0.0,1.0,0.0
12,fullspan_income_k3_cmdl_seed12,23,0.15633423626422882,0.04561752453446388,1.10716712474823,0.4662587344646454,0.3555462658405304,0.35554630854764974,0.5542894573438735,2.1258838176727295,0.023111980785076047,-0.3025974025974026,0.06398439407348633,0.795118782787253,0.0,1.0,0.0
12,fullspan_income_k3_cmdl_seed12,24,0.15131573379039764,0.04060327261686325,1.1071245670318604,0.4906630516052246,0.37993550300598145,0.37993548789723824,0.5778025899614606,2.1329715251922607,0.022761802493970182,-0.2753246753246753,0.06364607810974121,0.8032058887893003,0.0,1.0,0.0
12,fullspan_income_k3_cmdl_seed12,25,0.1439363658428192,0.03320882096886635,1.107275366783142,0.5200994610786438,0.40934354066848755,0.4093435540395326,0.60478285522688,2.140981674194336,0.022468609691908868,-0.274025974025974,0.06349658966064453,0.8120300533518267,0.0,1.0,0.0
12,fullspan_income_k3_cmdl_seed12,26,0.13836950063705444,0.027613557875156403,1.1075594425201416,0.5504963397979736,0.43970444798469543,0.4397044499313603,0.6314623625505538,2.1496026515960693,0.022223006453414868,-0.2571428571428571,0.0644230842590332,0.8212146458039155,0.0,1.0,0.0
12,fullspan_income_k3_cmdl_seed12,27,0.13210897147655487,0.021317068487405777,1.1079189777374268,0.5775845050811768,0.466754287481308,0.466754249807262,0.6545349969750359,2.1584606170654297,0.022019100168256162,-0.2571428571428571,0.06529498100280762,0.8303460580030302,0.0,1.0,0.0
12,fullspan_income_k3_cmdl_seed12,28,0.12868644297122955,0.01785624399781227,1.1083019971847534,0.5997239947319031,0.4888577163219452,0.48885776187699836,0.673075332528069,2.167266368865967,0.02188236395439265,-0.2636363636363636,0.06602120399475098,0.8391281464139615,0.0,1.0,0.0
12,fullspan_income_k3_cmdl_seed12,29,0.12665978074073792,0.015793507918715477,1.108662724494934,0.6211752891540527,0.5102769136428833,0.5102769064716096,0.6902853534335182,2.175917148590088,0.021773527991185804,-0.2727272727272727,0.06658697128295898,0.8474602581587911,0.0,1.0,0.0
12,fullspan_income_k3_cmdl_seed12,30,0.12687474489212036,0.015976369380950928,1.1089836359024048,0.6423620581626892,0.5314385890960693,0.5314386111780903,0.7065744400024414,2.1841328144073486,0.02172495360486541,-0.22857142857142856,0.06691670417785645,0.8551118043122107,0.0,1.0,0.0
12,fullspan_income_k3_cmdl_seed12,31,0.1275583803653717,0.01663489080965519,1.1092348098754883,0.6642309427261353,0.5532917976379395,0.5532918199265705,0.7226426686559405,2.1917951107025146,0.0217057089779375,-0.22207792207792207,0.066619873046875,0.8620249447936109,0.0,1.0,0.0
12,fullspan_income_k3_cmdl_seed12,32,0.12917625904083252,0.018237091600894928,1.109391689300537,0.6853240132331848,0.5743817090988159,0.5743816241380298,0.7375573260443551,2.198585033416748,0.021731891548208794,-0.24025974025974026,0.06702065467834473,0.8680090833855866,0.0,1.0,0.0
12,fullspan_income_k3_cmdl_seed12,33,0.13004443049430847,0.01910211332142353,1.1094231605529785,0.7035617232322693,0.5926308035850525,0.5926308408784852,0.7500429011526561,2.2043240070343018,0.0217293904372203,-0.2532467532467532,0.06658768653869629,0.8730147713813923,0.0,1.0,0.0
12,fullspan_income_k3_cmdl_seed12,34,0.1301250159740448,0.019194087013602257,1.1093093156814575,0.7182878851890564,0.607383668422699,0.6073837231392629,0.7598986228307089,2.2088582515716553,0.02173210856509903,-0.28831168831168835,0.06628608703613281,0.877008272251212,0.0,1.0,0.0
12,fullspan_income_k3_cmdl_seed12,35,0.1296258121728897,0.018721623346209526,1.1090419292449951,0.7268719673156738,0.6160097718238831,0.6160097954128919,0.7655404380389622,2.212102174758911,0.02173507684288048,-0.28831168831168835,0.06614255905151367,0.8800038776012329,0.0,1.0,0.0
12,fullspan_income_k3_cmdl_seed12,36,0.12933211028575897,0.01846989430487156,1.1086220741271973,0.7288347482681274,0.6180292367935181,0.6180292358280921,0.7667809043611798,2.214062213897705,0.02174990268421451,-0.3090909090909091,0.06599688529968262,0.8820650317055639,0.0,1.0,0.0
12,fullspan_income_k3_cmdl_seed12,37,0.12795907258987427,0.017153574153780937,1.1080549955368042,0.7268579006195068,0.6161183714866638,0.6161183477139449,0.7653883653027671,2.215153694152832,0.021778995572365956,-0.3532467532467533,0.06584930419921875,0.8835115508475899,0.0,1.0,0.0
13,fullspan_income_k3_cmdl_seed13,1,1.216232419013977,1.1001850366592407,1.1604740619659424,3.2297706604003906,3.11399507522583,3.1139952848566796,1.7217752958337467,1.285286545753479,0.08874095536431575,-0.6142857142857143,0.23098444938659668,0.6359835261098266,1.0,0.0,0.0
13,fullspan_income_k3_cmdl_seed13,2,0.9815562963485718,0.8657808303833008,1.15775465965271,2.701718807220459,2.586182117462158,2.586182056857809,1.5724134948991595,1.3041646480560303,0.09747475094838921,-0.6272727272727273,0.25762879848480225,0.656172254378925,1.0,0.0,0.0
13,fullspan_income_k3_cmdl_seed13,3,0.802000105381012,0.6864634156227112,1.1553668975830078,2.3068149089813232,2.1914820671081543,2.1914820978339185,1.4449033542048364,1.3237043619155884,0.10495644823885773,-0.6103896103896104,0.28088486194610596,0.6753732517710943,1.0,0.0,0.0
13,fullspan_income_k3_cmdl_seed13,4,0.6665201783180237,0.55118727684021,1.153328776359558,2.014972448348999,1.89982008934021,1.8998200878606102,1.339466356450603,1.3434823751449585,0.1110141250213962,-0.6103896103896104,0.3002368211746216,0.6932878860706283,1.0,0.0,0.0
13,fullspan_income_k3_cmdl_seed13,5,0.5592474937438965,0.44409510493278503,1.1515239477157593,1.7889190912246704,1.6739369630813599,1.673936891615215,1.2513134834312258,1.3625068664550781,0.11555999061190322,-0.6246753246753247,0.3154122829437256,0.7091645678707879,1.0,0.0,0.0
13,fullspan_income_k3_cmdl_seed13,6,0.47035932540893555,0.355377197265625,1.149821162223816,1.5957468748092651,1.4809072017669678,1.480907119400595,1.1723714534725462,1.37812077999115,0.11888414085539198,-0.6402597402597403,0.3270033597946167,0.7209567032191422,1.0,0.0,0.0
13,fullspan_income_k3_cmdl_seed13,7,0.3934272825717926,0.2785876393318176,1.1483964920043945,1.4106552600860596,1.2958866357803345,1.295886633324297,1.093434792189371,1.3861323595046997,0.121407356822892,-0.648051948051948,0.3355811834335327,0.7259904292190095,1.0,0.0,0.0
13,fullspan_income_k3_cmdl_seed13,8,0.32907381653785706,0.21430519223213196,1.1476861238479614,1.219138503074646,1.1043102741241455,1.104310294611798,1.00641368329525,1.3832404613494873,0.12326878150485772,-0.6610389610389611,0.34028637409210205,0.7224593433978009,1.0,0.0,0.0
13,fullspan_income_k3_cmdl_seed13,9,0.2781805694103241,0.16335229575634003,1.148282766342163,1.0219217538833618,0.9069850444793701,0.9069850797562777,0.9084933130514055,1.3736680746078491,0.1240816144074099,-0.6610389610389611,0.34068143367767334,0.7137645598588094,1.0,0.0,0.0
13,fullspan_income_k3_cmdl_seed13,10,0.23908868432044983,0.12415197491645813,1.1493669748306274,0.8291893601417542,0.7141159772872925,0.7141159379177414,0.8014694991565886,1.3604862689971924,0.12364911390833785,-0.6727272727272726,0.33664870262145996,0.7018923966577945,1.0,0.0,0.0
13,fullspan_income_k3_cmdl_seed13,11,0.2075357437133789,0.09246236830949783,1.1507337093353271,0.6544660329818726,0.5392376780509949,0.5392376785361842,0.6905638689086551,1.3454248905181885,0.12172772112824984,-0.6740259740259741,0.3278026580810547,0.6879562940575517,1.0,0.0,0.0
13,fullspan_income_k3_cmdl_seed13,12,0.1856701672077179,0.07044178247451782,1.152283787727356,0.5120205879211426,0.3966766595840454,0.39667664721135104,0.5857141330128625,1.3302733898162842,0.11805286368859584,-0.6896103896103896,0.31423258781433105,0.6736269642171824,1.0,0.0,0.0
13,fullspan_income_k3_cmdl_seed13,13,0.17238715291023254,0.05704321712255478,1.1534392833709717,0.41255614161491394,0.29726919531822205,0.2972691729158429,0.501437612942287,1.318753957748413,0.11330102741841701,-0.6779220779220779,0.2998683452606201,0.663050257646979,1.0,0.0,0.0
13,fullspan_income_k3_cmdl_seed13,14,0.16956616938114166,0.054279226809740067,1.152869462966919,0.35442179441452026,0.23936407268047333,0.23936408207095503,0.44700354905355544,1.3130738735198975,0.10942658387067894,-0.6857142857142857,0.2904324531555176,0.6585739082945632,1.0,0.0,0.0
13,fullspan_income_k3_cmdl_seed13,15,0.1680048108100891,0.052947092801332474,1.150577187538147,0.325953871011734,0.21123123168945312,0.2112312455769334,0.4199594117346264,1.3125673532485962,0.10714717969637494,-0.6818181818181818,0.2850685119628906,0.659491173627143,1.0,0.0,0.0
13,fullspan_income_k3_cmdl_seed13,16,0.1651216745376587,0.05039903521537781,1.1472264528274536,0.3173794150352478,0.20305390655994415,0.2030539143716933,0.41425078539621263,1.3161251544952393,0.10629420160976412,-0.7025974025974026,0.28630530834198,0.6645144886787248,1.0,0.0,0.0
13,fullspan_income_k3_cmdl_seed13,17,0.16219350695610046,0.04786798730492592,1.1432551145553589,0.3215852379798889,0.20770704746246338,0.20770705460642686,0.42291803870882305,1.3226447105407715,0.10612066453896768,-0.7142857142857142,0.2912306785583496,0.6725033604430077,1.0,0.0,0.0
13,fullspan_income_k3_cmdl_seed13,18,0.1578178107738495,0.04393961280584335,1.1387819051742554,0.3338898718357086,0.22048157453536987,0.22048155760557298,0.44014241865703035,1.3312320709228516,0.1062161340005098,-0.7389610389610389,0.2947167158126831,0.6822908514702035,1.0,0.0,0.0
13,fullspan_income_k3_cmdl_seed13,19,0.151508629322052,0.03810032457113266,1.1340830326080322,0.35238757729530334,0.23946964740753174,0.23946963508542143,0.4630426111675444,1.3415110111236572,0.10623892673917577,-0.748051948051948,0.29725849628448486,0.693375738963366,1.0,0.0,0.0
13,fullspan_income_k3_cmdl_seed13,20,0.14359888434410095,0.03068094328045845,1.1291793584823608,0.3761196732521057,0.2636946737766266,0.26369465830207367,0.48983332089015413,1.3528972864151,0.10611378928076944,-0.7441558441558441,0.29828429222106934,0.7049295460155365,1.0,0.0,0.0
13,fullspan_income_k3_cmdl_seed13,21,0.1381421536207199,0.025717157870531082,1.1242499351501465,0.4061141312122345,0.29417112469673157,0.2941711227072857,0.5208504483813331,1.365281105041504,0.10590224413105133,-0.7441558441558441,0.29781126976013184,0.7166488235363062,1.0,0.0,0.0
13,fullspan_income_k3_cmdl_seed13,22,0.13310888409614563,0.021165892481803894,1.1194299459457397,0.44274795055389404,0.33126378059387207,0.33126380263791166,0.555704741250901,1.378199577331543,0.10561424221169673,-0.7493506493506493,0.29586637020111084,0.7279922257077734,1.0,0.0,0.0
13,fullspan_income_k3_cmdl_seed13,23,0.1302815079689026,0.018797343596816063,1.1148416996002197,0.48461610078811646,0.373553603887558,0.37355362931152586,0.5925777440979367,1.3910168409347534,0.10528386059833221,-0.7597402597402596,0.29273974895477295,0.7383988869439582,1.0,0.0,0.0
13,fullspan_income_k3_cmdl_seed13,24,0.12911169230937958,0.018049199134111404,1.11062490940094,0.5298405289649963,0.4191438555717468,0.41914384830450113,0.6296813942137218,1.402966022491455,0.10504740338518367,-0.7701298701298702,0.28923606872558594,0.7473226267287805,1.0,0.0,0.0
13,fullspan_income_k3_cmdl_seed13,25,0.1282287836074829,0.017532113939523697,1.1069667339324951,0.5738059878349304,0.46341055631637573,0.46341056273718434,0.6635924123582386,1.4132314920425415,0.10496268773643683,-0.7701298701298702,0.2860379219055176,0.7543892830159692,0.9523809523809523,0.047619047619047616,0.0
13,fullspan_income_k3_cmdl_seed13,26,0.12868833541870117,0.018292883411049843,1.103954553604126,0.6116579174995422,0.5014931559562683,0.5014932028755256,0.6913521885871887,1.421172022819519,0.10510530456690441,-0.7818181818181819,0.2838630676269531,0.7594342139075336,0.9523809523809523,0.047619047619047616,0.0
13,fullspan_income_k3_cmdl_seed13,27,0.12908846139907837,0.018923677504062653,1.1016477346420288,0.6396840810775757,0.5296858549118042,0.5296859499513001,0.7110839656421116,1.426436185836792,0.10549104697414846,-0.7935064935064934,0.2829934358596802,0.7625057635058554,0.9523809523809523,0.047619047619047616,0.0
13,fullspan_income_k3_cmdl_seed13,28,0.12830562889575958,0.018307387828826904,1.0999823808670044,0.6579689979553223,0.5480863451957703,0.5480863066465765,0.7234613313561394,1.42947518825531,0.10602936371037777,-0.8142857142857143,0.28324973583221436,0.7641038487753427,0.9047619047619048,0.09523809523809523,0.0
13,fullspan_income_k3_cmdl_seed13,29,0.12761224806308746,0.017729615792632103,1.098826289176941,0.6684665083885193,0.5586656332015991,0.5586656289503692,0.7300999746436164,1.4306821823120117,0.10659428731543269,-0.8142857142857143,0.28411996364593506,0.7646050740711791,0.9047619047619048,0.09523809523809523,0.0
13,fullspan_income_k3_cmdl_seed13,30,0.12631240487098694,0.016511522233486176,1.0980088710784912,0.6737014651298523,0.56396484375,0.5639647707860662,0.7328609313283648,1.4307297468185425,0.1070269923196317,-0.8142857142857143,0.28497350215911865,0.7645027956520382,0.9047619047619048,0.09523809523809523,0.0
13,fullspan_income_k3_cmdl_seed13,31,0.12470514327287674,0.014968502335250378,1.097366452217102,0.6762546896934509,0.5665777325630188,0.5665777260458502,0.7336183147771018,1.4301965236663818,0.10722222003303164,-0.8311688311688311,0.28535449504852295,0.7641841568364531,0.9047619047619048,0.09523809523809523,0.0
14,fullspan_income_k3_cmdl_seed14,1,1.1168756484985352,0.9987486600875854,1.1812692880630493,3.4948995113372803,3.377450466156006,3.3774503539281078,1.803831550691809,1.6080329418182373,0.032532776348420896,-0.7844155844155845,0.09273064136505127,0.8175709704345525,0.09523809523809523,0.9047619047619048,0.0
14,fullspan_income_k3_cmdl_seed14,2,0.9282993674278259,0.8108503222465515,1.1744903326034546,2.8756282329559326,2.758836030960083,2.758836174061362,1.6338274340544428,1.618333339691162,0.03303332404312085,-0.7714285714285715,0.09508407115936279,0.8157978386211218,0.047619047619047616,0.9523809523809523,0.0
14,fullspan_income_k3_cmdl_seed14,3,0.787875235080719,0.6710829138755798,1.167923092842102,2.393949508666992,2.2778046131134033,2.2778047178104748,1.487658522668339,1.6271330118179321,0.03400453754878983,-0.7688311688311688,0.09846138954162598,0.813866054448123,0.047619047619047616,0.9523809523809523,0.0
14,fullspan_income_k3_cmdl_seed14,4,0.6823463439941406,0.566201388835907,1.1614497900009155,2.0413906574249268,1.9258859157562256,1.9258859385321951,1.3699502185696648,1.6345325708389282,0.03535317392080786,-0.7857142857142857,0.10227000713348389,0.8118611034750829,0.047619047619047616,0.9523809523809523,0.0
14,fullspan_income_k3_cmdl_seed14,5,0.5962018370628357,0.48069703578948975,1.1550477743148804,1.7871147394180298,1.672234296798706,1.6722342284577976,1.2772629779009592,1.640295147895813,0.03700599791578483,-0.8181818181818182,0.1059713363647461,0.8099583416067588,0.0,1.0,0.0
14,fullspan_income_k3_cmdl_seed14,6,0.5173987746238708,0.4025183320045471,1.1488044261932373,1.5983126163482666,1.4840203523635864,1.4840203116157409,1.2026454039982386,1.6432287693023682,0.039028719935964615,-0.8584415584415584,0.10997998714447021,0.8086346783351891,0.047619047619047616,0.9523809523809523,0.0
14,fullspan_income_k3_cmdl_seed14,7,0.4435270428657532,0.3292348086833954,1.142922282218933,1.4455891847610474,1.3318029642105103,1.331802976444728,1.1372362531366802,1.6418741941452026,0.041644535137712345,-0.8883116883116883,0.11511886119842529,0.8084664762082033,0.047619047619047616,0.9523809523809523,0.0
14,fullspan_income_k3_cmdl_seed14,8,0.37486129999160767,0.26107507944107056,1.1378623247146606,1.3054945468902588,1.1920645236968994,1.1920644535562597,1.0719114009823119,1.6373318433761597,0.04462229343909714,-0.9142857142857143,0.12275636196136475,0.8091235164935369,0.047619047619047616,0.9523809523809523,0.0
14,fullspan_income_k3_cmdl_seed14,9,0.3170652687549591,0.20363527536392212,1.1342999935150146,1.1602247953414917,1.046990156173706,1.046990156833494,0.9980374163105374,1.6307071447372437,0.047691006109712004,-0.9623376623376624,0.13177883625030518,0.8101804066034555,0.09523809523809523,0.9047619047619048,0.0
14,fullspan_income_k3_cmdl_seed14,10,0.2666468024253845,0.15341217815876007,1.1323463916778564,1.0022695064544678,0.8890755772590637,0.8890754766157694,0.9101462080365136,1.6225193738937378,0.05067792064751283,-0.9623376623376624,0.1402353048324585,0.8113908564825516,0.19047619047619047,0.8095238095238095,0.0
14,fullspan_income_k3_cmdl_seed14,11,0.22672529518604279,0.11353131383657455,1.1319397687911987,0.8364331722259521,0.7231348752975464,0.7231348982421689,0.8078553988820031,1.6130214929580688,0.05348711089485046,-0.9623376623376624,0.147851824760437,0.8125828079299133,0.19047619047619047,0.8095238095238095,0.0
14,fullspan_income_k3_cmdl_seed14,12,0.19569364190101624,0.08239535242319107,1.132982850074768,0.6748955249786377,0.5613790154457092,0.5613790693279391,0.6954740016233354,1.6024402379989624,0.056118546515014335,-0.9623376623376624,0.15472209453582764,0.8135890429710693,0.19047619047619047,0.8095238095238095,0.0
14,fullspan_income_k3_cmdl_seed14,13,0.17357441782951355,0.06005788967013359,1.1351652145385742,0.5380203723907471,0.42418479919433594,0.4241848295548045,0.5868960675739107,1.5915614366531372,0.05792364458049566,-0.9623376623376624,0.15900003910064697,0.8143798546446168,0.23809523809523808,0.7619047619047619,0.0
14,fullspan_income_k3_cmdl_seed14,14,0.16103841364383698,0.04720282182097435,1.1383559703826904,0.44043734669685364,0.32629886269569397,0.32629889420418784,0.504107497987293,1.5827910900115967,0.05850705305214988,-0.9727272727272727,0.15957379341125488,0.8149575887587588,0.3333333333333333,0.6666666666666666,0.0
14,fullspan_income_k3_cmdl_seed14,15,0.15970277786254883,0.04556430131196976,1.1413847208023071,0.3806614577770233,0.266365110874176,0.26636508860705854,0.44976710705530076,1.5779364109039307,0.05813429122384277,-0.9688311688311689,0.1579134464263916,0.8153943092007704,0.3333333333333333,0.6666666666666666,0.0
14,fullspan_income_k3_cmdl_seed14,16,0.16247722506523132,0.04818086326122284,1.1429635286331177,0.3475067615509033,0.23322425782680511,0.23322424292659708,0.4191612941878183,1.5766512155532837,0.0575410134686755,-0.961038961038961,0.15742361545562744,0.815710484556373,0.3333333333333333,0.6666666666666666,0.0
14,fullspan_income_k3_cmdl_seed14,17,0.16532538831233978,0.05104287341237068,1.1428251266479492,0.3290237784385681,0.2148590087890625,0.21485898796952524,0.40353784390858244,1.5775046348571777,0.056926292863127566,-0.9571428571428571,0.15665090084075928,0.815965238363374,0.3333333333333333,0.6666666666666666,0.0
14,fullspan_income_k3_cmdl_seed14,18,0.16757218539714813,0.053407419472932816,1.1416475772857666,0.3211679458618164,0.20720434188842773,0.2072043588008407,0.39978290455681936,1.5799741744995117,0.05637450917329125,-0.9545454545454546,0.15574562549591064,0.8161394312990379,0.3333333333333333,0.6666666666666666,0.0
14,fullspan_income_k3_cmdl_seed14,19,0.16276651620864868,0.04880289360880852,1.1396361589431763,0.3221656084060669,0.20846417546272278,0.2084641667934829,0.4074909459976923,1.5838366746902466,0.05575789272099999,-0.9545454545454546,0.15435683727264404,0.8162263906042572,0.2857142857142857,0.7142857142857143,0.0
14,fullspan_income_k3_cmdl_seed14,20,0.15684574842453003,0.04314430058002472,1.137014389038086,0.33183780312538147,0.2184472531080246,0.21844724630356657,0.4247983665693374,1.5889992713928223,0.05497705719793903,-0.9506493506493506,0.1522510051727295,0.8161900844859108,0.2857142857142857,0.7142857142857143,0.0
14,fullspan_income_k3_cmdl_seed14,21,0.14917618036270142,0.03578561544418335,1.1339055299758911,0.3502057194709778,0.23715642094612122,0.23715640030940627,0.4519220477058774,1.5951701402664185,0.05394851358838225,-0.9493506493506494,0.14928078651428223,0.8159999428484849,0.2857142857142857,0.7142857142857143,0.0
14,fullspan_income_k3_cmdl_seed14,22,0.14149776101112366,0.028448456898331642,1.1304930448532104,0.37619152665138245,0.26349854469299316,0.26349856619867446,0.4845724758647737,1.6016912460327148,0.05288800109563875,-0.9480519480519479,0.1461106538772583,0.8156291651248492,0.2857142857142857,0.7142857142857143,0.0
14,fullspan_income_k3_cmdl_seed14,23,0.13544096052646637,0.022747980430722237,1.126929759979248,0.4079524576663971,0.29561737179756165,0.2956173584673922,0.5196705432165236,1.607912302017212,0.05200304162598527,-0.9480519480519479,0.14338338375091553,0.8151145280583659,0.23809523809523808,0.7619047619047619,0.0
14,fullspan_income_k3_cmdl_seed14,24,0.13116908073425293,0.01883399672806263,1.1233508586883545,0.44262751936912537,0.33064591884613037,0.33064593025135464,0.5540753915196374,1.6131449937820435,0.05158779036737338,-0.9441558441558441,0.14194142818450928,0.8145451036392402,0.23809523809523808,0.7619047619047619,0.0
14,fullspan_income_k3_cmdl_seed14,25,0.12899139523506165,0.017009807750582695,1.1198159456253052,0.47511065006256104,0.36345815658569336,0.36345816062271735,0.5836937285604931,1.6167211532592773,0.051797291692721,-0.9441558441558441,0.14224612712860107,0.8140778649417281,0.19047619047619047,0.8095238095238095,0.0
14,fullspan_income_k3_cmdl_seed14,26,0.1289185732603073,0.017266083508729935,1.1165249347686768,0.5022017955780029,0.3908514380455017,0.3908514707744268,0.6068770232654753,1.6185346841812134,0.05265457862101183,-0.9441558441558441,0.1443614959716797,0.8137894500617614,0.19047619047619047,0.8095238095238095,0.0
14,fullspan_income_k3_cmdl_seed14,27,0.12894536554813385,0.01759500987827778,1.1135034561157227,0.5222580432891846,0.4111616611480713,0.4111616479132394,0.6231813459169298,1.6185567378997803,0.05402305972805184,-0.9415584415584415,0.147924542427063,0.8137374916356976,0.19047619047619047,0.8095238095238095,0.0
14,fullspan_income_k3_cmdl_seed14,28,0.13026784360408783,0.019171446561813354,1.1109639406204224,0.5373864769935608,0.4264965057373047,0.426496475408259,0.6348190137318203,1.617084264755249,0.055749960155427464,-0.9415584415584415,0.1525028944015503,0.8138850948225098,0.19047619047619047,0.8095238095238095,0.0
14,fullspan_income_k3_cmdl_seed14,29,0.13027112185955048,0.01938115619122982,1.1088995933532715,0.5487350821495056,0.4380037188529968,0.43800374519123897,0.6429792103313264,1.6143275499343872,0.057731528082971086,-0.9415584415584415,0.1577897071838379,0.8141798879970287,0.2857142857142857,0.7142857142857143,0.0
14,fullspan_income_k3_cmdl_seed14,30,0.12961441278457642,0.01888306625187397,1.1073133945465088,0.5597193241119385,0.44910454750061035,0.4491044953979414,0.6505248035703387,1.610693097114563,0.059822426615998944,-0.9415584415584415,0.16337871551513672,0.8145400826822017,0.2857142857142857,0.7142857142857143,0.0
14,fullspan_income_k3_cmdl_seed14,31,0.12853902578353882,0.01792427897453308,1.1061475276947021,0.5691298246383667,0.45858320593833923,0.458583220195946,0.6566565178689503,1.6062657833099365,0.061947853970010874,-0.9376623376623376,0.16906523704528809,0.8149302079759343,0.2857142857142857,0.7142857142857143,0.0
14,fullspan_income_k3_cmdl_seed14,32,0.1277688592672348,0.017222216352820396,1.1054664850234985,0.5752823948860168,0.46475645899772644,0.46475643485887225,0.6602079698017665,1.6010627746582031,0.06409533172134867,-0.9363636363636364,0.1748133897781372,0.8153086329833144,0.2857142857142857,0.7142857142857143,0.0
14,fullspan_income_k3_cmdl_seed14,33,0.12542054057121277,0.01489458978176117,1.1052595376968384,0.5770906805992126,0.4665423333644867,0.4665423005834007,0.6604427383059547,1.595151662826538,0.06626610802769502,-0.9363636363636364,0.18062913417816162,0.8156208509084851,0.2857142857142857,0.7142857142857143,0.0
15,fullspan_income_k3_cmdl_seed15,1,1.0622210502624512,0.9152738451957703,1.4694715738296509,2.75911545753479,2.6122589111328125,2.6122590602219278,1.5860030334442854,1.2634313106536865,0.02743061582089487,0.6688311688311688,0.07034826278686523,0.5361135206521495,1.0,0.0,0.0
15,fullspan_income_k3_cmdl_seed15,2,0.8716737627983093,0.7248170971870422,1.4685665369033813,2.2860188484191895,2.1392407417297363,2.1392407602817007,1.4377243538342772,1.255054235458374,0.025699214901957212,0.6415584415584416,0.0660860538482666,0.5279337712177671,1.0,0.0,0.0
15,fullspan_income_k3_cmdl_seed15,3,0.7211228609085083,0.5743448734283447,1.4677801132202148,1.9242366552352905,1.7775282859802246,1.7775283911755204,1.3110601186220134,1.247159719467163,0.024057407634854925,0.6376623376623376,0.06229662895202637,0.5201407577757498,1.0,0.0,0.0
15,fullspan_income_k3_cmdl_seed15,4,0.5986940860748291,0.4519857168197632,1.46708345413208,1.6567010879516602,1.510056495666504,1.5100564592563384,1.2071894801088743,1.239707350730896,0.02252088634791654,0.6285714285714287,0.0587003231048584,0.512716896884036,1.0,0.0,0.0
15,fullspan_income_k3_cmdl_seed15,5,0.4969302713871002,0.35028573870658875,1.4664453268051147,1.4572056531906128,1.310619592666626,1.310619571282579,1.1222866035643078,1.2326709032058716,0.02106201878731379,0.6233766233766234,0.0552142858505249,0.5056586544901618,1.0,0.0,0.0
15,fullspan_income_k3_cmdl_seed15,6,0.40832239389419556,0.26173630356788635,1.4658609628677368,1.2958065271377563,1.149274230003357,1.1492742118779775,1.047948644274757,1.2260308265686035,0.019660602128964068,0.6051948051948052,0.05177903175354004,0.4989668903519632,1.0,0.0,0.0
15,fullspan_income_k3_cmdl_seed15,7,0.3386581540107727,0.19212588667869568,1.4653226137161255,1.1451828479766846,0.9986994862556458,0.9986995034351457,0.9733156952120009,1.2197701930999756,0.01830048201514729,0.6,0.04836928844451904,0.49264394785706705,1.0,0.0,0.0
15,fullspan_income_k3_cmdl_seed15,8,0.28221702575683594,0.13573361933231354,1.4648339748382568,0.987021803855896,0.8405815958976746,0.8405816556356395,0.888560638541267,1.213882565498352,0.016966946361578607,0.5792207792207792,0.044870972633361816,0.4867028999669761,1.0,0.0,0.0
15,fullspan_income_k3_cmdl_seed15,9,0.23952418565750122,0.093083955347538,1.464402198791504,0.8217217922210693,0.6753168106079102,0.6753167960708583,0.7908849673611777,1.2083557844161987,0.015644709570965004,0.5727272727272726,0.04122662544250488,0.4811451053810344,1.0,0.0,0.0
15,fullspan_income_k3_cmdl_seed15,10,0.21209703385829926,0.06569206714630127,1.4640495777130127,0.6617515683174133,0.5153718590736389,0.5153718589525693,0.6836045895303998,1.2032076120376587,0.01432624688868632,0.5623376623376624,0.03760111331939697,0.47599784674438533,1.0,0.0,0.0
15,fullspan_income_k3_cmdl_seed15,11,0.1938808709383011,0.047501176595687866,1.463796854019165,0.5370343327522278,0.39068740606307983,0.3906874279011901,0.5860923102923802,1.199002981185913,0.013116890024411632,0.5571428571428572,0.03431105613708496,0.4718542829709972,1.0,0.0,0.0
15,fullspan_income_k3_cmdl_seed15,12,0.18845586478710175,0.0421089343726635,1.4634692668914795,0.4595487713813782,0.3132813274860382,0.3132813039197234,0.5156282158125014,1.1965137720108032,0.012238006424967434,0.5571428571428572,0.031967997550964355,0.46952742799955277,1.0,0.0,0.0
15,fullspan_income_k3_cmdl_seed15,13,0.19019469618797302,0.04392727091908455,1.4626742601394653,0.42245572805404663,0.2763362526893616,0.2763362278237561,0.47738019057682585,1.1957074403762817,0.011789200930745267,0.5662337662337662,0.030737638473510742,0.468901208673966,1.0,0.0,0.0
15,fullspan_income_k3_cmdl_seed15,14,0.1927173137664795,0.046597860753536224,1.4611945152282715,0.4099728763103485,0.2640567421913147,0.2640567354898299,0.4635570134435381,1.1961091756820679,0.011691011671232003,0.5909090909090908,0.030177831649780273,0.46944516536148984,1.0,0.0,0.0
15,fullspan_income_k3_cmdl_seed15,15,0.19479793310165405,0.04888179525732994,1.4591612815856934,0.4102763533592224,0.2646022439002991,0.2646022280238486,0.4650287315959022,1.1973565816879272,0.011846716913237557,0.6584415584415585,0.030223369598388672,0.4707994248713703,1.0,0.0,0.0
15,fullspan_income_k3_cmdl_seed15,16,0.19232088327407837,0.046646781265735626,1.4567410945892334,0.41723495721817017,0.27182814478874207,0.2718281591377111,0.47525662183761597,1.1992523670196533,0.012195330338098226,0.7103896103896103,0.03070223331451416,0.47278099237032156,1.0,0.0,0.0
15,fullspan_income_k3_cmdl_seed15,17,0.18642845749855042,0.041021622717380524,1.4540681838989258,0.4292885661125183,0.28416210412979126,0.284162089891672,0.49165787015642437,1.2016985416412354,0.012692634617142023,0.7688311688311688,0.03150534629821777,0.4753051290801804,1.0,0.0,0.0
15,fullspan_income_k3_cmdl_seed15,18,0.17824256420135498,0.033116113394498825,1.451264500617981,0.4479513466358185,0.30310988426208496,0.303109894866919,0.5143160933539981,1.2046117782592773,0.013308377228536292,0.7922077922077921,0.033045411109924316,0.4782989162840901,1.0,0.0,0.0
15,fullspan_income_k3_cmdl_seed15,19,0.1712818145751953,0.026440352201461792,1.4484145641326904,0.4756031334400177,0.33103612065315247,0.3310361284936938,0.543981359118507,1.207918643951416,0.013997713495070731,0.864935064935065,0.035204529762268066,0.4816940339768921,1.0,0.0,0.0
15,fullspan_income_k3_cmdl_seed15,20,0.16522124409675598,0.020654231309890747,1.4456701278686523,0.512584924697876,0.3682708144187927,0.36827081246496124,0.5797298578988939,1.2115280628204346,0.014709008503699402,0.877922077922078,0.037737131118774414,0.48540042738285777,1.0,0.0,0.0
15,fullspan_income_k3_cmdl_seed15,21,0.1612330973148346,0.016919005662202835,1.4431408643722534,0.5526248216629028,0.40853700041770935,0.4085369780259333,0.6155188722269875,1.2152671813964844,0.015387798545582042,0.8896103896103895,0.04024171829223633,0.4892412958856576,1.0,0.0,0.0
15,fullspan_income_k3_cmdl_seed15,22,0.1600438952445984,0.015956053510308266,1.4408782720565796,0.5902674198150635,0.4463754892349243,0.4463754475351644,0.6471872868992034,1.2189675569534302,0.015979113786568924,0.8883116883116883,0.04255104064941406,0.49304337194953696,1.0,0.0,0.0
15,fullspan_income_k3_cmdl_seed15,23,0.16030174493789673,0.016409792006015778,1.4389194250106812,0.621058464050293,0.4773305654525757,0.477330559848788,0.6720179518063863,1.222442865371704,0.016429081378441093,0.8831168831168831,0.04450631141662598,0.4966170255118823,1.0,0.0,0.0
15,fullspan_income_k3_cmdl_seed15,24,0.16099832952022552,0.017270443961024284,1.4372787475585938,0.6417427062988281,0.49814867973327637,0.4981486709794884,0.6882663071155548,1.2255358695983887,0.01670916475635564,0.8896103896103895,0.04599905014038086,0.49980194449781207,1.0,0.0,0.0
15,fullspan_income_k3_cmdl_seed15,25,0.16044467687606812,0.016850657761096954,1.4359402656555176,0.653955340385437,0.5104714632034302,0.5104714312491591,0.6975999701590765,1.228203296661377,0.016838322178725485,0.8896103896103895,0.04704999923706055,0.5025539993572752,1.0,0.0,0.0
15,fullspan_income_k3_cmdl_seed15,26,0.16065746545791626,0.01717361807823181,1.4348384141921997,0.6605503559112549,0.5171619653701782,0.5171620107182419,0.702319065729777,1.2304478883743286,0.016852662442290334,0.864935064935065,0.04773354530334473,0.5048766670067659,1.0,0.0,0.0
15,fullspan_income_k3_cmdl_seed15,27,0.16017459332942963,0.016786174848675728,1.4338841438293457,0.6637448072433472,0.5204408764839172,0.5204408201024814,0.7041360281762623,1.232291340827942,0.016763141645668517,0.8532467532467533,0.048061251640319824,0.5067926652317117,1.0,0.0,0.0
15,fullspan_income_k3_cmdl_seed15,28,0.15840548276901245,0.015101578086614609,1.4330389499664307,0.6667931079864502,0.5235694646835327,0.5235695027810243,0.7054317650340852,1.2338552474975586,0.016631828229931797,0.8428571428571429,0.04820609092712402,0.5084236541078864,1.0,0.0,0.0
15,fullspan_income_k3_cmdl_seed15,29,0.15726368129253387,0.014040011912584305,1.432236671447754,0.6681501269340515,0.5250011086463928,0.5250010948246465,0.7052571120716277,1.235196590423584,0.0164661749549509,0.8233766233766234,0.048184990882873535,0.5098264842397096,1.0,0.0,0.0
16,fullspan_income_k3_cmdl_seed16,1,0.9310818910598755,0.819627046585083,1.114548683166504,3.077875852584839,2.966919422149658,2.966919331252579,1.6544900313906727,1.8341150283813477,0.003101999997831426,0.8844155844155844,0.008609771728515625,0.6975192624571587,0.0,1.0,0.0
16,fullspan_income_k3_cmdl_seed16,2,0.7551552653312683,0.6441988945007324,1.1095638275146484,2.6285934448242188,2.5181262493133545,2.518126433462303,1.5367441982740448,1.8374929428100586,0.003300147726492532,0.8896103896103895,0.009202122688293457,0.6945806988635199,0.0,1.0,0.0
16,fullspan_income_k3_cmdl_seed16,3,0.6109707355499268,0.500503420829773,1.104673147201538,2.262261390686035,2.1522738933563232,2.152274206773914,1.4313594131242662,1.8408604860305786,0.003512184212207042,0.8896103896103895,0.009853959083557129,0.691629892303695,0.0,1.0,0.0
16,fullspan_income_k3_cmdl_seed16,4,0.49781978130340576,0.3878323435783386,1.0998742580413818,1.9746408462524414,1.8651126623153687,1.8651127878619012,1.3402927269538243,1.8442115783691406,0.00373513712917684,0.8857142857142857,0.010520458221435547,0.688674097705059,0.0,1.0,0.0
16,fullspan_income_k3_cmdl_seed16,5,0.4085094928741455,0.29898130893707275,1.0952818393707275,1.749874472618103,1.640773057937622,1.640772910268831,1.2618935789380754,1.847482442855835,0.003973346952631567,0.8857142857142857,0.011232495307922363,0.6857694705890411,0.0,1.0,0.0
16,fullspan_income_k3_cmdl_seed16,6,0.3398301601409912,0.23072876036167145,1.09101402759552,1.563621163368225,1.4548457860946655,1.4548456943306978,1.190554379707291,1.8505704402923584,0.0041837132044261535,0.8987012987012987,0.011823892593383789,0.6830104055038646,0.0,1.0,0.0
16,fullspan_income_k3_cmdl_seed16,7,0.28835880756378174,0.17958341538906097,1.0877537727355957,1.3966515064239502,1.288041353225708,1.2880413984380448,1.1209736920538402,1.853391408920288,0.004308343104138286,0.9025974025974025,0.012105464935302734,0.6804847414816049,0.0,1.0,0.0
16,fullspan_income_k3_cmdl_seed16,8,0.2460959106683731,0.1374858021736145,1.0861010551452637,1.235887050628662,1.127297043800354,1.1272970774978295,1.0486085003330594,1.855836033821106,0.004351517467321988,0.9064935064935065,0.012097954750061035,0.6783333587215354,0.0,1.0,0.0
16,fullspan_income_k3_cmdl_seed16,9,0.21468526124954224,0.10609522461891174,1.0859004259109497,1.0773544311523438,0.9686800837516785,0.9686800313619192,0.9713349682944161,1.8578345775604248,0.004331926122678075,0.9025974025974025,0.011878132820129395,0.6767112863432462,0.0,1.0,0.0
16,fullspan_income_k3_cmdl_seed16,10,0.1915999948978424,0.08292558789253235,1.0867440700531006,0.9254271984100342,0.8165937066078186,0.8165936249585195,0.8902396219117301,1.8593122959136963,0.004260550788332547,0.9012987012987014,0.011481165885925293,0.6757582000472535,0.0,1.0,0.0
16,fullspan_income_k3_cmdl_seed16,11,0.17578303813934326,0.06694954633712769,1.0883349180221558,0.7927272319793701,0.6836850047111511,0.6836850030163327,0.8116846155552637,1.8602923154830933,0.004146565587137751,0.9012987012987014,0.010947346687316895,0.6753962405654471,0.0,1.0,0.0
16,fullspan_income_k3_cmdl_seed16,12,0.16725324094295502,0.05821101740002632,1.0904221534729004,0.6859739422798157,0.5766960978507996,0.5766961496370031,0.7415770505155835,1.8609449863433838,0.004006455662892721,0.8974025974025974,0.010440587997436523,0.6754292626437104,0.0,1.0,0.0
16,fullspan_income_k3_cmdl_seed16,13,0.16583819687366486,0.05656035616993904,1.0927783250808716,0.6076372265815735,0.4981266260147095,0.4981266514462203,0.6853592239675068,1.8614091873168945,0.0038560624435964807,0.9012987012987014,0.010042071342468262,0.6757078613021091,0.0,1.0,0.0
16,fullspan_income_k3_cmdl_seed16,14,0.16668102145195007,0.05717039108276367,1.0951062440872192,0.5568006038665771,0.44708719849586487,0.447087164837216,0.6466699568998246,1.861895203590393,0.0037144114553483883,0.8844155844155844,0.009813666343688965,0.6760297806946027,0.0,1.0,0.0
16,fullspan_income_k3_cmdl_seed16,15,0.16748958826065063,0.05777620151638985,1.0971338748931885,0.5264697074890137,0.4166010320186615,0.416600987651014,0.6233208931627727,1.8624260425567627,0.00358907456954999,0.8259740259740259,0.009613394737243652,0.6763670790593755,0.0,1.0,0.0
16,fullspan_income_k3_cmdl_seed16,16,0.16387724876403809,0.05400858446955681,1.098686695098877,0.5112688541412354,0.40128862857818604,0.4012886407102729,0.6124680028075263,1.8629878759384155,0.0034827993934024182,0.8181818181818182,0.009441375732421875,0.6767219936018865,0.0,1.0,0.0
16,fullspan_income_k3_cmdl_seed16,17,0.15811952948570251,0.048139285296201706,1.0998023748397827,0.5070592761039734,0.3969973921775818,0.39699737912969235,0.6109836924643743,1.863526463508606,0.003393993011452054,0.7805194805194805,0.009294271469116211,0.6771327808251365,0.0,1.0,0.0
16,fullspan_income_k3_cmdl_seed16,18,0.15077617764472961,0.04071429744362831,1.1006187200546265,0.511379063129425,0.401244580745697,0.40124460011213176,0.6165302963483901,1.8639509677886963,0.0033139117366072454,0.7402597402597402,0.00924539566040039,0.6776674547902306,0.0,1.0,0.0
16,fullspan_income_k3_cmdl_seed16,19,0.14485333859920502,0.03471887856721878,1.1013445854187012,0.5207220315933228,0.4105023443698883,0.41050235978182764,0.6258687589849744,1.864117980003357,0.003230560474884959,0.7012987012987012,0.009262323379516602,0.6784357891926055,0.0,1.0,0.0
16,fullspan_income_k3_cmdl_seed16,20,0.14053159952163696,0.03031192719936371,1.1021968126296997,0.5334841012954712,0.42316165566444397,0.42316162834764776,0.6374314711207435,1.8639929294586182,0.0031505920107982067,0.6818181818181818,0.009251713752746582,0.6794548430855695,0.0,1.0,0.0
16,fullspan_income_k3_cmdl_seed16,21,0.13671767711639404,0.026395238935947418,1.1032243967056274,0.5495085716247559,0.4390585720539093,0.4390585799721877,0.6509184468360174,1.8635759353637695,0.003074065194643236,0.6584415584415585,0.009207725524902344,0.6807145911149035,0.0,1.0,0.0
16,fullspan_income_k3_cmdl_seed16,22,0.13580027222633362,0.02535029500722885,1.1044996976852417,0.5665912628173828,0.4559836983680725,0.45598370587225273,0.6645641071455819,1.8628050088882446,0.0029979769072295583,0.6246753246753247,0.009116411209106445,0.6822554120191556,0.0,1.0,0.0
16,fullspan_income_k3_cmdl_seed16,23,0.13428157567977905,0.02367401495575905,1.106075644493103,0.582749605178833,0.471964567899704,0.47196455976727575,0.676873871258327,1.861686110496521,0.0029214653841400963,0.6116883116883116,0.008979558944702148,0.6840635351682012,0.0,1.0,0.0
16,fullspan_income_k3_cmdl_seed16,24,0.13454774022102356,0.023762712255120277,1.107850193977356,0.5972406268119812,0.4862528443336487,0.4862528352473882,0.6874078994705564,1.860261082649231,0.002840368583927212,0.6,0.008795857429504395,0.686098300677027,0.0,1.0,0.0
16,fullspan_income_k3_cmdl_seed16,25,0.13427142798900604,0.02328362874686718,1.1098780632019043,0.6084399223327637,0.49722975492477417,0.49722975216060494,0.6950635484286717,1.8585666418075562,0.0027554632021185815,0.5415584415584416,0.008574724197387695,0.6883257930387662,0.0,1.0,0.0
16,fullspan_income_k3_cmdl_seed16,26,0.13454200327396393,0.023331832140684128,1.112101674079895,0.6149576902389526,0.5035101771354675,0.5035101841760186,0.6990079567545936,1.8566099405288696,0.002664723067793056,0.5415584415584416,0.008317232131958008,0.6907384252707321,0.0,1.0,0.0
16,fullspan_income_k3_cmdl_seed16,27,0.13419154286384583,0.02274404466152191,1.1144750118255615,0.6174881458282471,0.5057879090309143,0.5057878831250726,0.6998717188835144,1.8544447422027588,0.002568930532223832,0.5155844155844156,0.008031487464904785,0.6932906896125024,0.0,1.0,0.0
16,fullspan_income_k3_cmdl_seed16,28,0.13354231417179108,0.021842099726200104,1.1170021295547485,0.6159902811050415,0.504021406173706,0.5040214057871528,0.6977300842603048,1.8521003723144531,0.0024700911451588947,0.4727272727272727,0.007726788520812988,0.6959595867231847,0.0,1.0,0.0
16,fullspan_income_k3_cmdl_seed16,29,0.13223975896835327,0.020270895212888718,1.119688630104065,0.6132226586341858,0.5009720325469971,0.5009720509943052,0.6945960975828624,1.8496214151382446,0.002368674943022858,0.45584415584415583,0.007407426834106445,0.6987096042384175,0.0,1.0,0.0
16,fullspan_income_k3_cmdl_seed16,30,0.13027778267860413,0.018027182668447495,1.122506022453308,0.6098570227622986,0.49731525778770447,0.49731520648116223,0.6910287014075688,1.8470462560653687,0.0022673032055389067,0.45584415584415583,0.007082700729370117,0.7015097134277344,0.0,1.0,0.0
16,fullspan_income_k3_cmdl_seed16,31,0.12879234552383423,0.01625058241188526,1.1254175901412964,0.6086668968200684,0.4958276152610779,0.495827633235348,0.6890575133618855,1.844426155090332,0.002168883888269464,0.45584415584415583,0.006763339042663574,0.7043209614152728,0.0,1.0,0.0
16,fullspan_income_k3_cmdl_seed16,32,0.127192884683609,0.014353631064295769,1.1283925771713257,0.6081070899963379,0.4949643611907959,0.49496438622596367,0.6876102075690315,1.8417670726776123,0.0020729056564684997,0.45584415584415583,0.006447434425354004,0.7071388123985024,0.0,1.0,0.0
17,fullspan_income_k3_cmdl_seed17,1,1.1092270612716675,0.9957600831985474,1.134669542312622,3.677307367324829,3.563328981399536,3.5633291194729138,1.857106096687771,1.5172748565673828,0.024446966817506705,-0.8207792207792207,0.06238663196563721,0.7294857023532463,1.0,0.0,0.0
17,fullspan_income_k3_cmdl_seed17,2,0.9058641791343689,0.7918857336044312,1.1397844552993774,3.007312536239624,2.8928229808807373,2.89282285255857,1.671903134811492,1.4986741542816162,0.029950832124209698,-0.8259740259740259,0.07811903953552246,0.7178218951207204,1.0,0.0,0.0
17,fullspan_income_k3_cmdl_seed17,3,0.7620078325271606,0.6475183963775635,1.1448945999145508,2.4808309078216553,2.3658339977264404,2.3658341483860577,1.5106777250766754,1.4800736904144287,0.035480406674049614,-0.7688311688311688,0.09349513053894043,0.7056462374177377,1.0,0.0,0.0
17,fullspan_income_k3_cmdl_seed17,4,0.6642234325408936,0.5492265224456787,1.1499691009521484,2.09969162940979,1.9841794967651367,1.9841794801312118,1.3824927384654682,1.462467908859253,0.04110376378418504,-0.7623376623376623,0.1082768440246582,0.693681188863611,1.0,0.0,0.0
17,fullspan_income_k3_cmdl_seed17,5,0.5829841494560242,0.4674719274044037,1.1551223993301392,1.839653491973877,1.7236223220825195,1.7236223805546296,1.2878134818304152,1.4495842456817627,0.04694249892616389,-0.7623376623376623,0.1226503849029541,0.6846472647193032,1.0,0.0,0.0
17,fullspan_income_k3_cmdl_seed17,6,0.5107867121696472,0.3947555422782898,1.1603119373321533,1.6664079427719116,1.5498498678207397,1.549849859145429,1.2205697386747314,1.4416595697402954,0.053239545133455274,-0.7571428571428571,0.13810956478118896,0.6788762416569939,1.0,0.0,0.0
17,fullspan_income_k3_cmdl_seed17,7,0.44149065017700195,0.3249325752258301,1.1655807495117188,1.5475151538848877,1.4304231405258179,1.430423124262198,1.1719306593849546,1.4376707077026367,0.05987316384602455,-0.7441558441558441,0.1539219617843628,0.6757584376891212,1.0,0.0,0.0
17,fullspan_income_k3_cmdl_seed17,8,0.3727160394191742,0.25562405586242676,1.1709198951721191,1.4578572511672974,1.3402431011199951,1.34024310736858,1.1334578054291862,1.4348714351654053,0.06640374550198772,-0.7233766233766233,0.16938233375549316,0.6734358549585036,1.0,0.0,0.0
17,fullspan_income_k3_cmdl_seed17,9,0.311660498380661,0.19404633343219757,1.176141619682312,1.3720042705535889,1.2539408206939697,1.2539407826047604,1.0946463176182337,1.426274299621582,0.07126709427031998,-0.7272727272727273,0.1806316375732422,0.6670347747565029,1.0,0.0,0.0
17,fullspan_income_k3_cmdl_seed17,10,0.26311999559402466,0.14505654573440552,1.180634617805481,1.2683405876159668,1.1499272584915161,1.1499271872683428,1.0449677578040533,1.413096308708191,0.07405061076602068,-0.735064935064935,0.18707275390625,0.6572145046803085,1.0,0.0,0.0
17,fullspan_income_k3_cmdl_seed17,11,0.22743582725524902,0.10902246832847595,1.184133529663086,1.1343210935592651,1.0156114101409912,1.0156114095813902,0.9762755731741587,1.3977606296539307,0.07549281851311716,-0.7493506493506493,0.19051599502563477,0.645506921993787,1.0,0.0,0.0
17,fullspan_income_k3_cmdl_seed17,12,0.19998282194137573,0.08127308636903763,1.1870973110198975,0.9777472019195557,0.8587654829025269,0.8587655122401181,0.8893202685174488,1.3811373710632324,0.0759743426754192,-0.7493506493506493,0.19305157661437988,0.6324856047735842,1.0,0.0,0.0
17,fullspan_income_k3_cmdl_seed17,13,0.18125498294830322,0.06227324530482292,1.1898174285888672,0.817097544670105,0.6978481411933899,0.6978481257920335,0.791177423227401,1.364922046661377,0.07602800291754279,-0.7493506493506493,0.19419145584106445,0.6194090990777213,1.0,0.0,0.0
17,fullspan_income_k3_cmdl_seed17,14,0.17053286731243134,0.05128348246216774,1.1924937963485718,0.6824376583099365,0.5629786252975464,0.5629786095370614,0.7004310871873584,1.3592420816421509,0.07778282774143595,-0.7558441558441559,0.19900405406951904,0.6145717703709253,1.0,0.0,0.0
17,fullspan_income_k3_cmdl_seed17,15,0.16923214495182037,0.049773089587688446,1.1945905685424805,0.5946541428565979,0.47513994574546814,0.4751399968017536,0.6367984016736349,1.3636707067489624,0.08052070533925965,-0.7558441558441559,0.206956148147583,0.6179580855192612,1.0,0.0,0.0
17,fullspan_income_k3_cmdl_seed17,16,0.1718389391899109,0.05232475697994232,1.1951417922973633,0.5511381030082703,0.43168073892593384,0.4316807375863103,0.6051547257673173,1.3733593225479126,0.08344824243303155,-0.7558441558441559,0.2153397798538208,0.6255442465828203,1.0,0.0,0.0
17,fullspan_income_k3_cmdl_seed17,17,0.17395494878292084,0.05449759215116501,1.1945735216140747,0.5362443327903748,0.41690513491630554,0.41690508483872335,0.5966690211069017,1.386517882347107,0.08641307522751324,-0.7558441558441559,0.22379374504089355,0.6357177415612759,1.0,0.0,0.0
17,fullspan_income_k3_cmdl_seed17,18,0.1683465838432312,0.0490073598921299,1.1933921575546265,0.5387076735496521,0.41952913999557495,0.4195291519764099,0.6029472322691054,1.4023739099502563,0.08923629345015939,-0.7558441558441559,0.23186123371124268,0.6477136118514073,1.0,0.0,0.0
17,fullspan_income_k3_cmdl_seed17,19,0.1626419574022293,0.04346339777112007,1.1917855739593506,0.5460375547409058,0.42704659700393677,0.4270465986980334,0.6134340961774191,1.4202860593795776,0.0917608945099297,-0.7558441558441559,0.23914098739624023,0.6608950883087346,1.0,0.0,0.0
17,fullspan_income_k3_cmdl_seed17,20,0.1557130217552185,0.03672207146883011,1.18990957736969,0.5507251024246216,0.43194639682769775,0.43194639751402775,0.6216861889475868,1.4396108388900757,0.09375629087247384,-0.7558441558441559,0.24496769905090332,0.6746794916367101,1.0,0.0,0.0
17,fullspan_income_k3_cmdl_seed17,21,0.14836032688617706,0.029581598937511444,1.1877872943878174,0.5522112250328064,0.43366968631744385,0.4336697230121201,0.627027466183617,1.4599335193634033,0.09506572803269701,-0.7662337662337663,0.24886679649353027,0.6886962980047913,1.0,0.0,0.0
17,fullspan_income_k3_cmdl_seed17,22,0.14023561775684357,0.021694088354706764,1.185415267944336,0.5538609027862549,0.4355756342411041,0.4355756182687839,0.6319183707237244,1.4809253215789795,0.09567194588576185,-0.7688311688311688,0.2508094310760498,0.7026567828656256,1.0,0.0,0.0
17,fullspan_income_k3_cmdl_seed17,23,0.13550278544425964,0.01721750758588314,1.1828527450561523,0.5586135983467102,0.44059717655181885,0.4405971789935886,0.6385168504147303,1.5024206638336182,0.09563035024227935,-0.7922077922077921,0.25093090534210205,0.7164013214433413,1.0,0.0,0.0
17,fullspan_income_k3_cmdl_seed17,24,0.13317282497882843,0.015156377106904984,1.1801644563674927,0.567463219165802,0.44972872734069824,0.4497287208479428,0.6474661429723104,1.524049162864685,0.09491029803398167,-0.7922077922077921,0.24911260604858398,0.7296769129283168,1.0,0.0,0.0
17,fullspan_income_k3_cmdl_seed17,25,0.13277983665466309,0.01504534762352705,1.1773449182510376,0.5800662040710449,0.4626223146915436,0.4626223301644,0.6584097544352213,1.545373797416687,0.09358084651066294,-0.7922077922077921,0.24558472633361816,0.7422237326205308,1.0,0.0,0.0
17,fullspan_income_k3_cmdl_seed17,26,0.13312676548957825,0.01568291150033474,1.1744385957717896,0.5926585793495178,0.4755070209503174,0.4755070056772298,0.6685500045617422,1.5656415224075317,0.09177698843117163,-0.7922077922077921,0.2406998872756958,0.7536531838063105,1.0,0.0,0.0
17,fullspan_income_k3_cmdl_seed17,27,0.13336795568466187,0.016216380521655083,1.1715158224105835,0.5998194217681885,0.4829476773738861,0.4829476248271534,0.6742229873225802,1.5840176343917847,0.0897498725170762,-0.7896103896103897,0.2356860637664795,0.7635965507583568,1.0,0.0,0.0
17,fullspan_income_k3_cmdl_seed17,28,0.13370577991008759,0.01683405041694641,1.1687172651290894,0.5965536236763,0.47994640469551086,0.4799464265833763,0.6720044967674074,1.599653720855713,0.08761029384035275,-0.7831168831168831,0.23064768314361572,0.771762188889458,1.0,0.0,0.0
17,fullspan_income_k3_cmdl_seed17,29,0.13344916701316833,0.016841920092701912,1.1660723686218262,0.5807102918624878,0.46434733271598816,0.4643473483167975,0.6604459271544502,1.6121301651000977,0.08553334754737923,-0.7831168831168831,0.22562575340270996,0.7780976412858246,1.0,0.0,0.0
17,fullspan_income_k3_cmdl_seed17,30,0.13176311552524567,0.015400173142552376,1.163629412651062,0.555518627166748,0.4393775165081024,0.43937750318532337,0.6414491378125691,1.62175714969635,0.08363890786319267,-0.7779220779220779,0.2209627628326416,0.7828863631318568,1.0,0.0,0.0
17,fullspan_income_k3_cmdl_seed17,31,0.12997426092624664,0.013833143748342991,1.161411166191101,0.5283735990524292,0.41244715452194214,0.412447137923449,0.6201052410261971,1.629534363746643,0.0817718441728999,-0.7883116883116883,0.21621835231781006,0.7867055073585418,1.0,0.0,0.0
17,fullspan_income_k3_cmdl_seed17,32,0.12799707055091858,0.012070619501173496,1.1592644453048706,0.5033232569694519,0.38759908080101013,0.3875990580219936,0.599350977511633,1.6362825632095337,0.08001985783562635,-0.8,0.21169781684875488,0.7899666450065891,1.0,0.0,0.0
17,fullspan_income_k3_cmdl_seed17,33,0.12624093890190125,0.010516776703298092,1.157241702079773,0.48305389285087585,0.3675248324871063,0.36752481762305134,0.5816701849301656,1.6427372694015503,0.07834523591976611,-0.8,0.20731258392333984,0.7930232967658519,1.0,0.0,0.0
17,fullspan_income_k3_cmdl_seed17,34,0.12517927587032318,0.009650218300521374,1.1552906036376953,0.467871755361557,0.3525240123271942,0.35252401186536614,0.5676585577783131,1.6492547988891602,0.07680180104212238,-0.8103896103896104,0.20322251319885254,0.7960314586998,1.0,0.0,0.0
17,fullspan_income_k3_cmdl_seed17,35,0.12380653619766235,0.008458796888589859,1.1534773111343384,0.45795324444770813,0.3427784740924835,0.34277848482107015,0.5578134088289171,1.6563671827316284,0.07534192850895263,-0.8116883116883117,0.1993398666381836,0.7992183230391587,1.0,0.0,0.0
17,fullspan_income_k3_cmdl_seed17,36,0.12321996688842773,0.008045193739235401,1.151747703552246,0.4514981508255005,0.3364865779876709,0.3364865835824621,0.5509835538410005,1.6641381978988647,0.07396278456414475,-0.8285714285714286,0.1956498622894287,0.8025962269276319,1.0,0.0,0.0
17,fullspan_income_k3_cmdl_seed17,37,0.12362021207809448,0.008608640171587467,1.150115728378296,0.446961909532547,0.3321034908294678,0.33210348988234034,0.5461104625747317,1.6727113723754883,0.07265417017839074,-0.8311688311688311,0.19202518463134766,0.8062064987587618,1.0,0.0,0.0
17,fullspan_income_k3_cmdl_seed17,38,0.12371982634067535,0.008861417882144451,1.1485841274261475,0.44088712334632874,0.3261587619781494,0.32615882306602473,0.5404704667273021,1.6816805601119995,0.07159528404921991,-0.8311688311688311,0.18884432315826416,0.8098487666891993,1.0,0.0,0.0
17,fullspan_income_k3_cmdl_seed17,39,0.1231871098279953,0.008458752185106277,1.1472835540771484,0.43656301498413086,0.32195696234703064,0.3219569563251928,0.5368105882690066,1.6916062831878662,0.07056841251781097,-0.8402597402597403,0.185713529586792,0.8137455535436263,1.0,0.0,0.0
17,fullspan_income_k3_cmdl_seed17,40,0.12265239655971527,0.00804634764790535,1.1460604667663574,0.43512648344039917,0.32064566016197205,0.32064564793831823,0.5357832993779864,1.702378273010254,0.06946403871511127,-0.8402597402597403,0.18240141868591309,0.8178339614108543,1.0,0.0,0.0
17,fullspan_income_k3_cmdl_seed17,41,0.1215662732720375,0.007085439283400774,1.144808292388916,0.43695902824401855,0.32259392738342285,0.3225939166264639,0.5379261317707243,1.714085578918457,0.06837617690209775,-0.8480519480519481,0.17911529541015625,0.822107474419459,1.0,0.0,0.0
17,fullspan_income_k3_cmdl_seed17,42,0.12119081616401672,0.0068257031962275505,1.1436511278152466,0.44371795654296875,0.3294786810874939,0.3294787110290126,0.5442366912251427,1.726679801940918,0.06706543311140835,-0.877922077922078,0.17553043365478516,0.8265330214315744,1.0,0.0,0.0
17,fullspan_income_k3_cmdl_seed17,43,0.12023000419139862,0.0059907324612140656,1.1423927545547485,0.45533427596092224,0.3412255644798279,0.3412255888381792,0.5545630086035955,1.739751935005188,0.06563453627543146,-0.8818181818181818,0.1726372241973877,0.8309326240418786,1.0,0.0,0.0
17,fullspan_income_k3_cmdl_seed17,44,0.11880120635032654,0.004692501854151487,1.1410870552062988,0.4689669609069824,0.35498467087745667,0.35498467782719295,0.5663692809286571,1.75274658203125,0.06419595042273396,-0.8831168831168831,0.1686689853668213,0.8351053443196695,1.0,0.0,0.0
17,fullspan_income_k3_cmdl_seed17,45,0.1188851073384285,0.004902830347418785,1.1398227214813232,0.48141154646873474,0.36755192279815674,0.3675518939632312,0.5770731000673204,1.764954924583435,0.06279843417190642,-0.8831168831168831,0.16475701332092285,0.838843139666196,1.0,0.0,0.0
17,fullspan_income_k3_cmdl_seed17,46,0.11869370192289352,0.004834088962525129,1.1385961771011353,0.48950186371803284,0.37575650215148926,0.3757564703841068,0.5840326377323696,1.7756681442260742,0.06154676749377621,-0.8831168831168831,0.16122639179229736,0.8419717079237478,1.0,0.0,0.0
17,fullspan_income_k3_cmdl_seed17,47,0.11857388913631439,0.004828532692044973,1.137453556060791,0.49219635128974915,0.378563791513443,0.37856379056062583,0.5864354854538327,1.784457802772522,0.06041890858402814,-0.8999999999999999,0.15803873538970947,0.8444334210704427,1.0,0.0,0.0
17,fullspan_income_k3_cmdl_seed17,48,0.11848122626543045,0.004848674405366182,1.136325478553772,0.49434950947761536,0.38082876801490784,0.38082878059984726,0.5882287479582287,1.7920920848846436,0.059363263337529795,-0.9038961038961039,0.155029296875,0.846493273938004,1.0,0.0,0.0
17,fullspan_income_k3_cmdl_seed17,49,0.1181093081831932,0.004588563926517963,1.1352074146270752,0.49744904041290283,0.3840343952178955,0.384034366894198,0.5906424437250409,1.7988134622573853,0.05840607822606769,-0.9038961038961039,0.15225934982299805,0.8482425990345129,1.0,0.0,0.0
17,fullspan_income_k3_cmdl_seed17,50,0.11814167350530624,0.004727039020508528,1.1341463327407837,0.4997199773788452,0.3864153325557709,0.3864153360831808,0.5921354095141093,1.804287314414978,0.05749900598338896,-0.9233766233766234,0.14963757991790771,0.8496220660571726,1.0,0.0,0.0
17,fullspan_income_k3_cmdl_seed17,51,0.11791883409023285,0.004614201374351978,1.133046269416809,0.5028319358825684,0.38964763283729553,0.38964766088400554,0.594173272450765,1.8089818954467773,0.05656322072607155,-0.9376623376623376,0.14695072174072266,0.8507767916825612,1.0,0.0,0.0
17,fullspan_income_k3_cmdl_seed17,52,0.11706244945526123,0.0038781631737947464,1.131842851638794,0.5057644844055176,0.39270445704460144,0.39270440072841917,0.5959886397634234,1.8130053281784058,0.05565113070630987,-0.9376623376623376,0.14433836936950684,0.8517407060592106,1.0,0.0,0.0
17,fullspan_income_k3_cmdl_seed17,53,0.11718282103538513,0.0041228048503398895,1.130600094795227,0.5062700510025024,0.39332693815231323,0.39332693638123606,0.5960593961534046,1.8161232471466064,0.05490445221118394,-0.9402597402597404,0.14225053787231445,0.8524568283413995,1.0,0.0,0.0
17,fullspan_income_k3_cmdl_seed17,54,0.11634669452905655,0.0034035590942949057,1.1294313669204712,0.5059924125671387,0.393158495426178,0.3931584900154803,0.5957363049189249,1.8189866542816162,0.054260364507260156,-0.9402597402597404,0.14042413234710693,0.8530922208502345,1.0,0.0,0.0
17,fullspan_income_k3_cmdl_seed17,55,0.11631343513727188,0.003479504957795143,1.1283392906188965,0.502739667892456,0.3900098204612732,0.3900098226063185,0.5932015521185738,1.8213084936141968,0.05372251157552089,-0.9402597402597404,0.1389150619506836,0.8535812077066626,1.0,0.0,0.0
18,fullspan_income_k3_cmdl_seed18,1,1.360226035118103,1.2269119024276733,1.333141565322876,3.399747848510742,3.266814708709717,3.2668148827816132,1.730890392547562,1.212918996810913,0.006103726618390227,-0.3233766233766234,0.019209980964660645,0.4894675102186677,1.0,0.0,0.0
18,fullspan_income_k3_cmdl_seed18,2,1.0487265586853027,0.9157934784889221,1.329331398010254,2.6987452507019043,2.566141128540039,2.566141000716383,1.5397722635950362,1.2092647552490234,0.005609840638394307,-0.34285714285714286,0.017577052116394043,0.4857589981428919,1.0,0.0,0.0
18,fullspan_income_k3_cmdl_seed18,3,0.8017610311508179,0.6691569089889526,1.326041340827942,2.1058640480041504,1.9735701084136963,1.97357017810659,1.3474087057014306,1.2056077718734741,0.005140198779336646,-0.38311688311688313,0.01602160930633545,0.4820717174718844,1.0,0.0,0.0
18,fullspan_income_k3_cmdl_seed18,4,0.6187299489974976,0.486436128616333,1.322938323020935,1.6220053434371948,1.4899996519088745,1.4899995812057782,1.1616115845030262,1.2020769119262695,0.004707337711314755,-0.3974025974025974,0.014553189277648926,0.4785298769312752,1.0,0.0,0.0
18,fullspan_income_k3_cmdl_seed18,5,0.4874403476715088,0.35543471574783325,1.320056438446045,1.241779088973999,1.1100378036499023,1.110037957332086,0.9914739181598028,1.1987037658691406,0.0043121749075793235,-0.4506493506493507,0.013439536094665527,0.47516721779386645,1.0,0.0,0.0
18,fullspan_income_k3_cmdl_seed18,6,0.39133283495903015,0.25959157943725586,1.3174124956130981,0.9596350193023682,0.8281235694885254,0.8281235218945868,0.8463915579375767,1.1956177949905396,0.004011931330273455,-0.4636363636363636,0.012104630470275879,0.47210133566676665,1.0,0.0,0.0
18,fullspan_income_k3_cmdl_seed18,7,0.321111798286438,0.18960030376911163,1.3151147365570068,0.758878767490387,0.6275578737258911,0.6275578859073494,0.7280893112931933,1.1929422616958618,0.0038356372289326877,-0.5389610389610389,0.011494874954223633,0.4694470163177202,1.0,0.0,0.0
18,fullspan_income_k3_cmdl_seed18,8,0.267227441072464,0.13590653240680695,1.313209056854248,0.6253938674926758,0.4942212402820587,0.49422120506927025,0.6378066426231748,1.1909509897232056,0.0038118186918530386,-0.5818181818181818,0.0116959810256958,0.46746678565795446,1.0,0.0,0.0
18,fullspan_income_k3_cmdl_seed18,9,0.23030465841293335,0.0991320088505745,1.3117265701293945,0.5421668887138367,0.41110047698020935,0.41110045053962546,0.5735759210018885,1.1899778842926025,0.00394528250477024,-0.6597402597402597,0.01221609115600586,0.46649202665572564,1.0,0.0,0.0
18,fullspan_income_k3_cmdl_seed18,10,0.20983922481536865,0.07877280563116074,1.3106642961502075,0.49006742238998413,0.3590777516365051,0.35907774543524223,0.5295501606804984,1.1899988651275635,0.004147650935257248,-0.6766233766233766,0.01279902458190918,0.4664745379229598,1.0,0.0,0.0
18,fullspan_income_k3_cmdl_seed18,11,0.20515771210193634,0.07416804134845734,1.30989670753479,0.45370712876319885,0.32278603315353394,0.3227860504547212,0.5002281126521883,1.1906507015228271,0.0042758058952239225,-0.7038961038961039,0.01307976245880127,0.4670561917932279,1.0,0.0,0.0
18,fullspan_income_k3_cmdl_seed18,12,0.20527949929237366,0.07435839623212814,1.3092108964920044,0.4274916648864746,0.2966291308403015,0.29662914493877984,0.47989592381886076,1.1917471885681152,0.004355300433058158,-0.7064935064935066,0.01315295696258545,0.46808029437668547,1.0,0.0,0.0
18,fullspan_income_k3_cmdl_seed18,13,0.2032010406255722,0.0723385214805603,1.3086252212524414,0.41157686710357666,0.28075721859931946,0.28075723481432435,0.4691980637255169,1.1932734251022339,0.004447428089479404,-0.6922077922077923,0.013171195983886719,0.4695510978431634,1.0,0.0,0.0
18,fullspan_income_k3_cmdl_seed18,14,0.197717547416687,0.0668979063630104,1.3081963062286377,0.40803202986717224,0.27723270654678345,0.27723268690791075,0.474402700151716,1.195239782333374,0.0046247638928122925,-0.6922077922077923,0.013328790664672852,0.4714887313091698,1.0,0.0,0.0
18,fullspan_income_k3_cmdl_seed18,15,0.19039779901504517,0.059598471969366074,1.3079931735992432,0.4204074740409851,0.2896011769771576,0.28960116635519234,0.49634488707497004,1.1976553201675415,0.004924302626673064,-0.6675324675324676,0.013731956481933594,0.47389457914062366,1.0,0.0,0.0
18,fullspan_income_k3_cmdl_seed18,16,0.1829356849193573,0.052129387855529785,1.3080629110336304,0.450897216796875,0.3200543522834778,0.3200543590408874,0.5332110495794387,1.2005120515823364,0.005363797157756514,-0.6610389610389611,0.015059471130371094,0.4767612680258077,1.0,0.0,0.0
18,fullspan_income_k3_cmdl_seed18,17,0.1736295223236084,0.04278664290904999,1.3084287643432617,0.5004106760025024,0.36950215697288513,0.3695021397674802,0.5823688876061213,1.2038156986236572,0.0059415927661839825,-0.6311688311688312,0.01674938201904297,0.48009515560892574,1.0,0.0,0.0
18,fullspan_income_k3_cmdl_seed18,18,0.16723379492759705,0.036325275897979736,1.3090851306915283,0.5649320483207703,0.43393033742904663,0.4339303440107113,0.6378941706248692,1.2075526714324951,0.00665455362834834,-0.6298701298701298,0.018775343894958496,0.48388108688159565,1.0,0.0,0.0
18,fullspan_income_k3_cmdl_seed18,19,0.1609974503517151,0.029995741322636604,1.3100171089172363,0.6366134881973267,0.5054951906204224,0.5054951795257405,0.6930665160928454,1.2116835117340088,0.007494349309740267,-0.5987012987012986,0.02115309238433838,0.4880738848404632,1.0,0.0,0.0
18,fullspan_income_k3_cmdl_seed18,20,0.15711751580238342,0.025999203324317932,1.3111830949783325,0.7080652713775635,0.5768137574195862,0.576813764103995,0.7433878722644988,1.2161346673965454,0.008445470857121835,-0.5922077922077922,0.0238649845123291,0.4925932458173085,1.0,0.0,0.0
18,fullspan_income_k3_cmdl_seed18,21,0.15440614521503448,0.023154614493250847,1.3125152587890625,0.7713053226470947,0.6399140357971191,0.6399140405833459,0.784880538781484,1.2207707166671753,0.009475127156541292,-0.6012987012987013,0.026871204376220703,0.4972953222289963,1.0,0.0,0.0
18,fullspan_income_k3_cmdl_seed18,22,0.15304851531982422,0.021657241508364677,1.3139126300811768,0.8198643326759338,0.6883379817008972,0.6883379999214336,0.81507722394807,1.2254194021224976,0.010543454528152536,-0.5896103896103897,0.02997887134552002,0.5020012700159427,1.0,0.0,0.0
18,fullspan_income_k3_cmdl_seed18,23,0.1522371619939804,0.020710790529847145,1.3152636289596558,0.853653073310852,0.722000002861023,0.7219999958460657,0.8353211553323836,1.2300291061401367,0.011620529649719411,-0.5831168831168831,0.03278827667236328,0.5066537720222868,1.0,0.0,0.0
18,fullspan_income_k3_cmdl_seed18,24,0.15190012753009796,0.020247086882591248,1.3165303468704224,0.8761144876480103,0.7443358302116394,0.7443358209541926,0.8484518641517276,1.234696865081787,0.012717713453810042,-0.5428571428571428,0.03529095649719238,0.5113445909552187,1.0,0.0,0.0
18,fullspan_income_k3_cmdl_seed18,25,0.15082918107509613,0.019050532951951027,1.3177863359451294,0.8913673162460327,0.7594619393348694,0.7594619365028754,0.8570646615255446,1.2394766807556152,0.013854242398187833,-0.5753246753246753,0.03756999969482422,0.5161227675731075,1.0,0.0,0.0
18,fullspan_income_k3_cmdl_seed18,26,0.14936856925487518,0.017463209107518196,1.3190536499023438,0.9039088487625122,0.7718602418899536,0.7718602824882469,0.8637313729240781,1.2446762323379517,0.015114001393322552,-0.5753246753246753,0.03991878032684326,0.5212804526087789,1.0,0.0,0.0
18,fullspan_income_k3_cmdl_seed18,27,0.14772215485572815,0.015673568472266197,1.3204859495162964,0.9170613884925842,0.784843921661377,0.7848439137717497,0.8703437944253286,1.2505228519439697,0.01655081882243481,-0.5584415584415584,0.042995572090148926,0.5270276955601282,1.0,0.0,0.0
18,fullspan_income_k3_cmdl_seed18,28,0.147407665848732,0.015190208330750465,1.3221744298934937,0.928261935710907,0.7958453297615051,0.7958453168009546,0.875639850185031,1.257158637046814,0.018221097792246437,-0.5207792207792208,0.04781162738800049,0.5334854558154764,1.0,0.0,0.0
18,fullspan_income_k3_cmdl_seed18,29,0.14728392660617828,0.014867307618260384,1.324166178703308,0.9360634088516235,0.8034196496009827,0.803419678883878,0.8791498016743433,1.264681339263916,0.02013470181914258,-0.5818181818181818,0.05303299427032471,0.5407253887347806,1.0,0.0,0.0
19,fullspan_income_k3_cmdl_seed19,1,0.9696701169013977,0.8585140705108643,1.1115604639053345,2.965317726135254,2.8540711402893066,2.854071383313828,1.6514567001944496,2.460867404937744,0.03665478237775359,0.8792207792207792,0.0940256118774414,0.9159197121592475,0.0,0.0,1.0
19,fullspan_income_k3_cmdl_seed19,2,0.7996216416358948,0.6883751153945923,1.112465262413025,2.3294577598571777,2.2180933952331543,2.2180934831709025,1.454086395246642,2.451167583465576,0.036073346209218524,0.8688311688311688,0.09137368202209473,0.9203392223884487,0.0,0.0,1.0
19,fullspan_income_k3_cmdl_seed19,3,0.6880249977111816,0.576660692691803,1.1136432886123657,1.8723350763320923,1.7608281373977661,1.7608282616502826,1.2952524728718258,2.4412193298339844,0.03527342894512114,0.8610389610389609,0.08908677101135254,0.9243672416367723,0.0,0.0,1.0
19,fullspan_income_k3_cmdl_seed19,4,0.6065260171890259,0.4950190484523773,1.1150693893432617,1.5622398853302002,1.4505712985992432,1.450571255654376,1.1763591745070048,2.431020736694336,0.0342945054514731,0.8337662337662338,0.08748078346252441,0.9279685447028811,0.0,0.0,1.0
19,fullspan_income_k3_cmdl_seed19,5,0.5318681001663208,0.42019951343536377,1.1166859865188599,1.3476907014846802,1.2358425855636597,1.2358425463106304,1.086825077022825,2.4206702709198,0.033160151104998536,0.7870129870129869,0.08532071113586426,0.9310862377331576,0.0,0.0,1.0
19,fullspan_income_k3_cmdl_seed19,6,0.4566062092781067,0.3447580337524414,1.1184816360473633,1.1910369396209717,1.0789930820465088,1.078993187927134,1.0162228842576344,2.4104015827178955,0.031904947337514374,0.7753246753246753,0.08274722099304199,0.933643211307571,0.0,0.0,1.0
19,fullspan_income_k3_cmdl_seed19,7,0.38689836859703064,0.274854451417923,1.120439052581787,1.0643680095672607,0.952117383480072,0.9521174090830596,0.9545868862242926,2.400428533554077,0.030580021310742188,0.7324675324675325,0.08001446723937988,0.9356134797495281,0.0,0.0,1.0
19,fullspan_income_k3_cmdl_seed19,8,0.3266708552837372,0.21442021429538727,1.1225063800811768,0.9440478086471558,0.8315861821174622,0.83158619462989,0.8908652918679374,2.3908891677856445,0.029240017565012797,0.7,0.07765626907348633,0.9370403378641592,0.0,0.0,1.0
19,fullspan_income_k3_cmdl_seed19,9,0.2778966426849365,0.16543498635292053,1.1246163845062256,0.8165741562843323,0.7038910984992981,0.7038911047211039,0.8165989163376036,2.3814191818237305,0.027878952629616337,0.6805194805194805,0.07453799247741699,0.9380189781857473,0.0,0.14285714285714285,0.8571428571428571
19,fullspan_income_k3_cmdl_seed19,10,0.23794598877429962,0.12526291608810425,1.1268306970596313,0.6839802861213684,0.571056604385376,0.5710566335569969,0.73044005887849,2.371732234954834,0.02648152180084825,0.6753246753246753,0.07178401947021484,0.938571819473987,0.0,0.47619047619047616,0.5238095238095238
19,fullspan_income_k3_cmdl_seed19,11,0.2050614356994629,0.09213777631521225,1.1292365789413452,0.5569406747817993,0.4437534213066101,0.4437533933450796,0.6368593743869236,2.361758232116699,0.025060046190296517,0.6532467532467533,0.06918001174926758,0.9386686475155098,0.0,0.6666666666666666,0.3333333333333333
19,fullspan_income_k3_cmdl_seed19,12,0.17874039709568024,0.06555312126874924,1.1318727731704712,0.4468608498573303,0.33338579535484314,0.3333857751634524,0.5433436915988014,2.351569652557373,0.023629220818756083,0.6376623376623376,0.06646609306335449,0.9382783176508495,0.0,0.7142857142857143,0.2857142857142857
19,fullspan_income_k3_cmdl_seed19,13,0.16053153574466705,0.047056496143341064,1.1347503662109375,0.36742717027664185,0.2536599636077881,0.2536599897221802,0.46534072501318796,2.3419036865234375,0.022287868130650652,0.5649350649350648,0.06373763084411621,0.9374793127525537,0.0,0.7619047619047619,0.23809523809523808
19,fullspan_income_k3_cmdl_seed19,14,0.15384890139102936,0.040081705898046494,1.137671947479248,0.32085248827934265,0.20684769749641418,0.2068476751929612,0.41371685834158034,2.3342349529266357,0.02121396939069404,0.5415584415584416,0.06154060363769531,0.9366122775891972,0.0,0.8095238095238095,0.19047619047619047
19,fullspan_income_k3_cmdl_seed19,15,0.1514999270439148,0.03749513998627663,1.1400477886199951,0.29866865277290344,0.18452860414981842,0.18452860429607823,0.3876404279754275,2.3293020725250244,0.020481114251886284,0.5415584415584416,0.05997419357299805,0.9360405484950716,0.0,0.8095238095238095,0.19047619047619047
19,fullspan_income_k3_cmdl_seed19,16,0.15356454253196716,0.03942449390888214,1.1414004564285278,0.2899154722690582,0.17573945224285126,0.17573945637103247,0.3782126307487488,2.3266959190368652,0.020038357740439747,0.5415584415584416,0.05895400047302246,0.9358701929501311,0.0,0.8571428571428571,0.14285714285714285
19,fullspan_income_k3_cmdl_seed19,17,0.1567947417497635,0.04261872544884682,1.1417601108551025,0.2862185835838318,0.17209123075008392,0.17209123923495792,0.37599711474918185,2.3257675170898438,0.01982833889955827,0.5493506493506494,0.058356523513793945,0.9360522825393114,0.0,0.8571428571428571,0.14285714285714285
19,fullspan_income_k3_cmdl_seed19,18,0.15872889757156372,0.04460156708955765,1.1412733793258667,0.28477418422698975,0.17075785994529724,0.17075785844468783,0.3770814282553537,2.3260433673858643,0.01978396953028601,0.5805194805194805,0.058090925216674805,0.9365041541073014,0.0,0.8571428571428571,0.14285714285714285
19,fullspan_income_k3_cmdl_seed19,19,0.1566200703382492,0.042603749781847,1.1401631832122803,0.28734248876571655,0.17349377274513245,0.17349376647856,0.3833484167144412,2.327637195587158,0.019916866623937022,0.612987012987013,0.05826234817504883,0.937228289947688,0.0,0.8571428571428571,0.14285714285714285
19,fullspan_income_k3_cmdl_seed19,20,0.15433427691459656,0.04048556834459305,1.1384869813919067,0.29762592911720276,0.18399140238761902,0.18399140328968921,0.39893180699575514,2.33056902885437,0.020207908876385034,0.6363636363636362,0.058879852294921875,0.9381728938025203,0.0,0.8095238095238095,0.19047619047619047
19,fullspan_income_k3_cmdl_seed19,21,0.1495981067419052,0.03596358373761177,1.1363451480865479,0.3181518614292145,0.2047698199748993,0.2047698108410964,0.42579680397396996,2.334667682647705,0.02064787655210954,0.6701298701298701,0.059917449951171875,0.9392333979549223,0.0,0.8095238095238095,0.19047619047619047
19,fullspan_income_k3_cmdl_seed19,22,0.14411725103855133,0.030735211446881294,1.1338204145431519,0.34862107038497925,0.23551607131958008,0.23551606881814552,0.46166597093854633,2.339625120162964,0.02118846695130342,0.6701298701298701,0.06121015548706055,0.9402966637436818,0.0,0.7619047619047619,0.23809523809523808
19,fullspan_income_k3_cmdl_seed19,23,0.13821783661842346,0.0251128189265728,1.1310501098632812,0.38641995191574097,0.27360472083091736,0.27360473543590436,0.5020858475140163,2.345031261444092,0.02179941324466754,0.6935064935064935,0.06263971328735352,0.9412656489398311,0.0,0.7142857142857143,0.2857142857142857
19,fullspan_income_k3_cmdl_seed19,24,0.1335703730583191,0.020755162462592125,1.1281521320343018,0.4261941909790039,0.3136666715145111,0.3136666706046432,0.5410924213273185,2.3504252433776855,0.022432155974152282,0.7090909090909091,0.06402707099914551,0.9420838314594054,0.0,0.7142857142857143,0.2857142857142857
19,fullspan_income_k3_cmdl_seed19,25,0.1305495649576187,0.018022041767835617,1.1252752542495728,0.462560772895813,0.35030773282051086,0.3503077329203418,0.574296772480011,2.3554067611694336,0.02304514235600887,0.7363636363636364,0.06551289558410645,0.9427381858863965,0.0,0.7142857142857143,0.2857142857142857
19,fullspan_income_k3_cmdl_seed19,26,0.13001900911331177,0.017765969038009644,1.122530460357666,0.49154382944107056,0.3795466423034668,0.3795466379319091,0.5993434105600629,2.3597357273101807,0.023616015348860757,0.7311688311688312,0.06673908233642578,0.9432543046119968,0.0,0.6190476190476191,0.38095238095238093
19,fullspan_income_k3_cmdl_seed19,27,0.12837308645248413,0.016375897452235222,1.1199718713760376,0.514741063117981,0.40298351645469666,0.40298352598155657,0.6185068999017987,2.3634541034698486,0.02415926590501787,0.7597402597402596,0.06787991523742676,0.9436663859177602,0.0,0.6190476190476191,0.38095238095238093
19,fullspan_income_k3_cmdl_seed19,28,0.1288682073354721,0.0171106718480587,1.1175754070281982,0.5339909195899963,0.42245620489120483,0.42245621520923815,0.6337960844948178,2.366621732711792,0.024669259850124695,0.7831168831168831,0.06894493103027344,0.9440066729570583,0.0,0.42857142857142855,0.5714285714285714
19,fullspan_income_k3_cmdl_seed19,29,0.12927167117595673,0.01773696579039097,1.1153470277786255,0.5514826774597168,0.44015318155288696,0.44015318316192453,0.6473084006990705,2.369255781173706,0.02513726431984701,0.7831168831168831,0.06991314888000488,0.9443002972377341,0.0,0.2857142857142857,0.7142857142857143
19,fullspan_income_k3_cmdl_seed19,30,0.1294201761484146,0.018090659752488136,1.113295078277588,0.5688667893409729,0.45773014426231384,0.45773015227335195,0.6604909868467421,2.3714969158172607,0.02558379581753553,0.8,0.07085037231445312,0.9445606112570534,0.0,0.2857142857142857,0.7142857142857143
19,fullspan_income_k3_cmdl_seed19,31,0.12992967665195465,0.018793020397424698,1.1113665103912354,0.5852394700050354,0.474280446767807,0.4742804372690951,0.6727730716977801,2.3733291625976562,0.02599212946820603,0.8064935064935065,0.07173347473144531,0.9448066988183854,0.0,0.19047619047619047,0.8095238095238095
19,fullspan_income_k3_cmdl_seed19,32,0.12851808965206146,0.017559044063091278,1.1095904111862183,0.5970980525016785,0.4863011837005615,0.4863011451882821,0.681667393162137,2.3746497631073,0.026362338775332464,0.8064935064935065,0.07256531715393066,0.9450594617584533,0.0,0.19047619047619047,0.8095238095238095
19,fullspan_income_k3_cmdl_seed19,33,0.12795352935791016,0.01715664193034172,1.107968807220459,0.6027048826217651,0.49205633997917175,0.49205632380804876,0.6860500233513969,2.37546968460083,0.026698288167078654,0.8155844155844156,0.07334756851196289,0.9453321009604478,0.0,0.14285714285714285,0.8571428571428571
