entity_id,entity_code,entity_name,year,y_true,y_pred,k_star,omega_peak,proxy_signal_true,proxy_signal_pred,proxy_1_true,proxy_1_pred,proxy_2_true,proxy_2_pred,proxy_3_true,proxy_3_pred,omega_1,omega_2,omega_3,omega_4,omega_5,omega_6,omega_7,omega_8,omega_9,omega_10
0,ARE,United Arab Emirates,2018,-77.53056335449219,0.37319284677505493,5.185983657836914,5,0.18880443274974823,-0.1327812820672989,0.332748681306839,-0.36331045627593994,0.2764120101928711,-0.4808686375617981,-0.042747389525175095,0.4458352327346802,0.025738872587680817,0.11347558349370956,0.026782909408211708,0.08570881932973862,0.4593013525009155,0.0349479578435421,0.1526157706975937,0.033678267151117325,0.011326379142701626,0.0564241036772728
0,ARE,United Arab Emirates,2019,-233.2926788330078,0.002158805727958679,5.185983657836914,5,0.18880443274974823,-0.1327812820672989,0.332748681306839,-0.36331045627593994,0.2764120101928711,-0.4808686375617981,-0.042747389525175095,0.4458352327346802,0.025738872587680817,0.11347558349370956,0.026782909408211708,0.08570881932973862,0.4593013525009155,0.0349479578435421,0.1526157706975937,0.033678267151117325,0.011326379142701626,0.0564241036772728
0,ARE,United Arab Emirates,2020,-435.1805725097656,-0.4557040333747864,5.185983657836914,5,0.18880443274974823,-0.1327812820672989,0.332748681306839,-0.36331045627593994,0.2764120101928711,-0.4808686375617981,-0.042747389525175095,0.4458352327346802,0.025738872587680817,0.11347558349370956,0.026782909408211708,0.08570881932973862,0.4593013525009155,0.0349479578435421,0.1526157706975937,0.033678267151117325,0.011326379142701626,0.0564241036772728
0,ARE,United Arab Emirates,2021,-1001.4480590820312,-0.9158455729484558,5.185983657836914,5,0.18880443274974823,-0.1327812820672989,0.332748681306839,-0.36331045627593994,0.2764120101928711,-0.4808686375617981,-0.042747389525175095,0.4458352327346802,0.025738872587680817,0.11347558349370956,0.026782909408211708,0.08570881932973862,0.4593013525009155,0.0349479578435421,0.1526157706975937,0.033678267151117325,0.011326379142701626,0.0564241036772728
0,ARE,United Arab Emirates,2022,-1657.7239990234375,-1.2747879028320312,5.185983657836914,5,0.18880443274974823,-0.1327812820672989,0.332748681306839,-0.36331045627593994,0.2764120101928711,-0.4808686375617981,-0.042747389525175095,0.4458352327346802,0.025738872587680817,0.11347558349370956,0.026782909408211708,0.08570881932973862,0.4593013525009155,0.0349479578435421,0.1526157706975937,0.033678267151117325,0.011326379142701626,0.0564241036772728
0,ARE,United Arab Emirates,2023,-2705.017333984375,-1.5214228630065918,5.185983657836914,5,0.18880443274974823,-0.1327812820672989,0.332748681306839,-0.36331045627593994,0.2764120101928711,-0.4808686375617981,-0.042747389525175095,0.4458352327346802,0.025738872587680817,0.11347558349370956,0.026782909408211708,0.08570881932973862,0.4593013525009155,0.0349479578435421,0.1526157706975937,0.033678267151117325,0.011326379142701626,0.0564241036772728
1,ARG,Argentina,2018,1.6428788900375366,0.37473779916763306,5.185983657836914,5,-0.6909387707710266,-0.1327812820672989,-0.40908560156822205,-0.36331045627593994,-0.8905236124992371,-0.4808686375617981,-0.7732071280479431,0.4458352327346802,0.025738872587680817,0.11347558349370956,0.026782909408211708,0.08570881932973862,0.4593013525009155,0.0349479578435421,0.1526157706975937,0.033678267151117325,0.011326379142701626,0.0564241036772728
1,ARG,Argentina,2019,1.1453611850738525,0.7722142934799194,5.185983657836914,5,-0.6909387707710266,-0.1327812820672989,-0.40908560156822205,-0.36331045627593994,-0.8905236124992371,-0.4808686375617981,-0.7732071280479431,0.4458352327346802,0.025738872587680817,0.11347558349370956,0.026782909408211708,0.08570881932973862,0.4593013525009155,0.0349479578435421,0.1526157706975937,0.033678267151117325,0.011326379142701626,0.0564241036772728
1,ARG,Argentina,2020,1.0582135915756226,0.7985191941261292,5.185983657836914,5,-0.6909387707710266,-0.1327812820672989,-0.40908560156822205,-0.36331045627593994,-0.8905236124992371,-0.4808686375617981,-0.7732071280479431,0.4458352327346802,0.025738872587680817,0.11347558349370956,0.026782909408211708,0.08570881932973862,0.4593013525009155,0.0349479578435421,0.1526157706975937,0.033678267151117325,0.011326379142701626,0.0564241036772728
1,ARG,Argentina,2021,1.4250097274780273,0.6635881662368774,5.185983657836914,5,-0.6909387707710266,-0.1327812820672989,-0.40908560156822205,-0.36331045627593994,-0.8905236124992371,-0.4808686375617981,-0.7732071280479431,0.4458352327346802,0.025738872587680817,0.11347558349370956,0.026782909408211708,0.08570881932973862,0.4593013525009155,0.0349479578435421,0.1526157706975937,0.033678267151117325,0.011326379142701626,0.0564241036772728
1,ARG,Argentina,2022,0.9982249736785889,0.6930994987487793,5.185983657836914,5,-0.6909387707710266,-0.1327812820672989,-0.40908560156822205,-0.36331045627593994,-0.8905236124992371,-0.4808686375617981,-0.7732071280479431,0.4458352327346802,0.025738872587680817,0.11347558349370956,0.026782909408211708,0.08570881932973862,0.4593013525009155,0.0349479578435421,0.1526157706975937,0.033678267151117325,0.011326379142701626,0.0564241036772728
1,ARG,Argentina,2023,-0.24900130927562714,0.6543989181518555,5.185983657836914,5,-0.6909387707710266,-0.1327812820672989,-0.40908560156822205,-0.36331045627593994,-0.8905236124992371,-0.4808686375617981,-0.7732071280479431,0.4458352327346802,0.025738872587680817,0.11347558349370956,0.026782909408211708,0.08570881932973862,0.4593013525009155,0.0349479578435421,0.1526157706975937,0.033678267151117325,0.011326379142701626,0.0564241036772728
2,AUS,Australia,2018,-7.367125034332275,-0.19833149015903473,5.185983657836914,5,1.25566828250885,-0.1327812820672989,1.2781401872634888,-0.36331045627593994,1.1565734148025513,-0.4808686375617981,1.3322911262512207,0.4458352327346802,0.025738872587680817,0.11347558349370956,0.026782909408211708,0.08570881932973862,0.4593013525009155,0.0349479578435421,0.1526157706975937,0.033678267151117325,0.011326379142701626,0.0564241036772728
2,AUS,Australia,2019,-8.657783508300781,-0.12533484399318695,5.185983657836914,5,1.25566828250885,-0.1327812820672989,1.2781401872634888,-0.36331045627593994,1.1565734148025513,-0.4808686375617981,1.3322911262512207,0.4458352327346802,0.025738872587680817,0.11347558349370956,0.026782909408211708,0.08570881932973862,0.4593013525009155,0.0349479578435421,0.1526157706975937,0.033678267151117325,0.011326379142701626,0.0564241036772728
2,AUS,Australia,2020,-10.614906311035156,-0.32825911045074463,5.185983657836914,5,1.25566828250885,-0.1327812820672989,1.2781401872634888,-0.36331045627593994,1.1565734148025513,-0.4808686375617981,1.3322911262512207,0.4458352327346802,0.025738872587680817,0.11347558349370956,0.026782909408211708,0.08570881932973862,0.4593013525009155,0.0349479578435421,0.1526157706975937,0.033678267151117325,0.011326379142701626,0.0564241036772728
2,AUS,Australia,2021,-13.180018424987793,-0.6618132591247559,5.185983657836914,5,1.25566828250885,-0.1327812820672989,1.2781401872634888,-0.36331045627593994,1.1565734148025513,-0.4808686375617981,1.3322911262512207,0.4458352327346802,0.025738872587680817,0.11347558349370956,0.026782909408211708,0.08570881932973862,0.4593013525009155,0.0349479578435421,0.1526157706975937,0.033678267151117325,0.011326379142701626,0.0564241036772728
2,AUS,Australia,2022,-15.15616226196289,-1.0623952150344849,5.185983657836914,5,1.25566828250885,-0.1327812820672989,1.2781401872634888,-0.36331045627593994,1.1565734148025513,-0.4808686375617981,1.3322911262512207,0.4458352327346802,0.025738872587680817,0.11347558349370956,0.026782909408211708,0.08570881932973862,0.4593013525009155,0.0349479578435421,0.1526157706975937,0.033678267151117325,0.011326379142701626,0.0564241036772728
2,AUS,Australia,2023,-16.646900177001953,-1.3742626905441284,5.185983657836914,5,1.25566828250885,-0.1327812820672989,1.2781401872634888,-0.36331045627593994,1.1565734148025513,-0.4808686375617981,1.3322911262512207,0.4458352327346802,0.025738872587680817,0.11347558349370956,0.026782909408211708,0.08570881932973862,0.4593013525009155,0.0349479578435421,0.1526157706975937,0.033678267151117325,0.011326379142701626,0.0564241036772728
3,AUT,Austria,2018,-3.331990957260132,0.2331153303384781,5.185983657836914,5,1.3129711151123047,-0.1327812820672989,1.3305449485778809,-0.36331045627593994,1.1512476205825806,-0.4808686375617981,1.4571207761764526,0.4458352327346802,0.025738872587680817,0.11347558349370956,0.026782909408211708,0.08570881932973862,0.4593013525009155,0.0349479578435421,0.1526157706975937,0.033678267151117325,0.011326379142701626,0.0564241036772728
3,AUT,Austria,2019,-3.5629565715789795,0.1790543794631958,5.185983657836914,5,1.3129711151123047,-0.1327812820672989,1.3305449485778809,-0.36331045627593994,1.1512476205825806,-0.4808686375617981,1.4571207761764526,0.4458352327346802,0.025738872587680817,0.11347558349370956,0.026782909408211708,0.08570881932973862,0.4593013525009155,0.0349479578435421,0.1526157706975937,0.033678267151117325,0.011326379142701626,0.0564241036772728
3,AUT,Austria,2020,-4.44062614440918,0.007853701710700989,5.185983657836914,5,1.3129711151123047,-0.1327812820672989,1.3305449485778809,-0.36331045627593994,1.1512476205825806,-0.4808686375617981,1.4571207761764526,0.4458352327346802,0.025738872587680817,0.11347558349370956,0.026782909408211708,0.08570881932973862,0.4593013525009155,0.0349479578435421,0.1526157706975937,0.033678267151117325,0.011326379142701626,0.0564241036772728
3,AUT,Austria,2021,-4.349145412445068,-0.11338192224502563,5.185983657836914,5,1.3129711151123047,-0.1327812820672989,1.3305449485778809,-0.36331045627593994,1.1512476205825806,-0.4808686375617981,1.4571207761764526,0.4458352327346802,0.025738872587680817,0.11347558349370956,0.026782909408211708,0.08570881932973862,0.4593013525009155,0.0349479578435421,0.1526157706975937,0.033678267151117325,0.011326379142701626,0.0564241036772728
3,AUT,Austria,2022,-4.098706245422363,-0.19448499381542206,5.185983657836914,5,1.3129711151123047,-0.1327812820672989,1.3305449485778809,-0.36331045627593994,1.1512476205825806,-0.4808686375617981,1.4571207761764526,0.4458352327346802,0.025738872587680817,0.11347558349370956,0.026782909408211708,0.08570881932973862,0.4593013525009155,0.0349479578435421,0.1526157706975937,0.033678267151117325,0.011326379142701626,0.0564241036772728
3,AUT,Austria,2023,-5.443741798400879,-0.23776127398014069,5.185983657836914,5,1.3129711151123047,-0.1327812820672989,1.3305449485778809,-0.36331045627593994,1.1512476205825806,-0.4808686375617981,1.4571207761764526,0.4458352327346802,0.025738872587680817,0.11347558349370956,0.026782909408211708,0.08570881932973862,0.4593013525009155,0.0349479578435421,0.1526157706975937,0.033678267151117325,0.011326379142701626,0.0564241036772728
4,AZE,Azerbaijan,2018,3.094372272491455,-0.2709398865699768,5.185983657836914,5,-1.294363021850586,-0.1327812820672989,-1.4495718479156494,-0.36331045627593994,-1.172594428062439,-0.4808686375617981,-1.2609230279922485,0.4458352327346802,0.025738872587680817,0.11347558349370956,0.026782909408211708,0.08570881932973862,0.4593013525009155,0.0349479578435421,0.1526157706975937,0.033678267151117325,0.011326379142701626,0.0564241036772728
4,AZE,Azerbaijan,2019,3.558119297027588,0.014028146862983704,5.185983657836914,5,-1.294363021850586,-0.1327812820672989,-1.4495718479156494,-0.36331045627593994,-1.172594428062439,-0.4808686375617981,-1.2609230279922485,0.4458352327346802,0.025738872587680817,0.11347558349370956,0.026782909408211708,0.08570881932973862,0.4593013525009155,0.0349479578435421,0.1526157706975937,0.033678267151117325,0.011326379142701626,0.0564241036772728
4,AZE,Azerbaijan,2020,4.490204811096191,-0.12183602154254913,5.185983657836914,5,-1.294363021850586,-0.1327812820672989,-1.4495718479156494,-0.36331045627593994,-1.172594428062439,-0.4808686375617981,-1.2609230279922485,0.4458352327346802,0.025738872587680817,0.11347558349370956,0.026782909408211708,0.08570881932973862,0.4593013525009155,0.0349479578435421,0.1526157706975937,0.033678267151117325,0.011326379142701626,0.0564241036772728
4,AZE,Azerbaijan,2021,4.194814682006836,-0.40198004245758057,5.185983657836914,5,-1.294363021850586,-0.1327812820672989,-1.4495718479156494,-0.36331045627593994,-1.172594428062439,-0.4808686375617981,-1.2609230279922485,0.4458352327346802,0.025738872587680817,0.11347558349370956,0.026782909408211708,0.08570881932973862,0.4593013525009155,0.0349479578435421,0.1526157706975937,0.033678267151117325,0.011326379142701626,0.0564241036772728
4,AZE,Azerbaijan,2022,3.8313167095184326,-0.7889578938484192,5.185983657836914,5,-1.294363021850586,-0.1327812820672989,-1.4495718479156494,-0.36331045627593994,-1.172594428062439,-0.4808686375617981,-1.2609230279922485,0.4458352327346802,0.025738872587680817,0.11347558349370956,0.026782909408211708,0.08570881932973862,0.4593013525009155,0.0349479578435421,0.1526157706975937,0.033678267151117325,0.011326379142701626,0.0564241036772728
4,AZE,Azerbaijan,2023,3.7241804599761963,-1.0260531902313232,5.185983657836914,5,-1.294363021850586,-0.1327812820672989,-1.4495718479156494,-0.36331045627593994,-1.172594428062439,-0.4808686375617981,-1.2609230279922485,0.4458352327346802,0.025738872587680817,0.11347558349370956,0.026782909408211708,0.08570881932973862,0.4593013525009155,0.0349479578435421,0.1526157706975937,0.033678267151117325,0.011326379142701626,0.0564241036772728
5,BEL,Belgium,2018,-2.035623550415039,-1.290324091911316,5.185983657836914,5,0.9798359274864197,-0.1327812820672989,1.2219529151916504,-0.36331045627593994,0.8175865411758423,-0.4808686375617981,0.8999684453010559,0.4458352327346802,0.025738872587680817,0.11347558349370956,0.026782909408211708,0.08570881932973862,0.4593013525009155,0.0349479578435421,0.1526157706975937,0.033678267151117325,0.011326379142701626,0.0564241036772728
5,BEL,Belgium,2019,-3.1006269454956055,-0.8014265894889832,5.185983657836914,5,0.9798359274864197,-0.1327812820672989,1.2219529151916504,-0.36331045627593994,0.8175865411758423,-0.4808686375617981,0.8999684453010559,0.4458352327346802,0.025738872587680817,0.11347558349370956,0.026782909408211708,0.08570881932973862,0.4593013525009155,0.0349479578435421,0.1526157706975937,0.033678267151117325,0.011326379142701626,0.0564241036772728
5,BEL,Belgium,2020,-2.7479605674743652,-0.6523586511611938,5.185983657836914,5,0.9798359274864197,-0.1327812820672989,1.2219529151916504,-0.36331045627593994,0.8175865411758423,-0.4808686375617981,0.8999684453010559,0.4458352327346802,0.025738872587680817,0.11347558349370956,0.026782909408211708,0.08570881932973862,0.4593013525009155,0.0349479578435421,0.1526157706975937,0.033678267151117325,0.011326379142701626,0.0564241036772728
5,BEL,Belgium,2021,-3.9674084186553955,-0.65519779920578,5.185983657836914,5,0.9798359274864197,-0.1327812820672989,1.2219529151916504,-0.36331045627593994,0.8175865411758423,-0.4808686375617981,0.8999684453010559,0.4458352327346802,0.025738872587680817,0.11347558349370956,0.026782909408211708,0.08570881932973862,0.4593013525009155,0.0349479578435421,0.1526157706975937,0.033678267151117325,0.011326379142701626,0.0564241036772728
5,BEL,Belgium,2022,-3.700895071029663,-0.719606876373291,5.185983657836914,5,0.9798359274864197,-0.1327812820672989,1.2219529151916504,-0.36331045627593994,0.8175865411758423,-0.4808686375617981,0.8999684453010559,0.4458352327346802,0.025738872587680817,0.11347558349370956,0.026782909408211708,0.08570881932973862,0.4593013525009155,0.0349479578435421,0.1526157706975937,0.033678267151117325,0.011326379142701626,0.0564241036772728
5,BEL,Belgium,2023,-3.867947578430176,-0.7992294430732727,5.185983657836914,5,0.9798359274864197,-0.1327812820672989,1.2219529151916504,-0.36331045627593994,0.8175865411758423,-0.4808686375617981,0.8999684453010559,0.4458352327346802,0.025738872587680817,0.11347558349370956,0.026782909408211708,0.08570881932973862,0.4593013525009155,0.0349479578435421,0.1526157706975937,0.033678267151117325,0.011326379142701626,0.0564241036772728
6,BGD,Bangladesh,2018,1.2597620487213135,-0.559260368347168,5.185983657836914,5,-1.3428869247436523,-0.1327812820672989,-1.2080445289611816,-0.36331045627593994,-1.482562780380249,-0.4808686375617981,-1.3380534648895264,0.4458352327346802,0.025738872587680817,0.11347558349370956,0.026782909408211708,0.08570881932973862,0.4593013525009155,0.0349479578435421,0.1526157706975937,0.033678267151117325,0.011326379142701626,0.0564241036772728
6,BGD,Bangladesh,2019,1.4318774938583374,0.1373525708913803,5.185983657836914,5,-1.3428869247436523,-0.1327812820672989,-1.2080445289611816,-0.36331045627593994,-1.482562780380249,-0.4808686375617981,-1.3380534648895264,0.4458352327346802,0.025738872587680817,0.11347558349370956,0.026782909408211708,0.08570881932973862,0.4593013525009155,0.0349479578435421,0.1526157706975937,0.033678267151117325,0.011326379142701626,0.0564241036772728
6,BGD,Bangladesh,2020,1.717698097229004,0.5969012975692749,5.185983657836914,5,-1.3428869247436523,-0.1327812820672989,-1.2080445289611816,-0.36331045627593994,-1.482562780380249,-0.4808686375617981,-1.3380534648895264,0.4458352327346802,0.025738872587680817,0.11347558349370956,0.026782909408211708,0.08570881932973862,0.4593013525009155,0.0349479578435421,0.1526157706975937,0.033678267151117325,0.011326379142701626,0.0564241036772728
6,BGD,Bangladesh,2021,1.7278225421905518,0.7794877290725708,5.185983657836914,5,-1.3428869247436523,-0.1327812820672989,-1.2080445289611816,-0.36331045627593994,-1.482562780380249,-0.4808686375617981,-1.3380534648895264,0.4458352327346802,0.025738872587680817,0.11347558349370956,0.026782909408211708,0.08570881932973862,0.4593013525009155,0.0349479578435421,0.1526157706975937,0.033678267151117325,0.011326379142701626,0.0564241036772728
6,BGD,Bangladesh,2022,1.5284489393234253,0.9182008504867554,5.185983657836914,5,-1.3428869247436523,-0.1327812820672989,-1.2080445289611816,-0.36331045627593994,-1.482562780380249,-0.4808686375617981,-1.3380534648895264,0.4458352327346802,0.025738872587680817,0.11347558349370956,0.026782909408211708,0.08570881932973862,0.4593013525009155,0.0349479578435421,0.1526157706975937,0.033678267151117325,0.011326379142701626,0.0564241036772728
6,BGD,Bangladesh,2023,2.0307767391204834,0.8645807504653931,5.185983657836914,5,-1.3428869247436523,-0.1327812820672989,-1.2080445289611816,-0.36331045627593994,-1.482562780380249,-0.4808686375617981,-1.3380534648895264,0.4458352327346802,0.025738872587680817,0.11347558349370956,0.026782909408211708,0.08570881932973862,0.4593013525009155,0.0349479578435421,0.1526157706975937,0.033678267151117325,0.011326379142701626,0.0564241036772728
7,BGR,Bulgaria,2018,-1.3296480178833008,0.8480935096740723,5.185983657836914,5,-0.42611977458000183,-0.1327812820672989,-0.6209486722946167,-0.36331045627593994,-0.13856160640716553,-0.4808686375617981,-0.5188490152359009,0.4458352327346802,0.025738872587680817,0.11347558349370956,0.026782909408211708,0.08570881932973862,0.4593013525009155,0.0349479578435421,0.1526157706975937,0.033678267151117325,0.011326379142701626,0.0564241036772728
7,BGR,Bulgaria,2019,-1.4306131601333618,1.400978684425354,5.185983657836914,5,-0.42611977458000183,-0.1327812820672989,-0.6209486722946167,-0.36331045627593994,-0.13856160640716553,-0.4808686375617981,-0.5188490152359009,0.4458352327346802,0.025738872587680817,0.11347558349370956,0.026782909408211708,0.08570881932973862,0.4593013525009155,0.0349479578435421,0.1526157706975937,0.033678267151117325,0.011326379142701626,0.0564241036772728
7,BGR,Bulgaria,2020,-2.8135833740234375,1.5358327627182007,5.185983657836914,5,-0.42611977458000183,-0.1327812820672989,-0.6209486722946167,-0.36331045627593994,-0.13856160640716553,-0.4808686375617981,-0.5188490152359009,0.4458352327346802,0.025738872587680817,0.11347558349370956,0.026782909408211708,0.08570881932973862,0.4593013525009155,0.0349479578435421,0.1526157706975937,0.033678267151117325,0.011326379142701626,0.0564241036772728
7,BGR,Bulgaria,2021,-2.0215117931365967,1.5499632358551025,5.185983657836914,5,-0.42611977458000183,-0.1327812820672989,-0.6209486722946167,-0.36331045627593994,-0.13856160640716553,-0.4808686375617981,-0.5188490152359009,0.4458352327346802,0.025738872587680817,0.11347558349370956,0.026782909408211708,0.08570881932973862,0.4593013525009155,0.0349479578435421,0.1526157706975937,0.033678267151117325,0.011326379142701626,0.0564241036772728
7,BGR,Bulgaria,2022,-0.48078346252441406,1.5250211954116821,5.185983657836914,5,-0.42611977458000183,-0.1327812820672989,-0.6209486722946167,-0.36331045627593994,-0.13856160640716553,-0.4808686375617981,-0.5188490152359009,0.4458352327346802,0.025738872587680817,0.11347558349370956,0.026782909408211708,0.08570881932973862,0.4593013525009155,0.0349479578435421,0.1526157706975937,0.033678267151117325,0.011326379142701626,0.0564241036772728
7,BGR,Bulgaria,2023,-3.970643997192383,1.4904613494873047,5.185983657836914,5,-0.42611977458000183,-0.1327812820672989,-0.6209486722946167,-0.36331045627593994,-0.13856160640716553,-0.4808686375617981,-0.5188490152359009,0.4458352327346802,0.025738872587680817,0.11347558349370956,0.026782909408211708,0.08570881932973862,0.4593013525009155,0.0349479578435421,0.1526157706975937,0.033678267151117325,0.011326379142701626,0.0564241036772728
8,BLR,Belarus,2018,-2.643580675125122,-1.0594334602355957,5.185983657836914,5,-1.5520426034927368,-0.1327812820672989,-1.4920120239257812,-0.36331045627593994,-1.8896420001983643,-0.4808686375617981,-1.2744739055633545,0.4458352327346802,0.025738872587680817,0.11347558349370956,0.026782909408211708,0.08570881932973862,0.4593013525009155,0.0349479578435421,0.1526157706975937,0.033678267151117325,0.011326379142701626,0.0564241036772728
8,BLR,Belarus,2019,-3.0715856552124023,-0.4253295063972473,5.185983657836914,5,-1.5520426034927368,-0.1327812820672989,-1.4920120239257812,-0.36331045627593994,-1.8896420001983643,-0.4808686375617981,-1.2744739055633545,0.4458352327346802,0.025738872587680817,0.11347558349370956,0.026782909408211708,0.08570881932973862,0.4593013525009155,0.0349479578435421,0.1526157706975937,0.033678267151117325,0.011326379142701626,0.0564241036772728
8,BLR,Belarus,2020,-3.0823307037353516,-0.1498020440340042,5.185983657836914,5,-1.5520426034927368,-0.1327812820672989,-1.4920120239257812,-0.36331045627593994,-1.8896420001983643,-0.4808686375617981,-1.2744739055633545,0.4458352327346802,0.025738872587680817,0.11347558349370956,0.026782909408211708,0.08570881932973862,0.4593013525009155,0.0349479578435421,0.1526157706975937,0.033678267151117325,0.011326379142701626,0.0564241036772728
8,BLR,Belarus,2021,-14.810386657714844,-0.0847557783126831,5.185983657836914,5,-1.5520426034927368,-0.1327812820672989,-1.4920120239257812,-0.36331045627593994,-1.8896420001983643,-0.4808686375617981,-1.2744739055633545,0.4458352327346802,0.025738872587680817,0.11347558349370956,0.026782909408211708,0.08570881932973862,0.4593013525009155,0.0349479578435421,0.1526157706975937,0.033678267151117325,0.011326379142701626,0.0564241036772728
8,BLR,Belarus,2022,-13.734106063842773,-0.1012801080942154,5.185983657836914,5,-1.5520426034927368,-0.1327812820672989,-1.4920120239257812,-0.36331045627593994,-1.8896420001983643,-0.4808686375617981,-1.2744739055633545,0.4458352327346802,0.025738872587680817,0.11347558349370956,0.026782909408211708,0.08570881932973862,0.4593013525009155,0.0349479578435421,0.1526157706975937,0.033678267151117325,0.011326379142701626,0.0564241036772728
8,BLR,Belarus,2023,-27.134784698486328,-0.18395335972309113,5.185983657836914,5,-1.5520426034927368,-0.1327812820672989,-1.4920120239257812,-0.36331045627593994,-1.8896420001983643,-0.4808686375617981,-1.2744739055633545,0.4458352327346802,0.025738872587680817,0.11347558349370956,0.026782909408211708,0.08570881932973862,0.4593013525009155,0.0349479578435421,0.1526157706975937,0.033678267151117325,0.011326379142701626,0.0564241036772728
9,BRA,Brazil,2018,4.812175750732422,-0.03939400613307953,5.185983657836914,5,-0.532637357711792,-0.1327812820672989,-0.5499132871627808,-0.36331045627593994,-0.37875303626060486,-0.4808686375617981,-0.669245719909668,0.4458352327346802,0.025738872587680817,0.11347558349370956,0.026782909408211708,0.08570881932973862,0.4593013525009155,0.0349479578435421,0.1526157706975937,0.033678267151117325,0.011326379142701626,0.0564241036772728
9,BRA,Brazil,2019,5.404086589813232,0.35634374618530273,5.185983657836914,5,-0.532637357711792,-0.1327812820672989,-0.5499132871627808,-0.36331045627593994,-0.37875303626060486,-0.4808686375617981,-0.669245719909668,0.4458352327346802,0.025738872587680817,0.11347558349370956,0.026782909408211708,0.08570881932973862,0.4593013525009155,0.0349479578435421,0.1526157706975937,0.033678267151117325,0.011326379142701626,0.0564241036772728
9,BRA,Brazil,2020,4.385476589202881,0.5547941327095032,5.185983657836914,5,-0.532637357711792,-0.1327812820672989,-0.5499132871627808,-0.36331045627593994,-0.37875303626060486,-0.4808686375617981,-0.669245719909668,0.4458352327346802,0.025738872587680817,0.11347558349370956,0.026782909408211708,0.08570881932973862,0.4593013525009155,0.0349479578435421,0.1526157706975937,0.033678267151117325,0.011326379142701626,0.0564241036772728
9,BRA,Brazil,2021,8.511026382446289,0.9402732253074646,5.185983657836914,5,-0.532637357711792,-0.1327812820672989,-0.5499132871627808,-0.36331045627593994,-0.37875303626060486,-0.4808686375617981,-0.669245719909668,0.4458352327346802,0.025738872587680817,0.11347558349370956,0.026782909408211708,0.08570881932973862,0.4593013525009155,0.0349479578435421,0.1526157706975937,0.033678267151117325,0.011326379142701626,0.0564241036772728
9,BRA,Brazil,2022,0.8233122229576111,0.9494736194610596,5.185983657836914,5,-0.532637357711792,-0.1327812820672989,-0.5499132871627808,-0.36331045627593994,-0.37875303626060486,-0.4808686375617981,-0.669245719909668,0.4458352327346802,0.025738872587680817,0.11347558349370956,0.026782909408211708,0.08570881932973862,0.4593013525009155,0.0349479578435421,0.1526157706975937,0.033678267151117325,0.011326379142701626,0.0564241036772728
9,BRA,Brazil,2023,-0.02414296381175518,1.0720847845077515,5.185983657836914,5,-0.532637357711792,-0.1327812820672989,-0.5499132871627808,-0.36331045627593994,-0.37875303626060486,-0.4808686375617981,-0.669245719909668,0.4458352327346802,0.025738872587680817,0.11347558349370956,0.026782909408211708,0.08570881932973862,0.4593013525009155,0.0349479578435421,0.1526157706975937,0.033678267151117325,0.011326379142701626,0.0564241036772728
10,CAN,Canada,2018,-3.718440532684326,-0.33574801683425903,5.185983657836914,5,1.2861608266830444,-0.1327812820672989,1.3746321201324463,-0.36331045627593994,1.1545178890228271,-0.4808686375617981,1.3293325901031494,0.4458352327346802,0.025738872587680817,0.11347558349370956,0.026782909408211708,0.08570881932973862,0.4593013525009155,0.0349479578435421,0.1526157706975937,0.033678267151117325,0.011326379142701626,0.0564241036772728
10,CAN,Canada,2019,-3.770698308944702,-0.5159493088722229,5.185983657836914,5,1.2861608266830444,-0.1327812820672989,1.3746321201324463,-0.36331045627593994,1.1545178890228271,-0.4808686375617981,1.3293325901031494,0.4458352327346802,0.025738872587680817,0.11347558349370956,0.026782909408211708,0.08570881932973862,0.4593013525009155,0.0349479578435421,0.1526157706975937,0.033678267151117325,0.011326379142701626,0.0564241036772728
10,CAN,Canada,2020,-4.2692484855651855,-0.9934593439102173,5.185983657836914,5,1.2861608266830444,-0.1327812820672989,1.3746321201324463,-0.36331045627593994,1.1545178890228271,-0.4808686375617981,1.3293325901031494,0.4458352327346802,0.025738872587680817,0.11347558349370956,0.026782909408211708,0.08570881932973862,0.4593013525009155,0.0349479578435421,0.1526157706975937,0.033678267151117325,0.011326379142701626,0.0564241036772728
10,CAN,Canada,2021,-4.04820442199707,-1.44096839427948,5.185983657836914,5,1.2861608266830444,-0.1327812820672989,1.3746321201324463,-0.36331045627593994,1.1545178890228271,-0.4808686375617981,1.3293325901031494,0.4458352327346802,0.025738872587680817,0.11347558349370956,0.026782909408211708,0.08570881932973862,0.4593013525009155,0.0349479578435421,0.1526157706975937,0.033678267151117325,0.011326379142701626,0.0564241036772728
10,CAN,Canada,2022,-4.334720611572266,-1.803106665611267,5.185983657836914,5,1.2861608266830444,-0.1327812820672989,1.3746321201324463,-0.36331045627593994,1.1545178890228271,-0.4808686375617981,1.3293325901031494,0.4458352327346802,0.025738872587680817,0.11347558349370956,0.026782909408211708,0.08570881932973862,0.4593013525009155,0.0349479578435421,0.1526157706975937,0.033678267151117325,0.011326379142701626,0.0564241036772728
10,CAN,Canada,2023,-3.507607936859131,-2.062969207763672,5.185983657836914,5,1.2861608266830444,-0.1327812820672989,1.3746321201324463,-0.36331045627593994,1.1545178890228271,-0.4808686375617981,1.3293325901031494,0.4458352327346802,0.025738872587680817,0.11347558349370956,0.026782909408211708,0.08570881932973862,0.4593013525009155,0.0349479578435421,0.1526157706975937,0.033678267151117325,0.011326379142701626,0.0564241036772728
11,CHE,Switzerland,2018,1.0894922018051147,1.025740623474121,5.185983657836914,5,1.412360668182373,-0.1327812820672989,1.4461179971694946,-0.36331045627593994,1.2956862449645996,-0.4808686375617981,1.4952778816223145,0.4458352327346802,0.025738872587680817,0.11347558349370956,0.026782909408211708,0.08570881932973862,0.4593013525009155,0.0349479578435421,0.1526157706975937,0.033678267151117325,0.011326379142701626,0.0564241036772728
11,CHE,Switzerland,2019,0.49372902512550354,0.7089619040489197,5.185983657836914,5,1.412360668182373,-0.1327812820672989,1.4461179971694946,-0.36331045627593994,1.2956862449645996,-0.4808686375617981,1.4952778816223145,0.4458352327346802,0.025738872587680817,0.11347558349370956,0.026782909408211708,0.08570881932973862,0.4593013525009155,0.0349479578435421,0.1526157706975937,0.033678267151117325,0.011326379142701626,0.0564241036772728
11,CHE,Switzerland,2020,1.5537232160568237,0.374401330947876,5.185983657836914,5,1.412360668182373,-0.1327812820672989,1.4461179971694946,-0.36331045627593994,1.2956862449645996,-0.4808686375617981,1.4952778816223145,0.4458352327346802,0.025738872587680817,0.11347558349370956,0.026782909408211708,0.08570881932973862,0.4593013525009155,0.0349479578435421,0.1526157706975937,0.033678267151117325,0.011326379142701626,0.0564241036772728
11,CHE,Switzerland,2021,3.0005764961242676,0.11463992297649384,5.185983657836914,5,1.412360668182373,-0.1327812820672989,1.4461179971694946,-0.36331045627593994,1.2956862449645996,-0.4808686375617981,1.4952778816223145,0.4458352327346802,0.025738872587680817,0.11347558349370956,0.026782909408211708,0.08570881932973862,0.4593013525009155,0.0349479578435421,0.1526157706975937,0.033678267151117325,0.011326379142701626,0.0564241036772728
11,CHE,Switzerland,2022,2.025691270828247,-0.07455624639987946,5.185983657836914,5,1.412360668182373,-0.1327812820672989,1.4461179971694946,-0.36331045627593994,1.2956862449645996,-0.4808686375617981,1.4952778816223145,0.4458352327346802,0.025738872587680817,0.11347558349370956,0.026782909408211708,0.08570881932973862,0.4593013525009155,0.0349479578435421,0.1526157706975937,0.033678267151117325,0.011326379142701626,0.0564241036772728
11,CHE,Switzerland,2023,-4.210478782653809,-0.17827685177326202,5.185983657836914,5,1.412360668182373,-0.1327812820672989,1.4461179971694946,-0.36331045627593994,1.2956862449645996,-0.4808686375617981,1.4952778816223145,0.4458352327346802,0.025738872587680817,0.11347558349370956,0.026782909408211708,0.08570881932973862,0.4593013525009155,0.0349479578435421,0.1526157706975937,0.033678267151117325,0.011326379142701626,0.0564241036772728
12,CHL,Chile,2018,1.4454405307769775,0.23555640876293182,5.185983657836914,5,0.8483307957649231,-0.1327812820672989,0.667232871055603,-0.36331045627593994,1.016435146331787,-0.4808686375617981,0.8613244891166687,0.4458352327346802,0.025738872587680817,0.11347558349370956,0.026782909408211708,0.08570881932973862,0.4593013525009155,0.0349479578435421,0.1526157706975937,0.033678267151117325,0.011326379142701626,0.0564241036772728
12,CHL,Chile,2019,1.1679426431655884,0.8437416553497314,5.185983657836914,5,0.8483307957649231,-0.1327812820672989,0.667232871055603,-0.36331045627593994,1.016435146331787,-0.4808686375617981,0.8613244891166687,0.4458352327346802,0.025738872587680817,0.11347558349370956,0.026782909408211708,0.08570881932973862,0.4593013525009155,0.0349479578435421,0.1526157706975937,0.033678267151117325,0.011326379142701626,0.0564241036772728
12,CHL,Chile,2020,0.7698724865913391,1.085200548171997,5.185983657836914,5,0.8483307957649231,-0.1327812820672989,0.667232871055603,-0.36331045627593994,1.016435146331787,-0.4808686375617981,0.8613244891166687,0.4458352327346802,0.025738872587680817,0.11347558349370956,0.026782909408211708,0.08570881932973862,0.4593013525009155,0.0349479578435421,0.1526157706975937,0.033678267151117325,0.011326379142701626,0.0564241036772728
12,CHL,Chile,2021,0.5402398705482483,1.1874996423721313,5.185983657836914,5,0.8483307957649231,-0.1327812820672989,0.667232871055603,-0.36331045627593994,1.016435146331787,-0.4808686375617981,0.8613244891166687,0.4458352327346802,0.025738872587680817,0.11347558349370956,0.026782909408211708,0.08570881932973862,0.4593013525009155,0.0349479578435421,0.1526157706975937,0.033678267151117325,0.011326379142701626,0.0564241036772728
12,CHL,Chile,2022,-0.5233001708984375,1.2055267095565796,5.185983657836914,5,0.8483307957649231,-0.1327812820672989,0.667232871055603,-0.36331045627593994,1.016435146331787,-0.4808686375617981,0.8613244891166687,0.4458352327346802,0.025738872587680817,0.11347558349370956,0.026782909408211708,0.08570881932973862,0.4593013525009155,0.0349479578435421,0.1526157706975937,0.033678267151117325,0.011326379142701626,0.0564241036772728
12,CHL,Chile,2023,-1.9592610597610474,1.2371268272399902,5.185983657836914,5,0.8483307957649231,-0.1327812820672989,0.667232871055603,-0.36331045627593994,1.016435146331787,-0.4808686375617981,0.8613244891166687,0.4458352327346802,0.025738872587680817,0.11347558349370956,0.026782909408211708,0.08570881932973862,0.4593013525009155,0.0349479578435421,0.1526157706975937,0.033678267151117325,0.011326379142701626,0.0564241036772728
13,CHN,China,2018,-8.663586616516113,1.4342252016067505,5.185983657836914,5,-0.8438493609428406,-0.1327812820672989,-0.7442506551742554,-0.36331045627593994,-0.7500977516174316,-0.4808686375617981,-1.03719961643219,0.4458352327346802,0.025738872587680817,0.11347558349370956,0.026782909408211708,0.08570881932973862,0.4593013525009155,0.0349479578435421,0.1526157706975937,0.033678267151117325,0.011326379142701626,0.0564241036772728
13,CHN,China,2019,-9.760994911193848,0.879059374332428,5.185983657836914,5,-0.8438493609428406,-0.1327812820672989,-0.7442506551742554,-0.36331045627593994,-0.7500977516174316,-0.4808686375617981,-1.03719961643219,0.4458352327346802,0.025738872587680817,0.11347558349370956,0.026782909408211708,0.08570881932973862,0.4593013525009155,0.0349479578435421,0.1526157706975937,0.033678267151117325,0.011326379142701626,0.0564241036772728
13,CHN,China,2020,-10.60916519165039,0.21298319101333618,5.185983657836914,5,-0.8438493609428406,-0.1327812820672989,-0.7442506551742554,-0.36331045627593994,-0.7500977516174316,-0.4808686375617981,-1.03719961643219,0.4458352327346802,0.025738872587680817,0.11347558349370956,0.026782909408211708,0.08570881932973862,0.4593013525009155,0.0349479578435421,0.1526157706975937,0.033678267151117325,0.011326379142701626,0.0564241036772728
13,CHN,China,2021,-11.069491386413574,-0.40688109397888184,5.185983657836914,5,-0.8438493609428406,-0.1327812820672989,-0.7442506551742554,-0.36331045627593994,-0.7500977516174316,-0.4808686375617981,-1.03719961643219,0.4458352327346802,0.025738872587680817,0.11347558349370956,0.026782909408211708,0.08570881932973862,0.4593013525009155,0.0349479578435421,0.1526157706975937,0.033678267151117325,0.011326379142701626,0.0564241036772728
13,CHN,China,2022,-11.851537704467773,-0.8115971684455872,5.185983657836914,5,-0.8438493609428406,-0.1327812820672989,-0.7442506551742554,-0.36331045627593994,-0.7500977516174316,-0.4808686375617981,-1.03719961643219,0.4458352327346802,0.025738872587680817,0.11347558349370956,0.026782909408211708,0.08570881932973862,0.4593013525009155,0.0349479578435421,0.1526157706975937,0.033678267151117325,0.011326379142701626,0.0564241036772728
13,CHN,China,2023,-12.087423324584961,-1.045310616493225,5.185983657836914,5,-0.8438493609428406,-0.1327812820672989,-0.7442506551742554,-0.36331045627593994,-0.7500977516174316,-0.4808686375617981,-1.03719961643219,0.4458352327346802,0.025738872587680817,0.11347558349370956,0.026782909408211708,0.08570881932973862,0.4593013525009155,0.0349479578435421,0.1526157706975937,0.033678267151117325,0.011326379142701626,0.0564241036772728
14,COL,Colombia,2018,0.3820185363292694,-1.610357642173767,5.185983657836914,5,-0.757061779499054,-0.1327812820672989,-0.7152259349822998,-0.36331045627593994,-0.5119652152061462,-0.4808686375617981,-1.0439940690994263,0.4458352327346802,0.025738872587680817,0.11347558349370956,0.026782909408211708,0.08570881932973862,0.4593013525009155,0.0349479578435421,0.1526157706975937,0.033678267151117325,0.011326379142701626,0.0564241036772728
14,COL,Colombia,2019,2.6013519763946533,-1.189127802848816,5.185983657836914,5,-0.757061779499054,-0.1327812820672989,-0.7152259349822998,-0.36331045627593994,-0.5119652152061462,-0.4808686375617981,-1.0439940690994263,0.4458352327346802,0.025738872587680817,0.11347558349370956,0.026782909408211708,0.08570881932973862,0.4593013525009155,0.0349479578435421,0.1526157706975937,0.033678267151117325,0.011326379142701626,0.0564241036772728
14,COL,Colombia,2020,3.8599977493286133,-1.1650255918502808,5.185983657836914,5,-0.757061779499054,-0.1327812820672989,-0.7152259349822998,-0.36331045627593994,-0.5119652152061462,-0.4808686375617981,-1.0439940690994263,0.4458352327346802,0.025738872587680817,0.11347558349370956,0.026782909408211708,0.08570881932973862,0.4593013525009155,0.0349479578435421,0.1526157706975937,0.033678267151117325,0.011326379142701626,0.0564241036772728
14,COL,Colombia,2021,0.7301899194717407,-1.3208433389663696,5.185983657836914,5,-0.757061779499054,-0.1327812820672989,-0.7152259349822998,-0.36331045627593994,-0.5119652152061462,-0.4808686375617981,-1.0439940690994263,0.4458352327346802,0.025738872587680817,0.11347558349370956,0.026782909408211708,0.08570881932973862,0.4593013525009155,0.0349479578435421,0.1526157706975937,0.033678267151117325,0.011326379142701626,0.0564241036772728
14,COL,Colombia,2022,0.9924597144126892,-1.3169292211532593,5.185983657836914,5,-0.757061779499054,-0.1327812820672989,-0.7152259349822998,-0.36331045627593994,-0.5119652152061462,-0.4808686375617981,-1.0439940690994263,0.4458352327346802,0.025738872587680817,0.11347558349370956,0.026782909408211708,0.08570881932973862,0.4593013525009155,0.0349479578435421,0.1526157706975937,0.033678267151117325,0.011326379142701626,0.0564241036772728
14,COL,Colombia,2023,3.7653815746307373,-1.5705173015594482,5.185983657836914,5,-0.757061779499054,-0.1327812820672989,-0.7152259349822998,-0.36331045627593994,-0.5119652152061462,-0.4808686375617981,-1.0439940690994263,0.4458352327346802,0.025738872587680817,0.11347558349370956,0.026782909408211708,0.08570881932973862,0.4593013525009155,0.0349479578435421,0.1526157706975937,0.033678267151117325,0.011326379142701626,0.0564241036772728
15,CYP,Cyprus,2018,-11.052656173706055,-0.8165397047996521,5.185983657836914,5,0.7725202441215515,-0.1327812820672989,0.8672822117805481,-0.36331045627593994,0.7250233292579651,-0.4808686375617981,0.725255012512207,0.4458352327346802,0.025738872587680817,0.11347558349370956,0.026782909408211708,0.08570881932973862,0.4593013525009155,0.0349479578435421,0.1526157706975937,0.033678267151117325,0.011326379142701626,0.0564241036772728
15,CYP,Cyprus,2019,-11.571080207824707,-1.0241340398788452,5.185983657836914,5,0.7725202441215515,-0.1327812820672989,0.8672822117805481,-0.36331045627593994,0.7250233292579651,-0.4808686375617981,0.725255012512207,0.4458352327346802,0.025738872587680817,0.11347558349370956,0.026782909408211708,0.08570881932973862,0.4593013525009155,0.0349479578435421,0.1526157706975937,0.033678267151117325,0.011326379142701626,0.0564241036772728
15,CYP,Cyprus,2020,-14.400252342224121,-1.4689501523971558,5.185983657836914,5,0.7725202441215515,-0.1327812820672989,0.8672822117805481,-0.36331045627593994,0.7250233292579651,-0.4808686375617981,0.725255012512207,0.4458352327346802,0.025738872587680817,0.11347558349370956,0.026782909408211708,0.08570881932973862,0.4593013525009155,0.0349479578435421,0.1526157706975937,0.033678267151117325,0.011326379142701626,0.0564241036772728
15,CYP,Cyprus,2021,-17.67461395263672,-1.9498804807662964,5.185983657836914,5,0.7725202441215515,-0.1327812820672989,0.8672822117805481,-0.36331045627593994,0.7250233292579651,-0.4808686375617981,0.725255012512207,0.4458352327346802,0.025738872587680817,0.11347558349370956,0.026782909408211708,0.08570881932973862,0.4593013525009155,0.0349479578435421,0.1526157706975937,0.033678267151117325,0.011326379142701626,0.0564241036772728
15,CYP,Cyprus,2022,-19.47079086303711,-2.329573154449463,5.185983657836914,5,0.7725202441215515,-0.1327812820672989,0.8672822117805481,-0.36331045627593994,0.7250233292579651,-0.4808686375617981,0.725255012512207,0.4458352327346802,0.025738872587680817,0.11347558349370956,0.026782909408211708,0.08570881932973862,0.4593013525009155,0.0349479578435421,0.1526157706975937,0.033678267151117325,0.011326379142701626,0.0564241036772728
15,CYP,Cyprus,2023,-23.38113784790039,-2.584730625152588,5.185983657836914,5,0.7725202441215515,-0.1327812820672989,0.8672822117805481,-0.36331045627593994,0.7250233292579651,-0.4808686375617981,0.725255012512207,0.4458352327346802,0.025738872587680817,0.11347558349370956,0.026782909408211708,0.08570881932973862,0.4593013525009155,0.0349479578435421,0.1526157706975937,0.033678267151117325,0.011326379142701626,0.0564241036772728
16,CZE,Czechia,2018,-2.3009228706359863,-0.9925169944763184,5.185983657836914,5,0.365255743265152,-0.1327812820672989,0.28039175271987915,-0.36331045627593994,0.4478796720504761,-0.4808686375617981,0.3674957752227783,0.4458352327346802,0.025738872587680817,0.11347558349370956,0.026782909408211708,0.08570881932973862,0.4593013525009155,0.0349479578435421,0.1526157706975937,0.033678267151117325,0.011326379142701626,0.0564241036772728
16,CZE,Czechia,2019,-2.761939525604248,-0.656744122505188,5.185983657836914,5,0.365255743265152,-0.1327812820672989,0.28039175271987915,-0.36331045627593994,0.4478796720504761,-0.4808686375617981,0.3674957752227783,0.4458352327346802,0.025738872587680817,0.11347558349370956,0.026782909408211708,0.08570881932973862,0.4593013525009155,0.0349479578435421,0.1526157706975937,0.033678267151117325,0.011326379142701626,0.0564241036772728
16,CZE,Czechia,2020,-3.448472261428833,-0.6230137348175049,5.185983657836914,5,0.365255743265152,-0.1327812820672989,0.28039175271987915,-0.36331045627593994,0.4478796720504761,-0.4808686375617981,0.3674957752227783,0.4458352327346802,0.025738872587680817,0.11347558349370956,0.026782909408211708,0.08570881932973862,0.4593013525009155,0.0349479578435421,0.1526157706975937,0.033678267151117325,0.011326379142701626,0.0564241036772728
16,CZE,Czechia,2021,-3.2644777297973633,-0.7020028233528137,5.185983657836914,5,0.365255743265152,-0.1327812820672989,0.28039175271987915,-0.36331045627593994,0.4478796720504761,-0.4808686375617981,0.3674957752227783,0.4458352327346802,0.025738872587680817,0.11347558349370956,0.026782909408211708,0.08570881932973862,0.4593013525009155,0.0349479578435421,0.1526157706975937,0.033678267151117325,0.011326379142701626,0.0564241036772728
16,CZE,Czechia,2022,-3.0018773078918457,-0.8115500211715698,5.185983657836914,5,0.365255743265152,-0.1327812820672989,0.28039175271987915,-0.36331045627593994,0.4478796720504761,-0.4808686375617981,0.3674957752227783,0.4458352327346802,0.025738872587680817,0.11347558349370956,0.026782909408211708,0.08570881932973862,0.4593013525009155,0.0349479578435421,0.1526157706975937,0.033678267151117325,0.011326379142701626,0.0564241036772728
16,CZE,Czechia,2023,-3.7278714179992676,-0.9075910449028015,5.185983657836914,5,0.365255743265152,-0.1327812820672989,0.28039175271987915,-0.36331045627593994,0.4478796720504761,-0.4808686375617981,0.3674957752227783,0.4458352327346802,0.025738872587680817,0.11347558349370956,0.026782909408211708,0.08570881932973862,0.4593013525009155,0.0349479578435421,0.1526157706975937,0.033678267151117325,0.011326379142701626,0.0564241036772728
17,DEU,Germany,2018,-4.408335208892822,-0.28347498178482056,5.185983657836914,5,1.162001371383667,-0.1327812820672989,1.2181392908096313,-0.36331045627593994,0.9860901236534119,-0.4808686375617981,1.2817747592926025,0.4458352327346802,0.025738872587680817,0.11347558349370956,0.026782909408211708,0.08570881932973862,0.4593013525009155,0.0349479578435421,0.1526157706975937,0.033678267151117325,0.011326379142701626,0.0564241036772728
17,DEU,Germany,2019,-7.129828929901123,-0.20598526298999786,5.185983657836914,5,1.162001371383667,-0.1327812820672989,1.2181392908096313,-0.36331045627593994,0.9860901236534119,-0.4808686375617981,1.2817747592926025,0.4458352327346802,0.025738872587680817,0.11347558349370956,0.026782909408211708,0.08570881932973862,0.4593013525009155,0.0349479578435421,0.1526157706975937,0.033678267151117325,0.011326379142701626,0.0564241036772728
17,DEU,Germany,2020,-8.748512268066406,-0.36086636781692505,5.185983657836914,5,1.162001371383667,-0.1327812820672989,1.2181392908096313,-0.36331045627593994,0.9860901236534119,-0.4808686375617981,1.2817747592926025,0.4458352327346802,0.025738872587680817,0.11347558349370956,0.026782909408211708,0.08570881932973862,0.4593013525009155,0.0349479578435421,0.1526157706975937,0.033678267151117325,0.011326379142701626,0.0564241036772728
17,DEU,Germany,2021,-7.036392688751221,-0.5688858032226562,5.185983657836914,5,1.162001371383667,-0.1327812820672989,1.2181392908096313,-0.36331045627593994,0.9860901236534119,-0.4808686375617981,1.2817747592926025,0.4458352327346802,0.025738872587680817,0.11347558349370956,0.026782909408211708,0.08570881932973862,0.4593013525009155,0.0349479578435421,0.1526157706975937,0.033678267151117325,0.011326379142701626,0.0564241036772728
17,DEU,Germany,2022,-5.935337066650391,-0.7516610026359558,5.185983657836914,5,1.162001371383667,-0.1327812820672989,1.2181392908096313,-0.36331045627593994,0.9860901236534119,-0.4808686375617981,1.2817747592926025,0.4458352327346802,0.025738872587680817,0.11347558349370956,0.026782909408211708,0.08570881932973862,0.4593013525009155,0.0349479578435421,0.1526157706975937,0.033678267151117325,0.011326379142701626,0.0564241036772728
17,DEU,Germany,2023,-8.335287094116211,-0.900008499622345,5.185983657836914,5,1.162001371383667,-0.1327812820672989,1.2181392908096313,-0.36331045627593994,0.9860901236534119,-0.4808686375617981,1.2817747592926025,0.4458352327346802,0.025738872587680817,0.11347558349370956,0.026782909408211708,0.08570881932973862,0.4593013525009155,0.0349479578435421,0.1526157706975937,0.033678267151117325,0.011326379142701626,0.0564241036772728
18,DNK,Denmark,2018,-4.1028218269348145,-0.6795645952224731,5.185983657836914,5,1.5067936182022095,-0.1327812820672989,1.5459808111190796,-0.36331045627593994,1.4523217678070068,-0.4808686375617981,1.522078514099121,0.4458352327346802,0.025738872587680817,0.11347558349370956,0.026782909408211708,0.08570881932973862,0.4593013525009155,0.0349479578435421,0.1526157706975937,0.033678267151117325,0.011326379142701626,0.0564241036772728
18,DNK,Denmark,2019,-5.251770973205566,-0.47188425064086914,5.185983657836914,5,1.5067936182022095,-0.1327812820672989,1.5459808111190796,-0.36331045627593994,1.4523217678070068,-0.4808686375617981,1.522078514099121,0.4458352327346802,0.025738872587680817,0.11347558349370956,0.026782909408211708,0.08570881932973862,0.4593013525009155,0.0349479578435421,0.1526157706975937,0.033678267151117325,0.011326379142701626,0.0564241036772728
18,DNK,Denmark,2020,-5.442167282104492,-0.49713730812072754,5.185983657836914,5,1.5067936182022095,-0.1327812820672989,1.5459808111190796,-0.36331045627593994,1.4523217678070068,-0.4808686375617981,1.522078514099121,0.4458352327346802,0.025738872587680817,0.11347558349370956,0.026782909408211708,0.08570881932973862,0.4593013525009155,0.0349479578435421,0.1526157706975937,0.033678267151117325,0.011326379142701626,0.0564241036772728
18,DNK,Denmark,2021,-5.020071029663086,-0.5717214345932007,5.185983657836914,5,1.5067936182022095,-0.1327812820672989,1.5459808111190796,-0.36331045627593994,1.4523217678070068,-0.4808686375617981,1.522078514099121,0.4458352327346802,0.025738872587680817,0.11347558349370956,0.026782909408211708,0.08570881932973862,0.4593013525009155,0.0349479578435421,0.1526157706975937,0.033678267151117325,0.011326379142701626,0.0564241036772728
18,DNK,Denmark,2022,-5.26057767868042,-0.6341208219528198,5.185983657836914,5,1.5067936182022095,-0.1327812820672989,1.5459808111190796,-0.36331045627593994,1.4523217678070068,-0.4808686375617981,1.522078514099121,0.4458352327346802,0.025738872587680817,0.11347558349370956,0.026782909408211708,0.08570881932973862,0.4593013525009155,0.0349479578435421,0.1526157706975937,0.033678267151117325,0.011326379142701626,0.0564241036772728
18,DNK,Denmark,2023,-5.907427787780762,-0.6997978687286377,5.185983657836914,5,1.5067936182022095,-0.1327812820672989,1.5459808111190796,-0.36331045627593994,1.4523217678070068,-0.4808686375617981,1.522078514099121,0.4458352327346802,0.025738872587680817,0.11347558349370956,0.026782909408211708,0.08570881932973862,0.4593013525009155,0.0349479578435421,0.1526157706975937,0.033678267151117325,0.011326379142701626,0.0564241036772728
19,DZA,Algeria,2018,-1.3783005475997925,-0.7188044786453247,5.185983657836914,5,-1.204992651939392,-0.1327812820672989,-1.152233362197876,-0.36331045627593994,-1.2305991649627686,-0.4808686375617981,-1.2321451902389526,0.4458352327346802,0.025738872587680817,0.11347558349370956,0.026782909408211708,0.08570881932973862,0.4593013525009155,0.0349479578435421,0.1526157706975937,0.033678267151117325,0.011326379142701626,0.0564241036772728
19,DZA,Algeria,2019,-1.3506704568862915,-0.2690877318382263,5.185983657836914,5,-1.204992651939392,-0.1327812820672989,-1.152233362197876,-0.36331045627593994,-1.2305991649627686,-0.4808686375617981,-1.2321451902389526,0.4458352327346802,0.025738872587680817,0.11347558349370956,0.026782909408211708,0.08570881932973862,0.4593013525009155,0.0349479578435421,0.1526157706975937,0.033678267151117325,0.011326379142701626,0.0564241036772728
19,DZA,Algeria,2020,-1.4138250350952148,-0.18197424709796906,5.185983657836914,5,-1.204992651939392,-0.1327812820672989,-1.152233362197876,-0.36331045627593994,-1.2305991649627686,-0.4808686375617981,-1.2321451902389526,0.4458352327346802,0.025738872587680817,0.11347558349370956,0.026782909408211708,0.08570881932973862,0.4593013525009155,0.0349479578435421,0.1526157706975937,0.033678267151117325,0.011326379142701626,0.0564241036772728
19,DZA,Algeria,2021,-1.0506858825683594,-0.2961750626564026,5.185983657836914,5,-1.204992651939392,-0.1327812820672989,-1.152233362197876,-0.36331045627593994,-1.2305991649627686,-0.4808686375617981,-1.2321451902389526,0.4458352327346802,0.025738872587680817,0.11347558349370956,0.026782909408211708,0.08570881932973862,0.4593013525009155,0.0349479578435421,0.1526157706975937,0.033678267151117325,0.011326379142701626,0.0564241036772728
19,DZA,Algeria,2022,-1.0033199787139893,-0.5249261856079102,5.185983657836914,5,-1.204992651939392,-0.1327812820672989,-1.152233362197876,-0.36331045627593994,-1.2305991649627686,-0.4808686375617981,-1.2321451902389526,0.4458352327346802,0.025738872587680817,0.11347558349370956,0.026782909408211708,0.08570881932973862,0.4593013525009155,0.0349479578435421,0.1526157706975937,0.033678267151117325,0.011326379142701626,0.0564241036772728
19,DZA,Algeria,2023,-1.0033199787139893,-0.6545949578285217,5.185983657836914,5,-1.204992651939392,-0.1327812820672989,-1.152233362197876,-0.36331045627593994,-1.2305991649627686,-0.4808686375617981,-1.2321451902389526,0.4458352327346802,0.025738872587680817,0.11347558349370956,0.026782909408211708,0.08570881932973862,0.4593013525009155,0.0349479578435421,0.1526157706975937,0.033678267151117325,0.011326379142701626,0.0564241036772728
20,ECU,Ecuador,2018,-1.1428673267364502,0.9041255712509155,5.185983657836914,5,-1.2054944038391113,-0.1327812820672989,-1.1715943813323975,-0.36331045627593994,-1.2544611692428589,-0.4808686375617981,-1.1904276609420776,0.4458352327346802,0.025738872587680817,0.11347558349370956,0.026782909408211708,0.08570881932973862,0.4593013525009155,0.0349479578435421,0.1526157706975937,0.033678267151117325,0.011326379142701626,0.0564241036772728
20,ECU,Ecuador,2019,-1.7627936601638794,1.1356005668640137,5.185983657836914,5,-1.2054944038391113,-0.1327812820672989,-1.1715943813323975,-0.36331045627593994,-1.2544611692428589,-0.4808686375617981,-1.1904276609420776,0.4458352327346802,0.025738872587680817,0.11347558349370956,0.026782909408211708,0.08570881932973862,0.4593013525009155,0.0349479578435421,0.1526157706975937,0.033678267151117325,0.011326379142701626,0.0564241036772728
20,ECU,Ecuador,2020,-1.9658561944961548,1.1056514978408813,5.185983657836914,5,-1.2054944038391113,-0.1327812820672989,-1.1715943813323975,-0.36331045627593994,-1.2544611692428589,-0.4808686375617981,-1.1904276609420776,0.4458352327346802,0.025738872587680817,0.11347558349370956,0.026782909408211708,0.08570881932973862,0.4593013525009155,0.0349479578435421,0.1526157706975937,0.033678267151117325,0.011326379142701626,0.0564241036772728
20,ECU,Ecuador,2021,-2.1342613697052,1.178748369216919,5.185983657836914,5,-1.2054944038391113,-0.1327812820672989,-1.1715943813323975,-0.36331045627593994,-1.2544611692428589,-0.4808686375617981,-1.1904276609420776,0.4458352327346802,0.025738872587680817,0.11347558349370956,0.026782909408211708,0.08570881932973862,0.4593013525009155,0.0349479578435421,0.1526157706975937,0.033678267151117325,0.011326379142701626,0.0564241036772728
20,ECU,Ecuador,2022,-1.612612009048462,1.1799589395523071,5.185983657836914,5,-1.2054944038391113,-0.1327812820672989,-1.1715943813323975,-0.36331045627593994,-1.2544611692428589,-0.4808686375617981,-1.1904276609420776,0.4458352327346802,0.025738872587680817,0.11347558349370956,0.026782909408211708,0.08570881932973862,0.4593013525009155,0.0349479578435421,0.1526157706975937,0.033678267151117325,0.011326379142701626,0.0564241036772728
20,ECU,Ecuador,2023,-1.6925028562545776,1.2286306619644165,5.185983657836914,5,-1.2054944038391113,-0.1327812820672989,-1.1715943813323975,-0.36331045627593994,-1.2544611692428589,-0.4808686375617981,-1.1904276609420776,0.4458352327346802,0.025738872587680817,0.11347558349370956,0.026782909408211708,0.08570881932973862,0.4593013525009155,0.0349479578435421,0.1526157706975937,0.033678267151117325,0.011326379142701626,0.0564241036772728
21,EGY,Egypt,2018,1.8549280166625977,-0.40551525354385376,5.185983657836914,5,-0.7224758267402649,-0.1327812820672989,-0.816137969493866,-0.36331045627593994,-0.7838069200515747,-0.4808686375617981,-0.5674826502799988,0.4458352327346802,0.025738872587680817,0.11347558349370956,0.026782909408211708,0.08570881932973862,0.4593013525009155,0.0349479578435421,0.1526157706975937,0.033678267151117325,0.011326379142701626,0.0564241036772728
21,EGY,Egypt,2019,1.397194504737854,0.18986915051937103,5.185983657836914,5,-0.7224758267402649,-0.1327812820672989,-0.816137969493866,-0.36331045627593994,-0.7838069200515747,-0.4808686375617981,-0.5674826502799988,0.4458352327346802,0.025738872587680817,0.11347558349370956,0.026782909408211708,0.08570881932973862,0.4593013525009155,0.0349479578435421,0.1526157706975937,0.033678267151117325,0.011326379142701626,0.0564241036772728
21,EGY,Egypt,2020,0.7784237861633301,0.3857572078704834,5.185983657836914,5,-0.7224758267402649,-0.1327812820672989,-0.816137969493866,-0.36331045627593994,-0.7838069200515747,-0.4808686375617981,-0.5674826502799988,0.4458352327346802,0.025738872587680817,0.11347558349370956,0.026782909408211708,0.08570881932973862,0.4593013525009155,0.0349479578435421,0.1526157706975937,0.033678267151117325,0.011326379142701626,0.0564241036772728
21,EGY,Egypt,2021,0.7313584089279175,0.32074612379074097,5.185983657836914,5,-0.7224758267402649,-0.1327812820672989,-0.816137969493866,-0.36331045627593994,-0.7838069200515747,-0.4808686375617981,-0.5674826502799988,0.4458352327346802,0.025738872587680817,0.11347558349370956,0.026782909408211708,0.08570881932973862,0.4593013525009155,0.0349479578435421,0.1526157706975937,0.033678267151117325,0.011326379142701626,0.0564241036772728
21,EGY,Egypt,2022,0.8227205872535706,0.15145038068294525,5.185983657836914,5,-0.7224758267402649,-0.1327812820672989,-0.816137969493866,-0.36331045627593994,-0.7838069200515747,-0.4808686375617981,-0.5674826502799988,0.4458352327346802,0.025738872587680817,0.11347558349370956,0.026782909408211708,0.08570881932973862,0.4593013525009155,0.0349479578435421,0.1526157706975937,0.033678267151117325,0.011326379142701626,0.0564241036772728
21,EGY,Egypt,2023,0.880398690700531,-0.007466539740562439,5.185983657836914,5,-0.7224758267402649,-0.1327812820672989,-0.816137969493866,-0.36331045627593994,-0.7838069200515747,-0.4808686375617981,-0.5674826502799988,0.4458352327346802,0.025738872587680817,0.11347558349370956,0.026782909408211708,0.08570881932973862,0.4593013525009155,0.0349479578435421,0.1526157706975937,0.033678267151117325,0.011326379142701626,0.0564241036772728
22,ESP,Spain,2018,-2.3918983936309814,0.5838915109634399,5.185983657836914,5,0.789492130279541,-0.1327812820672989,0.8293587565422058,-0.36331045627593994,0.796362042427063,-0.4808686375617981,0.7427557706832886,0.4458352327346802,0.025738872587680817,0.11347558349370956,0.026782909408211708,0.08570881932973862,0.4593013525009155,0.0349479578435421,0.1526157706975937,0.033678267151117325,0.011326379142701626,0.0564241036772728
22,ESP,Spain,2019,-3.220625877380371,0.40323972702026367,5.185983657836914,5,0.789492130279541,-0.1327812820672989,0.8293587565422058,-0.36331045627593994,0.796362042427063,-0.4808686375617981,0.7427557706832886,0.4458352327346802,0.025738872587680817,0.11347558349370956,0.026782909408211708,0.08570881932973862,0.4593013525009155,0.0349479578435421,0.1526157706975937,0.033678267151117325,0.011326379142701626,0.0564241036772728
22,ESP,Spain,2020,-4.112740993499756,0.03290081024169922,5.185983657836914,5,0.789492130279541,-0.1327812820672989,0.8293587565422058,-0.36331045627593994,0.796362042427063,-0.4808686375617981,0.7427557706832886,0.4458352327346802,0.025738872587680817,0.11347558349370956,0.026782909408211708,0.08570881932973862,0.4593013525009155,0.0349479578435421,0.1526157706975937,0.033678267151117325,0.011326379142701626,0.0564241036772728
22,ESP,Spain,2021,-4.21701192855835,-0.3944095969200134,5.185983657836914,5,0.789492130279541,-0.1327812820672989,0.8293587565422058,-0.36331045627593994,0.796362042427063,-0.4808686375617981,0.7427557706832886,0.4458352327346802,0.025738872587680817,0.11347558349370956,0.026782909408211708,0.08570881932973862,0.4593013525009155,0.0349479578435421,0.1526157706975937,0.033678267151117325,0.011326379142701626,0.0564241036772728
22,ESP,Spain,2022,-3.774611234664917,-0.7996160387992859,5.185983657836914,5,0.789492130279541,-0.1327812820672989,0.8293587565422058,-0.36331045627593994,0.796362042427063,-0.4808686375617981,0.7427557706832886,0.4458352327346802,0.025738872587680817,0.11347558349370956,0.026782909408211708,0.08570881932973862,0.4593013525009155,0.0349479578435421,0.1526157706975937,0.033678267151117325,0.011326379142701626,0.0564241036772728
22,ESP,Spain,2023,-4.671977519989014,-1.0515280961990356,5.185983657836914,5,0.789492130279541,-0.1327812820672989,0.8293587565422058,-0.36331045627593994,0.796362042427063,-0.4808686375617981,0.7427557706832886,0.4458352327346802,0.025738872587680817,0.11347558349370956,0.026782909408211708,0.08570881932973862,0.4593013525009155,0.0349479578435421,0.1526157706975937,0.033678267151117325,0.011326379142701626,0.0564241036772728
23,EST,Estonia,2018,-4.833373069763184,-1.0181268453598022,5.185983657836914,5,0.5303884744644165,-0.1327812820672989,0.3051801919937134,-0.36331045627593994,0.8016892075538635,-0.4808686375617981,0.48429596424102783,0.4458352327346802,0.025738872587680817,0.11347558349370956,0.026782909408211708,0.08570881932973862,0.4593013525009155,0.0349479578435421,0.1526157706975937,0.033678267151117325,0.011326379142701626,0.0564241036772728
23,EST,Estonia,2019,-9.96490478515625,-1.0248321294784546,5.185983657836914,5,0.5303884744644165,-0.1327812820672989,0.3051801919937134,-0.36331045627593994,0.8016892075538635,-0.4808686375617981,0.48429596424102783,0.4458352327346802,0.025738872587680817,0.11347558349370956,0.026782909408211708,0.08570881932973862,0.4593013525009155,0.0349479578435421,0.1526157706975937,0.033678267151117325,0.011326379142701626,0.0564241036772728
23,EST,Estonia,2020,-18.38939094543457,-1.3155113458633423,5.185983657836914,5,0.5303884744644165,-0.1327812820672989,0.3051801919937134,-0.36331045627593994,0.8016892075538635,-0.4808686375617981,0.48429596424102783,0.4458352327346802,0.025738872587680817,0.11347558349370956,0.026782909408211708,0.08570881932973862,0.4593013525009155,0.0349479578435421,0.1526157706975937,0.033678267151117325,0.011326379142701626,0.0564241036772728
23,EST,Estonia,2021,-14.705828666687012,-1.6645644903182983,5.185983657836914,5,0.5303884744644165,-0.1327812820672989,0.3051801919937134,-0.36331045627593994,0.8016892075538635,-0.4808686375617981,0.48429596424102783,0.4458352327346802,0.025738872587680817,0.11347558349370956,0.026782909408211708,0.08570881932973862,0.4593013525009155,0.0349479578435421,0.1526157706975937,0.033678267151117325,0.011326379142701626,0.0564241036772728
23,EST,Estonia,2022,-11.738649368286133,-1.9529770612716675,5.185983657836914,5,0.5303884744644165,-0.1327812820672989,0.3051801919937134,-0.36331045627593994,0.8016892075538635,-0.4808686375617981,0.48429596424102783,0.4458352327346802,0.025738872587680817,0.11347558349370956,0.026782909408211708,0.08570881932973862,0.4593013525009155,0.0349479578435421,0.1526157706975937,0.033678267151117325,0.011326379142701626,0.0564241036772728
23,EST,Estonia,2023,-19.71649742126465,-2.1601288318634033,5.185983657836914,5,0.5303884744644165,-0.1327812820672989,0.3051801919937134,-0.36331045627593994,0.8016892075538635,-0.4808686375617981,0.48429596424102783,0.4458352327346802,0.025738872587680817,0.11347558349370956,0.026782909408211708,0.08570881932973862,0.4593013525009155,0.0349479578435421,0.1526157706975937,0.033678267151117325,0.011326379142701626,0.0564241036772728
24,FIN,Finland,2018,-2.4947378635406494,-0.11006903648376465,5.185983657836914,5,1.5118976831436157,-0.1327812820672989,1.5876092910766602,-0.36331045627593994,1.3751853704452515,-0.4808686375617981,1.572898507118225,0.4458352327346802,0.025738872587680817,0.11347558349370956,0.026782909408211708,0.08570881932973862,0.4593013525009155,0.0349479578435421,0.1526157706975937,0.033678267151117325,0.011326379142701626,0.0564241036772728
24,FIN,Finland,2019,-3.0343379974365234,0.046666741371154785,5.185983657836914,5,1.5118976831436157,-0.1327812820672989,1.5876092910766602,-0.36331045627593994,1.3751853704452515,-0.4808686375617981,1.572898507118225,0.4458352327346802,0.025738872587680817,0.11347558349370956,0.026782909408211708,0.08570881932973862,0.4593013525009155,0.0349479578435421,0.1526157706975937,0.033678267151117325,0.011326379142701626,0.0564241036772728
24,FIN,Finland,2020,-4.05517578125,0.055542945861816406,5.185983657836914,5,1.5118976831436157,-0.1327812820672989,1.5876092910766602,-0.36331045627593994,1.3751853704452515,-0.4808686375617981,1.572898507118225,0.4458352327346802,0.025738872587680817,0.11347558349370956,0.026782909408211708,0.08570881932973862,0.4593013525009155,0.0349479578435421,0.1526157706975937,0.033678267151117325,0.011326379142701626,0.0564241036772728
24,FIN,Finland,2021,-3.9226253032684326,0.03987319767475128,5.185983657836914,5,1.5118976831436157,-0.1327812820672989,1.5876092910766602,-0.36331045627593994,1.3751853704452515,-0.4808686375617981,1.572898507118225,0.4458352327346802,0.025738872587680817,0.11347558349370956,0.026782909408211708,0.08570881932973862,0.4593013525009155,0.0349479578435421,0.1526157706975937,0.033678267151117325,0.011326379142701626,0.0564241036772728
24,FIN,Finland,2022,-4.062594890594482,0.040456146001815796,5.185983657836914,5,1.5118976831436157,-0.1327812820672989,1.5876092910766602,-0.36331045627593994,1.3751853704452515,-0.4808686375617981,1.572898507118225,0.4458352327346802,0.025738872587680817,0.11347558349370956,0.026782909408211708,0.08570881932973862,0.4593013525009155,0.0349479578435421,0.1526157706975937,0.033678267151117325,0.011326379142701626,0.0564241036772728
24,FIN,Finland,2023,-5.2590131759643555,0.03591933846473694,5.185983657836914,5,1.5118976831436157,-0.1327812820672989,1.5876092910766602,-0.36331045627593994,1.3751853704452515,-0.4808686375617981,1.572898507118225,0.4458352327346802,0.025738872587680817,0.11347558349370956,0.026782909408211708,0.08570881932973862,0.4593013525009155,0.0349479578435421,0.1526157706975937,0.033678267151117325,0.011326379142701626,0.0564241036772728
25,FRA,France,2018,-2.937512159347534,0.0735180526971817,5.185983657836914,5,0.8883405327796936,-0.1327812820672989,1.0859564542770386,-0.36331045627593994,0.6707704067230225,-0.4808686375617981,0.9082947969436646,0.4458352327346802,0.025738872587680817,0.11347558349370956,0.026782909408211708,0.08570881932973862,0.4593013525009155,0.0349479578435421,0.1526157706975937,0.033678267151117325,0.011326379142701626,0.0564241036772728
25,FRA,France,2019,-2.957599639892578,0.26951777935028076,5.185983657836914,5,0.8883405327796936,-0.1327812820672989,1.0859564542770386,-0.36331045627593994,0.6707704067230225,-0.4808686375617981,0.9082947969436646,0.4458352327346802,0.025738872587680817,0.11347558349370956,0.026782909408211708,0.08570881932973862,0.4593013525009155,0.0349479578435421,0.1526157706975937,0.033678267151117325,0.011326379142701626,0.0564241036772728
25,FRA,France,2020,-3.0673086643218994,0.22480827569961548,5.185983657836914,5,0.8883405327796936,-0.1327812820672989,1.0859564542770386,-0.36331045627593994,0.6707704067230225,-0.4808686375617981,0.9082947969436646,0.4458352327346802,0.025738872587680817,0.11347558349370956,0.026782909408211708,0.08570881932973862,0.4593013525009155,0.0349479578435421,0.1526157706975937,0.033678267151117325,0.011326379142701626,0.0564241036772728
25,FRA,France,2021,-2.956054449081421,0.1044091135263443,5.185983657836914,5,0.8883405327796936,-0.1327812820672989,1.0859564542770386,-0.36331045627593994,0.6707704067230225,-0.4808686375617981,0.9082947969436646,0.4458352327346802,0.025738872587680817,0.11347558349370956,0.026782909408211708,0.08570881932973862,0.4593013525009155,0.0349479578435421,0.1526157706975937,0.033678267151117325,0.011326379142701626,0.0564241036772728
25,FRA,France,2022,-0.05572359263896942,-0.00995875895023346,5.185983657836914,5,0.8883405327796936,-0.1327812820672989,1.0859564542770386,-0.36331045627593994,0.6707704067230225,-0.4808686375617981,0.9082947969436646,0.4458352327346802,0.025738872587680817,0.11347558349370956,0.026782909408211708,0.08570881932973862,0.4593013525009155,0.0349479578435421,0.1526157706975937,0.033678267151117325,0.011326379142701626,0.0564241036772728
25,FRA,France,2023,-3.9094398021698,-0.1031658798456192,5.185983657836914,5,0.8883405327796936,-0.1327812820672989,1.0859564542770386,-0.36331045627593994,0.6707704067230225,-0.4808686375617981,0.9082947969436646,0.4458352327346802,0.025738872587680817,0.11347558349370956,0.026782909408211708,0.08570881932973862,0.4593013525009155,0.0349479578435421,0.1526157706975937,0.033678267151117325,0.011326379142701626,0.0564241036772728
26,GBR,United Kingdom,2018,-11.656635284423828,1.7644344568252563,5.185983657836914,5,1.2583589553833008,-0.1327812820672989,1.1897099018096924,-0.36331045627593994,1.3614327907562256,-0.4808686375617981,1.2239340543746948,0.4458352327346802,0.025738872587680817,0.11347558349370956,0.026782909408211708,0.08570881932973862,0.4593013525009155,0.0349479578435421,0.1526157706975937,0.033678267151117325,0.011326379142701626,0.0564241036772728
26,GBR,United Kingdom,2019,-12.48721694946289,1.4811090230941772,5.185983657836914,5,1.2583589553833008,-0.1327812820672989,1.1897099018096924,-0.36331045627593994,1.3614327907562256,-0.4808686375617981,1.2239340543746948,0.4458352327346802,0.025738872587680817,0.11347558349370956,0.026782909408211708,0.08570881932973862,0.4593013525009155,0.0349479578435421,0.1526157706975937,0.033678267151117325,0.011326379142701626,0.0564241036772728
26,GBR,United Kingdom,2020,-13.733572006225586,0.9961256980895996,5.185983657836914,5,1.2583589553833008,-0.1327812820672989,1.1897099018096924,-0.36331045627593994,1.3614327907562256,-0.4808686375617981,1.2239340543746948,0.4458352327346802,0.025738872587680817,0.11347558349370956,0.026782909408211708,0.08570881932973862,0.4593013525009155,0.0349479578435421,0.1526157706975937,0.033678267151117325,0.011326379142701626,0.0564241036772728
26,GBR,United Kingdom,2021,-12.55033016204834,0.4434998035430908,5.185983657836914,5,1.2583589553833008,-0.1327812820672989,1.1897099018096924,-0.36331045627593994,1.3614327907562256,-0.4808686375617981,1.2239340543746948,0.4458352327346802,0.025738872587680817,0.11347558349370956,0.026782909408211708,0.08570881932973862,0.4593013525009155,0.0349479578435421,0.1526157706975937,0.033678267151117325,0.011326379142701626,0.0564241036772728
26,GBR,United Kingdom,2022,-13.13424301147461,-0.029848545789718628,5.185983657836914,5,1.2583589553833008,-0.1327812820672989,1.1897099018096924,-0.36331045627593994,1.3614327907562256,-0.4808686375617981,1.2239340543746948,0.4458352327346802,0.025738872587680817,0.11347558349370956,0.026782909408211708,0.08570881932973862,0.4593013525009155,0.0349479578435421,0.1526157706975937,0.033678267151117325,0.011326379142701626,0.0564241036772728
26,GBR,United Kingdom,2023,-14.066479682922363,-0.371865451335907,5.185983657836914,5,1.2583589553833008,-0.1327812820672989,1.1897099018096924,-0.36331045627593994,1.3614327907562256,-0.4808686375617981,1.2239340543746948,0.4458352327346802,0.025738872587680817,0.11347558349370956,0.026782909408211708,0.08570881932973862,0.4593013525009155,0.0349479578435421,0.1526157706975937,0.033678267151117325,0.011326379142701626,0.0564241036772728
27,GRC,Greece,2018,-5.507160186767578,-1.4400888681411743,5.185983657836914,5,0.21050052344799042,-0.1327812820672989,0.004785913974046707,-0.36331045627593994,0.24354657530784607,-0.4808686375617981,0.3831690847873688,0.4458352327346802,0.025738872587680817,0.11347558349370956,0.026782909408211708,0.08570881932973862,0.4593013525009155,0.0349479578435421,0.1526157706975937,0.033678267151117325,0.011326379142701626,0.0564241036772728
27,GRC,Greece,2019,-6.582149982452393,-0.8318362236022949,5.185983657836914,5,0.21050052344799042,-0.1327812820672989,0.004785913974046707,-0.36331045627593994,0.24354657530784607,-0.4808686375617981,0.3831690847873688,0.4458352327346802,0.025738872587680817,0.11347558349370956,0.026782909408211708,0.08570881932973862,0.4593013525009155,0.0349479578435421,0.1526157706975937,0.033678267151117325,0.011326379142701626,0.0564241036772728
27,GRC,Greece,2020,-8.231910705566406,-0.6396839618682861,5.185983657836914,5,0.21050052344799042,-0.1327812820672989,0.004785913974046707,-0.36331045627593994,0.24354657530784607,-0.4808686375617981,0.3831690847873688,0.4458352327346802,0.025738872587680817,0.11347558349370956,0.026782909408211708,0.08570881932973862,0.4593013525009155,0.0349479578435421,0.1526157706975937,0.033678267151117325,0.011326379142701626,0.0564241036772728
27,GRC,Greece,2021,-9.12386703491211,-0.6076481342315674,5.185983657836914,5,0.21050052344799042,-0.1327812820672989,0.004785913974046707,-0.36331045627593994,0.24354657530784607,-0.4808686375617981,0.3831690847873688,0.4458352327346802,0.025738872587680817,0.11347558349370956,0.026782909408211708,0.08570881932973862,0.4593013525009155,0.0349479578435421,0.1526157706975937,0.033678267151117325,0.011326379142701626,0.0564241036772728
27,GRC,Greece,2022,-9.264490127563477,-0.6222498416900635,5.185983657836914,5,0.21050052344799042,-0.1327812820672989,0.004785913974046707,-0.36331045627593994,0.24354657530784607,-0.4808686375617981,0.3831690847873688,0.4458352327346802,0.025738872587680817,0.11347558349370956,0.026782909408211708,0.08570881932973862,0.4593013525009155,0.0349479578435421,0.1526157706975937,0.033678267151117325,0.011326379142701626,0.0564241036772728
27,GRC,Greece,2023,-10.155776977539062,-0.6488131284713745,5.185983657836914,5,0.21050052344799042,-0.1327812820672989,0.004785913974046707,-0.36331045627593994,0.24354657530784607,-0.4808686375617981,0.3831690847873688,0.4458352327346802,0.025738872587680817,0.11347558349370956,0.026782909408211708,0.08570881932973862,0.4593013525009155,0.0349479578435421,0.1526157706975937,0.033678267151117325,0.011326379142701626,0.0564241036772728
28,HKG,Hong Kong,2018,-1.1459519863128662,0.35659074783325195,5.185983657836914,5,1.1223636865615845,-0.1327812820672989,1.0890463590621948,-0.36331045627593994,1.3811711072921753,-0.4808686375617981,0.8968734741210938,0.4458352327346802,0.025738872587680817,0.11347558349370956,0.026782909408211708,0.08570881932973862,0.4593013525009155,0.0349479578435421,0.1526157706975937,0.033678267151117325,0.011326379142701626,0.0564241036772728
28,HKG,Hong Kong,2019,-1.7272493839263916,0.5759338140487671,5.185983657836914,5,1.1223636865615845,-0.1327812820672989,1.0890463590621948,-0.36331045627593994,1.3811711072921753,-0.4808686375617981,0.8968734741210938,0.4458352327346802,0.025738872587680817,0.11347558349370956,0.026782909408211708,0.08570881932973862,0.4593013525009155,0.0349479578435421,0.1526157706975937,0.033678267151117325,0.011326379142701626,0.0564241036772728
28,HKG,Hong Kong,2020,-5.682636260986328,0.5119397640228271,5.185983657836914,5,1.1223636865615845,-0.1327812820672989,1.0890463590621948,-0.36331045627593994,1.3811711072921753,-0.4808686375617981,0.8968734741210938,0.4458352327346802,0.025738872587680817,0.11347558349370956,0.026782909408211708,0.08570881932973862,0.4593013525009155,0.0349479578435421,0.1526157706975937,0.033678267151117325,0.011326379142701626,0.0564241036772728
28,HKG,Hong Kong,2021,-5.362922668457031,0.37837469577789307,5.185983657836914,5,1.1223636865615845,-0.1327812820672989,1.0890463590621948,-0.36331045627593994,1.3811711072921753,-0.4808686375617981,0.8968734741210938,0.4458352327346802,0.025738872587680817,0.11347558349370956,0.026782909408211708,0.08570881932973862,0.4593013525009155,0.0349479578435421,0.1526157706975937,0.033678267151117325,0.011326379142701626,0.0564241036772728
28,HKG,Hong Kong,2022,-5.762137413024902,0.23476272821426392,5.185983657836914,5,1.1223636865615845,-0.1327812820672989,1.0890463590621948,-0.36331045627593994,1.3811711072921753,-0.4808686375617981,0.8968734741210938,0.4458352327346802,0.025738872587680817,0.11347558349370956,0.026782909408211708,0.08570881932973862,0.4593013525009155,0.0349479578435421,0.1526157706975937,0.033678267151117325,0.011326379142701626,0.0564241036772728
28,HKG,Hong Kong,2023,-5.774105072021484,0.11898784339427948,5.185983657836914,5,1.1223636865615845,-0.1327812820672989,1.0890463590621948,-0.36331045627593994,1.3811711072921753,-0.4808686375617981,0.8968734741210938,0.4458352327346802,0.025738872587680817,0.11347558349370956,0.026782909408211708,0.08570881932973862,0.4593013525009155,0.0349479578435421,0.1526157706975937,0.033678267151117325,0.011326379142701626,0.0564241036772728
29,HRV,Croatia,2018,-2.1691575050354004,0.32756972312927246,5.185983657836914,5,-0.3481642007827759,-0.1327812820672989,-0.2588765323162079,-0.36331045627593994,-0.3555670380592346,-0.4808686375617981,-0.4300490617752075,0.4458352327346802,0.025738872587680817,0.11347558349370956,0.026782909408211708,0.08570881932973862,0.4593013525009155,0.0349479578435421,0.1526157706975937,0.033678267151117325,0.011326379142701626,0.0564241036772728
29,HRV,Croatia,2019,-1.4451857805252075,0.8119687438011169,5.185983657836914,5,-0.3481642007827759,-0.1327812820672989,-0.2588765323162079,-0.36331045627593994,-0.3555670380592346,-0.4808686375617981,-0.4300490617752075,0.4458352327346802,0.025738872587680817,0.11347558349370956,0.026782909408211708,0.08570881932973862,0.4593013525009155,0.0349479578435421,0.1526157706975937,0.033678267151117325,0.011326379142701626,0.0564241036772728
29,HRV,Croatia,2020,-1.7230193614959717,0.8126870393753052,5.185983657836914,5,-0.3481642007827759,-0.1327812820672989,-0.2588765323162079,-0.36331045627593994,-0.3555670380592346,-0.4808686375617981,-0.4300490617752075,0.4458352327346802,0.025738872587680817,0.11347558349370956,0.026782909408211708,0.08570881932973862,0.4593013525009155,0.0349479578435421,0.1526157706975937,0.033678267151117325,0.011326379142701626,0.0564241036772728
29,HRV,Croatia,2021,-2.0073060989379883,0.7118968963623047,5.185983657836914,5,-0.3481642007827759,-0.1327812820672989,-0.2588765323162079,-0.36331045627593994,-0.3555670380592346,-0.4808686375617981,-0.4300490617752075,0.4458352327346802,0.025738872587680817,0.11347558349370956,0.026782909408211708,0.08570881932973862,0.4593013525009155,0.0349479578435421,0.1526157706975937,0.033678267151117325,0.011326379142701626,0.0564241036772728
29,HRV,Croatia,2022,-1.4104783535003662,0.5857878923416138,5.185983657836914,5,-0.3481642007827759,-0.1327812820672989,-0.2588765323162079,-0.36331045627593994,-0.3555670380592346,-0.4808686375617981,-0.4300490617752075,0.4458352327346802,0.025738872587680817,0.11347558349370956,0.026782909408211708,0.08570881932973862,0.4593013525009155,0.0349479578435421,0.1526157706975937,0.033678267151117325,0.011326379142701626,0.0564241036772728
29,HRV,Croatia,2023,-2.236304998397827,0.45649439096450806,5.185983657836914,5,-0.3481642007827759,-0.1327812820672989,-0.2588765323162079,-0.36331045627593994,-0.3555670380592346,-0.4808686375617981,-0.4300490617752075,0.4458352327346802,0.025738872587680817,0.11347558349370956,0.026782909408211708,0.08570881932973862,0.4593013525009155,0.0349479578435421,0.1526157706975937,0.033678267151117325,0.011326379142701626,0.0564241036772728
30,HUN,Hungary,2018,-2.826733112335205,-0.7878261804580688,5.185983657836914,5,0.43036317825317383,-0.1327812820672989,0.30845627188682556,-0.36331045627593994,0.5491956472396851,-0.4808686375617981,0.4334375858306885,0.4458352327346802,0.025738872587680817,0.11347558349370956,0.026782909408211708,0.08570881932973862,0.4593013525009155,0.0349479578435421,0.1526157706975937,0.033678267151117325,0.011326379142701626,0.0564241036772728
30,HUN,Hungary,2019,-3.2313930988311768,-0.5625119209289551,5.185983657836914,5,0.43036317825317383,-0.1327812820672989,0.30845627188682556,-0.36331045627593994,0.5491956472396851,-0.4808686375617981,0.4334375858306885,0.4458352327346802,0.025738872587680817,0.11347558349370956,0.026782909408211708,0.08570881932973862,0.4593013525009155,0.0349479578435421,0.1526157706975937,0.033678267151117325,0.011326379142701626,0.0564241036772728
30,HUN,Hungary,2020,-3.419083595275879,-0.5387853384017944,5.185983657836914,5,0.43036317825317383,-0.1327812820672989,0.30845627188682556,-0.36331045627593994,0.5491956472396851,-0.4808686375617981,0.4334375858306885,0.4458352327346802,0.025738872587680817,0.11347558349370956,0.026782909408211708,0.08570881932973862,0.4593013525009155,0.0349479578435421,0.1526157706975937,0.033678267151117325,0.011326379142701626,0.0564241036772728
30,HUN,Hungary,2021,-3.8331387042999268,-0.5552471876144409,5.185983657836914,5,0.43036317825317383,-0.1327812820672989,0.30845627188682556,-0.36331045627593994,0.5491956472396851,-0.4808686375617981,0.4334375858306885,0.4458352327346802,0.025738872587680817,0.11347558349370956,0.026782909408211708,0.08570881932973862,0.4593013525009155,0.0349479578435421,0.1526157706975937,0.033678267151117325,0.011326379142701626,0.0564241036772728
30,HUN,Hungary,2022,-4.042897701263428,-0.5842298269271851,5.185983657836914,5,0.43036317825317383,-0.1327812820672989,0.30845627188682556,-0.36331045627593994,0.5491956472396851,-0.4808686375617981,0.4334375858306885,0.4458352327346802,0.025738872587680817,0.11347558349370956,0.026782909408211708,0.08570881932973862,0.4593013525009155,0.0349479578435421,0.1526157706975937,0.033678267151117325,0.011326379142701626,0.0564241036772728
30,HUN,Hungary,2023,-4.756733417510986,-0.5907772779464722,5.185983657836914,5,0.43036317825317383,-0.1327812820672989,0.30845627188682556,-0.36331045627593994,0.5491956472396851,-0.4808686375617981,0.4334375858306885,0.4458352327346802,0.025738872587680817,0.11347558349370956,0.026782909408211708,0.08570881932973862,0.4593013525009155,0.0349479578435421,0.1526157706975937,0.033678267151117325,0.011326379142701626,0.0564241036772728
31,IDN,Indonesia,2018,2.64410662651062,1.5035518407821655,5.185983657836914,5,-0.9561768174171448,-0.1327812820672989,-0.9402090311050415,-0.36331045627593994,-0.8002218008041382,-0.4808686375617981,-1.1280996799468994,0.4458352327346802,0.025738872587680817,0.11347558349370956,0.026782909408211708,0.08570881932973862,0.4593013525009155,0.0349479578435421,0.1526157706975937,0.033678267151117325,0.011326379142701626,0.0564241036772728
31,IDN,Indonesia,2019,3.317753314971924,1.8439379930496216,5.185983657836914,5,-0.9561768174171448,-0.1327812820672989,-0.9402090311050415,-0.36331045627593994,-0.8002218008041382,-0.4808686375617981,-1.1280996799468994,0.4458352327346802,0.025738872587680817,0.11347558349370956,0.026782909408211708,0.08570881932973862,0.4593013525009155,0.0349479578435421,0.1526157706975937,0.033678267151117325,0.011326379142701626,0.0564241036772728
31,IDN,Indonesia,2020,2.719416856765747,1.9182963371276855,5.185983657836914,5,-0.9561768174171448,-0.1327812820672989,-0.9402090311050415,-0.36331045627593994,-0.8002218008041382,-0.4808686375617981,-1.1280996799468994,0.4458352327346802,0.025738872587680817,0.11347558349370956,0.026782909408211708,0.08570881932973862,0.4593013525009155,0.0349479578435421,0.1526157706975937,0.033678267151117325,0.011326379142701626,0.0564241036772728
31,IDN,Indonesia,2021,2.6682887077331543,1.9751462936401367,5.185983657836914,5,-0.9561768174171448,-0.1327812820672989,-0.9402090311050415,-0.36331045627593994,-0.8002218008041382,-0.4808686375617981,-1.1280996799468994,0.4458352327346802,0.025738872587680817,0.11347558349370956,0.026782909408211708,0.08570881932973862,0.4593013525009155,0.0349479578435421,0.1526157706975937,0.033678267151117325,0.011326379142701626,0.0564241036772728
31,IDN,Indonesia,2022,2.0740978717803955,1.9491363763809204,5.185983657836914,5,-0.9561768174171448,-0.1327812820672989,-0.9402090311050415,-0.36331045627593994,-0.8002218008041382,-0.4808686375617981,-1.1280996799468994,0.4458352327346802,0.025738872587680817,0.11347558349370956,0.026782909408211708,0.08570881932973862,0.4593013525009155,0.0349479578435421,0.1526157706975937,0.033678267151117325,0.011326379142701626,0.0564241036772728
31,IDN,Indonesia,2023,2.4188666343688965,1.9630399942398071,5.185983657836914,5,-0.9561768174171448,-0.1327812820672989,-0.9402090311050415,-0.36331045627593994,-0.8002218008041382,-0.4808686375617981,-1.1280996799468994,0.4458352327346802,0.025738872587680817,0.11347558349370956,0.026782909408211708,0.08570881932973862,0.4593013525009155,0.0349479578435421,0.1526157706975937,0.033678267151117325,0.011326379142701626,0.0564241036772728
32,IND,India,2018,0.023883648216724396,-0.8987247943878174,5.185983657836914,5,-0.5800058245658875,-0.1327812820672989,-0.6757107377052307,-0.36331045627593994,-0.8220545053482056,-0.4808686375617981,-0.24225223064422607,0.4458352327346802,0.025738872587680817,0.11347558349370956,0.026782909408211708,0.08570881932973862,0.4593013525009155,0.0349479578435421,0.1526157706975937,0.033678267151117325,0.011326379142701626,0.0564241036772728
32,IND,India,2019,-1.7109887599945068,-0.3000178337097168,5.185983657836914,5,-0.5800058245658875,-0.1327812820672989,-0.6757107377052307,-0.36331045627593994,-0.8220545053482056,-0.4808686375617981,-0.24225223064422607,0.4458352327346802,0.025738872587680817,0.11347558349370956,0.026782909408211708,0.08570881932973862,0.4593013525009155,0.0349479578435421,0.1526157706975937,0.033678267151117325,0.011326379142701626,0.0564241036772728
32,IND,India,2020,-2.832286834716797,-0.08276958763599396,5.185983657836914,5,-0.5800058245658875,-0.1327812820672989,-0.6757107377052307,-0.36331045627593994,-0.8220545053482056,-0.4808686375617981,-0.24225223064422607,0.4458352327346802,0.025738872587680817,0.11347558349370956,0.026782909408211708,0.08570881932973862,0.4593013525009155,0.0349479578435421,0.1526157706975937,0.033678267151117325,0.011326379142701626,0.0564241036772728
32,IND,India,2021,-2.1478464603424072,-0.02832449972629547,5.185983657836914,5,-0.5800058245658875,-0.1327812820672989,-0.6757107377052307,-0.36331045627593994,-0.8220545053482056,-0.4808686375617981,-0.24225223064422607,0.4458352327346802,0.025738872587680817,0.11347558349370956,0.026782909408211708,0.08570881932973862,0.4593013525009155,0.0349479578435421,0.1526157706975937,0.033678267151117325,0.011326379142701626,0.0564241036772728
32,IND,India,2022,-2.8932855129241943,-0.09665307402610779,5.185983657836914,5,-0.5800058245658875,-0.1327812820672989,-0.6757107377052307,-0.36331045627593994,-0.8220545053482056,-0.4808686375617981,-0.24225223064422607,0.4458352327346802,0.025738872587680817,0.11347558349370956,0.026782909408211708,0.08570881932973862,0.4593013525009155,0.0349479578435421,0.1526157706975937,0.033678267151117325,0.011326379142701626,0.0564241036772728
32,IND,India,2023,-2.182831048965454,-0.16111187636852264,5.185983657836914,5,-0.5800058245658875,-0.1327812820672989,-0.6757107377052307,-0.36331045627593994,-0.8220545053482056,-0.4808686375617981,-0.24225223064422607,0.4458352327346802,0.025738872587680817,0.11347558349370956,0.026782909408211708,0.08570881932973862,0.4593013525009155,0.0349479578435421,0.1526157706975937,0.033678267151117325,0.011326379142701626,0.0564241036772728
33,IRL,Ireland,2018,-3.2219769954681396,-1.1350499391555786,5.185983657836914,5,1.125100016593933,-0.1327812820672989,0.9071259498596191,-0.36331045627593994,1.2676217555999756,-0.4808686375617981,1.2005521059036255,0.4458352327346802,0.025738872587680817,0.11347558349370956,0.026782909408211708,0.08570881932973862,0.4593013525009155,0.0349479578435421,0.1526157706975937,0.033678267151117325,0.011326379142701626,0.0564241036772728
33,IRL,Ireland,2019,-3.9652493000030518,-1.206971287727356,5.185983657836914,5,1.125100016593933,-0.1327812820672989,0.9071259498596191,-0.36331045627593994,1.2676217555999756,-0.4808686375617981,1.2005521059036255,0.4458352327346802,0.025738872587680817,0.11347558349370956,0.026782909408211708,0.08570881932973862,0.4593013525009155,0.0349479578435421,0.1526157706975937,0.033678267151117325,0.011326379142701626,0.0564241036772728
33,IRL,Ireland,2020,-4.2647223472595215,-1.3511289358139038,5.185983657836914,5,1.125100016593933,-0.1327812820672989,0.9071259498596191,-0.36331045627593994,1.2676217555999756,-0.4808686375617981,1.2005521059036255,0.4458352327346802,0.025738872587680817,0.11347558349370956,0.026782909408211708,0.08570881932973862,0.4593013525009155,0.0349479578435421,0.1526157706975937,0.033678267151117325,0.011326379142701626,0.0564241036772728
33,IRL,Ireland,2021,-3.373614549636841,-1.465014934539795,5.185983657836914,5,1.125100016593933,-0.1327812820672989,0.9071259498596191,-0.36331045627593994,1.2676217555999756,-0.4808686375617981,1.2005521059036255,0.4458352327346802,0.025738872587680817,0.11347558349370956,0.026782909408211708,0.08570881932973862,0.4593013525009155,0.0349479578435421,0.1526157706975937,0.033678267151117325,0.011326379142701626,0.0564241036772728
33,IRL,Ireland,2022,-3.6817150115966797,-1.5357595682144165,5.185983657836914,5,1.125100016593933,-0.1327812820672989,0.9071259498596191,-0.36331045627593994,1.2676217555999756,-0.4808686375617981,1.2005521059036255,0.4458352327346802,0.025738872587680817,0.11347558349370956,0.026782909408211708,0.08570881932973862,0.4593013525009155,0.0349479578435421,0.1526157706975937,0.033678267151117325,0.011326379142701626,0.0564241036772728
33,IRL,Ireland,2023,-4.387845516204834,-1.5773775577545166,5.185983657836914,5,1.125100016593933,-0.1327812820672989,0.9071259498596191,-0.36331045627593994,1.2676217555999756,-0.4808686375617981,1.2005521059036255,0.4458352327346802,0.025738872587680817,0.11347558349370956,0.026782909408211708,0.08570881932973862,0.4593013525009155,0.0349479578435421,0.1526157706975937,0.033678267151117325,0.011326379142701626,0.0564241036772728
34,IRN,Iran,2018,0.18575511872768402,-1.6151496171951294,5.185983657836914,5,-1.425826907157898,-0.1327812820672989,-1.0039883852005005,-0.36331045627593994,-1.918333888053894,-0.4808686375617981,-1.3551583290100098,0.4458352327346802,0.025738872587680817,0.11347558349370956,0.026782909408211708,0.08570881932973862,0.4593013525009155,0.0349479578435421,0.1526157706975937,0.033678267151117325,0.011326379142701626,0.0564241036772728
34,IRN,Iran,2019,-3.3282368183135986,-0.6416558027267456,5.185983657836914,5,-1.425826907157898,-0.1327812820672989,-1.0039883852005005,-0.36331045627593994,-1.918333888053894,-0.4808686375617981,-1.3551583290100098,0.4458352327346802,0.025738872587680817,0.11347558349370956,0.026782909408211708,0.08570881932973862,0.4593013525009155,0.0349479578435421,0.1526157706975937,0.033678267151117325,0.011326379142701626,0.0564241036772728
34,IRN,Iran,2020,-1.5740487575531006,-0.3261621594429016,5.185983657836914,5,-1.425826907157898,-0.1327812820672989,-1.0039883852005005,-0.36331045627593994,-1.918333888053894,-0.4808686375617981,-1.3551583290100098,0.4458352327346802,0.025738872587680817,0.11347558349370956,0.026782909408211708,0.08570881932973862,0.4593013525009155,0.0349479578435421,0.1526157706975937,0.033678267151117325,0.011326379142701626,0.0564241036772728
34,IRN,Iran,2021,0.32263654470443726,-0.08529086410999298,5.185983657836914,5,-1.425826907157898,-0.1327812820672989,-1.0039883852005005,-0.36331045627593994,-1.918333888053894,-0.4808686375617981,-1.3551583290100098,0.4458352327346802,0.025738872587680817,0.11347558349370956,0.026782909408211708,0.08570881932973862,0.4593013525009155,0.0349479578435421,0.1526157706975937,0.033678267151117325,0.011326379142701626,0.0564241036772728
34,IRN,Iran,2022,0.009564151056110859,-0.29746168851852417,5.185983657836914,5,-1.425826907157898,-0.1327812820672989,-1.0039883852005005,-0.36331045627593994,-1.918333888053894,-0.4808686375617981,-1.3551583290100098,0.4458352327346802,0.025738872587680817,0.11347558349370956,0.026782909408211708,0.08570881932973862,0.4593013525009155,0.0349479578435421,0.1526157706975937,0.033678267151117325,0.011326379142701626,0.0564241036772728
34,IRN,Iran,2023,-0.9724723696708679,-0.9709664583206177,5.185983657836914,5,-1.425826907157898,-0.1327812820672989,-1.0039883852005005,-0.36331045627593994,-1.918333888053894,-0.4808686375617981,-1.3551583290100098,0.4458352327346802,0.025738872587680817,0.11347558349370956,0.026782909408211708,0.08570881932973862,0.4593013525009155,0.0349479578435421,0.1526157706975937,0.033678267151117325,0.011326379142701626,0.0564241036772728
35,IRQ,Iraq,2018,1.4125878810882568,-1.86491858959198,5.185983657836914,5,-2.0568058490753174,-0.1327812820672989,-2.0972113609313965,-0.36331045627593994,-2.079011917114258,-0.4808686375617981,-1.9941946268081665,0.4458352327346802,0.025738872587680817,0.11347558349370956,0.026782909408211708,0.08570881932973862,0.4593013525009155,0.0349479578435421,0.1526157706975937,0.033678267151117325,0.011326379142701626,0.0564241036772728
35,IRQ,Iraq,2019,1.0280742645263672,-1.432727336883545,5.185983657836914,5,-2.0568058490753174,-0.1327812820672989,-2.0972113609313965,-0.36331045627593994,-2.079011917114258,-0.4808686375617981,-1.9941946268081665,0.4458352327346802,0.025738872587680817,0.11347558349370956,0.026782909408211708,0.08570881932973862,0.4593013525009155,0.0349479578435421,0.1526157706975937,0.033678267151117325,0.011326379142701626,0.0564241036772728
35,IRQ,Iraq,2020,1.1829884052276611,-1.3427324295043945,5.185983657836914,5,-2.0568058490753174,-0.1327812820672989,-2.0972113609313965,-0.36331045627593994,-2.079011917114258,-0.4808686375617981,-1.9941946268081665,0.4458352327346802,0.025738872587680817,0.11347558349370956,0.026782909408211708,0.08570881932973862,0.4593013525009155,0.0349479578435421,0.1526157706975937,0.033678267151117325,0.011326379142701626,0.0564241036772728
35,IRQ,Iraq,2021,1.2868479490280151,-1.4927582740783691,5.185983657836914,5,-2.0568058490753174,-0.1327812820672989,-2.0972113609313965,-0.36331045627593994,-2.079011917114258,-0.4808686375617981,-1.9941946268081665,0.4458352327346802,0.025738872587680817,0.11347558349370956,0.026782909408211708,0.08570881932973862,0.4593013525009155,0.0349479578435421,0.1526157706975937,0.033678267151117325,0.011326379142701626,0.0564241036772728
35,IRQ,Iraq,2022,1.606886863708496,-1.7723933458328247,5.185983657836914,5,-2.0568058490753174,-0.1327812820672989,-2.0972113609313965,-0.36331045627593994,-2.079011917114258,-0.4808686375617981,-1.9941946268081665,0.4458352327346802,0.025738872587680817,0.11347558349370956,0.026782909408211708,0.08570881932973862,0.4593013525009155,0.0349479578435421,0.1526157706975937,0.033678267151117325,0.011326379142701626,0.0564241036772728
35,IRQ,Iraq,2023,1.6270170211791992,-1.9845408201217651,5.185983657836914,5,-2.0568058490753174,-0.1327812820672989,-2.0972113609313965,-0.36331045627593994,-2.079011917114258,-0.4808686375617981,-1.9941946268081665,0.4458352327346802,0.025738872587680817,0.11347558349370956,0.026782909408211708,0.08570881932973862,0.4593013525009155,0.0349479578435421,0.1526157706975937,0.033678267151117325,0.011326379142701626,0.0564241036772728
36,ISL,Iceland,2018,2.5240752696990967,0.5735527873039246,5.185983657836914,5,1.1885734796524048,-0.1327812820672989,1.2342337369918823,-0.36331045627593994,0.9549963474273682,-0.4808686375617981,1.376490592956543,0.4458352327346802,0.025738872587680817,0.11347558349370956,0.026782909408211708,0.08570881932973862,0.4593013525009155,0.0349479578435421,0.1526157706975937,0.033678267151117325,0.011326379142701626,0.0564241036772728
36,ISL,Iceland,2019,2.4789857864379883,0.6673168540000916,5.185983657836914,5,1.1885734796524048,-0.1327812820672989,1.2342337369918823,-0.36331045627593994,0.9549963474273682,-0.4808686375617981,1.376490592956543,0.4458352327346802,0.025738872587680817,0.11347558349370956,0.026782909408211708,0.08570881932973862,0.4593013525009155,0.0349479578435421,0.1526157706975937,0.033678267151117325,0.011326379142701626,0.0564241036772728
36,ISL,Iceland,2020,1.9529410600662231,0.707319438457489,5.185983657836914,5,1.1885734796524048,-0.1327812820672989,1.2342337369918823,-0.36331045627593994,0.9549963474273682,-0.4808686375617981,1.376490592956543,0.4458352327346802,0.025738872587680817,0.11347558349370956,0.026782909408211708,0.08570881932973862,0.4593013525009155,0.0349479578435421,0.1526157706975937,0.033678267151117325,0.011326379142701626,0.0564241036772728
36,ISL,Iceland,2021,1.6373142004013062,0.7338218688964844,5.185983657836914,5,1.1885734796524048,-0.1327812820672989,1.2342337369918823,-0.36331045627593994,0.9549963474273682,-0.4808686375617981,1.376490592956543,0.4458352327346802,0.025738872587680817,0.11347558349370956,0.026782909408211708,0.08570881932973862,0.4593013525009155,0.0349479578435421,0.1526157706975937,0.033678267151117325,0.011326379142701626,0.0564241036772728
36,ISL,Iceland,2022,1.38180673122406,0.7519668340682983,5.185983657836914,5,1.1885734796524048,-0.1327812820672989,1.2342337369918823,-0.36331045627593994,0.9549963474273682,-0.4808686375617981,1.376490592956543,0.4458352327346802,0.025738872587680817,0.11347558349370956,0.026782909408211708,0.08570881932973862,0.4593013525009155,0.0349479578435421,0.1526157706975937,0.033678267151117325,0.011326379142701626,0.0564241036772728
36,ISL,Iceland,2023,2.3587470054626465,0.7615096569061279,5.185983657836914,5,1.1885734796524048,-0.1327812820672989,1.2342337369918823,-0.36331045627593994,0.9549963474273682,-0.4808686375617981,1.376490592956543,0.4458352327346802,0.025738872587680817,0.11347558349370956,0.026782909408211708,0.08570881932973862,0.4593013525009155,0.0349479578435421,0.1526157706975937,0.033678267151117325,0.011326379142701626,0.0564241036772728
37,ISR,Israel,2018,-6.285995006561279,-0.32606130838394165,5.185983657836914,5,0.6414921283721924,-0.1327812820672989,0.9020118117332458,-0.36331045627593994,0.48677289485931396,-0.4808686375617981,0.5356917977333069,0.4458352327346802,0.025738872587680817,0.11347558349370956,0.026782909408211708,0.08570881932973862,0.4593013525009155,0.0349479578435421,0.1526157706975937,0.033678267151117325,0.011326379142701626,0.0564241036772728
37,ISR,Israel,2019,-6.490711212158203,-0.3276115655899048,5.185983657836914,5,0.6414921283721924,-0.1327812820672989,0.9020118117332458,-0.36331045627593994,0.48677289485931396,-0.4808686375617981,0.5356917977333069,0.4458352327346802,0.025738872587680817,0.11347558349370956,0.026782909408211708,0.08570881932973862,0.4593013525009155,0.0349479578435421,0.1526157706975937,0.033678267151117325,0.011326379142701626,0.0564241036772728
37,ISR,Israel,2020,-7.341547966003418,-0.5423592329025269,5.185983657836914,5,0.6414921283721924,-0.1327812820672989,0.9020118117332458,-0.36331045627593994,0.48677289485931396,-0.4808686375617981,0.5356917977333069,0.4458352327346802,0.025738872587680817,0.11347558349370956,0.026782909408211708,0.08570881932973862,0.4593013525009155,0.0349479578435421,0.1526157706975937,0.033678267151117325,0.011326379142701626,0.0564241036772728
37,ISR,Israel,2021,-8.057387351989746,-0.788602888584137,5.185983657836914,5,0.6414921283721924,-0.1327812820672989,0.9020118117332458,-0.36331045627593994,0.48677289485931396,-0.4808686375617981,0.5356917977333069,0.4458352327346802,0.025738872587680817,0.11347558349370956,0.026782909408211708,0.08570881932973862,0.4593013525009155,0.0349479578435421,0.1526157706975937,0.033678267151117325,0.011326379142701626,0.0564241036772728
37,ISR,Israel,2022,-8.405094146728516,-1.0061010122299194,5.185983657836914,5,0.6414921283721924,-0.1327812820672989,0.9020118117332458,-0.36331045627593994,0.48677289485931396,-0.4808686375617981,0.5356917977333069,0.4458352327346802,0.025738872587680817,0.11347558349370956,0.026782909408211708,0.08570881932973862,0.4593013525009155,0.0349479578435421,0.1526157706975937,0.033678267151117325,0.011326379142701626,0.0564241036772728
37,ISR,Israel,2023,-9.675131797790527,-1.1696938276290894,5.185983657836914,5,0.6414921283721924,-0.1327812820672989,0.9020118117332458,-0.36331045627593994,0.48677289485931396,-0.4808686375617981,0.5356917977333069,0.4458352327346802,0.025738872587680817,0.11347558349370956,0.026782909408211708,0.08570881932973862,0.4593013525009155,0.0349479578435421,0.1526157706975937,0.033678267151117325,0.011326379142701626,0.0564241036772728
38,ITA,Italy,2018,-5.143430233001709,0.604263424873352,5.185983657836914,5,0.23468120396137238,-0.1327812820672989,0.07437334209680557,-0.36331045627593994,0.34910762310028076,-0.4808686375617981,0.28056269884109497,0.4458352327346802,0.025738872587680817,0.11347558349370956,0.026782909408211708,0.08570881932973862,0.4593013525009155,0.0349479578435421,0.1526157706975937,0.033678267151117325,0.011326379142701626,0.0564241036772728
38,ITA,Italy,2019,-5.74995231628418,0.4878404140472412,5.185983657836914,5,0.23468120396137238,-0.1327812820672989,0.07437334209680557,-0.36331045627593994,0.34910762310028076,-0.4808686375617981,0.28056269884109497,0.4458352327346802,0.025738872587680817,0.11347558349370956,0.026782909408211708,0.08570881932973862,0.4593013525009155,0.0349479578435421,0.1526157706975937,0.033678267151117325,0.011326379142701626,0.0564241036772728
38,ITA,Italy,2020,-6.417283058166504,0.09493525326251984,5.185983657836914,5,0.23468120396137238,-0.1327812820672989,0.07437334209680557,-0.36331045627593994,0.34910762310028076,-0.4808686375617981,0.28056269884109497,0.4458352327346802,0.025738872587680817,0.11347558349370956,0.026782909408211708,0.08570881932973862,0.4593013525009155,0.0349479578435421,0.1526157706975937,0.033678267151117325,0.011326379142701626,0.0564241036772728
38,ITA,Italy,2021,-6.226283073425293,-0.40896540880203247,5.185983657836914,5,0.23468120396137238,-0.1327812820672989,0.07437334209680557,-0.36331045627593994,0.34910762310028076,-0.4808686375617981,0.28056269884109497,0.4458352327346802,0.025738872587680817,0.11347558349370956,0.026782909408211708,0.08570881932973862,0.4593013525009155,0.0349479578435421,0.1526157706975937,0.033678267151117325,0.011326379142701626,0.0564241036772728
38,ITA,Italy,2022,-4.716213703155518,-0.8926670551300049,5.185983657836914,5,0.23468120396137238,-0.1327812820672989,0.07437334209680557,-0.36331045627593994,0.34910762310028076,-0.4808686375617981,0.28056269884109497,0.4458352327346802,0.025738872587680817,0.11347558349370956,0.026782909408211708,0.08570881932973862,0.4593013525009155,0.0349479578435421,0.1526157706975937,0.033678267151117325,0.011326379142701626,0.0564241036772728
38,ITA,Italy,2023,-6.842550277709961,-1.256764531135559,5.185983657836914,5,0.23468120396137238,-0.1327812820672989,0.07437334209680557,-0.36331045627593994,0.34910762310028076,-0.4808686375617981,0.28056269884109497,0.4458352327346802,0.025738872587680817,0.11347558349370956,0.026782909408211708,0.08570881932973862,0.4593013525009155,0.0349479578435421,0.1526157706975937,0.033678267151117325,0.011326379142701626,0.0564241036772728
39,JPN,Japan,2018,3.7277371883392334,0.8150026798248291,5.185983657836914,5,0.7284886837005615,-0.1327812820672989,0.8470459580421448,-0.36331045627593994,0.45311596989631653,-0.4808686375617981,0.8853041529655457,0.4458352327346802,0.025738872587680817,0.11347558349370956,0.026782909408211708,0.08570881932973862,0.4593013525009155,0.0349479578435421,0.1526157706975937,0.033678267151117325,0.011326379142701626,0.0564241036772728
39,JPN,Japan,2019,3.204775810241699,1.3218728303909302,5.185983657836914,5,0.7284886837005615,-0.1327812820672989,0.8470459580421448,-0.36331045627593994,0.45311596989631653,-0.4808686375617981,0.8853041529655457,0.4458352327346802,0.025738872587680817,0.11347558349370956,0.026782909408211708,0.08570881932973862,0.4593013525009155,0.0349479578435421,0.1526157706975937,0.033678267151117325,0.011326379142701626,0.0564241036772728
39,JPN,Japan,2020,3.1749613285064697,1.4688329696655273,5.185983657836914,5,0.7284886837005615,-0.1327812820672989,0.8470459580421448,-0.36331045627593994,0.45311596989631653,-0.4808686375617981,0.8853041529655457,0.4458352327346802,0.025738872587680817,0.11347558349370956,0.026782909408211708,0.08570881932973862,0.4593013525009155,0.0349479578435421,0.1526157706975937,0.033678267151117325,0.011326379142701626,0.0564241036772728
39,JPN,Japan,2021,2.640718698501587,1.508380651473999,5.185983657836914,5,0.7284886837005615,-0.1327812820672989,0.8470459580421448,-0.36331045627593994,0.45311596989631653,-0.4808686375617981,0.8853041529655457,0.4458352327346802,0.025738872587680817,0.11347558349370956,0.026782909408211708,0.08570881932973862,0.4593013525009155,0.0349479578435421,0.1526157706975937,0.033678267151117325,0.011326379142701626,0.0564241036772728
39,JPN,Japan,2022,2.846599578857422,1.5058631896972656,5.185983657836914,5,0.7284886837005615,-0.1327812820672989,0.8470459580421448,-0.36331045627593994,0.45311596989631653,-0.4808686375617981,0.8853041529655457,0.4458352327346802,0.025738872587680817,0.11347558349370956,0.026782909408211708,0.08570881932973862,0.4593013525009155,0.0349479578435421,0.1526157706975937,0.033678267151117325,0.011326379142701626,0.0564241036772728
39,JPN,Japan,2023,1.7527316808700562,1.4914857149124146,5.185983657836914,5,0.7284886837005615,-0.1327812820672989,0.8470459580421448,-0.36331045627593994,0.45311596989631653,-0.4808686375617981,0.8853041529655457,0.4458352327346802,0.025738872587680817,0.11347558349370956,0.026782909408211708,0.08570881932973862,0.4593013525009155,0.0349479578435421,0.1526157706975937,0.033678267151117325,0.011326379142701626,0.0564241036772728
40,KAZ,Kazakhstan,2018,1.5828030109405518,-0.3265482187271118,5.185983657836914,5,-1.2722676992416382,-0.1327812820672989,-1.3743125200271606,-0.36331045627593994,-1.0817227363586426,-0.4808686375617981,-1.3607680797576904,0.4458352327346802,0.025738872587680817,0.11347558349370956,0.026782909408211708,0.08570881932973862,0.4593013525009155,0.0349479578435421,0.1526157706975937,0.033678267151117325,0.011326379142701626,0.0564241036772728
40,KAZ,Kazakhstan,2019,1.5101414918899536,0.3091006875038147,5.185983657836914,5,-1.2722676992416382,-0.1327812820672989,-1.3743125200271606,-0.36331045627593994,-1.0817227363586426,-0.4808686375617981,-1.3607680797576904,0.4458352327346802,0.025738872587680817,0.11347558349370956,0.026782909408211708,0.08570881932973862,0.4593013525009155,0.0349479578435421,0.1526157706975937,0.033678267151117325,0.011326379142701626,0.0564241036772728
40,KAZ,Kazakhstan,2020,1.363572597503662,0.7600281238555908,5.185983657836914,5,-1.2722676992416382,-0.1327812820672989,-1.3743125200271606,-0.36331045627593994,-1.0817227363586426,-0.4808686375617981,-1.3607680797576904,0.4458352327346802,0.025738872587680817,0.11347558349370956,0.026782909408211708,0.08570881932973862,0.4593013525009155,0.0349479578435421,0.1526157706975937,0.033678267151117325,0.011326379142701626,0.0564241036772728
40,KAZ,Kazakhstan,2021,1.2543725967407227,0.844145655632019,5.185983657836914,5,-1.2722676992416382,-0.1327812820672989,-1.3743125200271606,-0.36331045627593994,-1.0817227363586426,-0.4808686375617981,-1.3607680797576904,0.4458352327346802,0.025738872587680817,0.11347558349370956,0.026782909408211708,0.08570881932973862,0.4593013525009155,0.0349479578435421,0.1526157706975937,0.033678267151117325,0.011326379142701626,0.0564241036772728
40,KAZ,Kazakhstan,2022,1.1613658666610718,0.811313271522522,5.185983657836914,5,-1.2722676992416382,-0.1327812820672989,-1.3743125200271606,-0.36331045627593994,-1.0817227363586426,-0.4808686375617981,-1.3607680797576904,0.4458352327346802,0.025738872587680817,0.11347558349370956,0.026782909408211708,0.08570881932973862,0.4593013525009155,0.0349479578435421,0.1526157706975937,0.033678267151117325,0.011326379142701626,0.0564241036772728
40,KAZ,Kazakhstan,2023,0.9807498455047607,0.6504125595092773,5.185983657836914,5,-1.2722676992416382,-0.1327812820672989,-1.3743125200271606,-0.36331045627593994,-1.0817227363586426,-0.4808686375617981,-1.3607680797576904,0.4458352327346802,0.025738872587680817,0.11347558349370956,0.026782909408211708,0.08570881932973862,0.4593013525009155,0.0349479578435421,0.1526157706975937,0.033678267151117325,0.011326379142701626,0.0564241036772728
41,KOR,South Korea,2018,3.200753688812256,0.30887430906295776,5.185983657836914,5,0.34772443771362305,-0.1327812820672989,0.4346860945224762,-0.36331045627593994,0.1522836983203888,-0.4808686375617981,0.45620352029800415,0.4458352327346802,0.025738872587680817,0.11347558349370956,0.026782909408211708,0.08570881932973862,0.4593013525009155,0.0349479578435421,0.1526157706975937,0.033678267151117325,0.011326379142701626,0.0564241036772728
41,KOR,South Korea,2019,1.7671101093292236,1.090202808380127,5.185983657836914,5,0.34772443771362305,-0.1327812820672989,0.4346860945224762,-0.36331045627593994,0.1522836983203888,-0.4808686375617981,0.45620352029800415,0.4458352327346802,0.025738872587680817,0.11347558349370956,0.026782909408211708,0.08570881932973862,0.4593013525009155,0.0349479578435421,0.1526157706975937,0.033678267151117325,0.011326379142701626,0.0564241036772728
41,KOR,South Korea,2020,-0.8152863383293152,1.4547699689865112,5.185983657836914,5,0.34772443771362305,-0.1327812820672989,0.4346860945224762,-0.36331045627593994,0.1522836983203888,-0.4808686375617981,0.45620352029800415,0.4458352327346802,0.025738872587680817,0.11347558349370956,0.026782909408211708,0.08570881932973862,0.4593013525009155,0.0349479578435421,0.1526157706975937,0.033678267151117325,0.011326379142701626,0.0564241036772728
41,KOR,South Korea,2021,-0.6951596140861511,1.6272486448287964,5.185983657836914,5,0.34772443771362305,-0.1327812820672989,0.4346860945224762,-0.36331045627593994,0.1522836983203888,-0.4808686375617981,0.45620352029800415,0.4458352327346802,0.025738872587680817,0.11347558349370956,0.026782909408211708,0.08570881932973862,0.4593013525009155,0.0349479578435421,0.1526157706975937,0.033678267151117325,0.011326379142701626,0.0564241036772728
41,KOR,South Korea,2022,-2.0999202728271484,1.702547311782837,5.185983657836914,5,0.34772443771362305,-0.1327812820672989,0.4346860945224762,-0.36331045627593994,0.1522836983203888,-0.4808686375617981,0.45620352029800415,0.4458352327346802,0.025738872587680817,0.11347558349370956,0.026782909408211708,0.08570881932973862,0.4593013525009155,0.0349479578435421,0.1526157706975937,0.033678267151117325,0.011326379142701626,0.0564241036772728
41,KOR,South Korea,2023,-2.8068954944610596,1.7336277961730957,5.185983657836914,5,0.34772443771362305,-0.1327812820672989,0.4346860945224762,-0.36331045627593994,0.1522836983203888,-0.4808686375617981,0.45620352029800415,0.4458352327346802,0.025738872587680817,0.11347558349370956,0.026782909408211708,0.08570881932973862,0.4593013525009155,0.0349479578435421,0.1526157706975937,0.033678267151117325,0.011326379142701626,0.0564241036772728
42,KWT,Kuwait,2018,-6.3546881675720215,-1.0454754829406738,5.185983657836914,5,-0.23261572420597076,-0.1327812820672989,-0.458217591047287,-0.36331045627593994,-0.3800378143787384,-0.4808686375617981,0.1404082179069519,0.4458352327346802,0.025738872587680817,0.11347558349370956,0.026782909408211708,0.08570881932973862,0.4593013525009155,0.0349479578435421,0.1526157706975937,0.033678267151117325,0.011326379142701626,0.0564241036772728
42,KWT,Kuwait,2019,-7.2538886070251465,-0.7570700645446777,5.185983657836914,5,-0.23261572420597076,-0.1327812820672989,-0.458217591047287,-0.36331045627593994,-0.3800378143787384,-0.4808686375617981,0.1404082179069519,0.4458352327346802,0.025738872587680817,0.11347558349370956,0.026782909408211708,0.08570881932973862,0.4593013525009155,0.0349479578435421,0.1526157706975937,0.033678267151117325,0.011326379142701626,0.0564241036772728
42,KWT,Kuwait,2020,-6.158499240875244,-0.6868991851806641,5.185983657836914,5,-0.23261572420597076,-0.1327812820672989,-0.458217591047287,-0.36331045627593994,-0.3800378143787384,-0.4808686375617981,0.1404082179069519,0.4458352327346802,0.025738872587680817,0.11347558349370956,0.026782909408211708,0.08570881932973862,0.4593013525009155,0.0349479578435421,0.1526157706975937,0.033678267151117325,0.011326379142701626,0.0564241036772728
42,KWT,Kuwait,2021,-7.0740485191345215,-0.7413324117660522,5.185983657836914,5,-0.23261572420597076,-0.1327812820672989,-0.458217591047287,-0.36331045627593994,-0.3800378143787384,-0.4808686375617981,0.1404082179069519,0.4458352327346802,0.025738872587680817,0.11347558349370956,0.026782909408211708,0.08570881932973862,0.4593013525009155,0.0349479578435421,0.1526157706975937,0.033678267151117325,0.011326379142701626,0.0564241036772728
42,KWT,Kuwait,2022,-27.902793884277344,-0.8638608455657959,5.185983657836914,5,-0.23261572420597076,-0.1327812820672989,-0.458217591047287,-0.36331045627593994,-0.3800378143787384,-0.4808686375617981,0.1404082179069519,0.4458352327346802,0.025738872587680817,0.11347558349370956,0.026782909408211708,0.08570881932973862,0.4593013525009155,0.0349479578435421,0.1526157706975937,0.033678267151117325,0.011326379142701626,0.0564241036772728
42,KWT,Kuwait,2023,-27.870094299316406,-1.0118497610092163,5.185983657836914,5,-0.23261572420597076,-0.1327812820672989,-0.458217591047287,-0.36331045627593994,-0.3800378143787384,-0.4808686375617981,0.1404082179069519,0.4458352327346802,0.025738872587680817,0.11347558349370956,0.026782909408211708,0.08570881932973862,0.4593013525009155,0.0349479578435421,0.1526157706975937,0.033678267151117325,0.011326379142701626,0.0564241036772728
43,LKA,Sri Lanka,2018,2.3601856231689453,-0.3912939429283142,5.185983657836914,5,-0.550111711025238,-0.1327812820672989,-0.720518171787262,-0.36331045627593994,-0.5627866387367249,-0.4808686375617981,-0.36703041195869446,0.4458352327346802,0.025738872587680817,0.11347558349370956,0.026782909408211708,0.08570881932973862,0.4593013525009155,0.0349479578435421,0.1526157706975937,0.033678267151117325,0.011326379142701626,0.0564241036772728
43,LKA,Sri Lanka,2019,4.711722373962402,0.07564066350460052,5.185983657836914,5,-0.550111711025238,-0.1327812820672989,-0.720518171787262,-0.36331045627593994,-0.5627866387367249,-0.4808686375617981,-0.36703041195869446,0.4458352327346802,0.025738872587680817,0.11347558349370956,0.026782909408211708,0.08570881932973862,0.4593013525009155,0.0349479578435421,0.1526157706975937,0.033678267151117325,0.011326379142701626,0.0564241036772728
43,LKA,Sri Lanka,2020,4.523720741271973,0.3313690423965454,5.185983657836914,5,-0.550111711025238,-0.1327812820672989,-0.720518171787262,-0.36331045627593994,-0.5627866387367249,-0.4808686375617981,-0.36703041195869446,0.4458352327346802,0.025738872587680817,0.11347558349370956,0.026782909408211708,0.08570881932973862,0.4593013525009155,0.0349479578435421,0.1526157706975937,0.033678267151117325,0.011326379142701626,0.0564241036772728
43,LKA,Sri Lanka,2021,1.3256715536117554,-0.1385251134634018,5.185983657836914,5,-0.550111711025238,-0.1327812820672989,-0.720518171787262,-0.36331045627593994,-0.5627866387367249,-0.4808686375617981,-0.36703041195869446,0.4458352327346802,0.025738872587680817,0.11347558349370956,0.026782909408211708,0.08570881932973862,0.4593013525009155,0.0349479578435421,0.1526157706975937,0.033678267151117325,0.011326379142701626,0.0564241036772728
43,LKA,Sri Lanka,2022,4.413687705993652,-0.37046849727630615,5.185983657836914,5,-0.550111711025238,-0.1327812820672989,-0.720518171787262,-0.36331045627593994,-0.5627866387367249,-0.4808686375617981,-0.36703041195869446,0.4458352327346802,0.025738872587680817,0.11347558349370956,0.026782909408211708,0.08570881932973862,0.4593013525009155,0.0349479578435421,0.1526157706975937,0.033678267151117325,0.011326379142701626,0.0564241036772728
43,LKA,Sri Lanka,2023,4.413687705993652,-0.4298667907714844,5.185983657836914,5,-0.550111711025238,-0.1327812820672989,-0.720518171787262,-0.36331045627593994,-0.5627866387367249,-0.4808686375617981,-0.36703041195869446,0.4458352327346802,0.025738872587680817,0.11347558349370956,0.026782909408211708,0.08570881932973862,0.4593013525009155,0.0349479578435421,0.1526157706975937,0.033678267151117325,0.011326379142701626,0.0564241036772728
44,LTU,Lithuania,2018,0.5927717685699463,-0.25432872772216797,5.185983657836914,5,0.11791292577981949,-0.1327812820672989,-0.0774189680814743,-0.36331045627593994,0.3881412148475647,-0.4808686375617981,0.043016545474529266,0.4458352327346802,0.025738872587680817,0.11347558349370956,0.026782909408211708,0.08570881932973862,0.4593013525009155,0.0349479578435421,0.1526157706975937,0.033678267151117325,0.011326379142701626,0.0564241036772728
44,LTU,Lithuania,2019,0.5042790174484253,0.29768913984298706,5.185983657836914,5,0.11791292577981949,-0.1327812820672989,-0.0774189680814743,-0.36331045627593994,0.3881412148475647,-0.4808686375617981,0.043016545474529266,0.4458352327346802,0.025738872587680817,0.11347558349370956,0.026782909408211708,0.08570881932973862,0.4593013525009155,0.0349479578435421,0.1526157706975937,0.033678267151117325,0.011326379142701626,0.0564241036772728
44,LTU,Lithuania,2020,1.2348809242248535,0.6649019718170166,5.185983657836914,5,0.11791292577981949,-0.1327812820672989,-0.0774189680814743,-0.36331045627593994,0.3881412148475647,-0.4808686375617981,0.043016545474529266,0.4458352327346802,0.025738872587680817,0.11347558349370956,0.026782909408211708,0.08570881932973862,0.4593013525009155,0.0349479578435421,0.1526157706975937,0.033678267151117325,0.011326379142701626,0.0564241036772728
44,LTU,Lithuania,2021,1.103811502456665,0.9020372629165649,5.185983657836914,5,0.11791292577981949,-0.1327812820672989,-0.0774189680814743,-0.36331045627593994,0.3881412148475647,-0.4808686375617981,0.043016545474529266,0.4458352327346802,0.025738872587680817,0.11347558349370956,0.026782909408211708,0.08570881932973862,0.4593013525009155,0.0349479578435421,0.1526157706975937,0.033678267151117325,0.011326379142701626,0.0564241036772728
44,LTU,Lithuania,2022,0.6238992810249329,1.0413047075271606,5.185983657836914,5,0.11791292577981949,-0.1327812820672989,-0.0774189680814743,-0.36331045627593994,0.3881412148475647,-0.4808686375617981,0.043016545474529266,0.4458352327346802,0.025738872587680817,0.11347558349370956,0.026782909408211708,0.08570881932973862,0.4593013525009155,0.0349479578435421,0.1526157706975937,0.033678267151117325,0.011326379142701626,0.0564241036772728
44,LTU,Lithuania,2023,-0.08893253654241562,1.1206319332122803,5.185983657836914,5,0.11791292577981949,-0.1327812820672989,-0.0774189680814743,-0.36331045627593994,0.3881412148475647,-0.4808686375617981,0.043016545474529266,0.4458352327346802,0.025738872587680817,0.11347558349370956,0.026782909408211708,0.08570881932973862,0.4593013525009155,0.0349479578435421,0.1526157706975937,0.033678267151117325,0.011326379142701626,0.0564241036772728
45,LUX,Luxembourg,2018,-2.6616039276123047,0.1865531951189041,5.185983657836914,5,1.3627294301986694,-0.1327812820672989,1.4299343824386597,-0.36331045627593994,1.3163741827011108,-0.4808686375617981,1.3418793678283691,0.4458352327346802,0.025738872587680817,0.11347558349370956,0.026782909408211708,0.08570881932973862,0.4593013525009155,0.0349479578435421,0.1526157706975937,0.033678267151117325,0.011326379142701626,0.0564241036772728
45,LUX,Luxembourg,2019,-3.0985145568847656,0.21354584395885468,5.185983657836914,5,1.3627294301986694,-0.1327812820672989,1.4299343824386597,-0.36331045627593994,1.3163741827011108,-0.4808686375617981,1.3418793678283691,0.4458352327346802,0.025738872587680817,0.11347558349370956,0.026782909408211708,0.08570881932973862,0.4593013525009155,0.0349479578435421,0.1526157706975937,0.033678267151117325,0.011326379142701626,0.0564241036772728
45,LUX,Luxembourg,2020,-3.1957318782806396,0.12047546356916428,5.185983657836914,5,1.3627294301986694,-0.1327812820672989,1.4299343824386597,-0.36331045627593994,1.3163741827011108,-0.4808686375617981,1.3418793678283691,0.4458352327346802,0.025738872587680817,0.11347558349370956,0.026782909408211708,0.08570881932973862,0.4593013525009155,0.0349479578435421,0.1526157706975937,0.033678267151117325,0.011326379142701626,0.0564241036772728
45,LUX,Luxembourg,2021,-3.2258713245391846,0.024845652282238007,5.185983657836914,5,1.3627294301986694,-0.1327812820672989,1.4299343824386597,-0.36331045627593994,1.3163741827011108,-0.4808686375617981,1.3418793678283691,0.4458352327346802,0.025738872587680817,0.11347558349370956,0.026782909408211708,0.08570881932973862,0.4593013525009155,0.0349479578435421,0.1526157706975937,0.033678267151117325,0.011326379142701626,0.0564241036772728
45,LUX,Luxembourg,2022,-3.72668719291687,-0.046681180596351624,5.185983657836914,5,1.3627294301986694,-0.1327812820672989,1.4299343824386597,-0.36331045627593994,1.3163741827011108,-0.4808686375617981,1.3418793678283691,0.4458352327346802,0.025738872587680817,0.11347558349370956,0.026782909408211708,0.08570881932973862,0.4593013525009155,0.0349479578435421,0.1526157706975937,0.033678267151117325,0.011326379142701626,0.0564241036772728
45,LUX,Luxembourg,2023,-4.158839225769043,-0.1014287918806076,5.185983657836914,5,1.3627294301986694,-0.1327812820672989,1.4299343824386597,-0.36331045627593994,1.3163741827011108,-0.4808686375617981,1.3418793678283691,0.4458352327346802,0.025738872587680817,0.11347558349370956,0.026782909408211708,0.08570881932973862,0.4593013525009155,0.0349479578435421,0.1526157706975937,0.033678267151117325,0.011326379142701626,0.0564241036772728
46,LVA,Latvia,2018,2.136277437210083,-0.3704848885536194,5.185983657836914,5,0.05672547221183777,-0.1327812820672989,-0.19147229194641113,-0.36331045627593994,0.368137001991272,-0.4808686375617981,-0.006488294806331396,0.4458352327346802,0.025738872587680817,0.11347558349370956,0.026782909408211708,0.08570881932973862,0.4593013525009155,0.0349479578435421,0.1526157706975937,0.033678267151117325,0.011326379142701626,0.0564241036772728
46,LVA,Latvia,2019,2.451484441757202,0.0945764034986496,5.185983657836914,5,0.05672547221183777,-0.1327812820672989,-0.19147229194641113,-0.36331045627593994,0.368137001991272,-0.4808686375617981,-0.006488294806331396,0.4458352327346802,0.025738872587680817,0.11347558349370956,0.026782909408211708,0.08570881932973862,0.4593013525009155,0.0349479578435421,0.1526157706975937,0.033678267151117325,0.011326379142701626,0.0564241036772728
46,LVA,Latvia,2020,0.5582294464111328,0.3653053045272827,5.185983657836914,5,0.05672547221183777,-0.1327812820672989,-0.19147229194641113,-0.36331045627593994,0.368137001991272,-0.4808686375617981,-0.006488294806331396,0.4458352327346802,0.025738872587680817,0.11347558349370956,0.026782909408211708,0.08570881932973862,0.4593013525009155,0.0349479578435421,0.1526157706975937,0.033678267151117325,0.011326379142701626,0.0564241036772728
46,LVA,Latvia,2021,0.538101315498352,0.5547651648521423,5.185983657836914,5,0.05672547221183777,-0.1327812820672989,-0.19147229194641113,-0.36331045627593994,0.368137001991272,-0.4808686375617981,-0.006488294806331396,0.4458352327346802,0.025738872587680817,0.11347558349370956,0.026782909408211708,0.08570881932973862,0.4593013525009155,0.0349479578435421,0.1526157706975937,0.033678267151117325,0.011326379142701626,0.0564241036772728
46,LVA,Latvia,2022,-1.1075773239135742,0.7561854720115662,5.185983657836914,5,0.05672547221183777,-0.1327812820672989,-0.19147229194641113,-0.36331045627593994,0.368137001991272,-0.4808686375617981,-0.006488294806331396,0.4458352327346802,0.025738872587680817,0.11347558349370956,0.026782909408211708,0.08570881932973862,0.4593013525009155,0.0349479578435421,0.1526157706975937,0.033678267151117325,0.011326379142701626,0.0564241036772728
46,LVA,Latvia,2023,-1.7468478679656982,0.7813761234283447,5.185983657836914,5,0.05672547221183777,-0.1327812820672989,-0.19147229194641113,-0.36331045627593994,0.368137001991272,-0.4808686375617981,-0.006488294806331396,0.4458352327346802,0.025738872587680817,0.11347558349370956,0.026782909408211708,0.08570881932973862,0.4593013525009155,0.0349479578435421,0.1526157706975937,0.033678267151117325,0.011326379142701626,0.0564241036772728
47,MAR,Morocco,2018,-2.0527760982513428,-0.8123787641525269,5.185983657836914,5,-0.5677001476287842,-0.1327812820672989,-0.5921026468276978,-0.36331045627593994,-0.603592574596405,-0.4808686375617981,-0.5074053406715393,0.4458352327346802,0.025738872587680817,0.11347558349370956,0.026782909408211708,0.08570881932973862,0.4593013525009155,0.0349479578435421,0.1526157706975937,0.033678267151117325,0.011326379142701626,0.0564241036772728
47,MAR,Morocco,2019,-1.840488076210022,-0.24750520288944244,5.185983657836914,5,-0.5677001476287842,-0.1327812820672989,-0.5921026468276978,-0.36331045627593994,-0.603592574596405,-0.4808686375617981,-0.5074053406715393,0.4458352327346802,0.025738872587680817,0.11347558349370956,0.026782909408211708,0.08570881932973862,0.4593013525009155,0.0349479578435421,0.1526157706975937,0.033678267151117325,0.011326379142701626,0.0564241036772728
47,MAR,Morocco,2020,-1.5523828268051147,-0.003022119402885437,5.185983657836914,5,-0.5677001476287842,-0.1327812820672989,-0.5921026468276978,-0.36331045627593994,-0.603592574596405,-0.4808686375617981,-0.5074053406715393,0.4458352327346802,0.025738872587680817,0.11347558349370956,0.026782909408211708,0.08570881932973862,0.4593013525009155,0.0349479578435421,0.1526157706975937,0.033678267151117325,0.011326379142701626,0.0564241036772728
47,MAR,Morocco,2021,-1.670159101486206,-0.2211238294839859,5.185983657836914,5,-0.5677001476287842,-0.1327812820672989,-0.5921026468276978,-0.36331045627593994,-0.603592574596405,-0.4808686375617981,-0.5074053406715393,0.4458352327346802,0.025738872587680817,0.11347558349370956,0.026782909408211708,0.08570881932973862,0.4593013525009155,0.0349479578435421,0.1526157706975937,0.033678267151117325,0.011326379142701626,0.0564241036772728
47,MAR,Morocco,2022,-1.1988462209701538,-0.5029350519180298,5.185983657836914,5,-0.5677001476287842,-0.1327812820672989,-0.5921026468276978,-0.36331045627593994,-0.603592574596405,-0.4808686375617981,-0.5074053406715393,0.4458352327346802,0.025738872587680817,0.11347558349370956,0.026782909408211708,0.08570881932973862,0.4593013525009155,0.0349479578435421,0.1526157706975937,0.033678267151117325,0.011326379142701626,0.0564241036772728
47,MAR,Morocco,2023,-2.160374164581299,-0.6514707803726196,5.185983657836914,5,-0.5677001476287842,-0.1327812820672989,-0.5921026468276978,-0.36331045627593994,-0.603592574596405,-0.4808686375617981,-0.5074053406715393,0.4458352327346802,0.025738872587680817,0.11347558349370956,0.026782909408211708,0.08570881932973862,0.4593013525009155,0.0349479578435421,0.1526157706975937,0.033678267151117325,0.011326379142701626,0.0564241036772728
48,MEX,Mexico,2018,-1.2096426486968994,0.29262542724609375,5.185983657836914,5,-0.4911726713180542,-0.1327812820672989,-0.5113726854324341,-0.36331045627593994,-0.13761571049690247,-0.4808686375617981,-0.8245296478271484,0.4458352327346802,0.025738872587680817,0.11347558349370956,0.026782909408211708,0.08570881932973862,0.4593013525009155,0.0349479578435421,0.1526157706975937,0.033678267151117325,0.011326379142701626,0.0564241036772728
48,MEX,Mexico,2019,-1.0846872329711914,0.6768417358398438,5.185983657836914,5,-0.4911726713180542,-0.1327812820672989,-0.5113726854324341,-0.36331045627593994,-0.13761571049690247,-0.4808686375617981,-0.8245296478271484,0.4458352327346802,0.025738872587680817,0.11347558349370956,0.026782909408211708,0.08570881932973862,0.4593013525009155,0.0349479578435421,0.1526157706975937,0.033678267151117325,0.011326379142701626,0.0564241036772728
48,MEX,Mexico,2020,-3.962113618850708,0.5905691981315613,5.185983657836914,5,-0.4911726713180542,-0.1327812820672989,-0.5113726854324341,-0.36331045627593994,-0.13761571049690247,-0.4808686375617981,-0.8245296478271484,0.4458352327346802,0.025738872587680817,0.11347558349370956,0.026782909408211708,0.08570881932973862,0.4593013525009155,0.0349479578435421,0.1526157706975937,0.033678267151117325,0.011326379142701626,0.0564241036772728
48,MEX,Mexico,2021,-5.881318092346191,0.5221743583679199,5.185983657836914,5,-0.4911726713180542,-0.1327812820672989,-0.5113726854324341,-0.36331045627593994,-0.13761571049690247,-0.4808686375617981,-0.8245296478271484,0.4458352327346802,0.025738872587680817,0.11347558349370956,0.026782909408211708,0.08570881932973862,0.4593013525009155,0.0349479578435421,0.1526157706975937,0.033678267151117325,0.011326379142701626,0.0564241036772728
48,MEX,Mexico,2022,-5.320054531097412,0.4017638564109802,5.185983657836914,5,-0.4911726713180542,-0.1327812820672989,-0.5113726854324341,-0.36331045627593994,-0.13761571049690247,-0.4808686375617981,-0.8245296478271484,0.4458352327346802,0.025738872587680817,0.11347558349370956,0.026782909408211708,0.08570881932973862,0.4593013525009155,0.0349479578435421,0.1526157706975937,0.033678267151117325,0.011326379142701626,0.0564241036772728
48,MEX,Mexico,2023,-3.6169328689575195,0.3594621419906616,5.185983657836914,5,-0.4911726713180542,-0.1327812820672989,-0.5113726854324341,-0.36331045627593994,-0.13761571049690247,-0.4808686375617981,-0.8245296478271484,0.4458352327346802,0.025738872587680817,0.11347558349370956,0.026782909408211708,0.08570881932973862,0.4593013525009155,0.0349479578435421,0.1526157706975937,0.033678267151117325,0.011326379142701626,0.0564241036772728
49,MKD,North Macedonia,2018,-4.225182056427002,-0.5795742273330688,5.185983657836914,5,-0.8401430249214172,-0.1327812820672989,-0.9831662178039551,-0.36331045627593994,-0.6911687254905701,-0.4808686375617981,-0.8460942506790161,0.4458352327346802,0.025738872587680817,0.11347558349370956,0.026782909408211708,0.08570881932973862,0.4593013525009155,0.0349479578435421,0.1526157706975937,0.033678267151117325,0.011326379142701626,0.0564241036772728
49,MKD,North Macedonia,2019,-2.3085620403289795,-0.20853029191493988,5.185983657836914,5,-0.8401430249214172,-0.1327812820672989,-0.9831662178039551,-0.36331045627593994,-0.6911687254905701,-0.4808686375617981,-0.8460942506790161,0.4458352327346802,0.025738872587680817,0.11347558349370956,0.026782909408211708,0.08570881932973862,0.4593013525009155,0.0349479578435421,0.1526157706975937,0.033678267151117325,0.011326379142701626,0.0564241036772728
49,MKD,North Macedonia,2020,-3.7089016437530518,-0.32672232389450073,5.185983657836914,5,-0.8401430249214172,-0.1327812820672989,-0.9831662178039551,-0.36331045627593994,-0.6911687254905701,-0.4808686375617981,-0.8460942506790161,0.4458352327346802,0.025738872587680817,0.11347558349370956,0.026782909408211708,0.08570881932973862,0.4593013525009155,0.0349479578435421,0.1526157706975937,0.033678267151117325,0.011326379142701626,0.0564241036772728
49,MKD,North Macedonia,2021,-4.82833194732666,-0.46740227937698364,5.185983657836914,5,-0.8401430249214172,-0.1327812820672989,-0.9831662178039551,-0.36331045627593994,-0.6911687254905701,-0.4808686375617981,-0.8460942506790161,0.4458352327346802,0.025738872587680817,0.11347558349370956,0.026782909408211708,0.08570881932973862,0.4593013525009155,0.0349479578435421,0.1526157706975937,0.033678267151117325,0.011326379142701626,0.0564241036772728
49,MKD,North Macedonia,2022,-3.69097900390625,-0.6458317637443542,5.185983657836914,5,-0.8401430249214172,-0.1327812820672989,-0.9831662178039551,-0.36331045627593994,-0.6911687254905701,-0.4808686375617981,-0.8460942506790161,0.4458352327346802,0.025738872587680817,0.11347558349370956,0.026782909408211708,0.08570881932973862,0.4593013525009155,0.0349479578435421,0.1526157706975937,0.033678267151117325,0.011326379142701626,0.0564241036772728
49,MKD,North Macedonia,2023,-4.7387189865112305,-0.9001068472862244,5.185983657836914,5,-0.8401430249214172,-0.1327812820672989,-0.9831662178039551,-0.36331045627593994,-0.6911687254905701,-0.4808686375617981,-0.8460942506790161,0.4458352327346802,0.025738872587680817,0.11347558349370956,0.026782909408211708,0.08570881932973862,0.4593013525009155,0.0349479578435421,0.1526157706975937,0.033678267151117325,0.011326379142701626,0.0564241036772728
50,MYS,Malaysia,2018,0.02772342786192894,0.5370155572891235,5.185983657836914,5,0.11615476757287979,-0.1327812820672989,0.3967877924442291,-0.36331045627593994,0.08836042881011963,-0.4808686375617981,-0.1366838961839676,0.4458352327346802,0.025738872587680817,0.11347558349370956,0.026782909408211708,0.08570881932973862,0.4593013525009155,0.0349479578435421,0.1526157706975937,0.033678267151117325,0.011326379142701626,0.0564241036772728
50,MYS,Malaysia,2019,-0.08382336795330048,0.8992688655853271,5.185983657836914,5,0.11615476757287979,-0.1327812820672989,0.3967877924442291,-0.36331045627593994,0.08836042881011963,-0.4808686375617981,-0.1366838961839676,0.4458352327346802,0.025738872587680817,0.11347558349370956,0.026782909408211708,0.08570881932973862,0.4593013525009155,0.0349479578435421,0.1526157706975937,0.033678267151117325,0.011326379142701626,0.0564241036772728
50,MYS,Malaysia,2020,0.11602042615413666,1.0079232454299927,5.185983657836914,5,0.11615476757287979,-0.1327812820672989,0.3967877924442291,-0.36331045627593994,0.08836042881011963,-0.4808686375617981,-0.1366838961839676,0.4458352327346802,0.025738872587680817,0.11347558349370956,0.026782909408211708,0.08570881932973862,0.4593013525009155,0.0349479578435421,0.1526157706975937,0.033678267151117325,0.011326379142701626,0.0564241036772728
50,MYS,Malaysia,2021,-0.4654858112335205,1.0512534379959106,5.185983657836914,5,0.11615476757287979,-0.1327812820672989,0.3967877924442291,-0.36331045627593994,0.08836042881011963,-0.4808686375617981,-0.1366838961839676,0.4458352327346802,0.025738872587680817,0.11347558349370956,0.026782909408211708,0.08570881932973862,0.4593013525009155,0.0349479578435421,0.1526157706975937,0.033678267151117325,0.011326379142701626,0.0564241036772728
50,MYS,Malaysia,2022,-0.6587987542152405,1.053760290145874,5.185983657836914,5,0.11615476757287979,-0.1327812820672989,0.3967877924442291,-0.36331045627593994,0.08836042881011963,-0.4808686375617981,-0.1366838961839676,0.4458352327346802,0.025738872587680817,0.11347558349370956,0.026782909408211708,0.08570881932973862,0.4593013525009155,0.0349479578435421,0.1526157706975937,0.033678267151117325,0.011326379142701626,0.0564241036772728
50,MYS,Malaysia,2023,-0.5584850311279297,1.0505083799362183,5.185983657836914,5,0.11615476757287979,-0.1327812820672989,0.3967877924442291,-0.36331045627593994,0.08836042881011963,-0.4808686375617981,-0.1366838961839676,0.4458352327346802,0.025738872587680817,0.11347558349370956,0.026782909408211708,0.08570881932973862,0.4593013525009155,0.0349479578435421,0.1526157706975937,0.033678267151117325,0.011326379142701626,0.0564241036772728
51,NLD,Netherlands,2018,-2.012981653213501,-0.020877331495285034,5.185983657836914,5,1.3984497785568237,-0.1327812820672989,1.432983160018921,-0.36331045627593994,1.4087532758712769,-0.4808686375617981,1.3536127805709839,0.4458352327346802,0.025738872587680817,0.11347558349370956,0.026782909408211708,0.08570881932973862,0.4593013525009155,0.0349479578435421,0.1526157706975937,0.033678267151117325,0.011326379142701626,0.0564241036772728
51,NLD,Netherlands,2019,-4.107210636138916,-0.33469659090042114,5.185983657836914,5,1.3984497785568237,-0.1327812820672989,1.432983160018921,-0.36331045627593994,1.4087532758712769,-0.4808686375617981,1.3536127805709839,0.4458352327346802,0.025738872587680817,0.11347558349370956,0.026782909408211708,0.08570881932973862,0.4593013525009155,0.0349479578435421,0.1526157706975937,0.033678267151117325,0.011326379142701626,0.0564241036772728
51,NLD,Netherlands,2020,-6.567773342132568,-0.8413618803024292,5.185983657836914,5,1.3984497785568237,-0.1327812820672989,1.432983160018921,-0.36331045627593994,1.4087532758712769,-0.4808686375617981,1.3536127805709839,0.4458352327346802,0.025738872587680817,0.11347558349370956,0.026782909408211708,0.08570881932973862,0.4593013525009155,0.0349479578435421,0.1526157706975937,0.033678267151117325,0.011326379142701626,0.0564241036772728
51,NLD,Netherlands,2021,-6.225274562835693,-1.3472611904144287,5.185983657836914,5,1.3984497785568237,-0.1327812820672989,1.432983160018921,-0.36331045627593994,1.4087532758712769,-0.4808686375617981,1.3536127805709839,0.4458352327346802,0.025738872587680817,0.11347558349370956,0.026782909408211708,0.08570881932973862,0.4593013525009155,0.0349479578435421,0.1526157706975937,0.033678267151117325,0.011326379142701626,0.0564241036772728
51,NLD,Netherlands,2022,-7.184930801391602,-1.714462161064148,5.185983657836914,5,1.3984497785568237,-0.1327812820672989,1.432983160018921,-0.36331045627593994,1.4087532758712769,-0.4808686375617981,1.3536127805709839,0.4458352327346802,0.025738872587680817,0.11347558349370956,0.026782909408211708,0.08570881932973862,0.4593013525009155,0.0349479578435421,0.1526157706975937,0.033678267151117325,0.011326379142701626,0.0564241036772728
51,NLD,Netherlands,2023,-9.322796821594238,-1.9552985429763794,5.185983657836914,5,1.3984497785568237,-0.1327812820672989,1.432983160018921,-0.36331045627593994,1.4087532758712769,-0.4808686375617981,1.3536127805709839,0.4458352327346802,0.025738872587680817,0.11347558349370956,0.026782909408211708,0.08570881932973862,0.4593013525009155,0.0349479578435421,0.1526157706975937,0.033678267151117325,0.011326379142701626,0.0564241036772728
52,NOR,Norway,2018,0.684697687625885,0.8600970506668091,5.185983657836914,5,1.3073252439498901,-0.1327812820672989,1.3803420066833496,-0.36331045627593994,1.0274958610534668,-0.4808686375617981,1.5141379833221436,0.4458352327346802,0.025738872587680817,0.11347558349370956,0.026782909408211708,0.08570881932973862,0.4593013525009155,0.0349479578435421,0.1526157706975937,0.033678267151117325,0.011326379142701626,0.0564241036772728
52,NOR,Norway,2019,0.7579119205474854,0.96666419506073,5.185983657836914,5,1.3073252439498901,-0.1327812820672989,1.3803420066833496,-0.36331045627593994,1.0274958610534668,-0.4808686375617981,1.5141379833221436,0.4458352327346802,0.025738872587680817,0.11347558349370956,0.026782909408211708,0.08570881932973862,0.4593013525009155,0.0349479578435421,0.1526157706975937,0.033678267151117325,0.011326379142701626,0.0564241036772728
52,NOR,Norway,2020,0.16256453096866608,0.9193339943885803,5.185983657836914,5,1.3073252439498901,-0.1327812820672989,1.3803420066833496,-0.36331045627593994,1.0274958610534668,-0.4808686375617981,1.5141379833221436,0.4458352327346802,0.025738872587680817,0.11347558349370956,0.026782909408211708,0.08570881932973862,0.4593013525009155,0.0349479578435421,0.1526157706975937,0.033678267151117325,0.011326379142701626,0.0564241036772728
52,NOR,Norway,2021,-0.5059971213340759,0.8858288526535034,5.185983657836914,5,1.3073252439498901,-0.1327812820672989,1.3803420066833496,-0.36331045627593994,1.0274958610534668,-0.4808686375617981,1.5141379833221436,0.4458352327346802,0.025738872587680817,0.11347558349370956,0.026782909408211708,0.08570881932973862,0.4593013525009155,0.0349479578435421,0.1526157706975937,0.033678267151117325,0.011326379142701626,0.0564241036772728
52,NOR,Norway,2022,0.01806272566318512,0.8547797203063965,5.185983657836914,5,1.3073252439498901,-0.1327812820672989,1.3803420066833496,-0.36331045627593994,1.0274958610534668,-0.4808686375617981,1.5141379833221436,0.4458352327346802,0.025738872587680817,0.11347558349370956,0.026782909408211708,0.08570881932973862,0.4593013525009155,0.0349479578435421,0.1526157706975937,0.033678267151117325,0.011326379142701626,0.0564241036772728
52,NOR,Norway,2023,0.1799047440290451,0.8317023515701294,5.185983657836914,5,1.3073252439498901,-0.1327812820672989,1.3803420066833496,-0.36331045627593994,1.0274958610534668,-0.4808686375617981,1.5141379833221436,0.4458352327346802,0.025738872587680817,0.11347558349370956,0.026782909408211708,0.08570881932973862,0.4593013525009155,0.0349479578435421,0.1526157706975937,0.033678267151117325,0.011326379142701626,0.0564241036772728
53,NZL,New Zealand,2018,-2.981884479522705,0.4763423204421997,5.185983657836914,5,1.3908849954605103,-0.1327812820672989,1.414912223815918,-0.36331045627593994,1.3223596811294556,-0.4808686375617981,1.4353830814361572,0.4458352327346802,0.025738872587680817,0.11347558349370956,0.026782909408211708,0.08570881932973862,0.4593013525009155,0.0349479578435421,0.1526157706975937,0.033678267151117325,0.011326379142701626,0.0564241036772728
53,NZL,New Zealand,2019,-2.6216039657592773,0.3333507776260376,5.185983657836914,5,1.3908849954605103,-0.1327812820672989,1.414912223815918,-0.36331045627593994,1.3223596811294556,-0.4808686375617981,1.4353830814361572,0.4458352327346802,0.025738872587680817,0.11347558349370956,0.026782909408211708,0.08570881932973862,0.4593013525009155,0.0349479578435421,0.1526157706975937,0.033678267151117325,0.011326379142701626,0.0564241036772728
53,NZL,New Zealand,2020,-2.319328546524048,0.02559317648410797,5.185983657836914,5,1.3908849954605103,-0.1327812820672989,1.414912223815918,-0.36331045627593994,1.3223596811294556,-0.4808686375617981,1.4353830814361572,0.4458352327346802,0.025738872587680817,0.11347558349370956,0.026782909408211708,0.08570881932973862,0.4593013525009155,0.0349479578435421,0.1526157706975937,0.033678267151117325,0.011326379142701626,0.0564241036772728
53,NZL,New Zealand,2021,-2.2188103199005127,-0.2938297986984253,5.185983657836914,5,1.3908849954605103,-0.1327812820672989,1.414912223815918,-0.36331045627593994,1.3223596811294556,-0.4808686375617981,1.4353830814361572,0.4458352327346802,0.025738872587680817,0.11347558349370956,0.026782909408211708,0.08570881932973862,0.4593013525009155,0.0349479578435421,0.1526157706975937,0.033678267151117325,0.011326379142701626,0.0564241036772728
53,NZL,New Zealand,2022,-3.390082359313965,-0.5690925121307373,5.185983657836914,5,1.3908849954605103,-0.1327812820672989,1.414912223815918,-0.36331045627593994,1.3223596811294556,-0.4808686375617981,1.4353830814361572,0.4458352327346802,0.025738872587680817,0.11347558349370956,0.026782909408211708,0.08570881932973862,0.4593013525009155,0.0349479578435421,0.1526157706975937,0.033678267151117325,0.011326379142701626,0.0564241036772728
53,NZL,New Zealand,2023,-3.6847918033599854,-0.7404544949531555,5.185983657836914,5,1.3908849954605103,-0.1327812820672989,1.414912223815918,-0.36331045627593994,1.3223596811294556,-0.4808686375617981,1.4353830814361572,0.4458352327346802,0.025738872587680817,0.11347558349370956,0.026782909408211708,0.08570881932973862,0.4593013525009155,0.0349479578435421,0.1526157706975937,0.033678267151117325,0.011326379142701626,0.0564241036772728
54,OMN,Oman,2018,-1.4833542108535767,-0.5151687264442444,5.185983657836914,5,-0.0670604482293129,-0.1327812820672989,-0.2567063570022583,-0.36331045627593994,0.022247422486543655,-0.4808686375617981,0.033277593553066254,0.4458352327346802,0.025738872587680817,0.11347558349370956,0.026782909408211708,0.08570881932973862,0.4593013525009155,0.0349479578435421,0.1526157706975937,0.033678267151117325,0.011326379142701626,0.0564241036772728
54,OMN,Oman,2019,-1.4833542108535767,-0.8338850736618042,5.185983657836914,5,-0.0670604482293129,-0.1327812820672989,-0.2567063570022583,-0.36331045627593994,0.022247422486543655,-0.4808686375617981,0.033277593553066254,0.4458352327346802,0.025738872587680817,0.11347558349370956,0.026782909408211708,0.08570881932973862,0.4593013525009155,0.0349479578435421,0.1526157706975937,0.033678267151117325,0.011326379142701626,0.0564241036772728
54,OMN,Oman,2020,-1.9118425846099854,-1.2328027486801147,5.185983657836914,5,-0.0670604482293129,-0.1327812820672989,-0.2567063570022583,-0.36331045627593994,0.022247422486543655,-0.4808686375617981,0.033277593553066254,0.4458352327346802,0.025738872587680817,0.11347558349370956,0.026782909408211708,0.08570881932973862,0.4593013525009155,0.0349479578435421,0.1526157706975937,0.033678267151117325,0.011326379142701626,0.0564241036772728
54,OMN,Oman,2021,-2.7994258403778076,-1.5837363004684448,5.185983657836914,5,-0.0670604482293129,-0.1327812820672989,-0.2567063570022583,-0.36331045627593994,0.022247422486543655,-0.4808686375617981,0.033277593553066254,0.4458352327346802,0.025738872587680817,0.11347558349370956,0.026782909408211708,0.08570881932973862,0.4593013525009155,0.0349479578435421,0.1526157706975937,0.033678267151117325,0.011326379142701626,0.0564241036772728
54,OMN,Oman,2022,-4.406257152557373,-1.855512261390686,5.185983657836914,5,-0.0670604482293129,-0.1327812820672989,-0.2567063570022583,-0.36331045627593994,0.022247422486543655,-0.4808686375617981,0.033277593553066254,0.4458352327346802,0.025738872587680817,0.11347558349370956,0.026782909408211708,0.08570881932973862,0.4593013525009155,0.0349479578435421,0.1526157706975937,0.033678267151117325,0.011326379142701626,0.0564241036772728
54,OMN,Oman,2023,-4.634274482727051,-2.0561535358428955,5.185983657836914,5,-0.0670604482293129,-0.1327812820672989,-0.2567063570022583,-0.36331045627593994,0.022247422486543655,-0.4808686375617981,0.033277593553066254,0.4458352327346802,0.025738872587680817,0.11347558349370956,0.026782909408211708,0.08570881932973862,0.4593013525009155,0.0349479578435421,0.1526157706975937,0.033678267151117325,0.011326379142701626,0.0564241036772728
55,PAK,Pakistan,2018,0.6607634425163269,-1.5987244844436646,5.185983657836914,5,-1.1695586442947388,-0.1327812820672989,-1.022442102432251,-0.36331045627593994,-1.2194249629974365,-0.4808686375617981,-1.2668088674545288,0.4458352327346802,0.025738872587680817,0.11347558349370956,0.026782909408211708,0.08570881932973862,0.4593013525009155,0.0349479578435421,0.1526157706975937,0.033678267151117325,0.011326379142701626,0.0564241036772728
55,PAK,Pakistan,2019,0.263211190700531,-1.0669821500778198,5.185983657836914,5,-1.1695586442947388,-0.1327812820672989,-1.022442102432251,-0.36331045627593994,-1.2194249629974365,-0.4808686375617981,-1.2668088674545288,0.4458352327346802,0.025738872587680817,0.11347558349370956,0.026782909408211708,0.08570881932973862,0.4593013525009155,0.0349479578435421,0.1526157706975937,0.033678267151117325,0.011326379142701626,0.0564241036772728
55,PAK,Pakistan,2020,0.5979493856430054,-0.8512874841690063,5.185983657836914,5,-1.1695586442947388,-0.1327812820672989,-1.022442102432251,-0.36331045627593994,-1.2194249629974365,-0.4808686375617981,-1.2668088674545288,0.4458352327346802,0.025738872587680817,0.11347558349370956,0.026782909408211708,0.08570881932973862,0.4593013525009155,0.0349479578435421,0.1526157706975937,0.033678267151117325,0.011326379142701626,0.0564241036772728
55,PAK,Pakistan,2021,-0.27455824613571167,-0.8858205676078796,5.185983657836914,5,-1.1695586442947388,-0.1327812820672989,-1.022442102432251,-0.36331045627593994,-1.2194249629974365,-0.4808686375617981,-1.2668088674545288,0.4458352327346802,0.025738872587680817,0.11347558349370956,0.026782909408211708,0.08570881932973862,0.4593013525009155,0.0349479578435421,0.1526157706975937,0.033678267151117325,0.011326379142701626,0.0564241036772728
55,PAK,Pakistan,2022,-1.3144348859786987,-1.1457899808883667,5.185983657836914,5,-1.1695586442947388,-0.1327812820672989,-1.022442102432251,-0.36331045627593994,-1.2194249629974365,-0.4808686375617981,-1.2668088674545288,0.4458352327346802,0.025738872587680817,0.11347558349370956,0.026782909408211708,0.08570881932973862,0.4593013525009155,0.0349479578435421,0.1526157706975937,0.033678267151117325,0.011326379142701626,0.0564241036772728
55,PAK,Pakistan,2023,-1.7306287288665771,-1.2974534034729004,5.185983657836914,5,-1.1695586442947388,-0.1327812820672989,-1.022442102432251,-0.36331045627593994,-1.2194249629974365,-0.4808686375617981,-1.2668088674545288,0.4458352327346802,0.025738872587680817,0.11347558349370956,0.026782909408211708,0.08570881932973862,0.4593013525009155,0.0349479578435421,0.1526157706975937,0.033678267151117325,0.011326379142701626,0.0564241036772728
56,PER,Peru,2018,1.0936386585235596,-1.0511258840560913,5.185983657836914,5,-0.6950809359550476,-0.1327812820672989,-0.8969854712486267,-0.36331045627593994,-0.25150150060653687,-0.4808686375617981,-0.9367557168006897,0.4458352327346802,0.025738872587680817,0.11347558349370956,0.026782909408211708,0.08570881932973862,0.4593013525009155,0.0349479578435421,0.1526157706975937,0.033678267151117325,0.011326379142701626,0.0564241036772728
56,PER,Peru,2019,1.1609760522842407,-0.26373106241226196,5.185983657836914,5,-0.6950809359550476,-0.1327812820672989,-0.8969854712486267,-0.36331045627593994,-0.25150150060653687,-0.4808686375617981,-0.9367557168006897,0.4458352327346802,0.025738872587680817,0.11347558349370956,0.026782909408211708,0.08570881932973862,0.4593013525009155,0.0349479578435421,0.1526157706975937,0.033678267151117325,0.011326379142701626,0.0564241036772728
56,PER,Peru,2020,0.8656606674194336,0.20172689855098724,5.185983657836914,5,-0.6950809359550476,-0.1327812820672989,-0.8969854712486267,-0.36331045627593994,-0.25150150060653687,-0.4808686375617981,-0.9367557168006897,0.4458352327346802,0.025738872587680817,0.11347558349370956,0.026782909408211708,0.08570881932973862,0.4593013525009155,0.0349479578435421,0.1526157706975937,0.033678267151117325,0.011326379142701626,0.0564241036772728
56,PER,Peru,2021,1.0604026317596436,0.48394882678985596,5.185983657836914,5,-0.6950809359550476,-0.1327812820672989,-0.8969854712486267,-0.36331045627593994,-0.25150150060653687,-0.4808686375617981,-0.9367557168006897,0.4458352327346802,0.025738872587680817,0.11347558349370956,0.026782909408211708,0.08570881932973862,0.4593013525009155,0.0349479578435421,0.1526157706975937,0.033678267151117325,0.011326379142701626,0.0564241036772728
56,PER,Peru,2022,1.6989833116531372,0.9338746666908264,5.185983657836914,5,-0.6950809359550476,-0.1327812820672989,-0.8969854712486267,-0.36331045627593994,-0.25150150060653687,-0.4808686375617981,-0.9367557168006897,0.4458352327346802,0.025738872587680817,0.11347558349370956,0.026782909408211708,0.08570881932973862,0.4593013525009155,0.0349479578435421,0.1526157706975937,0.033678267151117325,0.011326379142701626,0.0564241036772728
56,PER,Peru,2023,1.919171690940857,1.0603219270706177,5.185983657836914,5,-0.6950809359550476,-0.1327812820672989,-0.8969854712486267,-0.36331045627593994,-0.25150150060653687,-0.4808686375617981,-0.9367557168006897,0.4458352327346802,0.025738872587680817,0.11347558349370956,0.026782909408211708,0.08570881932973862,0.4593013525009155,0.0349479578435421,0.1526157706975937,0.033678267151117325,0.011326379142701626,0.0564241036772728
57,PHL,Philippines,2018,4.912133693695068,-1.635426640510559,5.185983657836914,5,-0.5819682478904724,-0.1327812820672989,-0.5483519434928894,-0.36331045627593994,-0.43141669034957886,-0.4808686375617981,-0.7661361694335938,0.4458352327346802,0.025738872587680817,0.11347558349370956,0.026782909408211708,0.08570881932973862,0.4593013525009155,0.0349479578435421,0.1526157706975937,0.033678267151117325,0.011326379142701626,0.0564241036772728
57,PHL,Philippines,2019,5.833406925201416,-1.089433193206787,5.185983657836914,5,-0.5819682478904724,-0.1327812820672989,-0.5483519434928894,-0.36331045627593994,-0.43141669034957886,-0.4808686375617981,-0.7661361694335938,0.4458352327346802,0.025738872587680817,0.11347558349370956,0.026782909408211708,0.08570881932973862,0.4593013525009155,0.0349479578435421,0.1526157706975937,0.033678267151117325,0.011326379142701626,0.0564241036772728
57,PHL,Philippines,2020,6.113379955291748,-0.8586952090263367,5.185983657836914,5,-0.5819682478904724,-0.1327812820672989,-0.5483519434928894,-0.36331045627593994,-0.43141669034957886,-0.4808686375617981,-0.7661361694335938,0.4458352327346802,0.025738872587680817,0.11347558349370956,0.026782909408211708,0.08570881932973862,0.4593013525009155,0.0349479578435421,0.1526157706975937,0.033678267151117325,0.011326379142701626,0.0564241036772728
57,PHL,Philippines,2021,6.149739742279053,-0.8522411584854126,5.185983657836914,5,-0.5819682478904724,-0.1327812820672989,-0.5483519434928894,-0.36331045627593994,-0.43141669034957886,-0.4808686375617981,-0.7661361694335938,0.4458352327346802,0.025738872587680817,0.11347558349370956,0.026782909408211708,0.08570881932973862,0.4593013525009155,0.0349479578435421,0.1526157706975937,0.033678267151117325,0.011326379142701626,0.0564241036772728
57,PHL,Philippines,2022,6.288362503051758,-0.9500418901443481,5.185983657836914,5,-0.5819682478904724,-0.1327812820672989,-0.5483519434928894,-0.36331045627593994,-0.43141669034957886,-0.4808686375617981,-0.7661361694335938,0.4458352327346802,0.025738872587680817,0.11347558349370956,0.026782909408211708,0.08570881932973862,0.4593013525009155,0.0349479578435421,0.1526157706975937,0.033678267151117325,0.011326379142701626,0.0564241036772728
57,PHL,Philippines,2023,6.736955165863037,-1.1007200479507446,5.185983657836914,5,-0.5819682478904724,-0.1327812820672989,-0.5483519434928894,-0.36331045627593994,-0.43141669034957886,-0.4808686375617981,-0.7661361694335938,0.4458352327346802,0.025738872587680817,0.11347558349370956,0.026782909408211708,0.08570881932973862,0.4593013525009155,0.0349479578435421,0.1526157706975937,0.033678267151117325,0.011326379142701626,0.0564241036772728
58,POL,Poland,2018,-5.292060375213623,-0.3121105432510376,5.185983657836914,5,0.13508905470371246,-0.1327812820672989,0.0030404042918235064,-0.36331045627593994,0.21474087238311768,-0.4808686375617981,0.18748588860034943,0.4458352327346802,0.025738872587680817,0.11347558349370956,0.026782909408211708,0.08570881932973862,0.4593013525009155,0.0349479578435421,0.1526157706975937,0.033678267151117325,0.011326379142701626,0.0564241036772728
58,POL,Poland,2019,-6.858757495880127,-0.1257251352071762,5.185983657836914,5,0.13508905470371246,-0.1327812820672989,0.0030404042918235064,-0.36331045627593994,0.21474087238311768,-0.4808686375617981,0.18748588860034943,0.4458352327346802,0.025738872587680817,0.11347558349370956,0.026782909408211708,0.08570881932973862,0.4593013525009155,0.0349479578435421,0.1526157706975937,0.033678267151117325,0.011326379142701626,0.0564241036772728
58,POL,Poland,2020,-8.258927345275879,-0.30567383766174316,5.185983657836914,5,0.13508905470371246,-0.1327812820672989,0.0030404042918235064,-0.36331045627593994,0.21474087238311768,-0.4808686375617981,0.18748588860034943,0.4458352327346802,0.025738872587680817,0.11347558349370956,0.026782909408211708,0.08570881932973862,0.4593013525009155,0.0349479578435421,0.1526157706975937,0.033678267151117325,0.011326379142701626,0.0564241036772728
58,POL,Poland,2021,-7.500536918640137,-0.587550938129425,5.185983657836914,5,0.13508905470371246,-0.1327812820672989,0.0030404042918235064,-0.36331045627593994,0.21474087238311768,-0.4808686375617981,0.18748588860034943,0.4458352327346802,0.025738872587680817,0.11347558349370956,0.026782909408211708,0.08570881932973862,0.4593013525009155,0.0349479578435421,0.1526157706975937,0.033678267151117325,0.011326379142701626,0.0564241036772728
58,POL,Poland,2022,-8.502216339111328,-0.8600285649299622,5.185983657836914,5,0.13508905470371246,-0.1327812820672989,0.0030404042918235064,-0.36331045627593994,0.21474087238311768,-0.4808686375617981,0.18748588860034943,0.4458352327346802,0.025738872587680817,0.11347558349370956,0.026782909408211708,0.08570881932973862,0.4593013525009155,0.0349479578435421,0.1526157706975937,0.033678267151117325,0.011326379142701626,0.0564241036772728
58,POL,Poland,2023,-11.761031150817871,-1.0944184064865112,5.185983657836914,5,0.13508905470371246,-0.1327812820672989,0.0030404042918235064,-0.36331045627593994,0.21474087238311768,-0.4808686375617981,0.18748588860034943,0.4458352327346802,0.025738872587680817,0.11347558349370956,0.026782909408211708,0.08570881932973862,0.4593013525009155,0.0349479578435421,0.1526157706975937,0.033678267151117325,0.011326379142701626,0.0564241036772728
59,PRT,Portugal,2018,-1.9006779193878174,0.0013178884983062744,5.185983657836914,5,0.5889715552330017,-0.1327812820672989,0.3899436593055725,-0.36331045627593994,0.6463295221328735,-0.4808686375617981,0.7306414842605591,0.4458352327346802,0.025738872587680817,0.11347558349370956,0.026782909408211708,0.08570881932973862,0.4593013525009155,0.0349479578435421,0.1526157706975937,0.033678267151117325,0.011326379142701626,0.0564241036772728
59,PRT,Portugal,2019,-2.685220718383789,0.14966809749603271,5.185983657836914,5,0.5889715552330017,-0.1327812820672989,0.3899436593055725,-0.36331045627593994,0.6463295221328735,-0.4808686375617981,0.7306414842605591,0.4458352327346802,0.025738872587680817,0.11347558349370956,0.026782909408211708,0.08570881932973862,0.4593013525009155,0.0349479578435421,0.1526157706975937,0.033678267151117325,0.011326379142701626,0.0564241036772728
59,PRT,Portugal,2020,-3.400998592376709,-0.03283429145812988,5.185983657836914,5,0.5889715552330017,-0.1327812820672989,0.3899436593055725,-0.36331045627593994,0.6463295221328735,-0.4808686375617981,0.7306414842605591,0.4458352327346802,0.025738872587680817,0.11347558349370956,0.026782909408211708,0.08570881932973862,0.4593013525009155,0.0349479578435421,0.1526157706975937,0.033678267151117325,0.011326379142701626,0.0564241036772728
59,PRT,Portugal,2021,-3.9149670600891113,-0.3211638331413269,5.185983657836914,5,0.5889715552330017,-0.1327812820672989,0.3899436593055725,-0.36331045627593994,0.6463295221328735,-0.4808686375617981,0.7306414842605591,0.4458352327346802,0.025738872587680817,0.11347558349370956,0.026782909408211708,0.08570881932973862,0.4593013525009155,0.0349479578435421,0.1526157706975937,0.033678267151117325,0.011326379142701626,0.0564241036772728
59,PRT,Portugal,2022,-3.713021755218506,-0.7228124141693115,5.185983657836914,5,0.5889715552330017,-0.1327812820672989,0.3899436593055725,-0.36331045627593994,0.6463295221328735,-0.4808686375617981,0.7306414842605591,0.4458352327346802,0.025738872587680817,0.11347558349370956,0.026782909408211708,0.08570881932973862,0.4593013525009155,0.0349479578435421,0.1526157706975937,0.033678267151117325,0.011326379142701626,0.0564241036772728
59,PRT,Portugal,2023,-4.624629497528076,-0.9060741662979126,5.185983657836914,5,0.5889715552330017,-0.1327812820672989,0.3899436593055725,-0.36331045627593994,0.6463295221328735,-0.4808686375617981,0.7306414842605591,0.4458352327346802,0.025738872587680817,0.11347558349370956,0.026782909408211708,0.08570881932973862,0.4593013525009155,0.0349479578435421,0.1526157706975937,0.033678267151117325,0.011326379142701626,0.0564241036772728
60,QAT,Qatar,2018,-6.880117416381836,0.1944073587656021,5.185983657836914,5,-0.037850040942430496,-0.1327812820672989,0.02352459356188774,-0.36331045627593994,-0.20334964990615845,-0.4808686375617981,0.06627492606639862,0.4458352327346802,0.025738872587680817,0.11347558349370956,0.026782909408211708,0.08570881932973862,0.4593013525009155,0.0349479578435421,0.1526157706975937,0.033678267151117325,0.011326379142701626,0.0564241036772728
60,QAT,Qatar,2019,-4.506235599517822,0.16391031444072723,5.185983657836914,5,-0.037850040942430496,-0.1327812820672989,0.02352459356188774,-0.36331045627593994,-0.20334964990615845,-0.4808686375617981,0.06627492606639862,0.4458352327346802,0.025738872587680817,0.11347558349370956,0.026782909408211708,0.08570881932973862,0.4593013525009155,0.0349479578435421,0.1526157706975937,0.033678267151117325,0.011326379142701626,0.0564241036772728
60,QAT,Qatar,2020,-5.444746971130371,0.028904035687446594,5.185983657836914,5,-0.037850040942430496,-0.1327812820672989,0.02352459356188774,-0.36331045627593994,-0.20334964990615845,-0.4808686375617981,0.06627492606639862,0.4458352327346802,0.025738872587680817,0.11347558349370956,0.026782909408211708,0.08570881932973862,0.4593013525009155,0.0349479578435421,0.1526157706975937,0.033678267151117325,0.011326379142701626,0.0564241036772728
60,QAT,Qatar,2021,-6.548878192901611,-0.08260078728199005,5.185983657836914,5,-0.037850040942430496,-0.1327812820672989,0.02352459356188774,-0.36331045627593994,-0.20334964990615845,-0.4808686375617981,0.06627492606639862,0.4458352327346802,0.025738872587680817,0.11347558349370956,0.026782909408211708,0.08570881932973862,0.4593013525009155,0.0349479578435421,0.1526157706975937,0.033678267151117325,0.011326379142701626,0.0564241036772728
60,QAT,Qatar,2022,-4.892681121826172,-0.1510397046804428,5.185983657836914,5,-0.037850040942430496,-0.1327812820672989,0.02352459356188774,-0.36331045627593994,-0.20334964990615845,-0.4808686375617981,0.06627492606639862,0.4458352327346802,0.025738872587680817,0.11347558349370956,0.026782909408211708,0.08570881932973862,0.4593013525009155,0.0349479578435421,0.1526157706975937,0.033678267151117325,0.011326379142701626,0.0564241036772728
60,QAT,Qatar,2023,-5.334333896636963,-0.18796612322330475,5.185983657836914,5,-0.037850040942430496,-0.1327812820672989,0.02352459356188774,-0.36331045627593994,-0.20334964990615845,-0.4808686375617981,0.06627492606639862,0.4458352327346802,0.025738872587680817,0.11347558349370956,0.026782909408211708,0.08570881932973862,0.4593013525009155,0.0349479578435421,0.1526157706975937,0.033678267151117325,0.011326379142701626,0.0564241036772728
61,ROU,Romania,2018,-3.695746898651123,0.25594472885131836,5.185983657836914,5,-0.6137262582778931,-0.1327812820672989,-0.9381364583969116,-0.36331045627593994,-0.44055911898612976,-0.4808686375617981,-0.4624831974506378,0.4458352327346802,0.025738872587680817,0.11347558349370956,0.026782909408211708,0.08570881932973862,0.4593013525009155,0.0349479578435421,0.1526157706975937,0.033678267151117325,0.011326379142701626,0.0564241036772728
61,ROU,Romania,2019,-4.160907745361328,0.3800814747810364,5.185983657836914,5,-0.6137262582778931,-0.1327812820672989,-0.9381364583969116,-0.36331045627593994,-0.44055911898612976,-0.4808686375617981,-0.4624831974506378,0.4458352327346802,0.025738872587680817,0.11347558349370956,0.026782909408211708,0.08570881932973862,0.4593013525009155,0.0349479578435421,0.1526157706975937,0.033678267151117325,0.011326379142701626,0.0564241036772728
61,ROU,Romania,2020,-5.406534671783447,0.29814356565475464,5.185983657836914,5,-0.6137262582778931,-0.1327812820672989,-0.9381364583969116,-0.36331045627593994,-0.44055911898612976,-0.4808686375617981,-0.4624831974506378,0.4458352327346802,0.025738872587680817,0.11347558349370956,0.026782909408211708,0.08570881932973862,0.4593013525009155,0.0349479578435421,0.1526157706975937,0.033678267151117325,0.011326379142701626,0.0564241036772728
61,ROU,Romania,2021,-5.111453533172607,0.09253312647342682,5.185983657836914,5,-0.6137262582778931,-0.1327812820672989,-0.9381364583969116,-0.36331045627593994,-0.44055911898612976,-0.4808686375617981,-0.4624831974506378,0.4458352327346802,0.025738872587680817,0.11347558349370956,0.026782909408211708,0.08570881932973862,0.4593013525009155,0.0349479578435421,0.1526157706975937,0.033678267151117325,0.011326379142701626,0.0564241036772728
61,ROU,Romania,2022,-4.921149253845215,-0.1192740797996521,5.185983657836914,5,-0.6137262582778931,-0.1327812820672989,-0.9381364583969116,-0.36331045627593994,-0.44055911898612976,-0.4808686375617981,-0.4624831974506378,0.4458352327346802,0.025738872587680817,0.11347558349370956,0.026782909408211708,0.08570881932973862,0.4593013525009155,0.0349479578435421,0.1526157706975937,0.033678267151117325,0.011326379142701626,0.0564241036772728
61,ROU,Romania,2023,-6.2508416175842285,-0.274715781211853,5.185983657836914,5,-0.6137262582778931,-0.1327812820672989,-0.9381364583969116,-0.36331045627593994,-0.44055911898612976,-0.4808686375617981,-0.4624831974506378,0.4458352327346802,0.025738872587680817,0.11347558349370956,0.026782909408211708,0.08570881932973862,0.4593013525009155,0.0349479578435421,0.1526157706975937,0.033678267151117325,0.011326379142701626,0.0564241036772728
62,RUS,Russia,2018,-3.6435298919677734,-0.16624729335308075,5.185983657836914,5,-1.1349221467971802,-0.1327812820672989,-1.1962112188339233,-0.36331045627593994,-0.9114767909049988,-0.4808686375617981,-1.2970784902572632,0.4458352327346802,0.025738872587680817,0.11347558349370956,0.026782909408211708,0.08570881932973862,0.4593013525009155,0.0349479578435421,0.1526157706975937,0.033678267151117325,0.011326379142701626,0.0564241036772728
62,RUS,Russia,2019,-3.5361337661743164,-0.2090529054403305,5.185983657836914,5,-1.1349221467971802,-0.1327812820672989,-1.1962112188339233,-0.36331045627593994,-0.9114767909049988,-0.4808686375617981,-1.2970784902572632,0.4458352327346802,0.025738872587680817,0.11347558349370956,0.026782909408211708,0.08570881932973862,0.4593013525009155,0.0349479578435421,0.1526157706975937,0.033678267151117325,0.011326379142701626,0.0564241036772728
62,RUS,Russia,2020,-6.922895908355713,-0.5081215500831604,5.185983657836914,5,-1.1349221467971802,-0.1327812820672989,-1.1962112188339233,-0.36331045627593994,-0.9114767909049988,-0.4808686375617981,-1.2970784902572632,0.4458352327346802,0.025738872587680817,0.11347558349370956,0.026782909408211708,0.08570881932973862,0.4593013525009155,0.0349479578435421,0.1526157706975937,0.033678267151117325,0.011326379142701626,0.0564241036772728
62,RUS,Russia,2021,-5.5373334884643555,-0.8619184494018555,5.185983657836914,5,-1.1349221467971802,-0.1327812820672989,-1.1962112188339233,-0.36331045627593994,-0.9114767909049988,-0.4808686375617981,-1.2970784902572632,0.4458352327346802,0.025738872587680817,0.11347558349370956,0.026782909408211708,0.08570881932973862,0.4593013525009155,0.0349479578435421,0.1526157706975937,0.033678267151117325,0.011326379142701626,0.0564241036772728
62,RUS,Russia,2022,-4.097316741943359,-1.2524676322937012,5.185983657836914,5,-1.1349221467971802,-0.1327812820672989,-1.1962112188339233,-0.36331045627593994,-0.9114767909049988,-0.4808686375617981,-1.2970784902572632,0.4458352327346802,0.025738872587680817,0.11347558349370956,0.026782909408211708,0.08570881932973862,0.4593013525009155,0.0349479578435421,0.1526157706975937,0.033678267151117325,0.011326379142701626,0.0564241036772728
62,RUS,Russia,2023,-3.127725601196289,-1.4600178003311157,5.185983657836914,5,-1.1349221467971802,-0.1327812820672989,-1.1962112188339233,-0.36331045627593994,-0.9114767909049988,-0.4808686375617981,-1.2970784902572632,0.4458352327346802,0.025738872587680817,0.11347558349370956,0.026782909408211708,0.08570881932973862,0.4593013525009155,0.0349479578435421,0.1526157706975937,0.033678267151117325,0.011326379142701626,0.0564241036772728
63,SAU,Saudi Arabia,2018,2.299851655960083,0.716355562210083,5.185983657836914,5,-0.5544285178184509,-0.1327812820672989,-0.6724381446838379,-0.36331045627593994,-0.49509498476982117,-0.4808686375617981,-0.4957524538040161,0.4458352327346802,0.025738872587680817,0.11347558349370956,0.026782909408211708,0.08570881932973862,0.4593013525009155,0.0349479578435421,0.1526157706975937,0.033678267151117325,0.011326379142701626,0.0564241036772728
63,SAU,Saudi Arabia,2019,1.9578986167907715,0.6684049367904663,5.185983657836914,5,-0.5544285178184509,-0.1327812820672989,-0.6724381446838379,-0.36331045627593994,-0.49509498476982117,-0.4808686375617981,-0.4957524538040161,0.4458352327346802,0.025738872587680817,0.11347558349370956,0.026782909408211708,0.08570881932973862,0.4593013525009155,0.0349479578435421,0.1526157706975937,0.033678267151117325,0.011326379142701626,0.0564241036772728
63,SAU,Saudi Arabia,2020,2.004265069961548,0.31395694613456726,5.185983657836914,5,-0.5544285178184509,-0.1327812820672989,-0.6724381446838379,-0.36331045627593994,-0.49509498476982117,-0.4808686375617981,-0.4957524538040161,0.4458352327346802,0.025738872587680817,0.11347558349370956,0.026782909408211708,0.08570881932973862,0.4593013525009155,0.0349479578435421,0.1526157706975937,0.033678267151117325,0.011326379142701626,0.0564241036772728
63,SAU,Saudi Arabia,2021,2.169445753097534,-0.10579729080200195,5.185983657836914,5,-0.5544285178184509,-0.1327812820672989,-0.6724381446838379,-0.36331045627593994,-0.49509498476982117,-0.4808686375617981,-0.4957524538040161,0.4458352327346802,0.025738872587680817,0.11347558349370956,0.026782909408211708,0.08570881932973862,0.4593013525009155,0.0349479578435421,0.1526157706975937,0.033678267151117325,0.011326379142701626,0.0564241036772728
63,SAU,Saudi Arabia,2022,1.4797439575195312,-0.4979577660560608,5.185983657836914,5,-0.5544285178184509,-0.1327812820672989,-0.6724381446838379,-0.36331045627593994,-0.49509498476982117,-0.4808686375617981,-0.4957524538040161,0.4458352327346802,0.025738872587680817,0.11347558349370956,0.026782909408211708,0.08570881932973862,0.4593013525009155,0.0349479578435421,0.1526157706975937,0.033678267151117325,0.011326379142701626,0.0564241036772728
63,SAU,Saudi Arabia,2023,0.6857173442840576,-0.7897264361381531,5.185983657836914,5,-0.5544285178184509,-0.1327812820672989,-0.6724381446838379,-0.36331045627593994,-0.49509498476982117,-0.4808686375617981,-0.4957524538040161,0.4458352327346802,0.025738872587680817,0.11347558349370956,0.026782909408211708,0.08570881932973862,0.4593013525009155,0.0349479578435421,0.1526157706975937,0.033678267151117325,0.011326379142701626,0.0564241036772728
64,SGP,Singapore,2018,-1.5155048370361328,-0.657082736492157,5.185983657836914,5,1.4344711303710938,-0.1327812820672989,1.7217825651168823,-0.36331045627593994,1.536649465560913,-0.4808686375617981,1.0449817180633545,0.4458352327346802,0.025738872587680817,0.11347558349370956,0.026782909408211708,0.08570881932973862,0.4593013525009155,0.0349479578435421,0.1526157706975937,0.033678267151117325,0.011326379142701626,0.0564241036772728
64,SGP,Singapore,2019,-1.5344992876052856,-0.5039112567901611,5.185983657836914,5,1.4344711303710938,-0.1327812820672989,1.7217825651168823,-0.36331045627593994,1.536649465560913,-0.4808686375617981,1.0449817180633545,0.4458352327346802,0.025738872587680817,0.11347558349370956,0.026782909408211708,0.08570881932973862,0.4593013525009155,0.0349479578435421,0.1526157706975937,0.033678267151117325,0.011326379142701626,0.0564241036772728
64,SGP,Singapore,2020,-1.5631846189498901,-0.6519753932952881,5.185983657836914,5,1.4344711303710938,-0.1327812820672989,1.7217825651168823,-0.36331045627593994,1.536649465560913,-0.4808686375617981,1.0449817180633545,0.4458352327346802,0.025738872587680817,0.11347558349370956,0.026782909408211708,0.08570881932973862,0.4593013525009155,0.0349479578435421,0.1526157706975937,0.033678267151117325,0.011326379142701626,0.0564241036772728
64,SGP,Singapore,2021,-1.5329487323760986,-0.8567439913749695,5.185983657836914,5,1.4344711303710938,-0.1327812820672989,1.7217825651168823,-0.36331045627593994,1.536649465560913,-0.4808686375617981,1.0449817180633545,0.4458352327346802,0.025738872587680817,0.11347558349370956,0.026782909408211708,0.08570881932973862,0.4593013525009155,0.0349479578435421,0.1526157706975937,0.033678267151117325,0.011326379142701626,0.0564241036772728
64,SGP,Singapore,2022,-1.5709375143051147,-1.0434322357177734,5.185983657836914,5,1.4344711303710938,-0.1327812820672989,1.7217825651168823,-0.36331045627593994,1.536649465560913,-0.4808686375617981,1.0449817180633545,0.4458352327346802,0.025738872587680817,0.11347558349370956,0.026782909408211708,0.08570881932973862,0.4593013525009155,0.0349479578435421,0.1526157706975937,0.033678267151117325,0.011326379142701626,0.0564241036772728
64,SGP,Singapore,2023,-1.6358672380447388,-1.1884571313858032,5.185983657836914,5,1.4344711303710938,-0.1327812820672989,1.7217825651168823,-0.36331045627593994,1.536649465560913,-0.4808686375617981,1.0449817180633545,0.4458352327346802,0.025738872587680817,0.11347558349370956,0.026782909408211708,0.08570881932973862,0.4593013525009155,0.0349479578435421,0.1526157706975937,0.033678267151117325,0.011326379142701626,0.0564241036772728
65,SVK,Slovakia,2018,-1.5849237442016602,-1.044684886932373,5.185983657836914,5,0.11652449518442154,-0.1327812820672989,0.11614179611206055,-0.36331045627593994,0.3065413236618042,-0.4808686375617981,-0.07310961931943893,0.4458352327346802,0.025738872587680817,0.11347558349370956,0.026782909408211708,0.08570881932973862,0.4593013525009155,0.0349479578435421,0.1526157706975937,0.033678267151117325,0.011326379142701626,0.0564241036772728
65,SVK,Slovakia,2019,-2.091881036758423,-0.674310564994812,5.185983657836914,5,0.11652449518442154,-0.1327812820672989,0.11614179611206055,-0.36331045627593994,0.3065413236618042,-0.4808686375617981,-0.07310961931943893,0.4458352327346802,0.025738872587680817,0.11347558349370956,0.026782909408211708,0.08570881932973862,0.4593013525009155,0.0349479578435421,0.1526157706975937,0.033678267151117325,0.011326379142701626,0.0564241036772728
65,SVK,Slovakia,2020,-2.406219482421875,-0.6342110633850098,5.185983657836914,5,0.11652449518442154,-0.1327812820672989,0.11614179611206055,-0.36331045627593994,0.3065413236618042,-0.4808686375617981,-0.07310961931943893,0.4458352327346802,0.025738872587680817,0.11347558349370956,0.026782909408211708,0.08570881932973862,0.4593013525009155,0.0349479578435421,0.1526157706975937,0.033678267151117325,0.011326379142701626,0.0564241036772728
65,SVK,Slovakia,2021,-2.1880667209625244,-0.7025904655456543,5.185983657836914,5,0.11652449518442154,-0.1327812820672989,0.11614179611206055,-0.36331045627593994,0.3065413236618042,-0.4808686375617981,-0.07310961931943893,0.4458352327346802,0.025738872587680817,0.11347558349370956,0.026782909408211708,0.08570881932973862,0.4593013525009155,0.0349479578435421,0.1526157706975937,0.033678267151117325,0.011326379142701626,0.0564241036772728
65,SVK,Slovakia,2022,-2.8150081634521484,-0.8000171184539795,5.185983657836914,5,0.11652449518442154,-0.1327812820672989,0.11614179611206055,-0.36331045627593994,0.3065413236618042,-0.4808686375617981,-0.07310961931943893,0.4458352327346802,0.025738872587680817,0.11347558349370956,0.026782909408211708,0.08570881932973862,0.4593013525009155,0.0349479578435421,0.1526157706975937,0.033678267151117325,0.011326379142701626,0.0564241036772728
65,SVK,Slovakia,2023,-3.482109785079956,-0.8903888463973999,5.185983657836914,5,0.11652449518442154,-0.1327812820672989,0.11614179611206055,-0.36331045627593994,0.3065413236618042,-0.4808686375617981,-0.07310961931943893,0.4458352327346802,0.025738872587680817,0.11347558349370956,0.026782909408211708,0.08570881932973862,0.4593013525009155,0.0349479578435421,0.1526157706975937,0.033678267151117325,0.011326379142701626,0.0564241036772728
66,SVN,Slovenia,2018,-4.337141990661621,0.2521946430206299,5.185983657836914,5,0.38642582297325134,-0.1327812820672989,0.28950437903404236,-0.36331045627593994,0.34630832076072693,-0.4808686375617981,0.5234646797180176,0.4458352327346802,0.025738872587680817,0.11347558349370956,0.026782909408211708,0.08570881932973862,0.4593013525009155,0.0349479578435421,0.1526157706975937,0.033678267151117325,0.011326379142701626,0.0564241036772728
66,SVN,Slovenia,2019,-4.712256908416748,-0.04034939408302307,5.185983657836914,5,0.38642582297325134,-0.1327812820672989,0.28950437903404236,-0.36331045627593994,0.34630832076072693,-0.4808686375617981,0.5234646797180176,0.4458352327346802,0.025738872587680817,0.11347558349370956,0.026782909408211708,0.08570881932973862,0.4593013525009155,0.0349479578435421,0.1526157706975937,0.033678267151117325,0.011326379142701626,0.0564241036772728
66,SVN,Slovenia,2020,-6.15969705581665,-0.5049680471420288,5.185983657836914,5,0.38642582297325134,-0.1327812820672989,0.28950437903404236,-0.36331045627593994,0.34630832076072693,-0.4808686375617981,0.5234646797180176,0.4458352327346802,0.025738872587680817,0.11347558349370956,0.026782909408211708,0.08570881932973862,0.4593013525009155,0.0349479578435421,0.1526157706975937,0.033678267151117325,0.011326379142701626,0.0564241036772728
66,SVN,Slovenia,2021,-6.669349670410156,-0.969021201133728,5.185983657836914,5,0.38642582297325134,-0.1327812820672989,0.28950437903404236,-0.36331045627593994,0.34630832076072693,-0.4808686375617981,0.5234646797180176,0.4458352327346802,0.025738872587680817,0.11347558349370956,0.026782909408211708,0.08570881932973862,0.4593013525009155,0.0349479578435421,0.1526157706975937,0.033678267151117325,0.011326379142701626,0.0564241036772728
66,SVN,Slovenia,2022,-7.458681583404541,-1.3607605695724487,5.185983657836914,5,0.38642582297325134,-0.1327812820672989,0.28950437903404236,-0.36331045627593994,0.34630832076072693,-0.4808686375617981,0.5234646797180176,0.4458352327346802,0.025738872587680817,0.11347558349370956,0.026782909408211708,0.08570881932973862,0.4593013525009155,0.0349479578435421,0.1526157706975937,0.033678267151117325,0.011326379142701626,0.0564241036772728
66,SVN,Slovenia,2023,-9.606645584106445,-1.6200109720230103,5.185983657836914,5,0.38642582297325134,-0.1327812820672989,0.28950437903404236,-0.36331045627593994,0.34630832076072693,-0.4808686375617981,0.5234646797180176,0.4458352327346802,0.025738872587680817,0.11347558349370956,0.026782909408211708,0.08570881932973862,0.4593013525009155,0.0349479578435421,0.1526157706975937,0.033678267151117325,0.011326379142701626,0.0564241036772728
67,SWE,Sweden,2018,-1.111396074295044,-0.401761531829834,5.185983657836914,5,1.3480762243270874,-0.1327812820672989,1.4301238059997559,-0.36331045627593994,1.161694884300232,-0.4808686375617981,1.4524099826812744,0.4458352327346802,0.025738872587680817,0.11347558349370956,0.026782909408211708,0.08570881932973862,0.4593013525009155,0.0349479578435421,0.1526157706975937,0.033678267151117325,0.011326379142701626,0.0564241036772728
67,SWE,Sweden,2019,-1.153639554977417,0.09057457745075226,5.185983657836914,5,1.3480762243270874,-0.1327812820672989,1.4301238059997559,-0.36331045627593994,1.161694884300232,-0.4808686375617981,1.4524099826812744,0.4458352327346802,0.025738872587680817,0.11347558349370956,0.026782909408211708,0.08570881932973862,0.4593013525009155,0.0349479578435421,0.1526157706975937,0.033678267151117325,0.011326379142701626,0.0564241036772728
67,SWE,Sweden,2020,-1.5468288660049438,0.33160340785980225,5.185983657836914,5,1.3480762243270874,-0.1327812820672989,1.4301238059997559,-0.36331045627593994,1.161694884300232,-0.4808686375617981,1.4524099826812744,0.4458352327346802,0.025738872587680817,0.11347558349370956,0.026782909408211708,0.08570881932973862,0.4593013525009155,0.0349479578435421,0.1526157706975937,0.033678267151117325,0.011326379142701626,0.0564241036772728
67,SWE,Sweden,2021,-1.2186294794082642,0.45141851902008057,5.185983657836914,5,1.3480762243270874,-0.1327812820672989,1.4301238059997559,-0.36331045627593994,1.161694884300232,-0.4808686375617981,1.4524099826812744,0.4458352327346802,0.025738872587680817,0.11347558349370956,0.026782909408211708,0.08570881932973862,0.4593013525009155,0.0349479578435421,0.1526157706975937,0.033678267151117325,0.011326379142701626,0.0564241036772728
67,SWE,Sweden,2022,-1.295534372329712,0.5217397212982178,5.185983657836914,5,1.3480762243270874,-0.1327812820672989,1.4301238059997559,-0.36331045627593994,1.161694884300232,-0.4808686375617981,1.4524099826812744,0.4458352327346802,0.025738872587680817,0.11347558349370956,0.026782909408211708,0.08570881932973862,0.4593013525009155,0.0349479578435421,0.1526157706975937,0.033678267151117325,0.011326379142701626,0.0564241036772728
67,SWE,Sweden,2023,-1.5739079713821411,0.5517122745513916,5.185983657836914,5,1.3480762243270874,-0.1327812820672989,1.4301238059997559,-0.36331045627593994,1.161694884300232,-0.4808686375617981,1.4524099826812744,0.4458352327346802,0.025738872587680817,0.11347558349370956,0.026782909408211708,0.08570881932973862,0.4593013525009155,0.0349479578435421,0.1526157706975937,0.033678267151117325,0.011326379142701626,0.0564241036772728
68,THA,Thailand,2018,-6.279742240905762,0.135273739695549,5.185983657836914,5,-0.2564157247543335,-0.1327812820672989,-0.22457081079483032,-0.36331045627593994,-0.3106171190738678,-0.4808686375617981,-0.23405922949314117,0.4458352327346802,0.025738872587680817,0.11347558349370956,0.026782909408211708,0.08570881932973862,0.4593013525009155,0.0349479578435421,0.1526157706975937,0.033678267151117325,0.011326379142701626,0.0564241036772728
68,THA,Thailand,2019,-7.279186248779297,0.9070650339126587,5.185983657836914,5,-0.2564157247543335,-0.1327812820672989,-0.22457081079483032,-0.36331045627593994,-0.3106171190738678,-0.4808686375617981,-0.23405922949314117,0.4458352327346802,0.025738872587680817,0.11347558349370956,0.026782909408211708,0.08570881932973862,0.4593013525009155,0.0349479578435421,0.1526157706975937,0.033678267151117325,0.011326379142701626,0.0564241036772728
68,THA,Thailand,2020,-5.78999662399292,1.2292027473449707,5.185983657836914,5,-0.2564157247543335,-0.1327812820672989,-0.22457081079483032,-0.36331045627593994,-0.3106171190738678,-0.4808686375617981,-0.23405922949314117,0.4458352327346802,0.025738872587680817,0.11347558349370956,0.026782909408211708,0.08570881932973862,0.4593013525009155,0.0349479578435421,0.1526157706975937,0.033678267151117325,0.011326379142701626,0.0564241036772728
68,THA,Thailand,2021,-6.593542575836182,1.3955844640731812,5.185983657836914,5,-0.2564157247543335,-0.1327812820672989,-0.22457081079483032,-0.36331045627593994,-0.3106171190738678,-0.4808686375617981,-0.23405922949314117,0.4458352327346802,0.025738872587680817,0.11347558349370956,0.026782909408211708,0.08570881932973862,0.4593013525009155,0.0349479578435421,0.1526157706975937,0.033678267151117325,0.011326379142701626,0.0564241036772728
68,THA,Thailand,2022,-7.6401472091674805,1.4704986810684204,5.185983657836914,5,-0.2564157247543335,-0.1327812820672989,-0.22457081079483032,-0.36331045627593994,-0.3106171190738678,-0.4808686375617981,-0.23405922949314117,0.4458352327346802,0.025738872587680817,0.11347558349370956,0.026782909408211708,0.08570881932973862,0.4593013525009155,0.0349479578435421,0.1526157706975937,0.033678267151117325,0.011326379142701626,0.0564241036772728
68,THA,Thailand,2023,-9.644476890563965,1.5092666149139404,5.185983657836914,5,-0.2564157247543335,-0.1327812820672989,-0.22457081079483032,-0.36331045627593994,-0.3106171190738678,-0.4808686375617981,-0.23405922949314117,0.4458352327346802,0.025738872587680817,0.11347558349370956,0.026782909408211708,0.08570881932973862,0.4593013525009155,0.0349479578435421,0.1526157706975937,0.033678267151117325,0.011326379142701626,0.0564241036772728
69,TKM,Turkmenistan,2018,-0.8944293856620789,-0.8991645574569702,5.185983657836914,5,-2.006190538406372,-0.1327812820672989,-1.8531438112258911,-0.36331045627593994,-2.4522314071655273,-0.4808686375617981,-1.7131962776184082,0.4458352327346802,0.025738872587680817,0.11347558349370956,0.026782909408211708,0.08570881932973862,0.4593013525009155,0.0349479578435421,0.1526157706975937,0.033678267151117325,0.011326379142701626,0.0564241036772728
69,TKM,Turkmenistan,2019,1.0794837474822998,-0.2058478742837906,5.185983657836914,5,-2.006190538406372,-0.1327812820672989,-1.8531438112258911,-0.36331045627593994,-2.4522314071655273,-0.4808686375617981,-1.7131962776184082,0.4458352327346802,0.025738872587680817,0.11347558349370956,0.026782909408211708,0.08570881932973862,0.4593013525009155,0.0349479578435421,0.1526157706975937,0.033678267151117325,0.011326379142701626,0.0564241036772728
69,TKM,Turkmenistan,2020,1.1499806642532349,0.11898721754550934,5.185983657836914,5,-2.006190538406372,-0.1327812820672989,-1.8531438112258911,-0.36331045627593994,-2.4522314071655273,-0.4808686375617981,-1.7131962776184082,0.4458352327346802,0.025738872587680817,0.11347558349370956,0.026782909408211708,0.08570881932973862,0.4593013525009155,0.0349479578435421,0.1526157706975937,0.033678267151117325,0.011326379142701626,0.0564241036772728
69,TKM,Turkmenistan,2021,-3.7143051624298096,0.2948332726955414,5.185983657836914,5,-2.006190538406372,-0.1327812820672989,-1.8531438112258911,-0.36331045627593994,-2.4522314071655273,-0.4808686375617981,-1.7131962776184082,0.4458352327346802,0.025738872587680817,0.11347558349370956,0.026782909408211708,0.08570881932973862,0.4593013525009155,0.0349479578435421,0.1526157706975937,0.033678267151117325,0.011326379142701626,0.0564241036772728
69,TKM,Turkmenistan,2022,-2.6568517684936523,0.27739405632019043,5.185983657836914,5,-2.006190538406372,-0.1327812820672989,-1.8531438112258911,-0.36331045627593994,-2.4522314071655273,-0.4808686375617981,-1.7131962776184082,0.4458352327346802,0.025738872587680817,0.11347558349370956,0.026782909408211708,0.08570881932973862,0.4593013525009155,0.0349479578435421,0.1526157706975937,0.033678267151117325,0.011326379142701626,0.0564241036772728
69,TKM,Turkmenistan,2023,-1.52890145778656,0.35523998737335205,5.185983657836914,5,-2.006190538406372,-0.1327812820672989,-1.8531438112258911,-0.36331045627593994,-2.4522314071655273,-0.4808686375617981,-1.7131962776184082,0.4458352327346802,0.025738872587680817,0.11347558349370956,0.026782909408211708,0.08570881932973862,0.4593013525009155,0.0349479578435421,0.1526157706975937,0.033678267151117325,0.011326379142701626,0.0564241036772728
70,TTO,Trinidad and Tobago,2018,1.318193793296814,0.4118672013282776,5.185983657836914,5,-0.04588906839489937,-0.1327812820672989,-0.1480531096458435,-0.36331045627593994,0.11017729341983795,-0.4808686375617981,-0.09979138523340225,0.4458352327346802,0.025738872587680817,0.11347558349370956,0.026782909408211708,0.08570881932973862,0.4593013525009155,0.0349479578435421,0.1526157706975937,0.033678267151117325,0.011326379142701626,0.0564241036772728
70,TTO,Trinidad and Tobago,2019,1.3760409355163574,0.41160911321640015,5.185983657836914,5,-0.04588906839489937,-0.1327812820672989,-0.1480531096458435,-0.36331045627593994,0.11017729341983795,-0.4808686375617981,-0.09979138523340225,0.4458352327346802,0.025738872587680817,0.11347558349370956,0.026782909408211708,0.08570881932973862,0.4593013525009155,0.0349479578435421,0.1526157706975937,0.033678267151117325,0.011326379142701626,0.0564241036772728
70,TTO,Trinidad and Tobago,2020,1.318193793296814,0.3426883816719055,5.185983657836914,5,-0.04588906839489937,-0.1327812820672989,-0.1480531096458435,-0.36331045627593994,0.11017729341983795,-0.4808686375617981,-0.09979138523340225,0.4458352327346802,0.025738872587680817,0.11347558349370956,0.026782909408211708,0.08570881932973862,0.4593013525009155,0.0349479578435421,0.1526157706975937,0.033678267151117325,0.011326379142701626,0.0564241036772728
70,TTO,Trinidad and Tobago,2021,1.665277123451233,0.2896728515625,5.185983657836914,5,-0.04588906839489937,-0.1327812820672989,-0.1480531096458435,-0.36331045627593994,0.11017729341983795,-0.4808686375617981,-0.09979138523340225,0.4458352327346802,0.025738872587680817,0.11347558349370956,0.026782909408211708,0.08570881932973862,0.4593013525009155,0.0349479578435421,0.1526157706975937,0.033678267151117325,0.011326379142701626,0.0564241036772728
70,TTO,Trinidad and Tobago,2022,2.058638334274292,0.24205850064754486,5.185983657836914,5,-0.04588906839489937,-0.1327812820672989,-0.1480531096458435,-0.36331045627593994,0.11017729341983795,-0.4808686375617981,-0.09979138523340225,0.4458352327346802,0.025738872587680817,0.11347558349370956,0.026782909408211708,0.08570881932973862,0.4593013525009155,0.0349479578435421,0.1526157706975937,0.033678267151117325,0.011326379142701626,0.0564241036772728
70,TTO,Trinidad and Tobago,2023,2.058638334274292,0.20039115846157074,5.185983657836914,5,-0.04588906839489937,-0.1327812820672989,-0.1480531096458435,-0.36331045627593994,0.11017729341983795,-0.4808686375617981,-0.09979138523340225,0.4458352327346802,0.025738872587680817,0.11347558349370956,0.026782909408211708,0.08570881932973862,0.4593013525009155,0.0349479578435421,0.1526157706975937,0.033678267151117325,0.011326379142701626,0.0564241036772728
71,TUR,Turkey,2018,-0.10262159258127213,0.40301674604415894,5.185983657836914,5,-0.3568929135799408,-0.1327812820672989,-0.3960716426372528,-0.36331045627593994,-0.2856121361255646,-0.4808686375617981,-0.3889949917793274,0.4458352327346802,0.025738872587680817,0.11347558349370956,0.026782909408211708,0.08570881932973862,0.4593013525009155,0.0349479578435421,0.1526157706975937,0.033678267151117325,0.011326379142701626,0.0564241036772728
71,TUR,Turkey,2019,-1.772402048110962,0.8742191791534424,5.185983657836914,5,-0.3568929135799408,-0.1327812820672989,-0.3960716426372528,-0.36331045627593994,-0.2856121361255646,-0.4808686375617981,-0.3889949917793274,0.4458352327346802,0.025738872587680817,0.11347558349370956,0.026782909408211708,0.08570881932973862,0.4593013525009155,0.0349479578435421,0.1526157706975937,0.033678267151117325,0.011326379142701626,0.0564241036772728
71,TUR,Turkey,2020,-1.959740161895752,0.9466485381126404,5.185983657836914,5,-0.3568929135799408,-0.1327812820672989,-0.3960716426372528,-0.36331045627593994,-0.2856121361255646,-0.4808686375617981,-0.3889949917793274,0.4458352327346802,0.025738872587680817,0.11347558349370956,0.026782909408211708,0.08570881932973862,0.4593013525009155,0.0349479578435421,0.1526157706975937,0.033678267151117325,0.011326379142701626,0.0564241036772728
71,TUR,Turkey,2021,-1.391783356666565,0.7692692279815674,5.185983657836914,5,-0.3568929135799408,-0.1327812820672989,-0.3960716426372528,-0.36331045627593994,-0.2856121361255646,-0.4808686375617981,-0.3889949917793274,0.4458352327346802,0.025738872587680817,0.11347558349370956,0.026782909408211708,0.08570881932973862,0.4593013525009155,0.0349479578435421,0.1526157706975937,0.033678267151117325,0.011326379142701626,0.0564241036772728
71,TUR,Turkey,2022,-1.788352370262146,0.410927414894104,5.185983657836914,5,-0.3568929135799408,-0.1327812820672989,-0.3960716426372528,-0.36331045627593994,-0.2856121361255646,-0.4808686375617981,-0.3889949917793274,0.4458352327346802,0.025738872587680817,0.11347558349370956,0.026782909408211708,0.08570881932973862,0.4593013525009155,0.0349479578435421,0.1526157706975937,0.033678267151117325,0.011326379142701626,0.0564241036772728
71,TUR,Turkey,2023,-1.6069564819335938,0.22089079022407532,5.185983657836914,5,-0.3568929135799408,-0.1327812820672989,-0.3960716426372528,-0.36331045627593994,-0.2856121361255646,-0.4808686375617981,-0.3889949917793274,0.4458352327346802,0.025738872587680817,0.11347558349370956,0.026782909408211708,0.08570881932973862,0.4593013525009155,0.0349479578435421,0.1526157706975937,0.033678267151117325,0.011326379142701626,0.0564241036772728
72,UKR,Ukraine,2018,-3.635014295578003,-0.10096089541912079,5.185983657836914,5,-1.2346214056015015,-0.1327812820672989,-1.3236093521118164,-0.36331045627593994,-1.1485481262207031,-0.4808686375617981,-1.2317067384719849,0.4458352327346802,0.025738872587680817,0.11347558349370956,0.026782909408211708,0.08570881932973862,0.4593013525009155,0.0349479578435421,0.1526157706975937,0.033678267151117325,0.011326379142701626,0.0564241036772728
72,UKR,Ukraine,2019,-4.1212358474731445,0.5272841453552246,5.185983657836914,5,-1.2346214056015015,-0.1327812820672989,-1.3236093521118164,-0.36331045627593994,-1.1485481262207031,-0.4808686375617981,-1.2317067384719849,0.4458352327346802,0.025738872587680817,0.11347558349370956,0.026782909408211708,0.08570881932973862,0.4593013525009155,0.0349479578435421,0.1526157706975937,0.033678267151117325,0.011326379142701626,0.0564241036772728
72,UKR,Ukraine,2020,-5.126094341278076,0.8782821893692017,5.185983657836914,5,-1.2346214056015015,-0.1327812820672989,-1.3236093521118164,-0.36331045627593994,-1.1485481262207031,-0.4808686375617981,-1.2317067384719849,0.4458352327346802,0.025738872587680817,0.11347558349370956,0.026782909408211708,0.08570881932973862,0.4593013525009155,0.0349479578435421,0.1526157706975937,0.033678267151117325,0.011326379142701626,0.0564241036772728
72,UKR,Ukraine,2021,-7.988569259643555,0.8669801950454712,5.185983657836914,5,-1.2346214056015015,-0.1327812820672989,-1.3236093521118164,-0.36331045627593994,-1.1485481262207031,-0.4808686375617981,-1.2317067384719849,0.4458352327346802,0.025738872587680817,0.11347558349370956,0.026782909408211708,0.08570881932973862,0.4593013525009155,0.0349479578435421,0.1526157706975937,0.033678267151117325,0.011326379142701626,0.0564241036772728
72,UKR,Ukraine,2022,-9.796317100524902,0.970460057258606,5.185983657836914,5,-1.2346214056015015,-0.1327812820672989,-1.3236093521118164,-0.36331045627593994,-1.1485481262207031,-0.4808686375617981,-1.2317067384719849,0.4458352327346802,0.025738872587680817,0.11347558349370956,0.026782909408211708,0.08570881932973862,0.4593013525009155,0.0349479578435421,0.1526157706975937,0.033678267151117325,0.011326379142701626,0.0564241036772728
72,UKR,Ukraine,2023,-9.796317100524902,0.9250552654266357,5.185983657836914,5,-1.2346214056015015,-0.1327812820672989,-1.3236093521118164,-0.36331045627593994,-1.1485481262207031,-0.4808686375617981,-1.2317067384719849,0.4458352327346802,0.025738872587680817,0.11347558349370956,0.026782909408211708,0.08570881932973862,0.4593013525009155,0.0349479578435421,0.1526157706975937,0.033678267151117325,0.011326379142701626,0.0564241036772728
73,USA,United States,2018,-7.697317123413086,0.21288570761680603,5.185983657836914,5,1.167035460472107,-0.1327812820672989,1.1881818771362305,-0.36331045627593994,1.1316249370574951,-0.4808686375617981,1.1812996864318848,0.4458352327346802,0.025738872587680817,0.11347558349370956,0.026782909408211708,0.08570881932973862,0.4593013525009155,0.0349479578435421,0.1526157706975937,0.033678267151117325,0.011326379142701626,0.0564241036772728
73,USA,United States,2019,-9.035722732543945,0.18245181441307068,5.185983657836914,5,1.167035460472107,-0.1327812820672989,1.1881818771362305,-0.36331045627593994,1.1316249370574951,-0.4808686375617981,1.1812996864318848,0.4458352327346802,0.025738872587680817,0.11347558349370956,0.026782909408211708,0.08570881932973862,0.4593013525009155,0.0349479578435421,0.1526157706975937,0.033678267151117325,0.011326379142701626,0.0564241036772728
73,USA,United States,2020,-10.637649536132812,-0.10586750507354736,5.185983657836914,5,1.167035460472107,-0.1327812820672989,1.1881818771362305,-0.36331045627593994,1.1316249370574951,-0.4808686375617981,1.1812996864318848,0.4458352327346802,0.025738872587680817,0.11347558349370956,0.026782909408211708,0.08570881932973862,0.4593013525009155,0.0349479578435421,0.1526157706975937,0.033678267151117325,0.011326379142701626,0.0564241036772728
73,USA,United States,2021,-9.941286087036133,-0.4684494733810425,5.185983657836914,5,1.167035460472107,-0.1327812820672989,1.1881818771362305,-0.36331045627593994,1.1316249370574951,-0.4808686375617981,1.1812996864318848,0.4458352327346802,0.025738872587680817,0.11347558349370956,0.026782909408211708,0.08570881932973862,0.4593013525009155,0.0349479578435421,0.1526157706975937,0.033678267151117325,0.011326379142701626,0.0564241036772728
73,USA,United States,2022,-10.715087890625,-0.8214391469955444,5.185983657836914,5,1.167035460472107,-0.1327812820672989,1.1881818771362305,-0.36331045627593994,1.1316249370574951,-0.4808686375617981,1.1812996864318848,0.4458352327346802,0.025738872587680817,0.11347558349370956,0.026782909408211708,0.08570881932973862,0.4593013525009155,0.0349479578435421,0.1526157706975937,0.033678267151117325,0.011326379142701626,0.0564241036772728
73,USA,United States,2023,-11.726405143737793,-1.1076513528823853,5.185983657836914,5,1.167035460472107,-0.1327812820672989,1.1881818771362305,-0.36331045627593994,1.1316249370574951,-0.4808686375617981,1.1812996864318848,0.4458352327346802,0.025738872587680817,0.11347558349370956,0.026782909408211708,0.08570881932973862,0.4593013525009155,0.0349479578435421,0.1526157706975937,0.033678267151117325,0.011326379142701626,0.0564241036772728
74,UZB,Uzbekistan,2018,1.4206937551498413,0.12014006078243256,5.185983657836914,5,-1.8003510236740112,-0.1327812820672989,-1.597791075706482,-0.36331045627593994,-2.1902878284454346,-0.4808686375617981,-1.6129741668701172,0.4458352327346802,0.025738872587680817,0.11347558349370956,0.026782909408211708,0.08570881932973862,0.4593013525009155,0.0349479578435421,0.1526157706975937,0.033678267151117325,0.011326379142701626,0.0564241036772728
74,UZB,Uzbekistan,2019,0.9323561787605286,0.608707845211029,5.185983657836914,5,-1.8003510236740112,-0.1327812820672989,-1.597791075706482,-0.36331045627593994,-2.1902878284454346,-0.4808686375617981,-1.6129741668701172,0.4458352327346802,0.025738872587680817,0.11347558349370956,0.026782909408211708,0.08570881932973862,0.4593013525009155,0.0349479578435421,0.1526157706975937,0.033678267151117325,0.011326379142701626,0.0564241036772728
74,UZB,Uzbekistan,2020,1.6637600660324097,0.6785130500793457,5.185983657836914,5,-1.8003510236740112,-0.1327812820672989,-1.597791075706482,-0.36331045627593994,-2.1902878284454346,-0.4808686375617981,-1.6129741668701172,0.4458352327346802,0.025738872587680817,0.11347558349370956,0.026782909408211708,0.08570881932973862,0.4593013525009155,0.0349479578435421,0.1526157706975937,0.033678267151117325,0.011326379142701626,0.0564241036772728
74,UZB,Uzbekistan,2021,1.6973286867141724,0.4708356261253357,5.185983657836914,5,-1.8003510236740112,-0.1327812820672989,-1.597791075706482,-0.36331045627593994,-2.1902878284454346,-0.4808686375617981,-1.6129741668701172,0.4458352327346802,0.025738872587680817,0.11347558349370956,0.026782909408211708,0.08570881932973862,0.4593013525009155,0.0349479578435421,0.1526157706975937,0.033678267151117325,0.011326379142701626,0.0564241036772728
74,UZB,Uzbekistan,2022,0.9835667014122009,0.2387273758649826,5.185983657836914,5,-1.8003510236740112,-0.1327812820672989,-1.597791075706482,-0.36331045627593994,-2.1902878284454346,-0.4808686375617981,-1.6129741668701172,0.4458352327346802,0.025738872587680817,0.11347558349370956,0.026782909408211708,0.08570881932973862,0.4593013525009155,0.0349479578435421,0.1526157706975937,0.033678267151117325,0.011326379142701626,0.0564241036772728
74,UZB,Uzbekistan,2023,0.9794012308120728,-0.07241849601268768,5.185983657836914,5,-1.8003510236740112,-0.1327812820672989,-1.597791075706482,-0.36331045627593994,-2.1902878284454346,-0.4808686375617981,-1.6129741668701172,0.4458352327346802,0.025738872587680817,0.11347558349370956,0.026782909408211708,0.08570881932973862,0.4593013525009155,0.0349479578435421,0.1526157706975937,0.033678267151117325,0.011326379142701626,0.0564241036772728
75,VEN,Venezuela,2018,4.365685939788818,-1.2456409931182861,5.185983657836914,5,-1.5081526041030884,-0.1327812820672989,-1.3741530179977417,-0.36331045627593994,-1.5062425136566162,-0.4808686375617981,-1.6440623998641968,0.4458352327346802,0.025738872587680817,0.11347558349370956,0.026782909408211708,0.08570881932973862,0.4593013525009155,0.0349479578435421,0.1526157706975937,0.033678267151117325,0.011326379142701626,0.0564241036772728
75,VEN,Venezuela,2019,4.361935615539551,-0.8168537616729736,5.185983657836914,5,-1.5081526041030884,-0.1327812820672989,-1.3741530179977417,-0.36331045627593994,-1.5062425136566162,-0.4808686375617981,-1.6440623998641968,0.4458352327346802,0.025738872587680817,0.11347558349370956,0.026782909408211708,0.08570881932973862,0.4593013525009155,0.0349479578435421,0.1526157706975937,0.033678267151117325,0.011326379142701626,0.0564241036772728
75,VEN,Venezuela,2020,-2.0265071392059326,-0.8303253650665283,5.185983657836914,5,-1.5081526041030884,-0.1327812820672989,-1.3741530179977417,-0.36331045627593994,-1.5062425136566162,-0.4808686375617981,-1.6440623998641968,0.4458352327346802,0.025738872587680817,0.11347558349370956,0.026782909408211708,0.08570881932973862,0.4593013525009155,0.0349479578435421,0.1526157706975937,0.033678267151117325,0.011326379142701626,0.0564241036772728
75,VEN,Venezuela,2021,-2.5107500553131104,-1.0715988874435425,5.185983657836914,5,-1.5081526041030884,-0.1327812820672989,-1.3741530179977417,-0.36331045627593994,-1.5062425136566162,-0.4808686375617981,-1.6440623998641968,0.4458352327346802,0.025738872587680817,0.11347558349370956,0.026782909408211708,0.08570881932973862,0.4593013525009155,0.0349479578435421,0.1526157706975937,0.033678267151117325,0.011326379142701626,0.0564241036772728
75,VEN,Venezuela,2022,-2.220579147338867,-1.2480233907699585,5.185983657836914,5,-1.5081526041030884,-0.1327812820672989,-1.3741530179977417,-0.36331045627593994,-1.5062425136566162,-0.4808686375617981,-1.6440623998641968,0.4458352327346802,0.025738872587680817,0.11347558349370956,0.026782909408211708,0.08570881932973862,0.4593013525009155,0.0349479578435421,0.1526157706975937,0.033678267151117325,0.011326379142701626,0.0564241036772728
75,VEN,Venezuela,2023,-2.2290172576904297,-1.1488147974014282,5.185983657836914,5,-1.5081526041030884,-0.1327812820672989,-1.3741530179977417,-0.36331045627593994,-1.5062425136566162,-0.4808686375617981,-1.6440623998641968,0.4458352327346802,0.025738872587680817,0.11347558349370956,0.026782909408211708,0.08570881932973862,0.4593013525009155,0.0349479578435421,0.1526157706975937,0.033678267151117325,0.011326379142701626,0.0564241036772728
76,VNM,Vietnam,2018,1.8500128984451294,0.39572465419769287,5.185983657836914,5,-1.0041168928146362,-0.1327812820672989,-0.9023603796958923,-0.36331045627593994,-1.090646505355835,-0.4808686375617981,-1.0193438529968262,0.4458352327346802,0.025738872587680817,0.11347558349370956,0.026782909408211708,0.08570881932973862,0.4593013525009155,0.0349479578435421,0.1526157706975937,0.033678267151117325,0.011326379142701626,0.0564241036772728
76,VNM,Vietnam,2019,3.117563009262085,0.9815794825553894,5.185983657836914,5,-1.0041168928146362,-0.1327812820672989,-0.9023603796958923,-0.36331045627593994,-1.090646505355835,-0.4808686375617981,-1.0193438529968262,0.4458352327346802,0.025738872587680817,0.11347558349370956,0.026782909408211708,0.08570881932973862,0.4593013525009155,0.0349479578435421,0.1526157706975937,0.033678267151117325,0.011326379142701626,0.0564241036772728
76,VNM,Vietnam,2020,2.663336753845215,1.1494743824005127,5.185983657836914,5,-1.0041168928146362,-0.1327812820672989,-0.9023603796958923,-0.36331045627593994,-1.090646505355835,-0.4808686375617981,-1.0193438529968262,0.4458352327346802,0.025738872587680817,0.11347558349370956,0.026782909408211708,0.08570881932973862,0.4593013525009155,0.0349479578435421,0.1526157706975937,0.033678267151117325,0.011326379142701626,0.0564241036772728
76,VNM,Vietnam,2021,1.7106215953826904,1.2452231645584106,5.185983657836914,5,-1.0041168928146362,-0.1327812820672989,-0.9023603796958923,-0.36331045627593994,-1.090646505355835,-0.4808686375617981,-1.0193438529968262,0.4458352327346802,0.025738872587680817,0.11347558349370956,0.026782909408211708,0.08570881932973862,0.4593013525009155,0.0349479578435421,0.1526157706975937,0.033678267151117325,0.011326379142701626,0.0564241036772728
76,VNM,Vietnam,2022,0.6460008025169373,1.313419222831726,5.185983657836914,5,-1.0041168928146362,-0.1327812820672989,-0.9023603796958923,-0.36331045627593994,-1.090646505355835,-0.4808686375617981,-1.0193438529968262,0.4458352327346802,0.025738872587680817,0.11347558349370956,0.026782909408211708,0.08570881932973862,0.4593013525009155,0.0349479578435421,0.1526157706975937,0.033678267151117325,0.011326379142701626,0.0564241036772728
76,VNM,Vietnam,2023,1.6631464958190918,1.2446163892745972,5.185983657836914,5,-1.0041168928146362,-0.1327812820672989,-0.9023603796958923,-0.36331045627593994,-1.090646505355835,-0.4808686375617981,-1.0193438529968262,0.4458352327346802,0.025738872587680817,0.11347558349370956,0.026782909408211708,0.08570881932973862,0.4593013525009155,0.0349479578435421,0.1526157706975937,0.033678267151117325,0.011326379142701626,0.0564241036772728
77,ZAF,South Africa,2018,-6.3950324058532715,0.7748621702194214,5.185983657836914,5,-0.0641661062836647,-0.1327812820672989,-0.015326484106481075,-0.36331045627593994,0.13372927904129028,-0.4808686375617981,-0.31090110540390015,0.4458352327346802,0.025738872587680817,0.11347558349370956,0.026782909408211708,0.08570881932973862,0.4593013525009155,0.0349479578435421,0.1526157706975937,0.033678267151117325,0.011326379142701626,0.0564241036772728
77,ZAF,South Africa,2019,-8.257451057434082,1.2679342031478882,5.185983657836914,5,-0.0641661062836647,-0.1327812820672989,-0.015326484106481075,-0.36331045627593994,0.13372927904129028,-0.4808686375617981,-0.31090110540390015,0.4458352327346802,0.025738872587680817,0.11347558349370956,0.026782909408211708,0.08570881932973862,0.4593013525009155,0.0349479578435421,0.1526157706975937,0.033678267151117325,0.011326379142701626,0.0564241036772728
77,ZAF,South Africa,2020,-7.980379581451416,1.2867060899734497,5.185983657836914,5,-0.0641661062836647,-0.1327812820672989,-0.015326484106481075,-0.36331045627593994,0.13372927904129028,-0.4808686375617981,-0.31090110540390015,0.4458352327346802,0.025738872587680817,0.11347558349370956,0.026782909408211708,0.08570881932973862,0.4593013525009155,0.0349479578435421,0.1526157706975937,0.033678267151117325,0.011326379142701626,0.0564241036772728
77,ZAF,South Africa,2021,-12.659340858459473,1.164997935295105,5.185983657836914,5,-0.0641661062836647,-0.1327812820672989,-0.015326484106481075,-0.36331045627593994,0.13372927904129028,-0.4808686375617981,-0.31090110540390015,0.4458352327346802,0.025738872587680817,0.11347558349370956,0.026782909408211708,0.08570881932973862,0.4593013525009155,0.0349479578435421,0.1526157706975937,0.033678267151117325,0.011326379142701626,0.0564241036772728
77,ZAF,South Africa,2022,-15.694624900817871,1.0213730335235596,5.185983657836914,5,-0.0641661062836647,-0.1327812820672989,-0.015326484106481075,-0.36331045627593994,0.13372927904129028,-0.4808686375617981,-0.31090110540390015,0.4458352327346802,0.025738872587680817,0.11347558349370956,0.026782909408211708,0.08570881932973862,0.4593013525009155,0.0349479578435421,0.1526157706975937,0.033678267151117325,0.011326379142701626,0.0564241036772728
77,ZAF,South Africa,2023,-19.3819637298584,0.9086360931396484,5.185983657836914,5,-0.0641661062836647,-0.1327812820672989,-0.015326484106481075,-0.36331045627593994,0.13372927904129028,-0.4808686375617981,-0.31090110540390015,0.4458352327346802,0.025738872587680817,0.11347558349370956,0.026782909408211708,0.08570881932973862,0.4593013525009155,0.0349479578435421,0.1526157706975937,0.033678267151117325,0.011326379142701626,0.0564241036772728
