entity_id,entity_code,entity_name,year,y_true,y_pred,k_star,omega_peak,proxy_signal_true,proxy_signal_pred,proxy_1_true,proxy_1_pred,proxy_2_true,proxy_2_pred,proxy_3_true,proxy_3_pred,omega_1,omega_2,omega_3,omega_4,omega_5,omega_6,omega_7,omega_8,omega_9,omega_10
0,ARE,United Arab Emirates,2018,-77.53056335449219,0.8511550426483154,5.191249847412109,4,0.18880443274974823,0.192740797996521,0.332748681306839,0.19832874834537506,0.2764120101928711,0.18158622086048126,-0.042747389525175095,0.19830743968486786,0.06411898881196976,0.031891919672489166,0.052829161286354065,0.47643202543258667,0.02045629173517227,0.0738762617111206,0.03721152991056442,0.016445934772491455,0.20583446323871613,0.020903386175632477
0,ARE,United Arab Emirates,2019,-233.2926788330078,0.5874776244163513,5.191249847412109,4,0.18880443274974823,0.192740797996521,0.332748681306839,0.19832874834537506,0.2764120101928711,0.18158622086048126,-0.042747389525175095,0.19830743968486786,0.06411898881196976,0.031891919672489166,0.052829161286354065,0.47643202543258667,0.02045629173517227,0.0738762617111206,0.03721152991056442,0.016445934772491455,0.20583446323871613,0.020903386175632477
0,ARE,United Arab Emirates,2020,-435.1805725097656,0.3526197075843811,5.191249847412109,4,0.18880443274974823,0.192740797996521,0.332748681306839,0.19832874834537506,0.2764120101928711,0.18158622086048126,-0.042747389525175095,0.19830743968486786,0.06411898881196976,0.031891919672489166,0.052829161286354065,0.47643202543258667,0.02045629173517227,0.0738762617111206,0.03721152991056442,0.016445934772491455,0.20583446323871613,0.020903386175632477
0,ARE,United Arab Emirates,2021,-1001.4480590820312,0.17671383917331696,5.191249847412109,4,0.18880443274974823,0.192740797996521,0.332748681306839,0.19832874834537506,0.2764120101928711,0.18158622086048126,-0.042747389525175095,0.19830743968486786,0.06411898881196976,0.031891919672489166,0.052829161286354065,0.47643202543258667,0.02045629173517227,0.0738762617111206,0.03721152991056442,0.016445934772491455,0.20583446323871613,0.020903386175632477
0,ARE,United Arab Emirates,2022,-1657.7239990234375,0.06711186468601227,5.191249847412109,4,0.18880443274974823,0.192740797996521,0.332748681306839,0.19832874834537506,0.2764120101928711,0.18158622086048126,-0.042747389525175095,0.19830743968486786,0.06411898881196976,0.031891919672489166,0.052829161286354065,0.47643202543258667,0.02045629173517227,0.0738762617111206,0.03721152991056442,0.016445934772491455,0.20583446323871613,0.020903386175632477
0,ARE,United Arab Emirates,2023,-2705.017333984375,-0.018132880330085754,5.191249847412109,4,0.18880443274974823,0.192740797996521,0.332748681306839,0.19832874834537506,0.2764120101928711,0.18158622086048126,-0.042747389525175095,0.19830743968486786,0.06411898881196976,0.031891919672489166,0.052829161286354065,0.47643202543258667,0.02045629173517227,0.0738762617111206,0.03721152991056442,0.016445934772491455,0.20583446323871613,0.020903386175632477
1,ARG,Argentina,2018,1.6428788900375366,0.8497668504714966,5.190869331359863,4,-0.6909387707710266,-0.8678035736083984,-0.40908560156822205,-0.8929632306098938,-0.8905236124992371,-0.8175806999206543,-0.7732071280479431,-0.892866849899292,0.062341853976249695,0.04367475211620331,0.047564152628183365,0.47317740321159363,0.02169862389564514,0.07112237811088562,0.02722955495119095,0.017239438369870186,0.2174932062625885,0.018458720296621323
1,ARG,Argentina,2019,1.1453611850738525,1.0740842819213867,5.190869331359863,4,-0.6909387707710266,-0.8678035736083984,-0.40908560156822205,-0.8929632306098938,-0.8905236124992371,-0.8175806999206543,-0.7732071280479431,-0.892866849899292,0.062341853976249695,0.04367475211620331,0.047564152628183365,0.47317740321159363,0.02169862389564514,0.07112237811088562,0.02722955495119095,0.017239438369870186,0.2174932062625885,0.018458720296621323
1,ARG,Argentina,2020,1.0582135915756226,1.2433967590332031,5.190869331359863,4,-0.6909387707710266,-0.8678035736083984,-0.40908560156822205,-0.8929632306098938,-0.8905236124992371,-0.8175806999206543,-0.7732071280479431,-0.892866849899292,0.062341853976249695,0.04367475211620331,0.047564152628183365,0.47317740321159363,0.02169862389564514,0.07112237811088562,0.02722955495119095,0.017239438369870186,0.2174932062625885,0.018458720296621323
1,ARG,Argentina,2021,1.4250097274780273,1.196379542350769,5.190869331359863,4,-0.6909387707710266,-0.8678035736083984,-0.40908560156822205,-0.8929632306098938,-0.8905236124992371,-0.8175806999206543,-0.7732071280479431,-0.892866849899292,0.062341853976249695,0.04367475211620331,0.047564152628183365,0.47317740321159363,0.02169862389564514,0.07112237811088562,0.02722955495119095,0.017239438369870186,0.2174932062625885,0.018458720296621323
1,ARG,Argentina,2022,0.9982249736785889,1.1241918802261353,5.190869331359863,4,-0.6909387707710266,-0.8678035736083984,-0.40908560156822205,-0.8929632306098938,-0.8905236124992371,-0.8175806999206543,-0.7732071280479431,-0.892866849899292,0.062341853976249695,0.04367475211620331,0.047564152628183365,0.47317740321159363,0.02169862389564514,0.07112237811088562,0.02722955495119095,0.017239438369870186,0.2174932062625885,0.018458720296621323
1,ARG,Argentina,2023,-0.24900130927562714,0.944405734539032,5.190869331359863,4,-0.6909387707710266,-0.8678035736083984,-0.40908560156822205,-0.8929632306098938,-0.8905236124992371,-0.8175806999206543,-0.7732071280479431,-0.892866849899292,0.062341853976249695,0.04367475211620331,0.047564152628183365,0.47317740321159363,0.02169862389564514,0.07112237811088562,0.02722955495119095,0.017239438369870186,0.2174932062625885,0.018458720296621323
2,AUS,Australia,2018,-7.367125034332275,0.005010887980461121,5.18760871887207,4,1.25566828250885,0.9725403785705566,1.2781401872634888,1.0007364749908447,1.1565734148025513,0.9162560105323792,1.3322911262512207,1.0006285905838013,0.06657012552022934,0.02584393508732319,0.05811069905757904,0.470358669757843,0.020166657865047455,0.0764601081609726,0.04774203896522522,0.016298765316605568,0.19508503377437592,0.023364001885056496
2,AUS,Australia,2019,-8.657783508300781,-0.08952012658119202,5.18760871887207,4,1.25566828250885,0.9725403785705566,1.2781401872634888,1.0007364749908447,1.1565734148025513,0.9162560105323792,1.3322911262512207,1.0006285905838013,0.06657012552022934,0.02584393508732319,0.05811069905757904,0.470358669757843,0.020166657865047455,0.0764601081609726,0.04774203896522522,0.016298765316605568,0.19508503377437592,0.023364001885056496
2,AUS,Australia,2020,-10.614906311035156,-0.08603350818157196,5.18760871887207,4,1.25566828250885,0.9725403785705566,1.2781401872634888,1.0007364749908447,1.1565734148025513,0.9162560105323792,1.3322911262512207,1.0006285905838013,0.06657012552022934,0.02584393508732319,0.05811069905757904,0.470358669757843,0.020166657865047455,0.0764601081609726,0.04774203896522522,0.016298765316605568,0.19508503377437592,0.023364001885056496
2,AUS,Australia,2021,-13.180018424987793,-0.15524008870124817,5.18760871887207,4,1.25566828250885,0.9725403785705566,1.2781401872634888,1.0007364749908447,1.1565734148025513,0.9162560105323792,1.3322911262512207,1.0006285905838013,0.06657012552022934,0.02584393508732319,0.05811069905757904,0.470358669757843,0.020166657865047455,0.0764601081609726,0.04774203896522522,0.016298765316605568,0.19508503377437592,0.023364001885056496
2,AUS,Australia,2022,-15.15616226196289,-0.1881677359342575,5.18760871887207,4,1.25566828250885,0.9725403785705566,1.2781401872634888,1.0007364749908447,1.1565734148025513,0.9162560105323792,1.3322911262512207,1.0006285905838013,0.06657012552022934,0.02584393508732319,0.05811069905757904,0.470358669757843,0.020166657865047455,0.0764601081609726,0.04774203896522522,0.016298765316605568,0.19508503377437592,0.023364001885056496
2,AUS,Australia,2023,-16.646900177001953,-0.2163851410150528,5.18760871887207,4,1.25566828250885,0.9725403785705566,1.2781401872634888,1.0007364749908447,1.1565734148025513,0.9162560105323792,1.3322911262512207,1.0006285905838013,0.06657012552022934,0.02584393508732319,0.05811069905757904,0.470358669757843,0.020166657865047455,0.0764601081609726,0.04774203896522522,0.016298765316605568,0.19508503377437592,0.023364001885056496
3,AUT,Austria,2018,-3.331990957260132,0.6552080512046814,5.187765121459961,4,1.3129711151123047,0.9371162056922913,1.3305449485778809,0.9642852544784546,1.1512476205825806,0.8828819990158081,1.4571207761764526,0.9641813635826111,0.06643874943256378,0.026078462600708008,0.05784488469362259,0.4707953631877899,0.020169036462903023,0.07633433490991592,0.04719609022140503,0.016297753900289536,0.19560563564300537,0.023239653557538986
3,AUT,Austria,2019,-3.5629565715789795,0.3410073518753052,5.187765121459961,4,1.3129711151123047,0.9371162056922913,1.3305449485778809,0.9642852544784546,1.1512476205825806,0.8828819990158081,1.4571207761764526,0.9641813635826111,0.06643874943256378,0.026078462600708008,0.05784488469362259,0.4707953631877899,0.020169036462903023,0.07633433490991592,0.04719609022140503,0.016297753900289536,0.19560563564300537,0.023239653557538986
3,AUT,Austria,2020,-4.44062614440918,0.1410399228334427,5.187765121459961,4,1.3129711151123047,0.9371162056922913,1.3305449485778809,0.9642852544784546,1.1512476205825806,0.8828819990158081,1.4571207761764526,0.9641813635826111,0.06643874943256378,0.026078462600708008,0.05784488469362259,0.4707953631877899,0.020169036462903023,0.07633433490991592,0.04719609022140503,0.016297753900289536,0.19560563564300537,0.023239653557538986
3,AUT,Austria,2021,-4.349145412445068,0.07925157248973846,5.187765121459961,4,1.3129711151123047,0.9371162056922913,1.3305449485778809,0.9642852544784546,1.1512476205825806,0.8828819990158081,1.4571207761764526,0.9641813635826111,0.06643874943256378,0.026078462600708008,0.05784488469362259,0.4707953631877899,0.020169036462903023,0.07633433490991592,0.04719609022140503,0.016297753900289536,0.19560563564300537,0.023239653557538986
3,AUT,Austria,2022,-4.098706245422363,-0.007581919431686401,5.187765121459961,4,1.3129711151123047,0.9371162056922913,1.3305449485778809,0.9642852544784546,1.1512476205825806,0.8828819990158081,1.4571207761764526,0.9641813635826111,0.06643874943256378,0.026078462600708008,0.05784488469362259,0.4707953631877899,0.020169036462903023,0.07633433490991592,0.04719609022140503,0.016297753900289536,0.19560563564300537,0.023239653557538986
3,AUT,Austria,2023,-5.443741798400879,-0.051015183329582214,5.187765121459961,4,1.3129711151123047,0.9371162056922913,1.3305449485778809,0.9642852544784546,1.1512476205825806,0.8828819990158081,1.4571207761764526,0.9641813635826111,0.06643874943256378,0.026078462600708008,0.05784488469362259,0.4707953631877899,0.020169036462903023,0.07633433490991592,0.04719609022140503,0.016297753900289536,0.19560563564300537,0.023239653557538986
4,AZE,Azerbaijan,2018,3.094372272491455,0.388530433177948,5.192359447479248,4,-1.294363021850586,-0.48706841468811035,-1.4495718479156494,-0.501189649105072,-1.172594428062439,-0.4588800072669983,-1.2609230279922485,-0.501135528087616,0.06277483701705933,0.03891460970044136,0.0492093451321125,0.47578784823417664,0.021137617528438568,0.07200340926647186,0.030316030606627464,0.016875533387064934,0.21375706791877747,0.019223740324378014
4,AZE,Azerbaijan,2019,3.558119297027588,0.5083322525024414,5.192359447479248,4,-1.294363021850586,-0.48706841468811035,-1.4495718479156494,-0.501189649105072,-1.172594428062439,-0.4588800072669983,-1.2609230279922485,-0.501135528087616,0.06277483701705933,0.03891460970044136,0.0492093451321125,0.47578784823417664,0.021137617528438568,0.07200340926647186,0.030316030606627464,0.016875533387064934,0.21375706791877747,0.019223740324378014
4,AZE,Azerbaijan,2020,4.490204811096191,0.3885568380355835,5.192359447479248,4,-1.294363021850586,-0.48706841468811035,-1.4495718479156494,-0.501189649105072,-1.172594428062439,-0.4588800072669983,-1.2609230279922485,-0.501135528087616,0.06277483701705933,0.03891460970044136,0.0492093451321125,0.47578784823417664,0.021137617528438568,0.07200340926647186,0.030316030606627464,0.016875533387064934,0.21375706791877747,0.019223740324378014
4,AZE,Azerbaijan,2021,4.194814682006836,0.38992053270339966,5.192359447479248,4,-1.294363021850586,-0.48706841468811035,-1.4495718479156494,-0.501189649105072,-1.172594428062439,-0.4588800072669983,-1.2609230279922485,-0.501135528087616,0.06277483701705933,0.03891460970044136,0.0492093451321125,0.47578784823417664,0.021137617528438568,0.07200340926647186,0.030316030606627464,0.016875533387064934,0.21375706791877747,0.019223740324378014
4,AZE,Azerbaijan,2022,3.8313167095184326,0.33946916460990906,5.192359447479248,4,-1.294363021850586,-0.48706841468811035,-1.4495718479156494,-0.501189649105072,-1.172594428062439,-0.4588800072669983,-1.2609230279922485,-0.501135528087616,0.06277483701705933,0.03891460970044136,0.0492093451321125,0.47578784823417664,0.021137617528438568,0.07200340926647186,0.030316030606627464,0.016875533387064934,0.21375706791877747,0.019223740324378014
4,AZE,Azerbaijan,2023,3.7241804599761963,0.30359357595443726,5.192359447479248,4,-1.294363021850586,-0.48706841468811035,-1.4495718479156494,-0.501189649105072,-1.172594428062439,-0.4588800072669983,-1.2609230279922485,-0.501135528087616,0.06277483701705933,0.03891460970044136,0.0492093451321125,0.47578784823417664,0.021137617528438568,0.07200340926647186,0.030316030606627464,0.016875533387064934,0.21375706791877747,0.019223740324378014
5,BEL,Belgium,2018,-2.035623550415039,0.32810619473457336,5.1873979568481445,4,0.9798359274864197,1.0215502977371216,1.2219529151916504,1.0511672496795654,0.8175865411758423,0.9624295234680176,0.8999684453010559,1.0510540008544922,0.06675484776496887,0.025525184348225594,0.058482374995946884,0.4697294533252716,0.0201649721711874,0.0766352042555809,0.04850843548774719,0.016301322728395462,0.19436024129390717,0.02353798784315586
5,BEL,Belgium,2019,-3.1006269454956055,0.17530502378940582,5.1873979568481445,4,0.9798359274864197,1.0215502977371216,1.2219529151916504,1.0511672496795654,0.8175865411758423,0.9624295234680176,0.8999684453010559,1.0510540008544922,0.06675484776496887,0.025525184348225594,0.058482374995946884,0.4697294533252716,0.0201649721711874,0.0766352042555809,0.04850843548774719,0.016301322728395462,0.19436024129390717,0.02353798784315586
5,BEL,Belgium,2020,-2.7479605674743652,0.07133133709430695,5.1873979568481445,4,0.9798359274864197,1.0215502977371216,1.2219529151916504,1.0511672496795654,0.8175865411758423,0.9624295234680176,0.8999684453010559,1.0510540008544922,0.06675484776496887,0.025525184348225594,0.058482374995946884,0.4697294533252716,0.0201649721711874,0.0766352042555809,0.04850843548774719,0.016301322728395462,0.19436024129390717,0.02353798784315586
5,BEL,Belgium,2021,-3.9674084186553955,0.015108838677406311,5.1873979568481445,4,0.9798359274864197,1.0215502977371216,1.2219529151916504,1.0511672496795654,0.8175865411758423,0.9624295234680176,0.8999684453010559,1.0510540008544922,0.06675484776496887,0.025525184348225594,0.058482374995946884,0.4697294533252716,0.0201649721711874,0.0766352042555809,0.04850843548774719,0.016301322728395462,0.19436024129390717,0.02353798784315586
5,BEL,Belgium,2022,-3.700895071029663,-0.023218855261802673,5.1873979568481445,4,0.9798359274864197,1.0215502977371216,1.2219529151916504,1.0511672496795654,0.8175865411758423,0.9624295234680176,0.8999684453010559,1.0510540008544922,0.06675484776496887,0.025525184348225594,0.058482374995946884,0.4697294533252716,0.0201649721711874,0.0766352042555809,0.04850843548774719,0.016301322728395462,0.19436024129390717,0.02353798784315586
5,BEL,Belgium,2023,-3.867947578430176,-0.03713582456111908,5.1873979568481445,4,0.9798359274864197,1.0215502977371216,1.2219529151916504,1.0511672496795654,0.8175865411758423,0.9624295234680176,0.8999684453010559,1.0510540008544922,0.06675484776496887,0.025525184348225594,0.058482374995946884,0.4697294533252716,0.0201649721711874,0.0766352042555809,0.04850843548774719,0.016301322728395462,0.19436024129390717,0.02353798784315586
6,BGD,Bangladesh,2018,1.2597620487213135,0.8594179749488831,5.1923394203186035,4,-1.3428869247436523,-0.49948301911354065,-1.2080445289611816,-0.5139641761779785,-1.482562780380249,-0.4705761671066284,-1.3380534648895264,-0.5139086842536926,0.06275717914104462,0.03906002640724182,0.049151528626680374,0.4757271409034729,0.021153876557946205,0.0719727873802185,0.03020729124546051,0.016886018216609955,0.21388722956180573,0.019196895882487297
6,BGD,Bangladesh,2019,1.4318774938583374,1.1831302642822266,5.1923394203186035,4,-1.3428869247436523,-0.49948301911354065,-1.2080445289611816,-0.5139641761779785,-1.482562780380249,-0.4705761671066284,-1.3380534648895264,-0.5139086842536926,0.06275717914104462,0.03906002640724182,0.049151528626680374,0.4757271409034729,0.021153876557946205,0.0719727873802185,0.03020729124546051,0.016886018216609955,0.21388722956180573,0.019196895882487297
6,BGD,Bangladesh,2020,1.717698097229004,1.3689180612564087,5.1923394203186035,4,-1.3428869247436523,-0.49948301911354065,-1.2080445289611816,-0.5139641761779785,-1.482562780380249,-0.4705761671066284,-1.3380534648895264,-0.5139086842536926,0.06275717914104462,0.03906002640724182,0.049151528626680374,0.4757271409034729,0.021153876557946205,0.0719727873802185,0.03020729124546051,0.016886018216609955,0.21388722956180573,0.019196895882487297
6,BGD,Bangladesh,2021,1.7278225421905518,1.4655510187149048,5.1923394203186035,4,-1.3428869247436523,-0.49948301911354065,-1.2080445289611816,-0.5139641761779785,-1.482562780380249,-0.4705761671066284,-1.3380534648895264,-0.5139086842536926,0.06275717914104462,0.03906002640724182,0.049151528626680374,0.4757271409034729,0.021153876557946205,0.0719727873802185,0.03020729124546051,0.016886018216609955,0.21388722956180573,0.019196895882487297
6,BGD,Bangladesh,2022,1.5284489393234253,1.537974238395691,5.1923394203186035,4,-1.3428869247436523,-0.49948301911354065,-1.2080445289611816,-0.5139641761779785,-1.482562780380249,-0.4705761671066284,-1.3380534648895264,-0.5139086842536926,0.06275717914104462,0.03906002640724182,0.049151528626680374,0.4757271409034729,0.021153876557946205,0.0719727873802185,0.03020729124546051,0.016886018216609955,0.21388722956180573,0.019196895882487297
6,BGD,Bangladesh,2023,2.0307767391204834,1.5710142850875854,5.1923394203186035,4,-1.3428869247436523,-0.49948301911354065,-1.2080445289611816,-0.5139641761779785,-1.482562780380249,-0.4705761671066284,-1.3380534648895264,-0.5139086842536926,0.06275717914104462,0.03906002640724182,0.049151528626680374,0.4757271409034729,0.021153876557946205,0.0719727873802185,0.03020729124546051,0.016886018216609955,0.21388722956180573,0.019196895882487297
7,BGR,Bulgaria,2018,-1.3296480178833008,0.9914616346359253,5.1897807121276855,4,-0.42611977458000183,-1.009940266609192,-0.6209486722946167,-1.0392208099365234,-0.13856160640716553,-0.9514914751052856,-0.5188490152359009,-1.0391086339950562,0.062236011028289795,0.04561508819460869,0.047015585005283356,0.4718204438686371,0.021940777078270912,0.0708233043551445,0.02620081417262554,0.017397301271557808,0.2187478095293045,0.018202831968665123
7,BGR,Bulgaria,2019,-1.4306131601333618,1.2657802104949951,5.1897807121276855,4,-0.42611977458000183,-1.009940266609192,-0.6209486722946167,-1.0392208099365234,-0.13856160640716553,-0.9514914751052856,-0.5188490152359009,-1.0391086339950562,0.062236011028289795,0.04561508819460869,0.047015585005283356,0.4718204438686371,0.021940777078270912,0.0708233043551445,0.02620081417262554,0.017397301271557808,0.2187478095293045,0.018202831968665123
7,BGR,Bulgaria,2020,-2.8135833740234375,1.313637375831604,5.1897807121276855,4,-0.42611977458000183,-1.009940266609192,-0.6209486722946167,-1.0392208099365234,-0.13856160640716553,-0.9514914751052856,-0.5188490152359009,-1.0391086339950562,0.062236011028289795,0.04561508819460869,0.047015585005283356,0.4718204438686371,0.021940777078270912,0.0708233043551445,0.02620081417262554,0.017397301271557808,0.2187478095293045,0.018202831968665123
7,BGR,Bulgaria,2021,-2.0215117931365967,1.3863321542739868,5.1897807121276855,4,-0.42611977458000183,-1.009940266609192,-0.6209486722946167,-1.0392208099365234,-0.13856160640716553,-0.9514914751052856,-0.5188490152359009,-1.0391086339950562,0.062236011028289795,0.04561508819460869,0.047015585005283356,0.4718204438686371,0.021940777078270912,0.0708233043551445,0.02620081417262554,0.017397301271557808,0.2187478095293045,0.018202831968665123
7,BGR,Bulgaria,2022,-0.48078346252441406,1.43125581741333,5.1897807121276855,4,-0.42611977458000183,-1.009940266609192,-0.6209486722946167,-1.0392208099365234,-0.13856160640716553,-0.9514914751052856,-0.5188490152359009,-1.0391086339950562,0.062236011028289795,0.04561508819460869,0.047015585005283356,0.4718204438686371,0.021940777078270912,0.0708233043551445,0.02620081417262554,0.017397301271557808,0.2187478095293045,0.018202831968665123
7,BGR,Bulgaria,2023,-3.970643997192383,1.4356271028518677,5.1897807121276855,4,-0.42611977458000183,-1.009940266609192,-0.6209486722946167,-1.0392208099365234,-0.13856160640716553,-0.9514914751052856,-0.5188490152359009,-1.0391086339950562,0.062236011028289795,0.04561508819460869,0.047015585005283356,0.4718204438686371,0.021940777078270912,0.0708233043551445,0.02620081417262554,0.017397301271557808,0.2187478095293045,0.018202831968665123
8,BLR,Belarus,2018,-2.643580675125122,0.20041806995868683,5.192460060119629,4,-1.5520426034927368,-0.339804083108902,-1.4920120239257812,-0.34965580701828003,-1.8896420001983643,-0.3201383948326111,-1.2744739055633545,-0.34961801767349243,0.06300286203622818,0.03723839297890663,0.04991741105914116,0.4763775169849396,0.020955175161361694,0.07237640768289566,0.03165021166205406,0.016758328303694725,0.21217136085033417,0.019552385434508324
8,BLR,Belarus,2019,-3.0715856552124023,0.337820827960968,5.192460060119629,4,-1.5520426034927368,-0.339804083108902,-1.4920120239257812,-0.34965580701828003,-1.8896420001983643,-0.3201383948326111,-1.2744739055633545,-0.34961801767349243,0.06300286203622818,0.03723839297890663,0.04991741105914116,0.4763775169849396,0.020955175161361694,0.07237640768289566,0.03165021166205406,0.016758328303694725,0.21217136085033417,0.019552385434508324
8,BLR,Belarus,2020,-3.0823307037353516,0.393058180809021,5.192460060119629,4,-1.5520426034927368,-0.339804083108902,-1.4920120239257812,-0.34965580701828003,-1.8896420001983643,-0.3201383948326111,-1.2744739055633545,-0.34961801767349243,0.06300286203622818,0.03723839297890663,0.04991741105914116,0.4763775169849396,0.020955175161361694,0.07237640768289566,0.03165021166205406,0.016758328303694725,0.21217136085033417,0.019552385434508324
8,BLR,Belarus,2021,-14.810386657714844,0.4436461329460144,5.192460060119629,4,-1.5520426034927368,-0.339804083108902,-1.4920120239257812,-0.34965580701828003,-1.8896420001983643,-0.3201383948326111,-1.2744739055633545,-0.34961801767349243,0.06300286203622818,0.03723839297890663,0.04991741105914116,0.4763775169849396,0.020955175161361694,0.07237640768289566,0.03165021166205406,0.016758328303694725,0.21217136085033417,0.019552385434508324
8,BLR,Belarus,2022,-13.734106063842773,0.4605536460876465,5.192460060119629,4,-1.5520426034927368,-0.339804083108902,-1.4920120239257812,-0.34965580701828003,-1.8896420001983643,-0.3201383948326111,-1.2744739055633545,-0.34961801767349243,0.06300286203622818,0.03723839297890663,0.04991741105914116,0.4763775169849396,0.020955175161361694,0.07237640768289566,0.03165021166205406,0.016758328303694725,0.21217136085033417,0.019552385434508324
8,BLR,Belarus,2023,-27.134784698486328,0.47597217559814453,5.192460060119629,4,-1.5520426034927368,-0.339804083108902,-1.4920120239257812,-0.34965580701828003,-1.8896420001983643,-0.3201383948326111,-1.2744739055633545,-0.34961801767349243,0.06300286203622818,0.03723839297890663,0.04991741105914116,0.4763775169849396,0.020955175161361694,0.07237640768289566,0.03165021166205406,0.016758328303694725,0.21217136085033417,0.019552385434508324
9,BRA,Brazil,2018,4.812175750732422,0.5081393718719482,5.189981460571289,4,-0.532637357711792,-0.9865688681602478,-0.5499132871627808,-1.015171766281128,-0.37875303626060486,-0.9294725656509399,-0.669245719909668,-1.0150622129440308,0.06225138157606125,0.045289795845746994,0.0471034049987793,0.4720573425292969,0.021899748593568802,0.07087139785289764,0.02636563777923584,0.01737053133547306,0.21854685246944427,0.018243839964270592
9,BRA,Brazil,2019,5.404086589813232,0.6790456175804138,5.189981460571289,4,-0.532637357711792,-0.9865688681602478,-0.5499132871627808,-1.015171766281128,-0.37875303626060486,-0.9294725656509399,-0.669245719909668,-1.0150622129440308,0.06225138157606125,0.045289795845746994,0.0471034049987793,0.4720573425292969,0.021899748593568802,0.07087139785289764,0.02636563777923584,0.01737053133547306,0.21854685246944427,0.018243839964270592
9,BRA,Brazil,2020,4.385476589202881,0.6591399312019348,5.189981460571289,4,-0.532637357711792,-0.9865688681602478,-0.5499132871627808,-1.015171766281128,-0.37875303626060486,-0.9294725656509399,-0.669245719909668,-1.0150622129440308,0.06225138157606125,0.045289795845746994,0.0471034049987793,0.4720573425292969,0.021899748593568802,0.07087139785289764,0.02636563777923584,0.01737053133547306,0.21854685246944427,0.018243839964270592
9,BRA,Brazil,2021,8.511026382446289,0.6526098251342773,5.189981460571289,4,-0.532637357711792,-0.9865688681602478,-0.5499132871627808,-1.015171766281128,-0.37875303626060486,-0.9294725656509399,-0.669245719909668,-1.0150622129440308,0.06225138157606125,0.045289795845746994,0.0471034049987793,0.4720573425292969,0.021899748593568802,0.07087139785289764,0.02636563777923584,0.01737053133547306,0.21854685246944427,0.018243839964270592
9,BRA,Brazil,2022,0.8233122229576111,0.8926209807395935,5.189981460571289,4,-0.532637357711792,-0.9865688681602478,-0.5499132871627808,-1.015171766281128,-0.37875303626060486,-0.9294725656509399,-0.669245719909668,-1.0150622129440308,0.06225138157606125,0.045289795845746994,0.0471034049987793,0.4720573425292969,0.021899748593568802,0.07087139785289764,0.02636563777923584,0.01737053133547306,0.21854685246944427,0.018243839964270592
9,BRA,Brazil,2023,-0.02414296381175518,0.9359833598136902,5.189981460571289,4,-0.532637357711792,-0.9865688681602478,-0.5499132871627808,-1.015171766281128,-0.37875303626060486,-0.9294725656509399,-0.669245719909668,-1.0150622129440308,0.06225138157606125,0.045289795845746994,0.0471034049987793,0.4720573425292969,0.021899748593568802,0.07087139785289764,0.02636563777923584,0.01737053133547306,0.21854685246944427,0.018243839964270592
10,CAN,Canada,2018,-3.718440532684326,-0.5129990577697754,5.1876115798950195,4,1.2861608266830444,0.971783459186554,1.3746321201324463,0.9999576807022095,1.1545178890228271,0.9155430197715759,1.3293325901031494,0.9998499155044556,0.06656729429960251,0.025848904624581337,0.0581049881875515,0.4703681766986847,0.02016669511795044,0.07645741105079651,0.04773028939962387,0.01629873551428318,0.1950962096452713,0.02336132526397705
10,CAN,Canada,2019,-3.770698308944702,-0.7935590147972107,5.1876115798950195,4,1.2861608266830444,0.971783459186554,1.3746321201324463,0.9999576807022095,1.1545178890228271,0.9155430197715759,1.3293325901031494,0.9998499155044556,0.06656729429960251,0.025848904624581337,0.0581049881875515,0.4703681766986847,0.02016669511795044,0.07645741105079651,0.04773028939962387,0.01629873551428318,0.1950962096452713,0.02336132526397705
10,CAN,Canada,2020,-4.2692484855651855,-1.0061873197555542,5.1876115798950195,4,1.2861608266830444,0.971783459186554,1.3746321201324463,0.9999576807022095,1.1545178890228271,0.9155430197715759,1.3293325901031494,0.9998499155044556,0.06656729429960251,0.025848904624581337,0.0581049881875515,0.4703681766986847,0.02016669511795044,0.07645741105079651,0.04773028939962387,0.01629873551428318,0.1950962096452713,0.02336132526397705
10,CAN,Canada,2021,-4.04820442199707,-1.1503515243530273,5.1876115798950195,4,1.2861608266830444,0.971783459186554,1.3746321201324463,0.9999576807022095,1.1545178890228271,0.9155430197715759,1.3293325901031494,0.9998499155044556,0.06656729429960251,0.025848904624581337,0.0581049881875515,0.4703681766986847,0.02016669511795044,0.07645741105079651,0.04773028939962387,0.01629873551428318,0.1950962096452713,0.02336132526397705
10,CAN,Canada,2022,-4.334720611572266,-1.4460585117340088,5.1876115798950195,4,1.2861608266830444,0.971783459186554,1.3746321201324463,0.9999576807022095,1.1545178890228271,0.9155430197715759,1.3293325901031494,0.9998499155044556,0.06656729429960251,0.025848904624581337,0.0581049881875515,0.4703681766986847,0.02016669511795044,0.07645741105079651,0.04773028939962387,0.01629873551428318,0.1950962096452713,0.02336132526397705
10,CAN,Canada,2023,-3.507607936859131,-1.6086302995681763,5.1876115798950195,4,1.2861608266830444,0.971783459186554,1.3746321201324463,0.9999576807022095,1.1545178890228271,0.9155430197715759,1.3293325901031494,0.9998499155044556,0.06656729429960251,0.025848904624581337,0.0581049881875515,0.4703681766986847,0.02016669511795044,0.07645741105079651,0.04773028939962387,0.01629873551428318,0.1950962096452713,0.02336132526397705
11,CHE,Switzerland,2018,1.0894922018051147,1.1110124588012695,5.18768310546875,4,1.412360668182373,0.9555924534797668,1.4461179971694946,0.9832972288131714,1.2956862449645996,0.900288999080658,1.4952778816223145,0.9831912517547607,0.06650704145431519,0.025955701246857643,0.057983219623565674,0.47056955099105835,0.02016766555607319,0.07639985531568527,0.04747999086976051,0.016298187896609306,0.19533449411392212,0.02330435812473297
11,CHE,Switzerland,2019,0.49372902512550354,0.9532397389411926,5.18768310546875,4,1.412360668182373,0.9555924534797668,1.4461179971694946,0.9832972288131714,1.2956862449645996,0.900288999080658,1.4952778816223145,0.9831912517547607,0.06650704145431519,0.025955701246857643,0.057983219623565674,0.47056955099105835,0.02016766555607319,0.07639985531568527,0.04747999086976051,0.016298187896609306,0.19533449411392212,0.02330435812473297
11,CHE,Switzerland,2020,1.5537232160568237,0.8483364582061768,5.18768310546875,4,1.412360668182373,0.9555924534797668,1.4461179971694946,0.9832972288131714,1.2956862449645996,0.900288999080658,1.4952778816223145,0.9831912517547607,0.06650704145431519,0.025955701246857643,0.057983219623565674,0.47056955099105835,0.02016766555607319,0.07639985531568527,0.04747999086976051,0.016298187896609306,0.19533449411392212,0.02330435812473297
11,CHE,Switzerland,2021,3.0005764961242676,0.8713440895080566,5.18768310546875,4,1.412360668182373,0.9555924534797668,1.4461179971694946,0.9832972288131714,1.2956862449645996,0.900288999080658,1.4952778816223145,0.9831912517547607,0.06650704145431519,0.025955701246857643,0.057983219623565674,0.47056955099105835,0.02016766555607319,0.07639985531568527,0.04747999086976051,0.016298187896609306,0.19533449411392212,0.02330435812473297
11,CHE,Switzerland,2022,2.025691270828247,0.8516438007354736,5.18768310546875,4,1.412360668182373,0.9555924534797668,1.4461179971694946,0.9832972288131714,1.2956862449645996,0.900288999080658,1.4952778816223145,0.9831912517547607,0.06650704145431519,0.025955701246857643,0.057983219623565674,0.47056955099105835,0.02016766555607319,0.07639985531568527,0.04747999086976051,0.016298187896609306,0.19533449411392212,0.02330435812473297
11,CHE,Switzerland,2023,-4.210478782653809,0.8771902322769165,5.18768310546875,4,1.412360668182373,0.9555924534797668,1.4461179971694946,0.9832972288131714,1.2956862449645996,0.900288999080658,1.4952778816223145,0.9831912517547607,0.06650704145431519,0.025955701246857643,0.057983219623565674,0.47056955099105835,0.02016766555607319,0.07639985531568527,0.04747999086976051,0.016298187896609306,0.19533449411392212,0.02330435812473297
12,CHL,Chile,2018,1.4454405307769775,1.1293567419052124,5.187255859375,4,0.8483307957649231,1.0559064149856567,0.667232871055603,1.086519479751587,1.016435146331787,0.9947973489761353,0.8613244891166687,1.0864022970199585,0.06688638031482697,0.025305649265646935,0.05874563008546829,0.4692709743976593,0.02016490139067173,0.07675868272781372,0.04905341565608978,0.01630391553044319,0.1938491314649582,0.023661289364099503
12,CHL,Chile,2019,1.1679426431655884,1.1174110174179077,5.187255859375,4,0.8483307957649231,1.0559064149856567,0.667232871055603,1.086519479751587,1.016435146331787,0.9947973489761353,0.8613244891166687,1.0864022970199585,0.06688638031482697,0.025305649265646935,0.05874563008546829,0.4692709743976593,0.02016490139067173,0.07675868272781372,0.04905341565608978,0.01630391553044319,0.1938491314649582,0.023661289364099503
12,CHL,Chile,2020,0.7698724865913391,1.4129990339279175,5.187255859375,4,0.8483307957649231,1.0559064149856567,0.667232871055603,1.086519479751587,1.016435146331787,0.9947973489761353,0.8613244891166687,1.0864022970199585,0.06688638031482697,0.025305649265646935,0.05874563008546829,0.4692709743976593,0.02016490139067173,0.07675868272781372,0.04905341565608978,0.01630391553044319,0.1938491314649582,0.023661289364099503
12,CHL,Chile,2021,0.5402398705482483,1.0157606601715088,5.187255859375,4,0.8483307957649231,1.0559064149856567,0.667232871055603,1.086519479751587,1.016435146331787,0.9947973489761353,0.8613244891166687,1.0864022970199585,0.06688638031482697,0.025305649265646935,0.05874563008546829,0.4692709743976593,0.02016490139067173,0.07675868272781372,0.04905341565608978,0.01630391553044319,0.1938491314649582,0.023661289364099503
12,CHL,Chile,2022,-0.5233001708984375,0.9921152591705322,5.187255859375,4,0.8483307957649231,1.0559064149856567,0.667232871055603,1.086519479751587,1.016435146331787,0.9947973489761353,0.8613244891166687,1.0864022970199585,0.06688638031482697,0.025305649265646935,0.05874563008546829,0.4692709743976593,0.02016490139067173,0.07675868272781372,0.04905341565608978,0.01630391553044319,0.1938491314649582,0.023661289364099503
12,CHL,Chile,2023,-1.9592610597610474,0.8862762451171875,5.187255859375,4,0.8483307957649231,1.0559064149856567,0.667232871055603,1.086519479751587,1.016435146331787,0.9947973489761353,0.8613244891166687,1.0864022970199585,0.06688638031482697,0.025305649265646935,0.05874563008546829,0.4692709743976593,0.02016490139067173,0.07675868272781372,0.04905341565608978,0.01630391553044319,0.1938491314649582,0.023661289364099503
13,CHN,China,2018,-8.663586616516113,-0.8985854387283325,5.191191673278809,4,-0.8438493609428406,-0.8154404163360596,-0.7442506551742554,-0.8390819430351257,-0.7500977516174316,-0.7682479619979858,-1.03719961643219,-0.8389913439750671,0.06238832697272301,0.04298264533281326,0.0477750226855278,0.4736262261867523,0.021613867953419685,0.07123655825853348,0.027624763548374176,0.01718425564467907,0.2170114368200302,0.018556948751211166
13,CHN,China,2019,-9.760994911193848,-0.5780776739120483,5.191191673278809,4,-0.8438493609428406,-0.8154404163360596,-0.7442506551742554,-0.8390819430351257,-0.7500977516174316,-0.7682479619979858,-1.03719961643219,-0.8389913439750671,0.06238832697272301,0.04298264533281326,0.0477750226855278,0.4736262261867523,0.021613867953419685,0.07123655825853348,0.027624763548374176,0.01718425564467907,0.2170114368200302,0.018556948751211166
13,CHN,China,2020,-10.60916519165039,-0.4347332715988159,5.191191673278809,4,-0.8438493609428406,-0.8154404163360596,-0.7442506551742554,-0.8390819430351257,-0.7500977516174316,-0.7682479619979858,-1.03719961643219,-0.8389913439750671,0.06238832697272301,0.04298264533281326,0.0477750226855278,0.4736262261867523,0.021613867953419685,0.07123655825853348,0.027624763548374176,0.01718425564467907,0.2170114368200302,0.018556948751211166
13,CHN,China,2021,-11.069491386413574,-0.3090771436691284,5.191191673278809,4,-0.8438493609428406,-0.8154404163360596,-0.7442506551742554,-0.8390819430351257,-0.7500977516174316,-0.7682479619979858,-1.03719961643219,-0.8389913439750671,0.06238832697272301,0.04298264533281326,0.0477750226855278,0.4736262261867523,0.021613867953419685,0.07123655825853348,0.027624763548374176,0.01718425564467907,0.2170114368200302,0.018556948751211166
13,CHN,China,2022,-11.851537704467773,-0.25283896923065186,5.191191673278809,4,-0.8438493609428406,-0.8154404163360596,-0.7442506551742554,-0.8390819430351257,-0.7500977516174316,-0.7682479619979858,-1.03719961643219,-0.8389913439750671,0.06238832697272301,0.04298264533281326,0.0477750226855278,0.4736262261867523,0.021613867953419685,0.07123655825853348,0.027624763548374176,0.01718425564467907,0.2170114368200302,0.018556948751211166
13,CHN,China,2023,-12.087423324584961,-0.2209887057542801,5.191191673278809,4,-0.8438493609428406,-0.8154404163360596,-0.7442506551742554,-0.8390819430351257,-0.7500977516174316,-0.7682479619979858,-1.03719961643219,-0.8389913439750671,0.06238832697272301,0.04298264533281326,0.0477750226855278,0.4736262261867523,0.021613867953419685,0.07123655825853348,0.027624763548374176,0.01718425564467907,0.2170114368200302,0.018556948751211166
14,COL,Colombia,2018,0.3820185363292694,-0.4886825680732727,5.190447807312012,4,-0.757061779499054,-0.927786648273468,-0.7152259349822998,-0.9546853303909302,-0.5119652152061462,-0.8740923404693604,-1.0439940690994263,-0.9545822739601135,0.06229359284043312,0.044482551515102386,0.04732843115925789,0.4726291596889496,0.02179866097867489,0.07099424302577972,0.02678767964243889,0.017304623499512672,0.21803215146064758,0.01834883540868759
14,COL,Colombia,2019,2.6013519763946533,-0.2716047167778015,5.190447807312012,4,-0.757061779499054,-0.927786648273468,-0.7152259349822998,-0.9546853303909302,-0.5119652152061462,-0.8740923404693604,-1.0439940690994263,-0.9545822739601135,0.06229359284043312,0.044482551515102386,0.04732843115925789,0.4726291596889496,0.02179866097867489,0.07099424302577972,0.02678767964243889,0.017304623499512672,0.21803215146064758,0.01834883540868759
14,COL,Colombia,2020,3.8599977493286133,-0.22808794677257538,5.190447807312012,4,-0.757061779499054,-0.927786648273468,-0.7152259349822998,-0.9546853303909302,-0.5119652152061462,-0.8740923404693604,-1.0439940690994263,-0.9545822739601135,0.06229359284043312,0.044482551515102386,0.04732843115925789,0.4726291596889496,0.02179866097867489,0.07099424302577972,0.02678767964243889,0.017304623499512672,0.21803215146064758,0.01834883540868759
14,COL,Colombia,2021,0.7301899194717407,-0.3932260274887085,5.190447807312012,4,-0.757061779499054,-0.927786648273468,-0.7152259349822998,-0.9546853303909302,-0.5119652152061462,-0.8740923404693604,-1.0439940690994263,-0.9545822739601135,0.06229359284043312,0.044482551515102386,0.04732843115925789,0.4726291596889496,0.02179866097867489,0.07099424302577972,0.02678767964243889,0.017304623499512672,0.21803215146064758,0.01834883540868759
14,COL,Colombia,2022,0.9924597144126892,-0.3157912492752075,5.190447807312012,4,-0.757061779499054,-0.927786648273468,-0.7152259349822998,-0.9546853303909302,-0.5119652152061462,-0.8740923404693604,-1.0439940690994263,-0.9545822739601135,0.06229359284043312,0.044482551515102386,0.04732843115925789,0.4726291596889496,0.02179866097867489,0.07099424302577972,0.02678767964243889,0.017304623499512672,0.21803215146064758,0.01834883540868759
14,COL,Colombia,2023,3.7653815746307373,-0.3366113305091858,5.190447807312012,4,-0.757061779499054,-0.927786648273468,-0.7152259349822998,-0.9546853303909302,-0.5119652152061462,-0.8740923404693604,-1.0439940690994263,-0.9545822739601135,0.06229359284043312,0.044482551515102386,0.04732843115925789,0.4726291596889496,0.02179866097867489,0.07099424302577972,0.02678767964243889,0.017304623499512672,0.21803215146064758,0.01834883540868759
15,CYP,Cyprus,2018,-11.052656173706055,0.4185243844985962,5.187308311462402,4,0.7725202441215515,1.0431684255599976,0.8672822117805481,1.0734121799468994,0.7250233292579651,0.9827965497970581,0.725255012512207,1.0732964277267456,0.06683743000030518,0.02538667432963848,0.0586477629840374,0.46944260597229004,0.020164823159575462,0.07671285420656204,0.048850614577531815,0.01630287803709507,0.19403892755508423,0.02361544966697693
15,CYP,Cyprus,2019,-11.571080207824707,0.289190411567688,5.187308311462402,4,0.7725202441215515,1.0431684255599976,0.8672822117805481,1.0734121799468994,0.7250233292579651,0.9827965497970581,0.725255012512207,1.0732964277267456,0.06683743000030518,0.02538667432963848,0.0586477629840374,0.46944260597229004,0.020164823159575462,0.07671285420656204,0.048850614577531815,0.01630287803709507,0.19403892755508423,0.02361544966697693
15,CYP,Cyprus,2020,-14.400252342224121,0.20837192237377167,5.187308311462402,4,0.7725202441215515,1.0431684255599976,0.8672822117805481,1.0734121799468994,0.7250233292579651,0.9827965497970581,0.725255012512207,1.0732964277267456,0.06683743000030518,0.02538667432963848,0.0586477629840374,0.46944260597229004,0.020164823159575462,0.07671285420656204,0.048850614577531815,0.01630287803709507,0.19403892755508423,0.02361544966697693
15,CYP,Cyprus,2021,-17.67461395263672,0.13547155261039734,5.187308311462402,4,0.7725202441215515,1.0431684255599976,0.8672822117805481,1.0734121799468994,0.7250233292579651,0.9827965497970581,0.725255012512207,1.0732964277267456,0.06683743000030518,0.02538667432963848,0.0586477629840374,0.46944260597229004,0.020164823159575462,0.07671285420656204,0.048850614577531815,0.01630287803709507,0.19403892755508423,0.02361544966697693
15,CYP,Cyprus,2022,-19.47079086303711,0.08568006753921509,5.187308311462402,4,0.7725202441215515,1.0431684255599976,0.8672822117805481,1.0734121799468994,0.7250233292579651,0.9827965497970581,0.725255012512207,1.0732964277267456,0.06683743000030518,0.02538667432963848,0.0586477629840374,0.46944260597229004,0.020164823159575462,0.07671285420656204,0.048850614577531815,0.01630287803709507,0.19403892755508423,0.02361544966697693
15,CYP,Cyprus,2023,-23.38113784790039,0.048292797058820724,5.187308311462402,4,0.7725202441215515,1.0431684255599976,0.8672822117805481,1.0734121799468994,0.7250233292579651,0.9827965497970581,0.725255012512207,1.0732964277267456,0.06683743000030518,0.02538667432963848,0.0586477629840374,0.46944260597229004,0.020164823159575462,0.07671285420656204,0.048850614577531815,0.01630287803709507,0.19403892755508423,0.02361544966697693
16,CZE,Czechia,2018,-2.3009228706359863,-0.13433314859867096,5.189136981964111,4,0.365255743265152,0.6495192646980286,0.28039175271987915,0.6683502793312073,0.4478796720504761,0.6119293570518494,0.3674957752227783,0.6682782769203186,0.0654405876994133,0.028117062523961067,0.0557766892015934,0.4737755358219147,0.020225273445248604,0.07534030824899673,0.04300843924283981,0.016316145658493042,0.19972574710845947,0.022274188697338104
16,CZE,Czechia,2019,-2.761939525604248,0.0047158002853393555,5.189136981964111,4,0.365255743265152,0.6495192646980286,0.28039175271987915,0.6683502793312073,0.4478796720504761,0.6119293570518494,0.3674957752227783,0.6682782769203186,0.0654405876994133,0.028117062523961067,0.0557766892015934,0.4737755358219147,0.020225273445248604,0.07534030824899673,0.04300843924283981,0.016316145658493042,0.19972574710845947,0.022274188697338104
16,CZE,Czechia,2020,-3.448472261428833,0.05514787137508392,5.189136981964111,4,0.365255743265152,0.6495192646980286,0.28039175271987915,0.6683502793312073,0.4478796720504761,0.6119293570518494,0.3674957752227783,0.6682782769203186,0.0654405876994133,0.028117062523961067,0.0557766892015934,0.4737755358219147,0.020225273445248604,0.07534030824899673,0.04300843924283981,0.016316145658493042,0.19972574710845947,0.022274188697338104
16,CZE,Czechia,2021,-3.2644777297973633,0.06993080675601959,5.189136981964111,4,0.365255743265152,0.6495192646980286,0.28039175271987915,0.6683502793312073,0.4478796720504761,0.6119293570518494,0.3674957752227783,0.6682782769203186,0.0654405876994133,0.028117062523961067,0.0557766892015934,0.4737755358219147,0.020225273445248604,0.07534030824899673,0.04300843924283981,0.016316145658493042,0.19972574710845947,0.022274188697338104
16,CZE,Czechia,2022,-3.0018773078918457,0.07774776220321655,5.189136981964111,4,0.365255743265152,0.6495192646980286,0.28039175271987915,0.6683502793312073,0.4478796720504761,0.6119293570518494,0.3674957752227783,0.6682782769203186,0.0654405876994133,0.028117062523961067,0.0557766892015934,0.4737755358219147,0.020225273445248604,0.07534030824899673,0.04300843924283981,0.016316145658493042,0.19972574710845947,0.022274188697338104
16,CZE,Czechia,2023,-3.7278714179992676,0.08627773821353912,5.189136981964111,4,0.365255743265152,0.6495192646980286,0.28039175271987915,0.6683502793312073,0.4478796720504761,0.6119293570518494,0.3674957752227783,0.6682782769203186,0.0654405876994133,0.028117062523961067,0.0557766892015934,0.4737755358219147,0.020225273445248604,0.07534030824899673,0.04300843924283981,0.016316145658493042,0.19972574710845947,0.022274188697338104
17,DEU,Germany,2018,-4.408335208892822,-0.038822874426841736,5.187723636627197,4,1.162001371383667,0.9465071558952332,1.2181392908096313,0.9739484190940857,0.9860901236534119,0.8917293548583984,1.2817747592926025,0.9738434553146362,0.06647339463233948,0.02601594664156437,0.05791511759161949,0.4706811308860779,0.020168308168649673,0.07636760175228119,0.047340162098407745,0.016297947615385056,0.19546793401241302,0.023272499442100525
17,DEU,Germany,2019,-7.129828929901123,-0.17055799067020416,5.187723636627197,4,1.162001371383667,0.9465071558952332,1.2181392908096313,0.9739484190940857,0.9860901236534119,0.8917293548583984,1.2817747592926025,0.9738434553146362,0.06647339463233948,0.02601594664156437,0.05791511759161949,0.4706811308860779,0.020168308168649673,0.07636760175228119,0.047340162098407745,0.016297947615385056,0.19546793401241302,0.023272499442100525
17,DEU,Germany,2020,-8.748512268066406,-0.2587307095527649,5.187723636627197,4,1.162001371383667,0.9465071558952332,1.2181392908096313,0.9739484190940857,0.9860901236534119,0.8917293548583984,1.2817747592926025,0.9738434553146362,0.06647339463233948,0.02601594664156437,0.05791511759161949,0.4706811308860779,0.020168308168649673,0.07636760175228119,0.047340162098407745,0.016297947615385056,0.19546793401241302,0.023272499442100525
17,DEU,Germany,2021,-7.036392688751221,-0.3189547657966614,5.187723636627197,4,1.162001371383667,0.9465071558952332,1.2181392908096313,0.9739484190940857,0.9860901236534119,0.8917293548583984,1.2817747592926025,0.9738434553146362,0.06647339463233948,0.02601594664156437,0.05791511759161949,0.4706811308860779,0.020168308168649673,0.07636760175228119,0.047340162098407745,0.016297947615385056,0.19546793401241302,0.023272499442100525
17,DEU,Germany,2022,-5.935337066650391,-0.369232714176178,5.187723636627197,4,1.162001371383667,0.9465071558952332,1.2181392908096313,0.9739484190940857,0.9860901236534119,0.8917293548583984,1.2817747592926025,0.9738434553146362,0.06647339463233948,0.02601594664156437,0.05791511759161949,0.4706811308860779,0.020168308168649673,0.07636760175228119,0.047340162098407745,0.016297947615385056,0.19546793401241302,0.023272499442100525
17,DEU,Germany,2023,-8.335287094116211,-0.3946189284324646,5.187723636627197,4,1.162001371383667,0.9465071558952332,1.2181392908096313,0.9739484190940857,0.9860901236534119,0.8917293548583984,1.2817747592926025,0.9738434553146362,0.06647339463233948,0.02601594664156437,0.05791511759161949,0.4706811308860779,0.020168308168649673,0.07636760175228119,0.047340162098407745,0.016297947615385056,0.19546793401241302,0.023272499442100525
18,DNK,Denmark,2018,-4.1028218269348145,-0.05515162646770477,5.187601089477539,4,1.5067936182022095,0.974149763584137,1.5459808111190796,1.0023925304412842,1.4523217678070068,0.9177722930908203,1.522078514099121,1.0022845268249512,0.06657612323760986,0.025833362713456154,0.058122821152210236,0.47033846378326416,0.02016657590866089,0.07646583020687103,0.04776697978377342,0.016298826783895493,0.1950613111257553,0.023369673639535904
18,DNK,Denmark,2019,-5.251770973205566,-0.2555351257324219,5.187601089477539,4,1.5067936182022095,0.974149763584137,1.5459808111190796,1.0023925304412842,1.4523217678070068,0.9177722930908203,1.522078514099121,1.0022845268249512,0.06657612323760986,0.025833362713456154,0.058122821152210236,0.47033846378326416,0.02016657590866089,0.07646583020687103,0.04776697978377342,0.016298826783895493,0.1950613111257553,0.023369673639535904
18,DNK,Denmark,2020,-5.442167282104492,-0.4127030372619629,5.187601089477539,4,1.5067936182022095,0.974149763584137,1.5459808111190796,1.0023925304412842,1.4523217678070068,0.9177722930908203,1.522078514099121,1.0022845268249512,0.06657612323760986,0.025833362713456154,0.058122821152210236,0.47033846378326416,0.02016657590866089,0.07646583020687103,0.04776697978377342,0.016298826783895493,0.1950613111257553,0.023369673639535904
18,DNK,Denmark,2021,-5.020071029663086,-0.5344729423522949,5.187601089477539,4,1.5067936182022095,0.974149763584137,1.5459808111190796,1.0023925304412842,1.4523217678070068,0.9177722930908203,1.522078514099121,1.0022845268249512,0.06657612323760986,0.025833362713456154,0.058122821152210236,0.47033846378326416,0.02016657590866089,0.07646583020687103,0.04776697978377342,0.016298826783895493,0.1950613111257553,0.023369673639535904
18,DNK,Denmark,2022,-5.26057767868042,-0.6459531784057617,5.187601089477539,4,1.5067936182022095,0.974149763584137,1.5459808111190796,1.0023925304412842,1.4523217678070068,0.9177722930908203,1.522078514099121,1.0022845268249512,0.06657612323760986,0.025833362713456154,0.058122821152210236,0.47033846378326416,0.02016657590866089,0.07646583020687103,0.04776697978377342,0.016298826783895493,0.1950613111257553,0.023369673639535904
18,DNK,Denmark,2023,-5.907427787780762,-0.7178109884262085,5.187601089477539,4,1.5067936182022095,0.974149763584137,1.5459808111190796,1.0023925304412842,1.4523217678070068,0.9177722930908203,1.522078514099121,1.0022845268249512,0.06657612323760986,0.025833362713456154,0.058122821152210236,0.47033846378326416,0.02016657590866089,0.07646583020687103,0.04776697978377342,0.016298826783895493,0.1950613111257553,0.023369673639535904
19,DZA,Algeria,2018,-1.3783005475997925,-0.6900254487991333,5.192238807678223,4,-1.204992651939392,-0.551279604434967,-1.152233362197876,-0.5672625303268433,-1.2305991649627686,-0.5193750858306885,-1.2321451902389526,-0.5672012567520142,0.06268613040447235,0.03967376425862312,0.048913367092609406,0.4754558205604553,0.021223217248916626,0.07184646278619766,0.029759734869003296,0.01693078875541687,0.21442443132400513,0.01908629573881626
19,DZA,Algeria,2019,-1.3506704568862915,-0.30387163162231445,5.192238807678223,4,-1.204992651939392,-0.551279604434967,-1.152233362197876,-0.5672625303268433,-1.2305991649627686,-0.5193750858306885,-1.2321451902389526,-0.5672012567520142,0.06268613040447235,0.03967376425862312,0.048913367092609406,0.4754558205604553,0.021223217248916626,0.07184646278619766,0.029759734869003296,0.01693078875541687,0.21442443132400513,0.01908629573881626
19,DZA,Algeria,2020,-1.4138250350952148,-0.5065150260925293,5.192238807678223,4,-1.204992651939392,-0.551279604434967,-1.152233362197876,-0.5672625303268433,-1.2305991649627686,-0.5193750858306885,-1.2321451902389526,-0.5672012567520142,0.06268613040447235,0.03967376425862312,0.048913367092609406,0.4754558205604553,0.021223217248916626,0.07184646278619766,0.029759734869003296,0.01693078875541687,0.21442443132400513,0.01908629573881626
19,DZA,Algeria,2021,-1.0506858825683594,-0.36247241497039795,5.192238807678223,4,-1.204992651939392,-0.551279604434967,-1.152233362197876,-0.5672625303268433,-1.2305991649627686,-0.5193750858306885,-1.2321451902389526,-0.5672012567520142,0.06268613040447235,0.03967376425862312,0.048913367092609406,0.4754558205604553,0.021223217248916626,0.07184646278619766,0.029759734869003296,0.01693078875541687,0.21442443132400513,0.01908629573881626
19,DZA,Algeria,2022,-1.0033199787139893,-0.24992282688617706,5.192238807678223,4,-1.204992651939392,-0.551279604434967,-1.152233362197876,-0.5672625303268433,-1.2305991649627686,-0.5193750858306885,-1.2321451902389526,-0.5672012567520142,0.06268613040447235,0.03967376425862312,0.048913367092609406,0.4754558205604553,0.021223217248916626,0.07184646278619766,0.029759734869003296,0.01693078875541687,0.21442443132400513,0.01908629573881626
19,DZA,Algeria,2023,-1.0033199787139893,-0.2761117219924927,5.192238807678223,4,-1.204992651939392,-0.551279604434967,-1.152233362197876,-0.5672625303268433,-1.2305991649627686,-0.5193750858306885,-1.2321451902389526,-0.5672012567520142,0.06268613040447235,0.03967376425862312,0.048913367092609406,0.4754558205604553,0.021223217248916626,0.07184646278619766,0.029759734869003296,0.01693078875541687,0.21442443132400513,0.01908629573881626
20,ECU,Ecuador,2018,-1.1428673267364502,0.9962063431739807,5.192287445068359,4,-1.2054944038391113,-0.5286734104156494,-1.1715943813323975,-0.5440009236335754,-1.2544611692428589,-0.4980771839618683,-1.1904276609420776,-0.5439421534538269,0.06271662563085556,0.03940451517701149,0.04901669919490814,0.4755778908729553,0.02119266241788864,0.07190132141113281,0.02995387464761734,0.01691104657948017,0.21419116854667664,0.019134284928441048
20,ECU,Ecuador,2019,-1.7627936601638794,1.127323031425476,5.192287445068359,4,-1.2054944038391113,-0.5286734104156494,-1.1715943813323975,-0.5440009236335754,-1.2544611692428589,-0.4980771839618683,-1.1904276609420776,-0.5439421534538269,0.06271662563085556,0.03940451517701149,0.04901669919490814,0.4755778908729553,0.02119266241788864,0.07190132141113281,0.02995387464761734,0.01691104657948017,0.21419116854667664,0.019134284928441048
20,ECU,Ecuador,2020,-1.9658561944961548,1.081874966621399,5.192287445068359,4,-1.2054944038391113,-0.5286734104156494,-1.1715943813323975,-0.5440009236335754,-1.2544611692428589,-0.4980771839618683,-1.1904276609420776,-0.5439421534538269,0.06271662563085556,0.03940451517701149,0.04901669919490814,0.4755778908729553,0.02119266241788864,0.07190132141113281,0.02995387464761734,0.01691104657948017,0.21419116854667664,0.019134284928441048
20,ECU,Ecuador,2021,-2.1342613697052,1.0994120836257935,5.192287445068359,4,-1.2054944038391113,-0.5286734104156494,-1.1715943813323975,-0.5440009236335754,-1.2544611692428589,-0.4980771839618683,-1.1904276609420776,-0.5439421534538269,0.06271662563085556,0.03940451517701149,0.04901669919490814,0.4755778908729553,0.02119266241788864,0.07190132141113281,0.02995387464761734,0.01691104657948017,0.21419116854667664,0.019134284928441048
20,ECU,Ecuador,2022,-1.612612009048462,1.1945799589157104,5.192287445068359,4,-1.2054944038391113,-0.5286734104156494,-1.1715943813323975,-0.5440009236335754,-1.2544611692428589,-0.4980771839618683,-1.1904276609420776,-0.5439421534538269,0.06271662563085556,0.03940451517701149,0.04901669919490814,0.4755778908729553,0.02119266241788864,0.07190132141113281,0.02995387464761734,0.01691104657948017,0.21419116854667664,0.019134284928441048
20,ECU,Ecuador,2023,-1.6925028562545776,1.2121199369430542,5.192287445068359,4,-1.2054944038391113,-0.5286734104156494,-1.1715943813323975,-0.5440009236335754,-1.2544611692428589,-0.4980771839618683,-1.1904276609420776,-0.5439421534538269,0.06271662563085556,0.03940451517701149,0.04901669919490814,0.4755778908729553,0.02119266241788864,0.07190132141113281,0.02995387464761734,0.01691104657948017,0.21419116854667664,0.019134284928441048
21,EGY,Egypt,2018,1.8549280166625977,0.9951629638671875,5.192009925842285,4,-0.7224758267402649,-0.6342301964759827,-0.816137969493866,-0.6526180505752563,-0.7838069200515747,-0.5975250601768494,-0.5674826502799988,-0.6525475382804871,0.06258107721805573,0.040680352598428726,0.04854229837656021,0.4749608337879181,0.02133922465145588,0.07164876908063889,0.029063180088996887,0.017005864530801773,0.21526455879211426,0.018913881853222847
21,EGY,Egypt,2019,1.397194504737854,1.2142963409423828,5.192009925842285,4,-0.7224758267402649,-0.6342301964759827,-0.816137969493866,-0.6526180505752563,-0.7838069200515747,-0.5975250601768494,-0.5674826502799988,-0.6525475382804871,0.06258107721805573,0.040680352598428726,0.04854229837656021,0.4749608337879181,0.02133922465145588,0.07164876908063889,0.029063180088996887,0.017005864530801773,0.21526455879211426,0.018913881853222847
21,EGY,Egypt,2020,0.7784237861633301,1.3125940561294556,5.192009925842285,4,-0.7224758267402649,-0.6342301964759827,-0.816137969493866,-0.6526180505752563,-0.7838069200515747,-0.5975250601768494,-0.5674826502799988,-0.6525475382804871,0.06258107721805573,0.040680352598428726,0.04854229837656021,0.4749608337879181,0.02133922465145588,0.07164876908063889,0.029063180088996887,0.017005864530801773,0.21526455879211426,0.018913881853222847
21,EGY,Egypt,2021,0.7313584089279175,1.3632553815841675,5.192009925842285,4,-0.7224758267402649,-0.6342301964759827,-0.816137969493866,-0.6526180505752563,-0.7838069200515747,-0.5975250601768494,-0.5674826502799988,-0.6525475382804871,0.06258107721805573,0.040680352598428726,0.04854229837656021,0.4749608337879181,0.02133922465145588,0.07164876908063889,0.029063180088996887,0.017005864530801773,0.21526455879211426,0.018913881853222847
21,EGY,Egypt,2022,0.8227205872535706,1.3783029317855835,5.192009925842285,4,-0.7224758267402649,-0.6342301964759827,-0.816137969493866,-0.6526180505752563,-0.7838069200515747,-0.5975250601768494,-0.5674826502799988,-0.6525475382804871,0.06258107721805573,0.040680352598428726,0.04854229837656021,0.4749608337879181,0.02133922465145588,0.07164876908063889,0.029063180088996887,0.017005864530801773,0.21526455879211426,0.018913881853222847
21,EGY,Egypt,2023,0.880398690700531,1.3527382612228394,5.192009925842285,4,-0.7224758267402649,-0.6342301964759827,-0.816137969493866,-0.6526180505752563,-0.7838069200515747,-0.5975250601768494,-0.5674826502799988,-0.6525475382804871,0.06258107721805573,0.040680352598428726,0.04854229837656021,0.4749608337879181,0.02133922465145588,0.07164876908063889,0.029063180088996887,0.017005864530801773,0.21526455879211426,0.018913881853222847
22,ESP,Spain,2018,-2.3918983936309814,0.3659791350364685,5.187243461608887,4,0.789492130279541,1.0588082075119019,0.8293587565422058,1.0895054340362549,0.796362042427063,0.9975312948226929,0.7427557706832886,1.0893880128860474,0.06689755618572235,0.025287257507443428,0.05876796692609787,0.46923163533210754,0.020164931192994118,0.0767691358923912,0.049099743366241455,0.01630415953695774,0.19380585849285126,0.023671753704547882
22,ESP,Spain,2019,-3.220625877380371,0.2637271285057068,5.187243461608887,4,0.789492130279541,1.0588082075119019,0.8293587565422058,1.0895054340362549,0.796362042427063,0.9975312948226929,0.7427557706832886,1.0893880128860474,0.06689755618572235,0.025287257507443428,0.05876796692609787,0.46923163533210754,0.020164931192994118,0.0767691358923912,0.049099743366241455,0.01630415953695774,0.19380585849285126,0.023671753704547882
22,ESP,Spain,2020,-4.112740993499756,0.19301475584506989,5.187243461608887,4,0.789492130279541,1.0588082075119019,0.8293587565422058,1.0895054340362549,0.796362042427063,0.9975312948226929,0.7427557706832886,1.0893880128860474,0.06689755618572235,0.025287257507443428,0.05876796692609787,0.46923163533210754,0.020164931192994118,0.0767691358923912,0.049099743366241455,0.01630415953695774,0.19380585849285126,0.023671753704547882
22,ESP,Spain,2021,-4.21701192855835,0.11325894296169281,5.187243461608887,4,0.789492130279541,1.0588082075119019,0.8293587565422058,1.0895054340362549,0.796362042427063,0.9975312948226929,0.7427557706832886,1.0893880128860474,0.06689755618572235,0.025287257507443428,0.05876796692609787,0.46923163533210754,0.020164931192994118,0.0767691358923912,0.049099743366241455,0.01630415953695774,0.19380585849285126,0.023671753704547882
22,ESP,Spain,2022,-3.774611234664917,0.15725620090961456,5.187243461608887,4,0.789492130279541,1.0588082075119019,0.8293587565422058,1.0895054340362549,0.796362042427063,0.9975312948226929,0.7427557706832886,1.0893880128860474,0.06689755618572235,0.025287257507443428,0.05876796692609787,0.46923163533210754,0.020164931192994118,0.0767691358923912,0.049099743366241455,0.01630415953695774,0.19380585849285126,0.023671753704547882
22,ESP,Spain,2023,-4.671977519989014,0.13916082680225372,5.187243461608887,4,0.789492130279541,1.0588082075119019,0.8293587565422058,1.0895054340362549,0.796362042427063,0.9975312948226929,0.7427557706832886,1.0893880128860474,0.06689755618572235,0.025287257507443428,0.05876796692609787,0.46923163533210754,0.020164931192994118,0.0767691358923912,0.049099743366241455,0.01630415953695774,0.19380585849285126,0.023671753704547882
23,EST,Estonia,2018,-4.833373069763184,-0.3918037414550781,5.187721252441406,4,0.5303884744644165,0.9469752311706543,0.3051801919937134,0.9744301438331604,0.8016892075538635,0.8921704292297363,0.48429596424102783,0.9743251204490662,0.06647511571645737,0.026012839749455452,0.05791863426566124,0.47067537903785706,0.020168274641036987,0.0763692632317543,0.047347359359264374,0.0162979643791914,0.19546103477478027,0.0232741367071867
23,EST,Estonia,2019,-9.96490478515625,-0.4193686842918396,5.187721252441406,4,0.5303884744644165,0.9469752311706543,0.3051801919937134,0.9744301438331604,0.8016892075538635,0.8921704292297363,0.48429596424102783,0.9743251204490662,0.06647511571645737,0.026012839749455452,0.05791863426566124,0.47067537903785706,0.020168274641036987,0.0763692632317543,0.047347359359264374,0.0162979643791914,0.19546103477478027,0.0232741367071867
23,EST,Estonia,2020,-18.38939094543457,-0.49676620960235596,5.187721252441406,4,0.5303884744644165,0.9469752311706543,0.3051801919937134,0.9744301438331604,0.8016892075538635,0.8921704292297363,0.48429596424102783,0.9743251204490662,0.06647511571645737,0.026012839749455452,0.05791863426566124,0.47067537903785706,0.020168274641036987,0.0763692632317543,0.047347359359264374,0.0162979643791914,0.19546103477478027,0.0232741367071867
23,EST,Estonia,2021,-14.705828666687012,-0.5419036746025085,5.187721252441406,4,0.5303884744644165,0.9469752311706543,0.3051801919937134,0.9744301438331604,0.8016892075538635,0.8921704292297363,0.48429596424102783,0.9743251204490662,0.06647511571645737,0.026012839749455452,0.05791863426566124,0.47067537903785706,0.020168274641036987,0.0763692632317543,0.047347359359264374,0.0162979643791914,0.19546103477478027,0.0232741367071867
23,EST,Estonia,2022,-11.738649368286133,-0.594963550567627,5.187721252441406,4,0.5303884744644165,0.9469752311706543,0.3051801919937134,0.9744301438331604,0.8016892075538635,0.8921704292297363,0.48429596424102783,0.9743251204490662,0.06647511571645737,0.026012839749455452,0.05791863426566124,0.47067537903785706,0.020168274641036987,0.0763692632317543,0.047347359359264374,0.0162979643791914,0.19546103477478027,0.0232741367071867
23,EST,Estonia,2023,-19.71649742126465,-0.6005969047546387,5.187721252441406,4,0.5303884744644165,0.9469752311706543,0.3051801919937134,0.9744301438331604,0.8016892075538635,0.8921704292297363,0.48429596424102783,0.9743251204490662,0.06647511571645737,0.026012839749455452,0.05791863426566124,0.47067537903785706,0.020168274641036987,0.0763692632317543,0.047347359359264374,0.0162979643791914,0.19546103477478027,0.0232741367071867
24,FIN,Finland,2018,-2.4947378635406494,0.6638585329055786,5.187713623046875,4,1.5118976831436157,0.9487364888191223,1.5876092910766602,0.9762424826622009,1.3751853704452515,0.8938298225402832,1.572898507118225,0.9761372804641724,0.06648163497447968,0.026001134887337685,0.0579318143427372,0.47065386176109314,0.020168142393231392,0.07637551426887512,0.047374427318573,0.016298003494739532,0.19543518126010895,0.02328030951321125
24,FIN,Finland,2019,-3.0343379974365234,0.43257904052734375,5.187713623046875,4,1.5118976831436157,0.9487364888191223,1.5876092910766602,0.9762424826622009,1.3751853704452515,0.8938298225402832,1.572898507118225,0.9761372804641724,0.06648163497447968,0.026001134887337685,0.0579318143427372,0.47065386176109314,0.020168142393231392,0.07637551426887512,0.047374427318573,0.016298003494739532,0.19543518126010895,0.02328030951321125
24,FIN,Finland,2020,-4.05517578125,0.2877695560455322,5.187713623046875,4,1.5118976831436157,0.9487364888191223,1.5876092910766602,0.9762424826622009,1.3751853704452515,0.8938298225402832,1.572898507118225,0.9761372804641724,0.06648163497447968,0.026001134887337685,0.0579318143427372,0.47065386176109314,0.020168142393231392,0.07637551426887512,0.047374427318573,0.016298003494739532,0.19543518126010895,0.02328030951321125
24,FIN,Finland,2021,-3.9226253032684326,0.2156999558210373,5.187713623046875,4,1.5118976831436157,0.9487364888191223,1.5876092910766602,0.9762424826622009,1.3751853704452515,0.8938298225402832,1.572898507118225,0.9761372804641724,0.06648163497447968,0.026001134887337685,0.0579318143427372,0.47065386176109314,0.020168142393231392,0.07637551426887512,0.047374427318573,0.016298003494739532,0.19543518126010895,0.02328030951321125
24,FIN,Finland,2022,-4.062594890594482,0.13048264384269714,5.187713623046875,4,1.5118976831436157,0.9487364888191223,1.5876092910766602,0.9762424826622009,1.3751853704452515,0.8938298225402832,1.572898507118225,0.9761372804641724,0.06648163497447968,0.026001134887337685,0.0579318143427372,0.47065386176109314,0.020168142393231392,0.07637551426887512,0.047374427318573,0.016298003494739532,0.19543518126010895,0.02328030951321125
24,FIN,Finland,2023,-5.2590131759643555,0.0928279310464859,5.187713623046875,4,1.5118976831436157,0.9487364888191223,1.5876092910766602,0.9762424826622009,1.3751853704452515,0.8938298225402832,1.572898507118225,0.9761372804641724,0.06648163497447968,0.026001134887337685,0.0579318143427372,0.47065386176109314,0.020168142393231392,0.07637551426887512,0.047374427318573,0.016298003494739532,0.19543518126010895,0.02328030951321125
25,FRA,France,2018,-2.937512159347534,-0.017763987183570862,5.1876397132873535,4,0.8883405327796936,0.965286910533905,1.0859564542770386,0.9932726621627808,0.6707704067230225,0.9094222784042358,0.9082947969436646,0.9931656122207642,0.06654307246208191,0.025891665369272232,0.05805607885122299,0.4704493582248688,0.02016706019639969,0.07643428444862366,0.047629691660404205,0.016298498958349228,0.1951918601989746,0.0233384408056736
25,FRA,France,2019,-2.957599639892578,-0.09436501562595367,5.1876397132873535,4,0.8883405327796936,0.965286910533905,1.0859564542770386,0.9932726621627808,0.6707704067230225,0.9094222784042358,0.9082947969436646,0.9931656122207642,0.06654307246208191,0.025891665369272232,0.05805607885122299,0.4704493582248688,0.02016706019639969,0.07643428444862366,0.047629691660404205,0.016298498958349228,0.1951918601989746,0.0233384408056736
25,FRA,France,2020,-3.0673086643218994,-0.21652205288410187,5.1876397132873535,4,0.8883405327796936,0.965286910533905,1.0859564542770386,0.9932726621627808,0.6707704067230225,0.9094222784042358,0.9082947969436646,0.9931656122207642,0.06654307246208191,0.025891665369272232,0.05805607885122299,0.4704493582248688,0.02016706019639969,0.07643428444862366,0.047629691660404205,0.016298498958349228,0.1951918601989746,0.0233384408056736
25,FRA,France,2021,-2.956054449081421,-0.18881310522556305,5.1876397132873535,4,0.8883405327796936,0.965286910533905,1.0859564542770386,0.9932726621627808,0.6707704067230225,0.9094222784042358,0.9082947969436646,0.9931656122207642,0.06654307246208191,0.025891665369272232,0.05805607885122299,0.4704493582248688,0.02016706019639969,0.07643428444862366,0.047629691660404205,0.016298498958349228,0.1951918601989746,0.0233384408056736
25,FRA,France,2022,-0.05572359263896942,-0.18002040684223175,5.1876397132873535,4,0.8883405327796936,0.965286910533905,1.0859564542770386,0.9932726621627808,0.6707704067230225,0.9094222784042358,0.9082947969436646,0.9931656122207642,0.06654307246208191,0.025891665369272232,0.05805607885122299,0.4704493582248688,0.02016706019639969,0.07643428444862366,0.047629691660404205,0.016298498958349228,0.1951918601989746,0.0233384408056736
25,FRA,France,2023,-3.9094398021698,-0.1944584995508194,5.1876397132873535,4,0.8883405327796936,0.965286910533905,1.0859564542770386,0.9932726621627808,0.6707704067230225,0.9094222784042358,0.9082947969436646,0.9931656122207642,0.06654307246208191,0.025891665369272232,0.05805607885122299,0.4704493582248688,0.02016706019639969,0.07643428444862366,0.047629691660404205,0.016298498958349228,0.1951918601989746,0.0233384408056736
26,GBR,United Kingdom,2018,-11.656635284423828,1.1944659948349,5.187326431274414,4,1.2583589553833008,1.0386098623275757,1.1897099018096924,1.0687215328216553,1.3614327907562256,0.9785018563270569,1.2239340543746948,1.0686062574386597,0.06681995838880539,0.025415781885385513,0.05861281976103783,0.4695035219192505,0.020164823159575462,0.07669644802808762,0.04877825453877449,0.016302531585097313,0.19410675764083862,0.02359906956553459
26,GBR,United Kingdom,2019,-12.48721694946289,1.025230884552002,5.187326431274414,4,1.2583589553833008,1.0386098623275757,1.1897099018096924,1.0687215328216553,1.3614327907562256,0.9785018563270569,1.2239340543746948,1.0686062574386597,0.06681995838880539,0.025415781885385513,0.05861281976103783,0.4695035219192505,0.020164823159575462,0.07669644802808762,0.04877825453877449,0.016302531585097313,0.19410675764083862,0.02359906956553459
26,GBR,United Kingdom,2020,-13.733572006225586,0.94490647315979,5.187326431274414,4,1.2583589553833008,1.0386098623275757,1.1897099018096924,1.0687215328216553,1.3614327907562256,0.9785018563270569,1.2239340543746948,1.0686062574386597,0.06681995838880539,0.025415781885385513,0.05861281976103783,0.4695035219192505,0.020164823159575462,0.07669644802808762,0.04877825453877449,0.016302531585097313,0.19410675764083862,0.02359906956553459
26,GBR,United Kingdom,2021,-12.55033016204834,0.8814958930015564,5.187326431274414,4,1.2583589553833008,1.0386098623275757,1.1897099018096924,1.0687215328216553,1.3614327907562256,0.9785018563270569,1.2239340543746948,1.0686062574386597,0.06681995838880539,0.025415781885385513,0.05861281976103783,0.4695035219192505,0.020164823159575462,0.07669644802808762,0.04877825453877449,0.016302531585097313,0.19410675764083862,0.02359906956553459
26,GBR,United Kingdom,2022,-13.13424301147461,0.8420885801315308,5.187326431274414,4,1.2583589553833008,1.0386098623275757,1.1897099018096924,1.0687215328216553,1.3614327907562256,0.9785018563270569,1.2239340543746948,1.0686062574386597,0.06681995838880539,0.025415781885385513,0.05861281976103783,0.4695035219192505,0.020164823159575462,0.07669644802808762,0.04877825453877449,0.016302531585097313,0.19410675764083862,0.02359906956553459
26,GBR,United Kingdom,2023,-14.066479682922363,0.8165754079818726,5.187326431274414,4,1.2583589553833008,1.0386098623275757,1.1897099018096924,1.0687215328216553,1.3614327907562256,0.9785018563270569,1.2239340543746948,1.0686062574386597,0.06681995838880539,0.025415781885385513,0.05861281976103783,0.4695035219192505,0.020164823159575462,0.07669644802808762,0.04877825453877449,0.016302531585097313,0.19410675764083862,0.02359906956553459
27,GRC,Greece,2018,-5.507160186767578,-0.6281936168670654,5.191829204559326,4,0.21050052344799042,0.02942992001771927,0.004785913974046707,0.030283110216259956,0.24354657530784607,0.02772671915590763,0.3831690847873688,0.03027992881834507,0.06372780352830887,0.03341711312532425,0.05187671631574631,0.47676944732666016,0.02058262564241886,0.07339150458574295,0.03537669777870178,0.01652313955128193,0.20787350833415985,0.02046133205294609
27,GRC,Greece,2019,-6.582149982452393,-0.5483017563819885,5.191829204559326,4,0.21050052344799042,0.02942992001771927,0.004785913974046707,0.030283110216259956,0.24354657530784607,0.02772671915590763,0.3831690847873688,0.03027992881834507,0.06372780352830887,0.03341711312532425,0.05187671631574631,0.47676944732666016,0.02058262564241886,0.07339150458574295,0.03537669777870178,0.01652313955128193,0.20787350833415985,0.02046133205294609
27,GRC,Greece,2020,-8.231910705566406,-0.5908477902412415,5.191829204559326,4,0.21050052344799042,0.02942992001771927,0.004785913974046707,0.030283110216259956,0.24354657530784607,0.02772671915590763,0.3831690847873688,0.03027992881834507,0.06372780352830887,0.03341711312532425,0.05187671631574631,0.47676944732666016,0.02058262564241886,0.07339150458574295,0.03537669777870178,0.01652313955128193,0.20787350833415985,0.02046133205294609
27,GRC,Greece,2021,-9.12386703491211,-0.617951512336731,5.191829204559326,4,0.21050052344799042,0.02942992001771927,0.004785913974046707,0.030283110216259956,0.24354657530784607,0.02772671915590763,0.3831690847873688,0.03027992881834507,0.06372780352830887,0.03341711312532425,0.05187671631574631,0.47676944732666016,0.02058262564241886,0.07339150458574295,0.03537669777870178,0.01652313955128193,0.20787350833415985,0.02046133205294609
27,GRC,Greece,2022,-9.264490127563477,-0.6486637592315674,5.191829204559326,4,0.21050052344799042,0.02942992001771927,0.004785913974046707,0.030283110216259956,0.24354657530784607,0.02772671915590763,0.3831690847873688,0.03027992881834507,0.06372780352830887,0.03341711312532425,0.05187671631574631,0.47676944732666016,0.02058262564241886,0.07339150458574295,0.03537669777870178,0.01652313955128193,0.20787350833415985,0.02046133205294609
27,GRC,Greece,2023,-10.155776977539062,-0.6863259673118591,5.191829204559326,4,0.21050052344799042,0.02942992001771927,0.004785913974046707,0.030283110216259956,0.24354657530784607,0.02772671915590763,0.3831690847873688,0.03027992881834507,0.06372780352830887,0.03341711312532425,0.05187671631574631,0.47676944732666016,0.02058262564241886,0.07339150458574295,0.03537669777870178,0.01652313955128193,0.20787350833415985,0.02046133205294609
28,HKG,Hong Kong,2018,-1.1459519863128662,1.5608621835708618,5.186980247497559,4,1.1223636865615845,1.1260758638381958,1.0890463590621948,1.1587233543395996,1.3811711072921753,1.060905933380127,0.8968734741210938,1.1585984230041504,0.06716009229421616,0.024867093190550804,0.059290140867233276,0.46829062700271606,0.02016753889620304,0.07701263576745987,0.05018637701869011,0.016311226412653923,0.1927976757287979,0.02391655184328556
28,HKG,Hong Kong,2019,-1.7272493839263916,1.3931931257247925,5.186980247497559,4,1.1223636865615845,1.1260758638381958,1.0890463590621948,1.1587233543395996,1.3811711072921753,1.060905933380127,0.8968734741210938,1.1585984230041504,0.06716009229421616,0.024867093190550804,0.059290140867233276,0.46829062700271606,0.02016753889620304,0.07701263576745987,0.05018637701869011,0.016311226412653923,0.1927976757287979,0.02391655184328556
28,HKG,Hong Kong,2020,-5.682636260986328,1.3043221235275269,5.186980247497559,4,1.1223636865615845,1.1260758638381958,1.0890463590621948,1.1587233543395996,1.3811711072921753,1.060905933380127,0.8968734741210938,1.1585984230041504,0.06716009229421616,0.024867093190550804,0.059290140867233276,0.46829062700271606,0.02016753889620304,0.07701263576745987,0.05018637701869011,0.016311226412653923,0.1927976757287979,0.02391655184328556
28,HKG,Hong Kong,2021,-5.362922668457031,1.2136176824569702,5.186980247497559,4,1.1223636865615845,1.1260758638381958,1.0890463590621948,1.1587233543395996,1.3811711072921753,1.060905933380127,0.8968734741210938,1.1585984230041504,0.06716009229421616,0.024867093190550804,0.059290140867233276,0.46829062700271606,0.02016753889620304,0.07701263576745987,0.05018637701869011,0.016311226412653923,0.1927976757287979,0.02391655184328556
28,HKG,Hong Kong,2022,-5.762137413024902,1.2009700536727905,5.186980247497559,4,1.1223636865615845,1.1260758638381958,1.0890463590621948,1.1587233543395996,1.3811711072921753,1.060905933380127,0.8968734741210938,1.1585984230041504,0.06716009229421616,0.024867093190550804,0.059290140867233276,0.46829062700271606,0.02016753889620304,0.07701263576745987,0.05018637701869011,0.016311226412653923,0.1927976757287979,0.02391655184328556
28,HKG,Hong Kong,2023,-5.774105072021484,1.1854315996170044,5.186980247497559,4,1.1223636865615845,1.1260758638381958,1.0890463590621948,1.1587233543395996,1.3811711072921753,1.060905933380127,0.8968734741210938,1.1585984230041504,0.06716009229421616,0.024867093190550804,0.059290140867233276,0.46829062700271606,0.02016753889620304,0.07701263576745987,0.05018637701869011,0.016311226412653923,0.1927976757287979,0.02391655184328556
29,HRV,Croatia,2018,-2.1691575050354004,0.6655783653259277,5.1888203620910645,4,-0.3481642007827759,-1.109991192817688,-0.2588765323162079,-1.1421724557876587,-0.3555670380592346,-1.0457521677017212,-0.4300490617752075,-1.1420491933822632,0.062178947031497955,0.04703553393483162,0.04664984345436096,0.4707469940185547,0.022121764719486237,0.07062208652496338,0.02551380731165409,0.017515400424599648,0.2195836752653122,0.01803189143538475
29,HRV,Croatia,2019,-1.4451857805252075,0.6138426065444946,5.1888203620910645,4,-0.3481642007827759,-1.109991192817688,-0.2588765323162079,-1.1421724557876587,-0.3555670380592346,-1.0457521677017212,-0.4300490617752075,-1.1420491933822632,0.062178947031497955,0.04703553393483162,0.04664984345436096,0.4707469940185547,0.022121764719486237,0.07062208652496338,0.02551380731165409,0.017515400424599648,0.2195836752653122,0.01803189143538475
29,HRV,Croatia,2020,-1.7230193614959717,0.5828216075897217,5.1888203620910645,4,-0.3481642007827759,-1.109991192817688,-0.2588765323162079,-1.1421724557876587,-0.3555670380592346,-1.0457521677017212,-0.4300490617752075,-1.1420491933822632,0.062178947031497955,0.04703553393483162,0.04664984345436096,0.4707469940185547,0.022121764719486237,0.07062208652496338,0.02551380731165409,0.017515400424599648,0.2195836752653122,0.01803189143538475
29,HRV,Croatia,2021,-2.0073060989379883,0.400640070438385,5.1888203620910645,4,-0.3481642007827759,-1.109991192817688,-0.2588765323162079,-1.1421724557876587,-0.3555670380592346,-1.0457521677017212,-0.4300490617752075,-1.1420491933822632,0.062178947031497955,0.04703553393483162,0.04664984345436096,0.4707469940185547,0.022121764719486237,0.07062208652496338,0.02551380731165409,0.017515400424599648,0.2195836752653122,0.01803189143538475
29,HRV,Croatia,2022,-1.4104783535003662,0.4192819595336914,5.1888203620910645,4,-0.3481642007827759,-1.109991192817688,-0.2588765323162079,-1.1421724557876587,-0.3555670380592346,-1.0457521677017212,-0.4300490617752075,-1.1420491933822632,0.062178947031497955,0.04703553393483162,0.04664984345436096,0.4707469940185547,0.022121764719486237,0.07062208652496338,0.02551380731165409,0.017515400424599648,0.2195836752653122,0.01803189143538475
29,HRV,Croatia,2023,-2.236304998397827,0.34259527921676636,5.1888203620910645,4,-0.3481642007827759,-1.109991192817688,-0.2588765323162079,-1.1421724557876587,-0.3555670380592346,-1.0457521677017212,-0.4300490617752075,-1.1420491933822632,0.062178947031497955,0.04703553393483162,0.04664984345436096,0.4707469940185547,0.022121764719486237,0.07062208652496338,0.02551380731165409,0.017515400424599648,0.2195836752653122,0.01803189143538475
30,HUN,Hungary,2018,-2.826733112335205,-1.017865538597107,5.188451766967773,4,0.43036317825317383,0.7898619771003723,0.30845627188682556,0.8127619028091431,0.5491956472396851,0.744149923324585,0.4334375858306885,0.8126742839813232,0.06591218709945679,0.027091696858406067,0.056765783578157425,0.4724474549293518,0.02018951065838337,0.07581909745931625,0.044998038560152054,0.016301192343235016,0.1977395862340927,0.022735469043254852
30,HUN,Hungary,2019,-3.2313930988311768,-0.9478870630264282,5.188451766967773,4,0.43036317825317383,0.7898619771003723,0.30845627188682556,0.8127619028091431,0.5491956472396851,0.744149923324585,0.4334375858306885,0.8126742839813232,0.06591218709945679,0.027091696858406067,0.056765783578157425,0.4724474549293518,0.02018951065838337,0.07581909745931625,0.044998038560152054,0.016301192343235016,0.1977395862340927,0.022735469043254852
30,HUN,Hungary,2020,-3.419083595275879,-0.951194167137146,5.188451766967773,4,0.43036317825317383,0.7898619771003723,0.30845627188682556,0.8127619028091431,0.5491956472396851,0.744149923324585,0.4334375858306885,0.8126742839813232,0.06591218709945679,0.027091696858406067,0.056765783578157425,0.4724474549293518,0.02018951065838337,0.07581909745931625,0.044998038560152054,0.016301192343235016,0.1977395862340927,0.022735469043254852
30,HUN,Hungary,2021,-3.8331387042999268,-0.9590034484863281,5.188451766967773,4,0.43036317825317383,0.7898619771003723,0.30845627188682556,0.8127619028091431,0.5491956472396851,0.744149923324585,0.4334375858306885,0.8126742839813232,0.06591218709945679,0.027091696858406067,0.056765783578157425,0.4724474549293518,0.02018951065838337,0.07581909745931625,0.044998038560152054,0.016301192343235016,0.1977395862340927,0.022735469043254852
30,HUN,Hungary,2022,-4.042897701263428,-0.9433923959732056,5.188451766967773,4,0.43036317825317383,0.7898619771003723,0.30845627188682556,0.8127619028091431,0.5491956472396851,0.744149923324585,0.4334375858306885,0.8126742839813232,0.06591218709945679,0.027091696858406067,0.056765783578157425,0.4724474549293518,0.02018951065838337,0.07581909745931625,0.044998038560152054,0.016301192343235016,0.1977395862340927,0.022735469043254852
30,HUN,Hungary,2023,-4.756733417510986,-0.910241961479187,5.188451766967773,4,0.43036317825317383,0.7898619771003723,0.30845627188682556,0.8127619028091431,0.5491956472396851,0.744149923324585,0.4334375858306885,0.8126742839813232,0.06591218709945679,0.027091696858406067,0.056765783578157425,0.4724474549293518,0.02018951065838337,0.07581909745931625,0.044998038560152054,0.016301192343235016,0.1977395862340927,0.022735469043254852
31,IDN,Indonesia,2018,2.64410662651062,0.939768373966217,5.191620826721191,4,-0.9561768174171448,-0.7328386306762695,-0.9402090311050415,-0.7540852427482605,-0.8002218008041382,-0.6904265880584717,-1.1280996799468994,-0.7540038824081421,0.06247000768780708,0.04191543534398079,0.048117496073246,0.474277138710022,0.02148507535457611,0.07142116129398346,0.028266604989767075,0.017100512981414795,0.21623031795024872,0.018716342747211456
31,IDN,Indonesia,2019,3.317753314971924,1.1148968935012817,5.191620826721191,4,-0.9561768174171448,-0.7328386306762695,-0.9402090311050415,-0.7540852427482605,-0.8002218008041382,-0.6904265880584717,-1.1280996799468994,-0.7540038824081421,0.06247000768780708,0.04191543534398079,0.048117496073246,0.474277138710022,0.02148507535457611,0.07142116129398346,0.028266604989767075,0.017100512981414795,0.21623031795024872,0.018716342747211456
31,IDN,Indonesia,2020,2.719416856765747,1.2539292573928833,5.191620826721191,4,-0.9561768174171448,-0.7328386306762695,-0.9402090311050415,-0.7540852427482605,-0.8002218008041382,-0.6904265880584717,-1.1280996799468994,-0.7540038824081421,0.06247000768780708,0.04191543534398079,0.048117496073246,0.474277138710022,0.02148507535457611,0.07142116129398346,0.028266604989767075,0.017100512981414795,0.21623031795024872,0.018716342747211456
31,IDN,Indonesia,2021,2.6682887077331543,1.2992087602615356,5.191620826721191,4,-0.9561768174171448,-0.7328386306762695,-0.9402090311050415,-0.7540852427482605,-0.8002218008041382,-0.6904265880584717,-1.1280996799468994,-0.7540038824081421,0.06247000768780708,0.04191543534398079,0.048117496073246,0.474277138710022,0.02148507535457611,0.07142116129398346,0.028266604989767075,0.017100512981414795,0.21623031795024872,0.018716342747211456
31,IDN,Indonesia,2022,2.0740978717803955,1.4030954837799072,5.191620826721191,4,-0.9561768174171448,-0.7328386306762695,-0.9402090311050415,-0.7540852427482605,-0.8002218008041382,-0.6904265880584717,-1.1280996799468994,-0.7540038824081421,0.06247000768780708,0.04191543534398079,0.048117496073246,0.474277138710022,0.02148507535457611,0.07142116129398346,0.028266604989767075,0.017100512981414795,0.21623031795024872,0.018716342747211456
31,IDN,Indonesia,2023,2.4188666343688965,1.4323009252548218,5.191620826721191,4,-0.9561768174171448,-0.7328386306762695,-0.9402090311050415,-0.7540852427482605,-0.8002218008041382,-0.6904265880584717,-1.1280996799468994,-0.7540038824081421,0.06247000768780708,0.04191543534398079,0.048117496073246,0.474277138710022,0.02148507535457611,0.07142116129398346,0.028266604989767075,0.017100512981414795,0.21623031795024872,0.018716342747211456
32,IND,India,2018,0.023883648216724396,-1.1932357549667358,5.192177772521973,4,-0.5800058245658875,-0.5769100785255432,-0.6757107377052307,-0.5936360359191895,-0.8220545053482056,-0.5435222387313843,-0.24225223064422607,-0.5935719013214111,0.06265253573656082,0.0399816520512104,0.0487973690032959,0.4753108024597168,0.021258408203721046,0.07178476452827454,0.02954188361763954,0.016953539103269577,0.21468669176101685,0.019032403826713562
32,IND,India,2019,-1.7109887599945068,-0.9617267847061157,5.192177772521973,4,-0.5800058245658875,-0.5769100785255432,-0.6757107377052307,-0.5936360359191895,-0.8220545053482056,-0.5435222387313843,-0.24225223064422607,-0.5935719013214111,0.06265253573656082,0.0399816520512104,0.0487973690032959,0.4753108024597168,0.021258408203721046,0.07178476452827454,0.02954188361763954,0.016953539103269577,0.21468669176101685,0.019032403826713562
32,IND,India,2020,-2.832286834716797,-0.735201895236969,5.192177772521973,4,-0.5800058245658875,-0.5769100785255432,-0.6757107377052307,-0.5936360359191895,-0.8220545053482056,-0.5435222387313843,-0.24225223064422607,-0.5935719013214111,0.06265253573656082,0.0399816520512104,0.0487973690032959,0.4753108024597168,0.021258408203721046,0.07178476452827454,0.02954188361763954,0.016953539103269577,0.21468669176101685,0.019032403826713562
32,IND,India,2021,-2.1478464603424072,-0.5755312442779541,5.192177772521973,4,-0.5800058245658875,-0.5769100785255432,-0.6757107377052307,-0.5936360359191895,-0.8220545053482056,-0.5435222387313843,-0.24225223064422607,-0.5935719013214111,0.06265253573656082,0.0399816520512104,0.0487973690032959,0.4753108024597168,0.021258408203721046,0.07178476452827454,0.02954188361763954,0.016953539103269577,0.21468669176101685,0.019032403826713562
32,IND,India,2022,-2.8932855129241943,-0.39933621883392334,5.192177772521973,4,-0.5800058245658875,-0.5769100785255432,-0.6757107377052307,-0.5936360359191895,-0.8220545053482056,-0.5435222387313843,-0.24225223064422607,-0.5935719013214111,0.06265253573656082,0.0399816520512104,0.0487973690032959,0.4753108024597168,0.021258408203721046,0.07178476452827454,0.02954188361763954,0.016953539103269577,0.21468669176101685,0.019032403826713562
32,IND,India,2023,-2.182831048965454,-0.28207314014434814,5.192177772521973,4,-0.5800058245658875,-0.5769100785255432,-0.6757107377052307,-0.5936360359191895,-0.8220545053482056,-0.5435222387313843,-0.24225223064422607,-0.5935719013214111,0.06265253573656082,0.0399816520512104,0.0487973690032959,0.4753108024597168,0.021258408203721046,0.07178476452827454,0.02954188361763954,0.016953539103269577,0.21468669176101685,0.019032403826713562
33,IRL,Ireland,2018,-3.2219769954681396,0.03326462209224701,5.187394142150879,4,1.125100016593933,1.022567629814148,0.9071259498596191,1.0522141456604004,1.2676217555999756,0.9633880853652954,1.2005521059036255,1.0521007776260376,0.06675872951745987,0.025518639013171196,0.058490145951509476,0.46971604228019714,0.020164959132671356,0.07663886249065399,0.04852449521422386,0.016301389783620834,0.1943451464176178,0.02354162186384201
33,IRL,Ireland,2019,-3.9652493000030518,-0.21245203912258148,5.187394142150879,4,1.125100016593933,1.022567629814148,0.9071259498596191,1.0522141456604004,1.2676217555999756,0.9633880853652954,1.2005521059036255,1.0521007776260376,0.06675872951745987,0.025518639013171196,0.058490145951509476,0.46971604228019714,0.020164959132671356,0.07663886249065399,0.04852449521422386,0.016301389783620834,0.1943451464176178,0.02354162186384201
33,IRL,Ireland,2020,-4.2647223472595215,-0.3306354284286499,5.187394142150879,4,1.125100016593933,1.022567629814148,0.9071259498596191,1.0522141456604004,1.2676217555999756,0.9633880853652954,1.2005521059036255,1.0521007776260376,0.06675872951745987,0.025518639013171196,0.058490145951509476,0.46971604228019714,0.020164959132671356,0.07663886249065399,0.04852449521422386,0.016301389783620834,0.1943451464176178,0.02354162186384201
33,IRL,Ireland,2021,-3.373614549636841,-0.41904157400131226,5.187394142150879,4,1.125100016593933,1.022567629814148,0.9071259498596191,1.0522141456604004,1.2676217555999756,0.9633880853652954,1.2005521059036255,1.0521007776260376,0.06675872951745987,0.025518639013171196,0.058490145951509476,0.46971604228019714,0.020164959132671356,0.07663886249065399,0.04852449521422386,0.016301389783620834,0.1943451464176178,0.02354162186384201
33,IRL,Ireland,2022,-3.6817150115966797,-0.48270100355148315,5.187394142150879,4,1.125100016593933,1.022567629814148,0.9071259498596191,1.0522141456604004,1.2676217555999756,0.9633880853652954,1.2005521059036255,1.0521007776260376,0.06675872951745987,0.025518639013171196,0.058490145951509476,0.46971604228019714,0.020164959132671356,0.07663886249065399,0.04852449521422386,0.016301389783620834,0.1943451464176178,0.02354162186384201
33,IRL,Ireland,2023,-4.387845516204834,-0.5115026831626892,5.187394142150879,4,1.125100016593933,1.022567629814148,0.9071259498596191,1.0522141456604004,1.2676217555999756,0.9633880853652954,1.2005521059036255,1.0521007776260376,0.06675872951745987,0.025518639013171196,0.058490145951509476,0.46971604228019714,0.020164959132671356,0.07663886249065399,0.04852449521422386,0.016301389783620834,0.1943451464176178,0.02354162186384201
34,IRN,Iran,2018,0.18575511872768402,-0.6104809045791626,5.192383766174316,4,-1.425826907157898,-0.4692600667476654,-1.0039883852005005,-0.48286500573158264,-1.918333888053894,-0.442102313041687,-1.3551583290100098,-0.4828128516674042,0.0628005787730217,0.038707129657268524,0.04929279536008835,0.4758719503879547,0.021114524453878403,0.07204754650592804,0.0304730162024498,0.016860652714967728,0.21356934309005737,0.019262487068772316
34,IRN,Iran,2019,-3.3282368183135986,-0.4042130708694458,5.192383766174316,4,-1.425826907157898,-0.4692600667476654,-1.0039883852005005,-0.48286500573158264,-1.918333888053894,-0.442102313041687,-1.3551583290100098,-0.4828128516674042,0.0628005787730217,0.038707129657268524,0.04929279536008835,0.4758719503879547,0.021114524453878403,0.07204754650592804,0.0304730162024498,0.016860652714967728,0.21356934309005737,0.019262487068772316
34,IRN,Iran,2020,-1.5740487575531006,-0.36997276544570923,5.192383766174316,4,-1.425826907157898,-0.4692600667476654,-1.0039883852005005,-0.48286500573158264,-1.918333888053894,-0.442102313041687,-1.3551583290100098,-0.4828128516674042,0.0628005787730217,0.038707129657268524,0.04929279536008835,0.4758719503879547,0.021114524453878403,0.07204754650592804,0.0304730162024498,0.016860652714967728,0.21356934309005737,0.019262487068772316
34,IRN,Iran,2021,0.32263654470443726,-0.39200496673583984,5.192383766174316,4,-1.425826907157898,-0.4692600667476654,-1.0039883852005005,-0.48286500573158264,-1.918333888053894,-0.442102313041687,-1.3551583290100098,-0.4828128516674042,0.0628005787730217,0.038707129657268524,0.04929279536008835,0.4758719503879547,0.021114524453878403,0.07204754650592804,0.0304730162024498,0.016860652714967728,0.21356934309005737,0.019262487068772316
34,IRN,Iran,2022,0.009564151056110859,-0.23859192430973053,5.192383766174316,4,-1.425826907157898,-0.4692600667476654,-1.0039883852005005,-0.48286500573158264,-1.918333888053894,-0.442102313041687,-1.3551583290100098,-0.4828128516674042,0.0628005787730217,0.038707129657268524,0.04929279536008835,0.4758719503879547,0.021114524453878403,0.07204754650592804,0.0304730162024498,0.016860652714967728,0.21356934309005737,0.019262487068772316
34,IRN,Iran,2023,-0.9724723696708679,-0.1688966006040573,5.192383766174316,4,-1.425826907157898,-0.4692600667476654,-1.0039883852005005,-0.48286500573158264,-1.918333888053894,-0.442102313041687,-1.3551583290100098,-0.4828128516674042,0.0628005787730217,0.038707129657268524,0.04929279536008835,0.4758719503879547,0.021114524453878403,0.07204754650592804,0.0304730162024498,0.016860652714967728,0.21356934309005737,0.019262487068772316
35,IRQ,Iraq,2018,1.4125878810882568,-0.644483745098114,5.192460536956787,4,-2.0568058490753174,-0.34706130623817444,-2.0972113609313965,-0.357123464345932,-2.079011917114258,-0.32697564363479614,-1.9941946268081665,-0.35708487033843994,0.06299081444740295,0.03731890767812729,0.049881551414728165,0.47635409235954285,0.020963717252016068,0.07235759496688843,0.03158250451087952,0.01676379330456257,0.21225127577781677,0.019535738974809647
35,IRQ,Iraq,2019,1.0280742645263672,-0.37201380729675293,5.192460536956787,4,-2.0568058490753174,-0.34706130623817444,-2.0972113609313965,-0.357123464345932,-2.079011917114258,-0.32697564363479614,-1.9941946268081665,-0.35708487033843994,0.06299081444740295,0.03731890767812729,0.049881551414728165,0.47635409235954285,0.020963717252016068,0.07235759496688843,0.03158250451087952,0.01676379330456257,0.21225127577781677,0.019535738974809647
35,IRQ,Iraq,2020,1.1829884052276611,-0.2560938000679016,5.192460536956787,4,-2.0568058490753174,-0.34706130623817444,-2.0972113609313965,-0.357123464345932,-2.079011917114258,-0.32697564363479614,-1.9941946268081665,-0.35708487033843994,0.06299081444740295,0.03731890767812729,0.049881551414728165,0.47635409235954285,0.020963717252016068,0.07235759496688843,0.03158250451087952,0.01676379330456257,0.21225127577781677,0.019535738974809647
35,IRQ,Iraq,2021,1.2868479490280151,-0.2101777046918869,5.192460536956787,4,-2.0568058490753174,-0.34706130623817444,-2.0972113609313965,-0.357123464345932,-2.079011917114258,-0.32697564363479614,-1.9941946268081665,-0.35708487033843994,0.06299081444740295,0.03731890767812729,0.049881551414728165,0.47635409235954285,0.020963717252016068,0.07235759496688843,0.03158250451087952,0.01676379330456257,0.21225127577781677,0.019535738974809647
35,IRQ,Iraq,2022,1.606886863708496,-0.21417735517024994,5.192460536956787,4,-2.0568058490753174,-0.34706130623817444,-2.0972113609313965,-0.357123464345932,-2.079011917114258,-0.32697564363479614,-1.9941946268081665,-0.35708487033843994,0.06299081444740295,0.03731890767812729,0.049881551414728165,0.47635409235954285,0.020963717252016068,0.07235759496688843,0.03158250451087952,0.01676379330456257,0.21225127577781677,0.019535738974809647
35,IRQ,Iraq,2023,1.6270170211791992,-0.2548438310623169,5.192460536956787,4,-2.0568058490753174,-0.34706130623817444,-2.0972113609313965,-0.357123464345932,-2.079011917114258,-0.32697564363479614,-1.9941946268081665,-0.35708487033843994,0.06299081444740295,0.03731890767812729,0.049881551414728165,0.47635409235954285,0.020963717252016068,0.07235759496688843,0.03158250451087952,0.01676379330456257,0.21225127577781677,0.019535738974809647
36,ISL,Iceland,2018,2.5240752696990967,1.6105202436447144,5.187885284423828,4,1.1885734796524048,0.9104476571083069,1.2342337369918823,0.9368435740470886,0.9549963474273682,0.8577568531036377,1.376490592956543,0.9367426037788391,0.06634102016687393,0.026257341727614403,0.05764634534716606,0.4711141586303711,0.02017146535217762,0.07624009251594543,0.0467895045876503,0.01629745215177536,0.19599579274654388,0.02314681001007557
36,ISL,Iceland,2019,2.4789857864379883,1.3695135116577148,5.187885284423828,4,1.1885734796524048,0.9104476571083069,1.2342337369918823,0.9368435740470886,0.9549963474273682,0.8577568531036377,1.376490592956543,0.9367426037788391,0.06634102016687393,0.026257341727614403,0.05764634534716606,0.4711141586303711,0.02017146535217762,0.07624009251594543,0.0467895045876503,0.01629745215177536,0.19599579274654388,0.02314681001007557
36,ISL,Iceland,2020,1.9529410600662231,1.200774073600769,5.187885284423828,4,1.1885734796524048,0.9104476571083069,1.2342337369918823,0.9368435740470886,0.9549963474273682,0.8577568531036377,1.376490592956543,0.9367426037788391,0.06634102016687393,0.026257341727614403,0.05764634534716606,0.4711141586303711,0.02017146535217762,0.07624009251594543,0.0467895045876503,0.01629745215177536,0.19599579274654388,0.02314681001007557
36,ISL,Iceland,2021,1.6373142004013062,1.0841670036315918,5.187885284423828,4,1.1885734796524048,0.9104476571083069,1.2342337369918823,0.9368435740470886,0.9549963474273682,0.8577568531036377,1.376490592956543,0.9367426037788391,0.06634102016687393,0.026257341727614403,0.05764634534716606,0.4711141586303711,0.02017146535217762,0.07624009251594543,0.0467895045876503,0.01629745215177536,0.19599579274654388,0.02314681001007557
36,ISL,Iceland,2022,1.38180673122406,0.9987767338752747,5.187885284423828,4,1.1885734796524048,0.9104476571083069,1.2342337369918823,0.9368435740470886,0.9549963474273682,0.8577568531036377,1.376490592956543,0.9367426037788391,0.06634102016687393,0.026257341727614403,0.05764634534716606,0.4711141586303711,0.02017146535217762,0.07624009251594543,0.0467895045876503,0.01629745215177536,0.19599579274654388,0.02314681001007557
36,ISL,Iceland,2023,2.3587470054626465,0.9657678604125977,5.187885284423828,4,1.1885734796524048,0.9104476571083069,1.2342337369918823,0.9368435740470886,0.9549963474273682,0.8577568531036377,1.376490592956543,0.9367426037788391,0.06634102016687393,0.026257341727614403,0.05764634534716606,0.4711141586303711,0.02017146535217762,0.07624009251594543,0.0467895045876503,0.01629745215177536,0.19599579274654388,0.02314681001007557
37,ISR,Israel,2018,-6.285995006561279,-0.13706134259700775,5.187500953674316,4,0.6414921283721924,0.9972028732299805,0.9020118117332458,1.0261139869689941,0.48677289485931396,0.9394912123680115,0.5356917977333069,1.026003360748291,0.06666265428066254,0.025682710111141205,0.05829716846346855,0.47004562616348267,0.02016557566821575,0.07654806971549988,0.04812607914209366,0.016299881041049957,0.19472093880176544,0.023451270535588264
37,ISR,Israel,2019,-6.490711212158203,-0.24984745681285858,5.187500953674316,4,0.6414921283721924,0.9972028732299805,0.9020118117332458,1.0261139869689941,0.48677289485931396,0.9394912123680115,0.5356917977333069,1.026003360748291,0.06666265428066254,0.025682710111141205,0.05829716846346855,0.47004562616348267,0.02016557566821575,0.07654806971549988,0.04812607914209366,0.016299881041049957,0.19472093880176544,0.023451270535588264
37,ISR,Israel,2020,-7.341547966003418,-0.34443026781082153,5.187500953674316,4,0.6414921283721924,0.9972028732299805,0.9020118117332458,1.0261139869689941,0.48677289485931396,0.9394912123680115,0.5356917977333069,1.026003360748291,0.06666265428066254,0.025682710111141205,0.05829716846346855,0.47004562616348267,0.02016557566821575,0.07654806971549988,0.04812607914209366,0.016299881041049957,0.19472093880176544,0.023451270535588264
37,ISR,Israel,2021,-8.057387351989746,-0.4282059073448181,5.187500953674316,4,0.6414921283721924,0.9972028732299805,0.9020118117332458,1.0261139869689941,0.48677289485931396,0.9394912123680115,0.5356917977333069,1.026003360748291,0.06666265428066254,0.025682710111141205,0.05829716846346855,0.47004562616348267,0.02016557566821575,0.07654806971549988,0.04812607914209366,0.016299881041049957,0.19472093880176544,0.023451270535588264
37,ISR,Israel,2022,-8.405094146728516,-0.4873671531677246,5.187500953674316,4,0.6414921283721924,0.9972028732299805,0.9020118117332458,1.0261139869689941,0.48677289485931396,0.9394912123680115,0.5356917977333069,1.026003360748291,0.06666265428066254,0.025682710111141205,0.05829716846346855,0.47004562616348267,0.02016557566821575,0.07654806971549988,0.04812607914209366,0.016299881041049957,0.19472093880176544,0.023451270535588264
37,ISR,Israel,2023,-9.675131797790527,-0.5123135447502136,5.187500953674316,4,0.6414921283721924,0.9972028732299805,0.9020118117332458,1.0261139869689941,0.48677289485931396,0.9394912123680115,0.5356917977333069,1.026003360748291,0.06666265428066254,0.025682710111141205,0.05829716846346855,0.47004562616348267,0.02016557566821575,0.07654806971549988,0.04812607914209366,0.016299881041049957,0.19472093880176544,0.023451270535588264
38,ITA,Italy,2018,-5.143430233001709,-0.11537891626358032,5.191278457641602,4,0.23468120396137238,0.1853984147310257,0.07437334209680557,0.19077350199222565,0.34910762310028076,0.17466877400875092,0.28056269884109497,0.1907530128955841,0.0641004741191864,0.03195841237902641,0.05278519541025162,0.4764540493488312,0.020461464300751686,0.0738540068268776,0.03712644428014755,0.016449054703116417,0.20592787861824036,0.020882973447442055
38,ITA,Italy,2019,-5.74995231628418,-0.23128829896450043,5.191278457641602,4,0.23468120396137238,0.1853984147310257,0.07437334209680557,0.19077350199222565,0.34910762310028076,0.17466877400875092,0.28056269884109497,0.1907530128955841,0.0641004741191864,0.03195841237902641,0.05278519541025162,0.4764540493488312,0.020461464300751686,0.0738540068268776,0.03712644428014755,0.016449054703116417,0.20592787861824036,0.020882973447442055
38,ITA,Italy,2020,-6.417283058166504,-0.3142986297607422,5.191278457641602,4,0.23468120396137238,0.1853984147310257,0.07437334209680557,0.19077350199222565,0.34910762310028076,0.17466877400875092,0.28056269884109497,0.1907530128955841,0.0641004741191864,0.03195841237902641,0.05278519541025162,0.4764540493488312,0.020461464300751686,0.0738540068268776,0.03712644428014755,0.016449054703116417,0.20592787861824036,0.020882973447442055
38,ITA,Italy,2021,-6.226283073425293,-0.3736855387687683,5.191278457641602,4,0.23468120396137238,0.1853984147310257,0.07437334209680557,0.19077350199222565,0.34910762310028076,0.17466877400875092,0.28056269884109497,0.1907530128955841,0.0641004741191864,0.03195841237902641,0.05278519541025162,0.4764540493488312,0.020461464300751686,0.0738540068268776,0.03712644428014755,0.016449054703116417,0.20592787861824036,0.020882973447442055
38,ITA,Italy,2022,-4.716213703155518,-0.39582663774490356,5.191278457641602,4,0.23468120396137238,0.1853984147310257,0.07437334209680557,0.19077350199222565,0.34910762310028076,0.17466877400875092,0.28056269884109497,0.1907530128955841,0.0641004741191864,0.03195841237902641,0.05278519541025162,0.4764540493488312,0.020461464300751686,0.0738540068268776,0.03712644428014755,0.016449054703116417,0.20592787861824036,0.020882973447442055
38,ITA,Italy,2023,-6.842550277709961,-0.42135167121887207,5.191278457641602,4,0.23468120396137238,0.1853984147310257,0.07437334209680557,0.19077350199222565,0.34910762310028076,0.17466877400875092,0.28056269884109497,0.1907530128955841,0.0641004741191864,0.03195841237902641,0.05278519541025162,0.4764540493488312,0.020461464300751686,0.0738540068268776,0.03712644428014755,0.016449054703116417,0.20592787861824036,0.020882973447442055
39,JPN,Japan,2018,3.7277371883392334,0.7904817461967468,5.188174247741699,4,0.7284886837005615,0.8480836749076843,0.8470459580421448,0.8726714849472046,0.45311596989631653,0.7990020513534546,0.8853041529655457,0.872577428817749,0.06611655652523041,0.026683585718274117,0.05718743056058884,0.47182580828666687,0.020179353654384613,0.07602129876613617,0.045853447169065475,0.01629834622144699,0.1969018131494522,0.022932352498173714
39,JPN,Japan,2019,3.204775810241699,0.8312259316444397,5.188174247741699,4,0.7284886837005615,0.8480836749076843,0.8470459580421448,0.8726714849472046,0.45311596989631653,0.7990020513534546,0.8853041529655457,0.872577428817749,0.06611655652523041,0.026683585718274117,0.05718743056058884,0.47182580828666687,0.020179353654384613,0.07602129876613617,0.045853447169065475,0.01629834622144699,0.1969018131494522,0.022932352498173714
39,JPN,Japan,2020,3.1749613285064697,0.8549213409423828,5.188174247741699,4,0.7284886837005615,0.8480836749076843,0.8470459580421448,0.8726714849472046,0.45311596989631653,0.7990020513534546,0.8853041529655457,0.872577428817749,0.06611655652523041,0.026683585718274117,0.05718743056058884,0.47182580828666687,0.020179353654384613,0.07602129876613617,0.045853447169065475,0.01629834622144699,0.1969018131494522,0.022932352498173714
39,JPN,Japan,2021,2.640718698501587,0.8653700351715088,5.188174247741699,4,0.7284886837005615,0.8480836749076843,0.8470459580421448,0.8726714849472046,0.45311596989631653,0.7990020513534546,0.8853041529655457,0.872577428817749,0.06611655652523041,0.026683585718274117,0.05718743056058884,0.47182580828666687,0.020179353654384613,0.07602129876613617,0.045853447169065475,0.01629834622144699,0.1969018131494522,0.022932352498173714
39,JPN,Japan,2022,2.846599578857422,0.8764674663543701,5.188174247741699,4,0.7284886837005615,0.8480836749076843,0.8470459580421448,0.8726714849472046,0.45311596989631653,0.7990020513534546,0.8853041529655457,0.872577428817749,0.06611655652523041,0.026683585718274117,0.05718743056058884,0.47182580828666687,0.020179353654384613,0.07602129876613617,0.045853447169065475,0.01629834622144699,0.1969018131494522,0.022932352498173714
39,JPN,Japan,2023,1.7527316808700562,0.8814380168914795,5.188174247741699,4,0.7284886837005615,0.8480836749076843,0.8470459580421448,0.8726714849472046,0.45311596989631653,0.7990020513534546,0.8853041529655457,0.872577428817749,0.06611655652523041,0.026683585718274117,0.05718743056058884,0.47182580828666687,0.020179353654384613,0.07602129876613617,0.045853447169065475,0.01629834622144699,0.1969018131494522,0.022932352498173714
40,KAZ,Kazakhstan,2018,1.5828030109405518,1.4481796026229858,5.1922287940979,4,-1.2722676992416382,-0.5557268857955933,-1.3743125200271606,-0.5718387365341187,-1.0817227363586426,-0.5235649943351746,-1.3607680797576904,-0.5717769861221313,0.0626802146434784,0.03972698748111725,0.04889314994215965,0.4754311442375183,0.021229276433587074,0.0718357115983963,0.029721764847636223,0.016934705898165703,0.21447010338306427,0.019076896831393242
40,KAZ,Kazakhstan,2019,1.5101414918899536,1.471566081047058,5.1922287940979,4,-1.2722676992416382,-0.5557268857955933,-1.3743125200271606,-0.5718387365341187,-1.0817227363586426,-0.5235649943351746,-1.3607680797576904,-0.5717769861221313,0.0626802146434784,0.03972698748111725,0.04889314994215965,0.4754311442375183,0.021229276433587074,0.0718357115983963,0.029721764847636223,0.016934705898165703,0.21447010338306427,0.019076896831393242
40,KAZ,Kazakhstan,2020,1.363572597503662,1.4449249505996704,5.1922287940979,4,-1.2722676992416382,-0.5557268857955933,-1.3743125200271606,-0.5718387365341187,-1.0817227363586426,-0.5235649943351746,-1.3607680797576904,-0.5717769861221313,0.0626802146434784,0.03972698748111725,0.04889314994215965,0.4754311442375183,0.021229276433587074,0.0718357115983963,0.029721764847636223,0.016934705898165703,0.21447010338306427,0.019076896831393242
40,KAZ,Kazakhstan,2021,1.2543725967407227,1.449087381362915,5.1922287940979,4,-1.2722676992416382,-0.5557268857955933,-1.3743125200271606,-0.5718387365341187,-1.0817227363586426,-0.5235649943351746,-1.3607680797576904,-0.5717769861221313,0.0626802146434784,0.03972698748111725,0.04889314994215965,0.4754311442375183,0.021229276433587074,0.0718357115983963,0.029721764847636223,0.016934705898165703,0.21447010338306427,0.019076896831393242
40,KAZ,Kazakhstan,2022,1.1613658666610718,1.4412082433700562,5.1922287940979,4,-1.2722676992416382,-0.5557268857955933,-1.3743125200271606,-0.5718387365341187,-1.0817227363586426,-0.5235649943351746,-1.3607680797576904,-0.5717769861221313,0.0626802146434784,0.03972698748111725,0.04889314994215965,0.4754311442375183,0.021229276433587074,0.0718357115983963,0.029721764847636223,0.016934705898165703,0.21447010338306427,0.019076896831393242
40,KAZ,Kazakhstan,2023,0.9807498455047607,1.3854948282241821,5.1922287940979,4,-1.2722676992416382,-0.5557268857955933,-1.3743125200271606,-0.5718387365341187,-1.0817227363586426,-0.5235649943351746,-1.3607680797576904,-0.5717769861221313,0.0626802146434784,0.03972698748111725,0.04889314994215965,0.4754311442375183,0.021229276433587074,0.0718357115983963,0.029721764847636223,0.016934705898165703,0.21447010338306427,0.019076896831393242
41,KOR,South Korea,2018,3.200753688812256,0.5980440378189087,5.19003438949585,4,0.34772443771362305,0.4660283029079437,0.4346860945224762,0.4795394837856293,0.1522836983203888,0.4390576183795929,0.45620352029800415,0.4794878363609314,0.06486988812685013,0.02955021522939205,0.05454245209693909,0.4751482903957367,0.020296717062592506,0.07473397254943848,0.040557846426963806,0.016353188082575798,0.20224781334400177,0.021699555218219757
41,KOR,South Korea,2019,1.7671101093292236,0.6535734534263611,5.19003438949585,4,0.34772443771362305,0.4660283029079437,0.4346860945224762,0.4795394837856293,0.1522836983203888,0.4390576183795929,0.45620352029800415,0.4794878363609314,0.06486988812685013,0.02955021522939205,0.05454245209693909,0.4751482903957367,0.020296717062592506,0.07473397254943848,0.040557846426963806,0.016353188082575798,0.20224781334400177,0.021699555218219757
41,KOR,South Korea,2020,-0.8152863383293152,0.6716196537017822,5.19003438949585,4,0.34772443771362305,0.4660283029079437,0.4346860945224762,0.4795394837856293,0.1522836983203888,0.4390576183795929,0.45620352029800415,0.4794878363609314,0.06486988812685013,0.02955021522939205,0.05454245209693909,0.4751482903957367,0.020296717062592506,0.07473397254943848,0.040557846426963806,0.016353188082575798,0.20224781334400177,0.021699555218219757
41,KOR,South Korea,2021,-0.6951596140861511,0.6754133701324463,5.19003438949585,4,0.34772443771362305,0.4660283029079437,0.4346860945224762,0.4795394837856293,0.1522836983203888,0.4390576183795929,0.45620352029800415,0.4794878363609314,0.06486988812685013,0.02955021522939205,0.05454245209693909,0.4751482903957367,0.020296717062592506,0.07473397254943848,0.040557846426963806,0.016353188082575798,0.20224781334400177,0.021699555218219757
41,KOR,South Korea,2022,-2.0999202728271484,0.6764950752258301,5.19003438949585,4,0.34772443771362305,0.4660283029079437,0.4346860945224762,0.4795394837856293,0.1522836983203888,0.4390576183795929,0.45620352029800415,0.4794878363609314,0.06486988812685013,0.02955021522939205,0.05454245209693909,0.4751482903957367,0.020296717062592506,0.07473397254943848,0.040557846426963806,0.016353188082575798,0.20224781334400177,0.021699555218219757
41,KOR,South Korea,2023,-2.8068954944610596,0.6758691072463989,5.19003438949585,4,0.34772443771362305,0.4660283029079437,0.4346860945224762,0.4795394837856293,0.1522836983203888,0.4390576183795929,0.45620352029800415,0.4794878363609314,0.06486988812685013,0.02955021522939205,0.05454245209693909,0.4751482903957367,0.020296717062592506,0.07473397254943848,0.040557846426963806,0.016353188082575798,0.20224781334400177,0.021699555218219757
42,KWT,Kuwait,2018,-6.3546881675720215,-0.25089341402053833,5.191834449768066,4,-0.23261572420597076,-0.6827453970909119,-0.458217591047287,-0.7025398015975952,-0.3800378143787384,-0.643232524394989,0.1404082179069519,-0.7024639248847961,0.06252455711364746,0.041282739490270615,0.04833109676837921,0.4746372103691101,0.021409902721643448,0.07153578847646713,0.028667066246271133,0.017051704227924347,0.2157442271709442,0.018815692514181137
42,KWT,Kuwait,2019,-7.2538886070251465,-0.5632047653198242,5.191834449768066,4,-0.23261572420597076,-0.6827453970909119,-0.458217591047287,-0.7025398015975952,-0.3800378143787384,-0.643232524394989,0.1404082179069519,-0.7024639248847961,0.06252455711364746,0.041282739490270615,0.04833109676837921,0.4746372103691101,0.021409902721643448,0.07153578847646713,0.028667066246271133,0.017051704227924347,0.2157442271709442,0.018815692514181137
42,KWT,Kuwait,2020,-6.158499240875244,-0.8437165021896362,5.191834449768066,4,-0.23261572420597076,-0.6827453970909119,-0.458217591047287,-0.7025398015975952,-0.3800378143787384,-0.643232524394989,0.1404082179069519,-0.7024639248847961,0.06252455711364746,0.041282739490270615,0.04833109676837921,0.4746372103691101,0.021409902721643448,0.07153578847646713,0.028667066246271133,0.017051704227924347,0.2157442271709442,0.018815692514181137
42,KWT,Kuwait,2021,-7.0740485191345215,-1.0880221128463745,5.191834449768066,4,-0.23261572420597076,-0.6827453970909119,-0.458217591047287,-0.7025398015975952,-0.3800378143787384,-0.643232524394989,0.1404082179069519,-0.7024639248847961,0.06252455711364746,0.041282739490270615,0.04833109676837921,0.4746372103691101,0.021409902721643448,0.07153578847646713,0.028667066246271133,0.017051704227924347,0.2157442271709442,0.018815692514181137
42,KWT,Kuwait,2022,-27.902793884277344,-1.2827779054641724,5.191834449768066,4,-0.23261572420597076,-0.6827453970909119,-0.458217591047287,-0.7025398015975952,-0.3800378143787384,-0.643232524394989,0.1404082179069519,-0.7024639248847961,0.06252455711364746,0.041282739490270615,0.04833109676837921,0.4746372103691101,0.021409902721643448,0.07153578847646713,0.028667066246271133,0.017051704227924347,0.2157442271709442,0.018815692514181137
42,KWT,Kuwait,2023,-27.870094299316406,-1.4288370609283447,5.191834449768066,4,-0.23261572420597076,-0.6827453970909119,-0.458217591047287,-0.7025398015975952,-0.3800378143787384,-0.643232524394989,0.1404082179069519,-0.7024639248847961,0.06252455711364746,0.041282739490270615,0.04833109676837921,0.4746372103691101,0.021409902721643448,0.07153578847646713,0.028667066246271133,0.017051704227924347,0.2157442271709442,0.018815692514181137
43,LKA,Sri Lanka,2018,2.3601856231689453,0.07828010618686676,5.191739082336426,4,-0.550111711025238,-0.7059860229492188,-0.720518171787262,-0.7264542579650879,-0.5627866387367249,-0.6651281118392944,-0.36703041195869446,-0.7263758182525635,0.062498778104782104,0.04157492518424988,0.04823143780231476,0.47447338700294495,0.021444499492645264,0.071482352912426,0.028480201959609985,0.017074160277843475,0.21597091853618622,0.01876934804022312
43,LKA,Sri Lanka,2019,4.711722373962402,-0.12405198812484741,5.191739082336426,4,-0.550111711025238,-0.7059860229492188,-0.720518171787262,-0.7264542579650879,-0.5627866387367249,-0.6651281118392944,-0.36703041195869446,-0.7263758182525635,0.062498778104782104,0.04157492518424988,0.04823143780231476,0.47447338700294495,0.021444499492645264,0.071482352912426,0.028480201959609985,0.017074160277843475,0.21597091853618622,0.01876934804022312
43,LKA,Sri Lanka,2020,4.523720741271973,0.507430911064148,5.191739082336426,4,-0.550111711025238,-0.7059860229492188,-0.720518171787262,-0.7264542579650879,-0.5627866387367249,-0.6651281118392944,-0.36703041195869446,-0.7263758182525635,0.062498778104782104,0.04157492518424988,0.04823143780231476,0.47447338700294495,0.021444499492645264,0.071482352912426,0.028480201959609985,0.017074160277843475,0.21597091853618622,0.01876934804022312
43,LKA,Sri Lanka,2021,1.3256715536117554,0.5799230933189392,5.191739082336426,4,-0.550111711025238,-0.7059860229492188,-0.720518171787262,-0.7264542579650879,-0.5627866387367249,-0.6651281118392944,-0.36703041195869446,-0.7263758182525635,0.062498778104782104,0.04157492518424988,0.04823143780231476,0.47447338700294495,0.021444499492645264,0.071482352912426,0.028480201959609985,0.017074160277843475,0.21597091853618622,0.01876934804022312
43,LKA,Sri Lanka,2022,4.413687705993652,0.1477820873260498,5.191739082336426,4,-0.550111711025238,-0.7059860229492188,-0.720518171787262,-0.7264542579650879,-0.5627866387367249,-0.6651281118392944,-0.36703041195869446,-0.7263758182525635,0.062498778104782104,0.04157492518424988,0.04823143780231476,0.47447338700294495,0.021444499492645264,0.071482352912426,0.028480201959609985,0.017074160277843475,0.21597091853618622,0.01876934804022312
43,LKA,Sri Lanka,2023,4.413687705993652,0.40423423051834106,5.191739082336426,4,-0.550111711025238,-0.7059860229492188,-0.720518171787262,-0.7264542579650879,-0.5627866387367249,-0.6651281118392944,-0.36703041195869446,-0.7263758182525635,0.062498778104782104,0.04157492518424988,0.04823143780231476,0.47447338700294495,0.021444499492645264,0.071482352912426,0.028480201959609985,0.017074160277843475,0.21597091853618622,0.01876934804022312
44,LTU,Lithuania,2018,0.5927717685699463,1.0587152242660522,5.192439079284668,4,0.11791292577981949,-0.2822652757167816,-0.0774189680814743,-0.2904488146305084,0.3881412148475647,-0.26592957973480225,0.043016545474529266,-0.2904174029827118,0.06310135871171951,0.03660757839679718,0.0502052865922451,0.47654178738594055,0.020889149978756905,0.07252709567546844,0.03219425305724144,0.01671614870429039,0.21153141558170319,0.01968594454228878
44,LTU,Lithuania,2019,0.5042790174484253,1.168960690498352,5.192439079284668,4,0.11791292577981949,-0.2822652757167816,-0.0774189680814743,-0.2904488146305084,0.3881412148475647,-0.26592957973480225,0.043016545474529266,-0.2904174029827118,0.06310135871171951,0.03660757839679718,0.0502052865922451,0.47654178738594055,0.020889149978756905,0.07252709567546844,0.03219425305724144,0.01671614870429039,0.21153141558170319,0.01968594454228878
44,LTU,Lithuania,2020,1.2348809242248535,1.1954487562179565,5.192439079284668,4,0.11791292577981949,-0.2822652757167816,-0.0774189680814743,-0.2904488146305084,0.3881412148475647,-0.26592957973480225,0.043016545474529266,-0.2904174029827118,0.06310135871171951,0.03660757839679718,0.0502052865922451,0.47654178738594055,0.020889149978756905,0.07252709567546844,0.03219425305724144,0.01671614870429039,0.21153141558170319,0.01968594454228878
44,LTU,Lithuania,2021,1.103811502456665,1.2064708471298218,5.192439079284668,4,0.11791292577981949,-0.2822652757167816,-0.0774189680814743,-0.2904488146305084,0.3881412148475647,-0.26592957973480225,0.043016545474529266,-0.2904174029827118,0.06310135871171951,0.03660757839679718,0.0502052865922451,0.47654178738594055,0.020889149978756905,0.07252709567546844,0.03219425305724144,0.01671614870429039,0.21153141558170319,0.01968594454228878
44,LTU,Lithuania,2022,0.6238992810249329,1.2105046510696411,5.192439079284668,4,0.11791292577981949,-0.2822652757167816,-0.0774189680814743,-0.2904488146305084,0.3881412148475647,-0.26592957973480225,0.043016545474529266,-0.2904174029827118,0.06310135871171951,0.03660757839679718,0.0502052865922451,0.47654178738594055,0.020889149978756905,0.07252709567546844,0.03219425305724144,0.01671614870429039,0.21153141558170319,0.01968594454228878
44,LTU,Lithuania,2023,-0.08893253654241562,1.2142491340637207,5.192439079284668,4,0.11791292577981949,-0.2822652757167816,-0.0774189680814743,-0.2904488146305084,0.3881412148475647,-0.26592957973480225,0.043016545474529266,-0.2904174029827118,0.06310135871171951,0.03660757839679718,0.0502052865922451,0.47654178738594055,0.020889149978756905,0.07252709567546844,0.03219425305724144,0.01671614870429039,0.21153141558170319,0.01968594454228878
45,LUX,Luxembourg,2018,-2.6616039276123047,0.9473809003829956,5.187496185302734,4,1.3627294301986694,0.9984235763549805,1.4299343824386597,1.0273700952529907,1.3163741827011108,0.9406412839889526,1.3418793678283691,1.027259349822998,0.06666725128889084,0.025674764066934586,0.058306410908699036,0.4700300395488739,0.02016552910208702,0.07655242830514908,0.048145171254873276,0.016299942508339882,0.19470292329788208,0.023455601185560226
45,LUX,Luxembourg,2019,-3.0985145568847656,0.7526683807373047,5.187496185302734,4,1.3627294301986694,0.9984235763549805,1.4299343824386597,1.0273700952529907,1.3163741827011108,0.9406412839889526,1.3418793678283691,1.027259349822998,0.06666725128889084,0.025674764066934586,0.058306410908699036,0.4700300395488739,0.02016552910208702,0.07655242830514908,0.048145171254873276,0.016299942508339882,0.19470292329788208,0.023455601185560226
45,LUX,Luxembourg,2020,-3.1957318782806396,0.6080645322799683,5.187496185302734,4,1.3627294301986694,0.9984235763549805,1.4299343824386597,1.0273700952529907,1.3163741827011108,0.9406412839889526,1.3418793678283691,1.027259349822998,0.06666725128889084,0.025674764066934586,0.058306410908699036,0.4700300395488739,0.02016552910208702,0.07655242830514908,0.048145171254873276,0.016299942508339882,0.19470292329788208,0.023455601185560226
45,LUX,Luxembourg,2021,-3.2258713245391846,0.5169053673744202,5.187496185302734,4,1.3627294301986694,0.9984235763549805,1.4299343824386597,1.0273700952529907,1.3163741827011108,0.9406412839889526,1.3418793678283691,1.027259349822998,0.06666725128889084,0.025674764066934586,0.058306410908699036,0.4700300395488739,0.02016552910208702,0.07655242830514908,0.048145171254873276,0.016299942508339882,0.19470292329788208,0.023455601185560226
45,LUX,Luxembourg,2022,-3.72668719291687,0.4509273171424866,5.187496185302734,4,1.3627294301986694,0.9984235763549805,1.4299343824386597,1.0273700952529907,1.3163741827011108,0.9406412839889526,1.3418793678283691,1.027259349822998,0.06666725128889084,0.025674764066934586,0.058306410908699036,0.4700300395488739,0.02016552910208702,0.07655242830514908,0.048145171254873276,0.016299942508339882,0.19470292329788208,0.023455601185560226
45,LUX,Luxembourg,2023,-4.158839225769043,0.4076830744743347,5.187496185302734,4,1.3627294301986694,0.9984235763549805,1.4299343824386597,1.0273700952529907,1.3163741827011108,0.9406412839889526,1.3418793678283691,1.027259349822998,0.06666725128889084,0.025674764066934586,0.058306410908699036,0.4700300395488739,0.02016552910208702,0.07655242830514908,0.048145171254873276,0.016299942508339882,0.19470292329788208,0.023455601185560226
46,LVA,Latvia,2018,2.136277437210083,0.4203110337257385,5.19223690032959,4,0.05672547221183777,-0.552060604095459,-0.19147229194641113,-0.5680661201477051,0.368137001991272,-0.5201109051704407,-0.006488294806331396,-0.5680047869682312,0.06268508732318878,0.03968309983611107,0.048909805715084076,0.4754515290260315,0.02122427523136139,0.07184456288814545,0.02975306659936905,0.016931474208831787,0.21443243324756622,0.019084639847278595
46,LVA,Latvia,2019,2.451484441757202,0.4374864101409912,5.19223690032959,4,0.05672547221183777,-0.552060604095459,-0.19147229194641113,-0.5680661201477051,0.368137001991272,-0.5201109051704407,-0.006488294806331396,-0.5680047869682312,0.06268508732318878,0.03968309983611107,0.048909805715084076,0.4754515290260315,0.02122427523136139,0.07184456288814545,0.02975306659936905,0.016931474208831787,0.21443243324756622,0.019084639847278595
46,LVA,Latvia,2020,0.5582294464111328,0.4629089832305908,5.19223690032959,4,0.05672547221183777,-0.552060604095459,-0.19147229194641113,-0.5680661201477051,0.368137001991272,-0.5201109051704407,-0.006488294806331396,-0.5680047869682312,0.06268508732318878,0.03968309983611107,0.048909805715084076,0.4754515290260315,0.02122427523136139,0.07184456288814545,0.02975306659936905,0.016931474208831787,0.21443243324756622,0.019084639847278595
46,LVA,Latvia,2021,0.538101315498352,0.6537174582481384,5.19223690032959,4,0.05672547221183777,-0.552060604095459,-0.19147229194641113,-0.5680661201477051,0.368137001991272,-0.5201109051704407,-0.006488294806331396,-0.5680047869682312,0.06268508732318878,0.03968309983611107,0.048909805715084076,0.4754515290260315,0.02122427523136139,0.07184456288814545,0.02975306659936905,0.016931474208831787,0.21443243324756622,0.019084639847278595
46,LVA,Latvia,2022,-1.1075773239135742,0.5663796663284302,5.19223690032959,4,0.05672547221183777,-0.552060604095459,-0.19147229194641113,-0.5680661201477051,0.368137001991272,-0.5201109051704407,-0.006488294806331396,-0.5680047869682312,0.06268508732318878,0.03968309983611107,0.048909805715084076,0.4754515290260315,0.02122427523136139,0.07184456288814545,0.02975306659936905,0.016931474208831787,0.21443243324756622,0.019084639847278595
46,LVA,Latvia,2023,-1.7468478679656982,0.48592841625213623,5.19223690032959,4,0.05672547221183777,-0.552060604095459,-0.19147229194641113,-0.5680661201477051,0.368137001991272,-0.5201109051704407,-0.006488294806331396,-0.5680047869682312,0.06268508732318878,0.03968309983611107,0.048909805715084076,0.4754515290260315,0.02122427523136139,0.07184456288814545,0.02975306659936905,0.016931474208831787,0.21443243324756622,0.019084639847278595
47,MAR,Morocco,2018,-2.0527760982513428,-1.3428949117660522,5.19122314453125,4,-0.5677001476287842,-0.8100107312202454,-0.5921026468276978,-0.8334948420524597,-0.603592574596405,-0.7631325721740723,-0.5074053406715393,-0.8334048986434937,0.06239336356520653,0.04291157424449921,0.04779715836048126,0.4736711382865906,0.02160521037876606,0.07124853134155273,0.027666248381137848,0.017178626731038094,0.21696089208126068,0.01856725476682186
47,MAR,Morocco,2019,-1.840488076210022,-0.941213846206665,5.19122314453125,4,-0.5677001476287842,-0.8100107312202454,-0.5921026468276978,-0.8334948420524597,-0.603592574596405,-0.7631325721740723,-0.5074053406715393,-0.8334048986434937,0.06239336356520653,0.04291157424449921,0.04779715836048126,0.4736711382865906,0.02160521037876606,0.07124853134155273,0.027666248381137848,0.017178626731038094,0.21696089208126068,0.01856725476682186
47,MAR,Morocco,2020,-1.5523828268051147,-0.9187474250793457,5.19122314453125,4,-0.5677001476287842,-0.8100107312202454,-0.5921026468276978,-0.8334948420524597,-0.603592574596405,-0.7631325721740723,-0.5074053406715393,-0.8334048986434937,0.06239336356520653,0.04291157424449921,0.04779715836048126,0.4736711382865906,0.02160521037876606,0.07124853134155273,0.027666248381137848,0.017178626731038094,0.21696089208126068,0.01856725476682186
47,MAR,Morocco,2021,-1.670159101486206,-0.9041213393211365,5.19122314453125,4,-0.5677001476287842,-0.8100107312202454,-0.5921026468276978,-0.8334948420524597,-0.603592574596405,-0.7631325721740723,-0.5074053406715393,-0.8334048986434937,0.06239336356520653,0.04291157424449921,0.04779715836048126,0.4736711382865906,0.02160521037876606,0.07124853134155273,0.027666248381137848,0.017178626731038094,0.21696089208126068,0.01856725476682186
47,MAR,Morocco,2022,-1.1988462209701538,-0.6258793473243713,5.19122314453125,4,-0.5677001476287842,-0.8100107312202454,-0.5921026468276978,-0.8334948420524597,-0.603592574596405,-0.7631325721740723,-0.5074053406715393,-0.8334048986434937,0.06239336356520653,0.04291157424449921,0.04779715836048126,0.4736711382865906,0.02160521037876606,0.07124853134155273,0.027666248381137848,0.017178626731038094,0.21696089208126068,0.01856725476682186
47,MAR,Morocco,2023,-2.160374164581299,-0.6128321886062622,5.19122314453125,4,-0.5677001476287842,-0.8100107312202454,-0.5921026468276978,-0.8334948420524597,-0.603592574596405,-0.7631325721740723,-0.5074053406715393,-0.8334048986434937,0.06239336356520653,0.04291157424449921,0.04779715836048126,0.4736711382865906,0.02160521037876606,0.07124853134155273,0.027666248381137848,0.017178626731038094,0.21696089208126068,0.01856725476682186
48,MEX,Mexico,2018,-1.2096426486968994,0.22708582878112793,5.18845272064209,4,-0.4911726713180542,-1.144337773323059,-0.5113726854324341,-1.177514910697937,-0.13761571049690247,-1.078110933303833,-0.8245296478271484,-1.1773878335952759,0.0621626079082489,0.04753364622592926,0.04652808979153633,0.4703565537929535,0.022185875102877617,0.07055472582578659,0.0252847820520401,0.017557252198457718,0.21986155211925507,0.017974913120269775
48,MEX,Mexico,2019,-1.0846872329711914,0.23821817338466644,5.18845272064209,4,-0.4911726713180542,-1.144337773323059,-0.5113726854324341,-1.177514910697937,-0.13761571049690247,-1.078110933303833,-0.8245296478271484,-1.1773878335952759,0.0621626079082489,0.04753364622592926,0.04652808979153633,0.4703565537929535,0.022185875102877617,0.07055472582578659,0.0252847820520401,0.017557252198457718,0.21986155211925507,0.017974913120269775
48,MEX,Mexico,2020,-3.962113618850708,0.24763761460781097,5.18845272064209,4,-0.4911726713180542,-1.144337773323059,-0.5113726854324341,-1.177514910697937,-0.13761571049690247,-1.078110933303833,-0.8245296478271484,-1.1773878335952759,0.0621626079082489,0.04753364622592926,0.04652808979153633,0.4703565537929535,0.022185875102877617,0.07055472582578659,0.0252847820520401,0.017557252198457718,0.21986155211925507,0.017974913120269775
48,MEX,Mexico,2021,-5.881318092346191,0.285270631313324,5.18845272064209,4,-0.4911726713180542,-1.144337773323059,-0.5113726854324341,-1.177514910697937,-0.13761571049690247,-1.078110933303833,-0.8245296478271484,-1.1773878335952759,0.0621626079082489,0.04753364622592926,0.04652808979153633,0.4703565537929535,0.022185875102877617,0.07055472582578659,0.0252847820520401,0.017557252198457718,0.21986155211925507,0.017974913120269775
48,MEX,Mexico,2022,-5.320054531097412,0.4192066192626953,5.18845272064209,4,-0.4911726713180542,-1.144337773323059,-0.5113726854324341,-1.177514910697937,-0.13761571049690247,-1.078110933303833,-0.8245296478271484,-1.1773878335952759,0.0621626079082489,0.04753364622592926,0.04652808979153633,0.4703565537929535,0.022185875102877617,0.07055472582578659,0.0252847820520401,0.017557252198457718,0.21986155211925507,0.017974913120269775
48,MEX,Mexico,2023,-3.6169328689575195,0.4949789047241211,5.18845272064209,4,-0.4911726713180542,-1.144337773323059,-0.5113726854324341,-1.177514910697937,-0.13761571049690247,-1.078110933303833,-0.8245296478271484,-1.1773878335952759,0.0621626079082489,0.04753364622592926,0.04652808979153633,0.4703565537929535,0.022185875102877617,0.07055472582578659,0.0252847820520401,0.017557252198457718,0.21986155211925507,0.017974913120269775
49,MKD,North Macedonia,2018,-4.225182056427002,-0.6850961446762085,5.191856384277344,4,-0.8401430249214172,-0.6768989562988281,-0.9831662178039551,-0.696523904800415,-0.6911687254905701,-0.6377244591712952,-0.8460942506790161,-0.6964486837387085,0.06253118813037872,0.04120960831642151,0.0483563207089901,0.4746774435043335,0.02140127494931221,0.07154930382966995,0.028714364394545555,0.01704609952867031,0.2156868726015091,0.018827419728040695
49,MKD,North Macedonia,2019,-2.3085620403289795,-0.2112511545419693,5.191856384277344,4,-0.8401430249214172,-0.6768989562988281,-0.9831662178039551,-0.696523904800415,-0.6911687254905701,-0.6377244591712952,-0.8460942506790161,-0.6964486837387085,0.06253118813037872,0.04120960831642151,0.0483563207089901,0.4746774435043335,0.02140127494931221,0.07154930382966995,0.028714364394545555,0.01704609952867031,0.2156868726015091,0.018827419728040695
49,MKD,North Macedonia,2020,-3.7089016437530518,-0.4093136787414551,5.191856384277344,4,-0.8401430249214172,-0.6768989562988281,-0.9831662178039551,-0.696523904800415,-0.6911687254905701,-0.6377244591712952,-0.8460942506790161,-0.6964486837387085,0.06253118813037872,0.04120960831642151,0.0483563207089901,0.4746774435043335,0.02140127494931221,0.07154930382966995,0.028714364394545555,0.01704609952867031,0.2156868726015091,0.018827419728040695
49,MKD,North Macedonia,2021,-4.82833194732666,-0.6870485544204712,5.191856384277344,4,-0.8401430249214172,-0.6768989562988281,-0.9831662178039551,-0.696523904800415,-0.6911687254905701,-0.6377244591712952,-0.8460942506790161,-0.6964486837387085,0.06253118813037872,0.04120960831642151,0.0483563207089901,0.4746774435043335,0.02140127494931221,0.07154930382966995,0.028714364394545555,0.01704609952867031,0.2156868726015091,0.018827419728040695
49,MKD,North Macedonia,2022,-3.69097900390625,-0.48169106245040894,5.191856384277344,4,-0.8401430249214172,-0.6768989562988281,-0.9831662178039551,-0.696523904800415,-0.6911687254905701,-0.6377244591712952,-0.8460942506790161,-0.6964486837387085,0.06253118813037872,0.04120960831642151,0.0483563207089901,0.4746774435043335,0.02140127494931221,0.07154930382966995,0.028714364394545555,0.01704609952867031,0.2156868726015091,0.018827419728040695
49,MKD,North Macedonia,2023,-4.7387189865112305,-0.8820199966430664,5.191856384277344,4,-0.8401430249214172,-0.6768989562988281,-0.9831662178039551,-0.696523904800415,-0.6911687254905701,-0.6377244591712952,-0.8460942506790161,-0.6964486837387085,0.06253118813037872,0.04120960831642151,0.0483563207089901,0.4746774435043335,0.02140127494931221,0.07154930382966995,0.028714364394545555,0.01704609952867031,0.2156868726015091,0.018827419728040695
50,MYS,Malaysia,2018,0.02772342786192894,1.0146857500076294,5.192263126373291,4,0.11615476757287979,-0.14381521940231323,0.3967877924442291,-0.14798478782176971,0.08836042881011963,-0.13549210131168365,-0.1366838961839676,-0.14796875417232513,0.06336019188165665,0.03514387086033821,0.05092420428991318,0.47678226232528687,0.020742347463965416,0.07290107011795044,0.03355780616402626,0.016623014584183693,0.20994575321674347,0.020019445568323135
50,MYS,Malaysia,2019,-0.08382336795330048,1.1941500902175903,5.192263126373291,4,0.11615476757287979,-0.14381521940231323,0.3967877924442291,-0.14798478782176971,0.08836042881011963,-0.13549210131168365,-0.1366838961839676,-0.14796875417232513,0.06336019188165665,0.03514387086033821,0.05092420428991318,0.47678226232528687,0.020742347463965416,0.07290107011795044,0.03355780616402626,0.016623014584183693,0.20994575321674347,0.020019445568323135
50,MYS,Malaysia,2020,0.11602042615413666,1.1765309572219849,5.192263126373291,4,0.11615476757287979,-0.14381521940231323,0.3967877924442291,-0.14798478782176971,0.08836042881011963,-0.13549210131168365,-0.1366838961839676,-0.14796875417232513,0.06336019188165665,0.03514387086033821,0.05092420428991318,0.47678226232528687,0.020742347463965416,0.07290107011795044,0.03355780616402626,0.016623014584183693,0.20994575321674347,0.020019445568323135
50,MYS,Malaysia,2021,-0.4654858112335205,1.2008672952651978,5.192263126373291,4,0.11615476757287979,-0.14381521940231323,0.3967877924442291,-0.14798478782176971,0.08836042881011963,-0.13549210131168365,-0.1366838961839676,-0.14796875417232513,0.06336019188165665,0.03514387086033821,0.05092420428991318,0.47678226232528687,0.020742347463965416,0.07290107011795044,0.03355780616402626,0.016623014584183693,0.20994575321674347,0.020019445568323135
50,MYS,Malaysia,2022,-0.6587987542152405,1.231491208076477,5.192263126373291,4,0.11615476757287979,-0.14381521940231323,0.3967877924442291,-0.14798478782176971,0.08836042881011963,-0.13549210131168365,-0.1366838961839676,-0.14796875417232513,0.06336019188165665,0.03514387086033821,0.05092420428991318,0.47678226232528687,0.020742347463965416,0.07290107011795044,0.03355780616402626,0.016623014584183693,0.20994575321674347,0.020019445568323135
50,MYS,Malaysia,2023,-0.5584850311279297,1.2498143911361694,5.192263126373291,4,0.11615476757287979,-0.14381521940231323,0.3967877924442291,-0.14798478782176971,0.08836042881011963,-0.13549210131168365,-0.1366838961839676,-0.14796875417232513,0.06336019188165665,0.03514387086033821,0.05092420428991318,0.47678226232528687,0.020742347463965416,0.07290107011795044,0.03355780616402626,0.016623014584183693,0.20994575321674347,0.020019445568323135
51,NLD,Netherlands,2018,-2.012981653213501,0.06804536283016205,5.187446594238281,4,1.3984497785568237,1.0101007223129272,1.432983160018921,1.0393856763839722,1.4087532758712769,0.9516425728797913,1.3536127805709839,1.039273738861084,0.06671139597892761,0.025599060580134392,0.058395132422447205,0.46987906098365784,0.020165197551250458,0.07659418880939484,0.048328232020139694,0.01630060188472271,0.19453006982803345,0.023497136309742928
51,NLD,Netherlands,2019,-4.107210636138916,-0.18255825340747833,5.187446594238281,4,1.3984497785568237,1.0101007223129272,1.432983160018921,1.0393856763839722,1.4087532758712769,0.9516425728797913,1.3536127805709839,1.039273738861084,0.06671139597892761,0.025599060580134392,0.058395132422447205,0.46987906098365784,0.020165197551250458,0.07659418880939484,0.048328232020139694,0.01630060188472271,0.19453006982803345,0.023497136309742928
51,NLD,Netherlands,2020,-6.567773342132568,-0.3070554733276367,5.187446594238281,4,1.3984497785568237,1.0101007223129272,1.432983160018921,1.0393856763839722,1.4087532758712769,0.9516425728797913,1.3536127805709839,1.039273738861084,0.06671139597892761,0.025599060580134392,0.058395132422447205,0.46987906098365784,0.020165197551250458,0.07659418880939484,0.048328232020139694,0.01630060188472271,0.19453006982803345,0.023497136309742928
51,NLD,Netherlands,2021,-6.225274562835693,-0.35819554328918457,5.187446594238281,4,1.3984497785568237,1.0101007223129272,1.432983160018921,1.0393856763839722,1.4087532758712769,0.9516425728797913,1.3536127805709839,1.039273738861084,0.06671139597892761,0.025599060580134392,0.058395132422447205,0.46987906098365784,0.020165197551250458,0.07659418880939484,0.048328232020139694,0.01630060188472271,0.19453006982803345,0.023497136309742928
51,NLD,Netherlands,2022,-7.184930801391602,-0.38913071155548096,5.187446594238281,4,1.3984497785568237,1.0101007223129272,1.432983160018921,1.0393856763839722,1.4087532758712769,0.9516425728797913,1.3536127805709839,1.039273738861084,0.06671139597892761,0.025599060580134392,0.058395132422447205,0.46987906098365784,0.020165197551250458,0.07659418880939484,0.048328232020139694,0.01630060188472271,0.19453006982803345,0.023497136309742928
51,NLD,Netherlands,2023,-9.322796821594238,-0.3857162594795227,5.187446594238281,4,1.3984497785568237,1.0101007223129272,1.432983160018921,1.0393856763839722,1.4087532758712769,0.9516425728797913,1.3536127805709839,1.039273738861084,0.06671139597892761,0.025599060580134392,0.058395132422447205,0.46987906098365784,0.020165197551250458,0.07659418880939484,0.048328232020139694,0.01630060188472271,0.19453006982803345,0.023497136309742928
52,NOR,Norway,2018,0.684697687625885,1.4806777238845825,5.187969207763672,4,1.3073252439498901,0.8920683264732361,1.3803420066833496,0.917931318283081,1.0274958610534668,0.8404411673545837,1.5141379833221436,0.9178324341773987,0.06627427786588669,0.026381801813840866,0.05751032382249832,0.4713287949562073,0.02017347142100334,0.07617538422346115,0.04651149362325668,0.016297489404678345,0.19626368582248688,0.023083221167325974
52,NOR,Norway,2019,0.7579119205474854,1.2371459007263184,5.187969207763672,4,1.3073252439498901,0.8920683264732361,1.3803420066833496,0.917931318283081,1.0274958610534668,0.8404411673545837,1.5141379833221436,0.9178324341773987,0.06627427786588669,0.026381801813840866,0.05751032382249832,0.4713287949562073,0.02017347142100334,0.07617538422346115,0.04651149362325668,0.016297489404678345,0.19626368582248688,0.023083221167325974
52,NOR,Norway,2020,0.16256453096866608,1.1391161680221558,5.187969207763672,4,1.3073252439498901,0.8920683264732361,1.3803420066833496,0.917931318283081,1.0274958610534668,0.8404411673545837,1.5141379833221436,0.9178324341773987,0.06627427786588669,0.026381801813840866,0.05751032382249832,0.4713287949562073,0.02017347142100334,0.07617538422346115,0.04651149362325668,0.016297489404678345,0.19626368582248688,0.023083221167325974
52,NOR,Norway,2021,-0.5059971213340759,1.0872142314910889,5.187969207763672,4,1.3073252439498901,0.8920683264732361,1.3803420066833496,0.917931318283081,1.0274958610534668,0.8404411673545837,1.5141379833221436,0.9178324341773987,0.06627427786588669,0.026381801813840866,0.05751032382249832,0.4713287949562073,0.02017347142100334,0.07617538422346115,0.04651149362325668,0.016297489404678345,0.19626368582248688,0.023083221167325974
52,NOR,Norway,2022,0.01806272566318512,0.9764459133148193,5.187969207763672,4,1.3073252439498901,0.8920683264732361,1.3803420066833496,0.917931318283081,1.0274958610534668,0.8404411673545837,1.5141379833221436,0.9178324341773987,0.06627427786588669,0.026381801813840866,0.05751032382249832,0.4713287949562073,0.02017347142100334,0.07617538422346115,0.04651149362325668,0.016297489404678345,0.19626368582248688,0.023083221167325974
52,NOR,Norway,2023,0.1799047440290451,0.9149525761604309,5.187969207763672,4,1.3073252439498901,0.8920683264732361,1.3803420066833496,0.917931318283081,1.0274958610534668,0.8404411673545837,1.5141379833221436,0.9178324341773987,0.06627427786588669,0.026381801813840866,0.05751032382249832,0.4713287949562073,0.02017347142100334,0.07617538422346115,0.04651149362325668,0.016297489404678345,0.19626368582248688,0.023083221167325974
53,NZL,New Zealand,2018,-2.981884479522705,0.45526379346847534,5.187593460083008,4,1.3908849954605103,0.9758965373039246,1.414912223815918,1.0041899681091309,1.3223596811294556,0.9194179177284241,1.4353830814361572,1.0040817260742188,0.06658265739679337,0.02582188881933689,0.058135997503995895,0.47031646966934204,0.02016647718846798,0.07647205144166946,0.04779409244656563,0.016298891976475716,0.19503554701805115,0.023375840857625008
53,NZL,New Zealand,2019,-2.6216039657592773,0.2483629733324051,5.187593460083008,4,1.3908849954605103,0.9758965373039246,1.414912223815918,1.0041899681091309,1.3223596811294556,0.9194179177284241,1.4353830814361572,1.0040817260742188,0.06658265739679337,0.02582188881933689,0.058135997503995895,0.47031646966934204,0.02016647718846798,0.07647205144166946,0.04779409244656563,0.016298891976475716,0.19503554701805115,0.023375840857625008
53,NZL,New Zealand,2020,-2.319328546524048,0.08801815658807755,5.187593460083008,4,1.3908849954605103,0.9758965373039246,1.414912223815918,1.0041899681091309,1.3223596811294556,0.9194179177284241,1.4353830814361572,1.0040817260742188,0.06658265739679337,0.02582188881933689,0.058135997503995895,0.47031646966934204,0.02016647718846798,0.07647205144166946,0.04779409244656563,0.016298891976475716,0.19503554701805115,0.023375840857625008
53,NZL,New Zealand,2021,-2.2188103199005127,-0.18919037282466888,5.187593460083008,4,1.3908849954605103,0.9758965373039246,1.414912223815918,1.0041899681091309,1.3223596811294556,0.9194179177284241,1.4353830814361572,1.0040817260742188,0.06658265739679337,0.02582188881933689,0.058135997503995895,0.47031646966934204,0.02016647718846798,0.07647205144166946,0.04779409244656563,0.016298891976475716,0.19503554701805115,0.023375840857625008
53,NZL,New Zealand,2022,-3.390082359313965,-0.252685010433197,5.187593460083008,4,1.3908849954605103,0.9758965373039246,1.414912223815918,1.0041899681091309,1.3223596811294556,0.9194179177284241,1.4353830814361572,1.0040817260742188,0.06658265739679337,0.02582188881933689,0.058135997503995895,0.47031646966934204,0.02016647718846798,0.07647205144166946,0.04779409244656563,0.016298891976475716,0.19503554701805115,0.023375840857625008
53,NZL,New Zealand,2023,-3.6847918033599854,-0.39631640911102295,5.187593460083008,4,1.3908849954605103,0.9758965373039246,1.414912223815918,1.0041899681091309,1.3223596811294556,0.9194179177284241,1.4353830814361572,1.0040817260742188,0.06658265739679337,0.02582188881933689,0.058135997503995895,0.47031646966934204,0.02016647718846798,0.07647205144166946,0.04779409244656563,0.016298891976475716,0.19503554701805115,0.023375840857625008
54,OMN,Oman,2018,-1.4833542108535767,-0.515220046043396,5.190810203552246,4,-0.0670604482293129,-0.8767855763435364,-0.2567063570022583,-0.9022057056427002,0.022247422486543655,-0.8260429501533508,0.033277593553066254,-0.9021083116531372,0.06233427673578262,0.043794695287942886,0.047528449445962906,0.4730975329875946,0.02171340584754944,0.07110302150249481,0.02716265246272087,0.01724906824529171,0.217574805021286,0.01844208501279354
54,OMN,Oman,2019,-1.4833542108535767,-0.8969999551773071,5.190810203552246,4,-0.0670604482293129,-0.8767855763435364,-0.2567063570022583,-0.9022057056427002,0.022247422486543655,-0.8260429501533508,0.033277593553066254,-0.9021083116531372,0.06233427673578262,0.043794695287942886,0.047528449445962906,0.4730975329875946,0.02171340584754944,0.07110302150249481,0.02716265246272087,0.01724906824529171,0.217574805021286,0.01844208501279354
54,OMN,Oman,2020,-1.9118425846099854,-1.2391265630722046,5.190810203552246,4,-0.0670604482293129,-0.8767855763435364,-0.2567063570022583,-0.9022057056427002,0.022247422486543655,-0.8260429501533508,0.033277593553066254,-0.9021083116531372,0.06233427673578262,0.043794695287942886,0.047528449445962906,0.4730975329875946,0.02171340584754944,0.07110302150249481,0.02716265246272087,0.01724906824529171,0.217574805021286,0.01844208501279354
54,OMN,Oman,2021,-2.7994258403778076,-1.5258804559707642,5.190810203552246,4,-0.0670604482293129,-0.8767855763435364,-0.2567063570022583,-0.9022057056427002,0.022247422486543655,-0.8260429501533508,0.033277593553066254,-0.9021083116531372,0.06233427673578262,0.043794695287942886,0.047528449445962906,0.4730975329875946,0.02171340584754944,0.07110302150249481,0.02716265246272087,0.01724906824529171,0.217574805021286,0.01844208501279354
54,OMN,Oman,2022,-4.406257152557373,-1.7398242950439453,5.190810203552246,4,-0.0670604482293129,-0.8767855763435364,-0.2567063570022583,-0.9022057056427002,0.022247422486543655,-0.8260429501533508,0.033277593553066254,-0.9021083116531372,0.06233427673578262,0.043794695287942886,0.047528449445962906,0.4730975329875946,0.02171340584754944,0.07110302150249481,0.02716265246272087,0.01724906824529171,0.217574805021286,0.01844208501279354
54,OMN,Oman,2023,-4.634274482727051,-1.8874439001083374,5.190810203552246,4,-0.0670604482293129,-0.8767855763435364,-0.2567063570022583,-0.9022057056427002,0.022247422486543655,-0.8260429501533508,0.033277593553066254,-0.9021083116531372,0.06233427673578262,0.043794695287942886,0.047528449445962906,0.4730975329875946,0.02171340584754944,0.07110302150249481,0.02716265246272087,0.01724906824529171,0.217574805021286,0.01844208501279354
55,PAK,Pakistan,2018,0.6607634425163269,-0.9304444789886475,5.192099094390869,4,-1.1695586442947388,-0.6053066849708557,-1.022442102432251,-0.6228560209274292,-1.2194249629974365,-0.5702754855155945,-1.2668088674545288,-0.6227887272834778,0.0626164972782135,0.04032603278756142,0.04867025092244148,0.47514182329177856,0.02129807509481907,0.07171705365180969,0.02930326946079731,0.016979210078716278,0.21497441828250885,0.018973346799612045
55,PAK,Pakistan,2019,0.263211190700531,-0.7900996208190918,5.192099094390869,4,-1.1695586442947388,-0.6053066849708557,-1.022442102432251,-0.6228560209274292,-1.2194249629974365,-0.5702754855155945,-1.2668088674545288,-0.6227887272834778,0.0626164972782135,0.04032603278756142,0.04867025092244148,0.47514182329177856,0.02129807509481907,0.07171705365180969,0.02930326946079731,0.016979210078716278,0.21497441828250885,0.018973346799612045
55,PAK,Pakistan,2020,0.5979493856430054,-0.7559038400650024,5.192099094390869,4,-1.1695586442947388,-0.6053066849708557,-1.022442102432251,-0.6228560209274292,-1.2194249629974365,-0.5702754855155945,-1.2668088674545288,-0.6227887272834778,0.0626164972782135,0.04032603278756142,0.04867025092244148,0.47514182329177856,0.02129807509481907,0.07171705365180969,0.02930326946079731,0.016979210078716278,0.21497441828250885,0.018973346799612045
55,PAK,Pakistan,2021,-0.27455824613571167,-0.7385566234588623,5.192099094390869,4,-1.1695586442947388,-0.6053066849708557,-1.022442102432251,-0.6228560209274292,-1.2194249629974365,-0.5702754855155945,-1.2668088674545288,-0.6227887272834778,0.0626164972782135,0.04032603278756142,0.04867025092244148,0.47514182329177856,0.02129807509481907,0.07171705365180969,0.02930326946079731,0.016979210078716278,0.21497441828250885,0.018973346799612045
55,PAK,Pakistan,2022,-1.3144348859786987,-0.7959970831871033,5.192099094390869,4,-1.1695586442947388,-0.6053066849708557,-1.022442102432251,-0.6228560209274292,-1.2194249629974365,-0.5702754855155945,-1.2668088674545288,-0.6227887272834778,0.0626164972782135,0.04032603278756142,0.04867025092244148,0.47514182329177856,0.02129807509481907,0.07171705365180969,0.02930326946079731,0.016979210078716278,0.21497441828250885,0.018973346799612045
55,PAK,Pakistan,2023,-1.7306287288665771,-0.8861035704612732,5.192099094390869,4,-1.1695586442947388,-0.6053066849708557,-1.022442102432251,-0.6228560209274292,-1.2194249629974365,-0.5702754855155945,-1.2668088674545288,-0.6227887272834778,0.0626164972782135,0.04032603278756142,0.04867025092244148,0.47514182329177856,0.02129807509481907,0.07171705365180969,0.02930326946079731,0.016979210078716278,0.21497441828250885,0.018973346799612045
56,PER,Peru,2018,1.0936386585235596,1.4023100137710571,5.190501689910889,4,-0.6950809359550476,-0.9206110835075378,-0.8969854712486267,-0.9473017454147339,-0.25150150060653687,-0.8673320412635803,-0.9367557168006897,-0.9471994638442993,0.06229907646775246,0.044385071843862534,0.04735630005598068,0.4726966917514801,0.021786527708172798,0.07100942730903625,0.026839938014745712,0.017296718433499336,0.21796844899654388,0.018361829221248627
56,PER,Peru,2019,1.1609760522842407,1.6463285684585571,5.190501689910889,4,-0.6950809359550476,-0.9206110835075378,-0.8969854712486267,-0.9473017454147339,-0.25150150060653687,-0.8673320412635803,-0.9367557168006897,-0.9471994638442993,0.06229907646775246,0.044385071843862534,0.04735630005598068,0.4726966917514801,0.021786527708172798,0.07100942730903625,0.026839938014745712,0.017296718433499336,0.21796844899654388,0.018361829221248627
56,PER,Peru,2020,0.8656606674194336,1.7576004266738892,5.190501689910889,4,-0.6950809359550476,-0.9206110835075378,-0.8969854712486267,-0.9473017454147339,-0.25150150060653687,-0.8673320412635803,-0.9367557168006897,-0.9471994638442993,0.06229907646775246,0.044385071843862534,0.04735630005598068,0.4726966917514801,0.021786527708172798,0.07100942730903625,0.026839938014745712,0.017296718433499336,0.21796844899654388,0.018361829221248627
56,PER,Peru,2021,1.0604026317596436,1.7414575815200806,5.190501689910889,4,-0.6950809359550476,-0.9206110835075378,-0.8969854712486267,-0.9473017454147339,-0.25150150060653687,-0.8673320412635803,-0.9367557168006897,-0.9471994638442993,0.06229907646775246,0.044385071843862534,0.04735630005598068,0.4726966917514801,0.021786527708172798,0.07100942730903625,0.026839938014745712,0.017296718433499336,0.21796844899654388,0.018361829221248627
56,PER,Peru,2022,1.6989833116531372,1.7445381879806519,5.190501689910889,4,-0.6950809359550476,-0.9206110835075378,-0.8969854712486267,-0.9473017454147339,-0.25150150060653687,-0.8673320412635803,-0.9367557168006897,-0.9471994638442993,0.06229907646775246,0.044385071843862534,0.04735630005598068,0.4726966917514801,0.021786527708172798,0.07100942730903625,0.026839938014745712,0.017296718433499336,0.21796844899654388,0.018361829221248627
56,PER,Peru,2023,1.919171690940857,1.772599697113037,5.190501689910889,4,-0.6950809359550476,-0.9206110835075378,-0.8969854712486267,-0.9473017454147339,-0.25150150060653687,-0.8673320412635803,-0.9367557168006897,-0.9471994638442993,0.06229907646775246,0.044385071843862534,0.04735630005598068,0.4726966917514801,0.021786527708172798,0.07100942730903625,0.026839938014745712,0.017296718433499336,0.21796844899654388,0.018361829221248627
57,PHL,Philippines,2018,4.912133693695068,-0.6874033212661743,5.189969539642334,4,-0.5819682478904724,-0.9880345463752747,-0.5483519434928894,-1.0166800022125244,-0.43141669034957886,-0.930853545665741,-0.7661361694335938,-1.0165702104568481,0.06225040555000305,0.045310128480196,0.04709787666797638,0.4720425605773926,0.021902309730648994,0.07086838036775589,0.026355262845754623,0.01737220771610737,0.21855954825878143,0.018241260200738907
57,PHL,Philippines,2019,5.833406925201416,-0.41189610958099365,5.189969539642334,4,-0.5819682478904724,-0.9880345463752747,-0.5483519434928894,-1.0166800022125244,-0.43141669034957886,-0.930853545665741,-0.7661361694335938,-1.0165702104568481,0.06225040555000305,0.045310128480196,0.04709787666797638,0.4720425605773926,0.021902309730648994,0.07086838036775589,0.026355262845754623,0.01737220771610737,0.21855954825878143,0.018241260200738907
57,PHL,Philippines,2020,6.113379955291748,-0.2558705806732178,5.189969539642334,4,-0.5819682478904724,-0.9880345463752747,-0.5483519434928894,-1.0166800022125244,-0.43141669034957886,-0.930853545665741,-0.7661361694335938,-1.0165702104568481,0.06225040555000305,0.045310128480196,0.04709787666797638,0.4720425605773926,0.021902309730648994,0.07086838036775589,0.026355262845754623,0.01737220771610737,0.21855954825878143,0.018241260200738907
57,PHL,Philippines,2021,6.149739742279053,-0.1542496234178543,5.189969539642334,4,-0.5819682478904724,-0.9880345463752747,-0.5483519434928894,-1.0166800022125244,-0.43141669034957886,-0.930853545665741,-0.7661361694335938,-1.0165702104568481,0.06225040555000305,0.045310128480196,0.04709787666797638,0.4720425605773926,0.021902309730648994,0.07086838036775589,0.026355262845754623,0.01737220771610737,0.21855954825878143,0.018241260200738907
57,PHL,Philippines,2022,6.288362503051758,-0.11801806092262268,5.189969539642334,4,-0.5819682478904724,-0.9880345463752747,-0.5483519434928894,-1.0166800022125244,-0.43141669034957886,-0.930853545665741,-0.7661361694335938,-1.0165702104568481,0.06225040555000305,0.045310128480196,0.04709787666797638,0.4720425605773926,0.021902309730648994,0.07086838036775589,0.026355262845754623,0.01737220771610737,0.21855954825878143,0.018241260200738907
57,PHL,Philippines,2023,6.736955165863037,-0.10008533298969269,5.189969539642334,4,-0.5819682478904724,-0.9880345463752747,-0.5483519434928894,-1.0166800022125244,-0.43141669034957886,-0.930853545665741,-0.7661361694335938,-1.0165702104568481,0.06225040555000305,0.045310128480196,0.04709787666797638,0.4720425605773926,0.021902309730648994,0.07086838036775589,0.026355262845754623,0.01737220771610737,0.21855954825878143,0.018241260200738907
58,POL,Poland,2018,-5.292060375213623,0.002578034996986389,5.192399501800537,4,0.13508905470371246,-0.23629306256771088,0.0030404042918235064,-0.24314376711845398,0.21474087238311768,-0.22261792421340942,0.18748588860034943,-0.24311746656894684,0.06318388879299164,0.036113131791353226,0.050439879298210144,0.4766460955142975,0.020838512107729912,0.07264949381351471,0.032638393342494965,0.01668391562998295,0.21101197600364685,0.019794780761003494
58,POL,Poland,2019,-6.858757495880127,0.04745279252529144,5.192399501800537,4,0.13508905470371246,-0.23629306256771088,0.0030404042918235064,-0.24314376711845398,0.21474087238311768,-0.22261792421340942,0.18748588860034943,-0.24311746656894684,0.06318388879299164,0.036113131791353226,0.050439879298210144,0.4766460955142975,0.020838512107729912,0.07264949381351471,0.032638393342494965,0.01668391562998295,0.21101197600364685,0.019794780761003494
58,POL,Poland,2020,-8.258927345275879,0.04350678622722626,5.192399501800537,4,0.13508905470371246,-0.23629306256771088,0.0030404042918235064,-0.24314376711845398,0.21474087238311768,-0.22261792421340942,0.18748588860034943,-0.24311746656894684,0.06318388879299164,0.036113131791353226,0.050439879298210144,0.4766460955142975,0.020838512107729912,0.07264949381351471,0.032638393342494965,0.01668391562998295,0.21101197600364685,0.019794780761003494
58,POL,Poland,2021,-7.500536918640137,0.0429578572511673,5.192399501800537,4,0.13508905470371246,-0.23629306256771088,0.0030404042918235064,-0.24314376711845398,0.21474087238311768,-0.22261792421340942,0.18748588860034943,-0.24311746656894684,0.06318388879299164,0.036113131791353226,0.050439879298210144,0.4766460955142975,0.020838512107729912,0.07264949381351471,0.032638393342494965,0.01668391562998295,0.21101197600364685,0.019794780761003494
58,POL,Poland,2022,-8.502216339111328,0.021803542971611023,5.192399501800537,4,0.13508905470371246,-0.23629306256771088,0.0030404042918235064,-0.24314376711845398,0.21474087238311768,-0.22261792421340942,0.18748588860034943,-0.24311746656894684,0.06318388879299164,0.036113131791353226,0.050439879298210144,0.4766460955142975,0.020838512107729912,0.07264949381351471,0.032638393342494965,0.01668391562998295,0.21101197600364685,0.019794780761003494
58,POL,Poland,2023,-11.761031150817871,0.0299883633852005,5.192399501800537,4,0.13508905470371246,-0.23629306256771088,0.0030404042918235064,-0.24314376711845398,0.21474087238311768,-0.22261792421340942,0.18748588860034943,-0.24311746656894684,0.06318388879299164,0.036113131791353226,0.050439879298210144,0.4766460955142975,0.020838512107729912,0.07264949381351471,0.032638393342494965,0.01668391562998295,0.21101197600364685,0.019794780761003494
59,PRT,Portugal,2018,-1.9006779193878174,-0.7904247045516968,5.188014984130859,4,0.5889715552330017,0.8821719288825989,0.3899436593055725,0.9077481031417847,0.6463295221328735,0.831117570400238,0.7306414842605591,0.9076502919197083,0.06623854488134384,0.02644922025501728,0.05743734538555145,0.47144269943237305,0.0201746616512537,0.0761406198143959,0.04636254534125328,0.016297588124871254,0.19640767574310303,0.023049121722579002
59,PRT,Portugal,2019,-2.685220718383789,-0.7072573304176331,5.188014984130859,4,0.5889715552330017,0.8821719288825989,0.3899436593055725,0.9077481031417847,0.6463295221328735,0.831117570400238,0.7306414842605591,0.9076502919197083,0.06623854488134384,0.02644922025501728,0.05743734538555145,0.47144269943237305,0.0201746616512537,0.0761406198143959,0.04636254534125328,0.016297588124871254,0.19640767574310303,0.023049121722579002
59,PRT,Portugal,2020,-3.400998592376709,-0.6990602016448975,5.188014984130859,4,0.5889715552330017,0.8821719288825989,0.3899436593055725,0.9077481031417847,0.6463295221328735,0.831117570400238,0.7306414842605591,0.9076502919197083,0.06623854488134384,0.02644922025501728,0.05743734538555145,0.47144269943237305,0.0201746616512537,0.0761406198143959,0.04636254534125328,0.016297588124871254,0.19640767574310303,0.023049121722579002
59,PRT,Portugal,2021,-3.9149670600891113,-0.8873650431632996,5.188014984130859,4,0.5889715552330017,0.8821719288825989,0.3899436593055725,0.9077481031417847,0.6463295221328735,0.831117570400238,0.7306414842605591,0.9076502919197083,0.06623854488134384,0.02644922025501728,0.05743734538555145,0.47144269943237305,0.0201746616512537,0.0761406198143959,0.04636254534125328,0.016297588124871254,0.19640767574310303,0.023049121722579002
59,PRT,Portugal,2022,-3.713021755218506,-0.774059534072876,5.188014984130859,4,0.5889715552330017,0.8821719288825989,0.3899436593055725,0.9077481031417847,0.6463295221328735,0.831117570400238,0.7306414842605591,0.9076502919197083,0.06623854488134384,0.02644922025501728,0.05743734538555145,0.47144269943237305,0.0201746616512537,0.0761406198143959,0.04636254534125328,0.016297588124871254,0.19640767574310303,0.023049121722579002
59,PRT,Portugal,2023,-4.624629497528076,-0.8146961331367493,5.188014984130859,4,0.5889715552330017,0.8821719288825989,0.3899436593055725,0.9077481031417847,0.6463295221328735,0.831117570400238,0.7306414842605591,0.9076502919197083,0.06623854488134384,0.02644922025501728,0.05743734538555145,0.47144269943237305,0.0201746616512537,0.0761406198143959,0.04636254534125328,0.016297588124871254,0.19640767574310303,0.023049121722579002
60,QAT,Qatar,2018,-6.880117416381836,1.4012351036071777,5.191161155700684,4,-0.037850040942430496,-0.8206408619880676,0.02352459356188774,-0.8444331884384155,-0.20334964990615845,-0.773147463798523,0.06627492606639862,-0.8443419933319092,0.06238351762294769,0.04305083304643631,0.04775385186076164,0.4735828936100006,0.021622171625494957,0.071225106716156,0.0275851059705019,0.017189664766192436,0.21705970168113708,0.018547089770436287
60,QAT,Qatar,2019,-4.506235599517822,1.1558914184570312,5.191161155700684,4,-0.037850040942430496,-0.8206408619880676,0.02352459356188774,-0.8444331884384155,-0.20334964990615845,-0.773147463798523,0.06627492606639862,-0.8443419933319092,0.06238351762294769,0.04305083304643631,0.04775385186076164,0.4735828936100006,0.021622171625494957,0.071225106716156,0.0275851059705019,0.017189664766192436,0.21705970168113708,0.018547089770436287
60,QAT,Qatar,2020,-5.444746971130371,1.0623608827590942,5.191161155700684,4,-0.037850040942430496,-0.8206408619880676,0.02352459356188774,-0.8444331884384155,-0.20334964990615845,-0.773147463798523,0.06627492606639862,-0.8443419933319092,0.06238351762294769,0.04305083304643631,0.04775385186076164,0.4735828936100006,0.021622171625494957,0.071225106716156,0.0275851059705019,0.017189664766192436,0.21705970168113708,0.018547089770436287
60,QAT,Qatar,2021,-6.548878192901611,0.9240568280220032,5.191161155700684,4,-0.037850040942430496,-0.8206408619880676,0.02352459356188774,-0.8444331884384155,-0.20334964990615845,-0.773147463798523,0.06627492606639862,-0.8443419933319092,0.06238351762294769,0.04305083304643631,0.04775385186076164,0.4735828936100006,0.021622171625494957,0.071225106716156,0.0275851059705019,0.017189664766192436,0.21705970168113708,0.018547089770436287
60,QAT,Qatar,2022,-4.892681121826172,0.8438025712966919,5.191161155700684,4,-0.037850040942430496,-0.8206408619880676,0.02352459356188774,-0.8444331884384155,-0.20334964990615845,-0.773147463798523,0.06627492606639862,-0.8443419933319092,0.06238351762294769,0.04305083304643631,0.04775385186076164,0.4735828936100006,0.021622171625494957,0.071225106716156,0.0275851059705019,0.017189664766192436,0.21705970168113708,0.018547089770436287
60,QAT,Qatar,2023,-5.334333896636963,0.785432755947113,5.191161155700684,4,-0.037850040942430496,-0.8206408619880676,0.02352459356188774,-0.8444331884384155,-0.20334964990615845,-0.773147463798523,0.06627492606639862,-0.8443419933319092,0.06238351762294769,0.04305083304643631,0.04775385186076164,0.4735828936100006,0.021622171625494957,0.071225106716156,0.0275851059705019,0.017189664766192436,0.21705970168113708,0.018547089770436287
61,ROU,Romania,2018,-3.695746898651123,0.01514078676700592,5.191855430603027,4,-0.6137262582778931,-0.6775718331336975,-0.9381364583969116,-0.6972162127494812,-0.44055911898612976,-0.6383583545684814,-0.4624831974506378,-0.6971409320831299,0.06253042072057724,0.041218020021915436,0.0483534149825573,0.47467294335365295,0.02140227146446705,0.07154775410890579,0.02870892360806465,0.01704675331711769,0.21569350361824036,0.01882607489824295
61,ROU,Romania,2019,-4.160907745361328,0.36111146211624146,5.191855430603027,4,-0.6137262582778931,-0.6775718331336975,-0.9381364583969116,-0.6972162127494812,-0.44055911898612976,-0.6383583545684814,-0.4624831974506378,-0.6971409320831299,0.06253042072057724,0.041218020021915436,0.0483534149825573,0.47467294335365295,0.02140227146446705,0.07154775410890579,0.02870892360806465,0.01704675331711769,0.21569350361824036,0.01882607489824295
61,ROU,Romania,2020,-5.406534671783447,0.36020028591156006,5.191855430603027,4,-0.6137262582778931,-0.6775718331336975,-0.9381364583969116,-0.6972162127494812,-0.44055911898612976,-0.6383583545684814,-0.4624831974506378,-0.6971409320831299,0.06253042072057724,0.041218020021915436,0.0483534149825573,0.47467294335365295,0.02140227146446705,0.07154775410890579,0.02870892360806465,0.01704675331711769,0.21569350361824036,0.01882607489824295
61,ROU,Romania,2021,-5.111453533172607,0.3292851746082306,5.191855430603027,4,-0.6137262582778931,-0.6775718331336975,-0.9381364583969116,-0.6972162127494812,-0.44055911898612976,-0.6383583545684814,-0.4624831974506378,-0.6971409320831299,0.06253042072057724,0.041218020021915436,0.0483534149825573,0.47467294335365295,0.02140227146446705,0.07154775410890579,0.02870892360806465,0.01704675331711769,0.21569350361824036,0.01882607489824295
61,ROU,Romania,2022,-4.921149253845215,0.4604244828224182,5.191855430603027,4,-0.6137262582778931,-0.6775718331336975,-0.9381364583969116,-0.6972162127494812,-0.44055911898612976,-0.6383583545684814,-0.4624831974506378,-0.6971409320831299,0.06253042072057724,0.041218020021915436,0.0483534149825573,0.47467294335365295,0.02140227146446705,0.07154775410890579,0.02870892360806465,0.01704675331711769,0.21569350361824036,0.01882607489824295
61,ROU,Romania,2023,-6.2508416175842285,0.4691518545150757,5.191855430603027,4,-0.6137262582778931,-0.6775718331336975,-0.9381364583969116,-0.6972162127494812,-0.44055911898612976,-0.6383583545684814,-0.4624831974506378,-0.6971409320831299,0.06253042072057724,0.041218020021915436,0.0483534149825573,0.47467294335365295,0.02140227146446705,0.07154775410890579,0.02870892360806465,0.01704675331711769,0.21569350361824036,0.01882607489824295
62,RUS,Russia,2018,-3.6435298919677734,-0.440062940120697,5.191977500915527,4,-1.1349221467971802,-0.6437850594520569,-1.1962112188339233,-0.6624498963356018,-0.9114767909049988,-0.6065269112586975,-1.2970784902572632,-0.6623783111572266,0.06256966292858124,0.04079818353056908,0.04850035905838013,0.4748990833759308,0.02135298028588295,0.07162636518478394,0.028984518721699715,0.01701478287577629,0.21535971760749817,0.018894385546445847
62,RUS,Russia,2019,-3.5361337661743164,-0.29075729846954346,5.191977500915527,4,-1.1349221467971802,-0.6437850594520569,-1.1962112188339233,-0.6624498963356018,-0.9114767909049988,-0.6065269112586975,-1.2970784902572632,-0.6623783111572266,0.06256966292858124,0.04079818353056908,0.04850035905838013,0.4748990833759308,0.02135298028588295,0.07162636518478394,0.028984518721699715,0.01701478287577629,0.21535971760749817,0.018894385546445847
62,RUS,Russia,2020,-6.922895908355713,-0.4136948585510254,5.191977500915527,4,-1.1349221467971802,-0.6437850594520569,-1.1962112188339233,-0.6624498963356018,-0.9114767909049988,-0.6065269112586975,-1.2970784902572632,-0.6623783111572266,0.06256966292858124,0.04079818353056908,0.04850035905838013,0.4748990833759308,0.02135298028588295,0.07162636518478394,0.028984518721699715,0.01701478287577629,0.21535971760749817,0.018894385546445847
62,RUS,Russia,2021,-5.5373334884643555,-0.4442993402481079,5.191977500915527,4,-1.1349221467971802,-0.6437850594520569,-1.1962112188339233,-0.6624498963356018,-0.9114767909049988,-0.6065269112586975,-1.2970784902572632,-0.6623783111572266,0.06256966292858124,0.04079818353056908,0.04850035905838013,0.4748990833759308,0.02135298028588295,0.07162636518478394,0.028984518721699715,0.01701478287577629,0.21535971760749817,0.018894385546445847
62,RUS,Russia,2022,-4.097316741943359,-0.5633429288864136,5.191977500915527,4,-1.1349221467971802,-0.6437850594520569,-1.1962112188339233,-0.6624498963356018,-0.9114767909049988,-0.6065269112586975,-1.2970784902572632,-0.6623783111572266,0.06256966292858124,0.04079818353056908,0.04850035905838013,0.4748990833759308,0.02135298028588295,0.07162636518478394,0.028984518721699715,0.01701478287577629,0.21535971760749817,0.018894385546445847
62,RUS,Russia,2023,-3.127725601196289,-0.6752987504005432,5.191977500915527,4,-1.1349221467971802,-0.6437850594520569,-1.1962112188339233,-0.6624498963356018,-0.9114767909049988,-0.6065269112586975,-1.2970784902572632,-0.6623783111572266,0.06256966292858124,0.04079818353056908,0.04850035905838013,0.4748990833759308,0.02135298028588295,0.07162636518478394,0.028984518721699715,0.01701478287577629,0.21535971760749817,0.018894385546445847
63,SAU,Saudi Arabia,2018,2.299851655960083,0.38894206285476685,5.191232204437256,4,-0.5544285178184509,-0.8083401322364807,-0.6724381446838379,-0.8317757844924927,-0.49509498476982117,-0.7615585923194885,-0.4957524538040161,-0.8316860198974609,0.06239493563771248,0.042889729142189026,0.04780397191643715,0.4736849367618561,0.021602554246783257,0.07125220447778702,0.02767903544008732,0.017176900058984756,0.21694524586200714,0.0185704343020916
63,SAU,Saudi Arabia,2019,1.9578986167907715,0.19162707030773163,5.191232204437256,4,-0.5544285178184509,-0.8083401322364807,-0.6724381446838379,-0.8317757844924927,-0.49509498476982117,-0.7615585923194885,-0.4957524538040161,-0.8316860198974609,0.06239493563771248,0.042889729142189026,0.04780397191643715,0.4736849367618561,0.021602554246783257,0.07125220447778702,0.02767903544008732,0.017176900058984756,0.21694524586200714,0.0185704343020916
63,SAU,Saudi Arabia,2020,2.004265069961548,0.22786210477352142,5.191232204437256,4,-0.5544285178184509,-0.8083401322364807,-0.6724381446838379,-0.8317757844924927,-0.49509498476982117,-0.7615585923194885,-0.4957524538040161,-0.8316860198974609,0.06239493563771248,0.042889729142189026,0.04780397191643715,0.4736849367618561,0.021602554246783257,0.07125220447778702,0.02767903544008732,0.017176900058984756,0.21694524586200714,0.0185704343020916
63,SAU,Saudi Arabia,2021,2.169445753097534,0.18959373235702515,5.191232204437256,4,-0.5544285178184509,-0.8083401322364807,-0.6724381446838379,-0.8317757844924927,-0.49509498476982117,-0.7615585923194885,-0.4957524538040161,-0.8316860198974609,0.06239493563771248,0.042889729142189026,0.04780397191643715,0.4736849367618561,0.021602554246783257,0.07125220447778702,0.02767903544008732,0.017176900058984756,0.21694524586200714,0.0185704343020916
63,SAU,Saudi Arabia,2022,1.4797439575195312,0.16769446432590485,5.191232204437256,4,-0.5544285178184509,-0.8083401322364807,-0.6724381446838379,-0.8317757844924927,-0.49509498476982117,-0.7615585923194885,-0.4957524538040161,-0.8316860198974609,0.06239493563771248,0.042889729142189026,0.04780397191643715,0.4736849367618561,0.021602554246783257,0.07125220447778702,0.02767903544008732,0.017176900058984756,0.21694524586200714,0.0185704343020916
63,SAU,Saudi Arabia,2023,0.6857173442840576,0.15271331369876862,5.191232204437256,4,-0.5544285178184509,-0.8083401322364807,-0.6724381446838379,-0.8317757844924927,-0.49509498476982117,-0.7615585923194885,-0.4957524538040161,-0.8316860198974609,0.06239493563771248,0.042889729142189026,0.04780397191643715,0.4736849367618561,0.021602554246783257,0.07125220447778702,0.02767903544008732,0.017176900058984756,0.21694524586200714,0.0185704343020916
64,SGP,Singapore,2018,-1.5155048370361328,-0.45904994010925293,5.187129974365234,4,1.4344711303710938,1.0872145891189575,1.7217825651168823,1.118735432624817,1.536649465560913,1.0242936611175537,1.0449817180633545,1.1186147928237915,0.06700766831636429,0.02510836347937584,0.05898745357990265,0.46884089708328247,0.02016562409698963,0.07687172293663025,0.04955562949180603,0.01630684733390808,0.19338122010231018,0.02377462573349476
64,SGP,Singapore,2019,-1.5344992876052856,-0.7995577454566956,5.187129974365234,4,1.4344711303710938,1.0872145891189575,1.7217825651168823,1.118735432624817,1.536649465560913,1.0242936611175537,1.0449817180633545,1.1186147928237915,0.06700766831636429,0.02510836347937584,0.05898745357990265,0.46884089708328247,0.02016562409698963,0.07687172293663025,0.04955562949180603,0.01630684733390808,0.19338122010231018,0.02377462573349476
64,SGP,Singapore,2020,-1.5631846189498901,-1.1345840692520142,5.187129974365234,4,1.4344711303710938,1.0872145891189575,1.7217825651168823,1.118735432624817,1.536649465560913,1.0242936611175537,1.0449817180633545,1.1186147928237915,0.06700766831636429,0.02510836347937584,0.05898745357990265,0.46884089708328247,0.02016562409698963,0.07687172293663025,0.04955562949180603,0.01630684733390808,0.19338122010231018,0.02377462573349476
64,SGP,Singapore,2021,-1.5329487323760986,-1.4187103509902954,5.187129974365234,4,1.4344711303710938,1.0872145891189575,1.7217825651168823,1.118735432624817,1.536649465560913,1.0242936611175537,1.0449817180633545,1.1186147928237915,0.06700766831636429,0.02510836347937584,0.05898745357990265,0.46884089708328247,0.02016562409698963,0.07687172293663025,0.04955562949180603,0.01630684733390808,0.19338122010231018,0.02377462573349476
64,SGP,Singapore,2022,-1.5709375143051147,-1.6062289476394653,5.187129974365234,4,1.4344711303710938,1.0872145891189575,1.7217825651168823,1.118735432624817,1.536649465560913,1.0242936611175537,1.0449817180633545,1.1186147928237915,0.06700766831636429,0.02510836347937584,0.05898745357990265,0.46884089708328247,0.02016562409698963,0.07687172293663025,0.04955562949180603,0.01630684733390808,0.19338122010231018,0.02377462573349476
64,SGP,Singapore,2023,-1.6358672380447388,-1.684557318687439,5.187129974365234,4,1.4344711303710938,1.0872145891189575,1.7217825651168823,1.118735432624817,1.536649465560913,1.0242936611175537,1.0449817180633545,1.1186147928237915,0.06700766831636429,0.02510836347937584,0.05898745357990265,0.46884089708328247,0.02016562409698963,0.07687172293663025,0.04955562949180603,0.01630684733390808,0.19338122010231018,0.02377462573349476
65,SVK,Slovakia,2018,-1.5849237442016602,0.12850739061832428,5.192357063293457,4,0.11652449518442154,-0.20215904712677002,0.11614179611206055,-0.2080201357603073,0.3065413236618042,-0.19045937061309814,-0.07310961931943893,-0.2079976201057434,0.06324735283851624,0.03575144708156586,0.05061671510338783,0.47670778632164,0.020802130922675133,0.07274150848388672,0.032973676919937134,0.016660822555422783,0.21062172949314117,0.01987680420279503
65,SVK,Slovakia,2019,-2.091881036758423,0.11122725903987885,5.192357063293457,4,0.11652449518442154,-0.20215904712677002,0.11614179611206055,-0.2080201357603073,0.3065413236618042,-0.19045937061309814,-0.07310961931943893,-0.2079976201057434,0.06324735283851624,0.03575144708156586,0.05061671510338783,0.47670778632164,0.020802130922675133,0.07274150848388672,0.032973676919937134,0.016660822555422783,0.21062172949314117,0.01987680420279503
65,SVK,Slovakia,2020,-2.406219482421875,0.023604020476341248,5.192357063293457,4,0.11652449518442154,-0.20215904712677002,0.11614179611206055,-0.2080201357603073,0.3065413236618042,-0.19045937061309814,-0.07310961931943893,-0.2079976201057434,0.06324735283851624,0.03575144708156586,0.05061671510338783,0.47670778632164,0.020802130922675133,0.07274150848388672,0.032973676919937134,0.016660822555422783,0.21062172949314117,0.01987680420279503
65,SVK,Slovakia,2021,-2.1880667209625244,-0.03327234089374542,5.192357063293457,4,0.11652449518442154,-0.20215904712677002,0.11614179611206055,-0.2080201357603073,0.3065413236618042,-0.19045937061309814,-0.07310961931943893,-0.2079976201057434,0.06324735283851624,0.03575144708156586,0.05061671510338783,0.47670778632164,0.020802130922675133,0.07274150848388672,0.032973676919937134,0.016660822555422783,0.21062172949314117,0.01987680420279503
65,SVK,Slovakia,2022,-2.8150081634521484,-0.093324214220047,5.192357063293457,4,0.11652449518442154,-0.20215904712677002,0.11614179611206055,-0.2080201357603073,0.3065413236618042,-0.19045937061309814,-0.07310961931943893,-0.2079976201057434,0.06324735283851624,0.03575144708156586,0.05061671510338783,0.47670778632164,0.020802130922675133,0.07274150848388672,0.032973676919937134,0.016660822555422783,0.21062172949314117,0.01987680420279503
65,SVK,Slovakia,2023,-3.482109785079956,-0.11242727935314178,5.192357063293457,4,0.11652449518442154,-0.20215904712677002,0.11614179611206055,-0.2080201357603073,0.3065413236618042,-0.19045937061309814,-0.07310961931943893,-0.2079976201057434,0.06324735283851624,0.03575144708156586,0.05061671510338783,0.47670778632164,0.020802130922675133,0.07274150848388672,0.032973676919937134,0.016660822555422783,0.21062172949314117,0.01987680420279503
66,SVN,Slovenia,2018,-4.337141990661621,0.42130720615386963,5.189453125,4,0.38642582297325134,0.5854491591453552,0.28950437903404236,0.6024226546287537,0.34630832076072693,0.5515671968460083,0.5234646797180176,0.6023577451705933,0.06523533910512924,0.028605302795767784,0.05533810704946518,0.47430163621902466,0.020247014239430428,0.07512597739696503,0.04213361442089081,0.01632681116461754,0.2006162703037262,0.02206987887620926
66,SVN,Slovenia,2019,-4.712256908416748,0.08778560161590576,5.189453125,4,0.38642582297325134,0.5854491591453552,0.28950437903404236,0.6024226546287537,0.34630832076072693,0.5515671968460083,0.5234646797180176,0.6023577451705933,0.06523533910512924,0.028605302795767784,0.05533810704946518,0.47430163621902466,0.020247014239430428,0.07512597739696503,0.04213361442089081,0.01632681116461754,0.2006162703037262,0.02206987887620926
66,SVN,Slovenia,2020,-6.15969705581665,-0.21606124937534332,5.189453125,4,0.38642582297325134,0.5854491591453552,0.28950437903404236,0.6024226546287537,0.34630832076072693,0.5515671968460083,0.5234646797180176,0.6023577451705933,0.06523533910512924,0.028605302795767784,0.05533810704946518,0.47430163621902466,0.020247014239430428,0.07512597739696503,0.04213361442089081,0.01632681116461754,0.2006162703037262,0.02206987887620926
66,SVN,Slovenia,2021,-6.669349670410156,-0.3934851884841919,5.189453125,4,0.38642582297325134,0.5854491591453552,0.28950437903404236,0.6024226546287537,0.34630832076072693,0.5515671968460083,0.5234646797180176,0.6023577451705933,0.06523533910512924,0.028605302795767784,0.05533810704946518,0.47430163621902466,0.020247014239430428,0.07512597739696503,0.04213361442089081,0.01632681116461754,0.2006162703037262,0.02206987887620926
66,SVN,Slovenia,2022,-7.458681583404541,-0.38122785091400146,5.189453125,4,0.38642582297325134,0.5854491591453552,0.28950437903404236,0.6024226546287537,0.34630832076072693,0.5515671968460083,0.5234646797180176,0.6023577451705933,0.06523533910512924,0.028605302795767784,0.05533810704946518,0.47430163621902466,0.020247014239430428,0.07512597739696503,0.04213361442089081,0.01632681116461754,0.2006162703037262,0.02206987887620926
66,SVN,Slovenia,2023,-9.606645584106445,-0.47545522451400757,5.189453125,4,0.38642582297325134,0.5854491591453552,0.28950437903404236,0.6024226546287537,0.34630832076072693,0.5515671968460083,0.5234646797180176,0.6023577451705933,0.06523533910512924,0.028605302795767784,0.05533810704946518,0.47430163621902466,0.020247014239430428,0.07512597739696503,0.04213361442089081,0.01632681116461754,0.2006162703037262,0.02206987887620926
67,SWE,Sweden,2018,-1.111396074295044,0.3784336447715759,5.1877546310424805,4,1.3480762243270874,0.9394776821136475,1.4301238059997559,0.9667152166366577,1.161694884300232,0.8851068019866943,1.4524099826812744,0.9666110277175903,0.06644744426012039,0.02606271393597126,0.057862527668476105,0.47076675295829773,0.020168844610452652,0.07634270191192627,0.04723227024078369,0.016297796741127968,0.19557105004787445,0.02324790693819523
67,SWE,Sweden,2019,-1.153639554977417,0.28410646319389343,5.1877546310424805,4,1.3480762243270874,0.9394776821136475,1.4301238059997559,0.9667152166366577,1.161694884300232,0.8851068019866943,1.4524099826812744,0.9666110277175903,0.06644744426012039,0.02606271393597126,0.057862527668476105,0.47076675295829773,0.020168844610452652,0.07634270191192627,0.04723227024078369,0.016297796741127968,0.19557105004787445,0.02324790693819523
67,SWE,Sweden,2020,-1.5468288660049438,0.19008105993270874,5.1877546310424805,4,1.3480762243270874,0.9394776821136475,1.4301238059997559,0.9667152166366577,1.161694884300232,0.8851068019866943,1.4524099826812744,0.9666110277175903,0.06644744426012039,0.02606271393597126,0.057862527668476105,0.47076675295829773,0.020168844610452652,0.07634270191192627,0.04723227024078369,0.016297796741127968,0.19557105004787445,0.02324790693819523
67,SWE,Sweden,2021,-1.2186294794082642,0.21245165169239044,5.1877546310424805,4,1.3480762243270874,0.9394776821136475,1.4301238059997559,0.9667152166366577,1.161694884300232,0.8851068019866943,1.4524099826812744,0.9666110277175903,0.06644744426012039,0.02606271393597126,0.057862527668476105,0.47076675295829773,0.020168844610452652,0.07634270191192627,0.04723227024078369,0.016297796741127968,0.19557105004787445,0.02324790693819523
67,SWE,Sweden,2022,-1.295534372329712,0.1684798151254654,5.1877546310424805,4,1.3480762243270874,0.9394776821136475,1.4301238059997559,0.9667152166366577,1.161694884300232,0.8851068019866943,1.4524099826812744,0.9666110277175903,0.06644744426012039,0.02606271393597126,0.057862527668476105,0.47076675295829773,0.020168844610452652,0.07634270191192627,0.04723227024078369,0.016297796741127968,0.19557105004787445,0.02324790693819523
67,SWE,Sweden,2023,-1.5739079713821411,0.20148684084415436,5.1877546310424805,4,1.3480762243270874,0.9394776821136475,1.4301238059997559,0.9667152166366577,1.161694884300232,0.8851068019866943,1.4524099826812744,0.9666110277175903,0.06644744426012039,0.02606271393597126,0.057862527668476105,0.47076675295829773,0.020168844610452652,0.07634270191192627,0.04723227024078369,0.016297796741127968,0.19557105004787445,0.02324790693819523
68,THA,Thailand,2018,-6.279742240905762,-0.06287118792533875,5.189266204833984,4,-0.2564157247543335,-1.0657384395599365,-0.22457081079483032,-1.0966366529464722,-0.3106171190738678,-1.0040602684020996,-0.23405922949314117,-1.0965182781219482,0.062202438712120056,0.046401653438806534,0.04680956155061722,0.4712337255477905,0.02204064093530178,0.07071015238761902,0.025813981890678406,0.017462458461523056,0.21921882033348083,0.018106577917933464
68,THA,Thailand,2019,-7.279186248779297,0.17544758319854736,5.189266204833984,4,-0.2564157247543335,-1.0657384395599365,-0.22457081079483032,-1.0966366529464722,-0.3106171190738678,-1.0040602684020996,-0.23405922949314117,-1.0965182781219482,0.062202438712120056,0.046401653438806534,0.04680956155061722,0.4712337255477905,0.02204064093530178,0.07071015238761902,0.025813981890678406,0.017462458461523056,0.21921882033348083,0.018106577917933464
68,THA,Thailand,2020,-5.78999662399292,0.40671998262405396,5.189266204833984,4,-0.2564157247543335,-1.0657384395599365,-0.22457081079483032,-1.0966366529464722,-0.3106171190738678,-1.0040602684020996,-0.23405922949314117,-1.0965182781219482,0.062202438712120056,0.046401653438806534,0.04680956155061722,0.4712337255477905,0.02204064093530178,0.07071015238761902,0.025813981890678406,0.017462458461523056,0.21921882033348083,0.018106577917933464
68,THA,Thailand,2021,-6.593542575836182,0.49702608585357666,5.189266204833984,4,-0.2564157247543335,-1.0657384395599365,-0.22457081079483032,-1.0966366529464722,-0.3106171190738678,-1.0040602684020996,-0.23405922949314117,-1.0965182781219482,0.062202438712120056,0.046401653438806534,0.04680956155061722,0.4712337255477905,0.02204064093530178,0.07071015238761902,0.025813981890678406,0.017462458461523056,0.21921882033348083,0.018106577917933464
68,THA,Thailand,2022,-7.6401472091674805,0.537465512752533,5.189266204833984,4,-0.2564157247543335,-1.0657384395599365,-0.22457081079483032,-1.0966366529464722,-0.3106171190738678,-1.0040602684020996,-0.23405922949314117,-1.0965182781219482,0.062202438712120056,0.046401653438806534,0.04680956155061722,0.4712337255477905,0.02204064093530178,0.07071015238761902,0.025813981890678406,0.017462458461523056,0.21921882033348083,0.018106577917933464
68,THA,Thailand,2023,-9.644476890563965,0.563223123550415,5.189266204833984,4,-0.2564157247543335,-1.0657384395599365,-0.22457081079483032,-1.0966366529464722,-0.3106171190738678,-1.0040602684020996,-0.23405922949314117,-1.0965182781219482,0.062202438712120056,0.046401653438806534,0.04680956155061722,0.4712337255477905,0.02204064093530178,0.07071015238761902,0.025813981890678406,0.017462458461523056,0.21921882033348083,0.018106577917933464
69,TKM,Turkmenistan,2018,-0.8944293856620789,-0.20881287753582,5.192440986633301,4,-2.006190538406372,-0.2854643166065216,-1.8531438112258911,-0.2937406003475189,-2.4522314071655273,-0.2689434587955475,-1.7131962776184082,-0.293708860874176,0.06309574097394943,0.03664229065179825,0.050189122557640076,0.4765336811542511,0.020892739295959473,0.07251864671707153,0.03216366097331047,0.016718439757823944,0.21156726777553558,0.019678445532917976
69,TKM,Turkmenistan,2019,1.0794837474822998,0.005969509482383728,5.192440986633301,4,-2.006190538406372,-0.2854643166065216,-1.8531438112258911,-0.2937406003475189,-2.4522314071655273,-0.2689434587955475,-1.7131962776184082,-0.293708860874176,0.06309574097394943,0.03664229065179825,0.050189122557640076,0.4765336811542511,0.020892739295959473,0.07251864671707153,0.03216366097331047,0.016718439757823944,0.21156726777553558,0.019678445532917976
69,TKM,Turkmenistan,2020,1.1499806642532349,0.08785393834114075,5.192440986633301,4,-2.006190538406372,-0.2854643166065216,-1.8531438112258911,-0.2937406003475189,-2.4522314071655273,-0.2689434587955475,-1.7131962776184082,-0.293708860874176,0.06309574097394943,0.03664229065179825,0.050189122557640076,0.4765336811542511,0.020892739295959473,0.07251864671707153,0.03216366097331047,0.016718439757823944,0.21156726777553558,0.019678445532917976
69,TKM,Turkmenistan,2021,-3.7143051624298096,0.14263978600502014,5.192440986633301,4,-2.006190538406372,-0.2854643166065216,-1.8531438112258911,-0.2937406003475189,-2.4522314071655273,-0.2689434587955475,-1.7131962776184082,-0.293708860874176,0.06309574097394943,0.03664229065179825,0.050189122557640076,0.4765336811542511,0.020892739295959473,0.07251864671707153,0.03216366097331047,0.016718439757823944,0.21156726777553558,0.019678445532917976
69,TKM,Turkmenistan,2022,-2.6568517684936523,0.10951213538646698,5.192440986633301,4,-2.006190538406372,-0.2854643166065216,-1.8531438112258911,-0.2937406003475189,-2.4522314071655273,-0.2689434587955475,-1.7131962776184082,-0.293708860874176,0.06309574097394943,0.03664229065179825,0.050189122557640076,0.4765336811542511,0.020892739295959473,0.07251864671707153,0.03216366097331047,0.016718439757823944,0.21156726777553558,0.019678445532917976
69,TKM,Turkmenistan,2023,-1.52890145778656,0.05985298752784729,5.192440986633301,4,-2.006190538406372,-0.2854643166065216,-1.8531438112258911,-0.2937406003475189,-2.4522314071655273,-0.2689434587955475,-1.7131962776184082,-0.293708860874176,0.06309574097394943,0.03664229065179825,0.050189122557640076,0.4765336811542511,0.020892739295959473,0.07251864671707153,0.03216366097331047,0.016718439757823944,0.21156726777553558,0.019678445532917976
70,TTO,Trinidad and Tobago,2018,1.318193793296814,0.6443109512329102,5.190723419189453,4,-0.04588906839489937,-0.889500081539154,-0.1480531096458435,-0.9152886867523193,0.11017729341983795,-0.8380215167999268,-0.09979138523340225,-0.9151899218559265,0.062323763966560364,0.04396508261561394,0.047478172928094864,0.4729832708835602,0.021734438836574554,0.07107570022344589,0.027068400755524635,0.017262771725654602,0.21768976747989655,0.01841864548623562
70,TTO,Trinidad and Tobago,2019,1.3760409355163574,0.5918229222297668,5.190723419189453,4,-0.04588906839489937,-0.889500081539154,-0.1480531096458435,-0.9152886867523193,0.11017729341983795,-0.8380215167999268,-0.09979138523340225,-0.9151899218559265,0.062323763966560364,0.04396508261561394,0.047478172928094864,0.4729832708835602,0.021734438836574554,0.07107570022344589,0.027068400755524635,0.017262771725654602,0.21768976747989655,0.01841864548623562
70,TTO,Trinidad and Tobago,2020,1.318193793296814,0.5102259516716003,5.190723419189453,4,-0.04588906839489937,-0.889500081539154,-0.1480531096458435,-0.9152886867523193,0.11017729341983795,-0.8380215167999268,-0.09979138523340225,-0.9151899218559265,0.062323763966560364,0.04396508261561394,0.047478172928094864,0.4729832708835602,0.021734438836574554,0.07107570022344589,0.027068400755524635,0.017262771725654602,0.21768976747989655,0.01841864548623562
70,TTO,Trinidad and Tobago,2021,1.665277123451233,0.4350624084472656,5.190723419189453,4,-0.04588906839489937,-0.889500081539154,-0.1480531096458435,-0.9152886867523193,0.11017729341983795,-0.8380215167999268,-0.09979138523340225,-0.9151899218559265,0.062323763966560364,0.04396508261561394,0.047478172928094864,0.4729832708835602,0.021734438836574554,0.07107570022344589,0.027068400755524635,0.017262771725654602,0.21768976747989655,0.01841864548623562
70,TTO,Trinidad and Tobago,2022,2.058638334274292,0.3715420961380005,5.190723419189453,4,-0.04588906839489937,-0.889500081539154,-0.1480531096458435,-0.9152886867523193,0.11017729341983795,-0.8380215167999268,-0.09979138523340225,-0.9151899218559265,0.062323763966560364,0.04396508261561394,0.047478172928094864,0.4729832708835602,0.021734438836574554,0.07107570022344589,0.027068400755524635,0.017262771725654602,0.21768976747989655,0.01841864548623562
70,TTO,Trinidad and Tobago,2023,2.058638334274292,0.3181297183036804,5.190723419189453,4,-0.04588906839489937,-0.889500081539154,-0.1480531096458435,-0.9152886867523193,0.11017729341983795,-0.8380215167999268,-0.09979138523340225,-0.9151899218559265,0.062323763966560364,0.04396508261561394,0.047478172928094864,0.4729832708835602,0.021734438836574554,0.07107570022344589,0.027068400755524635,0.017262771725654602,0.21768976747989655,0.01841864548623562
71,TUR,Turkey,2018,-0.10262159258127213,0.7300628423690796,5.189482688903809,4,-0.3568929135799408,-1.0429506301879883,-0.3960716426372528,-1.0731881856918335,-0.2856121361255646,-0.9825913906097412,-0.3889949917793274,-1.0730724334716797,0.06221561133861542,0.04607871547341347,0.04689306020736694,0.4714769721031189,0.021999536082148552,0.07075607776641846,0.025970831513404846,0.01743563450872898,0.21902793645858765,0.01814560405910015
71,TUR,Turkey,2019,-1.772402048110962,0.8027253746986389,5.189482688903809,4,-0.3568929135799408,-1.0429506301879883,-0.3960716426372528,-1.0731881856918335,-0.2856121361255646,-0.9825913906097412,-0.3889949917793274,-1.0730724334716797,0.06221561133861542,0.04607871547341347,0.04689306020736694,0.4714769721031189,0.021999536082148552,0.07075607776641846,0.025970831513404846,0.01743563450872898,0.21902793645858765,0.01814560405910015
71,TUR,Turkey,2020,-1.959740161895752,0.8262736797332764,5.189482688903809,4,-0.3568929135799408,-1.0429506301879883,-0.3960716426372528,-1.0731881856918335,-0.2856121361255646,-0.9825913906097412,-0.3889949917793274,-1.0730724334716797,0.06221561133861542,0.04607871547341347,0.04689306020736694,0.4714769721031189,0.021999536082148552,0.07075607776641846,0.025970831513404846,0.01743563450872898,0.21902793645858765,0.01814560405910015
71,TUR,Turkey,2021,-1.391783356666565,0.8023394346237183,5.189482688903809,4,-0.3568929135799408,-1.0429506301879883,-0.3960716426372528,-1.0731881856918335,-0.2856121361255646,-0.9825913906097412,-0.3889949917793274,-1.0730724334716797,0.06221561133861542,0.04607871547341347,0.04689306020736694,0.4714769721031189,0.021999536082148552,0.07075607776641846,0.025970831513404846,0.01743563450872898,0.21902793645858765,0.01814560405910015
71,TUR,Turkey,2022,-1.788352370262146,0.878011167049408,5.189482688903809,4,-0.3568929135799408,-1.0429506301879883,-0.3960716426372528,-1.0731881856918335,-0.2856121361255646,-0.9825913906097412,-0.3889949917793274,-1.0730724334716797,0.06221561133861542,0.04607871547341347,0.04689306020736694,0.4714769721031189,0.021999536082148552,0.07075607776641846,0.025970831513404846,0.01743563450872898,0.21902793645858765,0.01814560405910015
71,TUR,Turkey,2023,-1.6069564819335938,0.882351279258728,5.189482688903809,4,-0.3568929135799408,-1.0429506301879883,-0.3960716426372528,-1.0731881856918335,-0.2856121361255646,-0.9825913906097412,-0.3889949917793274,-1.0730724334716797,0.06221561133861542,0.04607871547341347,0.04689306020736694,0.4714769721031189,0.021999536082148552,0.07075607776641846,0.025970831513404846,0.01743563450872898,0.21902793645858765,0.01814560405910015
72,UKR,Ukraine,2018,-3.635014295578003,-0.011371806263923645,5.192302703857422,4,-1.2346214056015015,-0.5206966996192932,-1.3236093521118164,-0.535792887210846,-1.1485481262207031,-0.4905620813369751,-1.2317067384719849,-0.535735011100769,0.06272757053375244,0.039310019463300705,0.0490533709526062,0.4756196141242981,0.02118198573589325,0.07192078232765198,0.03002280555665493,0.016904154792428017,0.214108407497406,0.019151316955685616
72,UKR,Ukraine,2019,-4.1212358474731445,0.38035643100738525,5.192302703857422,4,-1.2346214056015015,-0.5206966996192932,-1.3236093521118164,-0.535792887210846,-1.1485481262207031,-0.4905620813369751,-1.2317067384719849,-0.535735011100769,0.06272757053375244,0.039310019463300705,0.0490533709526062,0.4756196141242981,0.02118198573589325,0.07192078232765198,0.03002280555665493,0.016904154792428017,0.214108407497406,0.019151316955685616
72,UKR,Ukraine,2020,-5.126094341278076,0.44862836599349976,5.192302703857422,4,-1.2346214056015015,-0.5206966996192932,-1.3236093521118164,-0.535792887210846,-1.1485481262207031,-0.4905620813369751,-1.2317067384719849,-0.535735011100769,0.06272757053375244,0.039310019463300705,0.0490533709526062,0.4756196141242981,0.02118198573589325,0.07192078232765198,0.03002280555665493,0.016904154792428017,0.214108407497406,0.019151316955685616
72,UKR,Ukraine,2021,-7.988569259643555,0.6385407447814941,5.192302703857422,4,-1.2346214056015015,-0.5206966996192932,-1.3236093521118164,-0.535792887210846,-1.1485481262207031,-0.4905620813369751,-1.2317067384719849,-0.535735011100769,0.06272757053375244,0.039310019463300705,0.0490533709526062,0.4756196141242981,0.02118198573589325,0.07192078232765198,0.03002280555665493,0.016904154792428017,0.214108407497406,0.019151316955685616
72,UKR,Ukraine,2022,-9.796317100524902,0.7656744122505188,5.192302703857422,4,-1.2346214056015015,-0.5206966996192932,-1.3236093521118164,-0.535792887210846,-1.1485481262207031,-0.4905620813369751,-1.2317067384719849,-0.535735011100769,0.06272757053375244,0.039310019463300705,0.0490533709526062,0.4756196141242981,0.02118198573589325,0.07192078232765198,0.03002280555665493,0.016904154792428017,0.214108407497406,0.019151316955685616
72,UKR,Ukraine,2023,-9.796317100524902,0.7775564193725586,5.192302703857422,4,-1.2346214056015015,-0.5206966996192932,-1.3236093521118164,-0.535792887210846,-1.1485481262207031,-0.4905620813369751,-1.2317067384719849,-0.535735011100769,0.06272757053375244,0.039310019463300705,0.0490533709526062,0.4756196141242981,0.02118198573589325,0.07192078232765198,0.03002280555665493,0.016904154792428017,0.214108407497406,0.019151316955685616
73,USA,United States,2018,-7.697317123413086,-0.06397628784179688,5.187441825866699,4,1.167035460472107,1.0112663507461548,1.1881818771362305,1.0405852794647217,1.1316249370574951,0.9527409076690674,1.1812996864318848,1.0404731035232544,0.06671580672264099,0.025591522455215454,0.05840401351451874,0.4698638916015625,0.020165177062153816,0.07659836858510971,0.04834654554724693,0.01630067452788353,0.1945127695798874,0.023501290008425713
73,USA,United States,2019,-9.035722732543945,-0.21095873415470123,5.187441825866699,4,1.167035460472107,1.0112663507461548,1.1881818771362305,1.0405852794647217,1.1316249370574951,0.9527409076690674,1.1812996864318848,1.0404731035232544,0.06671580672264099,0.025591522455215454,0.05840401351451874,0.4698638916015625,0.020165177062153816,0.07659836858510971,0.04834654554724693,0.01630067452788353,0.1945127695798874,0.023501290008425713
73,USA,United States,2020,-10.637649536132812,-0.2721930742263794,5.187441825866699,4,1.167035460472107,1.0112663507461548,1.1881818771362305,1.0405852794647217,1.1316249370574951,0.9527409076690674,1.1812996864318848,1.0404731035232544,0.06671580672264099,0.025591522455215454,0.05840401351451874,0.4698638916015625,0.020165177062153816,0.07659836858510971,0.04834654554724693,0.01630067452788353,0.1945127695798874,0.023501290008425713
73,USA,United States,2021,-9.941286087036133,-0.3276593089103699,5.187441825866699,4,1.167035460472107,1.0112663507461548,1.1881818771362305,1.0405852794647217,1.1316249370574951,0.9527409076690674,1.1812996864318848,1.0404731035232544,0.06671580672264099,0.025591522455215454,0.05840401351451874,0.4698638916015625,0.020165177062153816,0.07659836858510971,0.04834654554724693,0.01630067452788353,0.1945127695798874,0.023501290008425713
73,USA,United States,2022,-10.715087890625,-0.36757296323776245,5.187441825866699,4,1.167035460472107,1.0112663507461548,1.1881818771362305,1.0405852794647217,1.1316249370574951,0.9527409076690674,1.1812996864318848,1.0404731035232544,0.06671580672264099,0.025591522455215454,0.05840401351451874,0.4698638916015625,0.020165177062153816,0.07659836858510971,0.04834654554724693,0.01630067452788353,0.1945127695798874,0.023501290008425713
73,USA,United States,2023,-11.726405143737793,-0.39103472232818604,5.187441825866699,4,1.167035460472107,1.0112663507461548,1.1881818771362305,1.0405852794647217,1.1316249370574951,0.9527409076690674,1.1812996864318848,1.0404731035232544,0.06671580672264099,0.025591522455215454,0.05840401351451874,0.4698638916015625,0.020165177062153816,0.07659836858510971,0.04834654554724693,0.01630067452788353,0.1945127695798874,0.023501290008425713
74,UZB,Uzbekistan,2018,1.4206937551498413,0.28770679235458374,5.192460536956787,4,-1.8003510236740112,-0.34381747245788574,-1.597791075706482,-0.35378554463386536,-2.1902878284454346,-0.32391950488090515,-1.6129741668701172,-0.35374730825424194,0.06299618631601334,0.037282899022102356,0.04989757016301155,0.4763646423816681,0.020959895104169846,0.07236599922180176,0.03161274641752243,0.01676134392619133,0.2122156172990799,0.019543170928955078
74,UZB,Uzbekistan,2019,0.9323561787605286,0.5330082774162292,5.192460536956787,4,-1.8003510236740112,-0.34381747245788574,-1.597791075706482,-0.35378554463386536,-2.1902878284454346,-0.32391950488090515,-1.6129741668701172,-0.35374730825424194,0.06299618631601334,0.037282899022102356,0.04989757016301155,0.4763646423816681,0.020959895104169846,0.07236599922180176,0.03161274641752243,0.01676134392619133,0.2122156172990799,0.019543170928955078
74,UZB,Uzbekistan,2020,1.6637600660324097,0.46487146615982056,5.192460536956787,4,-1.8003510236740112,-0.34381747245788574,-1.597791075706482,-0.35378554463386536,-2.1902878284454346,-0.32391950488090515,-1.6129741668701172,-0.35374730825424194,0.06299618631601334,0.037282899022102356,0.04989757016301155,0.4763646423816681,0.020959895104169846,0.07236599922180176,0.03161274641752243,0.01676134392619133,0.2122156172990799,0.019543170928955078
74,UZB,Uzbekistan,2021,1.6973286867141724,0.5039178729057312,5.192460536956787,4,-1.8003510236740112,-0.34381747245788574,-1.597791075706482,-0.35378554463386536,-2.1902878284454346,-0.32391950488090515,-1.6129741668701172,-0.35374730825424194,0.06299618631601334,0.037282899022102356,0.04989757016301155,0.4763646423816681,0.020959895104169846,0.07236599922180176,0.03161274641752243,0.01676134392619133,0.2122156172990799,0.019543170928955078
74,UZB,Uzbekistan,2022,0.9835667014122009,0.7263538837432861,5.192460536956787,4,-1.8003510236740112,-0.34381747245788574,-1.597791075706482,-0.35378554463386536,-2.1902878284454346,-0.32391950488090515,-1.6129741668701172,-0.35374730825424194,0.06299618631601334,0.037282899022102356,0.04989757016301155,0.4763646423816681,0.020959895104169846,0.07236599922180176,0.03161274641752243,0.01676134392619133,0.2122156172990799,0.019543170928955078
74,UZB,Uzbekistan,2023,0.9794012308120728,0.5556104779243469,5.192460536956787,4,-1.8003510236740112,-0.34381747245788574,-1.597791075706482,-0.35378554463386536,-2.1902878284454346,-0.32391950488090515,-1.6129741668701172,-0.35374730825424194,0.06299618631601334,0.037282899022102356,0.04989757016301155,0.4763646423816681,0.020959895104169846,0.07236599922180176,0.03161274641752243,0.01676134392619133,0.2122156172990799,0.019543170928955078
75,VEN,Venezuela,2018,4.365685939788818,-0.11417098343372345,5.19230318069458,4,-1.5081526041030884,-0.5201172828674316,-1.3741530179977417,-0.5351966619491577,-1.5062425136566162,-0.49001622200012207,-1.6440623998641968,-0.5351389050483704,0.06272836029529572,0.039303164929151535,0.0490560382604599,0.4756225347518921,0.02118120715022087,0.0719221830368042,0.03002782166004181,0.016903653740882874,0.21410240232944489,0.019152559340000153
75,VEN,Venezuela,2019,4.361935615539551,0.09935320913791656,5.19230318069458,4,-1.5081526041030884,-0.5201172828674316,-1.3741530179977417,-0.5351966619491577,-1.5062425136566162,-0.49001622200012207,-1.6440623998641968,-0.5351389050483704,0.06272836029529572,0.039303164929151535,0.0490560382604599,0.4756225347518921,0.02118120715022087,0.0719221830368042,0.03002782166004181,0.016903653740882874,0.21410240232944489,0.019152559340000153
75,VEN,Venezuela,2020,-2.0265071392059326,0.04764021933078766,5.19230318069458,4,-1.5081526041030884,-0.5201172828674316,-1.3741530179977417,-0.5351966619491577,-1.5062425136566162,-0.49001622200012207,-1.6440623998641968,-0.5351389050483704,0.06272836029529572,0.039303164929151535,0.0490560382604599,0.4756225347518921,0.02118120715022087,0.0719221830368042,0.03002782166004181,0.016903653740882874,0.21410240232944489,0.019152559340000153
75,VEN,Venezuela,2021,-2.5107500553131104,-0.030804261565208435,5.19230318069458,4,-1.5081526041030884,-0.5201172828674316,-1.3741530179977417,-0.5351966619491577,-1.5062425136566162,-0.49001622200012207,-1.6440623998641968,-0.5351389050483704,0.06272836029529572,0.039303164929151535,0.0490560382604599,0.4756225347518921,0.02118120715022087,0.0719221830368042,0.03002782166004181,0.016903653740882874,0.21410240232944489,0.019152559340000153
75,VEN,Venezuela,2022,-2.220579147338867,-0.3697567582130432,5.19230318069458,4,-1.5081526041030884,-0.5201172828674316,-1.3741530179977417,-0.5351966619491577,-1.5062425136566162,-0.49001622200012207,-1.6440623998641968,-0.5351389050483704,0.06272836029529572,0.039303164929151535,0.0490560382604599,0.4756225347518921,0.02118120715022087,0.0719221830368042,0.03002782166004181,0.016903653740882874,0.21410240232944489,0.019152559340000153
75,VEN,Venezuela,2023,-2.2290172576904297,-0.17934881150722504,5.19230318069458,4,-1.5081526041030884,-0.5201172828674316,-1.3741530179977417,-0.5351966619491577,-1.5062425136566162,-0.49001622200012207,-1.6440623998641968,-0.5351389050483704,0.06272836029529572,0.039303164929151535,0.0490560382604599,0.4756225347518921,0.02118120715022087,0.0719221830368042,0.03002782166004181,0.016903653740882874,0.21410240232944489,0.019152559340000153
76,VNM,Vietnam,2018,1.8500128984451294,0.43887048959732056,5.192045211791992,4,-1.0041168928146362,-0.6233453750610352,-0.9023603796958923,-0.6414176225662231,-1.090646505355835,-0.5872701406478882,-1.0193438529968262,-0.6413483619689941,0.06259424239397049,0.040546584874391556,0.04859026521444321,0.4750300645828247,0.02132364921271801,0.07167438417673111,0.029153184965252876,0.01699577458202839,0.21515575051307678,0.01893617771565914
76,VNM,Vietnam,2019,3.117563009262085,0.8365331888198853,5.192045211791992,4,-1.0041168928146362,-0.6233453750610352,-0.9023603796958923,-0.6414176225662231,-1.090646505355835,-0.5872701406478882,-1.0193438529968262,-0.6413483619689941,0.06259424239397049,0.040546584874391556,0.04859026521444321,0.4750300645828247,0.02132364921271801,0.07167438417673111,0.029153184965252876,0.01699577458202839,0.21515575051307678,0.01893617771565914
76,VNM,Vietnam,2020,2.663336753845215,1.0183260440826416,5.192045211791992,4,-1.0041168928146362,-0.6233453750610352,-0.9023603796958923,-0.6414176225662231,-1.090646505355835,-0.5872701406478882,-1.0193438529968262,-0.6413483619689941,0.06259424239397049,0.040546584874391556,0.04859026521444321,0.4750300645828247,0.02132364921271801,0.07167438417673111,0.029153184965252876,0.01699577458202839,0.21515575051307678,0.01893617771565914
76,VNM,Vietnam,2021,1.7106215953826904,1.2212785482406616,5.192045211791992,4,-1.0041168928146362,-0.6233453750610352,-0.9023603796958923,-0.6414176225662231,-1.090646505355835,-0.5872701406478882,-1.0193438529968262,-0.6413483619689941,0.06259424239397049,0.040546584874391556,0.04859026521444321,0.4750300645828247,0.02132364921271801,0.07167438417673111,0.029153184965252876,0.01699577458202839,0.21515575051307678,0.01893617771565914
76,VNM,Vietnam,2022,0.6460008025169373,1.2865434885025024,5.192045211791992,4,-1.0041168928146362,-0.6233453750610352,-0.9023603796958923,-0.6414176225662231,-1.090646505355835,-0.5872701406478882,-1.0193438529968262,-0.6413483619689941,0.06259424239397049,0.040546584874391556,0.04859026521444321,0.4750300645828247,0.02132364921271801,0.07167438417673111,0.029153184965252876,0.01699577458202839,0.21515575051307678,0.01893617771565914
76,VNM,Vietnam,2023,1.6631464958190918,1.393182396888733,5.192045211791992,4,-1.0041168928146362,-0.6233453750610352,-0.9023603796958923,-0.6414176225662231,-1.090646505355835,-0.5872701406478882,-1.0193438529968262,-0.6413483619689941,0.06259424239397049,0.040546584874391556,0.04859026521444321,0.4750300645828247,0.02132364921271801,0.07167438417673111,0.029153184965252876,0.01699577458202839,0.21515575051307678,0.01893617771565914
77,ZAF,South Africa,2018,-6.3950324058532715,0.25735634565353394,5.19045352935791,4,-0.0641661062836647,-0.9270110130310059,-0.015326484106481075,-0.9538871645927429,0.13372927904129028,-0.8733615875244141,-0.31090110540390015,-0.9537842273712158,0.062294188886880875,0.04447200149297714,0.047331444919109344,0.47263652086257935,0.02179735340178013,0.07099588960409164,0.02679332159459591,0.017303772270679474,0.21802526712417603,0.01835023984313011
77,ZAF,South Africa,2019,-8.257451057434082,0.5372561812400818,5.19045352935791,4,-0.0641661062836647,-0.9270110130310059,-0.015326484106481075,-0.9538871645927429,0.13372927904129028,-0.8733615875244141,-0.31090110540390015,-0.9537842273712158,0.062294188886880875,0.04447200149297714,0.047331444919109344,0.47263652086257935,0.02179735340178013,0.07099588960409164,0.02679332159459591,0.017303772270679474,0.21802526712417603,0.01835023984313011
77,ZAF,South Africa,2020,-7.980379581451416,0.5412132740020752,5.19045352935791,4,-0.0641661062836647,-0.9270110130310059,-0.015326484106481075,-0.9538871645927429,0.13372927904129028,-0.8733615875244141,-0.31090110540390015,-0.9537842273712158,0.062294188886880875,0.04447200149297714,0.047331444919109344,0.47263652086257935,0.02179735340178013,0.07099588960409164,0.02679332159459591,0.017303772270679474,0.21802526712417603,0.01835023984313011
77,ZAF,South Africa,2021,-12.659340858459473,0.6398206353187561,5.19045352935791,4,-0.0641661062836647,-0.9270110130310059,-0.015326484106481075,-0.9538871645927429,0.13372927904129028,-0.8733615875244141,-0.31090110540390015,-0.9537842273712158,0.062294188886880875,0.04447200149297714,0.047331444919109344,0.47263652086257935,0.02179735340178013,0.07099588960409164,0.02679332159459591,0.017303772270679474,0.21802526712417603,0.01835023984313011
77,ZAF,South Africa,2022,-15.694624900817871,0.6344577074050903,5.19045352935791,4,-0.0641661062836647,-0.9270110130310059,-0.015326484106481075,-0.9538871645927429,0.13372927904129028,-0.8733615875244141,-0.31090110540390015,-0.9537842273712158,0.062294188886880875,0.04447200149297714,0.047331444919109344,0.47263652086257935,0.02179735340178013,0.07099588960409164,0.02679332159459591,0.017303772270679474,0.21802526712417603,0.01835023984313011
77,ZAF,South Africa,2023,-19.3819637298584,0.6299152374267578,5.19045352935791,4,-0.0641661062836647,-0.9270110130310059,-0.015326484106481075,-0.9538871645927429,0.13372927904129028,-0.8733615875244141,-0.31090110540390015,-0.9537842273712158,0.062294188886880875,0.04447200149297714,0.047331444919109344,0.47263652086257935,0.02179735340178013,0.07099588960409164,0.02679332159459591,0.017303772270679474,0.21802526712417603,0.01835023984313011
