entity_id,entity_code,entity_name,year,y_true,y_pred,k_star,omega_peak,proxy_signal_true,proxy_signal_pred,proxy_1_true,proxy_1_pred,proxy_2_true,proxy_2_pred,proxy_3_true,proxy_3_pred,omega_1,omega_2,omega_3,omega_4,omega_5,omega_6,omega_7,omega_8,omega_9,omega_10
0,ARE,United Arab Emirates,2018,-77.53056335449219,-0.03152117505669594,5.3200225830078125,2,0.18880443274974823,0.9676580429077148,0.332748681306839,0.9791157841682434,0.2764120101928711,0.9597820043563843,-0.042747389525175095,0.9640761613845825,0.10262744873762131,0.2138931304216385,0.026015205308794975,0.008381003513932228,0.15031839907169342,0.05586943030357361,0.202594593167305,0.08455339074134827,0.060833122581243515,0.09491429477930069
0,ARE,United Arab Emirates,2019,-233.2926788330078,-0.11292248964309692,5.3200225830078125,2,0.18880443274974823,0.9676580429077148,0.332748681306839,0.9791157841682434,0.2764120101928711,0.9597820043563843,-0.042747389525175095,0.9640761613845825,0.10262744873762131,0.2138931304216385,0.026015205308794975,0.008381003513932228,0.15031839907169342,0.05586943030357361,0.202594593167305,0.08455339074134827,0.060833122581243515,0.09491429477930069
0,ARE,United Arab Emirates,2020,-435.1805725097656,-0.22524353861808777,5.3200225830078125,2,0.18880443274974823,0.9676580429077148,0.332748681306839,0.9791157841682434,0.2764120101928711,0.9597820043563843,-0.042747389525175095,0.9640761613845825,0.10262744873762131,0.2138931304216385,0.026015205308794975,0.008381003513932228,0.15031839907169342,0.05586943030357361,0.202594593167305,0.08455339074134827,0.060833122581243515,0.09491429477930069
0,ARE,United Arab Emirates,2021,-1001.4480590820312,-0.3597228229045868,5.3200225830078125,2,0.18880443274974823,0.9676580429077148,0.332748681306839,0.9791157841682434,0.2764120101928711,0.9597820043563843,-0.042747389525175095,0.9640761613845825,0.10262744873762131,0.2138931304216385,0.026015205308794975,0.008381003513932228,0.15031839907169342,0.05586943030357361,0.202594593167305,0.08455339074134827,0.060833122581243515,0.09491429477930069
0,ARE,United Arab Emirates,2022,-1657.7239990234375,-0.45321425795555115,5.3200225830078125,2,0.18880443274974823,0.9676580429077148,0.332748681306839,0.9791157841682434,0.2764120101928711,0.9597820043563843,-0.042747389525175095,0.9640761613845825,0.10262744873762131,0.2138931304216385,0.026015205308794975,0.008381003513932228,0.15031839907169342,0.05586943030357361,0.202594593167305,0.08455339074134827,0.060833122581243515,0.09491429477930069
0,ARE,United Arab Emirates,2023,-2705.017333984375,-0.5088381767272949,5.3200225830078125,2,0.18880443274974823,0.9676580429077148,0.332748681306839,0.9791157841682434,0.2764120101928711,0.9597820043563843,-0.042747389525175095,0.9640761613845825,0.10262744873762131,0.2138931304216385,0.026015205308794975,0.008381003513932228,0.15031839907169342,0.05586943030357361,0.202594593167305,0.08455339074134827,0.060833122581243515,0.09491429477930069
1,ARG,Argentina,2018,1.6428788900375366,0.8241148591041565,5.088412761688232,2,-0.6909387707710266,-0.7196802496910095,-0.40908560156822205,-0.7282017469406128,-0.8905236124992371,-0.713822603225708,-0.7732071280479431,-0.7170162796974182,0.09794887155294418,0.23499226570129395,0.024671046063303947,0.009431169368326664,0.208433136343956,0.043577104806900024,0.15982970595359802,0.0927504450082779,0.039361096918582916,0.08900519460439682
1,ARG,Argentina,2019,1.1453611850738525,1.0525343418121338,5.088412761688232,2,-0.6909387707710266,-0.7196802496910095,-0.40908560156822205,-0.7282017469406128,-0.8905236124992371,-0.713822603225708,-0.7732071280479431,-0.7170162796974182,0.09794887155294418,0.23499226570129395,0.024671046063303947,0.009431169368326664,0.208433136343956,0.043577104806900024,0.15982970595359802,0.0927504450082779,0.039361096918582916,0.08900519460439682
1,ARG,Argentina,2020,1.0582135915756226,1.119674801826477,5.088412761688232,2,-0.6909387707710266,-0.7196802496910095,-0.40908560156822205,-0.7282017469406128,-0.8905236124992371,-0.713822603225708,-0.7732071280479431,-0.7170162796974182,0.09794887155294418,0.23499226570129395,0.024671046063303947,0.009431169368326664,0.208433136343956,0.043577104806900024,0.15982970595359802,0.0927504450082779,0.039361096918582916,0.08900519460439682
1,ARG,Argentina,2021,1.4250097274780273,1.1128900051116943,5.088412761688232,2,-0.6909387707710266,-0.7196802496910095,-0.40908560156822205,-0.7282017469406128,-0.8905236124992371,-0.713822603225708,-0.7732071280479431,-0.7170162796974182,0.09794887155294418,0.23499226570129395,0.024671046063303947,0.009431169368326664,0.208433136343956,0.043577104806900024,0.15982970595359802,0.0927504450082779,0.039361096918582916,0.08900519460439682
1,ARG,Argentina,2022,0.9982249736785889,1.0753117799758911,5.088412761688232,2,-0.6909387707710266,-0.7196802496910095,-0.40908560156822205,-0.7282017469406128,-0.8905236124992371,-0.713822603225708,-0.7732071280479431,-0.7170162796974182,0.09794887155294418,0.23499226570129395,0.024671046063303947,0.009431169368326664,0.208433136343956,0.043577104806900024,0.15982970595359802,0.0927504450082779,0.039361096918582916,0.08900519460439682
1,ARG,Argentina,2023,-0.24900130927562714,1.0251232385635376,5.088412761688232,2,-0.6909387707710266,-0.7196802496910095,-0.40908560156822205,-0.7282017469406128,-0.8905236124992371,-0.713822603225708,-0.7732071280479431,-0.7170162796974182,0.09794887155294418,0.23499226570129395,0.024671046063303947,0.009431169368326664,0.208433136343956,0.043577104806900024,0.15982970595359802,0.0927504450082779,0.039361096918582916,0.08900519460439682
2,AUS,Australia,2018,-7.367125034332275,0.13064321875572205,5.298685073852539,2,1.25566828250885,0.8386110663414001,1.2781401872634888,0.8485407829284668,1.1565734148025513,0.8317853808403015,1.3322911262512207,0.8355068564414978,0.102288156747818,0.21608953177928925,0.025858787819743156,0.008441945537924767,0.1549954116344452,0.054692670702934265,0.19907031953334808,0.08537840843200684,0.058625586330890656,0.09455908089876175
2,AUS,Australia,2019,-8.657783508300781,-0.15433135628700256,5.298685073852539,2,1.25566828250885,0.8386110663414001,1.2781401872634888,0.8485407829284668,1.1565734148025513,0.8317853808403015,1.3322911262512207,0.8355068564414978,0.102288156747818,0.21608953177928925,0.025858787819743156,0.008441945537924767,0.1549954116344452,0.054692670702934265,0.19907031953334808,0.08537840843200684,0.058625586330890656,0.09455908089876175
2,AUS,Australia,2020,-10.614906311035156,-0.4609050452709198,5.298685073852539,2,1.25566828250885,0.8386110663414001,1.2781401872634888,0.8485407829284668,1.1565734148025513,0.8317853808403015,1.3322911262512207,0.8355068564414978,0.102288156747818,0.21608953177928925,0.025858787819743156,0.008441945537924767,0.1549954116344452,0.054692670702934265,0.19907031953334808,0.08537840843200684,0.058625586330890656,0.09455908089876175
2,AUS,Australia,2021,-13.180018424987793,-0.729523241519928,5.298685073852539,2,1.25566828250885,0.8386110663414001,1.2781401872634888,0.8485407829284668,1.1565734148025513,0.8317853808403015,1.3322911262512207,0.8355068564414978,0.102288156747818,0.21608953177928925,0.025858787819743156,0.008441945537924767,0.1549954116344452,0.054692670702934265,0.19907031953334808,0.08537840843200684,0.058625586330890656,0.09455908089876175
2,AUS,Australia,2022,-15.15616226196289,-0.9486122131347656,5.298685073852539,2,1.25566828250885,0.8386110663414001,1.2781401872634888,0.8485407829284668,1.1565734148025513,0.8317853808403015,1.3322911262512207,0.8355068564414978,0.102288156747818,0.21608953177928925,0.025858787819743156,0.008441945537924767,0.1549954116344452,0.054692670702934265,0.19907031953334808,0.08537840843200684,0.058625586330890656,0.09455908089876175
2,AUS,Australia,2023,-16.646900177001953,-1.079255223274231,5.298685073852539,2,1.25566828250885,0.8386110663414001,1.2781401872634888,0.8485407829284668,1.1565734148025513,0.8317853808403015,1.3322911262512207,0.8355068564414978,0.102288156747818,0.21608953177928925,0.025858787819743156,0.008441945537924767,0.1549954116344452,0.054692670702934265,0.19907031953334808,0.08537840843200684,0.058625586330890656,0.09455908089876175
3,AUT,Austria,2018,-3.331990957260132,0.3979582190513611,5.294236183166504,2,1.3129711151123047,0.8111927509307861,1.3305449485778809,0.820797860622406,1.1512476205825806,0.8045902252197266,1.4571207761764526,0.8081900477409363,0.10221492499113083,0.21654194593429565,0.0258269514888525,0.008455420844256878,0.15598700940608978,0.05444837361574173,0.19832506775856018,0.08554898202419281,0.05817106366157532,0.09448027610778809
3,AUT,Austria,2019,-3.5629565715789795,0.23365017771720886,5.294236183166504,2,1.3129711151123047,0.8111927509307861,1.3305449485778809,0.820797860622406,1.1512476205825806,0.8045902252197266,1.4571207761764526,0.8081900477409363,0.10221492499113083,0.21654194593429565,0.0258269514888525,0.008455420844256878,0.15598700940608978,0.05444837361574173,0.19832506775856018,0.08554898202419281,0.05817106366157532,0.09448027610778809
3,AUT,Austria,2020,-4.44062614440918,-0.010250646620988846,5.294236183166504,2,1.3129711151123047,0.8111927509307861,1.3305449485778809,0.820797860622406,1.1512476205825806,0.8045902252197266,1.4571207761764526,0.8081900477409363,0.10221492499113083,0.21654194593429565,0.0258269514888525,0.008455420844256878,0.15598700940608978,0.05444837361574173,0.19832506775856018,0.08554898202419281,0.05817106366157532,0.09448027610778809
3,AUT,Austria,2021,-4.349145412445068,-0.17115873098373413,5.294236183166504,2,1.3129711151123047,0.8111927509307861,1.3305449485778809,0.820797860622406,1.1512476205825806,0.8045902252197266,1.4571207761764526,0.8081900477409363,0.10221492499113083,0.21654194593429565,0.0258269514888525,0.008455420844256878,0.15598700940608978,0.05444837361574173,0.19832506775856018,0.08554898202419281,0.05817106366157532,0.09448027610778809
3,AUT,Austria,2022,-4.098706245422363,-0.26954320073127747,5.294236183166504,2,1.3129711151123047,0.8111927509307861,1.3305449485778809,0.820797860622406,1.1512476205825806,0.8045902252197266,1.4571207761764526,0.8081900477409363,0.10221492499113083,0.21654194593429565,0.0258269514888525,0.008455420844256878,0.15598700940608978,0.05444837361574173,0.19832506775856018,0.08554898202419281,0.05817106366157532,0.09448027610778809
3,AUT,Austria,2023,-5.443741798400879,-0.3595174551010132,5.294236183166504,2,1.3129711151123047,0.8111927509307861,1.3305449485778809,0.820797860622406,1.1512476205825806,0.8045902252197266,1.4571207761764526,0.8081900477409363,0.10221492499113083,0.21654194593429565,0.0258269514888525,0.008455420844256878,0.15598700940608978,0.05444837361574173,0.19832506775856018,0.08554898202419281,0.05817106366157532,0.09448027610778809
4,AZE,Azerbaijan,2018,3.094372272491455,0.13298705220222473,5.02207088470459,2,-1.294363021850586,-1.3752580881118774,-1.4495718479156494,-1.3915421962738037,-1.172594428062439,-1.3640645742416382,-1.2609230279922485,-1.3701674938201904,0.09626778215169907,0.23978939652442932,0.02443058229982853,0.009947516024112701,0.22790120542049408,0.04027216508984566,0.14611807465553284,0.09467632323503494,0.03420281410217285,0.08639408648014069
4,AZE,Azerbaijan,2019,3.558119297027588,0.32606205344200134,5.02207088470459,2,-1.294363021850586,-1.3752580881118774,-1.4495718479156494,-1.3915421962738037,-1.172594428062439,-1.3640645742416382,-1.2609230279922485,-1.3701674938201904,0.09626778215169907,0.23978939652442932,0.02443058229982853,0.009947516024112701,0.22790120542049408,0.04027216508984566,0.14611807465553284,0.09467632323503494,0.03420281410217285,0.08639408648014069
4,AZE,Azerbaijan,2020,4.490204811096191,0.27765342593193054,5.02207088470459,2,-1.294363021850586,-1.3752580881118774,-1.4495718479156494,-1.3915421962738037,-1.172594428062439,-1.3640645742416382,-1.2609230279922485,-1.3701674938201904,0.09626778215169907,0.23978939652442932,0.02443058229982853,0.009947516024112701,0.22790120542049408,0.04027216508984566,0.14611807465553284,0.09467632323503494,0.03420281410217285,0.08639408648014069
4,AZE,Azerbaijan,2021,4.194814682006836,0.1369197517633438,5.02207088470459,2,-1.294363021850586,-1.3752580881118774,-1.4495718479156494,-1.3915421962738037,-1.172594428062439,-1.3640645742416382,-1.2609230279922485,-1.3701674938201904,0.09626778215169907,0.23978939652442932,0.02443058229982853,0.009947516024112701,0.22790120542049408,0.04027216508984566,0.14611807465553284,0.09467632323503494,0.03420281410217285,0.08639408648014069
4,AZE,Azerbaijan,2022,3.8313167095184326,-0.018974337726831436,5.02207088470459,2,-1.294363021850586,-1.3752580881118774,-1.4495718479156494,-1.3915421962738037,-1.172594428062439,-1.3640645742416382,-1.2609230279922485,-1.3701674938201904,0.09626778215169907,0.23978939652442932,0.02443058229982853,0.009947516024112701,0.22790120542049408,0.04027216508984566,0.14611807465553284,0.09467632323503494,0.03420281410217285,0.08639408648014069
4,AZE,Azerbaijan,2023,3.7241804599761963,-0.17264237999916077,5.02207088470459,2,-1.294363021850586,-1.3752580881118774,-1.4495718479156494,-1.3915421962738037,-1.172594428062439,-1.3640645742416382,-1.2609230279922485,-1.3701674938201904,0.09626778215169907,0.23978939652442932,0.02443058229982853,0.009947516024112701,0.22790120542049408,0.04027216508984566,0.14611807465553284,0.09467632323503494,0.03420281410217285,0.08639408648014069
5,BEL,Belgium,2018,-2.035623550415039,-0.3316582441329956,5.342162609100342,2,0.9798359274864197,1.0976067781448364,1.2219529151916504,1.1106032133102417,0.8175865411758423,1.0886731147766113,0.8999684453010559,1.0935440063476562,0.10295898467302322,0.2115687131881714,0.026184026151895523,0.008323917165398598,0.14559780061244965,0.05710006132721901,0.20616352558135986,0.08368536084890366,0.06317371129989624,0.09524381905794144
5,BEL,Belgium,2019,-3.1006269454956055,-0.3360934257507324,5.342162609100342,2,0.9798359274864197,1.0976067781448364,1.2219529151916504,1.1106032133102417,0.8175865411758423,1.0886731147766113,0.8999684453010559,1.0935440063476562,0.10295898467302322,0.2115687131881714,0.026184026151895523,0.008323917165398598,0.14559780061244965,0.05710006132721901,0.20616352558135986,0.08368536084890366,0.06317371129989624,0.09524381905794144
5,BEL,Belgium,2020,-2.7479605674743652,-0.42002537846565247,5.342162609100342,2,0.9798359274864197,1.0976067781448364,1.2219529151916504,1.1106032133102417,0.8175865411758423,1.0886731147766113,0.8999684453010559,1.0935440063476562,0.10295898467302322,0.2115687131881714,0.026184026151895523,0.008323917165398598,0.14559780061244965,0.05710006132721901,0.20616352558135986,0.08368536084890366,0.06317371129989624,0.09524381905794144
5,BEL,Belgium,2021,-3.9674084186553955,-0.49306535720825195,5.342162609100342,2,0.9798359274864197,1.0976067781448364,1.2219529151916504,1.1106032133102417,0.8175865411758423,1.0886731147766113,0.8999684453010559,1.0935440063476562,0.10295898467302322,0.2115687131881714,0.026184026151895523,0.008323917165398598,0.14559780061244965,0.05710006132721901,0.20616352558135986,0.08368536084890366,0.06317371129989624,0.09524381905794144
5,BEL,Belgium,2022,-3.700895071029663,-0.5434727668762207,5.342162609100342,2,0.9798359274864197,1.0976067781448364,1.2219529151916504,1.1106032133102417,0.8175865411758423,1.0886731147766113,0.8999684453010559,1.0935440063476562,0.10295898467302322,0.2115687131881714,0.026184026151895523,0.008323917165398598,0.14559780061244965,0.05710006132721901,0.20616352558135986,0.08368536084890366,0.06317371129989624,0.09524381905794144
5,BEL,Belgium,2023,-3.867947578430176,-0.5821689367294312,5.342162609100342,2,0.9798359274864197,1.0976067781448364,1.2219529151916504,1.1106032133102417,0.8175865411758423,1.0886731147766113,0.8999684453010559,1.0935440063476562,0.10295898467302322,0.2115687131881714,0.026184026151895523,0.008323917165398598,0.14559780061244965,0.05710006132721901,0.20616352558135986,0.08368536084890366,0.06317371129989624,0.09524381905794144
6,BGD,Bangladesh,2018,1.2597620487213135,-0.18718039989471436,5.029454231262207,2,-1.3428869247436523,-1.2964314222335815,-1.2080445289611816,-1.3117820024490356,-1.482562780380249,-1.285879373550415,-1.3380534648895264,-1.2916325330734253,0.09646172821521759,0.23928694427013397,0.024453643709421158,0.009883279912173748,0.22567299008369446,0.04063519090414047,0.1476699858903885,0.09447354078292847,0.03475630283355713,0.08670638501644135
6,BGD,Bangladesh,2019,1.4318774938583374,0.6237340569496155,5.029454231262207,2,-1.3428869247436523,-1.2964314222335815,-1.2080445289611816,-1.3117820024490356,-1.482562780380249,-1.285879373550415,-1.3380534648895264,-1.2916325330734253,0.09646172821521759,0.23928694427013397,0.024453643709421158,0.009883279912173748,0.22567299008369446,0.04063519090414047,0.1476699858903885,0.09447354078292847,0.03475630283355713,0.08670638501644135
6,BGD,Bangladesh,2020,1.717698097229004,0.9902130961418152,5.029454231262207,2,-1.3428869247436523,-1.2964314222335815,-1.2080445289611816,-1.3117820024490356,-1.482562780380249,-1.285879373550415,-1.3380534648895264,-1.2916325330734253,0.09646172821521759,0.23928694427013397,0.024453643709421158,0.009883279912173748,0.22567299008369446,0.04063519090414047,0.1476699858903885,0.09447354078292847,0.03475630283355713,0.08670638501644135
6,BGD,Bangladesh,2021,1.7278225421905518,1.1663057804107666,5.029454231262207,2,-1.3428869247436523,-1.2964314222335815,-1.2080445289611816,-1.3117820024490356,-1.482562780380249,-1.285879373550415,-1.3380534648895264,-1.2916325330734253,0.09646172821521759,0.23928694427013397,0.024453643709421158,0.009883279912173748,0.22567299008369446,0.04063519090414047,0.1476699858903885,0.09447354078292847,0.03475630283355713,0.08670638501644135
6,BGD,Bangladesh,2022,1.5284489393234253,1.2393501996994019,5.029454231262207,2,-1.3428869247436523,-1.2964314222335815,-1.2080445289611816,-1.3117820024490356,-1.482562780380249,-1.285879373550415,-1.3380534648895264,-1.2916325330734253,0.09646172821521759,0.23928694427013397,0.024453643709421158,0.009883279912173748,0.22567299008369446,0.04063519090414047,0.1476699858903885,0.09447354078292847,0.03475630283355713,0.08670638501644135
6,BGD,Bangladesh,2023,2.0307767391204834,1.2544403076171875,5.029454231262207,2,-1.3428869247436523,-1.2964314222335815,-1.2080445289611816,-1.3117820024490356,-1.482562780380249,-1.285879373550415,-1.3380534648895264,-1.2916325330734253,0.09646172821521759,0.23928694427013397,0.024453643709421158,0.009883279912173748,0.22567299008369446,0.04063519090414047,0.1476699858903885,0.09447354078292847,0.03475630283355713,0.08670638501644135
7,BGR,Bulgaria,2018,-1.3296480178833008,0.8635736107826233,5.107327938079834,2,-0.42611977458000183,-0.5516572594642639,-0.6209486722946167,-0.558189332485199,-0.13856160640716553,-0.547167181968689,-0.5188490152359009,-0.5496152639389038,0.09840262681245804,0.23351328074932098,0.024752190336585045,0.009306376799941063,0.2031070441007614,0.044537268579006195,0.16364161670207977,0.09216040372848511,0.04090938717126846,0.08966988325119019
7,BGR,Bulgaria,2019,-1.4306131601333618,1.5033396482467651,5.107327938079834,2,-0.42611977458000183,-0.5516572594642639,-0.6209486722946167,-0.558189332485199,-0.13856160640716553,-0.547167181968689,-0.5188490152359009,-0.5496152639389038,0.09840262681245804,0.23351328074932098,0.024752190336585045,0.009306376799941063,0.2031070441007614,0.044537268579006195,0.16364161670207977,0.09216040372848511,0.04090938717126846,0.08966988325119019
7,BGR,Bulgaria,2020,-2.8135833740234375,1.8183246850967407,5.107327938079834,2,-0.42611977458000183,-0.5516572594642639,-0.6209486722946167,-0.558189332485199,-0.13856160640716553,-0.547167181968689,-0.5188490152359009,-0.5496152639389038,0.09840262681245804,0.23351328074932098,0.024752190336585045,0.009306376799941063,0.2031070441007614,0.044537268579006195,0.16364161670207977,0.09216040372848511,0.04090938717126846,0.08966988325119019
7,BGR,Bulgaria,2021,-2.0215117931365967,1.9654523134231567,5.107327938079834,2,-0.42611977458000183,-0.5516572594642639,-0.6209486722946167,-0.558189332485199,-0.13856160640716553,-0.547167181968689,-0.5188490152359009,-0.5496152639389038,0.09840262681245804,0.23351328074932098,0.024752190336585045,0.009306376799941063,0.2031070441007614,0.044537268579006195,0.16364161670207977,0.09216040372848511,0.04090938717126846,0.08966988325119019
7,BGR,Bulgaria,2022,-0.48078346252441406,2.0529415607452393,5.107327938079834,2,-0.42611977458000183,-0.5516572594642639,-0.6209486722946167,-0.558189332485199,-0.13856160640716553,-0.547167181968689,-0.5188490152359009,-0.5496152639389038,0.09840262681245804,0.23351328074932098,0.024752190336585045,0.009306376799941063,0.2031070441007614,0.044537268579006195,0.16364161670207977,0.09216040372848511,0.04090938717126846,0.08966988325119019
7,BGR,Bulgaria,2023,-3.970643997192383,2.0977048873901367,5.107327938079834,2,-0.42611977458000183,-0.5516572594642639,-0.6209486722946167,-0.558189332485199,-0.13856160640716553,-0.547167181968689,-0.5188490152359009,-0.5496152639389038,0.09840262681245804,0.23351328074932098,0.024752190336585045,0.009306376799941063,0.2031070441007614,0.044537268579006195,0.16364161670207977,0.09216040372848511,0.04090938717126846,0.08966988325119019
8,BLR,Belarus,2018,-2.643580675125122,-0.8859526515007019,5.019715785980225,2,-1.5520426034927368,-1.4007488489151,-1.4920120239257812,-1.417334794998169,-1.8896420001983643,-1.3893479108810425,-1.2744739055633545,-1.3955639600753784,0.09620557725429535,0.23994791507720947,0.024423440918326378,0.009968395344913006,0.22861513495445251,0.040156636387109756,0.14562177658081055,0.0947403609752655,0.03402736410498619,0.08629333972930908
8,BLR,Belarus,2019,-3.0715856552124023,-0.2986507713794708,5.019715785980225,2,-1.5520426034927368,-1.4007488489151,-1.4920120239257812,-1.417334794998169,-1.8896420001983643,-1.3893479108810425,-1.2744739055633545,-1.3955639600753784,0.09620557725429535,0.23994791507720947,0.024423440918326378,0.009968395344913006,0.22861513495445251,0.040156636387109756,0.14562177658081055,0.0947403609752655,0.03402736410498619,0.08629333972930908
8,BLR,Belarus,2020,-3.0823307037353516,-0.025624055415391922,5.019715785980225,2,-1.5520426034927368,-1.4007488489151,-1.4920120239257812,-1.417334794998169,-1.8896420001983643,-1.3893479108810425,-1.2744739055633545,-1.3955639600753784,0.09620557725429535,0.23994791507720947,0.024423440918326378,0.009968395344913006,0.22861513495445251,0.040156636387109756,0.14562177658081055,0.0947403609752655,0.03402736410498619,0.08629333972930908
8,BLR,Belarus,2021,-14.810386657714844,0.10892720520496368,5.019715785980225,2,-1.5520426034927368,-1.4007488489151,-1.4920120239257812,-1.417334794998169,-1.8896420001983643,-1.3893479108810425,-1.2744739055633545,-1.3955639600753784,0.09620557725429535,0.23994791507720947,0.024423440918326378,0.009968395344913006,0.22861513495445251,0.040156636387109756,0.14562177658081055,0.0947403609752655,0.03402736410498619,0.08629333972930908
8,BLR,Belarus,2022,-13.734106063842773,0.16688752174377441,5.019715785980225,2,-1.5520426034927368,-1.4007488489151,-1.4920120239257812,-1.417334794998169,-1.8896420001983643,-1.3893479108810425,-1.2744739055633545,-1.3955639600753784,0.09620557725429535,0.23994791507720947,0.024423440918326378,0.009968395344913006,0.22861513495445251,0.040156636387109756,0.14562177658081055,0.0947403609752655,0.03402736410498619,0.08629333972930908
8,BLR,Belarus,2023,-27.134784698486328,0.18999923765659332,5.019715785980225,2,-1.5520426034927368,-1.4007488489151,-1.4920120239257812,-1.417334794998169,-1.8896420001983643,-1.3893479108810425,-1.2744739055633545,-1.3955639600753784,0.09620557725429535,0.23994791507720947,0.024423440918326378,0.009968395344913006,0.22861513495445251,0.040156636387109756,0.14562177658081055,0.0947403609752655,0.03402736410498619,0.08629333972930908
9,BRA,Brazil,2018,4.812175750732422,0.34216758608818054,5.100390911102295,2,-0.532637357711792,-0.6124327778816223,-0.5499132871627808,-0.6196844577789307,-0.37875303626060486,-0.6074481010437012,-0.669245719909668,-0.6101658344268799,0.0982375368475914,0.2340611070394516,0.02472182735800743,0.00935110729187727,0.20504887402057648,0.04418421536684036,0.16224882006645203,0.09237880259752274,0.04033751040697098,0.08943017572164536
9,BRA,Brazil,2019,5.404086589813232,0.5127533078193665,5.100390911102295,2,-0.532637357711792,-0.6124327778816223,-0.5499132871627808,-0.6196844577789307,-0.37875303626060486,-0.6074481010437012,-0.669245719909668,-0.6101658344268799,0.0982375368475914,0.2340611070394516,0.02472182735800743,0.00935110729187727,0.20504887402057648,0.04418421536684036,0.16224882006645203,0.09237880259752274,0.04033751040697098,0.08943017572164536
9,BRA,Brazil,2020,4.385476589202881,0.5403778553009033,5.100390911102295,2,-0.532637357711792,-0.6124327778816223,-0.5499132871627808,-0.6196844577789307,-0.37875303626060486,-0.6074481010437012,-0.669245719909668,-0.6101658344268799,0.0982375368475914,0.2340611070394516,0.02472182735800743,0.00935110729187727,0.20504887402057648,0.04418421536684036,0.16224882006645203,0.09237880259752274,0.04033751040697098,0.08943017572164536
9,BRA,Brazil,2021,8.511026382446289,0.5578271150588989,5.100390911102295,2,-0.532637357711792,-0.6124327778816223,-0.5499132871627808,-0.6196844577789307,-0.37875303626060486,-0.6074481010437012,-0.669245719909668,-0.6101658344268799,0.0982375368475914,0.2340611070394516,0.02472182735800743,0.00935110729187727,0.20504887402057648,0.04418421536684036,0.16224882006645203,0.09237880259752274,0.04033751040697098,0.08943017572164536
9,BRA,Brazil,2022,0.8233122229576111,0.45931684970855713,5.100390911102295,2,-0.532637357711792,-0.6124327778816223,-0.5499132871627808,-0.6196844577789307,-0.37875303626060486,-0.6074481010437012,-0.669245719909668,-0.6101658344268799,0.0982375368475914,0.2340611070394516,0.02472182735800743,0.00935110729187727,0.20504887402057648,0.04418421536684036,0.16224882006645203,0.09237880259752274,0.04033751040697098,0.08943017572164536
9,BRA,Brazil,2023,-0.02414296381175518,0.4898296296596527,5.100390911102295,2,-0.532637357711792,-0.6124327778816223,-0.5499132871627808,-0.6196844577789307,-0.37875303626060486,-0.6074481010437012,-0.669245719909668,-0.6101658344268799,0.0982375368475914,0.2340611070394516,0.02472182735800743,0.00935110729187727,0.20504887402057648,0.04418421536684036,0.16224882006645203,0.09237880259752274,0.04033751040697098,0.08943017572164536
10,CAN,Canada,2018,-3.718440532684326,-0.7797744870185852,5.306705474853516,2,1.2861608266830444,0.8875839710235596,1.3746321201324463,0.8980936408042908,1.1545178890228271,0.8803597688674927,1.3293325901031494,0.88429856300354,0.10241803526878357,0.2152690589427948,0.025916876271367073,0.00841833557933569,0.1532222479581833,0.05513400584459305,0.2004048079252243,0.08506963402032852,0.05944995954632759,0.09469699114561081
10,CAN,Canada,2019,-3.770698308944702,-0.945475161075592,5.306705474853516,2,1.2861608266830444,0.8875839710235596,1.3746321201324463,0.8980936408042908,1.1545178890228271,0.8803597688674927,1.3293325901031494,0.88429856300354,0.10241803526878357,0.2152690589427948,0.025916876271367073,0.00841833557933569,0.1532222479581833,0.05513400584459305,0.2004048079252243,0.08506963402032852,0.05944995954632759,0.09469699114561081
10,CAN,Canada,2020,-4.2692484855651855,-1.145985722541809,5.306705474853516,2,1.2861608266830444,0.8875839710235596,1.3746321201324463,0.8980936408042908,1.1545178890228271,0.8803597688674927,1.3293325901031494,0.88429856300354,0.10241803526878357,0.2152690589427948,0.025916876271367073,0.00841833557933569,0.1532222479581833,0.05513400584459305,0.2004048079252243,0.08506963402032852,0.05944995954632759,0.09469699114561081
10,CAN,Canada,2021,-4.04820442199707,-1.47367262840271,5.306705474853516,2,1.2861608266830444,0.8875839710235596,1.3746321201324463,0.8980936408042908,1.1545178890228271,0.8803597688674927,1.3293325901031494,0.88429856300354,0.10241803526878357,0.2152690589427948,0.025916876271367073,0.00841833557933569,0.1532222479581833,0.05513400584459305,0.2004048079252243,0.08506963402032852,0.05944995954632759,0.09469699114561081
10,CAN,Canada,2022,-4.334720611572266,-1.7680259943008423,5.306705474853516,2,1.2861608266830444,0.8875839710235596,1.3746321201324463,0.8980936408042908,1.1545178890228271,0.8803597688674927,1.3293325901031494,0.88429856300354,0.10241803526878357,0.2152690589427948,0.025916876271367073,0.00841833557933569,0.1532222479581833,0.05513400584459305,0.2004048079252243,0.08506963402032852,0.05944995954632759,0.09469699114561081
10,CAN,Canada,2023,-3.507607936859131,-1.8829982280731201,5.306705474853516,2,1.2861608266830444,0.8875839710235596,1.3746321201324463,0.8980936408042908,1.1545178890228271,0.8803597688674927,1.3293325901031494,0.88429856300354,0.10241803526878357,0.2152690589427948,0.025916876271367073,0.00841833557933569,0.1532222479581833,0.05513400584459305,0.2004048079252243,0.08506963402032852,0.05944995954632759,0.09469699114561081
11,CHE,Switzerland,2018,1.0894922018051147,1.193772554397583,5.296342849731445,2,1.412360668182373,0.8241986632347107,1.4461179971694946,0.8339577913284302,1.2956862449645996,0.8174903392791748,1.4952778816223145,0.8211478590965271,0.10224971175193787,0.2163279503583908,0.02584199234843254,0.008449011482298374,0.15551674365997314,0.05456400290131569,0.1986784040927887,0.08546828478574753,0.05838603898882866,0.0945177897810936
11,CHE,Switzerland,2019,0.49372902512550354,0.9829400181770325,5.296342849731445,2,1.412360668182373,0.8241986632347107,1.4461179971694946,0.8339577913284302,1.2956862449645996,0.8174903392791748,1.4952778816223145,0.8211478590965271,0.10224971175193787,0.2163279503583908,0.02584199234843254,0.008449011482298374,0.15551674365997314,0.05456400290131569,0.1986784040927887,0.08546828478574753,0.05838603898882866,0.0945177897810936
11,CHE,Switzerland,2020,1.5537232160568237,0.7855859398841858,5.296342849731445,2,1.412360668182373,0.8241986632347107,1.4461179971694946,0.8339577913284302,1.2956862449645996,0.8174903392791748,1.4952778816223145,0.8211478590965271,0.10224971175193787,0.2163279503583908,0.02584199234843254,0.008449011482298374,0.15551674365997314,0.05456400290131569,0.1986784040927887,0.08546828478574753,0.05838603898882866,0.0945177897810936
11,CHE,Switzerland,2021,3.0005764961242676,0.6532378196716309,5.296342849731445,2,1.412360668182373,0.8241986632347107,1.4461179971694946,0.8339577913284302,1.2956862449645996,0.8174903392791748,1.4952778816223145,0.8211478590965271,0.10224971175193787,0.2163279503583908,0.02584199234843254,0.008449011482298374,0.15551674365997314,0.05456400290131569,0.1986784040927887,0.08546828478574753,0.05838603898882866,0.0945177897810936
11,CHE,Switzerland,2022,2.025691270828247,0.6115472912788391,5.296342849731445,2,1.412360668182373,0.8241986632347107,1.4461179971694946,0.8339577913284302,1.2956862449645996,0.8174903392791748,1.4952778816223145,0.8211478590965271,0.10224971175193787,0.2163279503583908,0.02584199234843254,0.008449011482298374,0.15551674365997314,0.05456400290131569,0.1986784040927887,0.08546828478574753,0.05838603898882866,0.0945177897810936
11,CHE,Switzerland,2023,-4.210478782653809,0.5579599738121033,5.296342849731445,2,1.412360668182373,0.8241986632347107,1.4461179971694946,0.8339577913284302,1.2956862449645996,0.8174903392791748,1.4952778816223145,0.8211478590965271,0.10224971175193787,0.2163279503583908,0.02584199234843254,0.008449011482298374,0.15551674365997314,0.05456400290131569,0.1986784040927887,0.08546828478574753,0.05838603898882866,0.0945177897810936
12,CHL,Chile,2018,1.4454405307769775,0.6394054293632507,5.27713680267334,2,0.8483307957649231,0.7040789723396301,0.667232871055603,0.712415874004364,1.016435146331787,0.6983484029769897,0.8613244891166687,0.7014728784561157,0.10192509740591049,0.21826189756393433,0.025707028806209564,0.008509759791195393,0.15985164046287537,0.05351279675960541,0.19542761147022247,0.08619961142539978,0.05644255131483078,0.0941619724035263
12,CHL,Chile,2019,1.1679426431655884,1.042198896408081,5.27713680267334,2,0.8483307957649231,0.7040789723396301,0.667232871055603,0.712415874004364,1.016435146331787,0.6983484029769897,0.8613244891166687,0.7014728784561157,0.10192509740591049,0.21826189756393433,0.025707028806209564,0.008509759791195393,0.15985164046287537,0.05351279675960541,0.19542761147022247,0.08619961142539978,0.05644255131483078,0.0941619724035263
12,CHL,Chile,2020,0.7698724865913391,1.1748548746109009,5.27713680267334,2,0.8483307957649231,0.7040789723396301,0.667232871055603,0.712415874004364,1.016435146331787,0.6983484029769897,0.8613244891166687,0.7014728784561157,0.10192509740591049,0.21826189756393433,0.025707028806209564,0.008509759791195393,0.15985164046287537,0.05351279675960541,0.19542761147022247,0.08619961142539978,0.05644255131483078,0.0941619724035263
12,CHL,Chile,2021,0.5402398705482483,1.1812119483947754,5.27713680267334,2,0.8483307957649231,0.7040789723396301,0.667232871055603,0.712415874004364,1.016435146331787,0.6983484029769897,0.8613244891166687,0.7014728784561157,0.10192509740591049,0.21826189756393433,0.025707028806209564,0.008509759791195393,0.15985164046287537,0.05351279675960541,0.19542761147022247,0.08619961142539978,0.05644255131483078,0.0941619724035263
12,CHL,Chile,2022,-0.5233001708984375,1.313231110572815,5.27713680267334,2,0.8483307957649231,0.7040789723396301,0.667232871055603,0.712415874004364,1.016435146331787,0.6983484029769897,0.8613244891166687,0.7014728784561157,0.10192509740591049,0.21826189756393433,0.025707028806209564,0.008509759791195393,0.15985164046287537,0.05351279675960541,0.19542761147022247,0.08619961142539978,0.05644255131483078,0.0941619724035263
12,CHL,Chile,2023,-1.9592610597610474,1.3175715208053589,5.27713680267334,2,0.8483307957649231,0.7040789723396301,0.667232871055603,0.712415874004364,1.016435146331787,0.6983484029769897,0.8613244891166687,0.7014728784561157,0.10192509740591049,0.21826189756393433,0.025707028806209564,0.008509759791195393,0.15985164046287537,0.05351279675960541,0.19542761147022247,0.08619961142539978,0.05644255131483078,0.0941619724035263
13,CHN,China,2018,-8.663586616516113,-0.9106065630912781,5.060640811920166,2,-0.8438493609428406,-0.9805036187171936,-0.7442506551742554,-0.9921135306358337,-0.7500977516174316,-0.9725230932235718,-1.03719961643219,-0.9768742918968201,0.09726203233003616,0.23707634210586548,0.024561597034335136,0.009631420485675335,0.2164323776960373,0.04218176379799843,0.1541537344455719,0.0935845896601677,0.03715071827173233,0.08796538412570953
13,CHN,China,2019,-9.760994911193848,-0.7464908957481384,5.060640811920166,2,-0.8438493609428406,-0.9805036187171936,-0.7442506551742554,-0.9921135306358337,-0.7500977516174316,-0.9725230932235718,-1.03719961643219,-0.9768742918968201,0.09726203233003616,0.23707634210586548,0.024561597034335136,0.009631420485675335,0.2164323776960373,0.04218176379799843,0.1541537344455719,0.0935845896601677,0.03715071827173233,0.08796538412570953
13,CHN,China,2020,-10.60916519165039,-0.6874899864196777,5.060640811920166,2,-0.8438493609428406,-0.9805036187171936,-0.7442506551742554,-0.9921135306358337,-0.7500977516174316,-0.9725230932235718,-1.03719961643219,-0.9768742918968201,0.09726203233003616,0.23707634210586548,0.024561597034335136,0.009631420485675335,0.2164323776960373,0.04218176379799843,0.1541537344455719,0.0935845896601677,0.03715071827173233,0.08796538412570953
13,CHN,China,2021,-11.069491386413574,-0.7070874571800232,5.060640811920166,2,-0.8438493609428406,-0.9805036187171936,-0.7442506551742554,-0.9921135306358337,-0.7500977516174316,-0.9725230932235718,-1.03719961643219,-0.9768742918968201,0.09726203233003616,0.23707634210586548,0.024561597034335136,0.009631420485675335,0.2164323776960373,0.04218176379799843,0.1541537344455719,0.0935845896601677,0.03715071827173233,0.08796538412570953
13,CHN,China,2022,-11.851537704467773,-0.7539385557174683,5.060640811920166,2,-0.8438493609428406,-0.9805036187171936,-0.7442506551742554,-0.9921135306358337,-0.7500977516174316,-0.9725230932235718,-1.03719961643219,-0.9768742918968201,0.09726203233003616,0.23707634210586548,0.024561597034335136,0.009631420485675335,0.2164323776960373,0.04218176379799843,0.1541537344455719,0.0935845896601677,0.03715071827173233,0.08796538412570953
13,CHN,China,2023,-12.087423324584961,-0.8076069951057434,5.060640811920166,2,-0.8438493609428406,-0.9805036187171936,-0.7442506551742554,-0.9921135306358337,-0.7500977516174316,-0.9725230932235718,-1.03719961643219,-0.9768742918968201,0.09726203233003616,0.23707634210586548,0.024561597034335136,0.009631420485675335,0.2164323776960373,0.04218176379799843,0.1541537344455719,0.0935845896601677,0.03715071827173233,0.08796538412570953
14,COL,Colombia,2018,0.3820185363292694,-1.072743535041809,5.068872928619385,2,-0.757061779499054,-0.9013206362724304,-0.7152259349822998,-0.9119929671287537,-0.5119652152061462,-0.8939846158027649,-1.0439940690994263,-0.8979843854904175,0.09746816754341125,0.23646976053714752,0.02459278516471386,0.009569838643074036,0.2140389233827591,0.0425935834646225,0.15584585070610046,0.09334143996238708,0.03779815882444382,0.0882815569639206
14,COL,Colombia,2019,2.6013519763946533,-0.596856415271759,5.068872928619385,2,-0.757061779499054,-0.9013206362724304,-0.7152259349822998,-0.9119929671287537,-0.5119652152061462,-0.8939846158027649,-1.0439940690994263,-0.8979843854904175,0.09746816754341125,0.23646976053714752,0.02459278516471386,0.009569838643074036,0.2140389233827591,0.0425935834646225,0.15584585070610046,0.09334143996238708,0.03779815882444382,0.0882815569639206
14,COL,Colombia,2020,3.8599977493286133,-0.4859265983104706,5.068872928619385,2,-0.757061779499054,-0.9013206362724304,-0.7152259349822998,-0.9119929671287537,-0.5119652152061462,-0.8939846158027649,-1.0439940690994263,-0.8979843854904175,0.09746816754341125,0.23646976053714752,0.02459278516471386,0.009569838643074036,0.2140389233827591,0.0425935834646225,0.15584585070610046,0.09334143996238708,0.03779815882444382,0.0882815569639206
14,COL,Colombia,2021,0.7301899194717407,-0.5550641417503357,5.068872928619385,2,-0.757061779499054,-0.9013206362724304,-0.7152259349822998,-0.9119929671287537,-0.5119652152061462,-0.8939846158027649,-1.0439940690994263,-0.8979843854904175,0.09746816754341125,0.23646976053714752,0.02459278516471386,0.009569838643074036,0.2140389233827591,0.0425935834646225,0.15584585070610046,0.09334143996238708,0.03779815882444382,0.0882815569639206
14,COL,Colombia,2022,0.9924597144126892,-0.5835699439048767,5.068872928619385,2,-0.757061779499054,-0.9013206362724304,-0.7152259349822998,-0.9119929671287537,-0.5119652152061462,-0.8939846158027649,-1.0439940690994263,-0.8979843854904175,0.09746816754341125,0.23646976053714752,0.02459278516471386,0.009569838643074036,0.2140389233827591,0.0425935834646225,0.15584585070610046,0.09334143996238708,0.03779815882444382,0.0882815569639206
14,COL,Colombia,2023,3.7653815746307373,-0.701115071773529,5.068872928619385,2,-0.757061779499054,-0.9013206362724304,-0.7152259349822998,-0.9119929671287537,-0.5119652152061462,-0.8939846158027649,-1.0439940690994263,-0.8979843854904175,0.09746816754341125,0.23646976053714752,0.02459278516471386,0.009569838643074036,0.2140389233827591,0.0425935834646225,0.15584585070610046,0.09334143996238708,0.03779815882444382,0.0882815569639206
15,CYP,Cyprus,2018,-11.052656173706055,-0.433195561170578,5.3282599449157715,2,0.7725202441215515,1.016459584236145,0.8672822117805481,1.028495192527771,0.7250233292579651,1.0081863403320312,0.725255012512207,1.0126971006393433,0.10275321453809738,0.2130335122346878,0.026077238842844963,0.008359046652913094,0.14854645729064941,0.05632615089416504,0.20393304526805878,0.08423179388046265,0.06169799342751503,0.09504152089357376
15,CYP,Cyprus,2019,-11.571080207824707,-0.6193860173225403,5.3282599449157715,2,0.7725202441215515,1.016459584236145,0.8672822117805481,1.028495192527771,0.7250233292579651,1.0081863403320312,0.725255012512207,1.0126971006393433,0.10275321453809738,0.2130335122346878,0.026077238842844963,0.008359046652913094,0.14854645729064941,0.05632615089416504,0.20393304526805878,0.08423179388046265,0.06169799342751503,0.09504152089357376
15,CYP,Cyprus,2020,-14.400252342224121,-0.7538434863090515,5.3282599449157715,2,0.7725202441215515,1.016459584236145,0.8672822117805481,1.028495192527771,0.7250233292579651,1.0081863403320312,0.725255012512207,1.0126971006393433,0.10275321453809738,0.2130335122346878,0.026077238842844963,0.008359046652913094,0.14854645729064941,0.05632615089416504,0.20393304526805878,0.08423179388046265,0.06169799342751503,0.09504152089357376
15,CYP,Cyprus,2021,-17.67461395263672,-0.854093611240387,5.3282599449157715,2,0.7725202441215515,1.016459584236145,0.8672822117805481,1.028495192527771,0.7250233292579651,1.0081863403320312,0.725255012512207,1.0126971006393433,0.10275321453809738,0.2130335122346878,0.026077238842844963,0.008359046652913094,0.14854645729064941,0.05632615089416504,0.20393304526805878,0.08423179388046265,0.06169799342751503,0.09504152089357376
15,CYP,Cyprus,2022,-19.47079086303711,-0.9176939129829407,5.3282599449157715,2,0.7725202441215515,1.016459584236145,0.8672822117805481,1.028495192527771,0.7250233292579651,1.0081863403320312,0.725255012512207,1.0126971006393433,0.10275321453809738,0.2130335122346878,0.026077238842844963,0.008359046652913094,0.14854645729064941,0.05632615089416504,0.20393304526805878,0.08423179388046265,0.06169799342751503,0.09504152089357376
15,CYP,Cyprus,2023,-23.38113784790039,-0.9539762735366821,5.3282599449157715,2,0.7725202441215515,1.016459584236145,0.8672822117805481,1.028495192527771,0.7250233292579651,1.0081863403320312,0.725255012512207,1.0126971006393433,0.10275321453809738,0.2130335122346878,0.026077238842844963,0.008359046652913094,0.14854645729064941,0.05632615089416504,0.20393304526805878,0.08423179388046265,0.06169799342751503,0.09504152089357376
16,CZE,Czechia,2018,-2.3009228706359863,-0.7483730316162109,5.289876937866211,2,0.365255743265152,0.7841528058052063,0.28039175271987915,0.7934378385543823,0.4478796720504761,0.777770459651947,0.3674957752227783,0.7812502980232239,0.10214230418205261,0.21698324382305145,0.025796016678214073,0.008468886837363243,0.15696404874324799,0.054209377616643906,0.1975913792848587,0.08571559935808182,0.05772768333554268,0.09440147131681442
16,CZE,Czechia,2019,-2.761939525604248,-0.6929687261581421,5.289876937866211,2,0.365255743265152,0.7841528058052063,0.28039175271987915,0.7934378385543823,0.4478796720504761,0.777770459651947,0.3674957752227783,0.7812502980232239,0.10214230418205261,0.21698324382305145,0.025796016678214073,0.008468886837363243,0.15696404874324799,0.054209377616643906,0.1975913792848587,0.08571559935808182,0.05772768333554268,0.09440147131681442
16,CZE,Czechia,2020,-3.448472261428833,-0.7663103938102722,5.289876937866211,2,0.365255743265152,0.7841528058052063,0.28039175271987915,0.7934378385543823,0.4478796720504761,0.777770459651947,0.3674957752227783,0.7812502980232239,0.10214230418205261,0.21698324382305145,0.025796016678214073,0.008468886837363243,0.15696404874324799,0.054209377616643906,0.1975913792848587,0.08571559935808182,0.05772768333554268,0.09440147131681442
16,CZE,Czechia,2021,-3.2644777297973633,-0.8623961806297302,5.289876937866211,2,0.365255743265152,0.7841528058052063,0.28039175271987915,0.7934378385543823,0.4478796720504761,0.777770459651947,0.3674957752227783,0.7812502980232239,0.10214230418205261,0.21698324382305145,0.025796016678214073,0.008468886837363243,0.15696404874324799,0.054209377616643906,0.1975913792848587,0.08571559935808182,0.05772768333554268,0.09440147131681442
16,CZE,Czechia,2022,-3.0018773078918457,-0.9510570764541626,5.289876937866211,2,0.365255743265152,0.7841528058052063,0.28039175271987915,0.7934378385543823,0.4478796720504761,0.777770459651947,0.3674957752227783,0.7812502980232239,0.10214230418205261,0.21698324382305145,0.025796016678214073,0.008468886837363243,0.15696404874324799,0.054209377616643906,0.1975913792848587,0.08571559935808182,0.05772768333554268,0.09440147131681442
16,CZE,Czechia,2023,-3.7278714179992676,-1.0159690380096436,5.289876937866211,2,0.365255743265152,0.7841528058052063,0.28039175271987915,0.7934378385543823,0.4478796720504761,0.777770459651947,0.3674957752227783,0.7812502980232239,0.10214230418205261,0.21698324382305145,0.025796016678214073,0.008468886837363243,0.15696404874324799,0.054209377616643906,0.1975913792848587,0.08571559935808182,0.05772768333554268,0.09440147131681442
17,DEU,Germany,2018,-4.408335208892822,-0.5245649814605713,5.303177356719971,2,1.162001371383667,0.8661051392555237,1.2181392908096313,0.8763604760169983,0.9860901236534119,0.859055757522583,1.2817747592926025,0.8628992438316345,0.10236125439405441,0.215630903840065,0.025891216471791267,0.008428621105849743,0.15400025248527527,0.054939668625593185,0.19981904327869415,0.08520572632551193,0.059086427092552185,0.09463696926832199
17,DEU,Germany,2019,-7.129828929901123,-0.4635118544101715,5.303177356719971,2,1.162001371383667,0.8661051392555237,1.2181392908096313,0.8763604760169983,0.9860901236534119,0.859055757522583,1.2817747592926025,0.8628992438316345,0.10236125439405441,0.215630903840065,0.025891216471791267,0.008428621105849743,0.15400025248527527,0.054939668625593185,0.19981904327869415,0.08520572632551193,0.059086427092552185,0.09463696926832199
17,DEU,Germany,2020,-8.748512268066406,-0.5091807842254639,5.303177356719971,2,1.162001371383667,0.8661051392555237,1.2181392908096313,0.8763604760169983,0.9860901236534119,0.859055757522583,1.2817747592926025,0.8628992438316345,0.10236125439405441,0.215630903840065,0.025891216471791267,0.008428621105849743,0.15400025248527527,0.054939668625593185,0.19981904327869415,0.08520572632551193,0.059086427092552185,0.09463696926832199
17,DEU,Germany,2021,-7.036392688751221,-0.574828028678894,5.303177356719971,2,1.162001371383667,0.8661051392555237,1.2181392908096313,0.8763604760169983,0.9860901236534119,0.859055757522583,1.2817747592926025,0.8628992438316345,0.10236125439405441,0.215630903840065,0.025891216471791267,0.008428621105849743,0.15400025248527527,0.054939668625593185,0.19981904327869415,0.08520572632551193,0.059086427092552185,0.09463696926832199
17,DEU,Germany,2022,-5.935337066650391,-0.6398400068283081,5.303177356719971,2,1.162001371383667,0.8661051392555237,1.2181392908096313,0.8763604760169983,0.9860901236534119,0.859055757522583,1.2817747592926025,0.8628992438316345,0.10236125439405441,0.215630903840065,0.025891216471791267,0.008428621105849743,0.15400025248527527,0.054939668625593185,0.19981904327869415,0.08520572632551193,0.059086427092552185,0.09463696926832199
17,DEU,Germany,2023,-8.335287094116211,-0.6976211667060852,5.303177356719971,2,1.162001371383667,0.8661051392555237,1.2181392908096313,0.8763604760169983,0.9860901236534119,0.859055757522583,1.2817747592926025,0.8628992438316345,0.10236125439405441,0.215630903840065,0.025891216471791267,0.008428621105849743,0.15400025248527527,0.054939668625593185,0.19981904327869415,0.08520572632551193,0.059086427092552185,0.09463696926832199
18,DNK,Denmark,2018,-4.1028218269348145,-0.375531941652298,5.29720401763916,2,1.5067936182022095,0.8295044898986816,1.5459808111190796,0.8393263816833496,1.4523217678070068,0.8227529525756836,1.522078514099121,0.8264340162277222,0.10226389765739441,0.21624036133289337,0.02584817074239254,0.0084464056417346,0.15532484650611877,0.054611317813396454,0.19882261753082275,0.08543525636196136,0.058474063873291016,0.0945330336689949
18,DNK,Denmark,2019,-5.251770973205566,-0.4536212384700775,5.29720401763916,2,1.5067936182022095,0.8295044898986816,1.5459808111190796,0.8393263816833496,1.4523217678070068,0.8227529525756836,1.522078514099121,0.8264340162277222,0.10226389765739441,0.21624036133289337,0.02584817074239254,0.0084464056417346,0.15532484650611877,0.054611317813396454,0.19882261753082275,0.08543525636196136,0.058474063873291016,0.0945330336689949
18,DNK,Denmark,2020,-5.442167282104492,-0.5591455698013306,5.29720401763916,2,1.5067936182022095,0.8295044898986816,1.5459808111190796,0.8393263816833496,1.4523217678070068,0.8227529525756836,1.522078514099121,0.8264340162277222,0.10226389765739441,0.21624036133289337,0.02584817074239254,0.0084464056417346,0.15532484650611877,0.054611317813396454,0.19882261753082275,0.08543525636196136,0.058474063873291016,0.0945330336689949
18,DNK,Denmark,2021,-5.020071029663086,-0.6342439651489258,5.29720401763916,2,1.5067936182022095,0.8295044898986816,1.5459808111190796,0.8393263816833496,1.4523217678070068,0.8227529525756836,1.522078514099121,0.8264340162277222,0.10226389765739441,0.21624036133289337,0.02584817074239254,0.0084464056417346,0.15532484650611877,0.054611317813396454,0.19882261753082275,0.08543525636196136,0.058474063873291016,0.0945330336689949
18,DNK,Denmark,2022,-5.26057767868042,-0.6757484078407288,5.29720401763916,2,1.5067936182022095,0.8295044898986816,1.5459808111190796,0.8393263816833496,1.4523217678070068,0.8227529525756836,1.522078514099121,0.8264340162277222,0.10226389765739441,0.21624036133289337,0.02584817074239254,0.0084464056417346,0.15532484650611877,0.054611317813396454,0.19882261753082275,0.08543525636196136,0.058474063873291016,0.0945330336689949
18,DNK,Denmark,2023,-5.907427787780762,-0.708214521408081,5.29720401763916,2,1.5067936182022095,0.8295044898986816,1.5459808111190796,0.8393263816833496,1.4523217678070068,0.8227529525756836,1.522078514099121,0.8264340162277222,0.10226389765739441,0.21624036133289337,0.02584817074239254,0.0084464056417346,0.15532484650611877,0.054611317813396454,0.19882261753082275,0.08543525636196136,0.058474063873291016,0.0945330336689949
19,DZA,Algeria,2018,-1.3783005475997925,-0.7499935626983643,5.032581806182861,2,-1.204992651939392,-1.2635395526885986,-1.152233362197876,-1.2785007953643799,-1.2305991649627686,-1.2532553672790527,-1.2321451902389526,-1.2588624954223633,0.09654334932565689,0.23907169699668884,0.024463701993227005,0.009856628254055977,0.22473406791687012,0.04078929126262665,0.14832526445388794,0.09438677877187729,0.03499223664402962,0.08683700859546661
19,DZA,Algeria,2019,-1.3506704568862915,-0.5195729732513428,5.032581806182861,2,-1.204992651939392,-1.2635395526885986,-1.152233362197876,-1.2785007953643799,-1.2305991649627686,-1.2532553672790527,-1.2321451902389526,-1.2588624954223633,0.09654334932565689,0.23907169699668884,0.024463701993227005,0.009856628254055977,0.22473406791687012,0.04078929126262665,0.14832526445388794,0.09438677877187729,0.03499223664402962,0.08683700859546661
19,DZA,Algeria,2020,-1.4138250350952148,-0.3774351179599762,5.032581806182861,2,-1.204992651939392,-1.2635395526885986,-1.152233362197876,-1.2785007953643799,-1.2305991649627686,-1.2532553672790527,-1.2321451902389526,-1.2588624954223633,0.09654334932565689,0.23907169699668884,0.024463701993227005,0.009856628254055977,0.22473406791687012,0.04078929126262665,0.14832526445388794,0.09438677877187729,0.03499223664402962,0.08683700859546661
19,DZA,Algeria,2021,-1.0506858825683594,-0.39945176243782043,5.032581806182861,2,-1.204992651939392,-1.2635395526885986,-1.152233362197876,-1.2785007953643799,-1.2305991649627686,-1.2532553672790527,-1.2321451902389526,-1.2588624954223633,0.09654334932565689,0.23907169699668884,0.024463701993227005,0.009856628254055977,0.22473406791687012,0.04078929126262665,0.14832526445388794,0.09438677877187729,0.03499223664402962,0.08683700859546661
19,DZA,Algeria,2022,-1.0033199787139893,-0.4740706980228424,5.032581806182861,2,-1.204992651939392,-1.2635395526885986,-1.152233362197876,-1.2785007953643799,-1.2305991649627686,-1.2532553672790527,-1.2321451902389526,-1.2588624954223633,0.09654334932565689,0.23907169699668884,0.024463701993227005,0.009856628254055977,0.22473406791687012,0.04078929126262665,0.14832526445388794,0.09438677877187729,0.03499223664402962,0.08683700859546661
19,DZA,Algeria,2023,-1.0033199787139893,-0.5206078290939331,5.032581806182861,2,-1.204992651939392,-1.2635395526885986,-1.152233362197876,-1.2785007953643799,-1.2305991649627686,-1.2532553672790527,-1.2321451902389526,-1.2588624954223633,0.09654334932565689,0.23907169699668884,0.024463701993227005,0.009856628254055977,0.22473406791687012,0.04078929126262665,0.14832526445388794,0.09438677877187729,0.03499223664402962,0.08683700859546661
20,ECU,Ecuador,2018,-1.1428673267364502,0.6344254612922668,5.0315399169921875,2,-1.2054944038391113,-1.2744585275650024,-1.1715943813323975,-1.2895492315292358,-1.2544611692428589,-1.2640855312347412,-1.1904276609420776,-1.269741177558899,0.0965161994099617,0.23914356529712677,0.024460330605506897,0.00986546277999878,0.2250463366508484,0.04073796421289444,0.14810720086097717,0.09441571682691574,0.034913577139377594,0.08679363131523132
20,ECU,Ecuador,2019,-1.7627936601638794,0.9325554966926575,5.0315399169921875,2,-1.2054944038391113,-1.2744585275650024,-1.1715943813323975,-1.2895492315292358,-1.2544611692428589,-1.2640855312347412,-1.1904276609420776,-1.269741177558899,0.0965161994099617,0.23914356529712677,0.024460330605506897,0.00986546277999878,0.2250463366508484,0.04073796421289444,0.14810720086097717,0.09441571682691574,0.034913577139377594,0.08679363131523132
20,ECU,Ecuador,2020,-1.9658561944961548,1.0572439432144165,5.0315399169921875,2,-1.2054944038391113,-1.2744585275650024,-1.1715943813323975,-1.2895492315292358,-1.2544611692428589,-1.2640855312347412,-1.1904276609420776,-1.269741177558899,0.0965161994099617,0.23914356529712677,0.024460330605506897,0.00986546277999878,0.2250463366508484,0.04073796421289444,0.14810720086097717,0.09441571682691574,0.034913577139377594,0.08679363131523132
20,ECU,Ecuador,2021,-2.1342613697052,1.1155200004577637,5.0315399169921875,2,-1.2054944038391113,-1.2744585275650024,-1.1715943813323975,-1.2895492315292358,-1.2544611692428589,-1.2640855312347412,-1.1904276609420776,-1.269741177558899,0.0965161994099617,0.23914356529712677,0.024460330605506897,0.00986546277999878,0.2250463366508484,0.04073796421289444,0.14810720086097717,0.09441571682691574,0.034913577139377594,0.08679363131523132
20,ECU,Ecuador,2022,-1.612612009048462,1.141265869140625,5.0315399169921875,2,-1.2054944038391113,-1.2744585275650024,-1.1715943813323975,-1.2895492315292358,-1.2544611692428589,-1.2640855312347412,-1.1904276609420776,-1.269741177558899,0.0965161994099617,0.23914356529712677,0.024460330605506897,0.00986546277999878,0.2250463366508484,0.04073796421289444,0.14810720086097717,0.09441571682691574,0.034913577139377594,0.08679363131523132
20,ECU,Ecuador,2023,-1.6925028562545776,1.1475216150283813,5.0315399169921875,2,-1.2054944038391113,-1.2744585275650024,-1.1715943813323975,-1.2895492315292358,-1.2544611692428589,-1.2640855312347412,-1.1904276609420776,-1.269741177558899,0.0965161994099617,0.23914356529712677,0.024460330605506897,0.00986546277999878,0.2250463366508484,0.04073796421289444,0.14810720086097717,0.09441571682691574,0.034913577139377594,0.08679363131523132
21,EGY,Egypt,2018,1.8549280166625977,0.5328662991523743,5.061185359954834,2,-0.7224758267402649,-0.9752140045166016,-0.816137969493866,-0.9867612719535828,-0.7838069200515747,-0.9672765135765076,-0.5674826502799988,-0.9716041684150696,0.0972757339477539,0.23703652620315552,0.02456362545490265,0.009627287276089191,0.21627342700958252,0.0422089658677578,0.15426591038703918,0.09356861561536789,0.03719334676861763,0.08798650652170181
21,EGY,Egypt,2019,1.397194504737854,0.7380512356758118,5.061185359954834,2,-0.7224758267402649,-0.9752140045166016,-0.816137969493866,-0.9867612719535828,-0.7838069200515747,-0.9672765135765076,-0.5674826502799988,-0.9716041684150696,0.0972757339477539,0.23703652620315552,0.02456362545490265,0.009627287276089191,0.21627342700958252,0.0422089658677578,0.15426591038703918,0.09356861561536789,0.03719334676861763,0.08798650652170181
21,EGY,Egypt,2020,0.7784237861633301,0.7917014956474304,5.061185359954834,2,-0.7224758267402649,-0.9752140045166016,-0.816137969493866,-0.9867612719535828,-0.7838069200515747,-0.9672765135765076,-0.5674826502799988,-0.9716041684150696,0.0972757339477539,0.23703652620315552,0.02456362545490265,0.009627287276089191,0.21627342700958252,0.0422089658677578,0.15426591038703918,0.09356861561536789,0.03719334676861763,0.08798650652170181
21,EGY,Egypt,2021,0.7313584089279175,0.7831870317459106,5.061185359954834,2,-0.7224758267402649,-0.9752140045166016,-0.816137969493866,-0.9867612719535828,-0.7838069200515747,-0.9672765135765076,-0.5674826502799988,-0.9716041684150696,0.0972757339477539,0.23703652620315552,0.02456362545490265,0.009627287276089191,0.21627342700958252,0.0422089658677578,0.15426591038703918,0.09356861561536789,0.03719334676861763,0.08798650652170181
21,EGY,Egypt,2022,0.8227205872535706,0.744084894657135,5.061185359954834,2,-0.7224758267402649,-0.9752140045166016,-0.816137969493866,-0.9867612719535828,-0.7838069200515747,-0.9672765135765076,-0.5674826502799988,-0.9716041684150696,0.0972757339477539,0.23703652620315552,0.02456362545490265,0.009627287276089191,0.21627342700958252,0.0422089658677578,0.15426591038703918,0.09356861561536789,0.03719334676861763,0.08798650652170181
21,EGY,Egypt,2023,0.880398690700531,0.6866080164909363,5.061185359954834,2,-0.7224758267402649,-0.9752140045166016,-0.816137969493866,-0.9867612719535828,-0.7838069200515747,-0.9672765135765076,-0.5674826502799988,-0.9716041684150696,0.0972757339477539,0.23703652620315552,0.02456362545490265,0.009627287276089191,0.21627342700958252,0.0422089658677578,0.15426591038703918,0.09356861561536789,0.03719334676861763,0.08798650652170181
22,ESP,Spain,2018,-2.3918983936309814,0.215734601020813,5.318106174468994,2,0.789492130279541,0.9562292695045471,0.8293587565422058,0.9675517678260803,0.796362042427063,0.9484463334083557,0.7427557706832886,0.9526897668838501,0.10259779542684555,0.21409213542938232,0.026000909507274628,0.008386233821511269,0.15073314309120178,0.055763401091098785,0.20228151977062225,0.08462793380022049,0.06063298508524895,0.09488391131162643
22,ESP,Spain,2019,-3.220625877380371,-0.15672273933887482,5.318106174468994,2,0.789492130279541,0.9562292695045471,0.8293587565422058,0.9675517678260803,0.796362042427063,0.9484463334083557,0.7427557706832886,0.9526897668838501,0.10259779542684555,0.21409213542938232,0.026000909507274628,0.008386233821511269,0.15073314309120178,0.055763401091098785,0.20228151977062225,0.08462793380022049,0.06063298508524895,0.09488391131162643
22,ESP,Spain,2020,-4.112740993499756,-0.5295282602310181,5.318106174468994,2,0.789492130279541,0.9562292695045471,0.8293587565422058,0.9675517678260803,0.796362042427063,0.9484463334083557,0.7427557706832886,0.9526897668838501,0.10259779542684555,0.21409213542938232,0.026000909507274628,0.008386233821511269,0.15073314309120178,0.055763401091098785,0.20228151977062225,0.08462793380022049,0.06063298508524895,0.09488391131162643
22,ESP,Spain,2021,-4.21701192855835,-0.8559866547584534,5.318106174468994,2,0.789492130279541,0.9562292695045471,0.8293587565422058,0.9675517678260803,0.796362042427063,0.9484463334083557,0.7427557706832886,0.9526897668838501,0.10259779542684555,0.21409213542938232,0.026000909507274628,0.008386233821511269,0.15073314309120178,0.055763401091098785,0.20228151977062225,0.08462793380022049,0.06063298508524895,0.09488391131162643
22,ESP,Spain,2022,-3.774611234664917,-1.0917595624923706,5.318106174468994,2,0.789492130279541,0.9562292695045471,0.8293587565422058,0.9675517678260803,0.796362042427063,0.9484463334083557,0.7427557706832886,0.9526897668838501,0.10259779542684555,0.21409213542938232,0.026000909507274628,0.008386233821511269,0.15073314309120178,0.055763401091098785,0.20228151977062225,0.08462793380022049,0.06063298508524895,0.09488391131162643
22,ESP,Spain,2023,-4.671977519989014,-1.2288349866867065,5.318106174468994,2,0.789492130279541,0.9562292695045471,0.8293587565422058,0.9675517678260803,0.796362042427063,0.9484463334083557,0.7427557706832886,0.9526897668838501,0.10259779542684555,0.21409213542938232,0.026000909507274628,0.008386233821511269,0.15073314309120178,0.055763401091098785,0.20228151977062225,0.08462793380022049,0.06063298508524895,0.09488391131162643
23,EST,Estonia,2018,-4.833373069763184,-0.8230721354484558,5.2627058029174805,2,0.5303884744644165,0.611396312713623,0.3051801919937134,0.6186357140541077,0.8016892075538635,0.6064200401306152,0.48429596424102783,0.609133243560791,0.10167001932859421,0.2196897268295288,0.02560887485742569,0.008558900095522404,0.16318154335021973,0.052727118134498596,0.19294151663780212,0.08674250543117523,0.05500589683651924,0.09387397766113281
23,EST,Estonia,2019,-9.96490478515625,-0.8327940106391907,5.2627058029174805,2,0.5303884744644165,0.611396312713623,0.3051801919937134,0.6186357140541077,0.8016892075538635,0.6064200401306152,0.48429596424102783,0.609133243560791,0.10167001932859421,0.2196897268295288,0.02560887485742569,0.008558900095522404,0.16318154335021973,0.052727118134498596,0.19294151663780212,0.08674250543117523,0.05500589683651924,0.09387397766113281
23,EST,Estonia,2020,-18.38939094543457,-0.9424823522567749,5.2627058029174805,2,0.5303884744644165,0.611396312713623,0.3051801919937134,0.6186357140541077,0.8016892075538635,0.6064200401306152,0.48429596424102783,0.609133243560791,0.10167001932859421,0.2196897268295288,0.02560887485742569,0.008558900095522404,0.16318154335021973,0.052727118134498596,0.19294151663780212,0.08674250543117523,0.05500589683651924,0.09387397766113281
23,EST,Estonia,2021,-14.705828666687012,-1.0418590307235718,5.2627058029174805,2,0.5303884744644165,0.611396312713623,0.3051801919937134,0.6186357140541077,0.8016892075538635,0.6064200401306152,0.48429596424102783,0.609133243560791,0.10167001932859421,0.2196897268295288,0.02560887485742569,0.008558900095522404,0.16318154335021973,0.052727118134498596,0.19294151663780212,0.08674250543117523,0.05500589683651924,0.09387397766113281
23,EST,Estonia,2022,-11.738649368286133,-1.1083335876464844,5.2627058029174805,2,0.5303884744644165,0.611396312713623,0.3051801919937134,0.6186357140541077,0.8016892075538635,0.6064200401306152,0.48429596424102783,0.609133243560791,0.10167001932859421,0.2196897268295288,0.02560887485742569,0.008558900095522404,0.16318154335021973,0.052727118134498596,0.19294151663780212,0.08674250543117523,0.05500589683651924,0.09387397766113281
23,EST,Estonia,2023,-19.71649742126465,-1.159018874168396,5.2627058029174805,2,0.5303884744644165,0.611396312713623,0.3051801919937134,0.6186357140541077,0.8016892075538635,0.6064200401306152,0.48429596424102783,0.609133243560791,0.10167001932859421,0.2196897268295288,0.02560887485742569,0.008558900095522404,0.16318154335021973,0.052727118134498596,0.19294151663780212,0.08674250543117523,0.05500589683651924,0.09387397766113281
24,FIN,Finland,2018,-2.4947378635406494,0.8669142127037048,5.299225807189941,2,1.5118976831436157,0.8419285416603088,1.5876092910766602,0.851897656917572,1.3751853704452515,0.8350759148597717,1.572898507118225,0.8388121724128723,0.10229703038930893,0.21603447198867798,0.025862684473395348,0.008440332487225533,0.15487538278102875,0.0547223836183548,0.1991605907678604,0.0853576734662056,0.0586809366941452,0.09456854313611984
24,FIN,Finland,2019,-3.0343379974365234,0.6358274817466736,5.299225807189941,2,1.5118976831436157,0.8419285416603088,1.5876092910766602,0.851897656917572,1.3751853704452515,0.8350759148597717,1.572898507118225,0.8388121724128723,0.10229703038930893,0.21603447198867798,0.025862684473395348,0.008440332487225533,0.15487538278102875,0.0547223836183548,0.1991605907678604,0.0853576734662056,0.0586809366941452,0.09456854313611984
24,FIN,Finland,2020,-4.05517578125,0.40800952911376953,5.299225807189941,2,1.5118976831436157,0.8419285416603088,1.5876092910766602,0.851897656917572,1.3751853704452515,0.8350759148597717,1.572898507118225,0.8388121724128723,0.10229703038930893,0.21603447198867798,0.025862684473395348,0.008440332487225533,0.15487538278102875,0.0547223836183548,0.1991605907678604,0.0853576734662056,0.0586809366941452,0.09456854313611984
24,FIN,Finland,2021,-3.9226253032684326,0.2390887439250946,5.299225807189941,2,1.5118976831436157,0.8419285416603088,1.5876092910766602,0.851897656917572,1.3751853704452515,0.8350759148597717,1.572898507118225,0.8388121724128723,0.10229703038930893,0.21603447198867798,0.025862684473395348,0.008440332487225533,0.15487538278102875,0.0547223836183548,0.1991605907678604,0.0853576734662056,0.0586809366941452,0.09456854313611984
24,FIN,Finland,2022,-4.062594890594482,0.12896008789539337,5.299225807189941,2,1.5118976831436157,0.8419285416603088,1.5876092910766602,0.851897656917572,1.3751853704452515,0.8350759148597717,1.572898507118225,0.8388121724128723,0.10229703038930893,0.21603447198867798,0.025862684473395348,0.008440332487225533,0.15487538278102875,0.0547223836183548,0.1991605907678604,0.0853576734662056,0.0586809366941452,0.09456854313611984
24,FIN,Finland,2023,-5.2590131759643555,0.03743375465273857,5.299225807189941,2,1.5118976831436157,0.8419285416603088,1.5876092910766602,0.851897656917572,1.3751853704452515,0.8350759148597717,1.572898507118225,0.8388121724128723,0.10229703038930893,0.21603447198867798,0.025862684473395348,0.008440332487225533,0.15487538278102875,0.0547223836183548,0.1991605907678604,0.0853576734662056,0.0586809366941452,0.09456854313611984
25,FRA,France,2018,-2.937512159347534,0.7759782671928406,5.336720943450928,2,0.8883405327796936,1.066016674041748,1.0859564542770386,1.0786391496658325,0.6707704067230225,1.057340145111084,0.9082947969436646,1.0620707273483276,0.10287940502166748,0.21214425563812256,0.02614191174507141,0.008337387815117836,0.1467459499835968,0.05679662898182869,0.2052946239709854,0.08389982581138611,0.06259358674287796,0.09516646713018417
25,FRA,France,2019,-2.957599639892578,0.70351642370224,5.336720943450928,2,0.8883405327796936,1.066016674041748,1.0859564542770386,1.0786391496658325,0.6707704067230225,1.057340145111084,0.9082947969436646,1.0620707273483276,0.10287940502166748,0.21214425563812256,0.02614191174507141,0.008337387815117836,0.1467459499835968,0.05679662898182869,0.2052946239709854,0.08389982581138611,0.06259358674287796,0.09516646713018417
25,FRA,France,2020,-3.0673086643218994,0.5527703166007996,5.336720943450928,2,0.8883405327796936,1.066016674041748,1.0859564542770386,1.0786391496658325,0.6707704067230225,1.057340145111084,0.9082947969436646,1.0620707273483276,0.10287940502166748,0.21214425563812256,0.02614191174507141,0.008337387815117836,0.1467459499835968,0.05679662898182869,0.2052946239709854,0.08389982581138611,0.06259358674287796,0.09516646713018417
25,FRA,France,2021,-2.956054449081421,0.3986738622188568,5.336720943450928,2,0.8883405327796936,1.066016674041748,1.0859564542770386,1.0786391496658325,0.6707704067230225,1.057340145111084,0.9082947969436646,1.0620707273483276,0.10287940502166748,0.21214425563812256,0.02614191174507141,0.008337387815117836,0.1467459499835968,0.05679662898182869,0.2052946239709854,0.08389982581138611,0.06259358674287796,0.09516646713018417
25,FRA,France,2022,-0.05572359263896942,0.30575355887413025,5.336720943450928,2,0.8883405327796936,1.066016674041748,1.0859564542770386,1.0786391496658325,0.6707704067230225,1.057340145111084,0.9082947969436646,1.0620707273483276,0.10287940502166748,0.21214425563812256,0.02614191174507141,0.008337387815117836,0.1467459499835968,0.05679662898182869,0.2052946239709854,0.08389982581138611,0.06259358674287796,0.09516646713018417
25,FRA,France,2023,-3.9094398021698,0.22811195254325867,5.336720943450928,2,0.8883405327796936,1.066016674041748,1.0859564542770386,1.0786391496658325,0.6707704067230225,1.057340145111084,0.9082947969436646,1.0620707273483276,0.10287940502166748,0.21214425563812256,0.02614191174507141,0.008337387815117836,0.1467459499835968,0.05679662898182869,0.2052946239709854,0.08389982581138611,0.06259358674287796,0.09516646713018417
26,GBR,United Kingdom,2018,-11.656635284423828,0.4536677598953247,5.291107654571533,2,1.2583589553833008,0.7918060421943665,1.1897099018096924,0.8011816740036011,1.3614327907562256,0.7853614091873169,1.2239340543746948,0.788875162601471,0.10216287523508072,0.21685883402824402,0.025804715231060982,0.008465059101581573,0.15668760240077972,0.054276831448078156,0.19779887795448303,0.08566860109567642,0.05785267800092697,0.09442386031150818
26,GBR,United Kingdom,2019,-12.48721694946289,0.2267235517501831,5.291107654571533,2,1.2583589553833008,0.7918060421943665,1.1897099018096924,0.8011816740036011,1.3614327907562256,0.7853614091873169,1.2239340543746948,0.788875162601471,0.10216287523508072,0.21685883402824402,0.025804715231060982,0.008465059101581573,0.15668760240077972,0.054276831448078156,0.19779887795448303,0.08566860109567642,0.05785267800092697,0.09442386031150818
26,GBR,United Kingdom,2020,-13.733572006225586,-0.12924188375473022,5.291107654571533,2,1.2583589553833008,0.7918060421943665,1.1897099018096924,0.8011816740036011,1.3614327907562256,0.7853614091873169,1.2239340543746948,0.788875162601471,0.10216287523508072,0.21685883402824402,0.025804715231060982,0.008465059101581573,0.15668760240077972,0.054276831448078156,0.19779887795448303,0.08566860109567642,0.05785267800092697,0.09442386031150818
26,GBR,United Kingdom,2021,-12.55033016204834,-0.46334418654441833,5.291107654571533,2,1.2583589553833008,0.7918060421943665,1.1897099018096924,0.8011816740036011,1.3614327907562256,0.7853614091873169,1.2239340543746948,0.788875162601471,0.10216287523508072,0.21685883402824402,0.025804715231060982,0.008465059101581573,0.15668760240077972,0.054276831448078156,0.19779887795448303,0.08566860109567642,0.05785267800092697,0.09442386031150818
26,GBR,United Kingdom,2022,-13.13424301147461,-0.7273530960083008,5.291107654571533,2,1.2583589553833008,0.7918060421943665,1.1897099018096924,0.8011816740036011,1.3614327907562256,0.7853614091873169,1.2239340543746948,0.788875162601471,0.10216287523508072,0.21685883402824402,0.025804715231060982,0.008465059101581573,0.15668760240077972,0.054276831448078156,0.19779887795448303,0.08566860109567642,0.05785267800092697,0.09442386031150818
26,GBR,United Kingdom,2023,-14.066479682922363,-0.9078551530838013,5.291107654571533,2,1.2583589553833008,0.7918060421943665,1.1897099018096924,0.8011816740036011,1.3614327907562256,0.7853614091873169,1.2239340543746948,0.788875162601471,0.10216287523508072,0.21685883402824402,0.025804715231060982,0.008465059101581573,0.15668760240077972,0.054276831448078156,0.19779887795448303,0.08566860109567642,0.05785267800092697,0.09442386031150818
27,GRC,Greece,2018,-5.507160186767578,-1.1934324502944946,5.241969108581543,2,0.21050052344799042,0.47435081005096436,0.004785913974046707,0.47996747493743896,0.24354657530784607,0.4704899787902832,0.3831690847873688,0.4725949764251709,0.10128721594810486,0.22170139849185944,0.02547301910817623,0.008634902536869049,0.1680781990289688,0.05160475894808769,0.18930040299892426,0.08751227706670761,0.05297810584306717,0.09342970699071884
27,GRC,Greece,2019,-6.582149982452393,-1.1723066568374634,5.241969108581543,2,0.21050052344799042,0.47435081005096436,0.004785913974046707,0.47996747493743896,0.24354657530784607,0.4704899787902832,0.3831690847873688,0.4725949764251709,0.10128721594810486,0.22170139849185944,0.02547301910817623,0.008634902536869049,0.1680781990289688,0.05160475894808769,0.18930040299892426,0.08751227706670761,0.05297810584306717,0.09342970699071884
27,GRC,Greece,2020,-8.231910705566406,-1.2533308267593384,5.241969108581543,2,0.21050052344799042,0.47435081005096436,0.004785913974046707,0.47996747493743896,0.24354657530784607,0.4704899787902832,0.3831690847873688,0.4725949764251709,0.10128721594810486,0.22170139849185944,0.02547301910817623,0.008634902536869049,0.1680781990289688,0.05160475894808769,0.18930040299892426,0.08751227706670761,0.05297810584306717,0.09342970699071884
27,GRC,Greece,2021,-9.12386703491211,-1.3714975118637085,5.241969108581543,2,0.21050052344799042,0.47435081005096436,0.004785913974046707,0.47996747493743896,0.24354657530784607,0.4704899787902832,0.3831690847873688,0.4725949764251709,0.10128721594810486,0.22170139849185944,0.02547301910817623,0.008634902536869049,0.1680781990289688,0.05160475894808769,0.18930040299892426,0.08751227706670761,0.05297810584306717,0.09342970699071884
27,GRC,Greece,2022,-9.264490127563477,-1.4231866598129272,5.241969108581543,2,0.21050052344799042,0.47435081005096436,0.004785913974046707,0.47996747493743896,0.24354657530784607,0.4704899787902832,0.3831690847873688,0.4725949764251709,0.10128721594810486,0.22170139849185944,0.02547301910817623,0.008634902536869049,0.1680781990289688,0.05160475894808769,0.18930040299892426,0.08751227706670761,0.05297810584306717,0.09342970699071884
27,GRC,Greece,2023,-10.155776977539062,-1.4587305784225464,5.241969108581543,2,0.21050052344799042,0.47435081005096436,0.004785913974046707,0.47996747493743896,0.24354657530784607,0.4704899787902832,0.3831690847873688,0.4725949764251709,0.10128721594810486,0.22170139849185944,0.02547301910817623,0.008634902536869049,0.1680781990289688,0.05160475894808769,0.18930040299892426,0.08751227706670761,0.05297810584306717,0.09342970699071884
28,HKG,Hong Kong,2018,-1.1459519863128662,1.019443392753601,5.300666809082031,2,1.1223636865615845,0.8507633805274963,1.0890463590621948,0.8608370423316956,1.3811711072921753,0.8438388109207153,0.8968734741210938,0.8476142287254333,0.10232052206993103,0.2158874273300171,0.02587306499481201,0.008436036296188831,0.15455563366413116,0.05480159819126129,0.1994010955095291,0.08530228585004807,0.05882864072918892,0.09459363669157028
28,HKG,Hong Kong,2019,-1.7272493839263916,0.8638810515403748,5.300666809082031,2,1.1223636865615845,0.8507633805274963,1.0890463590621948,0.8608370423316956,1.3811711072921753,0.8438388109207153,0.8968734741210938,0.8476142287254333,0.10232052206993103,0.2158874273300171,0.02587306499481201,0.008436036296188831,0.15455563366413116,0.05480159819126129,0.1994010955095291,0.08530228585004807,0.05882864072918892,0.09459363669157028
28,HKG,Hong Kong,2020,-5.682636260986328,0.7195530533790588,5.300666809082031,2,1.1223636865615845,0.8507633805274963,1.0890463590621948,0.8608370423316956,1.3811711072921753,0.8438388109207153,0.8968734741210938,0.8476142287254333,0.10232052206993103,0.2158874273300171,0.02587306499481201,0.008436036296188831,0.15455563366413116,0.05480159819126129,0.1994010955095291,0.08530228585004807,0.05882864072918892,0.09459363669157028
28,HKG,Hong Kong,2021,-5.362922668457031,0.5845813751220703,5.300666809082031,2,1.1223636865615845,0.8507633805274963,1.0890463590621948,0.8608370423316956,1.3811711072921753,0.8438388109207153,0.8968734741210938,0.8476142287254333,0.10232052206993103,0.2158874273300171,0.02587306499481201,0.008436036296188831,0.15455563366413116,0.05480159819126129,0.1994010955095291,0.08530228585004807,0.05882864072918892,0.09459363669157028
28,HKG,Hong Kong,2022,-5.762137413024902,0.4879222810268402,5.300666809082031,2,1.1223636865615845,0.8507633805274963,1.0890463590621948,0.8608370423316956,1.3811711072921753,0.8438388109207153,0.8968734741210938,0.8476142287254333,0.10232052206993103,0.2158874273300171,0.02587306499481201,0.008436036296188831,0.15455563366413116,0.05480159819126129,0.1994010955095291,0.08530228585004807,0.05882864072918892,0.09459363669157028
28,HKG,Hong Kong,2023,-5.774105072021484,0.432479590177536,5.300666809082031,2,1.1223636865615845,0.8507633805274963,1.0890463590621948,0.8608370423316956,1.3811711072921753,0.8438388109207153,0.8968734741210938,0.8476142287254333,0.10232052206993103,0.2158874273300171,0.02587306499481201,0.008436036296188831,0.15455563366413116,0.05480159819126129,0.1994010955095291,0.08530228585004807,0.05882864072918892,0.09459363669157028
29,HRV,Croatia,2018,-2.1691575050354004,0.9432403445243835,5.161092758178711,2,-0.3481642007827759,-0.1099618673324585,-0.2588765323162079,-0.11126390099525452,-0.3555670380592346,-0.10906685888767242,-0.4300490617752075,-0.10955483466386795,0.09963022172451019,0.22906070947647095,0.025009585544466972,0.008996663615107536,0.1884956955909729,0.047311026602983475,0.17423079907894135,0.09039158374071121,0.04550468549132347,0.09136904776096344
29,HRV,Croatia,2019,-1.4451857805252075,0.743134081363678,5.161092758178711,2,-0.3481642007827759,-0.1099618673324585,-0.2588765323162079,-0.11126390099525452,-0.3555670380592346,-0.10906685888767242,-0.4300490617752075,-0.10955483466386795,0.09963022172451019,0.22906070947647095,0.025009585544466972,0.008996663615107536,0.1884956955909729,0.047311026602983475,0.17423079907894135,0.09039158374071121,0.04550468549132347,0.09136904776096344
29,HRV,Croatia,2020,-1.7230193614959717,0.4340415298938751,5.161092758178711,2,-0.3481642007827759,-0.1099618673324585,-0.2588765323162079,-0.11126390099525452,-0.3555670380592346,-0.10906685888767242,-0.4300490617752075,-0.10955483466386795,0.09963022172451019,0.22906070947647095,0.025009585544466972,0.008996663615107536,0.1884956955909729,0.047311026602983475,0.17423079907894135,0.09039158374071121,0.04550468549132347,0.09136904776096344
29,HRV,Croatia,2021,-2.0073060989379883,0.24668851494789124,5.161092758178711,2,-0.3481642007827759,-0.1099618673324585,-0.2588765323162079,-0.11126390099525452,-0.3555670380592346,-0.10906685888767242,-0.4300490617752075,-0.10955483466386795,0.09963022172451019,0.22906070947647095,0.025009585544466972,0.008996663615107536,0.1884956955909729,0.047311026602983475,0.17423079907894135,0.09039158374071121,0.04550468549132347,0.09136904776096344
29,HRV,Croatia,2022,-1.4104783535003662,0.12715083360671997,5.161092758178711,2,-0.3481642007827759,-0.1099618673324585,-0.2588765323162079,-0.11126390099525452,-0.3555670380592346,-0.10906685888767242,-0.4300490617752075,-0.10955483466386795,0.09963022172451019,0.22906070947647095,0.025009585544466972,0.008996663615107536,0.1884956955909729,0.047311026602983475,0.17423079907894135,0.09039158374071121,0.04550468549132347,0.09136904776096344
29,HRV,Croatia,2023,-2.236304998397827,0.057202573865652084,5.161092758178711,2,-0.3481642007827759,-0.1099618673324585,-0.2588765323162079,-0.11126390099525452,-0.3555670380592346,-0.10906685888767242,-0.4300490617752075,-0.10955483466386795,0.09963022172451019,0.22906070947647095,0.025009585544466972,0.008996663615107536,0.1884956955909729,0.047311026602983475,0.17423079907894135,0.09039158374071121,0.04550468549132347,0.09136904776096344
30,HUN,Hungary,2018,-2.826733112335205,-0.885846734046936,5.2835917472839355,2,0.43036317825317383,0.744846761226654,0.30845627188682556,0.7536662817001343,0.5491956472396851,0.7387842535972595,0.4334375858306885,0.7420896887779236,0.10203605145215988,0.21761614084243774,0.02575184591114521,0.008488764986395836,0.1583826094865799,0.05386536568403244,0.19652754068374634,0.0859549269080162,0.05709167197346687,0.0942850187420845
30,HUN,Hungary,2019,-3.2313930988311768,-0.8041487336158752,5.2835917472839355,2,0.43036317825317383,0.744846761226654,0.30845627188682556,0.7536662817001343,0.5491956472396851,0.7387842535972595,0.4334375858306885,0.7420896887779236,0.10203605145215988,0.21761614084243774,0.02575184591114521,0.008488764986395836,0.1583826094865799,0.05386536568403244,0.19652754068374634,0.0859549269080162,0.05709167197346687,0.0942850187420845
30,HUN,Hungary,2020,-3.419083595275879,-0.8478960990905762,5.2835917472839355,2,0.43036317825317383,0.744846761226654,0.30845627188682556,0.7536662817001343,0.5491956472396851,0.7387842535972595,0.4334375858306885,0.7420896887779236,0.10203605145215988,0.21761614084243774,0.02575184591114521,0.008488764986395836,0.1583826094865799,0.05386536568403244,0.19652754068374634,0.0859549269080162,0.05709167197346687,0.0942850187420845
30,HUN,Hungary,2021,-3.8331387042999268,-0.9153779149055481,5.2835917472839355,2,0.43036317825317383,0.744846761226654,0.30845627188682556,0.7536662817001343,0.5491956472396851,0.7387842535972595,0.4334375858306885,0.7420896887779236,0.10203605145215988,0.21761614084243774,0.02575184591114521,0.008488764986395836,0.1583826094865799,0.05386536568403244,0.19652754068374634,0.0859549269080162,0.05709167197346687,0.0942850187420845
30,HUN,Hungary,2022,-4.042897701263428,-0.981393039226532,5.2835917472839355,2,0.43036317825317383,0.744846761226654,0.30845627188682556,0.7536662817001343,0.5491956472396851,0.7387842535972595,0.4334375858306885,0.7420896887779236,0.10203605145215988,0.21761614084243774,0.02575184591114521,0.008488764986395836,0.1583826094865799,0.05386536568403244,0.19652754068374634,0.0859549269080162,0.05709167197346687,0.0942850187420845
30,HUN,Hungary,2023,-4.756733417510986,-1.0260287523269653,5.2835917472839355,2,0.43036317825317383,0.744846761226654,0.30845627188682556,0.7536662817001343,0.5491956472396851,0.7387842535972595,0.4334375858306885,0.7420896887779236,0.10203605145215988,0.21761614084243774,0.02575184591114521,0.008488764986395836,0.1583826094865799,0.05386536568403244,0.19652754068374634,0.0859549269080162,0.05709167197346687,0.0942850187420845
31,IDN,Indonesia,2018,2.64410662651062,0.4790826737880707,5.047245979309082,2,-0.9561768174171448,-1.112986445426941,-0.9402090311050415,-1.1261649131774902,-0.8002218008041382,-1.103927493095398,-1.1280996799468994,-1.108866572380066,0.09692203253507614,0.23804311454296112,0.02451319806277752,0.00973588414490223,0.2203676551580429,0.041514866054058075,0.15138296782970428,0.09397276490926743,0.03611099720001221,0.08743651956319809
31,IDN,Indonesia,2019,3.317753314971924,0.8677349090576172,5.047245979309082,2,-0.9561768174171448,-1.112986445426941,-0.9402090311050415,-1.1261649131774902,-0.8002218008041382,-1.103927493095398,-1.1280996799468994,-1.108866572380066,0.09692203253507614,0.23804311454296112,0.02451319806277752,0.00973588414490223,0.2203676551580429,0.041514866054058075,0.15138296782970428,0.09397276490926743,0.03611099720001221,0.08743651956319809
31,IDN,Indonesia,2020,2.719416856765747,1.109594702720642,5.047245979309082,2,-0.9561768174171448,-1.112986445426941,-0.9402090311050415,-1.1261649131774902,-0.8002218008041382,-1.103927493095398,-1.1280996799468994,-1.108866572380066,0.09692203253507614,0.23804311454296112,0.02451319806277752,0.00973588414490223,0.2203676551580429,0.041514866054058075,0.15138296782970428,0.09397276490926743,0.03611099720001221,0.08743651956319809
31,IDN,Indonesia,2021,2.6682887077331543,1.226523756980896,5.047245979309082,2,-0.9561768174171448,-1.112986445426941,-0.9402090311050415,-1.1261649131774902,-0.8002218008041382,-1.103927493095398,-1.1280996799468994,-1.108866572380066,0.09692203253507614,0.23804311454296112,0.02451319806277752,0.00973588414490223,0.2203676551580429,0.041514866054058075,0.15138296782970428,0.09397276490926743,0.03611099720001221,0.08743651956319809
31,IDN,Indonesia,2022,2.0740978717803955,1.2810243368148804,5.047245979309082,2,-0.9561768174171448,-1.112986445426941,-0.9402090311050415,-1.1261649131774902,-0.8002218008041382,-1.103927493095398,-1.1280996799468994,-1.108866572380066,0.09692203253507614,0.23804311454296112,0.02451319806277752,0.00973588414490223,0.2203676551580429,0.041514866054058075,0.15138296782970428,0.09397276490926743,0.03611099720001221,0.08743651956319809
31,IDN,Indonesia,2023,2.4188666343688965,1.3234217166900635,5.047245979309082,2,-0.9561768174171448,-1.112986445426941,-0.9402090311050415,-1.1261649131774902,-0.8002218008041382,-1.103927493095398,-1.1280996799468994,-1.108866572380066,0.09692203253507614,0.23804311454296112,0.02451319806277752,0.00973588414490223,0.2203676551580429,0.041514866054058075,0.15138296782970428,0.09397276490926743,0.03611099720001221,0.08743651956319809
32,IND,India,2018,0.023883648216724396,-1.1888149976730347,5.084156036376953,2,-0.5800058245658875,-0.7585248947143555,-0.6757107377052307,-0.7675064206123352,-0.8220545053482056,-0.7523511052131653,-0.24225223064422607,-0.7557172179222107,0.0978451743721962,0.23531854152679443,0.02465350367128849,0.009460506029427052,0.20964539051055908,0.04336211085319519,0.15896575152873993,0.09288083016872406,0.039017453789711,0.08885075151920319
32,IND,India,2019,-1.7109887599945068,-0.7856847643852234,5.084156036376953,2,-0.5800058245658875,-0.7585248947143555,-0.6757107377052307,-0.7675064206123352,-0.8220545053482056,-0.7523511052131653,-0.24225223064422607,-0.7557172179222107,0.0978451743721962,0.23531854152679443,0.02465350367128849,0.009460506029427052,0.20964539051055908,0.04336211085319519,0.15896575152873993,0.09288083016872406,0.039017453789711,0.08885075151920319
32,IND,India,2020,-2.832286834716797,-0.5379233956336975,5.084156036376953,2,-0.5800058245658875,-0.7585248947143555,-0.6757107377052307,-0.7675064206123352,-0.8220545053482056,-0.7523511052131653,-0.24225223064422607,-0.7557172179222107,0.0978451743721962,0.23531854152679443,0.02465350367128849,0.009460506029427052,0.20964539051055908,0.04336211085319519,0.15896575152873993,0.09288083016872406,0.039017453789711,0.08885075151920319
32,IND,India,2021,-2.1478464603424072,-0.37699776887893677,5.084156036376953,2,-0.5800058245658875,-0.7585248947143555,-0.6757107377052307,-0.7675064206123352,-0.8220545053482056,-0.7523511052131653,-0.24225223064422607,-0.7557172179222107,0.0978451743721962,0.23531854152679443,0.02465350367128849,0.009460506029427052,0.20964539051055908,0.04336211085319519,0.15896575152873993,0.09288083016872406,0.039017453789711,0.08885075151920319
32,IND,India,2022,-2.8932855129241943,-0.3328078091144562,5.084156036376953,2,-0.5800058245658875,-0.7585248947143555,-0.6757107377052307,-0.7675064206123352,-0.8220545053482056,-0.7523511052131653,-0.24225223064422607,-0.7557172179222107,0.0978451743721962,0.23531854152679443,0.02465350367128849,0.009460506029427052,0.20964539051055908,0.04336211085319519,0.15896575152873993,0.09288083016872406,0.039017453789711,0.08885075151920319
32,IND,India,2023,-2.182831048965454,-0.2960531711578369,5.084156036376953,2,-0.5800058245658875,-0.7585248947143555,-0.6757107377052307,-0.7675064206123352,-0.8220545053482056,-0.7523511052131653,-0.24225223064422607,-0.7557172179222107,0.0978451743721962,0.23531854152679443,0.02465350367128849,0.009460506029427052,0.20964539051055908,0.04336211085319519,0.15896575152873993,0.09288083016872406,0.039017453789711,0.08885075151920319
33,IRL,Ireland,2018,-3.2219769954681396,-0.4217744767665863,5.27018404006958,2,1.125100016593933,0.6596951484680176,0.9071259498596191,0.6675063967704773,1.2676217555999756,0.6543257236480713,1.2005521059036255,0.6572532057762146,0.10180339962244034,0.21895259618759155,0.02565939351916313,0.008533055894076824,0.16144806146621704,0.05313383415341377,0.1942344456911087,0.08646190911531448,0.055747877806425095,0.09402544796466827
33,IRL,Ireland,2019,-3.9652493000030518,-0.7092654705047607,5.27018404006958,2,1.125100016593933,0.6596951484680176,0.9071259498596191,0.6675063967704773,1.2676217555999756,0.6543257236480713,1.2005521059036255,0.6572532057762146,0.10180339962244034,0.21895259618759155,0.02565939351916313,0.008533055894076824,0.16144806146621704,0.05313383415341377,0.1942344456911087,0.08646190911531448,0.055747877806425095,0.09402544796466827
33,IRL,Ireland,2020,-4.2647223472595215,-0.9783437848091125,5.27018404006958,2,1.125100016593933,0.6596951484680176,0.9071259498596191,0.6675063967704773,1.2676217555999756,0.6543257236480713,1.2005521059036255,0.6572532057762146,0.10180339962244034,0.21895259618759155,0.02565939351916313,0.008533055894076824,0.16144806146621704,0.05313383415341377,0.1942344456911087,0.08646190911531448,0.055747877806425095,0.09402544796466827
33,IRL,Ireland,2021,-3.373614549636841,-1.1633607149124146,5.27018404006958,2,1.125100016593933,0.6596951484680176,0.9071259498596191,0.6675063967704773,1.2676217555999756,0.6543257236480713,1.2005521059036255,0.6572532057762146,0.10180339962244034,0.21895259618759155,0.02565939351916313,0.008533055894076824,0.16144806146621704,0.05313383415341377,0.1942344456911087,0.08646190911531448,0.055747877806425095,0.09402544796466827
33,IRL,Ireland,2022,-3.6817150115966797,-1.2898896932601929,5.27018404006958,2,1.125100016593933,0.6596951484680176,0.9071259498596191,0.6675063967704773,1.2676217555999756,0.6543257236480713,1.2005521059036255,0.6572532057762146,0.10180339962244034,0.21895259618759155,0.02565939351916313,0.008533055894076824,0.16144806146621704,0.05313383415341377,0.1942344456911087,0.08646190911531448,0.055747877806425095,0.09402544796466827
33,IRL,Ireland,2023,-4.387845516204834,-1.3678103685379028,5.27018404006958,2,1.125100016593933,0.6596951484680176,0.9071259498596191,0.6675063967704773,1.2676217555999756,0.6543257236480713,1.2005521059036255,0.6572532057762146,0.10180339962244034,0.21895259618759155,0.02565939351916313,0.008533055894076824,0.16144806146621704,0.05313383415341377,0.1942344456911087,0.08646190911531448,0.055747877806425095,0.09402544796466827
34,IRN,Iran,2018,0.18575511872768402,-1.244252324104309,5.035202980041504,2,-1.425826907157898,-1.236181378364563,-1.0039883852005005,-1.2508187294006348,-1.918333888053894,-1.226119875907898,-1.3551583290100098,-1.2316056489944458,0.09661152958869934,0.238890141248703,0.024472275748848915,0.009834535419940948,0.22394898533821106,0.040918655693531036,0.1488737165927887,0.0943135991692543,0.035190749913454056,0.08694576472043991
34,IRN,Iran,2019,-3.3282368183135986,-0.6481795907020569,5.035202980041504,2,-1.425826907157898,-1.236181378364563,-1.0039883852005005,-1.2508187294006348,-1.918333888053894,-1.226119875907898,-1.3551583290100098,-1.2316056489944458,0.09661152958869934,0.238890141248703,0.024472275748848915,0.009834535419940948,0.22394898533821106,0.040918655693531036,0.1488737165927887,0.0943135991692543,0.035190749913454056,0.08694576472043991
34,IRN,Iran,2020,-1.5740487575531006,-0.3978605270385742,5.035202980041504,2,-1.425826907157898,-1.236181378364563,-1.0039883852005005,-1.2508187294006348,-1.918333888053894,-1.226119875907898,-1.3551583290100098,-1.2316056489944458,0.09661152958869934,0.238890141248703,0.024472275748848915,0.009834535419940948,0.22394898533821106,0.040918655693531036,0.1488737165927887,0.0943135991692543,0.035190749913454056,0.08694576472043991
34,IRN,Iran,2021,0.32263654470443726,-0.2653423249721527,5.035202980041504,2,-1.425826907157898,-1.236181378364563,-1.0039883852005005,-1.2508187294006348,-1.918333888053894,-1.226119875907898,-1.3551583290100098,-1.2316056489944458,0.09661152958869934,0.238890141248703,0.024472275748848915,0.009834535419940948,0.22394898533821106,0.040918655693531036,0.1488737165927887,0.0943135991692543,0.035190749913454056,0.08694576472043991
34,IRN,Iran,2022,0.009564151056110859,-0.1858648955821991,5.035202980041504,2,-1.425826907157898,-1.236181378364563,-1.0039883852005005,-1.2508187294006348,-1.918333888053894,-1.226119875907898,-1.3551583290100098,-1.2316056489944458,0.09661152958869934,0.238890141248703,0.024472275748848915,0.009834535419940948,0.22394898533821106,0.040918655693531036,0.1488737165927887,0.0943135991692543,0.035190749913454056,0.08694576472043991
34,IRN,Iran,2023,-0.9724723696708679,-0.20130842924118042,5.035202980041504,2,-1.425826907157898,-1.236181378364563,-1.0039883852005005,-1.2508187294006348,-1.918333888053894,-1.226119875907898,-1.3551583290100098,-1.2316056489944458,0.09661152958869934,0.238890141248703,0.024472275748848915,0.009834535419940948,0.22394898533821106,0.040918655693531036,0.1488737165927887,0.0943135991692543,0.035190749913454056,0.08694576472043991
35,IRQ,Iraq,2018,1.4125878810882568,-1.5372785329818726,5.010390758514404,2,-2.0568058490753174,-1.5034407377243042,-2.0972113609313965,-1.521242618560791,-2.079011917114258,-1.4912039041519165,-1.9941946268081665,-1.497875690460205,0.09595742076635361,0.2405668944120407,0.024396128952503204,0.010053053498268127,0.23145920038223267,0.039700351655483246,0.1436501294374466,0.09499074518680573,0.03333745896816254,0.08588869124650955
35,IRQ,Iraq,2019,1.0280742645263672,-1.0540392398834229,5.010390758514404,2,-2.0568058490753174,-1.5034407377243042,-2.0972113609313965,-1.521242618560791,-2.079011917114258,-1.4912039041519165,-1.9941946268081665,-1.497875690460205,0.09595742076635361,0.2405668944120407,0.024396128952503204,0.010053053498268127,0.23145920038223267,0.039700351655483246,0.1436501294374466,0.09499074518680573,0.03333745896816254,0.08588869124650955
35,IRQ,Iraq,2020,1.1829884052276611,-0.8207991123199463,5.010390758514404,2,-2.0568058490753174,-1.5034407377243042,-2.0972113609313965,-1.521242618560791,-2.079011917114258,-1.4912039041519165,-1.9941946268081665,-1.497875690460205,0.09595742076635361,0.2405668944120407,0.024396128952503204,0.010053053498268127,0.23145920038223267,0.039700351655483246,0.1436501294374466,0.09499074518680573,0.03333745896816254,0.08588869124650955
35,IRQ,Iraq,2021,1.2868479490280151,-0.72422856092453,5.010390758514404,2,-2.0568058490753174,-1.5034407377243042,-2.0972113609313965,-1.521242618560791,-2.079011917114258,-1.4912039041519165,-1.9941946268081665,-1.497875690460205,0.09595742076635361,0.2405668944120407,0.024396128952503204,0.010053053498268127,0.23145920038223267,0.039700351655483246,0.1436501294374466,0.09499074518680573,0.03333745896816254,0.08588869124650955
35,IRQ,Iraq,2022,1.606886863708496,-0.7550852298736572,5.010390758514404,2,-2.0568058490753174,-1.5034407377243042,-2.0972113609313965,-1.521242618560791,-2.079011917114258,-1.4912039041519165,-1.9941946268081665,-1.497875690460205,0.09595742076635361,0.2405668944120407,0.024396128952503204,0.010053053498268127,0.23145920038223267,0.039700351655483246,0.1436501294374466,0.09499074518680573,0.03333745896816254,0.08588869124650955
35,IRQ,Iraq,2023,1.6270170211791992,-0.818355143070221,5.010390758514404,2,-2.0568058490753174,-1.5034407377243042,-2.0972113609313965,-1.521242618560791,-2.079011917114258,-1.4912039041519165,-1.9941946268081665,-1.497875690460205,0.09595742076635361,0.2405668944120407,0.024396128952503204,0.010053053498268127,0.23145920038223267,0.039700351655483246,0.1436501294374466,0.09499074518680573,0.03333745896816254,0.08588869124650955
36,ISL,Iceland,2018,2.5240752696990967,1.3176201581954956,5.297999382019043,2,1.1885734796524048,0.8343968391418457,1.2342337369918823,0.8442767262458801,0.9549963474273682,0.8276054859161377,1.376490592956543,0.8313082456588745,0.10227695852518082,0.2161594033241272,0.025853870436549187,0.008444007486104965,0.15514786541461945,0.05465499684214592,0.19895566999912262,0.08540474623441696,0.05855540931224823,0.09454703330993652
36,ISL,Iceland,2019,2.4789857864379883,1.2680256366729736,5.297999382019043,2,1.1885734796524048,0.8343968391418457,1.2342337369918823,0.8442767262458801,0.9549963474273682,0.8276054859161377,1.376490592956543,0.8313082456588745,0.10227695852518082,0.2161594033241272,0.025853870436549187,0.008444007486104965,0.15514786541461945,0.05465499684214592,0.19895566999912262,0.08540474623441696,0.05855540931224823,0.09454703330993652
36,ISL,Iceland,2020,1.9529410600662231,1.220479130744934,5.297999382019043,2,1.1885734796524048,0.8343968391418457,1.2342337369918823,0.8442767262458801,0.9549963474273682,0.8276054859161377,1.376490592956543,0.8313082456588745,0.10227695852518082,0.2161594033241272,0.025853870436549187,0.008444007486104965,0.15514786541461945,0.05465499684214592,0.19895566999912262,0.08540474623441696,0.05855540931224823,0.09454703330993652
36,ISL,Iceland,2021,1.6373142004013062,1.1953654289245605,5.297999382019043,2,1.1885734796524048,0.8343968391418457,1.2342337369918823,0.8442767262458801,0.9549963474273682,0.8276054859161377,1.376490592956543,0.8313082456588745,0.10227695852518082,0.2161594033241272,0.025853870436549187,0.008444007486104965,0.15514786541461945,0.05465499684214592,0.19895566999912262,0.08540474623441696,0.05855540931224823,0.09454703330993652
36,ISL,Iceland,2022,1.38180673122406,1.183691382408142,5.297999382019043,2,1.1885734796524048,0.8343968391418457,1.2342337369918823,0.8442767262458801,0.9549963474273682,0.8276054859161377,1.376490592956543,0.8313082456588745,0.10227695852518082,0.2161594033241272,0.025853870436549187,0.008444007486104965,0.15514786541461945,0.05465499684214592,0.19895566999912262,0.08540474623441696,0.05855540931224823,0.09454703330993652
36,ISL,Iceland,2023,2.3587470054626465,1.1658018827438354,5.297999382019043,2,1.1885734796524048,0.8343968391418457,1.2342337369918823,0.8442767262458801,0.9549963474273682,0.8276054859161377,1.376490592956543,0.8313082456588745,0.10227695852518082,0.2161594033241272,0.025853870436549187,0.008444007486104965,0.15514786541461945,0.05465499684214592,0.19895566999912262,0.08540474623441696,0.05855540931224823,0.09454703330993652
37,ISR,Israel,2018,-6.285995006561279,-0.4554814398288727,5.363633155822754,7,0.6414921283721924,1.2201251983642578,0.9020118117332458,1.234572410583496,0.48677289485931396,1.2101943492889404,0.5356917977333069,1.215608835220337,0.10326118767261505,0.20927317440509796,0.026354122906923294,0.00827424880117178,0.14114433526992798,0.05830327421426773,0.20953738689422607,0.0828326940536499,0.0654933750629425,0.09552615135908127
37,ISR,Israel,2019,-6.490711212158203,-0.41339945793151855,5.363633155822754,7,0.6414921283721924,1.2201251983642578,0.9020118117332458,1.234572410583496,0.48677289485931396,1.2101943492889404,0.5356917977333069,1.215608835220337,0.10326118767261505,0.20927317440509796,0.026354122906923294,0.00827424880117178,0.14114433526992798,0.05830327421426773,0.20953738689422607,0.0828326940536499,0.0654933750629425,0.09552615135908127
37,ISR,Israel,2020,-7.341547966003418,-0.4878333806991577,5.363633155822754,7,0.6414921283721924,1.2201251983642578,0.9020118117332458,1.234572410583496,0.48677289485931396,1.2101943492889404,0.5356917977333069,1.215608835220337,0.10326118767261505,0.20927317440509796,0.026354122906923294,0.00827424880117178,0.14114433526992798,0.05830327421426773,0.20953738689422607,0.0828326940536499,0.0654933750629425,0.09552615135908127
37,ISR,Israel,2021,-8.057387351989746,-0.562160313129425,5.363633155822754,7,0.6414921283721924,1.2201251983642578,0.9020118117332458,1.234572410583496,0.48677289485931396,1.2101943492889404,0.5356917977333069,1.215608835220337,0.10326118767261505,0.20927317440509796,0.026354122906923294,0.00827424880117178,0.14114433526992798,0.05830327421426773,0.20953738689422607,0.0828326940536499,0.0654933750629425,0.09552615135908127
37,ISR,Israel,2022,-8.405094146728516,-0.6212027668952942,5.363633155822754,7,0.6414921283721924,1.2201251983642578,0.9020118117332458,1.234572410583496,0.48677289485931396,1.2101943492889404,0.5356917977333069,1.215608835220337,0.10326118767261505,0.20927317440509796,0.026354122906923294,0.00827424880117178,0.14114433526992798,0.05830327421426773,0.20953738689422607,0.0828326940536499,0.0654933750629425,0.09552615135908127
37,ISR,Israel,2023,-9.675131797790527,-0.6496586203575134,5.363633155822754,7,0.6414921283721924,1.2201251983642578,0.9020118117332458,1.234572410583496,0.48677289485931396,1.2101943492889404,0.5356917977333069,1.215608835220337,0.10326118767261505,0.20927317440509796,0.026354122906923294,0.00827424880117178,0.14114433526992798,0.05830327421426773,0.20953738689422607,0.0828326940536499,0.0654933750629425,0.09552615135908127
38,ITA,Italy,2018,-5.143430233001709,-0.03687921538949013,5.258934020996094,2,0.23468120396137238,0.5868135094642639,0.07437334209680557,0.5937618017196655,0.34910762310028076,0.5820373296737671,0.28056269884109497,0.5846413969993591,0.1016017273068428,0.2200591266155243,0.02558368258178234,0.008572251535952091,0.16406220197677612,0.052522361278533936,0.19228574633598328,0.08688337355852127,0.05463376268744469,0.09379575401544571
38,ITA,Italy,2019,-5.74995231628418,-0.2736135423183441,5.258934020996094,2,0.23468120396137238,0.5868135094642639,0.07437334209680557,0.5937618017196655,0.34910762310028076,0.5820373296737671,0.28056269884109497,0.5846413969993591,0.1016017273068428,0.2200591266155243,0.02558368258178234,0.008572251535952091,0.16406220197677612,0.052522361278533936,0.19228574633598328,0.08688337355852127,0.05463376268744469,0.09379575401544571
38,ITA,Italy,2020,-6.417283058166504,-0.5942770838737488,5.258934020996094,2,0.23468120396137238,0.5868135094642639,0.07437334209680557,0.5937618017196655,0.34910762310028076,0.5820373296737671,0.28056269884109497,0.5846413969993591,0.1016017273068428,0.2200591266155243,0.02558368258178234,0.008572251535952091,0.16406220197677612,0.052522361278533936,0.19228574633598328,0.08688337355852127,0.05463376268744469,0.09379575401544571
38,ITA,Italy,2021,-6.226283073425293,-0.8629675507545471,5.258934020996094,2,0.23468120396137238,0.5868135094642639,0.07437334209680557,0.5937618017196655,0.34910762310028076,0.5820373296737671,0.28056269884109497,0.5846413969993591,0.1016017273068428,0.2200591266155243,0.02558368258178234,0.008572251535952091,0.16406220197677612,0.052522361278533936,0.19228574633598328,0.08688337355852127,0.05463376268744469,0.09379575401544571
38,ITA,Italy,2022,-4.716213703155518,-1.0551844835281372,5.258934020996094,2,0.23468120396137238,0.5868135094642639,0.07437334209680557,0.5937618017196655,0.34910762310028076,0.5820373296737671,0.28056269884109497,0.5846413969993591,0.1016017273068428,0.2200591266155243,0.02558368258178234,0.008572251535952091,0.16406220197677612,0.052522361278533936,0.19228574633598328,0.08688337355852127,0.05463376268744469,0.09379575401544571
38,ITA,Italy,2023,-6.842550277709961,-1.1790106296539307,5.258934020996094,2,0.23468120396137238,0.5868135094642639,0.07437334209680557,0.5937618017196655,0.34910762310028076,0.5820373296737671,0.28056269884109497,0.5846413969993591,0.1016017273068428,0.2200591266155243,0.02558368258178234,0.008572251535952091,0.16406220197677612,0.052522361278533936,0.19228574633598328,0.08688337355852127,0.05463376268744469,0.09379575401544571
39,JPN,Japan,2018,3.7277371883392334,1.1255698204040527,5.323742866516113,2,0.7284886837005615,0.9897689819335938,0.8470459580421448,1.0014885663986206,0.45311596989631653,0.981713056564331,0.8853041529655457,0.9861053228378296,0.10268460214138031,0.2135056108236313,0.026043113321065903,0.008370978757739067,0.14951570332050323,0.056075550615787506,0.20320069789886475,0.08440832048654556,0.06122288852930069,0.09497243165969849
39,JPN,Japan,2019,3.204775810241699,1.1500225067138672,5.323742866516113,2,0.7284886837005615,0.9897689819335938,0.8470459580421448,1.0014885663986206,0.45311596989631653,0.981713056564331,0.8853041529655457,0.9861053228378296,0.10268460214138031,0.2135056108236313,0.026043113321065903,0.008370978757739067,0.14951570332050323,0.056075550615787506,0.20320069789886475,0.08440832048654556,0.06122288852930069,0.09497243165969849
39,JPN,Japan,2020,3.1749613285064697,1.1278637647628784,5.323742866516113,2,0.7284886837005615,0.9897689819335938,0.8470459580421448,1.0014885663986206,0.45311596989631653,0.981713056564331,0.8853041529655457,0.9861053228378296,0.10268460214138031,0.2135056108236313,0.026043113321065903,0.008370978757739067,0.14951570332050323,0.056075550615787506,0.20320069789886475,0.08440832048654556,0.06122288852930069,0.09497243165969849
39,JPN,Japan,2021,2.640718698501587,1.0886532068252563,5.323742866516113,2,0.7284886837005615,0.9897689819335938,0.8470459580421448,1.0014885663986206,0.45311596989631653,0.981713056564331,0.8853041529655457,0.9861053228378296,0.10268460214138031,0.2135056108236313,0.026043113321065903,0.008370978757739067,0.14951570332050323,0.056075550615787506,0.20320069789886475,0.08440832048654556,0.06122288852930069,0.09497243165969849
39,JPN,Japan,2022,2.846599578857422,1.0597456693649292,5.323742866516113,2,0.7284886837005615,0.9897689819335938,0.8470459580421448,1.0014885663986206,0.45311596989631653,0.981713056564331,0.8853041529655457,0.9861053228378296,0.10268460214138031,0.2135056108236313,0.026043113321065903,0.008370978757739067,0.14951570332050323,0.056075550615787506,0.20320069789886475,0.08440832048654556,0.06122288852930069,0.09497243165969849
39,JPN,Japan,2023,1.7527316808700562,1.0406798124313354,5.323742866516113,2,0.7284886837005615,0.9897689819335938,0.8470459580421448,1.0014885663986206,0.45311596989631653,0.981713056564331,0.8853041529655457,0.9861053228378296,0.10268460214138031,0.2135056108236313,0.026043113321065903,0.008370978757739067,0.14951570332050323,0.056075550615787506,0.20320069789886475,0.08440832048654556,0.06122288852930069,0.09497243165969849
40,KAZ,Kazakhstan,2018,1.5828030109405518,-0.08555832505226135,5.025903224945068,2,-1.2722676992416382,-1.3341401815414429,-1.3743125200271606,-1.3499373197555542,-1.0817227363586426,-1.3232812881469727,-1.3607680797576904,-1.3292018175125122,0.09636864066123962,0.23952962458133698,0.024442417547106743,0.00991393718868494,0.22674280405044556,0.040460433810949326,0.14692434668540955,0.09457144886255264,0.03448944538831711,0.08655685931444168
40,KAZ,Kazakhstan,2019,1.5101414918899536,0.6240025162696838,5.025903224945068,2,-1.2722676992416382,-1.3341401815414429,-1.3743125200271606,-1.3499373197555542,-1.0817227363586426,-1.3232812881469727,-1.3607680797576904,-1.3292018175125122,0.09636864066123962,0.23952962458133698,0.024442417547106743,0.00991393718868494,0.22674280405044556,0.040460433810949326,0.14692434668540955,0.09457144886255264,0.03448944538831711,0.08655685931444168
40,KAZ,Kazakhstan,2020,1.363572597503662,0.9891460537910461,5.025903224945068,2,-1.2722676992416382,-1.3341401815414429,-1.3743125200271606,-1.3499373197555542,-1.0817227363586426,-1.3232812881469727,-1.3607680797576904,-1.3292018175125122,0.09636864066123962,0.23952962458133698,0.024442417547106743,0.00991393718868494,0.22674280405044556,0.040460433810949326,0.14692434668540955,0.09457144886255264,0.03448944538831711,0.08655685931444168
40,KAZ,Kazakhstan,2021,1.2543725967407227,1.205397129058838,5.025903224945068,2,-1.2722676992416382,-1.3341401815414429,-1.3743125200271606,-1.3499373197555542,-1.0817227363586426,-1.3232812881469727,-1.3607680797576904,-1.3292018175125122,0.09636864066123962,0.23952962458133698,0.024442417547106743,0.00991393718868494,0.22674280405044556,0.040460433810949326,0.14692434668540955,0.09457144886255264,0.03448944538831711,0.08655685931444168
40,KAZ,Kazakhstan,2022,1.1613658666610718,1.3114327192306519,5.025903224945068,2,-1.2722676992416382,-1.3341401815414429,-1.3743125200271606,-1.3499373197555542,-1.0817227363586426,-1.3232812881469727,-1.3607680797576904,-1.3292018175125122,0.09636864066123962,0.23952962458133698,0.024442417547106743,0.00991393718868494,0.22674280405044556,0.040460433810949326,0.14692434668540955,0.09457144886255264,0.03448944538831711,0.08655685931444168
40,KAZ,Kazakhstan,2023,0.9807498455047607,1.3754154443740845,5.025903224945068,2,-1.2722676992416382,-1.3341401815414429,-1.3743125200271606,-1.3499373197555542,-1.0817227363586426,-1.3232812881469727,-1.3607680797576904,-1.3292018175125122,0.09636864066123962,0.23952962458133698,0.024442417547106743,0.00991393718868494,0.22674280405044556,0.040460433810949326,0.14692434668540955,0.09457144886255264,0.03448944538831711,0.08655685931444168
41,KOR,South Korea,2018,3.200753688812256,0.36258652806282043,5.325906753540039,2,0.34772443771362305,1.0025771856307983,0.4346860945224762,1.0144485235214233,0.1522836983203888,0.9944170713424683,0.45620352029800415,0.9988661408424377,0.10271759331226349,0.21327966451644897,0.026059424504637718,0.008365227840840816,0.14905063807964325,0.05619557946920395,0.2035520225763321,0.08432379364967346,0.06145026162266731,0.09500572085380554
41,KOR,South Korea,2019,1.7671101093292236,0.9392174482345581,5.325906753540039,2,0.34772443771362305,1.0025771856307983,0.4346860945224762,1.0144485235214233,0.1522836983203888,0.9944170713424683,0.45620352029800415,0.9988661408424377,0.10271759331226349,0.21327966451644897,0.026059424504637718,0.008365227840840816,0.14905063807964325,0.05619557946920395,0.2035520225763321,0.08432379364967346,0.06145026162266731,0.09500572085380554
41,KOR,South Korea,2020,-0.8152863383293152,1.246006727218628,5.325906753540039,2,0.34772443771362305,1.0025771856307983,0.4346860945224762,1.0144485235214233,0.1522836983203888,0.9944170713424683,0.45620352029800415,0.9988661408424377,0.10271759331226349,0.21327966451644897,0.026059424504637718,0.008365227840840816,0.14905063807964325,0.05619557946920395,0.2035520225763321,0.08432379364967346,0.06145026162266731,0.09500572085380554
41,KOR,South Korea,2021,-0.6951596140861511,1.4086443185806274,5.325906753540039,2,0.34772443771362305,1.0025771856307983,0.4346860945224762,1.0144485235214233,0.1522836983203888,0.9944170713424683,0.45620352029800415,0.9988661408424377,0.10271759331226349,0.21327966451644897,0.026059424504637718,0.008365227840840816,0.14905063807964325,0.05619557946920395,0.2035520225763321,0.08432379364967346,0.06145026162266731,0.09500572085380554
41,KOR,South Korea,2022,-2.0999202728271484,1.4876917600631714,5.325906753540039,2,0.34772443771362305,1.0025771856307983,0.4346860945224762,1.0144485235214233,0.1522836983203888,0.9944170713424683,0.45620352029800415,0.9988661408424377,0.10271759331226349,0.21327966451644897,0.026059424504637718,0.008365227840840816,0.14905063807964325,0.05619557946920395,0.2035520225763321,0.08432379364967346,0.06145026162266731,0.09500572085380554
41,KOR,South Korea,2023,-2.8068954944610596,1.5287688970565796,5.325906753540039,2,0.34772443771362305,1.0025771856307983,0.4346860945224762,1.0144485235214233,0.1522836983203888,0.9944170713424683,0.45620352029800415,0.9988661408424377,0.10271759331226349,0.21327966451644897,0.026059424504637718,0.008365227840840816,0.14905063807964325,0.05619557946920395,0.2035520225763321,0.08432379364967346,0.06145026162266731,0.09500572085380554
42,KWT,Kuwait,2018,-6.3546881675720215,0.07636432349681854,5.1545186042785645,2,-0.23261572420597076,-0.16141824424266815,-0.458217591047287,-0.1633295714855194,-0.3800378143787384,-0.1601044237613678,0.1404082179069519,-0.16082075238227844,0.09948504716157913,0.22962412238121033,0.02497609704732895,0.009031244553625584,0.1902409791946411,0.04696828871965408,0.17295604944229126,0.09061486274003983,0.044927094131708145,0.09117624163627625
42,KWT,Kuwait,2019,-7.2538886070251465,-0.335811048746109,5.1545186042785645,2,-0.23261572420597076,-0.16141824424266815,-0.458217591047287,-0.1633295714855194,-0.3800378143787384,-0.1601044237613678,0.1404082179069519,-0.16082075238227844,0.09948504716157913,0.22962412238121033,0.02497609704732895,0.009031244553625584,0.1902409791946411,0.04696828871965408,0.17295604944229126,0.09061486274003983,0.044927094131708145,0.09117624163627625
42,KWT,Kuwait,2020,-6.158499240875244,-0.7650410532951355,5.1545186042785645,2,-0.23261572420597076,-0.16141824424266815,-0.458217591047287,-0.1633295714855194,-0.3800378143787384,-0.1601044237613678,0.1404082179069519,-0.16082075238227844,0.09948504716157913,0.22962412238121033,0.02497609704732895,0.009031244553625584,0.1902409791946411,0.04696828871965408,0.17295604944229126,0.09061486274003983,0.044927094131708145,0.09117624163627625
42,KWT,Kuwait,2021,-7.0740485191345215,-1.136942982673645,5.1545186042785645,2,-0.23261572420597076,-0.16141824424266815,-0.458217591047287,-0.1633295714855194,-0.3800378143787384,-0.1601044237613678,0.1404082179069519,-0.16082075238227844,0.09948504716157913,0.22962412238121033,0.02497609704732895,0.009031244553625584,0.1902409791946411,0.04696828871965408,0.17295604944229126,0.09061486274003983,0.044927094131708145,0.09117624163627625
42,KWT,Kuwait,2022,-27.902793884277344,-1.4031413793563843,5.1545186042785645,2,-0.23261572420597076,-0.16141824424266815,-0.458217591047287,-0.1633295714855194,-0.3800378143787384,-0.1601044237613678,0.1404082179069519,-0.16082075238227844,0.09948504716157913,0.22962412238121033,0.02497609704732895,0.009031244553625584,0.1902409791946411,0.04696828871965408,0.17295604944229126,0.09061486274003983,0.044927094131708145,0.09117624163627625
42,KWT,Kuwait,2023,-27.870094299316406,-1.5725244283676147,5.1545186042785645,2,-0.23261572420597076,-0.16141824424266815,-0.458217591047287,-0.1633295714855194,-0.3800378143787384,-0.1601044237613678,0.1404082179069519,-0.16082075238227844,0.09948504716157913,0.22962412238121033,0.02497609704732895,0.009031244553625584,0.1902409791946411,0.04696828871965408,0.17295604944229126,0.09061486274003983,0.044927094131708145,0.09117624163627625
43,LKA,Sri Lanka,2018,2.3601856231689453,-0.8521862626075745,5.08245325088501,2,-0.550111711025238,-0.7741716504096985,-0.720518171787262,-0.7833384275436401,-0.5627866387367249,-0.7678704857826233,-0.36703041195869446,-0.771306037902832,0.09780353307723999,0.23544839024543762,0.024646557867527008,0.0094723766669631,0.21013161540031433,0.043276239186525345,0.15861959755420685,0.09293272346258163,0.03888050839304924,0.0887884795665741
43,LKA,Sri Lanka,2019,4.711722373962402,-0.08364798128604889,5.08245325088501,2,-0.550111711025238,-0.7741716504096985,-0.720518171787262,-0.7833384275436401,-0.5627866387367249,-0.7678704857826233,-0.36703041195869446,-0.771306037902832,0.09780353307723999,0.23544839024543762,0.024646557867527008,0.0094723766669631,0.21013161540031433,0.043276239186525345,0.15861959755420685,0.09293272346258163,0.03888050839304924,0.0887884795665741
43,LKA,Sri Lanka,2020,4.523720741271973,0.07298311591148376,5.08245325088501,2,-0.550111711025238,-0.7741716504096985,-0.720518171787262,-0.7833384275436401,-0.5627866387367249,-0.7678704857826233,-0.36703041195869446,-0.771306037902832,0.09780353307723999,0.23544839024543762,0.024646557867527008,0.0094723766669631,0.21013161540031433,0.043276239186525345,0.15861959755420685,0.09293272346258163,0.03888050839304924,0.0887884795665741
43,LKA,Sri Lanka,2021,1.3256715536117554,0.3282303810119629,5.08245325088501,2,-0.550111711025238,-0.7741716504096985,-0.720518171787262,-0.7833384275436401,-0.5627866387367249,-0.7678704857826233,-0.36703041195869446,-0.771306037902832,0.09780353307723999,0.23544839024543762,0.024646557867527008,0.0094723766669631,0.21013161540031433,0.043276239186525345,0.15861959755420685,0.09293272346258163,0.03888050839304924,0.0887884795665741
43,LKA,Sri Lanka,2022,4.413687705993652,0.3020205795764923,5.08245325088501,2,-0.550111711025238,-0.7741716504096985,-0.720518171787262,-0.7833384275436401,-0.5627866387367249,-0.7678704857826233,-0.36703041195869446,-0.771306037902832,0.09780353307723999,0.23544839024543762,0.024646557867527008,0.0094723766669631,0.21013161540031433,0.043276239186525345,0.15861959755420685,0.09293272346258163,0.03888050839304924,0.0887884795665741
43,LKA,Sri Lanka,2023,4.413687705993652,0.17330536246299744,5.08245325088501,2,-0.550111711025238,-0.7741716504096985,-0.720518171787262,-0.7833384275436401,-0.5627866387367249,-0.7678704857826233,-0.36703041195869446,-0.771306037902832,0.09780353307723999,0.23544839024543762,0.024646557867527008,0.0094723766669631,0.21013161540031433,0.043276239186525345,0.15861959755420685,0.09293272346258163,0.03888050839304924,0.0887884795665741
44,LTU,Lithuania,2018,0.5927717685699463,0.3012944161891937,5.230307579040527,2,0.11791292577981949,0.39521360397338867,-0.0774189680814743,0.39989325404167175,0.3881412148475647,0.39199692010879517,0.043016545474529266,0.39375072717666626,0.10106447339057922,0.2228115200996399,0.02539963833987713,0.008680446073412895,0.17089121043682098,0.05097749084234238,0.1872119903564453,0.08794000744819641,0.051858097314834595,0.09316515922546387
44,LTU,Lithuania,2019,0.5042790174484253,1.096518874168396,5.230307579040527,2,0.11791292577981949,0.39521360397338867,-0.0774189680814743,0.39989325404167175,0.3881412148475647,0.39199692010879517,0.043016545474529266,0.39375072717666626,0.10106447339057922,0.2228115200996399,0.02539963833987713,0.008680446073412895,0.17089121043682098,0.05097749084234238,0.1872119903564453,0.08794000744819641,0.051858097314834595,0.09316515922546387
44,LTU,Lithuania,2020,1.2348809242248535,1.4576616287231445,5.230307579040527,2,0.11791292577981949,0.39521360397338867,-0.0774189680814743,0.39989325404167175,0.3881412148475647,0.39199692010879517,0.043016545474529266,0.39375072717666626,0.10106447339057922,0.2228115200996399,0.02539963833987713,0.008680446073412895,0.17089121043682098,0.05097749084234238,0.1872119903564453,0.08794000744819641,0.051858097314834595,0.09316515922546387
44,LTU,Lithuania,2021,1.103811502456665,1.6504924297332764,5.230307579040527,2,0.11791292577981949,0.39521360397338867,-0.0774189680814743,0.39989325404167175,0.3881412148475647,0.39199692010879517,0.043016545474529266,0.39375072717666626,0.10106447339057922,0.2228115200996399,0.02539963833987713,0.008680446073412895,0.17089121043682098,0.05097749084234238,0.1872119903564453,0.08794000744819641,0.051858097314834595,0.09316515922546387
44,LTU,Lithuania,2022,0.6238992810249329,1.7516002655029297,5.230307579040527,2,0.11791292577981949,0.39521360397338867,-0.0774189680814743,0.39989325404167175,0.3881412148475647,0.39199692010879517,0.043016545474529266,0.39375072717666626,0.10106447339057922,0.2228115200996399,0.02539963833987713,0.008680446073412895,0.17089121043682098,0.05097749084234238,0.1872119903564453,0.08794000744819641,0.051858097314834595,0.09316515922546387
44,LTU,Lithuania,2023,-0.08893253654241562,1.803770661354065,5.230307579040527,2,0.11791292577981949,0.39521360397338867,-0.0774189680814743,0.39989325404167175,0.3881412148475647,0.39199692010879517,0.043016545474529266,0.39375072717666626,0.10106447339057922,0.2228115200996399,0.02539963833987713,0.008680446073412895,0.17089121043682098,0.05097749084234238,0.1872119903564453,0.08794000744819641,0.051858097314834595,0.09316515922546387
45,LUX,Luxembourg,2018,-2.6616039276123047,0.47293999791145325,5.304418087005615,2,1.3627294301986694,0.8736702799797058,1.4299343824386597,0.8840151429176331,1.3163741827011108,0.8665592670440674,1.3418793678283691,0.8704363107681274,0.10238128155469894,0.21550381183624268,0.025900211185216904,0.008424986153841019,0.15372627973556519,0.05500797554850578,0.2000253051519394,0.08515790104866028,0.059214115142822266,0.09465818852186203
45,LUX,Luxembourg,2019,-3.0985145568847656,0.4411250650882721,5.304418087005615,2,1.3627294301986694,0.8736702799797058,1.4299343824386597,0.8840151429176331,1.3163741827011108,0.8665592670440674,1.3418793678283691,0.8704363107681274,0.10238128155469894,0.21550381183624268,0.025900211185216904,0.008424986153841019,0.15372627973556519,0.05500797554850578,0.2000253051519394,0.08515790104866028,0.059214115142822266,0.09465818852186203
45,LUX,Luxembourg,2020,-3.1957318782806396,0.4144536554813385,5.304418087005615,2,1.3627294301986694,0.8736702799797058,1.4299343824386597,0.8840151429176331,1.3163741827011108,0.8665592670440674,1.3418793678283691,0.8704363107681274,0.10238128155469894,0.21550381183624268,0.025900211185216904,0.008424986153841019,0.15372627973556519,0.05500797554850578,0.2000253051519394,0.08515790104866028,0.059214115142822266,0.09465818852186203
45,LUX,Luxembourg,2021,-3.2258713245391846,0.40454235672950745,5.304418087005615,2,1.3627294301986694,0.8736702799797058,1.4299343824386597,0.8840151429176331,1.3163741827011108,0.8665592670440674,1.3418793678283691,0.8704363107681274,0.10238128155469894,0.21550381183624268,0.025900211185216904,0.008424986153841019,0.15372627973556519,0.05500797554850578,0.2000253051519394,0.08515790104866028,0.059214115142822266,0.09465818852186203
45,LUX,Luxembourg,2022,-3.72668719291687,0.410307377576828,5.304418087005615,2,1.3627294301986694,0.8736702799797058,1.4299343824386597,0.8840151429176331,1.3163741827011108,0.8665592670440674,1.3418793678283691,0.8704363107681274,0.10238128155469894,0.21550381183624268,0.025900211185216904,0.008424986153841019,0.15372627973556519,0.05500797554850578,0.2000253051519394,0.08515790104866028,0.059214115142822266,0.09465818852186203
45,LUX,Luxembourg,2023,-4.158839225769043,0.41623833775520325,5.304418087005615,2,1.3627294301986694,0.8736702799797058,1.4299343824386597,0.8840151429176331,1.3163741827011108,0.8665592670440674,1.3418793678283691,0.8704363107681274,0.10238128155469894,0.21550381183624268,0.025900211185216904,0.008424986153841019,0.15372627973556519,0.05500797554850578,0.2000253051519394,0.08515790104866028,0.059214115142822266,0.09465818852186203
46,LVA,Latvia,2018,2.136277437210083,-0.025342795997858047,5.206570625305176,2,0.05672547221183777,0.2291504144668579,-0.19147229194641113,0.23186372220516205,0.368137001991272,0.22728531062602997,-0.006488294806331396,0.2283022105693817,0.10059422254562378,0.22502149641513824,0.025257201865315437,0.008779685944318771,0.17675285041332245,0.0497092604637146,0.18286997079849243,0.08879848569631577,0.049623146653175354,0.0925937294960022
46,LVA,Latvia,2019,2.451484441757202,0.5725705027580261,5.206570625305176,2,0.05672547221183777,0.2291504144668579,-0.19147229194641113,0.23186372220516205,0.368137001991272,0.22728531062602997,-0.006488294806331396,0.2283022105693817,0.10059422254562378,0.22502149641513824,0.025257201865315437,0.008779685944318771,0.17675285041332245,0.0497092604637146,0.18286997079849243,0.08879848569631577,0.049623146653175354,0.0925937294960022
46,LVA,Latvia,2020,0.5582294464111328,0.7010226249694824,5.206570625305176,2,0.05672547221183777,0.2291504144668579,-0.19147229194641113,0.23186372220516205,0.368137001991272,0.22728531062602997,-0.006488294806331396,0.2283022105693817,0.10059422254562378,0.22502149641513824,0.025257201865315437,0.008779685944318771,0.17675285041332245,0.0497092604637146,0.18286997079849243,0.08879848569631577,0.049623146653175354,0.0925937294960022
46,LVA,Latvia,2021,0.538101315498352,0.7940167188644409,5.206570625305176,2,0.05672547221183777,0.2291504144668579,-0.19147229194641113,0.23186372220516205,0.368137001991272,0.22728531062602997,-0.006488294806331396,0.2283022105693817,0.10059422254562378,0.22502149641513824,0.025257201865315437,0.008779685944318771,0.17675285041332245,0.0497092604637146,0.18286997079849243,0.08879848569631577,0.049623146653175354,0.0925937294960022
46,LVA,Latvia,2022,-1.1075773239135742,1.018017053604126,5.206570625305176,2,0.05672547221183777,0.2291504144668579,-0.19147229194641113,0.23186372220516205,0.368137001991272,0.22728531062602997,-0.006488294806331396,0.2283022105693817,0.10059422254562378,0.22502149641513824,0.025257201865315437,0.008779685944318771,0.17675285041332245,0.0497092604637146,0.18286997079849243,0.08879848569631577,0.049623146653175354,0.0925937294960022
46,LVA,Latvia,2023,-1.7468478679656982,1.0783494710922241,5.206570625305176,2,0.05672547221183777,0.2291504144668579,-0.19147229194641113,0.23186372220516205,0.368137001991272,0.22728531062602997,-0.006488294806331396,0.2283022105693817,0.10059422254562378,0.22502149641513824,0.025257201865315437,0.008779685944318771,0.17675285041332245,0.0497092604637146,0.18286997079849243,0.08879848569631577,0.049623146653175354,0.0925937294960022
47,MAR,Morocco,2018,-2.0527760982513428,-1.6626942157745361,5.092497825622559,2,-0.5677001476287842,-0.6827664971351624,-0.5921026468276978,-0.6908510327339172,-0.603592574596405,-0.6772093772888184,-0.5074053406715393,-0.6802392601966858,0.09804783016443253,0.23467683792114258,0.024688130244612694,0.009403455071151257,0.20727446675300598,0.04378380626440048,0.16065672039985657,0.0926244780421257,0.03969254344701767,0.08915171772241592
47,MAR,Morocco,2019,-1.840488076210022,-1.2889386415481567,5.092497825622559,2,-0.5677001476287842,-0.6827664971351624,-0.5921026468276978,-0.6908510327339172,-0.603592574596405,-0.6772093772888184,-0.5074053406715393,-0.6802392601966858,0.09804783016443253,0.23467683792114258,0.024688130244612694,0.009403455071151257,0.20727446675300598,0.04378380626440048,0.16065672039985657,0.0926244780421257,0.03969254344701767,0.08915171772241592
47,MAR,Morocco,2020,-1.5523828268051147,-1.0300692319869995,5.092497825622559,2,-0.5677001476287842,-0.6827664971351624,-0.5921026468276978,-0.6908510327339172,-0.603592574596405,-0.6772093772888184,-0.5074053406715393,-0.6802392601966858,0.09804783016443253,0.23467683792114258,0.024688130244612694,0.009403455071151257,0.20727446675300598,0.04378380626440048,0.16065672039985657,0.0926244780421257,0.03969254344701767,0.08915171772241592
47,MAR,Morocco,2021,-1.670159101486206,-0.927401602268219,5.092497825622559,2,-0.5677001476287842,-0.6827664971351624,-0.5921026468276978,-0.6908510327339172,-0.603592574596405,-0.6772093772888184,-0.5074053406715393,-0.6802392601966858,0.09804783016443253,0.23467683792114258,0.024688130244612694,0.009403455071151257,0.20727446675300598,0.04378380626440048,0.16065672039985657,0.0926244780421257,0.03969254344701767,0.08915171772241592
47,MAR,Morocco,2022,-1.1988462209701538,-0.8736626505851746,5.092497825622559,2,-0.5677001476287842,-0.6827664971351624,-0.5921026468276978,-0.6908510327339172,-0.603592574596405,-0.6772093772888184,-0.5074053406715393,-0.6802392601966858,0.09804783016443253,0.23467683792114258,0.024688130244612694,0.009403455071151257,0.20727446675300598,0.04378380626440048,0.16065672039985657,0.0926244780421257,0.03969254344701767,0.08915171772241592
47,MAR,Morocco,2023,-2.160374164581299,-0.7491475343704224,5.092497825622559,2,-0.5677001476287842,-0.6827664971351624,-0.5921026468276978,-0.6908510327339172,-0.603592574596405,-0.6772093772888184,-0.5074053406715393,-0.6802392601966858,0.09804783016443253,0.23467683792114258,0.024688130244612694,0.009403455071151257,0.20727446675300598,0.04378380626440048,0.16065672039985657,0.0926244780421257,0.03969254344701767,0.08915171772241592
48,MEX,Mexico,2018,-1.2096426486968994,-0.4982771575450897,5.1087846755981445,2,-0.4911726713180542,-0.5390089154243469,-0.5113726854324341,-0.5453912615776062,-0.13761571049690247,-0.5346218347549438,-0.8245296478271484,-0.537013828754425,0.09843709319829941,0.23339737951755524,0.024758651852607727,0.009297125041484833,0.20270073413848877,0.04461158439517021,0.16393345594406128,0.09211421757936478,0.041030123829841614,0.08971961587667465
48,MEX,Mexico,2019,-1.0846872329711914,0.021153341978788376,5.1087846755981445,2,-0.4911726713180542,-0.5390089154243469,-0.5113726854324341,-0.5453912615776062,-0.13761571049690247,-0.5346218347549438,-0.8245296478271484,-0.537013828754425,0.09843709319829941,0.23339737951755524,0.024758651852607727,0.009297125041484833,0.20270073413848877,0.04461158439517021,0.16393345594406128,0.09211421757936478,0.041030123829841614,0.08971961587667465
48,MEX,Mexico,2020,-3.962113618850708,0.3093460202217102,5.1087846755981445,2,-0.4911726713180542,-0.5390089154243469,-0.5113726854324341,-0.5453912615776062,-0.13761571049690247,-0.5346218347549438,-0.8245296478271484,-0.537013828754425,0.09843709319829941,0.23339737951755524,0.024758651852607727,0.009297125041484833,0.20270073413848877,0.04461158439517021,0.16393345594406128,0.09211421757936478,0.041030123829841614,0.08971961587667465
48,MEX,Mexico,2021,-5.881318092346191,0.48811689019203186,5.1087846755981445,2,-0.4911726713180542,-0.5390089154243469,-0.5113726854324341,-0.5453912615776062,-0.13761571049690247,-0.5346218347549438,-0.8245296478271484,-0.537013828754425,0.09843709319829941,0.23339737951755524,0.024758651852607727,0.009297125041484833,0.20270073413848877,0.04461158439517021,0.16393345594406128,0.09211421757936478,0.041030123829841614,0.08971961587667465
48,MEX,Mexico,2022,-5.320054531097412,0.576415479183197,5.1087846755981445,2,-0.4911726713180542,-0.5390089154243469,-0.5113726854324341,-0.5453912615776062,-0.13761571049690247,-0.5346218347549438,-0.8245296478271484,-0.537013828754425,0.09843709319829941,0.23339737951755524,0.024758651852607727,0.009297125041484833,0.20270073413848877,0.04461158439517021,0.16393345594406128,0.09211421757936478,0.041030123829841614,0.08971961587667465
48,MEX,Mexico,2023,-3.6169328689575195,0.6366830468177795,5.1087846755981445,2,-0.4911726713180542,-0.5390089154243469,-0.5113726854324341,-0.5453912615776062,-0.13761571049690247,-0.5346218347549438,-0.8245296478271484,-0.537013828754425,0.09843709319829941,0.23339737951755524,0.024758651852607727,0.009297125041484833,0.20270073413848877,0.04461158439517021,0.16393345594406128,0.09211421757936478,0.041030123829841614,0.08971961587667465
49,MKD,North Macedonia,2018,-4.225182056427002,-0.8444245457649231,5.047173023223877,2,-0.8401430249214172,-1.1137200593948364,-0.9831662178039551,-1.1269073486328125,-0.6911687254905701,-1.1046552658081055,-0.8460942506790161,-1.1095975637435913,0.09692016988992691,0.2380482703447342,0.024512942880392075,0.009736469015479088,0.2203892469406128,0.04151124507188797,0.15136782824993134,0.09397482872009277,0.03610539063811302,0.0874335840344429
49,MKD,North Macedonia,2019,-2.3085620403289795,-0.572679340839386,5.047173023223877,2,-0.8401430249214172,-1.1137200593948364,-0.9831662178039551,-1.1269073486328125,-0.6911687254905701,-1.1046552658081055,-0.8460942506790161,-1.1095975637435913,0.09692016988992691,0.2380482703447342,0.024512942880392075,0.009736469015479088,0.2203892469406128,0.04151124507188797,0.15136782824993134,0.09397482872009277,0.03610539063811302,0.0874335840344429
49,MKD,North Macedonia,2020,-3.7089016437530518,-0.37542206048965454,5.047173023223877,2,-0.8401430249214172,-1.1137200593948364,-0.9831662178039551,-1.1269073486328125,-0.6911687254905701,-1.1046552658081055,-0.8460942506790161,-1.1095975637435913,0.09692016988992691,0.2380482703447342,0.024512942880392075,0.009736469015479088,0.2203892469406128,0.04151124507188797,0.15136782824993134,0.09397482872009277,0.03610539063811302,0.0874335840344429
49,MKD,North Macedonia,2021,-4.82833194732666,-0.4357087314128876,5.047173023223877,2,-0.8401430249214172,-1.1137200593948364,-0.9831662178039551,-1.1269073486328125,-0.6911687254905701,-1.1046552658081055,-0.8460942506790161,-1.1095975637435913,0.09692016988992691,0.2380482703447342,0.024512942880392075,0.009736469015479088,0.2203892469406128,0.04151124507188797,0.15136782824993134,0.09397482872009277,0.03610539063811302,0.0874335840344429
49,MKD,North Macedonia,2022,-3.69097900390625,-0.474124014377594,5.047173023223877,2,-0.8401430249214172,-1.1137200593948364,-0.9831662178039551,-1.1269073486328125,-0.6911687254905701,-1.1046552658081055,-0.8460942506790161,-1.1095975637435913,0.09692016988992691,0.2380482703447342,0.024512942880392075,0.009736469015479088,0.2203892469406128,0.04151124507188797,0.15136782824993134,0.09397482872009277,0.03610539063811302,0.0874335840344429
49,MKD,North Macedonia,2023,-4.7387189865112305,-0.38650843501091003,5.047173023223877,2,-0.8401430249214172,-1.1137200593948364,-0.9831662178039551,-1.1269073486328125,-0.6911687254905701,-1.1046552658081055,-0.8460942506790161,-1.1095975637435913,0.09692016988992691,0.2380482703447342,0.024512942880392075,0.009736469015479088,0.2203892469406128,0.04151124507188797,0.15136782824993134,0.09397482872009277,0.03610539063811302,0.0874335840344429
50,MYS,Malaysia,2018,0.02772342786192894,0.6590691804885864,5.33035135269165,2,0.11615476757287979,1.0287607908248901,0.3967877924442291,1.0409420728683472,0.08836042881011963,1.0203874111175537,-0.1366838961839676,1.02495276927948,0.10278468579053879,0.2128143012523651,0.0260931346565485,0.008353609591722488,0.1480996310710907,0.05644230172038078,0.20427082479000092,0.08414989709854126,0.06191866472363472,0.0950729101896286
50,MYS,Malaysia,2019,-0.08382336795330048,0.9517974853515625,5.33035135269165,2,0.11615476757287979,1.0287607908248901,0.3967877924442291,1.0409420728683472,0.08836042881011963,1.0203874111175537,-0.1366838961839676,1.02495276927948,0.10278468579053879,0.2128143012523651,0.0260931346565485,0.008353609591722488,0.1480996310710907,0.05644230172038078,0.20427082479000092,0.08414989709854126,0.06191866472363472,0.0950729101896286
50,MYS,Malaysia,2020,0.11602042615413666,1.1303783655166626,5.33035135269165,2,0.11615476757287979,1.0287607908248901,0.3967877924442291,1.0409420728683472,0.08836042881011963,1.0203874111175537,-0.1366838961839676,1.02495276927948,0.10278468579053879,0.2128143012523651,0.0260931346565485,0.008353609591722488,0.1480996310710907,0.05644230172038078,0.20427082479000092,0.08414989709854126,0.06191866472363472,0.0950729101896286
50,MYS,Malaysia,2021,-0.4654858112335205,1.227338433265686,5.33035135269165,2,0.11615476757287979,1.0287607908248901,0.3967877924442291,1.0409420728683472,0.08836042881011963,1.0203874111175537,-0.1366838961839676,1.02495276927948,0.10278468579053879,0.2128143012523651,0.0260931346565485,0.008353609591722488,0.1480996310710907,0.05644230172038078,0.20427082479000092,0.08414989709854126,0.06191866472363472,0.0950729101896286
50,MYS,Malaysia,2022,-0.6587987542152405,1.2903785705566406,5.33035135269165,2,0.11615476757287979,1.0287607908248901,0.3967877924442291,1.0409420728683472,0.08836042881011963,1.0203874111175537,-0.1366838961839676,1.02495276927948,0.10278468579053879,0.2128143012523651,0.0260931346565485,0.008353609591722488,0.1480996310710907,0.05644230172038078,0.20427082479000092,0.08414989709854126,0.06191866472363472,0.0950729101896286
50,MYS,Malaysia,2023,-0.5584850311279297,1.3366421461105347,5.33035135269165,2,0.11615476757287979,1.0287607908248901,0.3967877924442291,1.0409420728683472,0.08836042881011963,1.0203874111175537,-0.1366838961839676,1.02495276927948,0.10278468579053879,0.2128143012523651,0.0260931346565485,0.008353609591722488,0.1480996310710907,0.05644230172038078,0.20427082479000092,0.08414989709854126,0.06191866472363472,0.0950729101896286
51,NLD,Netherlands,2018,-2.012981653213501,-1.3957737684249878,5.300663948059082,2,1.3984497785568237,0.85074383020401,1.432983160018921,0.8608173131942749,1.4087532758712769,0.8438194990158081,1.3536127805709839,0.8475947976112366,0.10232047736644745,0.21588777005672455,0.025873038917779922,0.008436044678092003,0.15455633401870728,0.05480143055319786,0.19940057396888733,0.08530241250991821,0.058828335255384445,0.0945935919880867
51,NLD,Netherlands,2019,-4.107210636138916,-1.357405185699463,5.300663948059082,2,1.3984497785568237,0.85074383020401,1.432983160018921,0.8608173131942749,1.4087532758712769,0.8438194990158081,1.3536127805709839,0.8475947976112366,0.10232047736644745,0.21588777005672455,0.025873038917779922,0.008436044678092003,0.15455633401870728,0.05480143055319786,0.19940057396888733,0.08530241250991821,0.058828335255384445,0.0945935919880867
51,NLD,Netherlands,2020,-6.567773342132568,-1.4247311353683472,5.300663948059082,2,1.3984497785568237,0.85074383020401,1.432983160018921,0.8608173131942749,1.4087532758712769,0.8438194990158081,1.3536127805709839,0.8475947976112366,0.10232047736644745,0.21588777005672455,0.025873038917779922,0.008436044678092003,0.15455633401870728,0.05480143055319786,0.19940057396888733,0.08530241250991821,0.058828335255384445,0.0945935919880867
51,NLD,Netherlands,2021,-6.225274562835693,-1.4920066595077515,5.300663948059082,2,1.3984497785568237,0.85074383020401,1.432983160018921,0.8608173131942749,1.4087532758712769,0.8438194990158081,1.3536127805709839,0.8475947976112366,0.10232047736644745,0.21588777005672455,0.025873038917779922,0.008436044678092003,0.15455633401870728,0.05480143055319786,0.19940057396888733,0.08530241250991821,0.058828335255384445,0.0945935919880867
51,NLD,Netherlands,2022,-7.184930801391602,-1.539725661277771,5.300663948059082,2,1.3984497785568237,0.85074383020401,1.432983160018921,0.8608173131942749,1.4087532758712769,0.8438194990158081,1.3536127805709839,0.8475947976112366,0.10232047736644745,0.21588777005672455,0.025873038917779922,0.008436044678092003,0.15455633401870728,0.05480143055319786,0.19940057396888733,0.08530241250991821,0.058828335255384445,0.0945935919880867
51,NLD,Netherlands,2023,-9.322796821594238,-1.5764683485031128,5.300663948059082,2,1.3984497785568237,0.85074383020401,1.432983160018921,0.8608173131942749,1.4087532758712769,0.8438194990158081,1.3536127805709839,0.8475947976112366,0.10232047736644745,0.21588777005672455,0.025873038917779922,0.008436044678092003,0.15455633401870728,0.05480143055319786,0.19940057396888733,0.08530241250991821,0.058828335255384445,0.0945935919880867
52,NOR,Norway,2018,0.684697687625885,1.1172577142715454,5.297401428222656,2,1.3073252439498901,0.8307178616523743,1.3803420066833496,0.8405542373657227,1.0274958610534668,0.8239565491676331,1.5141379833221436,0.8276429772377014,0.10226713865995407,0.21622027456760406,0.02584957703948021,0.008445807732641697,0.1552809476852417,0.05462214723229408,0.19885563850402832,0.08542769402265549,0.05849422886967659,0.09453648328781128
52,NOR,Norway,2019,0.7579119205474854,1.2542732954025269,5.297401428222656,2,1.3073252439498901,0.8307178616523743,1.3803420066833496,0.8405542373657227,1.0274958610534668,0.8239565491676331,1.5141379833221436,0.8276429772377014,0.10226713865995407,0.21622027456760406,0.02584957703948021,0.008445807732641697,0.1552809476852417,0.05462214723229408,0.19885563850402832,0.08542769402265549,0.05849422886967659,0.09453648328781128
52,NOR,Norway,2020,0.16256453096866608,1.1541348695755005,5.297401428222656,2,1.3073252439498901,0.8307178616523743,1.3803420066833496,0.8405542373657227,1.0274958610534668,0.8239565491676331,1.5141379833221436,0.8276429772377014,0.10226713865995407,0.21622027456760406,0.02584957703948021,0.008445807732641697,0.1552809476852417,0.05462214723229408,0.19885563850402832,0.08542769402265549,0.05849422886967659,0.09453648328781128
52,NOR,Norway,2021,-0.5059971213340759,1.1984351873397827,5.297401428222656,2,1.3073252439498901,0.8307178616523743,1.3803420066833496,0.8405542373657227,1.0274958610534668,0.8239565491676331,1.5141379833221436,0.8276429772377014,0.10226713865995407,0.21622027456760406,0.02584957703948021,0.008445807732641697,0.1552809476852417,0.05462214723229408,0.19885563850402832,0.08542769402265549,0.05849422886967659,0.09453648328781128
52,NOR,Norway,2022,0.01806272566318512,1.270448923110962,5.297401428222656,2,1.3073252439498901,0.8307178616523743,1.3803420066833496,0.8405542373657227,1.0274958610534668,0.8239565491676331,1.5141379833221436,0.8276429772377014,0.10226713865995407,0.21622027456760406,0.02584957703948021,0.008445807732641697,0.1552809476852417,0.05462214723229408,0.19885563850402832,0.08542769402265549,0.05849422886967659,0.09453648328781128
52,NOR,Norway,2023,0.1799047440290451,1.2717547416687012,5.297401428222656,2,1.3073252439498901,0.8307178616523743,1.3803420066833496,0.8405542373657227,1.0274958610534668,0.8239565491676331,1.5141379833221436,0.8276429772377014,0.10226713865995407,0.21622027456760406,0.02584957703948021,0.008445807732641697,0.1552809476852417,0.05462214723229408,0.19885563850402832,0.08542769402265549,0.05849422886967659,0.09453648328781128
53,NZL,New Zealand,2018,-2.981884479522705,0.5247143507003784,5.297075271606445,2,1.3908849954605103,0.8287059664726257,1.414912223815918,0.8385184407234192,1.3223596811294556,0.8219609260559082,1.4353830814361572,0.8256384134292603,0.10226177424192429,0.21625357866287231,0.025847243145108223,0.008446797728538513,0.15535373985767365,0.05460420250892639,0.1988009363412857,0.0854402408003807,0.058460820466279984,0.09453074634075165
53,NZL,New Zealand,2019,-2.6216039657592773,0.11074632406234741,5.297075271606445,2,1.3908849954605103,0.8287059664726257,1.414912223815918,0.8385184407234192,1.3223596811294556,0.8219609260559082,1.4353830814361572,0.8256384134292603,0.10226177424192429,0.21625357866287231,0.025847243145108223,0.008446797728538513,0.15535373985767365,0.05460420250892639,0.1988009363412857,0.0854402408003807,0.058460820466279984,0.09453074634075165
53,NZL,New Zealand,2020,-2.319328546524048,-0.2366708517074585,5.297075271606445,2,1.3908849954605103,0.8287059664726257,1.414912223815918,0.8385184407234192,1.3223596811294556,0.8219609260559082,1.4353830814361572,0.8256384134292603,0.10226177424192429,0.21625357866287231,0.025847243145108223,0.008446797728538513,0.15535373985767365,0.05460420250892639,0.1988009363412857,0.0854402408003807,0.058460820466279984,0.09453074634075165
53,NZL,New Zealand,2021,-2.2188103199005127,-0.532062828540802,5.297075271606445,2,1.3908849954605103,0.8287059664726257,1.414912223815918,0.8385184407234192,1.3223596811294556,0.8219609260559082,1.4353830814361572,0.8256384134292603,0.10226177424192429,0.21625357866287231,0.025847243145108223,0.008446797728538513,0.15535373985767365,0.05460420250892639,0.1988009363412857,0.0854402408003807,0.058460820466279984,0.09453074634075165
53,NZL,New Zealand,2022,-3.390082359313965,-0.7371992468833923,5.297075271606445,2,1.3908849954605103,0.8287059664726257,1.414912223815918,0.8385184407234192,1.3223596811294556,0.8219609260559082,1.4353830814361572,0.8256384134292603,0.10226177424192429,0.21625357866287231,0.025847243145108223,0.008446797728538513,0.15535373985767365,0.05460420250892639,0.1988009363412857,0.0854402408003807,0.058460820466279984,0.09453074634075165
53,NZL,New Zealand,2023,-3.6847918033599854,-0.8349267840385437,5.297075271606445,2,1.3908849954605103,0.8287059664726257,1.414912223815918,0.8385184407234192,1.3223596811294556,0.8219609260559082,1.4353830814361572,0.8256384134292603,0.10226177424192429,0.21625357866287231,0.025847243145108223,0.008446797728538513,0.15535373985767365,0.05460420250892639,0.1988009363412857,0.0854402408003807,0.058460820466279984,0.09453074634075165
54,OMN,Oman,2018,-1.4833542108535767,-0.42531952261924744,5.201959609985352,2,-0.0670604482293129,0.19606812298297882,-0.2567063570022583,0.1983897089958191,0.022247422486543655,0.1944722831249237,0.033277593553066254,0.19534236192703247,0.10050018876791,0.22544273734092712,0.025230612605810165,0.00880002323538065,0.1779131293296814,0.04946419596672058,0.1820124238729477,0.08896327763795853,0.04919586703181267,0.09247752279043198
54,OMN,Oman,2019,-1.4833542108535767,-0.8186575770378113,5.201959609985352,2,-0.0670604482293129,0.19606812298297882,-0.2567063570022583,0.1983897089958191,0.022247422486543655,0.1944722831249237,0.033277593553066254,0.19534236192703247,0.10050018876791,0.22544273734092712,0.025230612605810165,0.00880002323538065,0.1779131293296814,0.04946419596672058,0.1820124238729477,0.08896327763795853,0.04919586703181267,0.09247752279043198
54,OMN,Oman,2020,-1.9118425846099854,-1.1357107162475586,5.201959609985352,2,-0.0670604482293129,0.19606812298297882,-0.2567063570022583,0.1983897089958191,0.022247422486543655,0.1944722831249237,0.033277593553066254,0.19534236192703247,0.10050018876791,0.22544273734092712,0.025230612605810165,0.00880002323538065,0.1779131293296814,0.04946419596672058,0.1820124238729477,0.08896327763795853,0.04919586703181267,0.09247752279043198
54,OMN,Oman,2021,-2.7994258403778076,-1.3716274499893188,5.201959609985352,2,-0.0670604482293129,0.19606812298297882,-0.2567063570022583,0.1983897089958191,0.022247422486543655,0.1944722831249237,0.033277593553066254,0.19534236192703247,0.10050018876791,0.22544273734092712,0.025230612605810165,0.00880002323538065,0.1779131293296814,0.04946419596672058,0.1820124238729477,0.08896327763795853,0.04919586703181267,0.09247752279043198
54,OMN,Oman,2022,-4.406257152557373,-1.5291314125061035,5.201959609985352,2,-0.0670604482293129,0.19606812298297882,-0.2567063570022583,0.1983897089958191,0.022247422486543655,0.1944722831249237,0.033277593553066254,0.19534236192703247,0.10050018876791,0.22544273734092712,0.025230612605810165,0.00880002323538065,0.1779131293296814,0.04946419596672058,0.1820124238729477,0.08896327763795853,0.04919586703181267,0.09247752279043198
54,OMN,Oman,2023,-4.634274482727051,-1.6271182298660278,5.201959609985352,2,-0.0670604482293129,0.19606812298297882,-0.2567063570022583,0.1983897089958191,0.022247422486543655,0.1944722831249237,0.033277593553066254,0.19534236192703247,0.10050018876791,0.22544273734092712,0.025230612605810165,0.00880002323538065,0.1779131293296814,0.04946419596672058,0.1820124238729477,0.08896327763795853,0.04919586703181267,0.09247752279043198
55,PAK,Pakistan,2018,0.6607634425163269,-1.7361775636672974,5.038062572479248,2,-1.1695586442947388,-1.2065649032592773,-1.022442102432251,-1.2208515405654907,-1.2194249629974365,-1.196744441986084,-1.2668088674545288,-1.2020988464355469,0.09668567776679993,0.23869094252586365,0.0244817603379488,0.009810692630708218,0.2230948954820633,0.041059933602809906,0.14947108924388885,0.09423337876796722,0.03540801629424095,0.08706360310316086
55,PAK,Pakistan,2019,0.263211190700531,-1.3120397329330444,5.038062572479248,2,-1.1695586442947388,-1.2065649032592773,-1.022442102432251,-1.2208515405654907,-1.2194249629974365,-1.196744441986084,-1.2668088674545288,-1.2020988464355469,0.09668567776679993,0.23869094252586365,0.0244817603379488,0.009810692630708218,0.2230948954820633,0.041059933602809906,0.14947108924388885,0.09423337876796722,0.03540801629424095,0.08706360310316086
55,PAK,Pakistan,2020,0.5979493856430054,-1.120151162147522,5.038062572479248,2,-1.1695586442947388,-1.2065649032592773,-1.022442102432251,-1.2208515405654907,-1.2194249629974365,-1.196744441986084,-1.2668088674545288,-1.2020988464355469,0.09668567776679993,0.23869094252586365,0.0244817603379488,0.009810692630708218,0.2230948954820633,0.041059933602809906,0.14947108924388885,0.09423337876796722,0.03540801629424095,0.08706360310316086
55,PAK,Pakistan,2021,-0.27455824613571167,-1.0389487743377686,5.038062572479248,2,-1.1695586442947388,-1.2065649032592773,-1.022442102432251,-1.2208515405654907,-1.2194249629974365,-1.196744441986084,-1.2668088674545288,-1.2020988464355469,0.09668567776679993,0.23869094252586365,0.0244817603379488,0.009810692630708218,0.2230948954820633,0.041059933602809906,0.14947108924388885,0.09423337876796722,0.03540801629424095,0.08706360310316086
55,PAK,Pakistan,2022,-1.3144348859786987,-1.0861259698867798,5.038062572479248,2,-1.1695586442947388,-1.2065649032592773,-1.022442102432251,-1.2208515405654907,-1.2194249629974365,-1.196744441986084,-1.2668088674545288,-1.2020988464355469,0.09668567776679993,0.23869094252586365,0.0244817603379488,0.009810692630708218,0.2230948954820633,0.041059933602809906,0.14947108924388885,0.09423337876796722,0.03540801629424095,0.08706360310316086
55,PAK,Pakistan,2023,-1.7306287288665771,-1.1549017429351807,5.038062572479248,2,-1.1695586442947388,-1.2065649032592773,-1.022442102432251,-1.2208515405654907,-1.2194249629974365,-1.196744441986084,-1.2668088674545288,-1.2020988464355469,0.09668567776679993,0.23869094252586365,0.0244817603379488,0.009810692630708218,0.2230948954820633,0.041059933602809906,0.14947108924388885,0.09423337876796722,0.03540801629424095,0.08706360310316086
56,PER,Peru,2018,1.0936386585235596,0.13663740456104279,5.0639238357543945,2,-0.6950809359550476,-0.9487254023551941,-0.8969854712486267,-0.9599590301513672,-0.25150150060653687,-0.9410035014152527,-0.9367557168006897,-0.9452136158943176,0.09734450280666351,0.2368355691432953,0.024573909118771553,0.009606629610061646,0.21547548472881317,0.04234583303332329,0.15482956171035767,0.09348803758621216,0.03740815818309784,0.08809228986501694
56,PER,Peru,2019,1.1609760522842407,0.7986145615577698,5.0639238357543945,2,-0.6950809359550476,-0.9487254023551941,-0.8969854712486267,-0.9599590301513672,-0.25150150060653687,-0.9410035014152527,-0.9367557168006897,-0.9452136158943176,0.09734450280666351,0.2368355691432953,0.024573909118771553,0.009606629610061646,0.21547548472881317,0.04234583303332329,0.15482956171035767,0.09348803758621216,0.03740815818309784,0.08809228986501694
56,PER,Peru,2020,0.8656606674194336,1.0966113805770874,5.0639238357543945,2,-0.6950809359550476,-0.9487254023551941,-0.8969854712486267,-0.9599590301513672,-0.25150150060653687,-0.9410035014152527,-0.9367557168006897,-0.9452136158943176,0.09734450280666351,0.2368355691432953,0.024573909118771553,0.009606629610061646,0.21547548472881317,0.04234583303332329,0.15482956171035767,0.09348803758621216,0.03740815818309784,0.08809228986501694
56,PER,Peru,2021,1.0604026317596436,1.2623728513717651,5.0639238357543945,2,-0.6950809359550476,-0.9487254023551941,-0.8969854712486267,-0.9599590301513672,-0.25150150060653687,-0.9410035014152527,-0.9367557168006897,-0.9452136158943176,0.09734450280666351,0.2368355691432953,0.024573909118771553,0.009606629610061646,0.21547548472881317,0.04234583303332329,0.15482956171035767,0.09348803758621216,0.03740815818309784,0.08809228986501694
56,PER,Peru,2022,1.6989833116531372,1.3471161127090454,5.0639238357543945,2,-0.6950809359550476,-0.9487254023551941,-0.8969854712486267,-0.9599590301513672,-0.25150150060653687,-0.9410035014152527,-0.9367557168006897,-0.9452136158943176,0.09734450280666351,0.2368355691432953,0.024573909118771553,0.009606629610061646,0.21547548472881317,0.04234583303332329,0.15482956171035767,0.09348803758621216,0.03740815818309784,0.08809228986501694
56,PER,Peru,2023,1.919171690940857,1.355284571647644,5.0639238357543945,2,-0.6950809359550476,-0.9487254023551941,-0.8969854712486267,-0.9599590301513672,-0.25150150060653687,-0.9410035014152527,-0.9367557168006897,-0.9452136158943176,0.09734450280666351,0.2368355691432953,0.024573909118771553,0.009606629610061646,0.21547548472881317,0.04234583303332329,0.15482956171035767,0.09348803758621216,0.03740815818309784,0.08809228986501694
57,PHL,Philippines,2018,4.912133693695068,-1.4933042526245117,5.094009876251221,2,-0.5819682478904724,-0.669193685054779,-0.5483519434928894,-0.6771174073219299,-0.43141669034957886,-0.6637469530105591,-0.7661361694335938,-0.6667166352272034,0.09808431565761566,0.2345595359802246,0.024694517254829407,0.009393303655087948,0.20684677362442017,0.043860405683517456,0.1609623283147812,0.09257764369249344,0.039815619587898254,0.0892055481672287
57,PHL,Philippines,2019,5.833406925201416,-0.8424785137176514,5.094009876251221,2,-0.5819682478904724,-0.669193685054779,-0.5483519434928894,-0.6771174073219299,-0.43141669034957886,-0.6637469530105591,-0.7661361694335938,-0.6667166352272034,0.09808431565761566,0.2345595359802246,0.024694517254829407,0.009393303655087948,0.20684677362442017,0.043860405683517456,0.1609623283147812,0.09257764369249344,0.039815619587898254,0.0892055481672287
57,PHL,Philippines,2020,6.113379955291748,-0.47747787833213806,5.094009876251221,2,-0.5819682478904724,-0.669193685054779,-0.5483519434928894,-0.6771174073219299,-0.43141669034957886,-0.6637469530105591,-0.7661361694335938,-0.6667166352272034,0.09808431565761566,0.2345595359802246,0.024694517254829407,0.009393303655087948,0.20684677362442017,0.043860405683517456,0.1609623283147812,0.09257764369249344,0.039815619587898254,0.0892055481672287
57,PHL,Philippines,2021,6.149739742279053,-0.30553847551345825,5.094009876251221,2,-0.5819682478904724,-0.669193685054779,-0.5483519434928894,-0.6771174073219299,-0.43141669034957886,-0.6637469530105591,-0.7661361694335938,-0.6667166352272034,0.09808431565761566,0.2345595359802246,0.024694517254829407,0.009393303655087948,0.20684677362442017,0.043860405683517456,0.1609623283147812,0.09257764369249344,0.039815619587898254,0.0892055481672287
57,PHL,Philippines,2022,6.288362503051758,-0.23525352776050568,5.094009876251221,2,-0.5819682478904724,-0.669193685054779,-0.5483519434928894,-0.6771174073219299,-0.43141669034957886,-0.6637469530105591,-0.7661361694335938,-0.6667166352272034,0.09808431565761566,0.2345595359802246,0.024694517254829407,0.009393303655087948,0.20684677362442017,0.043860405683517456,0.1609623283147812,0.09257764369249344,0.039815619587898254,0.0892055481672287
57,PHL,Philippines,2023,6.736955165863037,-0.22284144163131714,5.094009876251221,2,-0.5819682478904724,-0.669193685054779,-0.5483519434928894,-0.6771174073219299,-0.43141669034957886,-0.6637469530105591,-0.7661361694335938,-0.6667166352272034,0.09808431565761566,0.2345595359802246,0.024694517254829407,0.009393303655087948,0.20684677362442017,0.043860405683517456,0.1609623283147812,0.09257764369249344,0.039815619587898254,0.0892055481672287
58,POL,Poland,2018,-5.292060375213623,-1.4968496561050415,5.253687858581543,2,0.13508905470371246,0.5523627400398254,0.0030404042918235064,0.558903157711029,0.21474087238311768,0.547866940498352,0.18748588860034943,0.55031818151474,0.10150568187236786,0.22057035565376282,0.025548972189426422,0.008591177873313427,0.16529454290866852,0.05223795771598816,0.1913692206144333,0.08707869797945023,0.05411843955516815,0.09368493407964706
58,POL,Poland,2019,-6.858757495880127,-1.4431864023208618,5.253687858581543,2,0.13508905470371246,0.5523627400398254,0.0030404042918235064,0.558903157711029,0.21474087238311768,0.547866940498352,0.18748588860034943,0.55031818151474,0.10150568187236786,0.22057035565376282,0.025548972189426422,0.008591177873313427,0.16529454290866852,0.05223795771598816,0.1913692206144333,0.08707869797945023,0.05411843955516815,0.09368493407964706
58,POL,Poland,2020,-8.258927345275879,-1.5721315145492554,5.253687858581543,2,0.13508905470371246,0.5523627400398254,0.0030404042918235064,0.558903157711029,0.21474087238311768,0.547866940498352,0.18748588860034943,0.55031818151474,0.10150568187236786,0.22057035565376282,0.025548972189426422,0.008591177873313427,0.16529454290866852,0.05223795771598816,0.1913692206144333,0.08707869797945023,0.05411843955516815,0.09368493407964706
58,POL,Poland,2021,-7.500536918640137,-1.732261300086975,5.253687858581543,2,0.13508905470371246,0.5523627400398254,0.0030404042918235064,0.558903157711029,0.21474087238311768,0.547866940498352,0.18748588860034943,0.55031818151474,0.10150568187236786,0.22057035565376282,0.025548972189426422,0.008591177873313427,0.16529454290866852,0.05223795771598816,0.1913692206144333,0.08707869797945023,0.05411843955516815,0.09368493407964706
58,POL,Poland,2022,-8.502216339111328,-1.8711192607879639,5.253687858581543,2,0.13508905470371246,0.5523627400398254,0.0030404042918235064,0.558903157711029,0.21474087238311768,0.547866940498352,0.18748588860034943,0.55031818151474,0.10150568187236786,0.22057035565376282,0.025548972189426422,0.008591177873313427,0.16529454290866852,0.05223795771598816,0.1913692206144333,0.08707869797945023,0.05411843955516815,0.09368493407964706
58,POL,Poland,2023,-11.761031150817871,-1.97767174243927,5.253687858581543,2,0.13508905470371246,0.5523627400398254,0.0030404042918235064,0.558903157711029,0.21474087238311768,0.547866940498352,0.18748588860034943,0.55031818151474,0.10150568187236786,0.22057035565376282,0.025548972189426422,0.008591177873313427,0.16529454290866852,0.05223795771598816,0.1913692206144333,0.08707869797945023,0.05411843955516815,0.09368493407964706
59,PRT,Portugal,2018,-1.9006779193878174,-0.23928356170654297,5.267007827758789,2,0.5889715552330017,0.6392543315887451,0.3899436593055725,0.6468235850334167,0.6463295221328735,0.6340513229370117,0.7306414842605591,0.6368880867958069,0.1017470732331276,0.2192663997411728,0.02563784457743168,0.008543930016458035,0.16218218207359314,0.05296098068356514,0.1936865746974945,0.0865812748670578,0.055432092398405075,0.093961700797081
59,PRT,Portugal,2019,-2.685220718383789,-0.4722650349140167,5.267007827758789,2,0.5889715552330017,0.6392543315887451,0.3899436593055725,0.6468235850334167,0.6463295221328735,0.6340513229370117,0.7306414842605591,0.6368880867958069,0.1017470732331276,0.2192663997411728,0.02563784457743168,0.008543930016458035,0.16218218207359314,0.05296098068356514,0.1936865746974945,0.0865812748670578,0.055432092398405075,0.093961700797081
59,PRT,Portugal,2020,-3.400998592376709,-0.5971216559410095,5.267007827758789,2,0.5889715552330017,0.6392543315887451,0.3899436593055725,0.6468235850334167,0.6463295221328735,0.6340513229370117,0.7306414842605591,0.6368880867958069,0.1017470732331276,0.2192663997411728,0.02563784457743168,0.008543930016458035,0.16218218207359314,0.05296098068356514,0.1936865746974945,0.0865812748670578,0.055432092398405075,0.093961700797081
59,PRT,Portugal,2021,-3.9149670600891113,-0.7238206267356873,5.267007827758789,2,0.5889715552330017,0.6392543315887451,0.3899436593055725,0.6468235850334167,0.6463295221328735,0.6340513229370117,0.7306414842605591,0.6368880867958069,0.1017470732331276,0.2192663997411728,0.02563784457743168,0.008543930016458035,0.16218218207359314,0.05296098068356514,0.1936865746974945,0.0865812748670578,0.055432092398405075,0.093961700797081
59,PRT,Portugal,2022,-3.713021755218506,-0.8616160750389099,5.267007827758789,2,0.5889715552330017,0.6392543315887451,0.3899436593055725,0.6468235850334167,0.6463295221328735,0.6340513229370117,0.7306414842605591,0.6368880867958069,0.1017470732331276,0.2192663997411728,0.02563784457743168,0.008543930016458035,0.16218218207359314,0.05296098068356514,0.1936865746974945,0.0865812748670578,0.055432092398405075,0.093961700797081
59,PRT,Portugal,2023,-4.624629497528076,-0.8567830920219421,5.267007827758789,2,0.5889715552330017,0.6392543315887451,0.3899436593055725,0.6468235850334167,0.6463295221328735,0.6340513229370117,0.7306414842605591,0.6368880867958069,0.1017470732331276,0.2192663997411728,0.02563784457743168,0.008543930016458035,0.16218218207359314,0.05296098068356514,0.1936865746974945,0.0865812748670578,0.055432092398405075,0.093961700797081
60,QAT,Qatar,2018,-6.880117416381836,0.9356526732444763,5.263617038726807,2,-0.037850040942430496,0.6173156499862671,0.02352459356188774,0.6246251463890076,-0.20334964990615845,0.612291157245636,0.06627492606639862,0.6150306463241577,0.10168642550706863,0.21960020065307617,0.025614995509386063,0.008555701933801174,0.16296929121017456,0.05277663841843605,0.19309966266155243,0.08670837432146072,0.05509605258703232,0.09389270842075348
60,QAT,Qatar,2019,-4.506235599517822,0.7800970077514648,5.263617038726807,2,-0.037850040942430496,0.6173156499862671,0.02352459356188774,0.6246251463890076,-0.20334964990615845,0.612291157245636,0.06627492606639862,0.6150306463241577,0.10168642550706863,0.21960020065307617,0.025614995509386063,0.008555701933801174,0.16296929121017456,0.05277663841843605,0.19309966266155243,0.08670837432146072,0.05509605258703232,0.09389270842075348
60,QAT,Qatar,2020,-5.444746971130371,0.6340414881706238,5.263617038726807,2,-0.037850040942430496,0.6173156499862671,0.02352459356188774,0.6246251463890076,-0.20334964990615845,0.612291157245636,0.06627492606639862,0.6150306463241577,0.10168642550706863,0.21960020065307617,0.025614995509386063,0.008555701933801174,0.16296929121017456,0.05277663841843605,0.19309966266155243,0.08670837432146072,0.05509605258703232,0.09389270842075348
60,QAT,Qatar,2021,-6.548878192901611,0.5593554377555847,5.263617038726807,2,-0.037850040942430496,0.6173156499862671,0.02352459356188774,0.6246251463890076,-0.20334964990615845,0.612291157245636,0.06627492606639862,0.6150306463241577,0.10168642550706863,0.21960020065307617,0.025614995509386063,0.008555701933801174,0.16296929121017456,0.05277663841843605,0.19309966266155243,0.08670837432146072,0.05509605258703232,0.09389270842075348
60,QAT,Qatar,2022,-4.892681121826172,0.48769161105155945,5.263617038726807,2,-0.037850040942430496,0.6173156499862671,0.02352459356188774,0.6246251463890076,-0.20334964990615845,0.612291157245636,0.06627492606639862,0.6150306463241577,0.10168642550706863,0.21960020065307617,0.025614995509386063,0.008555701933801174,0.16296929121017456,0.05277663841843605,0.19309966266155243,0.08670837432146072,0.05509605258703232,0.09389270842075348
60,QAT,Qatar,2023,-5.334333896636963,0.4622129499912262,5.263617038726807,2,-0.037850040942430496,0.6173156499862671,0.02352459356188774,0.6246251463890076,-0.20334964990615845,0.612291157245636,0.06627492606639862,0.6150306463241577,0.10168642550706863,0.21960020065307617,0.025614995509386063,0.008555701933801174,0.16296929121017456,0.05277663841843605,0.19309966266155243,0.08670837432146072,0.05509605258703232,0.09389270842075348
61,ROU,Romania,2018,-3.695746898651123,0.27161046862602234,5.05810546875,2,-0.6137262582778931,-1.0052305459976196,-0.9381364583969116,-1.0171332359313965,-0.44055911898612976,-0.9970487356185913,-0.4624831974506378,-1.0015095472335815,0.09719811379909515,0.23726138472557068,0.02455221116542816,0.009650785475969315,0.21717345714569092,0.042055223137140274,0.15363086760044098,0.09365879744291306,0.03695259243249893,0.0878666490316391
61,ROU,Romania,2019,-4.160907745361328,0.14962419867515564,5.05810546875,2,-0.6137262582778931,-1.0052305459976196,-0.9381364583969116,-1.0171332359313965,-0.44055911898612976,-0.9970487356185913,-0.4624831974506378,-1.0015095472335815,0.09719811379909515,0.23726138472557068,0.02455221116542816,0.009650785475969315,0.21717345714569092,0.042055223137140274,0.15363086760044098,0.09365879744291306,0.03695259243249893,0.0878666490316391
61,ROU,Romania,2020,-5.406534671783447,0.0041059888899326324,5.05810546875,2,-0.6137262582778931,-1.0052305459976196,-0.9381364583969116,-1.0171332359313965,-0.44055911898612976,-0.9970487356185913,-0.4624831974506378,-1.0015095472335815,0.09719811379909515,0.23726138472557068,0.02455221116542816,0.009650785475969315,0.21717345714569092,0.042055223137140274,0.15363086760044098,0.09365879744291306,0.03695259243249893,0.0878666490316391
61,ROU,Romania,2021,-5.111453533172607,-0.19528084993362427,5.05810546875,2,-0.6137262582778931,-1.0052305459976196,-0.9381364583969116,-1.0171332359313965,-0.44055911898612976,-0.9970487356185913,-0.4624831974506378,-1.0015095472335815,0.09719811379909515,0.23726138472557068,0.02455221116542816,0.009650785475969315,0.21717345714569092,0.042055223137140274,0.15363086760044098,0.09365879744291306,0.03695259243249893,0.0878666490316391
61,ROU,Romania,2022,-4.921149253845215,-0.37124907970428467,5.05810546875,2,-0.6137262582778931,-1.0052305459976196,-0.9381364583969116,-1.0171332359313965,-0.44055911898612976,-0.9970487356185913,-0.4624831974506378,-1.0015095472335815,0.09719811379909515,0.23726138472557068,0.02455221116542816,0.009650785475969315,0.21717345714569092,0.042055223137140274,0.15363086760044098,0.09365879744291306,0.03695259243249893,0.0878666490316391
61,ROU,Romania,2023,-6.2508416175842285,-0.4517945945262909,5.05810546875,2,-0.6137262582778931,-1.0052305459976196,-0.9381364583969116,-1.0171332359313965,-0.44055911898612976,-0.9970487356185913,-0.4624831974506378,-1.0015095472335815,0.09719811379909515,0.23726138472557068,0.02455221116542816,0.009650785475969315,0.21717345714569092,0.042055223137140274,0.15363086760044098,0.09365879744291306,0.03695259243249893,0.0878666490316391
62,RUS,Russia,2018,-3.6435298919677734,-0.4810119569301605,5.033781051635742,2,-1.1349221467971802,-1.25099778175354,-1.1962112188339233,-1.2658106088638306,-0.9114767909049988,-1.2408156394958496,-1.2970784902572632,-1.2463672161102295,0.096574567258358,0.23898877203464508,0.02446761168539524,0.009846490807831287,0.22437462210655212,0.04084846377372742,0.1485763043165207,0.0943533405661583,0.03508298099040985,0.08688685297966003
62,RUS,Russia,2019,-3.5361337661743164,-0.35414087772369385,5.033781051635742,2,-1.1349221467971802,-1.25099778175354,-1.1962112188339233,-1.2658106088638306,-0.9114767909049988,-1.2408156394958496,-1.2970784902572632,-1.2463672161102295,0.096574567258358,0.23898877203464508,0.02446761168539524,0.009846490807831287,0.22437462210655212,0.04084846377372742,0.1485763043165207,0.0943533405661583,0.03508298099040985,0.08688685297966003
62,RUS,Russia,2020,-6.922895908355713,-0.40309491753578186,5.033781051635742,2,-1.1349221467971802,-1.25099778175354,-1.1962112188339233,-1.2658106088638306,-0.9114767909049988,-1.2408156394958496,-1.2970784902572632,-1.2463672161102295,0.096574567258358,0.23898877203464508,0.02446761168539524,0.009846490807831287,0.22437462210655212,0.04084846377372742,0.1485763043165207,0.0943533405661583,0.03508298099040985,0.08688685297966003
62,RUS,Russia,2021,-5.5373334884643555,-0.5619263052940369,5.033781051635742,2,-1.1349221467971802,-1.25099778175354,-1.1962112188339233,-1.2658106088638306,-0.9114767909049988,-1.2408156394958496,-1.2970784902572632,-1.2463672161102295,0.096574567258358,0.23898877203464508,0.02446761168539524,0.009846490807831287,0.22437462210655212,0.04084846377372742,0.1485763043165207,0.0943533405661583,0.03508298099040985,0.08688685297966003
62,RUS,Russia,2022,-4.097316741943359,-0.7834876179695129,5.033781051635742,2,-1.1349221467971802,-1.25099778175354,-1.1962112188339233,-1.2658106088638306,-0.9114767909049988,-1.2408156394958496,-1.2970784902572632,-1.2463672161102295,0.096574567258358,0.23898877203464508,0.02446761168539524,0.009846490807831287,0.22437462210655212,0.04084846377372742,0.1485763043165207,0.0943533405661583,0.03508298099040985,0.08688685297966003
62,RUS,Russia,2023,-3.127725601196289,-0.8531703948974609,5.033781051635742,2,-1.1349221467971802,-1.25099778175354,-1.1962112188339233,-1.2658106088638306,-0.9114767909049988,-1.2408156394958496,-1.2970784902572632,-1.2463672161102295,0.096574567258358,0.23898877203464508,0.02446761168539524,0.009846490807831287,0.22437462210655212,0.04084846377372742,0.1485763043165207,0.0943533405661583,0.03508298099040985,0.08688685297966003
63,SAU,Saudi Arabia,2018,2.299851655960083,0.07951176166534424,5.087044715881348,2,-0.5544285178184509,-0.7321186065673828,-0.6724381446838379,-0.7407874464988708,-0.49509498476982117,-0.7261596918106079,-0.4957524538040161,-0.7294086217880249,0.09791558980941772,0.23509739339351654,0.02466537244617939,0.009440538473427296,0.2088220864534378,0.04350797459483147,0.15955233573913574,0.09279242902994156,0.03925049304962158,0.08895575255155563
63,SAU,Saudi Arabia,2019,1.9578986167907715,0.0375845693051815,5.087044715881348,2,-0.5544285178184509,-0.7321186065673828,-0.6724381446838379,-0.7407874464988708,-0.49509498476982117,-0.7261596918106079,-0.4957524538040161,-0.7294086217880249,0.09791558980941772,0.23509739339351654,0.02466537244617939,0.009440538473427296,0.2088220864534378,0.04350797459483147,0.15955233573913574,0.09279242902994156,0.03925049304962158,0.08895575255155563
63,SAU,Saudi Arabia,2020,2.004265069961548,-0.1341511309146881,5.087044715881348,2,-0.5544285178184509,-0.7321186065673828,-0.6724381446838379,-0.7407874464988708,-0.49509498476982117,-0.7261596918106079,-0.4957524538040161,-0.7294086217880249,0.09791558980941772,0.23509739339351654,0.02466537244617939,0.009440538473427296,0.2088220864534378,0.04350797459483147,0.15955233573913574,0.09279242902994156,0.03925049304962158,0.08895575255155563
63,SAU,Saudi Arabia,2021,2.169445753097534,-0.18977445363998413,5.087044715881348,2,-0.5544285178184509,-0.7321186065673828,-0.6724381446838379,-0.7407874464988708,-0.49509498476982117,-0.7261596918106079,-0.4957524538040161,-0.7294086217880249,0.09791558980941772,0.23509739339351654,0.02466537244617939,0.009440538473427296,0.2088220864534378,0.04350797459483147,0.15955233573913574,0.09279242902994156,0.03925049304962158,0.08895575255155563
63,SAU,Saudi Arabia,2022,1.4797439575195312,-0.33006420731544495,5.087044715881348,2,-0.5544285178184509,-0.7321186065673828,-0.6724381446838379,-0.7407874464988708,-0.49509498476982117,-0.7261596918106079,-0.4957524538040161,-0.7294086217880249,0.09791558980941772,0.23509739339351654,0.02466537244617939,0.009440538473427296,0.2088220864534378,0.04350797459483147,0.15955233573913574,0.09279242902994156,0.03925049304962158,0.08895575255155563
63,SAU,Saudi Arabia,2023,0.6857173442840576,-0.41403326392173767,5.087044715881348,2,-0.5544285178184509,-0.7321186065673828,-0.6724381446838379,-0.7407874464988708,-0.49509498476982117,-0.7261596918106079,-0.4957524538040161,-0.7294086217880249,0.09791558980941772,0.23509739339351654,0.02466537244617939,0.009440538473427296,0.2088220864534378,0.04350797459483147,0.15955233573913574,0.09279242902994156,0.03925049304962158,0.08895575255155563
64,SGP,Singapore,2018,-1.5155048370361328,-0.5592302680015564,5.332462310791016,2,1.4344711303710938,1.041141152381897,1.7217825651168823,1.0534690618515015,1.536649465560913,1.0326671600341797,1.0449817180633545,1.0372873544692993,0.10281626135110855,0.2125926911830902,0.02610923908650875,0.00834817998111248,0.1476498544216156,0.05655963346362114,0.2046109139919281,0.08406715095043182,0.06214185059070587,0.09510429948568344
64,SGP,Singapore,2019,-1.5344992876052856,-0.6955797672271729,5.332462310791016,2,1.4344711303710938,1.041141152381897,1.7217825651168823,1.0534690618515015,1.536649465560913,1.0326671600341797,1.0449817180633545,1.0372873544692993,0.10281626135110855,0.2125926911830902,0.02610923908650875,0.00834817998111248,0.1476498544216156,0.05655963346362114,0.2046109139919281,0.08406715095043182,0.06214185059070587,0.09510429948568344
64,SGP,Singapore,2020,-1.5631846189498901,-0.9118711352348328,5.332462310791016,2,1.4344711303710938,1.041141152381897,1.7217825651168823,1.0534690618515015,1.536649465560913,1.0326671600341797,1.0449817180633545,1.0372873544692993,0.10281626135110855,0.2125926911830902,0.02610923908650875,0.00834817998111248,0.1476498544216156,0.05655963346362114,0.2046109139919281,0.08406715095043182,0.06214185059070587,0.09510429948568344
64,SGP,Singapore,2021,-1.5329487323760986,-1.0651744604110718,5.332462310791016,2,1.4344711303710938,1.041141152381897,1.7217825651168823,1.0534690618515015,1.536649465560913,1.0326671600341797,1.0449817180633545,1.0372873544692993,0.10281626135110855,0.2125926911830902,0.02610923908650875,0.00834817998111248,0.1476498544216156,0.05655963346362114,0.2046109139919281,0.08406715095043182,0.06214185059070587,0.09510429948568344
64,SGP,Singapore,2022,-1.5709375143051147,-1.1393860578536987,5.332462310791016,2,1.4344711303710938,1.041141152381897,1.7217825651168823,1.0534690618515015,1.536649465560913,1.0326671600341797,1.0449817180633545,1.0372873544692993,0.10281626135110855,0.2125926911830902,0.02610923908650875,0.00834817998111248,0.1476498544216156,0.05655963346362114,0.2046109139919281,0.08406715095043182,0.06214185059070587,0.09510429948568344
64,SGP,Singapore,2023,-1.6358672380447388,-1.1682729721069336,5.332462310791016,2,1.4344711303710938,1.041141152381897,1.7217825651168823,1.0534690618515015,1.536649465560913,1.0326671600341797,1.0449817180633545,1.0372873544692993,0.10281626135110855,0.2125926911830902,0.02610923908650875,0.00834817998111248,0.1476498544216156,0.05655963346362114,0.2046109139919281,0.08406715095043182,0.06214185059070587,0.09510429948568344
65,SVK,Slovakia,2018,-1.5849237442016602,-1.137095332145691,5.274735450744629,2,0.11652449518442154,0.6888020634651184,0.11614179611206055,0.6969580054283142,0.3065413236618042,0.6831957697868347,-0.07310961931943893,0.6862524151802063,0.10188331454992294,0.21850109100341797,0.025690501555800438,0.008517730049788952,0.16040149331092834,0.0533817894756794,0.19501641392707825,0.0862903818488121,0.05620204657316208,0.09411526471376419
65,SVK,Slovakia,2019,-2.091881036758423,-1.0237364768981934,5.274735450744629,2,0.11652449518442154,0.6888020634651184,0.11614179611206055,0.6969580054283142,0.3065413236618042,0.6831957697868347,-0.07310961931943893,0.6862524151802063,0.10188331454992294,0.21850109100341797,0.025690501555800438,0.008517730049788952,0.16040149331092834,0.0533817894756794,0.19501641392707825,0.0862903818488121,0.05620204657316208,0.09411526471376419
65,SVK,Slovakia,2020,-2.406219482421875,-1.0108648538589478,5.274735450744629,2,0.11652449518442154,0.6888020634651184,0.11614179611206055,0.6969580054283142,0.3065413236618042,0.6831957697868347,-0.07310961931943893,0.6862524151802063,0.10188331454992294,0.21850109100341797,0.025690501555800438,0.008517730049788952,0.16040149331092834,0.0533817894756794,0.19501641392707825,0.0862903818488121,0.05620204657316208,0.09411526471376419
65,SVK,Slovakia,2021,-2.1880667209625244,-1.0255974531173706,5.274735450744629,2,0.11652449518442154,0.6888020634651184,0.11614179611206055,0.6969580054283142,0.3065413236618042,0.6831957697868347,-0.07310961931943893,0.6862524151802063,0.10188331454992294,0.21850109100341797,0.025690501555800438,0.008517730049788952,0.16040149331092834,0.0533817894756794,0.19501641392707825,0.0862903818488121,0.05620204657316208,0.09411526471376419
65,SVK,Slovakia,2022,-2.8150081634521484,-1.0426675081253052,5.274735450744629,2,0.11652449518442154,0.6888020634651184,0.11614179611206055,0.6969580054283142,0.3065413236618042,0.6831957697868347,-0.07310961931943893,0.6862524151802063,0.10188331454992294,0.21850109100341797,0.025690501555800438,0.008517730049788952,0.16040149331092834,0.0533817894756794,0.19501641392707825,0.0862903818488121,0.05620204657316208,0.09411526471376419
65,SVK,Slovakia,2023,-3.482109785079956,-1.063794732093811,5.274735450744629,2,0.11652449518442154,0.6888020634651184,0.11614179611206055,0.6969580054283142,0.3065413236618042,0.6831957697868347,-0.07310961931943893,0.6862524151802063,0.10188331454992294,0.21850109100341797,0.025690501555800438,0.008517730049788952,0.16040149331092834,0.0533817894756794,0.19501641392707825,0.0862903818488121,0.05620204657316208,0.09411526471376419
66,SVN,Slovenia,2018,-4.337141990661621,0.2870616614818573,5.284370422363281,2,0.38642582297325134,0.7497379779815674,0.28950437903404236,0.7586154341697693,0.34630832076072693,0.7436357140541077,0.5234646797180176,0.7469627857208252,0.102049320936203,0.21753796935081482,0.025757288560271263,0.00848627369850874,0.15820620954036713,0.053907956928014755,0.19665972888469696,0.08592532575130463,0.057170283049345016,0.09429963678121567
66,SVN,Slovenia,2019,-4.712256908416748,0.030025210231542587,5.284370422363281,2,0.38642582297325134,0.7497379779815674,0.28950437903404236,0.7586154341697693,0.34630832076072693,0.7436357140541077,0.5234646797180176,0.7469627857208252,0.102049320936203,0.21753796935081482,0.025757288560271263,0.00848627369850874,0.15820620954036713,0.053907956928014755,0.19665972888469696,0.08592532575130463,0.057170283049345016,0.09429963678121567
66,SVN,Slovenia,2020,-6.15969705581665,-0.22159427404403687,5.284370422363281,2,0.38642582297325134,0.7497379779815674,0.28950437903404236,0.7586154341697693,0.34630832076072693,0.7436357140541077,0.5234646797180176,0.7469627857208252,0.102049320936203,0.21753796935081482,0.025757288560271263,0.00848627369850874,0.15820620954036713,0.053907956928014755,0.19665972888469696,0.08592532575130463,0.057170283049345016,0.09429963678121567
66,SVN,Slovenia,2021,-6.669349670410156,-0.46280309557914734,5.284370422363281,2,0.38642582297325134,0.7497379779815674,0.28950437903404236,0.7586154341697693,0.34630832076072693,0.7436357140541077,0.5234646797180176,0.7469627857208252,0.102049320936203,0.21753796935081482,0.025757288560271263,0.00848627369850874,0.15820620954036713,0.053907956928014755,0.19665972888469696,0.08592532575130463,0.057170283049345016,0.09429963678121567
66,SVN,Slovenia,2022,-7.458681583404541,-0.5903146862983704,5.284370422363281,2,0.38642582297325134,0.7497379779815674,0.28950437903404236,0.7586154341697693,0.34630832076072693,0.7436357140541077,0.5234646797180176,0.7469627857208252,0.102049320936203,0.21753796935081482,0.025757288560271263,0.00848627369850874,0.15820620954036713,0.053907956928014755,0.19665972888469696,0.08592532575130463,0.057170283049345016,0.09429963678121567
66,SVN,Slovenia,2023,-9.606645584106445,-0.6360856890678406,5.284370422363281,2,0.38642582297325134,0.7497379779815674,0.28950437903404236,0.7586154341697693,0.34630832076072693,0.7436357140541077,0.5234646797180176,0.7469627857208252,0.102049320936203,0.21753796935081482,0.025757288560271263,0.00848627369850874,0.15820620954036713,0.053907956928014755,0.19665972888469696,0.08592532575130463,0.057170283049345016,0.09429963678121567
67,SWE,Sweden,2018,-1.111396074295044,0.15167388319969177,5.3020243644714355,2,1.3480762243270874,0.8590676188468933,1.4301238059997559,0.8692395687103271,1.161694884300232,0.852075457572937,1.4524099826812744,0.8558877110481262,0.10234258323907852,0.21574874222278595,0.025882868096232414,0.008432014845311642,0.15425503253936768,0.05487624555826187,0.19962729513645172,0.08525007218122482,0.05896797403693199,0.09461713582277298
67,SWE,Sweden,2019,-1.153639554977417,0.207029789686203,5.3020243644714355,2,1.3480762243270874,0.8590676188468933,1.4301238059997559,0.8692395687103271,1.161694884300232,0.852075457572937,1.4524099826812744,0.8558877110481262,0.10234258323907852,0.21574874222278595,0.025882868096232414,0.008432014845311642,0.15425503253936768,0.05487624555826187,0.19962729513645172,0.08525007218122482,0.05896797403693199,0.09461713582277298
67,SWE,Sweden,2020,-1.5468288660049438,0.16802239418029785,5.3020243644714355,2,1.3480762243270874,0.8590676188468933,1.4301238059997559,0.8692395687103271,1.161694884300232,0.852075457572937,1.4524099826812744,0.8558877110481262,0.10234258323907852,0.21574874222278595,0.025882868096232414,0.008432014845311642,0.15425503253936768,0.05487624555826187,0.19962729513645172,0.08525007218122482,0.05896797403693199,0.09461713582277298
67,SWE,Sweden,2021,-1.2186294794082642,0.12479925155639648,5.3020243644714355,2,1.3480762243270874,0.8590676188468933,1.4301238059997559,0.8692395687103271,1.161694884300232,0.852075457572937,1.4524099826812744,0.8558877110481262,0.10234258323907852,0.21574874222278595,0.025882868096232414,0.008432014845311642,0.15425503253936768,0.05487624555826187,0.19962729513645172,0.08525007218122482,0.05896797403693199,0.09461713582277298
67,SWE,Sweden,2022,-1.295534372329712,0.1042114645242691,5.3020243644714355,2,1.3480762243270874,0.8590676188468933,1.4301238059997559,0.8692395687103271,1.161694884300232,0.852075457572937,1.4524099826812744,0.8558877110481262,0.10234258323907852,0.21574874222278595,0.025882868096232414,0.008432014845311642,0.15425503253936768,0.05487624555826187,0.19962729513645172,0.08525007218122482,0.05896797403693199,0.09461713582277298
67,SWE,Sweden,2023,-1.5739079713821411,0.06191148981451988,5.3020243644714355,2,1.3480762243270874,0.8590676188468933,1.4301238059997559,0.8692395687103271,1.161694884300232,0.852075457572937,1.4524099826812744,0.8558877110481262,0.10234258323907852,0.21574874222278595,0.025882868096232414,0.008432014845311642,0.15425503253936768,0.05487624555826187,0.19962729513645172,0.08525007218122482,0.05896797403693199,0.09461713582277298
68,THA,Thailand,2018,-6.279742240905762,-0.11268693208694458,5.189702987670898,2,-0.2564157247543335,0.10672760009765625,-0.22457081079483032,0.10799133777618408,-0.3106171190738678,0.1058589294552803,-0.23405922949314117,0.10633254796266556,0.1002458930015564,0.22654955089092255,0.025161689147353172,0.008855846710503101,0.1810329705476761,0.04881468415260315,0.1797102838754654,0.08939821273088455,0.04807061329483986,0.09216036647558212
68,THA,Thailand,2019,-7.279186248779297,0.2735751271247864,5.189702987670898,2,-0.2564157247543335,0.10672760009765625,-0.22457081079483032,0.10799133777618408,-0.3106171190738678,0.1058589294552803,-0.23405922949314117,0.10633254796266556,0.1002458930015564,0.22654955089092255,0.025161689147353172,0.008855846710503101,0.1810329705476761,0.04881468415260315,0.1797102838754654,0.08939821273088455,0.04807061329483986,0.09216036647558212
68,THA,Thailand,2020,-5.78999662399292,0.41161301732063293,5.189702987670898,2,-0.2564157247543335,0.10672760009765625,-0.22457081079483032,0.10799133777618408,-0.3106171190738678,0.1058589294552803,-0.23405922949314117,0.10633254796266556,0.1002458930015564,0.22654955089092255,0.025161689147353172,0.008855846710503101,0.1810329705476761,0.04881468415260315,0.1797102838754654,0.08939821273088455,0.04807061329483986,0.09216036647558212
68,THA,Thailand,2021,-6.593542575836182,0.4625750780105591,5.189702987670898,2,-0.2564157247543335,0.10672760009765625,-0.22457081079483032,0.10799133777618408,-0.3106171190738678,0.1058589294552803,-0.23405922949314117,0.10633254796266556,0.1002458930015564,0.22654955089092255,0.025161689147353172,0.008855846710503101,0.1810329705476761,0.04881468415260315,0.1797102838754654,0.08939821273088455,0.04807061329483986,0.09216036647558212
68,THA,Thailand,2022,-7.6401472091674805,0.4491100311279297,5.189702987670898,2,-0.2564157247543335,0.10672760009765625,-0.22457081079483032,0.10799133777618408,-0.3106171190738678,0.1058589294552803,-0.23405922949314117,0.10633254796266556,0.1002458930015564,0.22654955089092255,0.025161689147353172,0.008855846710503101,0.1810329705476761,0.04881468415260315,0.1797102838754654,0.08939821273088455,0.04807061329483986,0.09216036647558212
68,THA,Thailand,2023,-9.644476890563965,0.4191131293773651,5.189702987670898,2,-0.2564157247543335,0.10672760009765625,-0.22457081079483032,0.10799133777618408,-0.3106171190738678,0.1058589294552803,-0.23405922949314117,0.10633254796266556,0.1002458930015564,0.22654955089092255,0.025161689147353172,0.008855846710503101,0.1810329705476761,0.04881468415260315,0.1797102838754654,0.08939821273088455,0.04807061329483986,0.09216036647558212
69,TKM,Turkmenistan,2018,-0.8944293856620789,-0.8394351005554199,5.013660430908203,2,-2.006190538406372,-1.4670976400375366,-1.8531438112258911,-1.4844691753387451,-2.4522314071655273,-1.4551565647125244,-1.7131962776184082,-1.4616670608520508,0.09604478627443314,0.2403516173362732,0.024405546486377716,0.010022991336882114,0.2304583638906479,0.039860133081674576,0.14434270560741425,0.09490358084440231,0.03357856720685959,0.08603167533874512
69,TKM,Turkmenistan,2019,1.0794837474822998,-0.17994540929794312,5.013660430908203,2,-2.006190538406372,-1.4670976400375366,-1.8531438112258911,-1.4844691753387451,-2.4522314071655273,-1.4551565647125244,-1.7131962776184082,-1.4616670608520508,0.09604478627443314,0.2403516173362732,0.024405546486377716,0.010022991336882114,0.2304583638906479,0.039860133081674576,0.14434270560741425,0.09490358084440231,0.03357856720685959,0.08603167533874512
69,TKM,Turkmenistan,2020,1.1499806642532349,0.1416049301624298,5.013660430908203,2,-2.006190538406372,-1.4670976400375366,-1.8531438112258911,-1.4844691753387451,-2.4522314071655273,-1.4551565647125244,-1.7131962776184082,-1.4616670608520508,0.09604478627443314,0.2403516173362732,0.024405546486377716,0.010022991336882114,0.2304583638906479,0.039860133081674576,0.14434270560741425,0.09490358084440231,0.03357856720685959,0.08603167533874512
69,TKM,Turkmenistan,2021,-3.7143051624298096,0.3174445629119873,5.013660430908203,2,-2.006190538406372,-1.4670976400375366,-1.8531438112258911,-1.4844691753387451,-2.4522314071655273,-1.4551565647125244,-1.7131962776184082,-1.4616670608520508,0.09604478627443314,0.2403516173362732,0.024405546486377716,0.010022991336882114,0.2304583638906479,0.039860133081674576,0.14434270560741425,0.09490358084440231,0.03357856720685959,0.08603167533874512
69,TKM,Turkmenistan,2022,-2.6568517684936523,0.3893480896949768,5.013660430908203,2,-2.006190538406372,-1.4670976400375366,-1.8531438112258911,-1.4844691753387451,-2.4522314071655273,-1.4551565647125244,-1.7131962776184082,-1.4616670608520508,0.09604478627443314,0.2403516173362732,0.024405546486377716,0.010022991336882114,0.2304583638906479,0.039860133081674576,0.14434270560741425,0.09490358084440231,0.03357856720685959,0.08603167533874512
69,TKM,Turkmenistan,2023,-1.52890145778656,0.450816810131073,5.013660430908203,2,-2.006190538406372,-1.4670976400375366,-1.8531438112258911,-1.4844691753387451,-2.4522314071655273,-1.4551565647125244,-1.7131962776184082,-1.4616670608520508,0.09604478627443314,0.2403516173362732,0.024405546486377716,0.010022991336882114,0.2304583638906479,0.039860133081674576,0.14434270560741425,0.09490358084440231,0.03357856720685959,0.08603167533874512
70,TTO,Trinidad and Tobago,2018,1.318193793296814,0.6688512563705444,5.223076343536377,2,-0.04588906839489937,0.34535399079322815,-0.1480531096458435,0.349443256855011,0.11017729341983795,0.3425430953502655,-0.09979138523340225,0.34407567977905273,0.10092364251613617,0.22349190711975098,0.02535526640713215,0.00870972778648138,0.1726573407649994,0.050589948892593384,0.1859021931886673,0.08820326626300812,0.0511709526181221,0.092995785176754
70,TTO,Trinidad and Tobago,2019,1.3760409355163574,0.6163101196289062,5.223076343536377,2,-0.04588906839489937,0.34535399079322815,-0.1480531096458435,0.349443256855011,0.11017729341983795,0.3425430953502655,-0.09979138523340225,0.34407567977905273,0.10092364251613617,0.22349190711975098,0.02535526640713215,0.00870972778648138,0.1726573407649994,0.050589948892593384,0.1859021931886673,0.08820326626300812,0.0511709526181221,0.092995785176754
70,TTO,Trinidad and Tobago,2020,1.318193793296814,0.5563812851905823,5.223076343536377,2,-0.04588906839489937,0.34535399079322815,-0.1480531096458435,0.349443256855011,0.11017729341983795,0.3425430953502655,-0.09979138523340225,0.34407567977905273,0.10092364251613617,0.22349190711975098,0.02535526640713215,0.00870972778648138,0.1726573407649994,0.050589948892593384,0.1859021931886673,0.08820326626300812,0.0511709526181221,0.092995785176754
70,TTO,Trinidad and Tobago,2021,1.665277123451233,0.4821194112300873,5.223076343536377,2,-0.04588906839489937,0.34535399079322815,-0.1480531096458435,0.349443256855011,0.11017729341983795,0.3425430953502655,-0.09979138523340225,0.34407567977905273,0.10092364251613617,0.22349190711975098,0.02535526640713215,0.00870972778648138,0.1726573407649994,0.050589948892593384,0.1859021931886673,0.08820326626300812,0.0511709526181221,0.092995785176754
70,TTO,Trinidad and Tobago,2022,2.058638334274292,0.42175716161727905,5.223076343536377,2,-0.04588906839489937,0.34535399079322815,-0.1480531096458435,0.349443256855011,0.11017729341983795,0.3425430953502655,-0.09979138523340225,0.34407567977905273,0.10092364251613617,0.22349190711975098,0.02535526640713215,0.00870972778648138,0.1726573407649994,0.050589948892593384,0.1859021931886673,0.08820326626300812,0.0511709526181221,0.092995785176754
70,TTO,Trinidad and Tobago,2023,2.058638334274292,0.377035528421402,5.223076343536377,2,-0.04588906839489937,0.34535399079322815,-0.1480531096458435,0.349443256855011,0.11017729341983795,0.3425430953502655,-0.09979138523340225,0.34407567977905273,0.10092364251613617,0.22349190711975098,0.02535526640713215,0.00870972778648138,0.1726573407649994,0.050589948892593384,0.1859021931886673,0.08820326626300812,0.0511709526181221,0.092995785176754
71,TUR,Turkey,2018,-0.10262159258127213,-0.26180586218833923,5.145709037780762,2,-0.3568929135799408,-0.23141758143901825,-0.3960716426372528,-0.2341577410697937,-0.2856121361255646,-0.22953401505947113,-0.3889949917793274,-0.23056097328662872,0.09928835183382034,0.23037105798721313,0.024932073429226875,0.009078952483832836,0.1925976574420929,0.04651056230068207,0.17123889923095703,0.09091107547283173,0.044160038232803345,0.0909113883972168
71,TUR,Turkey,2019,-1.772402048110962,0.30429890751838684,5.145709037780762,2,-0.3568929135799408,-0.23141758143901825,-0.3960716426372528,-0.2341577410697937,-0.2856121361255646,-0.22953401505947113,-0.3889949917793274,-0.23056097328662872,0.09928835183382034,0.23037105798721313,0.024932073429226875,0.009078952483832836,0.1925976574420929,0.04651056230068207,0.17123889923095703,0.09091107547283173,0.044160038232803345,0.0909113883972168
71,TUR,Turkey,2020,-1.959740161895752,0.5686884522438049,5.145709037780762,2,-0.3568929135799408,-0.23141758143901825,-0.3960716426372528,-0.2341577410697937,-0.2856121361255646,-0.22953401505947113,-0.3889949917793274,-0.23056097328662872,0.09928835183382034,0.23037105798721313,0.024932073429226875,0.009078952483832836,0.1925976574420929,0.04651056230068207,0.17123889923095703,0.09091107547283173,0.044160038232803345,0.0909113883972168
71,TUR,Turkey,2021,-1.391783356666565,0.6334735155105591,5.145709037780762,2,-0.3568929135799408,-0.23141758143901825,-0.3960716426372528,-0.2341577410697937,-0.2856121361255646,-0.22953401505947113,-0.3889949917793274,-0.23056097328662872,0.09928835183382034,0.23037105798721313,0.024932073429226875,0.009078952483832836,0.1925976574420929,0.04651056230068207,0.17123889923095703,0.09091107547283173,0.044160038232803345,0.0909113883972168
71,TUR,Turkey,2022,-1.788352370262146,0.6737078428268433,5.145709037780762,2,-0.3568929135799408,-0.23141758143901825,-0.3960716426372528,-0.2341577410697937,-0.2856121361255646,-0.22953401505947113,-0.3889949917793274,-0.23056097328662872,0.09928835183382034,0.23037105798721313,0.024932073429226875,0.009078952483832836,0.1925976574420929,0.04651056230068207,0.17123889923095703,0.09091107547283173,0.044160038232803345,0.0909113883972168
71,TUR,Turkey,2023,-1.6069564819335938,0.6789242029190063,5.145709037780762,2,-0.3568929135799408,-0.23141758143901825,-0.3960716426372528,-0.2341577410697937,-0.2856121361255646,-0.22953401505947113,-0.3889949917793274,-0.23056097328662872,0.09928835183382034,0.23037105798721313,0.024932073429226875,0.009078952483832836,0.1925976574420929,0.04651056230068207,0.17123889923095703,0.09091107547283173,0.044160038232803345,0.0909113883972168
72,UKR,Ukraine,2018,-3.635014295578003,-0.12801550328731537,5.026454448699951,2,-1.2346214056015015,-1.3282585144042969,-1.3236093521118164,-1.3439861536026,-1.1485481262207031,-1.317447543144226,-1.2317067384719849,-1.323341965675354,0.09638313204050064,0.23949205875396729,0.02444414421916008,0.009909147396683693,0.22657635807991028,0.04048755392432213,0.1470402628183365,0.0945562794804573,0.03453081473708153,0.08658017218112946
72,UKR,Ukraine,2019,-4.1212358474731445,0.6043745875358582,5.026454448699951,2,-1.2346214056015015,-1.3282585144042969,-1.3236093521118164,-1.3439861536026,-1.1485481262207031,-1.317447543144226,-1.2317067384719849,-1.323341965675354,0.09638313204050064,0.23949205875396729,0.02444414421916008,0.009909147396683693,0.22657635807991028,0.04048755392432213,0.1470402628183365,0.0945562794804573,0.03453081473708153,0.08658017218112946
72,UKR,Ukraine,2020,-5.126094341278076,0.8671101331710815,5.026454448699951,2,-1.2346214056015015,-1.3282585144042969,-1.3236093521118164,-1.3439861536026,-1.1485481262207031,-1.317447543144226,-1.2317067384719849,-1.323341965675354,0.09638313204050064,0.23949205875396729,0.02444414421916008,0.009909147396683693,0.22657635807991028,0.04048755392432213,0.1470402628183365,0.0945562794804573,0.03453081473708153,0.08658017218112946
72,UKR,Ukraine,2021,-7.988569259643555,1.0714935064315796,5.026454448699951,2,-1.2346214056015015,-1.3282585144042969,-1.3236093521118164,-1.3439861536026,-1.1485481262207031,-1.317447543144226,-1.2317067384719849,-1.323341965675354,0.09638313204050064,0.23949205875396729,0.02444414421916008,0.009909147396683693,0.22657635807991028,0.04048755392432213,0.1470402628183365,0.0945562794804573,0.03453081473708153,0.08658017218112946
72,UKR,Ukraine,2022,-9.796317100524902,1.1104170083999634,5.026454448699951,2,-1.2346214056015015,-1.3282585144042969,-1.3236093521118164,-1.3439861536026,-1.1485481262207031,-1.317447543144226,-1.2317067384719849,-1.323341965675354,0.09638313204050064,0.23949205875396729,0.02444414421916008,0.009909147396683693,0.22657635807991028,0.04048755392432213,0.1470402628183365,0.0945562794804573,0.03453081473708153,0.08658017218112946
72,UKR,Ukraine,2023,-9.796317100524902,1.1739271879196167,5.026454448699951,2,-1.2346214056015015,-1.3282585144042969,-1.3236093521118164,-1.3439861536026,-1.1485481262207031,-1.317447543144226,-1.2317067384719849,-1.323341965675354,0.09638313204050064,0.23949205875396729,0.02444414421916008,0.009909147396683693,0.22657635807991028,0.04048755392432213,0.1470402628183365,0.0945562794804573,0.03453081473708153,0.08658017218112946
73,USA,United States,2018,-7.697317123413086,-0.0261974073946476,5.302804470062256,2,1.167035460472107,0.863833487033844,1.1881818771362305,0.8740619421005249,1.1316249370574951,0.8568025827407837,1.1812996864318848,0.8606359958648682,0.1023552268743515,0.2156689614057541,0.025888511911034584,0.008429714478552341,0.15408247709274292,0.05491917207837105,0.1997571438550949,0.08522003889083862,0.059048138558864594,0.09463056176900864
73,USA,United States,2019,-9.035722732543945,-0.27118319272994995,5.302804470062256,2,1.167035460472107,0.863833487033844,1.1881818771362305,0.8740619421005249,1.1316249370574951,0.8568025827407837,1.1812996864318848,0.8606359958648682,0.1023552268743515,0.2156689614057541,0.025888511911034584,0.008429714478552341,0.15408247709274292,0.05491917207837105,0.1997571438550949,0.08522003889083862,0.059048138558864594,0.09463056176900864
73,USA,United States,2020,-10.637649536132812,-0.6233330965042114,5.302804470062256,2,1.167035460472107,0.863833487033844,1.1881818771362305,0.8740619421005249,1.1316249370574951,0.8568025827407837,1.1812996864318848,0.8606359958648682,0.1023552268743515,0.2156689614057541,0.025888511911034584,0.008429714478552341,0.15408247709274292,0.05491917207837105,0.1997571438550949,0.08522003889083862,0.059048138558864594,0.09463056176900864
73,USA,United States,2021,-9.941286087036133,-0.9191405177116394,5.302804470062256,2,1.167035460472107,0.863833487033844,1.1881818771362305,0.8740619421005249,1.1316249370574951,0.8568025827407837,1.1812996864318848,0.8606359958648682,0.1023552268743515,0.2156689614057541,0.025888511911034584,0.008429714478552341,0.15408247709274292,0.05491917207837105,0.1997571438550949,0.08522003889083862,0.059048138558864594,0.09463056176900864
73,USA,United States,2022,-10.715087890625,-1.1389464139938354,5.302804470062256,2,1.167035460472107,0.863833487033844,1.1881818771362305,0.8740619421005249,1.1316249370574951,0.8568025827407837,1.1812996864318848,0.8606359958648682,0.1023552268743515,0.2156689614057541,0.025888511911034584,0.008429714478552341,0.15408247709274292,0.05491917207837105,0.1997571438550949,0.08522003889083862,0.059048138558864594,0.09463056176900864
73,USA,United States,2023,-11.726405143737793,-1.2766762971878052,5.302804470062256,2,1.167035460472107,0.863833487033844,1.1881818771362305,0.8740619421005249,1.1316249370574951,0.8568025827407837,1.1812996864318848,0.8606359958648682,0.1023552268743515,0.2156689614057541,0.025888511911034584,0.008429714478552341,0.15408247709274292,0.05491917207837105,0.1997571438550949,0.08522003889083862,0.059048138558864594,0.09463056176900864
74,UZB,Uzbekistan,2018,1.4206937551498413,-0.04020402207970619,5.018469333648682,2,-1.8003510236740112,-1.4143128395080566,-1.597791075706482,-1.4310593605041504,-2.1902878284454346,-1.402801513671875,-1.6129741668701172,-1.409077763557434,0.09617257118225098,0.24003154039382935,0.024419700726866722,0.00997952651232481,0.2289937138557434,0.040095530450344086,0.14535880088806152,0.09477414935827255,0.03393469378352165,0.0862397700548172
74,UZB,Uzbekistan,2019,0.9323561787605286,0.43890687823295593,5.018469333648682,2,-1.8003510236740112,-1.4143128395080566,-1.597791075706482,-1.4310593605041504,-2.1902878284454346,-1.402801513671875,-1.6129741668701172,-1.409077763557434,0.09617257118225098,0.24003154039382935,0.024419700726866722,0.00997952651232481,0.2289937138557434,0.040095530450344086,0.14535880088806152,0.09477414935827255,0.03393469378352165,0.0862397700548172
74,UZB,Uzbekistan,2020,1.6637600660324097,0.6357867121696472,5.018469333648682,2,-1.8003510236740112,-1.4143128395080566,-1.597791075706482,-1.4310593605041504,-2.1902878284454346,-1.402801513671875,-1.6129741668701172,-1.409077763557434,0.09617257118225098,0.24003154039382935,0.024419700726866722,0.00997952651232481,0.2289937138557434,0.040095530450344086,0.14535880088806152,0.09477414935827255,0.03393469378352165,0.0862397700548172
74,UZB,Uzbekistan,2021,1.6973286867141724,0.7123384475708008,5.018469333648682,2,-1.8003510236740112,-1.4143128395080566,-1.597791075706482,-1.4310593605041504,-2.1902878284454346,-1.402801513671875,-1.6129741668701172,-1.409077763557434,0.09617257118225098,0.24003154039382935,0.024419700726866722,0.00997952651232481,0.2289937138557434,0.040095530450344086,0.14535880088806152,0.09477414935827255,0.03393469378352165,0.0862397700548172
74,UZB,Uzbekistan,2022,0.9835667014122009,0.6980280876159668,5.018469333648682,2,-1.8003510236740112,-1.4143128395080566,-1.597791075706482,-1.4310593605041504,-2.1902878284454346,-1.402801513671875,-1.6129741668701172,-1.409077763557434,0.09617257118225098,0.24003154039382935,0.024419700726866722,0.00997952651232481,0.2289937138557434,0.040095530450344086,0.14535880088806152,0.09477414935827255,0.03393469378352165,0.0862397700548172
74,UZB,Uzbekistan,2023,0.9794012308120728,0.6670940518379211,5.018469333648682,2,-1.8003510236740112,-1.4143128395080566,-1.597791075706482,-1.4310593605041504,-2.1902878284454346,-1.402801513671875,-1.6129741668701172,-1.409077763557434,0.09617257118225098,0.24003154039382935,0.024419700726866722,0.00997952651232481,0.2289937138557434,0.040095530450344086,0.14535880088806152,0.09477414935827255,0.03393469378352165,0.0862397700548172
75,VEN,Venezuela,2018,4.365685939788818,-0.7731337547302246,5.025381565093994,2,-1.5081526041030884,-1.3397136926651,-1.3741530179977417,-1.355576992034912,-1.5062425136566162,-1.3288094997406006,-1.6440623998641968,-1.3347547054290771,0.09635494649410248,0.2395651638507843,0.024440793320536613,0.00991848111152649,0.22690029442310333,0.04043477773666382,0.14681465923786163,0.09458579123020172,0.034450337290763855,0.0865347757935524
75,VEN,Venezuela,2019,4.361935615539551,-0.43690648674964905,5.025381565093994,2,-1.5081526041030884,-1.3397136926651,-1.3741530179977417,-1.355576992034912,-1.5062425136566162,-1.3288094997406006,-1.6440623998641968,-1.3347547054290771,0.09635494649410248,0.2395651638507843,0.024440793320536613,0.00991848111152649,0.22690029442310333,0.04043477773666382,0.14681465923786163,0.09458579123020172,0.034450337290763855,0.0865347757935524
75,VEN,Venezuela,2020,-2.0265071392059326,-0.36776161193847656,5.025381565093994,2,-1.5081526041030884,-1.3397136926651,-1.3741530179977417,-1.355576992034912,-1.5062425136566162,-1.3288094997406006,-1.6440623998641968,-1.3347547054290771,0.09635494649410248,0.2395651638507843,0.024440793320536613,0.00991848111152649,0.22690029442310333,0.04043477773666382,0.14681465923786163,0.09458579123020172,0.034450337290763855,0.0865347757935524
75,VEN,Venezuela,2021,-2.5107500553131104,-0.4128778576850891,5.025381565093994,2,-1.5081526041030884,-1.3397136926651,-1.3741530179977417,-1.355576992034912,-1.5062425136566162,-1.3288094997406006,-1.6440623998641968,-1.3347547054290771,0.09635494649410248,0.2395651638507843,0.024440793320536613,0.00991848111152649,0.22690029442310333,0.04043477773666382,0.14681465923786163,0.09458579123020172,0.034450337290763855,0.0865347757935524
75,VEN,Venezuela,2022,-2.220579147338867,-0.4808807671070099,5.025381565093994,2,-1.5081526041030884,-1.3397136926651,-1.3741530179977417,-1.355576992034912,-1.5062425136566162,-1.3288094997406006,-1.6440623998641968,-1.3347547054290771,0.09635494649410248,0.2395651638507843,0.024440793320536613,0.00991848111152649,0.22690029442310333,0.04043477773666382,0.14681465923786163,0.09458579123020172,0.034450337290763855,0.0865347757935524
75,VEN,Venezuela,2023,-2.2290172576904297,-0.4522360861301422,5.025381565093994,2,-1.5081526041030884,-1.3397136926651,-1.3741530179977417,-1.355576992034912,-1.5062425136566162,-1.3288094997406006,-1.6440623998641968,-1.3347547054290771,0.09635494649410248,0.2395651638507843,0.024440793320536613,0.00991848111152649,0.22690029442310333,0.04043477773666382,0.14681465923786163,0.09458579123020172,0.034450337290763855,0.0865347757935524
76,VNM,Vietnam,2018,1.8500128984451294,0.04090287908911705,5.045572280883789,2,-1.0041168928146362,-1.1298683881759644,-0.9023603796958923,-1.1432468891143799,-1.090646505355835,-1.1206721067428589,-1.0193438529968262,-1.1256860494613647,0.09687915444374084,0.2381620556116104,0.024507364258170128,0.009749320335686207,0.22086291015148163,0.04143182188272476,0.15103529393672943,0.09402057528495789,0.03598228842020035,0.08736918121576309
76,VNM,Vietnam,2019,3.117563009262085,0.8426263332366943,5.045572280883789,2,-1.0041168928146362,-1.1298683881759644,-0.9023603796958923,-1.1432468891143799,-1.090646505355835,-1.1206721067428589,-1.0193438529968262,-1.1256860494613647,0.09687915444374084,0.2381620556116104,0.024507364258170128,0.009749320335686207,0.22086291015148163,0.04143182188272476,0.15103529393672943,0.09402057528495789,0.03598228842020035,0.08736918121576309
76,VNM,Vietnam,2020,2.663336753845215,1.1355030536651611,5.045572280883789,2,-1.0041168928146362,-1.1298683881759644,-0.9023603796958923,-1.1432468891143799,-1.090646505355835,-1.1206721067428589,-1.0193438529968262,-1.1256860494613647,0.09687915444374084,0.2381620556116104,0.024507364258170128,0.009749320335686207,0.22086291015148163,0.04143182188272476,0.15103529393672943,0.09402057528495789,0.03598228842020035,0.08736918121576309
76,VNM,Vietnam,2021,1.7106215953826904,1.2988795042037964,5.045572280883789,2,-1.0041168928146362,-1.1298683881759644,-0.9023603796958923,-1.1432468891143799,-1.090646505355835,-1.1206721067428589,-1.0193438529968262,-1.1256860494613647,0.09687915444374084,0.2381620556116104,0.024507364258170128,0.009749320335686207,0.22086291015148163,0.04143182188272476,0.15103529393672943,0.09402057528495789,0.03598228842020035,0.08736918121576309
76,VNM,Vietnam,2022,0.6460008025169373,1.4212250709533691,5.045572280883789,2,-1.0041168928146362,-1.1298683881759644,-0.9023603796958923,-1.1432468891143799,-1.090646505355835,-1.1206721067428589,-1.0193438529968262,-1.1256860494613647,0.09687915444374084,0.2381620556116104,0.024507364258170128,0.009749320335686207,0.22086291015148163,0.04143182188272476,0.15103529393672943,0.09402057528495789,0.03598228842020035,0.08736918121576309
76,VNM,Vietnam,2023,1.6631464958190918,1.484502911567688,5.045572280883789,2,-1.0041168928146362,-1.1298683881759644,-0.9023603796958923,-1.1432468891143799,-1.090646505355835,-1.1206721067428589,-1.0193438529968262,-1.1256860494613647,0.09687915444374084,0.2381620556116104,0.024507364258170128,0.009749320335686207,0.22086291015148163,0.04143182188272476,0.15103529393672943,0.09402057528495789,0.03598228842020035,0.08736918121576309
77,ZAF,South Africa,2018,-6.3950324058532715,0.5247728228569031,5.237850189208984,2,-0.0641661062836647,0.4465712010860443,-0.015326484106481075,0.4518589377403259,0.13372927904129028,0.4429364502429962,-0.31090110540390015,0.4449181854724884,0.10120914876461029,0.22209532558918,0.025446845218539238,0.008650759235024452,0.16906698048114777,0.05138286203145981,0.18856605887413025,0.08766381442546844,0.05258078873157501,0.09333746880292892
77,ZAF,South Africa,2019,-8.257451057434082,0.7559661269187927,5.237850189208984,2,-0.0641661062836647,0.4465712010860443,-0.015326484106481075,0.4518589377403259,0.13372927904129028,0.4429364502429962,-0.31090110540390015,0.4449181854724884,0.10120914876461029,0.22209532558918,0.025446845218539238,0.008650759235024452,0.16906698048114777,0.05138286203145981,0.18856605887413025,0.08766381442546844,0.05258078873157501,0.09333746880292892
77,ZAF,South Africa,2020,-7.980379581451416,0.8074705004692078,5.237850189208984,2,-0.0641661062836647,0.4465712010860443,-0.015326484106481075,0.4518589377403259,0.13372927904129028,0.4429364502429962,-0.31090110540390015,0.4449181854724884,0.10120914876461029,0.22209532558918,0.025446845218539238,0.008650759235024452,0.16906698048114777,0.05138286203145981,0.18856605887413025,0.08766381442546844,0.05258078873157501,0.09333746880292892
77,ZAF,South Africa,2021,-12.659340858459473,0.8768057823181152,5.237850189208984,2,-0.0641661062836647,0.4465712010860443,-0.015326484106481075,0.4518589377403259,0.13372927904129028,0.4429364502429962,-0.31090110540390015,0.4449181854724884,0.10120914876461029,0.22209532558918,0.025446845218539238,0.008650759235024452,0.16906698048114777,0.05138286203145981,0.18856605887413025,0.08766381442546844,0.05258078873157501,0.09333746880292892
77,ZAF,South Africa,2022,-15.694624900817871,0.8251437544822693,5.237850189208984,2,-0.0641661062836647,0.4465712010860443,-0.015326484106481075,0.4518589377403259,0.13372927904129028,0.4429364502429962,-0.31090110540390015,0.4449181854724884,0.10120914876461029,0.22209532558918,0.025446845218539238,0.008650759235024452,0.16906698048114777,0.05138286203145981,0.18856605887413025,0.08766381442546844,0.05258078873157501,0.09333746880292892
77,ZAF,South Africa,2023,-19.3819637298584,0.8118211030960083,5.237850189208984,2,-0.0641661062836647,0.4465712010860443,-0.015326484106481075,0.4518589377403259,0.13372927904129028,0.4429364502429962,-0.31090110540390015,0.4449181854724884,0.10120914876461029,0.22209532558918,0.025446845218539238,0.008650759235024452,0.16906698048114777,0.05138286203145981,0.18856605887413025,0.08766381442546844,0.05258078873157501,0.09333746880292892
