entity_id,entity_code,entity_name,year,y_true,y_pred,posthoc_k_star,lag_profile_peak,proxy_signal_true,proxy_1_true,proxy_2_true,proxy_3_true,lag_profile_1,lag_profile_2,lag_profile_3,lag_profile_4,lag_profile_5,lag_profile_6,lag_profile_7,lag_profile_8,lag_profile_9,lag_profile_10
0,ARE,United Arab Emirates,2018,-77.53056335449219,-0.15674501657485962,5.5,1,0.18880443274974823,0.332748681306839,0.2764120101928711,-0.042747389525175095,0.10000000149011612,0.10000000149011612,0.10000000149011612,0.10000000149011612,0.10000000149011612,0.10000000149011612,0.10000000149011612,0.10000000149011612,0.10000000149011612,0.10000000149011612
0,ARE,United Arab Emirates,2019,-233.2926788330078,-0.2190866470336914,5.5,1,0.18880443274974823,0.332748681306839,0.2764120101928711,-0.042747389525175095,0.10000000149011612,0.10000000149011612,0.10000000149011612,0.10000000149011612,0.10000000149011612,0.10000000149011612,0.10000000149011612,0.10000000149011612,0.10000000149011612,0.10000000149011612
0,ARE,United Arab Emirates,2020,-435.1805725097656,-0.18441790342330933,5.5,1,0.18880443274974823,0.332748681306839,0.2764120101928711,-0.042747389525175095,0.10000000149011612,0.10000000149011612,0.10000000149011612,0.10000000149011612,0.10000000149011612,0.10000000149011612,0.10000000149011612,0.10000000149011612,0.10000000149011612,0.10000000149011612
0,ARE,United Arab Emirates,2021,-1001.4480590820312,-0.1781775951385498,5.5,1,0.18880443274974823,0.332748681306839,0.2764120101928711,-0.042747389525175095,0.10000000149011612,0.10000000149011612,0.10000000149011612,0.10000000149011612,0.10000000149011612,0.10000000149011612,0.10000000149011612,0.10000000149011612,0.10000000149011612,0.10000000149011612
0,ARE,United Arab Emirates,2022,-1657.7239990234375,-0.1607668697834015,5.5,1,0.18880443274974823,0.332748681306839,0.2764120101928711,-0.042747389525175095,0.10000000149011612,0.10000000149011612,0.10000000149011612,0.10000000149011612,0.10000000149011612,0.10000000149011612,0.10000000149011612,0.10000000149011612,0.10000000149011612,0.10000000149011612
0,ARE,United Arab Emirates,2023,-2705.017333984375,-0.13511019945144653,5.5,1,0.18880443274974823,0.332748681306839,0.2764120101928711,-0.042747389525175095,0.10000000149011612,0.10000000149011612,0.10000000149011612,0.10000000149011612,0.10000000149011612,0.10000000149011612,0.10000000149011612,0.10000000149011612,0.10000000149011612,0.10000000149011612
1,ARG,Argentina,2018,1.6428788900375366,0.2809518277645111,5.259493827819824,5,-0.6909387707710266,-0.40908560156822205,-0.8905236124992371,-0.7732071280479431,0.06922933459281921,0.10106392949819565,0.09386884421110153,0.1321289986371994,0.1428300142288208,0.13708357512950897,0.11472684144973755,0.09193877875804901,0.06853277236223221,0.04859697446227074
1,ARG,Argentina,2019,1.1453611850738525,0.21140801906585693,5.259493827819824,5,-0.6909387707710266,-0.40908560156822205,-0.8905236124992371,-0.7732071280479431,0.06922933459281921,0.10106392949819565,0.09386884421110153,0.1321289986371994,0.1428300142288208,0.13708357512950897,0.11472684144973755,0.09193877875804901,0.06853277236223221,0.04859697446227074
1,ARG,Argentina,2020,1.0582135915756226,0.034445665776729584,5.259493827819824,5,-0.6909387707710266,-0.40908560156822205,-0.8905236124992371,-0.7732071280479431,0.06922933459281921,0.10106392949819565,0.09386884421110153,0.1321289986371994,0.1428300142288208,0.13708357512950897,0.11472684144973755,0.09193877875804901,0.06853277236223221,0.04859697446227074
1,ARG,Argentina,2021,1.4250097274780273,-0.20022186636924744,5.259493827819824,5,-0.6909387707710266,-0.40908560156822205,-0.8905236124992371,-0.7732071280479431,0.06922933459281921,0.10106392949819565,0.09386884421110153,0.1321289986371994,0.1428300142288208,0.13708357512950897,0.11472684144973755,0.09193877875804901,0.06853277236223221,0.04859697446227074
1,ARG,Argentina,2022,0.9982249736785889,-0.013818658888339996,5.259493827819824,5,-0.6909387707710266,-0.40908560156822205,-0.8905236124992371,-0.7732071280479431,0.06922933459281921,0.10106392949819565,0.09386884421110153,0.1321289986371994,0.1428300142288208,0.13708357512950897,0.11472684144973755,0.09193877875804901,0.06853277236223221,0.04859697446227074
1,ARG,Argentina,2023,-0.24900130927562714,-0.40250644087791443,5.259493827819824,5,-0.6909387707710266,-0.40908560156822205,-0.8905236124992371,-0.7732071280479431,0.06922933459281921,0.10106392949819565,0.09386884421110153,0.1321289986371994,0.1428300142288208,0.13708357512950897,0.11472684144973755,0.09193877875804901,0.06853277236223221,0.04859697446227074
2,AUS,Australia,2018,-7.367125034332275,-0.4904434382915497,5.5,1,1.25566828250885,1.2781401872634888,1.1565734148025513,1.3322911262512207,0.10000000149011612,0.10000000149011612,0.10000000149011612,0.10000000149011612,0.10000000149011612,0.10000000149011612,0.10000000149011612,0.10000000149011612,0.10000000149011612,0.10000000149011612
2,AUS,Australia,2019,-8.657783508300781,-0.47512367367744446,5.5,1,1.25566828250885,1.2781401872634888,1.1565734148025513,1.3322911262512207,0.10000000149011612,0.10000000149011612,0.10000000149011612,0.10000000149011612,0.10000000149011612,0.10000000149011612,0.10000000149011612,0.10000000149011612,0.10000000149011612,0.10000000149011612
2,AUS,Australia,2020,-10.614906311035156,-0.3870908319950104,5.5,1,1.25566828250885,1.2781401872634888,1.1565734148025513,1.3322911262512207,0.10000000149011612,0.10000000149011612,0.10000000149011612,0.10000000149011612,0.10000000149011612,0.10000000149011612,0.10000000149011612,0.10000000149011612,0.10000000149011612,0.10000000149011612
2,AUS,Australia,2021,-13.180018424987793,-0.2955532371997833,5.5,1,1.25566828250885,1.2781401872634888,1.1565734148025513,1.3322911262512207,0.10000000149011612,0.10000000149011612,0.10000000149011612,0.10000000149011612,0.10000000149011612,0.10000000149011612,0.10000000149011612,0.10000000149011612,0.10000000149011612,0.10000000149011612
2,AUS,Australia,2022,-15.15616226196289,-0.2575533092021942,5.5,1,1.25566828250885,1.2781401872634888,1.1565734148025513,1.3322911262512207,0.10000000149011612,0.10000000149011612,0.10000000149011612,0.10000000149011612,0.10000000149011612,0.10000000149011612,0.10000000149011612,0.10000000149011612,0.10000000149011612,0.10000000149011612
2,AUS,Australia,2023,-16.646900177001953,-0.22497627139091492,5.5,1,1.25566828250885,1.2781401872634888,1.1565734148025513,1.3322911262512207,0.10000000149011612,0.10000000149011612,0.10000000149011612,0.10000000149011612,0.10000000149011612,0.10000000149011612,0.10000000149011612,0.10000000149011612,0.10000000149011612,0.10000000149011612
3,AUT,Austria,2018,-3.331990957260132,-0.2765602469444275,1.0,1,1.3129711151123047,1.3305449485778809,1.1512476205825806,1.4571207761764526,1.0,0.0,0.0,0.0,0.0,0.0,0.0,0.0,0.0,0.0
3,AUT,Austria,2019,-3.5629565715789795,-0.3951248526573181,1.0,1,1.3129711151123047,1.3305449485778809,1.1512476205825806,1.4571207761764526,1.0,0.0,0.0,0.0,0.0,0.0,0.0,0.0,0.0,0.0
3,AUT,Austria,2020,-4.44062614440918,-0.4021875262260437,1.0,1,1.3129711151123047,1.3305449485778809,1.1512476205825806,1.4571207761764526,1.0,0.0,0.0,0.0,0.0,0.0,0.0,0.0,0.0,0.0
3,AUT,Austria,2021,-4.349145412445068,-0.3551695942878723,1.0,1,1.3129711151123047,1.3305449485778809,1.1512476205825806,1.4571207761764526,1.0,0.0,0.0,0.0,0.0,0.0,0.0,0.0,0.0,0.0
3,AUT,Austria,2022,-4.098706245422363,-0.3464225232601166,1.0,1,1.3129711151123047,1.3305449485778809,1.1512476205825806,1.4571207761764526,1.0,0.0,0.0,0.0,0.0,0.0,0.0,0.0,0.0,0.0
3,AUT,Austria,2023,-5.443741798400879,-0.33235451579093933,1.0,1,1.3129711151123047,1.3305449485778809,1.1512476205825806,1.4571207761764526,1.0,0.0,0.0,0.0,0.0,0.0,0.0,0.0,0.0,0.0
4,AZE,Azerbaijan,2018,3.094372272491455,0.5206428170204163,3.5389459133148193,1,-1.294363021850586,-1.4495718479156494,-1.172594428062439,-1.2609230279922485,0.20520059764385223,0.18734610080718994,0.18249787390232086,0.15207073092460632,0.09415622055530548,0.051248908042907715,0.05238917097449303,0.03457317873835564,0.02347968891263008,0.017037533223628998
4,AZE,Azerbaijan,2019,3.558119297027588,0.5491174459457397,3.5389459133148193,1,-1.294363021850586,-1.4495718479156494,-1.172594428062439,-1.2609230279922485,0.20520059764385223,0.18734610080718994,0.18249787390232086,0.15207073092460632,0.09415622055530548,0.051248908042907715,0.05238917097449303,0.03457317873835564,0.02347968891263008,0.017037533223628998
4,AZE,Azerbaijan,2020,4.490204811096191,0.5292716026306152,3.5389459133148193,1,-1.294363021850586,-1.4495718479156494,-1.172594428062439,-1.2609230279922485,0.20520059764385223,0.18734610080718994,0.18249787390232086,0.15207073092460632,0.09415622055530548,0.051248908042907715,0.05238917097449303,0.03457317873835564,0.02347968891263008,0.017037533223628998
4,AZE,Azerbaijan,2021,4.194814682006836,0.5276362299919128,3.5389459133148193,1,-1.294363021850586,-1.4495718479156494,-1.172594428062439,-1.2609230279922485,0.20520059764385223,0.18734610080718994,0.18249787390232086,0.15207073092460632,0.09415622055530548,0.051248908042907715,0.05238917097449303,0.03457317873835564,0.02347968891263008,0.017037533223628998
4,AZE,Azerbaijan,2022,3.8313167095184326,0.4635835886001587,3.5389459133148193,1,-1.294363021850586,-1.4495718479156494,-1.172594428062439,-1.2609230279922485,0.20520059764385223,0.18734610080718994,0.18249787390232086,0.15207073092460632,0.09415622055530548,0.051248908042907715,0.05238917097449303,0.03457317873835564,0.02347968891263008,0.017037533223628998
4,AZE,Azerbaijan,2023,3.7241804599761963,0.4082975387573242,3.5389459133148193,1,-1.294363021850586,-1.4495718479156494,-1.172594428062439,-1.2609230279922485,0.20520059764385223,0.18734610080718994,0.18249787390232086,0.15207073092460632,0.09415622055530548,0.051248908042907715,0.05238917097449303,0.03457317873835564,0.02347968891263008,0.017037533223628998
5,BEL,Belgium,2018,-2.035623550415039,-0.5187363624572754,5.5,1,0.9798359274864197,1.2219529151916504,0.8175865411758423,0.8999684453010559,0.10000000149011612,0.10000000149011612,0.10000000149011612,0.10000000149011612,0.10000000149011612,0.10000000149011612,0.10000000149011612,0.10000000149011612,0.10000000149011612,0.10000000149011612
5,BEL,Belgium,2019,-3.1006269454956055,-0.45236146450042725,5.5,1,0.9798359274864197,1.2219529151916504,0.8175865411758423,0.8999684453010559,0.10000000149011612,0.10000000149011612,0.10000000149011612,0.10000000149011612,0.10000000149011612,0.10000000149011612,0.10000000149011612,0.10000000149011612,0.10000000149011612,0.10000000149011612
5,BEL,Belgium,2020,-2.7479605674743652,-0.3867616355419159,5.5,1,0.9798359274864197,1.2219529151916504,0.8175865411758423,0.8999684453010559,0.10000000149011612,0.10000000149011612,0.10000000149011612,0.10000000149011612,0.10000000149011612,0.10000000149011612,0.10000000149011612,0.10000000149011612,0.10000000149011612,0.10000000149011612
5,BEL,Belgium,2021,-3.9674084186553955,-0.3199153244495392,5.5,1,0.9798359274864197,1.2219529151916504,0.8175865411758423,0.8999684453010559,0.10000000149011612,0.10000000149011612,0.10000000149011612,0.10000000149011612,0.10000000149011612,0.10000000149011612,0.10000000149011612,0.10000000149011612,0.10000000149011612,0.10000000149011612
5,BEL,Belgium,2022,-3.700895071029663,-0.2842850983142853,5.5,1,0.9798359274864197,1.2219529151916504,0.8175865411758423,0.8999684453010559,0.10000000149011612,0.10000000149011612,0.10000000149011612,0.10000000149011612,0.10000000149011612,0.10000000149011612,0.10000000149011612,0.10000000149011612,0.10000000149011612,0.10000000149011612
5,BEL,Belgium,2023,-3.867947578430176,-0.25514745712280273,5.5,1,0.9798359274864197,1.2219529151916504,0.8175865411758423,0.8999684453010559,0.10000000149011612,0.10000000149011612,0.10000000149011612,0.10000000149011612,0.10000000149011612,0.10000000149011612,0.10000000149011612,0.10000000149011612,0.10000000149011612,0.10000000149011612
6,BGD,Bangladesh,2018,1.2597620487213135,0.5190888047218323,3.309832811355591,1,-1.3428869247436523,-1.2080445289611816,-1.482562780380249,-1.3380534648895264,0.23028194904327393,0.20143795013427734,0.18628853559494019,0.14105536043643951,0.0864221528172493,0.05457785353064537,0.04587195813655853,0.024663181975483894,0.018409542739391327,0.010991506278514862
6,BGD,Bangladesh,2019,1.4318774938583374,0.5648208856582642,3.309832811355591,1,-1.3428869247436523,-1.2080445289611816,-1.482562780380249,-1.3380534648895264,0.23028194904327393,0.20143795013427734,0.18628853559494019,0.14105536043643951,0.0864221528172493,0.05457785353064537,0.04587195813655853,0.024663181975483894,0.018409542739391327,0.010991506278514862
6,BGD,Bangladesh,2020,1.717698097229004,0.5212999582290649,3.309832811355591,1,-1.3428869247436523,-1.2080445289611816,-1.482562780380249,-1.3380534648895264,0.23028194904327393,0.20143795013427734,0.18628853559494019,0.14105536043643951,0.0864221528172493,0.05457785353064537,0.04587195813655853,0.024663181975483894,0.018409542739391327,0.010991506278514862
6,BGD,Bangladesh,2021,1.7278225421905518,0.4498100280761719,3.309832811355591,1,-1.3428869247436523,-1.2080445289611816,-1.482562780380249,-1.3380534648895264,0.23028194904327393,0.20143795013427734,0.18628853559494019,0.14105536043643951,0.0864221528172493,0.05457785353064537,0.04587195813655853,0.024663181975483894,0.018409542739391327,0.010991506278514862
6,BGD,Bangladesh,2022,1.5284489393234253,0.40402254462242126,3.309832811355591,1,-1.3428869247436523,-1.2080445289611816,-1.482562780380249,-1.3380534648895264,0.23028194904327393,0.20143795013427734,0.18628853559494019,0.14105536043643951,0.0864221528172493,0.05457785353064537,0.04587195813655853,0.024663181975483894,0.018409542739391327,0.010991506278514862
6,BGD,Bangladesh,2023,2.0307767391204834,0.3737128674983978,3.309832811355591,1,-1.3428869247436523,-1.2080445289611816,-1.482562780380249,-1.3380534648895264,0.23028194904327393,0.20143795013427734,0.18628853559494019,0.14105536043643951,0.0864221528172493,0.05457785353064537,0.04587195813655853,0.024663181975483894,0.018409542739391327,0.010991506278514862
7,BGR,Bulgaria,2018,-1.3296480178833008,-0.16874057054519653,5.5,1,-0.42611977458000183,-0.6209486722946167,-0.13856160640716553,-0.5188490152359009,0.10000000149011612,0.10000000149011612,0.10000000149011612,0.10000000149011612,0.10000000149011612,0.10000000149011612,0.10000000149011612,0.10000000149011612,0.10000000149011612,0.10000000149011612
7,BGR,Bulgaria,2019,-1.4306131601333618,-0.12113182991743088,5.5,1,-0.42611977458000183,-0.6209486722946167,-0.13856160640716553,-0.5188490152359009,0.10000000149011612,0.10000000149011612,0.10000000149011612,0.10000000149011612,0.10000000149011612,0.10000000149011612,0.10000000149011612,0.10000000149011612,0.10000000149011612,0.10000000149011612
7,BGR,Bulgaria,2020,-2.8135833740234375,-0.13912606239318848,5.5,1,-0.42611977458000183,-0.6209486722946167,-0.13856160640716553,-0.5188490152359009,0.10000000149011612,0.10000000149011612,0.10000000149011612,0.10000000149011612,0.10000000149011612,0.10000000149011612,0.10000000149011612,0.10000000149011612,0.10000000149011612,0.10000000149011612
7,BGR,Bulgaria,2021,-2.0215117931365967,-0.18612465262413025,5.5,1,-0.42611977458000183,-0.6209486722946167,-0.13856160640716553,-0.5188490152359009,0.10000000149011612,0.10000000149011612,0.10000000149011612,0.10000000149011612,0.10000000149011612,0.10000000149011612,0.10000000149011612,0.10000000149011612,0.10000000149011612,0.10000000149011612
7,BGR,Bulgaria,2022,-0.48078346252441406,-0.16297948360443115,5.5,1,-0.42611977458000183,-0.6209486722946167,-0.13856160640716553,-0.5188490152359009,0.10000000149011612,0.10000000149011612,0.10000000149011612,0.10000000149011612,0.10000000149011612,0.10000000149011612,0.10000000149011612,0.10000000149011612,0.10000000149011612,0.10000000149011612
7,BGR,Bulgaria,2023,-3.970643997192383,-0.15853175520896912,5.5,1,-0.42611977458000183,-0.6209486722946167,-0.13856160640716553,-0.5188490152359009,0.10000000149011612,0.10000000149011612,0.10000000149011612,0.10000000149011612,0.10000000149011612,0.10000000149011612,0.10000000149011612,0.10000000149011612,0.10000000149011612,0.10000000149011612
8,BLR,Belarus,2018,-2.643580675125122,-0.13832613825798035,5.5,1,-1.5520426034927368,-1.4920120239257812,-1.8896420001983643,-1.2744739055633545,0.10000000149011612,0.10000000149011612,0.10000000149011612,0.10000000149011612,0.10000000149011612,0.10000000149011612,0.10000000149011612,0.10000000149011612,0.10000000149011612,0.10000000149011612
8,BLR,Belarus,2019,-3.0715856552124023,-0.1434004306793213,5.5,1,-1.5520426034927368,-1.4920120239257812,-1.8896420001983643,-1.2744739055633545,0.10000000149011612,0.10000000149011612,0.10000000149011612,0.10000000149011612,0.10000000149011612,0.10000000149011612,0.10000000149011612,0.10000000149011612,0.10000000149011612,0.10000000149011612
8,BLR,Belarus,2020,-3.0823307037353516,-0.15527978539466858,5.5,1,-1.5520426034927368,-1.4920120239257812,-1.8896420001983643,-1.2744739055633545,0.10000000149011612,0.10000000149011612,0.10000000149011612,0.10000000149011612,0.10000000149011612,0.10000000149011612,0.10000000149011612,0.10000000149011612,0.10000000149011612,0.10000000149011612
8,BLR,Belarus,2021,-14.810386657714844,-0.15765082836151123,5.5,1,-1.5520426034927368,-1.4920120239257812,-1.8896420001983643,-1.2744739055633545,0.10000000149011612,0.10000000149011612,0.10000000149011612,0.10000000149011612,0.10000000149011612,0.10000000149011612,0.10000000149011612,0.10000000149011612,0.10000000149011612,0.10000000149011612
8,BLR,Belarus,2022,-13.734106063842773,-0.15942755341529846,5.5,1,-1.5520426034927368,-1.4920120239257812,-1.8896420001983643,-1.2744739055633545,0.10000000149011612,0.10000000149011612,0.10000000149011612,0.10000000149011612,0.10000000149011612,0.10000000149011612,0.10000000149011612,0.10000000149011612,0.10000000149011612,0.10000000149011612
8,BLR,Belarus,2023,-27.134784698486328,-0.17014530301094055,5.5,1,-1.5520426034927368,-1.4920120239257812,-1.8896420001983643,-1.2744739055633545,0.10000000149011612,0.10000000149011612,0.10000000149011612,0.10000000149011612,0.10000000149011612,0.10000000149011612,0.10000000149011612,0.10000000149011612,0.10000000149011612,0.10000000149011612
9,BRA,Brazil,2018,4.812175750732422,0.08750089257955551,7.242844581604004,8,-0.532637357711792,-0.5499132871627808,-0.37875303626060486,-0.669245719909668,0.0,0.0,0.0,0.054416198283433914,0.14252647757530212,0.17181158065795898,0.17517267167568207,0.17594948410987854,0.15336254239082336,0.1267610490322113
9,BRA,Brazil,2019,5.404086589813232,-0.16113632917404175,7.242844581604004,8,-0.532637357711792,-0.5499132871627808,-0.37875303626060486,-0.669245719909668,0.0,0.0,0.0,0.054416198283433914,0.14252647757530212,0.17181158065795898,0.17517267167568207,0.17594948410987854,0.15336254239082336,0.1267610490322113
9,BRA,Brazil,2020,4.385476589202881,-0.33538511395454407,7.242844581604004,8,-0.532637357711792,-0.5499132871627808,-0.37875303626060486,-0.669245719909668,0.0,0.0,0.0,0.054416198283433914,0.14252647757530212,0.17181158065795898,0.17517267167568207,0.17594948410987854,0.15336254239082336,0.1267610490322113
9,BRA,Brazil,2021,8.511026382446289,-0.2834698259830475,7.242844581604004,8,-0.532637357711792,-0.5499132871627808,-0.37875303626060486,-0.669245719909668,0.0,0.0,0.0,0.054416198283433914,0.14252647757530212,0.17181158065795898,0.17517267167568207,0.17594948410987854,0.15336254239082336,0.1267610490322113
9,BRA,Brazil,2022,0.8233122229576111,-0.35316264629364014,7.242844581604004,8,-0.532637357711792,-0.5499132871627808,-0.37875303626060486,-0.669245719909668,0.0,0.0,0.0,0.054416198283433914,0.14252647757530212,0.17181158065795898,0.17517267167568207,0.17594948410987854,0.15336254239082336,0.1267610490322113
9,BRA,Brazil,2023,-0.02414296381175518,-0.5059787631034851,7.242844581604004,8,-0.532637357711792,-0.5499132871627808,-0.37875303626060486,-0.669245719909668,0.0,0.0,0.0,0.054416198283433914,0.14252647757530212,0.17181158065795898,0.17517267167568207,0.17594948410987854,0.15336254239082336,0.1267610490322113
10,CAN,Canada,2018,-3.718440532684326,-0.66164231300354,1.9907994270324707,1,1.2861608266830444,1.3746321201324463,1.1545178890228271,1.3293325901031494,0.5105956792831421,0.3373808264732361,0.08346028625965118,0.0,0.0,0.0,0.01870492473244667,0.02734079211950302,0.019774436950683594,0.0027430530171841383
10,CAN,Canada,2019,-3.770698308944702,-0.4166017472743988,1.9907994270324707,1,1.2861608266830444,1.3746321201324463,1.1545178890228271,1.3293325901031494,0.5105956792831421,0.3373808264732361,0.08346028625965118,0.0,0.0,0.0,0.01870492473244667,0.02734079211950302,0.019774436950683594,0.0027430530171841383
10,CAN,Canada,2020,-4.2692484855651855,-0.2766702473163605,1.9907994270324707,1,1.2861608266830444,1.3746321201324463,1.1545178890228271,1.3293325901031494,0.5105956792831421,0.3373808264732361,0.08346028625965118,0.0,0.0,0.0,0.01870492473244667,0.02734079211950302,0.019774436950683594,0.0027430530171841383
10,CAN,Canada,2021,-4.04820442199707,-0.7298989295959473,1.9907994270324707,1,1.2861608266830444,1.3746321201324463,1.1545178890228271,1.3293325901031494,0.5105956792831421,0.3373808264732361,0.08346028625965118,0.0,0.0,0.0,0.01870492473244667,0.02734079211950302,0.019774436950683594,0.0027430530171841383
10,CAN,Canada,2022,-4.334720611572266,-0.6586662530899048,1.9907994270324707,1,1.2861608266830444,1.3746321201324463,1.1545178890228271,1.3293325901031494,0.5105956792831421,0.3373808264732361,0.08346028625965118,0.0,0.0,0.0,0.01870492473244667,0.02734079211950302,0.019774436950683594,0.0027430530171841383
10,CAN,Canada,2023,-3.507607936859131,-0.598473072052002,1.9907994270324707,1,1.2861608266830444,1.3746321201324463,1.1545178890228271,1.3293325901031494,0.5105956792831421,0.3373808264732361,0.08346028625965118,0.0,0.0,0.0,0.01870492473244667,0.02734079211950302,0.019774436950683594,0.0027430530171841383
11,CHE,Switzerland,2018,1.0894922018051147,-0.5827282667160034,5.688199996948242,5,1.412360668182373,1.4461179971694946,1.2956862449645996,1.4952778816223145,0.04112030193209648,0.0,0.0,0.19042447209358215,0.2705134153366089,0.2306734174489975,0.11142352968454361,0.07129421085119247,0.04705038666725159,0.03750025853514671
11,CHE,Switzerland,2019,0.49372902512550354,-0.5588985085487366,5.688199996948242,5,1.412360668182373,1.4461179971694946,1.2956862449645996,1.4952778816223145,0.04112030193209648,0.0,0.0,0.19042447209358215,0.2705134153366089,0.2306734174489975,0.11142352968454361,0.07129421085119247,0.04705038666725159,0.03750025853514671
11,CHE,Switzerland,2020,1.5537232160568237,-0.4888155162334442,5.688199996948242,5,1.412360668182373,1.4461179971694946,1.2956862449645996,1.4952778816223145,0.04112030193209648,0.0,0.0,0.19042447209358215,0.2705134153366089,0.2306734174489975,0.11142352968454361,0.07129421085119247,0.04705038666725159,0.03750025853514671
11,CHE,Switzerland,2021,3.0005764961242676,-0.39161887764930725,5.688199996948242,5,1.412360668182373,1.4461179971694946,1.2956862449645996,1.4952778816223145,0.04112030193209648,0.0,0.0,0.19042447209358215,0.2705134153366089,0.2306734174489975,0.11142352968454361,0.07129421085119247,0.04705038666725159,0.03750025853514671
11,CHE,Switzerland,2022,2.025691270828247,-0.322632759809494,5.688199996948242,5,1.412360668182373,1.4461179971694946,1.2956862449645996,1.4952778816223145,0.04112030193209648,0.0,0.0,0.19042447209358215,0.2705134153366089,0.2306734174489975,0.11142352968454361,0.07129421085119247,0.04705038666725159,0.03750025853514671
11,CHE,Switzerland,2023,-4.210478782653809,-0.4031463861465454,5.688199996948242,5,1.412360668182373,1.4461179971694946,1.2956862449645996,1.4952778816223145,0.04112030193209648,0.0,0.0,0.19042447209358215,0.2705134153366089,0.2306734174489975,0.11142352968454361,0.07129421085119247,0.04705038666725159,0.03750025853514671
12,CHL,Chile,2018,1.4454405307769775,-0.24231332540512085,8.513538360595703,9,0.8483307957649231,0.667232871055603,1.016435146331787,0.8613244891166687,0.0,0.0,0.0,0.0,0.0,0.005068998783826828,0.24257147312164307,0.23758557438850403,0.2633008062839508,0.25147315859794617
12,CHL,Chile,2019,1.1679426431655884,-0.33505192399024963,8.513538360595703,9,0.8483307957649231,0.667232871055603,1.016435146331787,0.8613244891166687,0.0,0.0,0.0,0.0,0.0,0.005068998783826828,0.24257147312164307,0.23758557438850403,0.2633008062839508,0.25147315859794617
12,CHL,Chile,2020,0.7698724865913391,-0.3399657905101776,8.513538360595703,9,0.8483307957649231,0.667232871055603,1.016435146331787,0.8613244891166687,0.0,0.0,0.0,0.0,0.0,0.005068998783826828,0.24257147312164307,0.23758557438850403,0.2633008062839508,0.25147315859794617
12,CHL,Chile,2021,0.5402398705482483,-0.41495686769485474,8.513538360595703,9,0.8483307957649231,0.667232871055603,1.016435146331787,0.8613244891166687,0.0,0.0,0.0,0.0,0.0,0.005068998783826828,0.24257147312164307,0.23758557438850403,0.2633008062839508,0.25147315859794617
12,CHL,Chile,2022,-0.5233001708984375,-0.43198245763778687,8.513538360595703,9,0.8483307957649231,0.667232871055603,1.016435146331787,0.8613244891166687,0.0,0.0,0.0,0.0,0.0,0.005068998783826828,0.24257147312164307,0.23758557438850403,0.2633008062839508,0.25147315859794617
12,CHL,Chile,2023,-1.9592610597610474,-0.38035574555397034,8.513538360595703,9,0.8483307957649231,0.667232871055603,1.016435146331787,0.8613244891166687,0.0,0.0,0.0,0.0,0.0,0.005068998783826828,0.24257147312164307,0.23758557438850403,0.2633008062839508,0.25147315859794617
13,CHN,China,2018,-8.663586616516113,-0.13212355971336365,5.5,1,-0.8438493609428406,-0.7442506551742554,-0.7500977516174316,-1.03719961643219,0.10000000149011612,0.10000000149011612,0.10000000149011612,0.10000000149011612,0.10000000149011612,0.10000000149011612,0.10000000149011612,0.10000000149011612,0.10000000149011612,0.10000000149011612
13,CHN,China,2019,-9.760994911193848,-0.1543026864528656,5.5,1,-0.8438493609428406,-0.7442506551742554,-0.7500977516174316,-1.03719961643219,0.10000000149011612,0.10000000149011612,0.10000000149011612,0.10000000149011612,0.10000000149011612,0.10000000149011612,0.10000000149011612,0.10000000149011612,0.10000000149011612,0.10000000149011612
13,CHN,China,2020,-10.60916519165039,-0.16780024766921997,5.5,1,-0.8438493609428406,-0.7442506551742554,-0.7500977516174316,-1.03719961643219,0.10000000149011612,0.10000000149011612,0.10000000149011612,0.10000000149011612,0.10000000149011612,0.10000000149011612,0.10000000149011612,0.10000000149011612,0.10000000149011612,0.10000000149011612
13,CHN,China,2021,-11.069491386413574,-0.18486642837524414,5.5,1,-0.8438493609428406,-0.7442506551742554,-0.7500977516174316,-1.03719961643219,0.10000000149011612,0.10000000149011612,0.10000000149011612,0.10000000149011612,0.10000000149011612,0.10000000149011612,0.10000000149011612,0.10000000149011612,0.10000000149011612,0.10000000149011612
13,CHN,China,2022,-11.851537704467773,-0.1675547957420349,5.5,1,-0.8438493609428406,-0.7442506551742554,-0.7500977516174316,-1.03719961643219,0.10000000149011612,0.10000000149011612,0.10000000149011612,0.10000000149011612,0.10000000149011612,0.10000000149011612,0.10000000149011612,0.10000000149011612,0.10000000149011612,0.10000000149011612
13,CHN,China,2023,-12.087423324584961,-0.16491836309432983,5.5,1,-0.8438493609428406,-0.7442506551742554,-0.7500977516174316,-1.03719961643219,0.10000000149011612,0.10000000149011612,0.10000000149011612,0.10000000149011612,0.10000000149011612,0.10000000149011612,0.10000000149011612,0.10000000149011612,0.10000000149011612,0.10000000149011612
14,COL,Colombia,2018,0.3820185363292694,0.45700669288635254,3.787109613418579,3,-0.757061779499054,-0.7152259349822998,-0.5119652152061462,-1.0439940690994263,0.16260842978954315,0.17246463894844055,0.191066712141037,0.17796608805656433,0.08410574495792389,0.05250183492898941,0.08209313452243805,0.035195425152778625,0.01722763478755951,0.024770358577370644
14,COL,Colombia,2019,2.6013519763946533,0.4299395978450775,3.787109613418579,3,-0.757061779499054,-0.7152259349822998,-0.5119652152061462,-1.0439940690994263,0.16260842978954315,0.17246463894844055,0.191066712141037,0.17796608805656433,0.08410574495792389,0.05250183492898941,0.08209313452243805,0.035195425152778625,0.01722763478755951,0.024770358577370644
14,COL,Colombia,2020,3.8599977493286133,0.4935092031955719,3.787109613418579,3,-0.757061779499054,-0.7152259349822998,-0.5119652152061462,-1.0439940690994263,0.16260842978954315,0.17246463894844055,0.191066712141037,0.17796608805656433,0.08410574495792389,0.05250183492898941,0.08209313452243805,0.035195425152778625,0.01722763478755951,0.024770358577370644
14,COL,Colombia,2021,0.7301899194717407,0.3670906126499176,3.787109613418579,3,-0.757061779499054,-0.7152259349822998,-0.5119652152061462,-1.0439940690994263,0.16260842978954315,0.17246463894844055,0.191066712141037,0.17796608805656433,0.08410574495792389,0.05250183492898941,0.08209313452243805,0.035195425152778625,0.01722763478755951,0.024770358577370644
14,COL,Colombia,2022,0.9924597144126892,0.12085973471403122,3.787109613418579,3,-0.757061779499054,-0.7152259349822998,-0.5119652152061462,-1.0439940690994263,0.16260842978954315,0.17246463894844055,0.191066712141037,0.17796608805656433,0.08410574495792389,0.05250183492898941,0.08209313452243805,0.035195425152778625,0.01722763478755951,0.024770358577370644
14,COL,Colombia,2023,3.7653815746307373,0.2541806697845459,3.787109613418579,3,-0.757061779499054,-0.7152259349822998,-0.5119652152061462,-1.0439940690994263,0.16260842978954315,0.17246463894844055,0.191066712141037,0.17796608805656433,0.08410574495792389,0.05250183492898941,0.08209313452243805,0.035195425152778625,0.01722763478755951,0.024770358577370644
15,CYP,Cyprus,2018,-11.052656173706055,-0.326337069272995,5.5,1,0.7725202441215515,0.8672822117805481,0.7250233292579651,0.725255012512207,0.10000000149011612,0.10000000149011612,0.10000000149011612,0.10000000149011612,0.10000000149011612,0.10000000149011612,0.10000000149011612,0.10000000149011612,0.10000000149011612,0.10000000149011612
15,CYP,Cyprus,2019,-11.571080207824707,-0.32467880845069885,5.5,1,0.7725202441215515,0.8672822117805481,0.7250233292579651,0.725255012512207,0.10000000149011612,0.10000000149011612,0.10000000149011612,0.10000000149011612,0.10000000149011612,0.10000000149011612,0.10000000149011612,0.10000000149011612,0.10000000149011612,0.10000000149011612
15,CYP,Cyprus,2020,-14.400252342224121,-0.2859886884689331,5.5,1,0.7725202441215515,0.8672822117805481,0.7250233292579651,0.725255012512207,0.10000000149011612,0.10000000149011612,0.10000000149011612,0.10000000149011612,0.10000000149011612,0.10000000149011612,0.10000000149011612,0.10000000149011612,0.10000000149011612,0.10000000149011612
15,CYP,Cyprus,2021,-17.67461395263672,-0.2350200116634369,5.5,1,0.7725202441215515,0.8672822117805481,0.7250233292579651,0.725255012512207,0.10000000149011612,0.10000000149011612,0.10000000149011612,0.10000000149011612,0.10000000149011612,0.10000000149011612,0.10000000149011612,0.10000000149011612,0.10000000149011612,0.10000000149011612
15,CYP,Cyprus,2022,-19.47079086303711,-0.20732799172401428,5.5,1,0.7725202441215515,0.8672822117805481,0.7250233292579651,0.725255012512207,0.10000000149011612,0.10000000149011612,0.10000000149011612,0.10000000149011612,0.10000000149011612,0.10000000149011612,0.10000000149011612,0.10000000149011612,0.10000000149011612,0.10000000149011612
15,CYP,Cyprus,2023,-23.38113784790039,-0.1935356855392456,5.5,1,0.7725202441215515,0.8672822117805481,0.7250233292579651,0.725255012512207,0.10000000149011612,0.10000000149011612,0.10000000149011612,0.10000000149011612,0.10000000149011612,0.10000000149011612,0.10000000149011612,0.10000000149011612,0.10000000149011612,0.10000000149011612
16,CZE,Czechia,2018,-2.3009228706359863,-0.48438748717308044,5.5,1,0.365255743265152,0.28039175271987915,0.4478796720504761,0.3674957752227783,0.10000000149011612,0.10000000149011612,0.10000000149011612,0.10000000149011612,0.10000000149011612,0.10000000149011612,0.10000000149011612,0.10000000149011612,0.10000000149011612,0.10000000149011612
16,CZE,Czechia,2019,-2.761939525604248,-0.44661685824394226,5.5,1,0.365255743265152,0.28039175271987915,0.4478796720504761,0.3674957752227783,0.10000000149011612,0.10000000149011612,0.10000000149011612,0.10000000149011612,0.10000000149011612,0.10000000149011612,0.10000000149011612,0.10000000149011612,0.10000000149011612,0.10000000149011612
16,CZE,Czechia,2020,-3.448472261428833,-0.3878413140773773,5.5,1,0.365255743265152,0.28039175271987915,0.4478796720504761,0.3674957752227783,0.10000000149011612,0.10000000149011612,0.10000000149011612,0.10000000149011612,0.10000000149011612,0.10000000149011612,0.10000000149011612,0.10000000149011612,0.10000000149011612,0.10000000149011612
16,CZE,Czechia,2021,-3.2644777297973633,-0.33120566606521606,5.5,1,0.365255743265152,0.28039175271987915,0.4478796720504761,0.3674957752227783,0.10000000149011612,0.10000000149011612,0.10000000149011612,0.10000000149011612,0.10000000149011612,0.10000000149011612,0.10000000149011612,0.10000000149011612,0.10000000149011612,0.10000000149011612
16,CZE,Czechia,2022,-3.0018773078918457,-0.2999488413333893,5.5,1,0.365255743265152,0.28039175271987915,0.4478796720504761,0.3674957752227783,0.10000000149011612,0.10000000149011612,0.10000000149011612,0.10000000149011612,0.10000000149011612,0.10000000149011612,0.10000000149011612,0.10000000149011612,0.10000000149011612,0.10000000149011612
16,CZE,Czechia,2023,-3.7278714179992676,-0.275538831949234,5.5,1,0.365255743265152,0.28039175271987915,0.4478796720504761,0.3674957752227783,0.10000000149011612,0.10000000149011612,0.10000000149011612,0.10000000149011612,0.10000000149011612,0.10000000149011612,0.10000000149011612,0.10000000149011612,0.10000000149011612,0.10000000149011612
17,DEU,Germany,2018,-4.408335208892822,-0.43146413564682007,5.5,1,1.162001371383667,1.2181392908096313,0.9860901236534119,1.2817747592926025,0.10000000149011612,0.10000000149011612,0.10000000149011612,0.10000000149011612,0.10000000149011612,0.10000000149011612,0.10000000149011612,0.10000000149011612,0.10000000149011612,0.10000000149011612
17,DEU,Germany,2019,-7.129828929901123,-0.4218895137310028,5.5,1,1.162001371383667,1.2181392908096313,0.9860901236534119,1.2817747592926025,0.10000000149011612,0.10000000149011612,0.10000000149011612,0.10000000149011612,0.10000000149011612,0.10000000149011612,0.10000000149011612,0.10000000149011612,0.10000000149011612,0.10000000149011612
17,DEU,Germany,2020,-8.748512268066406,-0.38150933384895325,5.5,1,1.162001371383667,1.2181392908096313,0.9860901236534119,1.2817747592926025,0.10000000149011612,0.10000000149011612,0.10000000149011612,0.10000000149011612,0.10000000149011612,0.10000000149011612,0.10000000149011612,0.10000000149011612,0.10000000149011612,0.10000000149011612
17,DEU,Germany,2021,-7.036392688751221,-0.334652841091156,5.5,1,1.162001371383667,1.2181392908096313,0.9860901236534119,1.2817747592926025,0.10000000149011612,0.10000000149011612,0.10000000149011612,0.10000000149011612,0.10000000149011612,0.10000000149011612,0.10000000149011612,0.10000000149011612,0.10000000149011612,0.10000000149011612
17,DEU,Germany,2022,-5.935337066650391,-0.31368574500083923,5.5,1,1.162001371383667,1.2181392908096313,0.9860901236534119,1.2817747592926025,0.10000000149011612,0.10000000149011612,0.10000000149011612,0.10000000149011612,0.10000000149011612,0.10000000149011612,0.10000000149011612,0.10000000149011612,0.10000000149011612,0.10000000149011612
17,DEU,Germany,2023,-8.335287094116211,-0.28194403648376465,5.5,1,1.162001371383667,1.2181392908096313,0.9860901236534119,1.2817747592926025,0.10000000149011612,0.10000000149011612,0.10000000149011612,0.10000000149011612,0.10000000149011612,0.10000000149011612,0.10000000149011612,0.10000000149011612,0.10000000149011612,0.10000000149011612
18,DNK,Denmark,2018,-4.1028218269348145,-0.4118470847606659,5.5,1,1.5067936182022095,1.5459808111190796,1.4523217678070068,1.522078514099121,0.10000000149011612,0.10000000149011612,0.10000000149011612,0.10000000149011612,0.10000000149011612,0.10000000149011612,0.10000000149011612,0.10000000149011612,0.10000000149011612,0.10000000149011612
18,DNK,Denmark,2019,-5.251770973205566,-0.4306589663028717,5.5,1,1.5067936182022095,1.5459808111190796,1.4523217678070068,1.522078514099121,0.10000000149011612,0.10000000149011612,0.10000000149011612,0.10000000149011612,0.10000000149011612,0.10000000149011612,0.10000000149011612,0.10000000149011612,0.10000000149011612,0.10000000149011612
18,DNK,Denmark,2020,-5.442167282104492,-0.39454782009124756,5.5,1,1.5067936182022095,1.5459808111190796,1.4523217678070068,1.522078514099121,0.10000000149011612,0.10000000149011612,0.10000000149011612,0.10000000149011612,0.10000000149011612,0.10000000149011612,0.10000000149011612,0.10000000149011612,0.10000000149011612,0.10000000149011612
18,DNK,Denmark,2021,-5.020071029663086,-0.3404679298400879,5.5,1,1.5067936182022095,1.5459808111190796,1.4523217678070068,1.522078514099121,0.10000000149011612,0.10000000149011612,0.10000000149011612,0.10000000149011612,0.10000000149011612,0.10000000149011612,0.10000000149011612,0.10000000149011612,0.10000000149011612,0.10000000149011612
18,DNK,Denmark,2022,-5.26057767868042,-0.29314252734184265,5.5,1,1.5067936182022095,1.5459808111190796,1.4523217678070068,1.522078514099121,0.10000000149011612,0.10000000149011612,0.10000000149011612,0.10000000149011612,0.10000000149011612,0.10000000149011612,0.10000000149011612,0.10000000149011612,0.10000000149011612,0.10000000149011612
18,DNK,Denmark,2023,-5.907427787780762,-0.2651161253452301,5.5,1,1.5067936182022095,1.5459808111190796,1.4523217678070068,1.522078514099121,0.10000000149011612,0.10000000149011612,0.10000000149011612,0.10000000149011612,0.10000000149011612,0.10000000149011612,0.10000000149011612,0.10000000149011612,0.10000000149011612,0.10000000149011612
19,DZA,Algeria,2018,-1.3783005475997925,-0.4450068771839142,2.1168100833892822,1,-1.204992651939392,-1.152233362197876,-1.2305991649627686,-1.2321451902389526,0.3697865307331085,0.29664015769958496,0.19768138229846954,0.11876014620065689,0.017131714150309563,0.0,0.0,0.0,0.0,0.0
19,DZA,Algeria,2019,-1.3506704568862915,-0.4139265716075897,2.1168100833892822,1,-1.204992651939392,-1.152233362197876,-1.2305991649627686,-1.2321451902389526,0.3697865307331085,0.29664015769958496,0.19768138229846954,0.11876014620065689,0.017131714150309563,0.0,0.0,0.0,0.0,0.0
19,DZA,Algeria,2020,-1.4138250350952148,-0.41446736454963684,2.1168100833892822,1,-1.204992651939392,-1.152233362197876,-1.2305991649627686,-1.2321451902389526,0.3697865307331085,0.29664015769958496,0.19768138229846954,0.11876014620065689,0.017131714150309563,0.0,0.0,0.0,0.0,0.0
19,DZA,Algeria,2021,-1.0506858825683594,-0.4035239517688751,2.1168100833892822,1,-1.204992651939392,-1.152233362197876,-1.2305991649627686,-1.2321451902389526,0.3697865307331085,0.29664015769958496,0.19768138229846954,0.11876014620065689,0.017131714150309563,0.0,0.0,0.0,0.0,0.0
19,DZA,Algeria,2022,-1.0033199787139893,-0.3517906963825226,2.1168100833892822,1,-1.204992651939392,-1.152233362197876,-1.2305991649627686,-1.2321451902389526,0.3697865307331085,0.29664015769958496,0.19768138229846954,0.11876014620065689,0.017131714150309563,0.0,0.0,0.0,0.0,0.0
19,DZA,Algeria,2023,-1.0033199787139893,-0.38723328709602356,2.1168100833892822,1,-1.204992651939392,-1.152233362197876,-1.2305991649627686,-1.2321451902389526,0.3697865307331085,0.29664015769958496,0.19768138229846954,0.11876014620065689,0.017131714150309563,0.0,0.0,0.0,0.0,0.0
20,ECU,Ecuador,2018,-1.1428673267364502,-0.03789762407541275,1.096493124961853,1,-1.2054944038391113,-1.1715943813323975,-1.2544611692428589,-1.1904276609420776,0.903506875038147,0.09649312496185303,0.0,0.0,0.0,0.0,0.0,0.0,0.0,0.0
20,ECU,Ecuador,2019,-1.7627936601638794,-0.08238885551691055,1.096493124961853,1,-1.2054944038391113,-1.1715943813323975,-1.2544611692428589,-1.1904276609420776,0.903506875038147,0.09649312496185303,0.0,0.0,0.0,0.0,0.0,0.0,0.0,0.0
20,ECU,Ecuador,2020,-1.9658561944961548,-0.09097058326005936,1.096493124961853,1,-1.2054944038391113,-1.1715943813323975,-1.2544611692428589,-1.1904276609420776,0.903506875038147,0.09649312496185303,0.0,0.0,0.0,0.0,0.0,0.0,0.0,0.0
20,ECU,Ecuador,2021,-2.1342613697052,-0.13299521803855896,1.096493124961853,1,-1.2054944038391113,-1.1715943813323975,-1.2544611692428589,-1.1904276609420776,0.903506875038147,0.09649312496185303,0.0,0.0,0.0,0.0,0.0,0.0,0.0,0.0
20,ECU,Ecuador,2022,-1.612612009048462,-0.192964106798172,1.096493124961853,1,-1.2054944038391113,-1.1715943813323975,-1.2544611692428589,-1.1904276609420776,0.903506875038147,0.09649312496185303,0.0,0.0,0.0,0.0,0.0,0.0,0.0,0.0
20,ECU,Ecuador,2023,-1.6925028562545776,-0.2533229887485504,1.096493124961853,1,-1.2054944038391113,-1.1715943813323975,-1.2544611692428589,-1.1904276609420776,0.903506875038147,0.09649312496185303,0.0,0.0,0.0,0.0,0.0,0.0,0.0,0.0
21,EGY,Egypt,2018,1.8549280166625977,0.641517162322998,4.943113803863525,5,-0.7224758267402649,-0.816137969493866,-0.7838069200515747,-0.5674826502799988,0.06386638432741165,0.09491664171218872,0.1292687952518463,0.15884113311767578,0.15886816382408142,0.1372128278017044,0.1050313413143158,0.07851863652467728,0.049504976719617844,0.0239711906760931
21,EGY,Egypt,2019,1.397194504737854,0.6182366609573364,4.943113803863525,5,-0.7224758267402649,-0.816137969493866,-0.7838069200515747,-0.5674826502799988,0.06386638432741165,0.09491664171218872,0.1292687952518463,0.15884113311767578,0.15886816382408142,0.1372128278017044,0.1050313413143158,0.07851863652467728,0.049504976719617844,0.0239711906760931
21,EGY,Egypt,2020,0.7784237861633301,0.4943481981754303,4.943113803863525,5,-0.7224758267402649,-0.816137969493866,-0.7838069200515747,-0.5674826502799988,0.06386638432741165,0.09491664171218872,0.1292687952518463,0.15884113311767578,0.15886816382408142,0.1372128278017044,0.1050313413143158,0.07851863652467728,0.049504976719617844,0.0239711906760931
21,EGY,Egypt,2021,0.7313584089279175,0.13677218556404114,4.943113803863525,5,-0.7224758267402649,-0.816137969493866,-0.7838069200515747,-0.5674826502799988,0.06386638432741165,0.09491664171218872,0.1292687952518463,0.15884113311767578,0.15886816382408142,0.1372128278017044,0.1050313413143158,0.07851863652467728,0.049504976719617844,0.0239711906760931
21,EGY,Egypt,2022,0.8227205872535706,-0.024581439793109894,4.943113803863525,5,-0.7224758267402649,-0.816137969493866,-0.7838069200515747,-0.5674826502799988,0.06386638432741165,0.09491664171218872,0.1292687952518463,0.15884113311767578,0.15886816382408142,0.1372128278017044,0.1050313413143158,0.07851863652467728,0.049504976719617844,0.0239711906760931
21,EGY,Egypt,2023,0.880398690700531,-0.023539967834949493,4.943113803863525,5,-0.7224758267402649,-0.816137969493866,-0.7838069200515747,-0.5674826502799988,0.06386638432741165,0.09491664171218872,0.1292687952518463,0.15884113311767578,0.15886816382408142,0.1372128278017044,0.1050313413143158,0.07851863652467728,0.049504976719617844,0.0239711906760931
22,ESP,Spain,2018,-2.3918983936309814,-0.5558146238327026,5.5,1,0.789492130279541,0.8293587565422058,0.796362042427063,0.7427557706832886,0.10000000149011612,0.10000000149011612,0.10000000149011612,0.10000000149011612,0.10000000149011612,0.10000000149011612,0.10000000149011612,0.10000000149011612,0.10000000149011612,0.10000000149011612
22,ESP,Spain,2019,-3.220625877380371,-0.48022040724754333,5.5,1,0.789492130279541,0.8293587565422058,0.796362042427063,0.7427557706832886,0.10000000149011612,0.10000000149011612,0.10000000149011612,0.10000000149011612,0.10000000149011612,0.10000000149011612,0.10000000149011612,0.10000000149011612,0.10000000149011612,0.10000000149011612
22,ESP,Spain,2020,-4.112740993499756,-0.44551071524620056,5.5,1,0.789492130279541,0.8293587565422058,0.796362042427063,0.7427557706832886,0.10000000149011612,0.10000000149011612,0.10000000149011612,0.10000000149011612,0.10000000149011612,0.10000000149011612,0.10000000149011612,0.10000000149011612,0.10000000149011612,0.10000000149011612
22,ESP,Spain,2021,-4.21701192855835,-0.37033528089523315,5.5,1,0.789492130279541,0.8293587565422058,0.796362042427063,0.7427557706832886,0.10000000149011612,0.10000000149011612,0.10000000149011612,0.10000000149011612,0.10000000149011612,0.10000000149011612,0.10000000149011612,0.10000000149011612,0.10000000149011612,0.10000000149011612
22,ESP,Spain,2022,-3.774611234664917,-0.32958269119262695,5.5,1,0.789492130279541,0.8293587565422058,0.796362042427063,0.7427557706832886,0.10000000149011612,0.10000000149011612,0.10000000149011612,0.10000000149011612,0.10000000149011612,0.10000000149011612,0.10000000149011612,0.10000000149011612,0.10000000149011612,0.10000000149011612
22,ESP,Spain,2023,-4.671977519989014,-0.3108895719051361,5.5,1,0.789492130279541,0.8293587565422058,0.796362042427063,0.7427557706832886,0.10000000149011612,0.10000000149011612,0.10000000149011612,0.10000000149011612,0.10000000149011612,0.10000000149011612,0.10000000149011612,0.10000000149011612,0.10000000149011612,0.10000000149011612
23,EST,Estonia,2018,-4.833373069763184,-0.20927390456199646,5.5,1,0.5303884744644165,0.3051801919937134,0.8016892075538635,0.48429596424102783,0.10000000149011612,0.10000000149011612,0.10000000149011612,0.10000000149011612,0.10000000149011612,0.10000000149011612,0.10000000149011612,0.10000000149011612,0.10000000149011612,0.10000000149011612
23,EST,Estonia,2019,-9.96490478515625,-0.2636938989162445,5.5,1,0.5303884744644165,0.3051801919937134,0.8016892075538635,0.48429596424102783,0.10000000149011612,0.10000000149011612,0.10000000149011612,0.10000000149011612,0.10000000149011612,0.10000000149011612,0.10000000149011612,0.10000000149011612,0.10000000149011612,0.10000000149011612
23,EST,Estonia,2020,-18.38939094543457,-0.25456416606903076,5.5,1,0.5303884744644165,0.3051801919937134,0.8016892075538635,0.48429596424102783,0.10000000149011612,0.10000000149011612,0.10000000149011612,0.10000000149011612,0.10000000149011612,0.10000000149011612,0.10000000149011612,0.10000000149011612,0.10000000149011612,0.10000000149011612
23,EST,Estonia,2021,-14.705828666687012,-0.23426276445388794,5.5,1,0.5303884744644165,0.3051801919937134,0.8016892075538635,0.48429596424102783,0.10000000149011612,0.10000000149011612,0.10000000149011612,0.10000000149011612,0.10000000149011612,0.10000000149011612,0.10000000149011612,0.10000000149011612,0.10000000149011612,0.10000000149011612
23,EST,Estonia,2022,-11.738649368286133,-0.23013907670974731,5.5,1,0.5303884744644165,0.3051801919937134,0.8016892075538635,0.48429596424102783,0.10000000149011612,0.10000000149011612,0.10000000149011612,0.10000000149011612,0.10000000149011612,0.10000000149011612,0.10000000149011612,0.10000000149011612,0.10000000149011612,0.10000000149011612
23,EST,Estonia,2023,-19.71649742126465,-0.2372751235961914,5.5,1,0.5303884744644165,0.3051801919937134,0.8016892075538635,0.48429596424102783,0.10000000149011612,0.10000000149011612,0.10000000149011612,0.10000000149011612,0.10000000149011612,0.10000000149011612,0.10000000149011612,0.10000000149011612,0.10000000149011612,0.10000000149011612
24,FIN,Finland,2018,-2.4947378635406494,-0.05337420850992203,5.5,1,1.5118976831436157,1.5876092910766602,1.3751853704452515,1.572898507118225,0.10000000149011612,0.10000000149011612,0.10000000149011612,0.10000000149011612,0.10000000149011612,0.10000000149011612,0.10000000149011612,0.10000000149011612,0.10000000149011612,0.10000000149011612
24,FIN,Finland,2019,-3.0343379974365234,-0.2059861719608307,5.5,1,1.5118976831436157,1.5876092910766602,1.3751853704452515,1.572898507118225,0.10000000149011612,0.10000000149011612,0.10000000149011612,0.10000000149011612,0.10000000149011612,0.10000000149011612,0.10000000149011612,0.10000000149011612,0.10000000149011612,0.10000000149011612
24,FIN,Finland,2020,-4.05517578125,-0.25238236784935,5.5,1,1.5118976831436157,1.5876092910766602,1.3751853704452515,1.572898507118225,0.10000000149011612,0.10000000149011612,0.10000000149011612,0.10000000149011612,0.10000000149011612,0.10000000149011612,0.10000000149011612,0.10000000149011612,0.10000000149011612,0.10000000149011612
24,FIN,Finland,2021,-3.9226253032684326,-0.2363404929637909,5.5,1,1.5118976831436157,1.5876092910766602,1.3751853704452515,1.572898507118225,0.10000000149011612,0.10000000149011612,0.10000000149011612,0.10000000149011612,0.10000000149011612,0.10000000149011612,0.10000000149011612,0.10000000149011612,0.10000000149011612,0.10000000149011612
24,FIN,Finland,2022,-4.062594890594482,-0.21535614132881165,5.5,1,1.5118976831436157,1.5876092910766602,1.3751853704452515,1.572898507118225,0.10000000149011612,0.10000000149011612,0.10000000149011612,0.10000000149011612,0.10000000149011612,0.10000000149011612,0.10000000149011612,0.10000000149011612,0.10000000149011612,0.10000000149011612
24,FIN,Finland,2023,-5.2590131759643555,-0.22072792053222656,5.5,1,1.5118976831436157,1.5876092910766602,1.3751853704452515,1.572898507118225,0.10000000149011612,0.10000000149011612,0.10000000149011612,0.10000000149011612,0.10000000149011612,0.10000000149011612,0.10000000149011612,0.10000000149011612,0.10000000149011612,0.10000000149011612
25,FRA,France,2018,-2.937512159347534,-0.5344370603561401,5.5,1,0.8883405327796936,1.0859564542770386,0.6707704067230225,0.9082947969436646,0.10000000149011612,0.10000000149011612,0.10000000149011612,0.10000000149011612,0.10000000149011612,0.10000000149011612,0.10000000149011612,0.10000000149011612,0.10000000149011612,0.10000000149011612
25,FRA,France,2019,-2.957599639892578,-0.46762242913246155,5.5,1,0.8883405327796936,1.0859564542770386,0.6707704067230225,0.9082947969436646,0.10000000149011612,0.10000000149011612,0.10000000149011612,0.10000000149011612,0.10000000149011612,0.10000000149011612,0.10000000149011612,0.10000000149011612,0.10000000149011612,0.10000000149011612
25,FRA,France,2020,-3.0673086643218994,-0.3964085280895233,5.5,1,0.8883405327796936,1.0859564542770386,0.6707704067230225,0.9082947969436646,0.10000000149011612,0.10000000149011612,0.10000000149011612,0.10000000149011612,0.10000000149011612,0.10000000149011612,0.10000000149011612,0.10000000149011612,0.10000000149011612,0.10000000149011612
25,FRA,France,2021,-2.956054449081421,-0.3480813801288605,5.5,1,0.8883405327796936,1.0859564542770386,0.6707704067230225,0.9082947969436646,0.10000000149011612,0.10000000149011612,0.10000000149011612,0.10000000149011612,0.10000000149011612,0.10000000149011612,0.10000000149011612,0.10000000149011612,0.10000000149011612,0.10000000149011612
25,FRA,France,2022,-0.05572359263896942,-0.27649933099746704,5.5,1,0.8883405327796936,1.0859564542770386,0.6707704067230225,0.9082947969436646,0.10000000149011612,0.10000000149011612,0.10000000149011612,0.10000000149011612,0.10000000149011612,0.10000000149011612,0.10000000149011612,0.10000000149011612,0.10000000149011612,0.10000000149011612
25,FRA,France,2023,-3.9094398021698,-0.24283090233802795,5.5,1,0.8883405327796936,1.0859564542770386,0.6707704067230225,0.9082947969436646,0.10000000149011612,0.10000000149011612,0.10000000149011612,0.10000000149011612,0.10000000149011612,0.10000000149011612,0.10000000149011612,0.10000000149011612,0.10000000149011612,0.10000000149011612
26,GBR,United Kingdom,2018,-11.656635284423828,-0.13910746574401855,5.5,1,1.2583589553833008,1.1897099018096924,1.3614327907562256,1.2239340543746948,0.10000000149011612,0.10000000149011612,0.10000000149011612,0.10000000149011612,0.10000000149011612,0.10000000149011612,0.10000000149011612,0.10000000149011612,0.10000000149011612,0.10000000149011612
26,GBR,United Kingdom,2019,-12.48721694946289,-0.2361026108264923,5.5,1,1.2583589553833008,1.1897099018096924,1.3614327907562256,1.2239340543746948,0.10000000149011612,0.10000000149011612,0.10000000149011612,0.10000000149011612,0.10000000149011612,0.10000000149011612,0.10000000149011612,0.10000000149011612,0.10000000149011612,0.10000000149011612
26,GBR,United Kingdom,2020,-13.733572006225586,-0.2549663484096527,5.5,1,1.2583589553833008,1.1897099018096924,1.3614327907562256,1.2239340543746948,0.10000000149011612,0.10000000149011612,0.10000000149011612,0.10000000149011612,0.10000000149011612,0.10000000149011612,0.10000000149011612,0.10000000149011612,0.10000000149011612,0.10000000149011612
26,GBR,United Kingdom,2021,-12.55033016204834,-0.22634422779083252,5.5,1,1.2583589553833008,1.1897099018096924,1.3614327907562256,1.2239340543746948,0.10000000149011612,0.10000000149011612,0.10000000149011612,0.10000000149011612,0.10000000149011612,0.10000000149011612,0.10000000149011612,0.10000000149011612,0.10000000149011612,0.10000000149011612
26,GBR,United Kingdom,2022,-13.13424301147461,-0.20945489406585693,5.5,1,1.2583589553833008,1.1897099018096924,1.3614327907562256,1.2239340543746948,0.10000000149011612,0.10000000149011612,0.10000000149011612,0.10000000149011612,0.10000000149011612,0.10000000149011612,0.10000000149011612,0.10000000149011612,0.10000000149011612,0.10000000149011612
26,GBR,United Kingdom,2023,-14.066479682922363,-0.18664750456809998,5.5,1,1.2583589553833008,1.1897099018096924,1.3614327907562256,1.2239340543746948,0.10000000149011612,0.10000000149011612,0.10000000149011612,0.10000000149011612,0.10000000149011612,0.10000000149011612,0.10000000149011612,0.10000000149011612,0.10000000149011612,0.10000000149011612
27,GRC,Greece,2018,-5.507160186767578,-0.34364452958106995,5.5,1,0.21050052344799042,0.004785913974046707,0.24354657530784607,0.3831690847873688,0.10000000149011612,0.10000000149011612,0.10000000149011612,0.10000000149011612,0.10000000149011612,0.10000000149011612,0.10000000149011612,0.10000000149011612,0.10000000149011612,0.10000000149011612
27,GRC,Greece,2019,-6.582149982452393,-0.2927737534046173,5.5,1,0.21050052344799042,0.004785913974046707,0.24354657530784607,0.3831690847873688,0.10000000149011612,0.10000000149011612,0.10000000149011612,0.10000000149011612,0.10000000149011612,0.10000000149011612,0.10000000149011612,0.10000000149011612,0.10000000149011612,0.10000000149011612
27,GRC,Greece,2020,-8.231910705566406,-0.25578412413597107,5.5,1,0.21050052344799042,0.004785913974046707,0.24354657530784607,0.3831690847873688,0.10000000149011612,0.10000000149011612,0.10000000149011612,0.10000000149011612,0.10000000149011612,0.10000000149011612,0.10000000149011612,0.10000000149011612,0.10000000149011612,0.10000000149011612
27,GRC,Greece,2021,-9.12386703491211,-0.24244430661201477,5.5,1,0.21050052344799042,0.004785913974046707,0.24354657530784607,0.3831690847873688,0.10000000149011612,0.10000000149011612,0.10000000149011612,0.10000000149011612,0.10000000149011612,0.10000000149011612,0.10000000149011612,0.10000000149011612,0.10000000149011612,0.10000000149011612
27,GRC,Greece,2022,-9.264490127563477,-0.20327135920524597,5.5,1,0.21050052344799042,0.004785913974046707,0.24354657530784607,0.3831690847873688,0.10000000149011612,0.10000000149011612,0.10000000149011612,0.10000000149011612,0.10000000149011612,0.10000000149011612,0.10000000149011612,0.10000000149011612,0.10000000149011612,0.10000000149011612
27,GRC,Greece,2023,-10.155776977539062,-0.18686887621879578,5.5,1,0.21050052344799042,0.004785913974046707,0.24354657530784607,0.3831690847873688,0.10000000149011612,0.10000000149011612,0.10000000149011612,0.10000000149011612,0.10000000149011612,0.10000000149011612,0.10000000149011612,0.10000000149011612,0.10000000149011612,0.10000000149011612
28,HKG,Hong Kong,2018,-1.1459519863128662,-0.2970096468925476,5.5,1,1.1223636865615845,1.0890463590621948,1.3811711072921753,0.8968734741210938,0.10000000149011612,0.10000000149011612,0.10000000149011612,0.10000000149011612,0.10000000149011612,0.10000000149011612,0.10000000149011612,0.10000000149011612,0.10000000149011612,0.10000000149011612
28,HKG,Hong Kong,2019,-1.7272493839263916,-0.3485410511493683,5.5,1,1.1223636865615845,1.0890463590621948,1.3811711072921753,0.8968734741210938,0.10000000149011612,0.10000000149011612,0.10000000149011612,0.10000000149011612,0.10000000149011612,0.10000000149011612,0.10000000149011612,0.10000000149011612,0.10000000149011612,0.10000000149011612
28,HKG,Hong Kong,2020,-5.682636260986328,-0.31888845562934875,5.5,1,1.1223636865615845,1.0890463590621948,1.3811711072921753,0.8968734741210938,0.10000000149011612,0.10000000149011612,0.10000000149011612,0.10000000149011612,0.10000000149011612,0.10000000149011612,0.10000000149011612,0.10000000149011612,0.10000000149011612,0.10000000149011612
28,HKG,Hong Kong,2021,-5.362922668457031,-0.2599748969078064,5.5,1,1.1223636865615845,1.0890463590621948,1.3811711072921753,0.8968734741210938,0.10000000149011612,0.10000000149011612,0.10000000149011612,0.10000000149011612,0.10000000149011612,0.10000000149011612,0.10000000149011612,0.10000000149011612,0.10000000149011612,0.10000000149011612
28,HKG,Hong Kong,2022,-5.762137413024902,-0.24098482728004456,5.5,1,1.1223636865615845,1.0890463590621948,1.3811711072921753,0.8968734741210938,0.10000000149011612,0.10000000149011612,0.10000000149011612,0.10000000149011612,0.10000000149011612,0.10000000149011612,0.10000000149011612,0.10000000149011612,0.10000000149011612,0.10000000149011612
28,HKG,Hong Kong,2023,-5.774105072021484,-0.20036867260932922,5.5,1,1.1223636865615845,1.0890463590621948,1.3811711072921753,0.8968734741210938,0.10000000149011612,0.10000000149011612,0.10000000149011612,0.10000000149011612,0.10000000149011612,0.10000000149011612,0.10000000149011612,0.10000000149011612,0.10000000149011612,0.10000000149011612
29,HRV,Croatia,2018,-2.1691575050354004,-0.0029469504952430725,1.61793851852417,1,-0.3481642007827759,-0.2588765323162079,-0.3555670380592346,-0.4300490617752075,0.5493058562278748,0.28344959020614624,0.1672445386648178,0.0,0.0,0.0,0.0,0.0,0.0,0.0
29,HRV,Croatia,2019,-1.4451857805252075,-0.15770992636680603,1.61793851852417,1,-0.3481642007827759,-0.2588765323162079,-0.3555670380592346,-0.4300490617752075,0.5493058562278748,0.28344959020614624,0.1672445386648178,0.0,0.0,0.0,0.0,0.0,0.0,0.0
29,HRV,Croatia,2020,-1.7230193614959717,-0.2702356278896332,1.61793851852417,1,-0.3481642007827759,-0.2588765323162079,-0.3555670380592346,-0.4300490617752075,0.5493058562278748,0.28344959020614624,0.1672445386648178,0.0,0.0,0.0,0.0,0.0,0.0,0.0
29,HRV,Croatia,2021,-2.0073060989379883,-0.29443803429603577,1.61793851852417,1,-0.3481642007827759,-0.2588765323162079,-0.3555670380592346,-0.4300490617752075,0.5493058562278748,0.28344959020614624,0.1672445386648178,0.0,0.0,0.0,0.0,0.0,0.0,0.0
29,HRV,Croatia,2022,-1.4104783535003662,-0.2849189043045044,1.61793851852417,1,-0.3481642007827759,-0.2588765323162079,-0.3555670380592346,-0.4300490617752075,0.5493058562278748,0.28344959020614624,0.1672445386648178,0.0,0.0,0.0,0.0,0.0,0.0,0.0
29,HRV,Croatia,2023,-2.236304998397827,-0.30937084555625916,1.61793851852417,1,-0.3481642007827759,-0.2588765323162079,-0.3555670380592346,-0.4300490617752075,0.5493058562278748,0.28344959020614624,0.1672445386648178,0.0,0.0,0.0,0.0,0.0,0.0,0.0
30,HUN,Hungary,2018,-2.826733112335205,-0.3120449483394623,5.5,1,0.43036317825317383,0.30845627188682556,0.5491956472396851,0.4334375858306885,0.10000000149011612,0.10000000149011612,0.10000000149011612,0.10000000149011612,0.10000000149011612,0.10000000149011612,0.10000000149011612,0.10000000149011612,0.10000000149011612,0.10000000149011612
30,HUN,Hungary,2019,-3.2313930988311768,-0.3184226453304291,5.5,1,0.43036317825317383,0.30845627188682556,0.5491956472396851,0.4334375858306885,0.10000000149011612,0.10000000149011612,0.10000000149011612,0.10000000149011612,0.10000000149011612,0.10000000149011612,0.10000000149011612,0.10000000149011612,0.10000000149011612,0.10000000149011612
30,HUN,Hungary,2020,-3.419083595275879,-0.308858722448349,5.5,1,0.43036317825317383,0.30845627188682556,0.5491956472396851,0.4334375858306885,0.10000000149011612,0.10000000149011612,0.10000000149011612,0.10000000149011612,0.10000000149011612,0.10000000149011612,0.10000000149011612,0.10000000149011612,0.10000000149011612,0.10000000149011612
30,HUN,Hungary,2021,-3.8331387042999268,-0.2880818843841553,5.5,1,0.43036317825317383,0.30845627188682556,0.5491956472396851,0.4334375858306885,0.10000000149011612,0.10000000149011612,0.10000000149011612,0.10000000149011612,0.10000000149011612,0.10000000149011612,0.10000000149011612,0.10000000149011612,0.10000000149011612,0.10000000149011612
30,HUN,Hungary,2022,-4.042897701263428,-0.2703467309474945,5.5,1,0.43036317825317383,0.30845627188682556,0.5491956472396851,0.4334375858306885,0.10000000149011612,0.10000000149011612,0.10000000149011612,0.10000000149011612,0.10000000149011612,0.10000000149011612,0.10000000149011612,0.10000000149011612,0.10000000149011612,0.10000000149011612
30,HUN,Hungary,2023,-4.756733417510986,-0.2501489520072937,5.5,1,0.43036317825317383,0.30845627188682556,0.5491956472396851,0.4334375858306885,0.10000000149011612,0.10000000149011612,0.10000000149011612,0.10000000149011612,0.10000000149011612,0.10000000149011612,0.10000000149011612,0.10000000149011612,0.10000000149011612,0.10000000149011612
31,IDN,Indonesia,2018,2.64410662651062,-0.0658189132809639,5.082286357879639,5,-0.9561768174171448,-0.9402090311050415,-0.8002218008041382,-1.1280996799468994,0.029148343950510025,0.08144569396972656,0.11136262863874435,0.17375309765338898,0.20436155796051025,0.18771980702877045,0.08023761957883835,0.05879747495055199,0.050760917365550995,0.022412853315472603
31,IDN,Indonesia,2019,3.317753314971924,-0.07004547864198685,5.082286357879639,5,-0.9561768174171448,-0.9402090311050415,-0.8002218008041382,-1.1280996799468994,0.029148343950510025,0.08144569396972656,0.11136262863874435,0.17375309765338898,0.20436155796051025,0.18771980702877045,0.08023761957883835,0.05879747495055199,0.050760917365550995,0.022412853315472603
31,IDN,Indonesia,2020,2.719416856765747,-0.10867396742105484,5.082286357879639,5,-0.9561768174171448,-0.9402090311050415,-0.8002218008041382,-1.1280996799468994,0.029148343950510025,0.08144569396972656,0.11136262863874435,0.17375309765338898,0.20436155796051025,0.18771980702877045,0.08023761957883835,0.05879747495055199,0.050760917365550995,0.022412853315472603
31,IDN,Indonesia,2021,2.6682887077331543,-0.18651291728019714,5.082286357879639,5,-0.9561768174171448,-0.9402090311050415,-0.8002218008041382,-1.1280996799468994,0.029148343950510025,0.08144569396972656,0.11136262863874435,0.17375309765338898,0.20436155796051025,0.18771980702877045,0.08023761957883835,0.05879747495055199,0.050760917365550995,0.022412853315472603
31,IDN,Indonesia,2022,2.0740978717803955,-0.17029109597206116,5.082286357879639,5,-0.9561768174171448,-0.9402090311050415,-0.8002218008041382,-1.1280996799468994,0.029148343950510025,0.08144569396972656,0.11136262863874435,0.17375309765338898,0.20436155796051025,0.18771980702877045,0.08023761957883835,0.05879747495055199,0.050760917365550995,0.022412853315472603
31,IDN,Indonesia,2023,2.4188666343688965,-0.18827977776527405,5.082286357879639,5,-0.9561768174171448,-0.9402090311050415,-0.8002218008041382,-1.1280996799468994,0.029148343950510025,0.08144569396972656,0.11136262863874435,0.17375309765338898,0.20436155796051025,0.18771980702877045,0.08023761957883835,0.05879747495055199,0.050760917365550995,0.022412853315472603
32,IND,India,2018,0.023883648216724396,-0.5843300819396973,1.3162705898284912,1,-0.5800058245658875,-0.6757107377052307,-0.8220545053482056,-0.24225223064422607,0.6837295293807983,0.31627050042152405,0.0,0.0,0.0,0.0,0.0,0.0,0.0,0.0
32,IND,India,2019,-1.7109887599945068,-0.5170174837112427,1.3162705898284912,1,-0.5800058245658875,-0.6757107377052307,-0.8220545053482056,-0.24225223064422607,0.6837295293807983,0.31627050042152405,0.0,0.0,0.0,0.0,0.0,0.0,0.0,0.0
32,IND,India,2020,-2.832286834716797,-0.4256882667541504,1.3162705898284912,1,-0.5800058245658875,-0.6757107377052307,-0.8220545053482056,-0.24225223064422607,0.6837295293807983,0.31627050042152405,0.0,0.0,0.0,0.0,0.0,0.0,0.0,0.0
32,IND,India,2021,-2.1478464603424072,-0.34793707728385925,1.3162705898284912,1,-0.5800058245658875,-0.6757107377052307,-0.8220545053482056,-0.24225223064422607,0.6837295293807983,0.31627050042152405,0.0,0.0,0.0,0.0,0.0,0.0,0.0,0.0
32,IND,India,2022,-2.8932855129241943,-0.3264656662940979,1.3162705898284912,1,-0.5800058245658875,-0.6757107377052307,-0.8220545053482056,-0.24225223064422607,0.6837295293807983,0.31627050042152405,0.0,0.0,0.0,0.0,0.0,0.0,0.0,0.0
32,IND,India,2023,-2.182831048965454,-0.29126405715942383,1.3162705898284912,1,-0.5800058245658875,-0.6757107377052307,-0.8220545053482056,-0.24225223064422607,0.6837295293807983,0.31627050042152405,0.0,0.0,0.0,0.0,0.0,0.0,0.0,0.0
33,IRL,Ireland,2018,-3.2219769954681396,-0.3982834815979004,5.5,1,1.125100016593933,0.9071259498596191,1.2676217555999756,1.2005521059036255,0.10000000149011612,0.10000000149011612,0.10000000149011612,0.10000000149011612,0.10000000149011612,0.10000000149011612,0.10000000149011612,0.10000000149011612,0.10000000149011612,0.10000000149011612
33,IRL,Ireland,2019,-3.9652493000030518,-0.37796908617019653,5.5,1,1.125100016593933,0.9071259498596191,1.2676217555999756,1.2005521059036255,0.10000000149011612,0.10000000149011612,0.10000000149011612,0.10000000149011612,0.10000000149011612,0.10000000149011612,0.10000000149011612,0.10000000149011612,0.10000000149011612,0.10000000149011612
33,IRL,Ireland,2020,-4.2647223472595215,-0.34177830815315247,5.5,1,1.125100016593933,0.9071259498596191,1.2676217555999756,1.2005521059036255,0.10000000149011612,0.10000000149011612,0.10000000149011612,0.10000000149011612,0.10000000149011612,0.10000000149011612,0.10000000149011612,0.10000000149011612,0.10000000149011612,0.10000000149011612
33,IRL,Ireland,2021,-3.373614549636841,-0.2941277325153351,5.5,1,1.125100016593933,0.9071259498596191,1.2676217555999756,1.2005521059036255,0.10000000149011612,0.10000000149011612,0.10000000149011612,0.10000000149011612,0.10000000149011612,0.10000000149011612,0.10000000149011612,0.10000000149011612,0.10000000149011612,0.10000000149011612
33,IRL,Ireland,2022,-3.6817150115966797,-0.2790704071521759,5.5,1,1.125100016593933,0.9071259498596191,1.2676217555999756,1.2005521059036255,0.10000000149011612,0.10000000149011612,0.10000000149011612,0.10000000149011612,0.10000000149011612,0.10000000149011612,0.10000000149011612,0.10000000149011612,0.10000000149011612,0.10000000149011612
33,IRL,Ireland,2023,-4.387845516204834,-0.25417429208755493,5.5,1,1.125100016593933,0.9071259498596191,1.2676217555999756,1.2005521059036255,0.10000000149011612,0.10000000149011612,0.10000000149011612,0.10000000149011612,0.10000000149011612,0.10000000149011612,0.10000000149011612,0.10000000149011612,0.10000000149011612,0.10000000149011612
34,IRN,Iran,2018,0.18575511872768402,-0.24153706431388855,9.311542510986328,9,-1.425826907157898,-1.0039883852005005,-1.918333888053894,-1.3551583290100098,0.0,0.0,0.0,0.0,0.0,0.0,0.0,0.0,0.6884580254554749,0.31154197454452515
34,IRN,Iran,2019,-3.3282368183135986,0.25282415747642517,9.311542510986328,9,-1.425826907157898,-1.0039883852005005,-1.918333888053894,-1.3551583290100098,0.0,0.0,0.0,0.0,0.0,0.0,0.0,0.0,0.6884580254554749,0.31154197454452515
34,IRN,Iran,2020,-1.5740487575531006,-0.7434294819831848,9.311542510986328,9,-1.425826907157898,-1.0039883852005005,-1.918333888053894,-1.3551583290100098,0.0,0.0,0.0,0.0,0.0,0.0,0.0,0.0,0.6884580254554749,0.31154197454452515
34,IRN,Iran,2021,0.32263654470443726,-0.6232280135154724,9.311542510986328,9,-1.425826907157898,-1.0039883852005005,-1.918333888053894,-1.3551583290100098,0.0,0.0,0.0,0.0,0.0,0.0,0.0,0.0,0.6884580254554749,0.31154197454452515
34,IRN,Iran,2022,0.009564151056110859,0.22155433893203735,9.311542510986328,9,-1.425826907157898,-1.0039883852005005,-1.918333888053894,-1.3551583290100098,0.0,0.0,0.0,0.0,0.0,0.0,0.0,0.0,0.6884580254554749,0.31154197454452515
34,IRN,Iran,2023,-0.9724723696708679,0.11168905347585678,9.311542510986328,9,-1.425826907157898,-1.0039883852005005,-1.918333888053894,-1.3551583290100098,0.0,0.0,0.0,0.0,0.0,0.0,0.0,0.0,0.6884580254554749,0.31154197454452515
35,IRQ,Iraq,2018,1.4125878810882568,0.42967814207077026,3.587289810180664,1,-2.0568058490753174,-2.0972113609313965,-2.079011917114258,-1.9941946268081665,0.19519352912902832,0.1877327412366867,0.17623716592788696,0.14086021482944489,0.101455919444561,0.07558221369981766,0.05862537398934364,0.03495553880929947,0.019889479503035545,0.00946784671396017
35,IRQ,Iraq,2019,1.0280742645263672,0.46802854537963867,3.587289810180664,1,-2.0568058490753174,-2.0972113609313965,-2.079011917114258,-1.9941946268081665,0.19519352912902832,0.1877327412366867,0.17623716592788696,0.14086021482944489,0.101455919444561,0.07558221369981766,0.05862537398934364,0.03495553880929947,0.019889479503035545,0.00946784671396017
35,IRQ,Iraq,2020,1.1829884052276611,0.42245301604270935,3.587289810180664,1,-2.0568058490753174,-2.0972113609313965,-2.079011917114258,-1.9941946268081665,0.19519352912902832,0.1877327412366867,0.17623716592788696,0.14086021482944489,0.101455919444561,0.07558221369981766,0.05862537398934364,0.03495553880929947,0.019889479503035545,0.00946784671396017
35,IRQ,Iraq,2021,1.2868479490280151,0.4536266326904297,3.587289810180664,1,-2.0568058490753174,-2.0972113609313965,-2.079011917114258,-1.9941946268081665,0.19519352912902832,0.1877327412366867,0.17623716592788696,0.14086021482944489,0.101455919444561,0.07558221369981766,0.05862537398934364,0.03495553880929947,0.019889479503035545,0.00946784671396017
35,IRQ,Iraq,2022,1.606886863708496,0.44102296233177185,3.587289810180664,1,-2.0568058490753174,-2.0972113609313965,-2.079011917114258,-1.9941946268081665,0.19519352912902832,0.1877327412366867,0.17623716592788696,0.14086021482944489,0.101455919444561,0.07558221369981766,0.05862537398934364,0.03495553880929947,0.019889479503035545,0.00946784671396017
35,IRQ,Iraq,2023,1.6270170211791992,0.3906496465206146,3.587289810180664,1,-2.0568058490753174,-2.0972113609313965,-2.079011917114258,-1.9941946268081665,0.19519352912902832,0.1877327412366867,0.17623716592788696,0.14086021482944489,0.101455919444561,0.07558221369981766,0.05862537398934364,0.03495553880929947,0.019889479503035545,0.00946784671396017
36,ISL,Iceland,2018,2.5240752696990967,-0.16954433917999268,6.691354751586914,6,1.1885734796524048,1.2342337369918823,0.9549963474273682,1.376490592956543,0.0,0.0,0.0,0.0420847125351429,0.21485064923763275,0.3134795129299164,0.13335879147052765,0.11152160167694092,0.10484544932842255,0.07985927164554596
36,ISL,Iceland,2019,2.4789857864379883,-0.2914588749408722,6.691354751586914,6,1.1885734796524048,1.2342337369918823,0.9549963474273682,1.376490592956543,0.0,0.0,0.0,0.0420847125351429,0.21485064923763275,0.3134795129299164,0.13335879147052765,0.11152160167694092,0.10484544932842255,0.07985927164554596
36,ISL,Iceland,2020,1.9529410600662231,-0.34257304668426514,6.691354751586914,6,1.1885734796524048,1.2342337369918823,0.9549963474273682,1.376490592956543,0.0,0.0,0.0,0.0420847125351429,0.21485064923763275,0.3134795129299164,0.13335879147052765,0.11152160167694092,0.10484544932842255,0.07985927164554596
36,ISL,Iceland,2021,1.6373142004013062,-0.3419276475906372,6.691354751586914,6,1.1885734796524048,1.2342337369918823,0.9549963474273682,1.376490592956543,0.0,0.0,0.0,0.0420847125351429,0.21485064923763275,0.3134795129299164,0.13335879147052765,0.11152160167694092,0.10484544932842255,0.07985927164554596
36,ISL,Iceland,2022,1.38180673122406,-0.36011192202568054,6.691354751586914,6,1.1885734796524048,1.2342337369918823,0.9549963474273682,1.376490592956543,0.0,0.0,0.0,0.0420847125351429,0.21485064923763275,0.3134795129299164,0.13335879147052765,0.11152160167694092,0.10484544932842255,0.07985927164554596
36,ISL,Iceland,2023,2.3587470054626465,-0.38146302103996277,6.691354751586914,6,1.1885734796524048,1.2342337369918823,0.9549963474273682,1.376490592956543,0.0,0.0,0.0,0.0420847125351429,0.21485064923763275,0.3134795129299164,0.13335879147052765,0.11152160167694092,0.10484544932842255,0.07985927164554596
37,ISR,Israel,2018,-6.285995006561279,-0.37489357590675354,5.5,1,0.6414921283721924,0.9020118117332458,0.48677289485931396,0.5356917977333069,0.10000000149011612,0.10000000149011612,0.10000000149011612,0.10000000149011612,0.10000000149011612,0.10000000149011612,0.10000000149011612,0.10000000149011612,0.10000000149011612,0.10000000149011612
37,ISR,Israel,2019,-6.490711212158203,-0.37122246623039246,5.5,1,0.6414921283721924,0.9020118117332458,0.48677289485931396,0.5356917977333069,0.10000000149011612,0.10000000149011612,0.10000000149011612,0.10000000149011612,0.10000000149011612,0.10000000149011612,0.10000000149011612,0.10000000149011612,0.10000000149011612,0.10000000149011612
37,ISR,Israel,2020,-7.341547966003418,-0.292633980512619,5.5,1,0.6414921283721924,0.9020118117332458,0.48677289485931396,0.5356917977333069,0.10000000149011612,0.10000000149011612,0.10000000149011612,0.10000000149011612,0.10000000149011612,0.10000000149011612,0.10000000149011612,0.10000000149011612,0.10000000149011612,0.10000000149011612
37,ISR,Israel,2021,-8.057387351989746,-0.23046967387199402,5.5,1,0.6414921283721924,0.9020118117332458,0.48677289485931396,0.5356917977333069,0.10000000149011612,0.10000000149011612,0.10000000149011612,0.10000000149011612,0.10000000149011612,0.10000000149011612,0.10000000149011612,0.10000000149011612,0.10000000149011612,0.10000000149011612
37,ISR,Israel,2022,-8.405094146728516,-0.19242769479751587,5.5,1,0.6414921283721924,0.9020118117332458,0.48677289485931396,0.5356917977333069,0.10000000149011612,0.10000000149011612,0.10000000149011612,0.10000000149011612,0.10000000149011612,0.10000000149011612,0.10000000149011612,0.10000000149011612,0.10000000149011612,0.10000000149011612
37,ISR,Israel,2023,-9.675131797790527,-0.1692638397216797,5.5,1,0.6414921283721924,0.9020118117332458,0.48677289485931396,0.5356917977333069,0.10000000149011612,0.10000000149011612,0.10000000149011612,0.10000000149011612,0.10000000149011612,0.10000000149011612,0.10000000149011612,0.10000000149011612,0.10000000149011612,0.10000000149011612
38,ITA,Italy,2018,-5.143430233001709,-0.24573710560798645,5.5,1,0.23468120396137238,0.07437334209680557,0.34910762310028076,0.28056269884109497,0.10000000149011612,0.10000000149011612,0.10000000149011612,0.10000000149011612,0.10000000149011612,0.10000000149011612,0.10000000149011612,0.10000000149011612,0.10000000149011612,0.10000000149011612
38,ITA,Italy,2019,-5.74995231628418,-0.2931148111820221,5.5,1,0.23468120396137238,0.07437334209680557,0.34910762310028076,0.28056269884109497,0.10000000149011612,0.10000000149011612,0.10000000149011612,0.10000000149011612,0.10000000149011612,0.10000000149011612,0.10000000149011612,0.10000000149011612,0.10000000149011612,0.10000000149011612
38,ITA,Italy,2020,-6.417283058166504,-0.2992052137851715,5.5,1,0.23468120396137238,0.07437334209680557,0.34910762310028076,0.28056269884109497,0.10000000149011612,0.10000000149011612,0.10000000149011612,0.10000000149011612,0.10000000149011612,0.10000000149011612,0.10000000149011612,0.10000000149011612,0.10000000149011612,0.10000000149011612
38,ITA,Italy,2021,-6.226283073425293,-0.27825281023979187,5.5,1,0.23468120396137238,0.07437334209680557,0.34910762310028076,0.28056269884109497,0.10000000149011612,0.10000000149011612,0.10000000149011612,0.10000000149011612,0.10000000149011612,0.10000000149011612,0.10000000149011612,0.10000000149011612,0.10000000149011612,0.10000000149011612
38,ITA,Italy,2022,-4.716213703155518,-0.26281532645225525,5.5,1,0.23468120396137238,0.07437334209680557,0.34910762310028076,0.28056269884109497,0.10000000149011612,0.10000000149011612,0.10000000149011612,0.10000000149011612,0.10000000149011612,0.10000000149011612,0.10000000149011612,0.10000000149011612,0.10000000149011612,0.10000000149011612
38,ITA,Italy,2023,-6.842550277709961,-0.2610498368740082,5.5,1,0.23468120396137238,0.07437334209680557,0.34910762310028076,0.28056269884109497,0.10000000149011612,0.10000000149011612,0.10000000149011612,0.10000000149011612,0.10000000149011612,0.10000000149011612,0.10000000149011612,0.10000000149011612,0.10000000149011612,0.10000000149011612
39,JPN,Japan,2018,3.7277371883392334,-0.41596147418022156,5.378322601318359,6,0.7284886837005615,0.8470459580421448,0.45311596989631653,0.8853041529655457,0.10256466269493103,0.08444271236658096,0.08761188387870789,0.10728427767753601,0.1296001374721527,0.13064166903495789,0.10842078924179077,0.09059088677167892,0.08905351907014847,0.06978945434093475
39,JPN,Japan,2019,3.204775810241699,-0.3364899456501007,5.378322601318359,6,0.7284886837005615,0.8470459580421448,0.45311596989631653,0.8853041529655457,0.10256466269493103,0.08444271236658096,0.08761188387870789,0.10728427767753601,0.1296001374721527,0.13064166903495789,0.10842078924179077,0.09059088677167892,0.08905351907014847,0.06978945434093475
39,JPN,Japan,2020,3.1749613285064697,-0.27825549244880676,5.378322601318359,6,0.7284886837005615,0.8470459580421448,0.45311596989631653,0.8853041529655457,0.10256466269493103,0.08444271236658096,0.08761188387870789,0.10728427767753601,0.1296001374721527,0.13064166903495789,0.10842078924179077,0.09059088677167892,0.08905351907014847,0.06978945434093475
39,JPN,Japan,2021,2.640718698501587,-0.24512597918510437,5.378322601318359,6,0.7284886837005615,0.8470459580421448,0.45311596989631653,0.8853041529655457,0.10256466269493103,0.08444271236658096,0.08761188387870789,0.10728427767753601,0.1296001374721527,0.13064166903495789,0.10842078924179077,0.09059088677167892,0.08905351907014847,0.06978945434093475
39,JPN,Japan,2022,2.846599578857422,-0.21861228346824646,5.378322601318359,6,0.7284886837005615,0.8470459580421448,0.45311596989631653,0.8853041529655457,0.10256466269493103,0.08444271236658096,0.08761188387870789,0.10728427767753601,0.1296001374721527,0.13064166903495789,0.10842078924179077,0.09059088677167892,0.08905351907014847,0.06978945434093475
39,JPN,Japan,2023,1.7527316808700562,-0.18039706349372864,5.378322601318359,6,0.7284886837005615,0.8470459580421448,0.45311596989631653,0.8853041529655457,0.10256466269493103,0.08444271236658096,0.08761188387870789,0.10728427767753601,0.1296001374721527,0.13064166903495789,0.10842078924179077,0.09059088677167892,0.08905351907014847,0.06978945434093475
40,KAZ,Kazakhstan,2018,1.5828030109405518,0.39548245072364807,4.838817119598389,1,-1.2722676992416382,-1.3743125200271606,-1.0817227363586426,-1.3607680797576904,0.13931652903556824,0.12027855962514877,0.10705389827489853,0.13096310198307037,0.11264379322528839,0.08928541094064713,0.08100946247577667,0.08463528752326965,0.07729033380746841,0.057523634284734726
40,KAZ,Kazakhstan,2019,1.5101414918899536,0.441360205411911,4.838817119598389,1,-1.2722676992416382,-1.3743125200271606,-1.0817227363586426,-1.3607680797576904,0.13931652903556824,0.12027855962514877,0.10705389827489853,0.13096310198307037,0.11264379322528839,0.08928541094064713,0.08100946247577667,0.08463528752326965,0.07729033380746841,0.057523634284734726
40,KAZ,Kazakhstan,2020,1.363572597503662,0.31124094128608704,4.838817119598389,1,-1.2722676992416382,-1.3743125200271606,-1.0817227363586426,-1.3607680797576904,0.13931652903556824,0.12027855962514877,0.10705389827489853,0.13096310198307037,0.11264379322528839,0.08928541094064713,0.08100946247577667,0.08463528752326965,0.07729033380746841,0.057523634284734726
40,KAZ,Kazakhstan,2021,1.2543725967407227,0.03220238536596298,4.838817119598389,1,-1.2722676992416382,-1.3743125200271606,-1.0817227363586426,-1.3607680797576904,0.13931652903556824,0.12027855962514877,0.10705389827489853,0.13096310198307037,0.11264379322528839,0.08928541094064713,0.08100946247577667,0.08463528752326965,0.07729033380746841,0.057523634284734726
40,KAZ,Kazakhstan,2022,1.1613658666610718,0.026590369641780853,4.838817119598389,1,-1.2722676992416382,-1.3743125200271606,-1.0817227363586426,-1.3607680797576904,0.13931652903556824,0.12027855962514877,0.10705389827489853,0.13096310198307037,0.11264379322528839,0.08928541094064713,0.08100946247577667,0.08463528752326965,0.07729033380746841,0.057523634284734726
40,KAZ,Kazakhstan,2023,0.9807498455047607,-0.20992884039878845,4.838817119598389,1,-1.2722676992416382,-1.3743125200271606,-1.0817227363586426,-1.3607680797576904,0.13931652903556824,0.12027855962514877,0.10705389827489853,0.13096310198307037,0.11264379322528839,0.08928541094064713,0.08100946247577667,0.08463528752326965,0.07729033380746841,0.057523634284734726
41,KOR,South Korea,2018,3.200753688812256,-0.37598875164985657,3.5442206859588623,1,0.34772443771362305,0.4346860945224762,0.1522836983203888,0.45620352029800415,0.7173088192939758,0.0,0.0,0.0,0.0,0.0,0.0,0.0,0.0,0.28269118070602417
41,KOR,South Korea,2019,1.7671101093292236,-0.3010823726654053,3.5442206859588623,1,0.34772443771362305,0.4346860945224762,0.1522836983203888,0.45620352029800415,0.7173088192939758,0.0,0.0,0.0,0.0,0.0,0.0,0.0,0.0,0.28269118070602417
41,KOR,South Korea,2020,-0.8152863383293152,-0.24715611338615417,3.5442206859588623,1,0.34772443771362305,0.4346860945224762,0.1522836983203888,0.45620352029800415,0.7173088192939758,0.0,0.0,0.0,0.0,0.0,0.0,0.0,0.0,0.28269118070602417
41,KOR,South Korea,2021,-0.6951596140861511,-0.20483306050300598,3.5442206859588623,1,0.34772443771362305,0.4346860945224762,0.1522836983203888,0.45620352029800415,0.7173088192939758,0.0,0.0,0.0,0.0,0.0,0.0,0.0,0.0,0.28269118070602417
41,KOR,South Korea,2022,-2.0999202728271484,-0.1781907081604004,3.5442206859588623,1,0.34772443771362305,0.4346860945224762,0.1522836983203888,0.45620352029800415,0.7173088192939758,0.0,0.0,0.0,0.0,0.0,0.0,0.0,0.0,0.28269118070602417
41,KOR,South Korea,2023,-2.8068954944610596,-0.15519505739212036,3.5442206859588623,1,0.34772443771362305,0.4346860945224762,0.1522836983203888,0.45620352029800415,0.7173088192939758,0.0,0.0,0.0,0.0,0.0,0.0,0.0,0.0,0.28269118070602417
42,KWT,Kuwait,2018,-6.3546881675720215,-0.3289824426174164,5.5,1,-0.23261572420597076,-0.458217591047287,-0.3800378143787384,0.1404082179069519,0.10000000149011612,0.10000000149011612,0.10000000149011612,0.10000000149011612,0.10000000149011612,0.10000000149011612,0.10000000149011612,0.10000000149011612,0.10000000149011612,0.10000000149011612
42,KWT,Kuwait,2019,-7.2538886070251465,-0.3789199888706207,5.5,1,-0.23261572420597076,-0.458217591047287,-0.3800378143787384,0.1404082179069519,0.10000000149011612,0.10000000149011612,0.10000000149011612,0.10000000149011612,0.10000000149011612,0.10000000149011612,0.10000000149011612,0.10000000149011612,0.10000000149011612,0.10000000149011612
42,KWT,Kuwait,2020,-6.158499240875244,-0.39291679859161377,5.5,1,-0.23261572420597076,-0.458217591047287,-0.3800378143787384,0.1404082179069519,0.10000000149011612,0.10000000149011612,0.10000000149011612,0.10000000149011612,0.10000000149011612,0.10000000149011612,0.10000000149011612,0.10000000149011612,0.10000000149011612,0.10000000149011612
42,KWT,Kuwait,2021,-7.0740485191345215,-0.3927670419216156,5.5,1,-0.23261572420597076,-0.458217591047287,-0.3800378143787384,0.1404082179069519,0.10000000149011612,0.10000000149011612,0.10000000149011612,0.10000000149011612,0.10000000149011612,0.10000000149011612,0.10000000149011612,0.10000000149011612,0.10000000149011612,0.10000000149011612
42,KWT,Kuwait,2022,-27.902793884277344,-0.3869418799877167,5.5,1,-0.23261572420597076,-0.458217591047287,-0.3800378143787384,0.1404082179069519,0.10000000149011612,0.10000000149011612,0.10000000149011612,0.10000000149011612,0.10000000149011612,0.10000000149011612,0.10000000149011612,0.10000000149011612,0.10000000149011612,0.10000000149011612
42,KWT,Kuwait,2023,-27.870094299316406,-0.3794849216938019,5.5,1,-0.23261572420597076,-0.458217591047287,-0.3800378143787384,0.1404082179069519,0.10000000149011612,0.10000000149011612,0.10000000149011612,0.10000000149011612,0.10000000149011612,0.10000000149011612,0.10000000149011612,0.10000000149011612,0.10000000149011612,0.10000000149011612
43,LKA,Sri Lanka,2018,2.3601856231689453,0.3952983319759369,4.299148082733154,3,-0.550111711025238,-0.720518171787262,-0.5627866387367249,-0.36703041195869446,0.03785669431090355,0.15507258474826813,0.20851561427116394,0.20535656809806824,0.13448919355869293,0.09125933796167374,0.09542153775691986,0.034430619329214096,0.0352032333612442,0.002394622890278697
43,LKA,Sri Lanka,2019,4.711722373962402,0.18372312188148499,4.299148082733154,3,-0.550111711025238,-0.720518171787262,-0.5627866387367249,-0.36703041195869446,0.03785669431090355,0.15507258474826813,0.20851561427116394,0.20535656809806824,0.13448919355869293,0.09125933796167374,0.09542153775691986,0.034430619329214096,0.0352032333612442,0.002394622890278697
43,LKA,Sri Lanka,2020,4.523720741271973,0.4684673845767975,4.299148082733154,3,-0.550111711025238,-0.720518171787262,-0.5627866387367249,-0.36703041195869446,0.03785669431090355,0.15507258474826813,0.20851561427116394,0.20535656809806824,0.13448919355869293,0.09125933796167374,0.09542153775691986,0.034430619329214096,0.0352032333612442,0.002394622890278697
43,LKA,Sri Lanka,2021,1.3256715536117554,0.3832668960094452,4.299148082733154,3,-0.550111711025238,-0.720518171787262,-0.5627866387367249,-0.36703041195869446,0.03785669431090355,0.15507258474826813,0.20851561427116394,0.20535656809806824,0.13448919355869293,0.09125933796167374,0.09542153775691986,0.034430619329214096,0.0352032333612442,0.002394622890278697
43,LKA,Sri Lanka,2022,4.413687705993652,-0.6464700102806091,4.299148082733154,3,-0.550111711025238,-0.720518171787262,-0.5627866387367249,-0.36703041195869446,0.03785669431090355,0.15507258474826813,0.20851561427116394,0.20535656809806824,0.13448919355869293,0.09125933796167374,0.09542153775691986,0.034430619329214096,0.0352032333612442,0.002394622890278697
43,LKA,Sri Lanka,2023,4.413687705993652,-0.4329032599925995,4.299148082733154,3,-0.550111711025238,-0.720518171787262,-0.5627866387367249,-0.36703041195869446,0.03785669431090355,0.15507258474826813,0.20851561427116394,0.20535656809806824,0.13448919355869293,0.09125933796167374,0.09542153775691986,0.034430619329214096,0.0352032333612442,0.002394622890278697
44,LTU,Lithuania,2018,0.5927717685699463,-0.09731335192918777,5.318553924560547,5,0.11791292577981949,-0.0774189680814743,0.3881412148475647,0.043016545474529266,0.08509472757577896,0.04240870475769043,0.0740099623799324,0.15137603878974915,0.20573478937149048,0.16098326444625854,0.08753379434347153,0.07471635937690735,0.06535648554563522,0.05278581753373146
44,LTU,Lithuania,2019,0.5042790174484253,-0.12127078324556351,5.318553924560547,5,0.11791292577981949,-0.0774189680814743,0.3881412148475647,0.043016545474529266,0.08509472757577896,0.04240870475769043,0.0740099623799324,0.15137603878974915,0.20573478937149048,0.16098326444625854,0.08753379434347153,0.07471635937690735,0.06535648554563522,0.05278581753373146
44,LTU,Lithuania,2020,1.2348809242248535,-0.1370983123779297,5.318553924560547,5,0.11791292577981949,-0.0774189680814743,0.3881412148475647,0.043016545474529266,0.08509472757577896,0.04240870475769043,0.0740099623799324,0.15137603878974915,0.20573478937149048,0.16098326444625854,0.08753379434347153,0.07471635937690735,0.06535648554563522,0.05278581753373146
44,LTU,Lithuania,2021,1.103811502456665,-0.15174895524978638,5.318553924560547,5,0.11791292577981949,-0.0774189680814743,0.3881412148475647,0.043016545474529266,0.08509472757577896,0.04240870475769043,0.0740099623799324,0.15137603878974915,0.20573478937149048,0.16098326444625854,0.08753379434347153,0.07471635937690735,0.06535648554563522,0.05278581753373146
44,LTU,Lithuania,2022,0.6238992810249329,-0.16116678714752197,5.318553924560547,5,0.11791292577981949,-0.0774189680814743,0.3881412148475647,0.043016545474529266,0.08509472757577896,0.04240870475769043,0.0740099623799324,0.15137603878974915,0.20573478937149048,0.16098326444625854,0.08753379434347153,0.07471635937690735,0.06535648554563522,0.05278581753373146
44,LTU,Lithuania,2023,-0.08893253654241562,-0.16345947980880737,5.318553924560547,5,0.11791292577981949,-0.0774189680814743,0.3881412148475647,0.043016545474529266,0.08509472757577896,0.04240870475769043,0.0740099623799324,0.15137603878974915,0.20573478937149048,0.16098326444625854,0.08753379434347153,0.07471635937690735,0.06535648554563522,0.05278581753373146
45,LUX,Luxembourg,2018,-2.6616039276123047,-0.2109905481338501,5.5,1,1.3627294301986694,1.4299343824386597,1.3163741827011108,1.3418793678283691,0.10000000149011612,0.10000000149011612,0.10000000149011612,0.10000000149011612,0.10000000149011612,0.10000000149011612,0.10000000149011612,0.10000000149011612,0.10000000149011612,0.10000000149011612
45,LUX,Luxembourg,2019,-3.0985145568847656,-0.25567376613616943,5.5,1,1.3627294301986694,1.4299343824386597,1.3163741827011108,1.3418793678283691,0.10000000149011612,0.10000000149011612,0.10000000149011612,0.10000000149011612,0.10000000149011612,0.10000000149011612,0.10000000149011612,0.10000000149011612,0.10000000149011612,0.10000000149011612
45,LUX,Luxembourg,2020,-3.1957318782806396,-0.2646845579147339,5.5,1,1.3627294301986694,1.4299343824386597,1.3163741827011108,1.3418793678283691,0.10000000149011612,0.10000000149011612,0.10000000149011612,0.10000000149011612,0.10000000149011612,0.10000000149011612,0.10000000149011612,0.10000000149011612,0.10000000149011612,0.10000000149011612
45,LUX,Luxembourg,2021,-3.2258713245391846,-0.24306872487068176,5.5,1,1.3627294301986694,1.4299343824386597,1.3163741827011108,1.3418793678283691,0.10000000149011612,0.10000000149011612,0.10000000149011612,0.10000000149011612,0.10000000149011612,0.10000000149011612,0.10000000149011612,0.10000000149011612,0.10000000149011612,0.10000000149011612
45,LUX,Luxembourg,2022,-3.72668719291687,-0.2249382734298706,5.5,1,1.3627294301986694,1.4299343824386597,1.3163741827011108,1.3418793678283691,0.10000000149011612,0.10000000149011612,0.10000000149011612,0.10000000149011612,0.10000000149011612,0.10000000149011612,0.10000000149011612,0.10000000149011612,0.10000000149011612,0.10000000149011612
45,LUX,Luxembourg,2023,-4.158839225769043,-0.2079748809337616,5.5,1,1.3627294301986694,1.4299343824386597,1.3163741827011108,1.3418793678283691,0.10000000149011612,0.10000000149011612,0.10000000149011612,0.10000000149011612,0.10000000149011612,0.10000000149011612,0.10000000149011612,0.10000000149011612,0.10000000149011612,0.10000000149011612
46,LVA,Latvia,2018,2.136277437210083,-0.050393082201480865,5.5,1,0.05672547221183777,-0.19147229194641113,0.368137001991272,-0.006488294806331396,0.10000000149011612,0.10000000149011612,0.10000000149011612,0.10000000149011612,0.10000000149011612,0.10000000149011612,0.10000000149011612,0.10000000149011612,0.10000000149011612,0.10000000149011612
46,LVA,Latvia,2019,2.451484441757202,-0.2264854907989502,5.5,1,0.05672547221183777,-0.19147229194641113,0.368137001991272,-0.006488294806331396,0.10000000149011612,0.10000000149011612,0.10000000149011612,0.10000000149011612,0.10000000149011612,0.10000000149011612,0.10000000149011612,0.10000000149011612,0.10000000149011612,0.10000000149011612
46,LVA,Latvia,2020,0.5582294464111328,-0.15775975584983826,5.5,1,0.05672547221183777,-0.19147229194641113,0.368137001991272,-0.006488294806331396,0.10000000149011612,0.10000000149011612,0.10000000149011612,0.10000000149011612,0.10000000149011612,0.10000000149011612,0.10000000149011612,0.10000000149011612,0.10000000149011612,0.10000000149011612
46,LVA,Latvia,2021,0.538101315498352,-0.34832334518432617,5.5,1,0.05672547221183777,-0.19147229194641113,0.368137001991272,-0.006488294806331396,0.10000000149011612,0.10000000149011612,0.10000000149011612,0.10000000149011612,0.10000000149011612,0.10000000149011612,0.10000000149011612,0.10000000149011612,0.10000000149011612,0.10000000149011612
46,LVA,Latvia,2022,-1.1075773239135742,-0.3693026602268219,5.5,1,0.05672547221183777,-0.19147229194641113,0.368137001991272,-0.006488294806331396,0.10000000149011612,0.10000000149011612,0.10000000149011612,0.10000000149011612,0.10000000149011612,0.10000000149011612,0.10000000149011612,0.10000000149011612,0.10000000149011612,0.10000000149011612
46,LVA,Latvia,2023,-1.7468478679656982,-0.35368627309799194,5.5,1,0.05672547221183777,-0.19147229194641113,0.368137001991272,-0.006488294806331396,0.10000000149011612,0.10000000149011612,0.10000000149011612,0.10000000149011612,0.10000000149011612,0.10000000149011612,0.10000000149011612,0.10000000149011612,0.10000000149011612,0.10000000149011612
47,MAR,Morocco,2018,-2.0527760982513428,-0.4770498275756836,1.230891227722168,1,-0.5677001476287842,-0.5921026468276978,-0.603592574596405,-0.5074053406715393,0.7971333265304565,0.1748422235250473,0.028024453669786453,0.0,0.0,0.0,0.0,0.0,0.0,0.0
47,MAR,Morocco,2019,-1.840488076210022,-0.33904874324798584,1.230891227722168,1,-0.5677001476287842,-0.5921026468276978,-0.603592574596405,-0.5074053406715393,0.7971333265304565,0.1748422235250473,0.028024453669786453,0.0,0.0,0.0,0.0,0.0,0.0,0.0
47,MAR,Morocco,2020,-1.5523828268051147,-0.2864103615283966,1.230891227722168,1,-0.5677001476287842,-0.5921026468276978,-0.603592574596405,-0.5074053406715393,0.7971333265304565,0.1748422235250473,0.028024453669786453,0.0,0.0,0.0,0.0,0.0,0.0,0.0
47,MAR,Morocco,2021,-1.670159101486206,-0.2803967297077179,1.230891227722168,1,-0.5677001476287842,-0.5921026468276978,-0.603592574596405,-0.5074053406715393,0.7971333265304565,0.1748422235250473,0.028024453669786453,0.0,0.0,0.0,0.0,0.0,0.0,0.0
47,MAR,Morocco,2022,-1.1988462209701538,-0.28200456500053406,1.230891227722168,1,-0.5677001476287842,-0.5921026468276978,-0.603592574596405,-0.5074053406715393,0.7971333265304565,0.1748422235250473,0.028024453669786453,0.0,0.0,0.0,0.0,0.0,0.0,0.0
47,MAR,Morocco,2023,-2.160374164581299,-0.2930585443973541,1.230891227722168,1,-0.5677001476287842,-0.5921026468276978,-0.603592574596405,-0.5074053406715393,0.7971333265304565,0.1748422235250473,0.028024453669786453,0.0,0.0,0.0,0.0,0.0,0.0,0.0
48,MEX,Mexico,2018,-1.2096426486968994,-0.0006381049752235413,1.5852670669555664,1,-0.4911726713180542,-0.5113726854324341,-0.13761571049690247,-0.8245296478271484,0.5853191018104553,0.35064953565597534,0.04880928620696068,0.0,0.0,0.0,0.0,0.0,0.0,0.015222110785543919
48,MEX,Mexico,2019,-1.0846872329711914,-0.24438026547431946,1.5852670669555664,1,-0.4911726713180542,-0.5113726854324341,-0.13761571049690247,-0.8245296478271484,0.5853191018104553,0.35064953565597534,0.04880928620696068,0.0,0.0,0.0,0.0,0.0,0.0,0.015222110785543919
48,MEX,Mexico,2020,-3.962113618850708,-0.3458876311779022,1.5852670669555664,1,-0.4911726713180542,-0.5113726854324341,-0.13761571049690247,-0.8245296478271484,0.5853191018104553,0.35064953565597534,0.04880928620696068,0.0,0.0,0.0,0.0,0.0,0.0,0.015222110785543919
48,MEX,Mexico,2021,-5.881318092346191,-0.3702820837497711,1.5852670669555664,1,-0.4911726713180542,-0.5113726854324341,-0.13761571049690247,-0.8245296478271484,0.5853191018104553,0.35064953565597534,0.04880928620696068,0.0,0.0,0.0,0.0,0.0,0.0,0.015222110785543919
48,MEX,Mexico,2022,-5.320054531097412,-0.3388972878456116,1.5852670669555664,1,-0.4911726713180542,-0.5113726854324341,-0.13761571049690247,-0.8245296478271484,0.5853191018104553,0.35064953565597534,0.04880928620696068,0.0,0.0,0.0,0.0,0.0,0.0,0.015222110785543919
48,MEX,Mexico,2023,-3.6169328689575195,-0.3381247818470001,1.5852670669555664,1,-0.4911726713180542,-0.5113726854324341,-0.13761571049690247,-0.8245296478271484,0.5853191018104553,0.35064953565597534,0.04880928620696068,0.0,0.0,0.0,0.0,0.0,0.0,0.015222110785543919
49,MKD,North Macedonia,2018,-4.225182056427002,-0.07504675537347794,2.34936261177063,1,-0.8401430249214172,-0.9831662178039551,-0.6911687254905701,-0.8460942506790161,0.45379167795181274,0.2815417945384979,0.13307689130306244,0.0,0.0,0.04995650425553322,0.04449423402547836,0.018346186727285385,0.012638418935239315,0.006154283881187439
49,MKD,North Macedonia,2019,-2.3085620403289795,-0.25860944390296936,2.34936261177063,1,-0.8401430249214172,-0.9831662178039551,-0.6911687254905701,-0.8460942506790161,0.45379167795181274,0.2815417945384979,0.13307689130306244,0.0,0.0,0.04995650425553322,0.04449423402547836,0.018346186727285385,0.012638418935239315,0.006154283881187439
49,MKD,North Macedonia,2020,-3.7089016437530518,-0.12334457784891129,2.34936261177063,1,-0.8401430249214172,-0.9831662178039551,-0.6911687254905701,-0.8460942506790161,0.45379167795181274,0.2815417945384979,0.13307689130306244,0.0,0.0,0.04995650425553322,0.04449423402547836,0.018346186727285385,0.012638418935239315,0.006154283881187439
49,MKD,North Macedonia,2021,-4.82833194732666,-0.3643324673175812,2.34936261177063,1,-0.8401430249214172,-0.9831662178039551,-0.6911687254905701,-0.8460942506790161,0.45379167795181274,0.2815417945384979,0.13307689130306244,0.0,0.0,0.04995650425553322,0.04449423402547836,0.018346186727285385,0.012638418935239315,0.006154283881187439
49,MKD,North Macedonia,2022,-3.69097900390625,-0.4065437614917755,2.34936261177063,1,-0.8401430249214172,-0.9831662178039551,-0.6911687254905701,-0.8460942506790161,0.45379167795181274,0.2815417945384979,0.13307689130306244,0.0,0.0,0.04995650425553322,0.04449423402547836,0.018346186727285385,0.012638418935239315,0.006154283881187439
49,MKD,North Macedonia,2023,-4.7387189865112305,-0.4104755222797394,2.34936261177063,1,-0.8401430249214172,-0.9831662178039551,-0.6911687254905701,-0.8460942506790161,0.45379167795181274,0.2815417945384979,0.13307689130306244,0.0,0.0,0.04995650425553322,0.04449423402547836,0.018346186727285385,0.012638418935239315,0.006154283881187439
50,MYS,Malaysia,2018,0.02772342786192894,-0.22496134042739868,5.5,1,0.11615476757287979,0.3967877924442291,0.08836042881011963,-0.1366838961839676,0.10000000149011612,0.10000000149011612,0.10000000149011612,0.10000000149011612,0.10000000149011612,0.10000000149011612,0.10000000149011612,0.10000000149011612,0.10000000149011612,0.10000000149011612
50,MYS,Malaysia,2019,-0.08382336795330048,-0.20687982439994812,5.5,1,0.11615476757287979,0.3967877924442291,0.08836042881011963,-0.1366838961839676,0.10000000149011612,0.10000000149011612,0.10000000149011612,0.10000000149011612,0.10000000149011612,0.10000000149011612,0.10000000149011612,0.10000000149011612,0.10000000149011612,0.10000000149011612
50,MYS,Malaysia,2020,0.11602042615413666,-0.2227100133895874,5.5,1,0.11615476757287979,0.3967877924442291,0.08836042881011963,-0.1366838961839676,0.10000000149011612,0.10000000149011612,0.10000000149011612,0.10000000149011612,0.10000000149011612,0.10000000149011612,0.10000000149011612,0.10000000149011612,0.10000000149011612,0.10000000149011612
50,MYS,Malaysia,2021,-0.4654858112335205,-0.2236805260181427,5.5,1,0.11615476757287979,0.3967877924442291,0.08836042881011963,-0.1366838961839676,0.10000000149011612,0.10000000149011612,0.10000000149011612,0.10000000149011612,0.10000000149011612,0.10000000149011612,0.10000000149011612,0.10000000149011612,0.10000000149011612,0.10000000149011612
50,MYS,Malaysia,2022,-0.6587987542152405,-0.21598711609840393,5.5,1,0.11615476757287979,0.3967877924442291,0.08836042881011963,-0.1366838961839676,0.10000000149011612,0.10000000149011612,0.10000000149011612,0.10000000149011612,0.10000000149011612,0.10000000149011612,0.10000000149011612,0.10000000149011612,0.10000000149011612,0.10000000149011612
50,MYS,Malaysia,2023,-0.5584850311279297,-0.2023196518421173,5.5,1,0.11615476757287979,0.3967877924442291,0.08836042881011963,-0.1366838961839676,0.10000000149011612,0.10000000149011612,0.10000000149011612,0.10000000149011612,0.10000000149011612,0.10000000149011612,0.10000000149011612,0.10000000149011612,0.10000000149011612,0.10000000149011612
51,NLD,Netherlands,2018,-2.012981653213501,-0.4866199195384979,5.5,1,1.3984497785568237,1.432983160018921,1.4087532758712769,1.3536127805709839,0.10000000149011612,0.10000000149011612,0.10000000149011612,0.10000000149011612,0.10000000149011612,0.10000000149011612,0.10000000149011612,0.10000000149011612,0.10000000149011612,0.10000000149011612
51,NLD,Netherlands,2019,-4.107210636138916,-0.4670855700969696,5.5,1,1.3984497785568237,1.432983160018921,1.4087532758712769,1.3536127805709839,0.10000000149011612,0.10000000149011612,0.10000000149011612,0.10000000149011612,0.10000000149011612,0.10000000149011612,0.10000000149011612,0.10000000149011612,0.10000000149011612,0.10000000149011612
51,NLD,Netherlands,2020,-6.567773342132568,-0.4095609486103058,5.5,1,1.3984497785568237,1.432983160018921,1.4087532758712769,1.3536127805709839,0.10000000149011612,0.10000000149011612,0.10000000149011612,0.10000000149011612,0.10000000149011612,0.10000000149011612,0.10000000149011612,0.10000000149011612,0.10000000149011612,0.10000000149011612
51,NLD,Netherlands,2021,-6.225274562835693,-0.336482435464859,5.5,1,1.3984497785568237,1.432983160018921,1.4087532758712769,1.3536127805709839,0.10000000149011612,0.10000000149011612,0.10000000149011612,0.10000000149011612,0.10000000149011612,0.10000000149011612,0.10000000149011612,0.10000000149011612,0.10000000149011612,0.10000000149011612
51,NLD,Netherlands,2022,-7.184930801391602,-0.2914741635322571,5.5,1,1.3984497785568237,1.432983160018921,1.4087532758712769,1.3536127805709839,0.10000000149011612,0.10000000149011612,0.10000000149011612,0.10000000149011612,0.10000000149011612,0.10000000149011612,0.10000000149011612,0.10000000149011612,0.10000000149011612,0.10000000149011612
51,NLD,Netherlands,2023,-9.322796821594238,-0.2622123062610626,5.5,1,1.3984497785568237,1.432983160018921,1.4087532758712769,1.3536127805709839,0.10000000149011612,0.10000000149011612,0.10000000149011612,0.10000000149011612,0.10000000149011612,0.10000000149011612,0.10000000149011612,0.10000000149011612,0.10000000149011612,0.10000000149011612
52,NOR,Norway,2018,0.684697687625885,-0.43182066082954407,6.0,6,1.3073252439498901,1.3803420066833496,1.0274958610534668,1.5141379833221436,0.0,0.0,0.0,0.0,0.0,1.0,0.0,0.0,0.0,0.0
52,NOR,Norway,2019,0.7579119205474854,-0.49999675154685974,6.0,6,1.3073252439498901,1.3803420066833496,1.0274958610534668,1.5141379833221436,0.0,0.0,0.0,0.0,0.0,1.0,0.0,0.0,0.0,0.0
52,NOR,Norway,2020,0.16256453096866608,-0.27677151560783386,6.0,6,1.3073252439498901,1.3803420066833496,1.0274958610534668,1.5141379833221436,0.0,0.0,0.0,0.0,0.0,1.0,0.0,0.0,0.0,0.0
52,NOR,Norway,2021,-0.5059971213340759,-0.5747972726821899,6.0,6,1.3073252439498901,1.3803420066833496,1.0274958610534668,1.5141379833221436,0.0,0.0,0.0,0.0,0.0,1.0,0.0,0.0,0.0,0.0
52,NOR,Norway,2022,0.01806272566318512,-0.5219125747680664,6.0,6,1.3073252439498901,1.3803420066833496,1.0274958610534668,1.5141379833221436,0.0,0.0,0.0,0.0,0.0,1.0,0.0,0.0,0.0,0.0
52,NOR,Norway,2023,0.1799047440290451,-0.5104940533638,6.0,6,1.3073252439498901,1.3803420066833496,1.0274958610534668,1.5141379833221436,0.0,0.0,0.0,0.0,0.0,1.0,0.0,0.0,0.0,0.0
53,NZL,New Zealand,2018,-2.981884479522705,-0.1310947835445404,1.237644076347351,1,1.3908849954605103,1.414912223815918,1.3223596811294556,1.4353830814361572,0.7623558640480042,0.23764410614967346,0.0,0.0,0.0,0.0,0.0,0.0,0.0,0.0
53,NZL,New Zealand,2019,-2.6216039657592773,-0.3059547245502472,1.237644076347351,1,1.3908849954605103,1.414912223815918,1.3223596811294556,1.4353830814361572,0.7623558640480042,0.23764410614967346,0.0,0.0,0.0,0.0,0.0,0.0,0.0,0.0
53,NZL,New Zealand,2020,-2.319328546524048,-0.35440415143966675,1.237644076347351,1,1.3908849954605103,1.414912223815918,1.3223596811294556,1.4353830814361572,0.7623558640480042,0.23764410614967346,0.0,0.0,0.0,0.0,0.0,0.0,0.0,0.0
53,NZL,New Zealand,2021,-2.2188103199005127,-0.3953208029270172,1.237644076347351,1,1.3908849954605103,1.414912223815918,1.3223596811294556,1.4353830814361572,0.7623558640480042,0.23764410614967346,0.0,0.0,0.0,0.0,0.0,0.0,0.0,0.0
53,NZL,New Zealand,2022,-3.390082359313965,-0.37901100516319275,1.237644076347351,1,1.3908849954605103,1.414912223815918,1.3223596811294556,1.4353830814361572,0.7623558640480042,0.23764410614967346,0.0,0.0,0.0,0.0,0.0,0.0,0.0,0.0
53,NZL,New Zealand,2023,-3.6847918033599854,-0.32759836316108704,1.237644076347351,1,1.3908849954605103,1.414912223815918,1.3223596811294556,1.4353830814361572,0.7623558640480042,0.23764410614967346,0.0,0.0,0.0,0.0,0.0,0.0,0.0,0.0
54,OMN,Oman,2018,-1.4833542108535767,-0.06906936317682266,5.5,1,-0.0670604482293129,-0.2567063570022583,0.022247422486543655,0.033277593553066254,0.10000000149011612,0.10000000149011612,0.10000000149011612,0.10000000149011612,0.10000000149011612,0.10000000149011612,0.10000000149011612,0.10000000149011612,0.10000000149011612,0.10000000149011612
54,OMN,Oman,2019,-1.4833542108535767,-0.18714797496795654,5.5,1,-0.0670604482293129,-0.2567063570022583,0.022247422486543655,0.033277593553066254,0.10000000149011612,0.10000000149011612,0.10000000149011612,0.10000000149011612,0.10000000149011612,0.10000000149011612,0.10000000149011612,0.10000000149011612,0.10000000149011612,0.10000000149011612
54,OMN,Oman,2020,-1.9118425846099854,-0.2504047155380249,5.5,1,-0.0670604482293129,-0.2567063570022583,0.022247422486543655,0.033277593553066254,0.10000000149011612,0.10000000149011612,0.10000000149011612,0.10000000149011612,0.10000000149011612,0.10000000149011612,0.10000000149011612,0.10000000149011612,0.10000000149011612,0.10000000149011612
54,OMN,Oman,2021,-2.7994258403778076,-0.28754931688308716,5.5,1,-0.0670604482293129,-0.2567063570022583,0.022247422486543655,0.033277593553066254,0.10000000149011612,0.10000000149011612,0.10000000149011612,0.10000000149011612,0.10000000149011612,0.10000000149011612,0.10000000149011612,0.10000000149011612,0.10000000149011612,0.10000000149011612
54,OMN,Oman,2022,-4.406257152557373,-0.3095460832118988,5.5,1,-0.0670604482293129,-0.2567063570022583,0.022247422486543655,0.033277593553066254,0.10000000149011612,0.10000000149011612,0.10000000149011612,0.10000000149011612,0.10000000149011612,0.10000000149011612,0.10000000149011612,0.10000000149011612,0.10000000149011612,0.10000000149011612
54,OMN,Oman,2023,-4.634274482727051,-0.3227635622024536,5.5,1,-0.0670604482293129,-0.2567063570022583,0.022247422486543655,0.033277593553066254,0.10000000149011612,0.10000000149011612,0.10000000149011612,0.10000000149011612,0.10000000149011612,0.10000000149011612,0.10000000149011612,0.10000000149011612,0.10000000149011612,0.10000000149011612
55,PAK,Pakistan,2018,0.6607634425163269,0.25263941287994385,6.322667598724365,6,-1.1695586442947388,-1.022442102432251,-1.2194249629974365,-1.2668088674545288,0.0,0.0,0.0,0.029712334275245667,0.304858535528183,0.4746246635913849,0.0,0.0,0.07626727223396301,0.11453720182180405
55,PAK,Pakistan,2019,0.263211190700531,0.4537605941295624,6.322667598724365,6,-1.1695586442947388,-1.022442102432251,-1.2194249629974365,-1.2668088674545288,0.0,0.0,0.0,0.029712334275245667,0.304858535528183,0.4746246635913849,0.0,0.0,0.07626727223396301,0.11453720182180405
55,PAK,Pakistan,2020,0.5979493856430054,0.25523075461387634,6.322667598724365,6,-1.1695586442947388,-1.022442102432251,-1.2194249629974365,-1.2668088674545288,0.0,0.0,0.0,0.029712334275245667,0.304858535528183,0.4746246635913849,0.0,0.0,0.07626727223396301,0.11453720182180405
55,PAK,Pakistan,2021,-0.27455824613571167,0.22834157943725586,6.322667598724365,6,-1.1695586442947388,-1.022442102432251,-1.2194249629974365,-1.2668088674545288,0.0,0.0,0.0,0.029712334275245667,0.304858535528183,0.4746246635913849,0.0,0.0,0.07626727223396301,0.11453720182180405
55,PAK,Pakistan,2022,-1.3144348859786987,0.28622180223464966,6.322667598724365,6,-1.1695586442947388,-1.022442102432251,-1.2194249629974365,-1.2668088674545288,0.0,0.0,0.0,0.029712334275245667,0.304858535528183,0.4746246635913849,0.0,0.0,0.07626727223396301,0.11453720182180405
55,PAK,Pakistan,2023,-1.7306287288665771,0.1548229455947876,6.322667598724365,6,-1.1695586442947388,-1.022442102432251,-1.2194249629974365,-1.2668088674545288,0.0,0.0,0.0,0.029712334275245667,0.304858535528183,0.4746246635913849,0.0,0.0,0.07626727223396301,0.11453720182180405
56,PER,Peru,2018,1.0936386585235596,0.44592592120170593,4.801398277282715,1,-0.6950809359550476,-0.8969854712486267,-0.25150150060653687,-0.9367557168006897,0.1291774958372116,0.10755477845668793,0.10886440426111221,0.1250598132610321,0.12321371585130692,0.11854696273803711,0.11515135318040848,0.08724503219127655,0.052955303341150284,0.03223111107945442
56,PER,Peru,2019,1.1609760522842407,0.4289039671421051,4.801398277282715,1,-0.6950809359550476,-0.8969854712486267,-0.25150150060653687,-0.9367557168006897,0.1291774958372116,0.10755477845668793,0.10886440426111221,0.1250598132610321,0.12321371585130692,0.11854696273803711,0.11515135318040848,0.08724503219127655,0.052955303341150284,0.03223111107945442
56,PER,Peru,2020,0.8656606674194336,0.4117172658443451,4.801398277282715,1,-0.6950809359550476,-0.8969854712486267,-0.25150150060653687,-0.9367557168006897,0.1291774958372116,0.10755477845668793,0.10886440426111221,0.1250598132610321,0.12321371585130692,0.11854696273803711,0.11515135318040848,0.08724503219127655,0.052955303341150284,0.03223111107945442
56,PER,Peru,2021,1.0604026317596436,-0.03328380733728409,4.801398277282715,1,-0.6950809359550476,-0.8969854712486267,-0.25150150060653687,-0.9367557168006897,0.1291774958372116,0.10755477845668793,0.10886440426111221,0.1250598132610321,0.12321371585130692,0.11854696273803711,0.11515135318040848,0.08724503219127655,0.052955303341150284,0.03223111107945442
56,PER,Peru,2022,1.6989833116531372,0.14878380298614502,4.801398277282715,1,-0.6950809359550476,-0.8969854712486267,-0.25150150060653687,-0.9367557168006897,0.1291774958372116,0.10755477845668793,0.10886440426111221,0.1250598132610321,0.12321371585130692,0.11854696273803711,0.11515135318040848,0.08724503219127655,0.052955303341150284,0.03223111107945442
56,PER,Peru,2023,1.919171690940857,0.30295684933662415,4.801398277282715,1,-0.6950809359550476,-0.8969854712486267,-0.25150150060653687,-0.9367557168006897,0.1291774958372116,0.10755477845668793,0.10886440426111221,0.1250598132610321,0.12321371585130692,0.11854696273803711,0.11515135318040848,0.08724503219127655,0.052955303341150284,0.03223111107945442
57,PHL,Philippines,2018,4.912133693695068,0.25105661153793335,3.128438949584961,1,-0.5819682478904724,-0.5483519434928894,-0.43141669034957886,-0.7661361694335938,0.23394383490085602,0.21371938288211823,0.1942220777273178,0.15106934309005737,0.08594851940870285,0.04483570531010628,0.043518222868442535,0.021412711590528488,0.007875342853367329,0.0034548647236078978
57,PHL,Philippines,2019,5.833406925201416,0.34544217586517334,3.128438949584961,1,-0.5819682478904724,-0.5483519434928894,-0.43141669034957886,-0.7661361694335938,0.23394383490085602,0.21371938288211823,0.1942220777273178,0.15106934309005737,0.08594851940870285,0.04483570531010628,0.043518222868442535,0.021412711590528488,0.007875342853367329,0.0034548647236078978
57,PHL,Philippines,2020,6.113379955291748,0.4787992537021637,3.128438949584961,1,-0.5819682478904724,-0.5483519434928894,-0.43141669034957886,-0.7661361694335938,0.23394383490085602,0.21371938288211823,0.1942220777273178,0.15106934309005737,0.08594851940870285,0.04483570531010628,0.043518222868442535,0.021412711590528488,0.007875342853367329,0.0034548647236078978
57,PHL,Philippines,2021,6.149739742279053,0.4600987136363983,3.128438949584961,1,-0.5819682478904724,-0.5483519434928894,-0.43141669034957886,-0.7661361694335938,0.23394383490085602,0.21371938288211823,0.1942220777273178,0.15106934309005737,0.08594851940870285,0.04483570531010628,0.043518222868442535,0.021412711590528488,0.007875342853367329,0.0034548647236078978
57,PHL,Philippines,2022,6.288362503051758,0.45318594574928284,3.128438949584961,1,-0.5819682478904724,-0.5483519434928894,-0.43141669034957886,-0.7661361694335938,0.23394383490085602,0.21371938288211823,0.1942220777273178,0.15106934309005737,0.08594851940870285,0.04483570531010628,0.043518222868442535,0.021412711590528488,0.007875342853367329,0.0034548647236078978
57,PHL,Philippines,2023,6.736955165863037,0.4596708118915558,3.128438949584961,1,-0.5819682478904724,-0.5483519434928894,-0.43141669034957886,-0.7661361694335938,0.23394383490085602,0.21371938288211823,0.1942220777273178,0.15106934309005737,0.08594851940870285,0.04483570531010628,0.043518222868442535,0.021412711590528488,0.007875342853367329,0.0034548647236078978
58,POL,Poland,2018,-5.292060375213623,-0.29492422938346863,5.5,1,0.13508905470371246,0.0030404042918235064,0.21474087238311768,0.18748588860034943,0.10000000149011612,0.10000000149011612,0.10000000149011612,0.10000000149011612,0.10000000149011612,0.10000000149011612,0.10000000149011612,0.10000000149011612,0.10000000149011612,0.10000000149011612
58,POL,Poland,2019,-6.858757495880127,-0.2554931044578552,5.5,1,0.13508905470371246,0.0030404042918235064,0.21474087238311768,0.18748588860034943,0.10000000149011612,0.10000000149011612,0.10000000149011612,0.10000000149011612,0.10000000149011612,0.10000000149011612,0.10000000149011612,0.10000000149011612,0.10000000149011612,0.10000000149011612
58,POL,Poland,2020,-8.258927345275879,-0.23013654351234436,5.5,1,0.13508905470371246,0.0030404042918235064,0.21474087238311768,0.18748588860034943,0.10000000149011612,0.10000000149011612,0.10000000149011612,0.10000000149011612,0.10000000149011612,0.10000000149011612,0.10000000149011612,0.10000000149011612,0.10000000149011612,0.10000000149011612
58,POL,Poland,2021,-7.500536918640137,-0.2174113392829895,5.5,1,0.13508905470371246,0.0030404042918235064,0.21474087238311768,0.18748588860034943,0.10000000149011612,0.10000000149011612,0.10000000149011612,0.10000000149011612,0.10000000149011612,0.10000000149011612,0.10000000149011612,0.10000000149011612,0.10000000149011612,0.10000000149011612
58,POL,Poland,2022,-8.502216339111328,-0.2148316502571106,5.5,1,0.13508905470371246,0.0030404042918235064,0.21474087238311768,0.18748588860034943,0.10000000149011612,0.10000000149011612,0.10000000149011612,0.10000000149011612,0.10000000149011612,0.10000000149011612,0.10000000149011612,0.10000000149011612,0.10000000149011612,0.10000000149011612
58,POL,Poland,2023,-11.761031150817871,-0.2065238654613495,5.5,1,0.13508905470371246,0.0030404042918235064,0.21474087238311768,0.18748588860034943,0.10000000149011612,0.10000000149011612,0.10000000149011612,0.10000000149011612,0.10000000149011612,0.10000000149011612,0.10000000149011612,0.10000000149011612,0.10000000149011612,0.10000000149011612
59,PRT,Portugal,2018,-1.9006779193878174,-0.35367628931999207,1.0,1,0.5889715552330017,0.3899436593055725,0.6463295221328735,0.7306414842605591,1.0,0.0,0.0,0.0,0.0,0.0,0.0,0.0,0.0,0.0
59,PRT,Portugal,2019,-2.685220718383789,-0.375026673078537,1.0,1,0.5889715552330017,0.3899436593055725,0.6463295221328735,0.7306414842605591,1.0,0.0,0.0,0.0,0.0,0.0,0.0,0.0,0.0,0.0
59,PRT,Portugal,2020,-3.400998592376709,-0.3953343629837036,1.0,1,0.5889715552330017,0.3899436593055725,0.6463295221328735,0.7306414842605591,1.0,0.0,0.0,0.0,0.0,0.0,0.0,0.0,0.0,0.0
59,PRT,Portugal,2021,-3.9149670600891113,-0.35283616185188293,1.0,1,0.5889715552330017,0.3899436593055725,0.6463295221328735,0.7306414842605591,1.0,0.0,0.0,0.0,0.0,0.0,0.0,0.0,0.0,0.0
59,PRT,Portugal,2022,-3.713021755218506,-0.3321795165538788,1.0,1,0.5889715552330017,0.3899436593055725,0.6463295221328735,0.7306414842605591,1.0,0.0,0.0,0.0,0.0,0.0,0.0,0.0,0.0,0.0
59,PRT,Portugal,2023,-4.624629497528076,-0.33022233843803406,1.0,1,0.5889715552330017,0.3899436593055725,0.6463295221328735,0.7306414842605591,1.0,0.0,0.0,0.0,0.0,0.0,0.0,0.0,0.0,0.0
60,QAT,Qatar,2018,-6.880117416381836,-0.2734709680080414,5.5,1,-0.037850040942430496,0.02352459356188774,-0.20334964990615845,0.06627492606639862,0.10000000149011612,0.10000000149011612,0.10000000149011612,0.10000000149011612,0.10000000149011612,0.10000000149011612,0.10000000149011612,0.10000000149011612,0.10000000149011612,0.10000000149011612
60,QAT,Qatar,2019,-4.506235599517822,-0.36377057433128357,5.5,1,-0.037850040942430496,0.02352459356188774,-0.20334964990615845,0.06627492606639862,0.10000000149011612,0.10000000149011612,0.10000000149011612,0.10000000149011612,0.10000000149011612,0.10000000149011612,0.10000000149011612,0.10000000149011612,0.10000000149011612,0.10000000149011612
60,QAT,Qatar,2020,-5.444746971130371,-0.3380373418331146,5.5,1,-0.037850040942430496,0.02352459356188774,-0.20334964990615845,0.06627492606639862,0.10000000149011612,0.10000000149011612,0.10000000149011612,0.10000000149011612,0.10000000149011612,0.10000000149011612,0.10000000149011612,0.10000000149011612,0.10000000149011612,0.10000000149011612
60,QAT,Qatar,2021,-6.548878192901611,-0.19706612825393677,5.5,1,-0.037850040942430496,0.02352459356188774,-0.20334964990615845,0.06627492606639862,0.10000000149011612,0.10000000149011612,0.10000000149011612,0.10000000149011612,0.10000000149011612,0.10000000149011612,0.10000000149011612,0.10000000149011612,0.10000000149011612,0.10000000149011612
60,QAT,Qatar,2022,-4.892681121826172,-0.16287225484848022,5.5,1,-0.037850040942430496,0.02352459356188774,-0.20334964990615845,0.06627492606639862,0.10000000149011612,0.10000000149011612,0.10000000149011612,0.10000000149011612,0.10000000149011612,0.10000000149011612,0.10000000149011612,0.10000000149011612,0.10000000149011612,0.10000000149011612
60,QAT,Qatar,2023,-5.334333896636963,-0.12132453173398972,5.5,1,-0.037850040942430496,0.02352459356188774,-0.20334964990615845,0.06627492606639862,0.10000000149011612,0.10000000149011612,0.10000000149011612,0.10000000149011612,0.10000000149011612,0.10000000149011612,0.10000000149011612,0.10000000149011612,0.10000000149011612,0.10000000149011612
61,ROU,Romania,2018,-3.695746898651123,-0.0805170014500618,5.5,1,-0.6137262582778931,-0.9381364583969116,-0.44055911898612976,-0.4624831974506378,0.10000000149011612,0.10000000149011612,0.10000000149011612,0.10000000149011612,0.10000000149011612,0.10000000149011612,0.10000000149011612,0.10000000149011612,0.10000000149011612,0.10000000149011612
61,ROU,Romania,2019,-4.160907745361328,-0.08445844799280167,5.5,1,-0.6137262582778931,-0.9381364583969116,-0.44055911898612976,-0.4624831974506378,0.10000000149011612,0.10000000149011612,0.10000000149011612,0.10000000149011612,0.10000000149011612,0.10000000149011612,0.10000000149011612,0.10000000149011612,0.10000000149011612,0.10000000149011612
61,ROU,Romania,2020,-5.406534671783447,-0.12595152854919434,5.5,1,-0.6137262582778931,-0.9381364583969116,-0.44055911898612976,-0.4624831974506378,0.10000000149011612,0.10000000149011612,0.10000000149011612,0.10000000149011612,0.10000000149011612,0.10000000149011612,0.10000000149011612,0.10000000149011612,0.10000000149011612,0.10000000149011612
61,ROU,Romania,2021,-5.111453533172607,-0.18411549925804138,5.5,1,-0.6137262582778931,-0.9381364583969116,-0.44055911898612976,-0.4624831974506378,0.10000000149011612,0.10000000149011612,0.10000000149011612,0.10000000149011612,0.10000000149011612,0.10000000149011612,0.10000000149011612,0.10000000149011612,0.10000000149011612,0.10000000149011612
61,ROU,Romania,2022,-4.921149253845215,-0.18858975172042847,5.5,1,-0.6137262582778931,-0.9381364583969116,-0.44055911898612976,-0.4624831974506378,0.10000000149011612,0.10000000149011612,0.10000000149011612,0.10000000149011612,0.10000000149011612,0.10000000149011612,0.10000000149011612,0.10000000149011612,0.10000000149011612,0.10000000149011612
61,ROU,Romania,2023,-6.2508416175842285,-0.165975421667099,5.5,1,-0.6137262582778931,-0.9381364583969116,-0.44055911898612976,-0.4624831974506378,0.10000000149011612,0.10000000149011612,0.10000000149011612,0.10000000149011612,0.10000000149011612,0.10000000149011612,0.10000000149011612,0.10000000149011612,0.10000000149011612,0.10000000149011612
62,RUS,Russia,2018,-3.6435298919677734,0.47728708386421204,1.0,1,-1.1349221467971802,-1.1962112188339233,-0.9114767909049988,-1.2970784902572632,1.0,0.0,0.0,0.0,0.0,0.0,0.0,0.0,0.0,0.0
62,RUS,Russia,2019,-3.5361337661743164,0.45902907848358154,1.0,1,-1.1349221467971802,-1.1962112188339233,-0.9114767909049988,-1.2970784902572632,1.0,0.0,0.0,0.0,0.0,0.0,0.0,0.0,0.0,0.0
62,RUS,Russia,2020,-6.922895908355713,0.1264323890209198,1.0,1,-1.1349221467971802,-1.1962112188339233,-0.9114767909049988,-1.2970784902572632,1.0,0.0,0.0,0.0,0.0,0.0,0.0,0.0,0.0,0.0
62,RUS,Russia,2021,-5.5373334884643555,-0.3628617823123932,1.0,1,-1.1349221467971802,-1.1962112188339233,-0.9114767909049988,-1.2970784902572632,1.0,0.0,0.0,0.0,0.0,0.0,0.0,0.0,0.0,0.0
62,RUS,Russia,2022,-4.097316741943359,-0.8803887963294983,1.0,1,-1.1349221467971802,-1.1962112188339233,-0.9114767909049988,-1.2970784902572632,1.0,0.0,0.0,0.0,0.0,0.0,0.0,0.0,0.0,0.0
62,RUS,Russia,2023,-3.127725601196289,0.03475090116262436,1.0,1,-1.1349221467971802,-1.1962112188339233,-0.9114767909049988,-1.2970784902572632,1.0,0.0,0.0,0.0,0.0,0.0,0.0,0.0,0.0,0.0
63,SAU,Saudi Arabia,2018,2.299851655960083,-0.46197858452796936,5.201848030090332,6,-0.5544285178184509,-0.6724381446838379,-0.49509498476982117,-0.4957524538040161,0.119912289083004,0.09688905626535416,0.08994468301534653,0.09335113316774368,0.12079593539237976,0.12973351776599884,0.12725724279880524,0.0851564109325409,0.07911119610071182,0.05784853547811508
63,SAU,Saudi Arabia,2019,1.9578986167907715,-0.4307306110858917,5.201848030090332,6,-0.5544285178184509,-0.6724381446838379,-0.49509498476982117,-0.4957524538040161,0.119912289083004,0.09688905626535416,0.08994468301534653,0.09335113316774368,0.12079593539237976,0.12973351776599884,0.12725724279880524,0.0851564109325409,0.07911119610071182,0.05784853547811508
63,SAU,Saudi Arabia,2020,2.004265069961548,-0.33296534419059753,5.201848030090332,6,-0.5544285178184509,-0.6724381446838379,-0.49509498476982117,-0.4957524538040161,0.119912289083004,0.09688905626535416,0.08994468301534653,0.09335113316774368,0.12079593539237976,0.12973351776599884,0.12725724279880524,0.0851564109325409,0.07911119610071182,0.05784853547811508
63,SAU,Saudi Arabia,2021,2.169445753097534,-0.22071057558059692,5.201848030090332,6,-0.5544285178184509,-0.6724381446838379,-0.49509498476982117,-0.4957524538040161,0.119912289083004,0.09688905626535416,0.08994468301534653,0.09335113316774368,0.12079593539237976,0.12973351776599884,0.12725724279880524,0.0851564109325409,0.07911119610071182,0.05784853547811508
63,SAU,Saudi Arabia,2022,1.4797439575195312,-0.18096747994422913,5.201848030090332,6,-0.5544285178184509,-0.6724381446838379,-0.49509498476982117,-0.4957524538040161,0.119912289083004,0.09688905626535416,0.08994468301534653,0.09335113316774368,0.12079593539237976,0.12973351776599884,0.12725724279880524,0.0851564109325409,0.07911119610071182,0.05784853547811508
63,SAU,Saudi Arabia,2023,0.6857173442840576,-0.16626369953155518,5.201848030090332,6,-0.5544285178184509,-0.6724381446838379,-0.49509498476982117,-0.4957524538040161,0.119912289083004,0.09688905626535416,0.08994468301534653,0.09335113316774368,0.12079593539237976,0.12973351776599884,0.12725724279880524,0.0851564109325409,0.07911119610071182,0.05784853547811508
64,SGP,Singapore,2018,-1.5155048370361328,-0.5761016011238098,1.6567022800445557,1,1.4344711303710938,1.7217825651168823,1.536649465560913,1.0449817180633545,0.5241125822067261,0.3092155456542969,0.1525290608406067,0.01414283737540245,0.0,0.0,0.0,0.0,0.0,0.0
64,SGP,Singapore,2019,-1.5344992876052856,-0.6094554662704468,1.6567022800445557,1,1.4344711303710938,1.7217825651168823,1.536649465560913,1.0449817180633545,0.5241125822067261,0.3092155456542969,0.1525290608406067,0.01414283737540245,0.0,0.0,0.0,0.0,0.0,0.0
64,SGP,Singapore,2020,-1.5631846189498901,-0.6412094831466675,1.6567022800445557,1,1.4344711303710938,1.7217825651168823,1.536649465560913,1.0449817180633545,0.5241125822067261,0.3092155456542969,0.1525290608406067,0.01414283737540245,0.0,0.0,0.0,0.0,0.0,0.0
64,SGP,Singapore,2021,-1.5329487323760986,-0.5972267389297485,1.6567022800445557,1,1.4344711303710938,1.7217825651168823,1.536649465560913,1.0449817180633545,0.5241125822067261,0.3092155456542969,0.1525290608406067,0.01414283737540245,0.0,0.0,0.0,0.0,0.0,0.0
64,SGP,Singapore,2022,-1.5709375143051147,-0.5291651487350464,1.6567022800445557,1,1.4344711303710938,1.7217825651168823,1.536649465560913,1.0449817180633545,0.5241125822067261,0.3092155456542969,0.1525290608406067,0.01414283737540245,0.0,0.0,0.0,0.0,0.0,0.0
64,SGP,Singapore,2023,-1.6358672380447388,-0.39837074279785156,1.6567022800445557,1,1.4344711303710938,1.7217825651168823,1.536649465560913,1.0449817180633545,0.5241125822067261,0.3092155456542969,0.1525290608406067,0.01414283737540245,0.0,0.0,0.0,0.0,0.0,0.0
65,SVK,Slovakia,2018,-1.5849237442016602,-0.29264912009239197,5.5,1,0.11652449518442154,0.11614179611206055,0.3065413236618042,-0.07310961931943893,0.10000000149011612,0.10000000149011612,0.10000000149011612,0.10000000149011612,0.10000000149011612,0.10000000149011612,0.10000000149011612,0.10000000149011612,0.10000000149011612,0.10000000149011612
65,SVK,Slovakia,2019,-2.091881036758423,-0.31190308928489685,5.5,1,0.11652449518442154,0.11614179611206055,0.3065413236618042,-0.07310961931943893,0.10000000149011612,0.10000000149011612,0.10000000149011612,0.10000000149011612,0.10000000149011612,0.10000000149011612,0.10000000149011612,0.10000000149011612,0.10000000149011612,0.10000000149011612
65,SVK,Slovakia,2020,-2.406219482421875,-0.26689383387565613,5.5,1,0.11652449518442154,0.11614179611206055,0.3065413236618042,-0.07310961931943893,0.10000000149011612,0.10000000149011612,0.10000000149011612,0.10000000149011612,0.10000000149011612,0.10000000149011612,0.10000000149011612,0.10000000149011612,0.10000000149011612,0.10000000149011612
65,SVK,Slovakia,2021,-2.1880667209625244,-0.2585986256599426,5.5,1,0.11652449518442154,0.11614179611206055,0.3065413236618042,-0.07310961931943893,0.10000000149011612,0.10000000149011612,0.10000000149011612,0.10000000149011612,0.10000000149011612,0.10000000149011612,0.10000000149011612,0.10000000149011612,0.10000000149011612,0.10000000149011612
65,SVK,Slovakia,2022,-2.8150081634521484,-0.2558985650539398,5.5,1,0.11652449518442154,0.11614179611206055,0.3065413236618042,-0.07310961931943893,0.10000000149011612,0.10000000149011612,0.10000000149011612,0.10000000149011612,0.10000000149011612,0.10000000149011612,0.10000000149011612,0.10000000149011612,0.10000000149011612,0.10000000149011612
65,SVK,Slovakia,2023,-3.482109785079956,-0.26894018054008484,5.5,1,0.11652449518442154,0.11614179611206055,0.3065413236618042,-0.07310961931943893,0.10000000149011612,0.10000000149011612,0.10000000149011612,0.10000000149011612,0.10000000149011612,0.10000000149011612,0.10000000149011612,0.10000000149011612,0.10000000149011612,0.10000000149011612
66,SVN,Slovenia,2018,-4.337141990661621,-0.2923421561717987,1.0,1,0.38642582297325134,0.28950437903404236,0.34630832076072693,0.5234646797180176,1.0,0.0,0.0,0.0,0.0,0.0,0.0,0.0,0.0,0.0
66,SVN,Slovenia,2019,-4.712256908416748,-0.30536949634552,1.0,1,0.38642582297325134,0.28950437903404236,0.34630832076072693,0.5234646797180176,1.0,0.0,0.0,0.0,0.0,0.0,0.0,0.0,0.0,0.0
66,SVN,Slovenia,2020,-6.15969705581665,-0.3321475684642792,1.0,1,0.38642582297325134,0.28950437903404236,0.34630832076072693,0.5234646797180176,1.0,0.0,0.0,0.0,0.0,0.0,0.0,0.0,0.0,0.0
66,SVN,Slovenia,2021,-6.669349670410156,-0.3304537236690521,1.0,1,0.38642582297325134,0.28950437903404236,0.34630832076072693,0.5234646797180176,1.0,0.0,0.0,0.0,0.0,0.0,0.0,0.0,0.0,0.0
66,SVN,Slovenia,2022,-7.458681583404541,-0.2899923622608185,1.0,1,0.38642582297325134,0.28950437903404236,0.34630832076072693,0.5234646797180176,1.0,0.0,0.0,0.0,0.0,0.0,0.0,0.0,0.0,0.0
66,SVN,Slovenia,2023,-9.606645584106445,-0.333670049905777,1.0,1,0.38642582297325134,0.28950437903404236,0.34630832076072693,0.5234646797180176,1.0,0.0,0.0,0.0,0.0,0.0,0.0,0.0,0.0,0.0
67,SWE,Sweden,2018,-1.111396074295044,-0.5001517534255981,5.5,1,1.3480762243270874,1.4301238059997559,1.161694884300232,1.4524099826812744,0.10000000149011612,0.10000000149011612,0.10000000149011612,0.10000000149011612,0.10000000149011612,0.10000000149011612,0.10000000149011612,0.10000000149011612,0.10000000149011612,0.10000000149011612
67,SWE,Sweden,2019,-1.153639554977417,-0.5037350058555603,5.5,1,1.3480762243270874,1.4301238059997559,1.161694884300232,1.4524099826812744,0.10000000149011612,0.10000000149011612,0.10000000149011612,0.10000000149011612,0.10000000149011612,0.10000000149011612,0.10000000149011612,0.10000000149011612,0.10000000149011612,0.10000000149011612
67,SWE,Sweden,2020,-1.5468288660049438,-0.45121005177497864,5.5,1,1.3480762243270874,1.4301238059997559,1.161694884300232,1.4524099826812744,0.10000000149011612,0.10000000149011612,0.10000000149011612,0.10000000149011612,0.10000000149011612,0.10000000149011612,0.10000000149011612,0.10000000149011612,0.10000000149011612,0.10000000149011612
67,SWE,Sweden,2021,-1.2186294794082642,-0.3702271580696106,5.5,1,1.3480762243270874,1.4301238059997559,1.161694884300232,1.4524099826812744,0.10000000149011612,0.10000000149011612,0.10000000149011612,0.10000000149011612,0.10000000149011612,0.10000000149011612,0.10000000149011612,0.10000000149011612,0.10000000149011612,0.10000000149011612
67,SWE,Sweden,2022,-1.295534372329712,-0.3376930058002472,5.5,1,1.3480762243270874,1.4301238059997559,1.161694884300232,1.4524099826812744,0.10000000149011612,0.10000000149011612,0.10000000149011612,0.10000000149011612,0.10000000149011612,0.10000000149011612,0.10000000149011612,0.10000000149011612,0.10000000149011612,0.10000000149011612
67,SWE,Sweden,2023,-1.5739079713821411,-0.3090311884880066,5.5,1,1.3480762243270874,1.4301238059997559,1.161694884300232,1.4524099826812744,0.10000000149011612,0.10000000149011612,0.10000000149011612,0.10000000149011612,0.10000000149011612,0.10000000149011612,0.10000000149011612,0.10000000149011612,0.10000000149011612,0.10000000149011612
68,THA,Thailand,2018,-6.279742240905762,-0.29704809188842773,5.5,1,-0.2564157247543335,-0.22457081079483032,-0.3106171190738678,-0.23405922949314117,0.10000000149011612,0.10000000149011612,0.10000000149011612,0.10000000149011612,0.10000000149011612,0.10000000149011612,0.10000000149011612,0.10000000149011612,0.10000000149011612,0.10000000149011612
68,THA,Thailand,2019,-7.279186248779297,-0.18705642223358154,5.5,1,-0.2564157247543335,-0.22457081079483032,-0.3106171190738678,-0.23405922949314117,0.10000000149011612,0.10000000149011612,0.10000000149011612,0.10000000149011612,0.10000000149011612,0.10000000149011612,0.10000000149011612,0.10000000149011612,0.10000000149011612,0.10000000149011612
68,THA,Thailand,2020,-5.78999662399292,-0.16184982657432556,5.5,1,-0.2564157247543335,-0.22457081079483032,-0.3106171190738678,-0.23405922949314117,0.10000000149011612,0.10000000149011612,0.10000000149011612,0.10000000149011612,0.10000000149011612,0.10000000149011612,0.10000000149011612,0.10000000149011612,0.10000000149011612,0.10000000149011612
68,THA,Thailand,2021,-6.593542575836182,-0.14910104870796204,5.5,1,-0.2564157247543335,-0.22457081079483032,-0.3106171190738678,-0.23405922949314117,0.10000000149011612,0.10000000149011612,0.10000000149011612,0.10000000149011612,0.10000000149011612,0.10000000149011612,0.10000000149011612,0.10000000149011612,0.10000000149011612,0.10000000149011612
68,THA,Thailand,2022,-7.6401472091674805,-0.15465009212493896,5.5,1,-0.2564157247543335,-0.22457081079483032,-0.3106171190738678,-0.23405922949314117,0.10000000149011612,0.10000000149011612,0.10000000149011612,0.10000000149011612,0.10000000149011612,0.10000000149011612,0.10000000149011612,0.10000000149011612,0.10000000149011612,0.10000000149011612
68,THA,Thailand,2023,-9.644476890563965,-0.1608087122440338,5.5,1,-0.2564157247543335,-0.22457081079483032,-0.3106171190738678,-0.23405922949314117,0.10000000149011612,0.10000000149011612,0.10000000149011612,0.10000000149011612,0.10000000149011612,0.10000000149011612,0.10000000149011612,0.10000000149011612,0.10000000149011612,0.10000000149011612
69,TKM,Turkmenistan,2018,-0.8944293856620789,-0.3489629924297333,8.105610847473145,10,-2.006190538406372,-1.8531438112258911,-2.4522314071655273,-1.7131962776184082,0.0,0.0,0.0,0.0,0.02906528115272522,0.15892881155014038,0.16139943897724152,0.20548515021800995,0.21817946434020996,0.22694186866283417
69,TKM,Turkmenistan,2019,1.0794837474822998,-0.1666170060634613,8.105610847473145,10,-2.006190538406372,-1.8531438112258911,-2.4522314071655273,-1.7131962776184082,0.0,0.0,0.0,0.0,0.02906528115272522,0.15892881155014038,0.16139943897724152,0.20548515021800995,0.21817946434020996,0.22694186866283417
69,TKM,Turkmenistan,2020,1.1499806642532349,-0.23457840085029602,8.105610847473145,10,-2.006190538406372,-1.8531438112258911,-2.4522314071655273,-1.7131962776184082,0.0,0.0,0.0,0.0,0.02906528115272522,0.15892881155014038,0.16139943897724152,0.20548515021800995,0.21817946434020996,0.22694186866283417
69,TKM,Turkmenistan,2021,-3.7143051624298096,-0.12755230069160461,8.105610847473145,10,-2.006190538406372,-1.8531438112258911,-2.4522314071655273,-1.7131962776184082,0.0,0.0,0.0,0.0,0.02906528115272522,0.15892881155014038,0.16139943897724152,0.20548515021800995,0.21817946434020996,0.22694186866283417
69,TKM,Turkmenistan,2022,-2.6568517684936523,-0.16492852568626404,8.105610847473145,10,-2.006190538406372,-1.8531438112258911,-2.4522314071655273,-1.7131962776184082,0.0,0.0,0.0,0.0,0.02906528115272522,0.15892881155014038,0.16139943897724152,0.20548515021800995,0.21817946434020996,0.22694186866283417
69,TKM,Turkmenistan,2023,-1.52890145778656,0.012112461030483246,8.105610847473145,10,-2.006190538406372,-1.8531438112258911,-2.4522314071655273,-1.7131962776184082,0.0,0.0,0.0,0.0,0.02906528115272522,0.15892881155014038,0.16139943897724152,0.20548515021800995,0.21817946434020996,0.22694186866283417
70,TTO,Trinidad and Tobago,2018,1.318193793296814,0.36593979597091675,3.732720375061035,1,-0.04588906839489937,-0.1480531096458435,0.11017729341983795,-0.09979138523340225,0.19671931862831116,0.18007880449295044,0.164176806807518,0.13484863936901093,0.10076417028903961,0.0718802958726883,0.06407696008682251,0.043559204787015915,0.027154454961419106,0.016741370782256126
70,TTO,Trinidad and Tobago,2019,1.3760409355163574,0.37101665139198303,3.732720375061035,1,-0.04588906839489937,-0.1480531096458435,0.11017729341983795,-0.09979138523340225,0.19671931862831116,0.18007880449295044,0.164176806807518,0.13484863936901093,0.10076417028903961,0.0718802958726883,0.06407696008682251,0.043559204787015915,0.027154454961419106,0.016741370782256126
70,TTO,Trinidad and Tobago,2020,1.318193793296814,0.363110214471817,3.732720375061035,1,-0.04588906839489937,-0.1480531096458435,0.11017729341983795,-0.09979138523340225,0.19671931862831116,0.18007880449295044,0.164176806807518,0.13484863936901093,0.10076417028903961,0.0718802958726883,0.06407696008682251,0.043559204787015915,0.027154454961419106,0.016741370782256126
70,TTO,Trinidad and Tobago,2021,1.665277123451233,0.3457812964916229,3.732720375061035,1,-0.04588906839489937,-0.1480531096458435,0.11017729341983795,-0.09979138523340225,0.19671931862831116,0.18007880449295044,0.164176806807518,0.13484863936901093,0.10076417028903961,0.0718802958726883,0.06407696008682251,0.043559204787015915,0.027154454961419106,0.016741370782256126
70,TTO,Trinidad and Tobago,2022,2.058638334274292,0.3349758982658386,3.732720375061035,1,-0.04588906839489937,-0.1480531096458435,0.11017729341983795,-0.09979138523340225,0.19671931862831116,0.18007880449295044,0.164176806807518,0.13484863936901093,0.10076417028903961,0.0718802958726883,0.06407696008682251,0.043559204787015915,0.027154454961419106,0.016741370782256126
70,TTO,Trinidad and Tobago,2023,2.058638334274292,0.325465589761734,3.732720375061035,1,-0.04588906839489937,-0.1480531096458435,0.11017729341983795,-0.09979138523340225,0.19671931862831116,0.18007880449295044,0.164176806807518,0.13484863936901093,0.10076417028903961,0.0718802958726883,0.06407696008682251,0.043559204787015915,0.027154454961419106,0.016741370782256126
71,TUR,Turkey,2018,-0.10262159258127213,-0.3238335847854614,1.4372422695159912,1,-0.3568929135799408,-0.3960716426372528,-0.2856121361255646,-0.3889949917793274,0.6896883249282837,0.2921787202358246,0.0,0.0,0.0,0.0,0.0,0.0,0.01813293993473053,0.0
71,TUR,Turkey,2019,-1.772402048110962,-0.3762838542461395,1.4372422695159912,1,-0.3568929135799408,-0.3960716426372528,-0.2856121361255646,-0.3889949917793274,0.6896883249282837,0.2921787202358246,0.0,0.0,0.0,0.0,0.0,0.0,0.01813293993473053,0.0
71,TUR,Turkey,2020,-1.959740161895752,-0.30476507544517517,1.4372422695159912,1,-0.3568929135799408,-0.3960716426372528,-0.2856121361255646,-0.3889949917793274,0.6896883249282837,0.2921787202358246,0.0,0.0,0.0,0.0,0.0,0.0,0.01813293993473053,0.0
71,TUR,Turkey,2021,-1.391783356666565,-0.2936406433582306,1.4372422695159912,1,-0.3568929135799408,-0.3960716426372528,-0.2856121361255646,-0.3889949917793274,0.6896883249282837,0.2921787202358246,0.0,0.0,0.0,0.0,0.0,0.0,0.01813293993473053,0.0
71,TUR,Turkey,2022,-1.788352370262146,-0.34337297081947327,1.4372422695159912,1,-0.3568929135799408,-0.3960716426372528,-0.2856121361255646,-0.3889949917793274,0.6896883249282837,0.2921787202358246,0.0,0.0,0.0,0.0,0.0,0.0,0.01813293993473053,0.0
71,TUR,Turkey,2023,-1.6069564819335938,-0.29899677634239197,1.4372422695159912,1,-0.3568929135799408,-0.3960716426372528,-0.2856121361255646,-0.3889949917793274,0.6896883249282837,0.2921787202358246,0.0,0.0,0.0,0.0,0.0,0.0,0.01813293993473053,0.0
72,UKR,Ukraine,2018,-3.635014295578003,-0.3298262059688568,1.0,1,-1.2346214056015015,-1.3236093521118164,-1.1485481262207031,-1.2317067384719849,1.0,0.0,0.0,0.0,0.0,0.0,0.0,0.0,0.0,0.0
72,UKR,Ukraine,2019,-4.1212358474731445,-0.23742136359214783,1.0,1,-1.2346214056015015,-1.3236093521118164,-1.1485481262207031,-1.2317067384719849,1.0,0.0,0.0,0.0,0.0,0.0,0.0,0.0,0.0,0.0
72,UKR,Ukraine,2020,-5.126094341278076,-0.24000284075737,1.0,1,-1.2346214056015015,-1.3236093521118164,-1.1485481262207031,-1.2317067384719849,1.0,0.0,0.0,0.0,0.0,0.0,0.0,0.0,0.0,0.0
72,UKR,Ukraine,2021,-7.988569259643555,-0.2060224711894989,1.0,1,-1.2346214056015015,-1.3236093521118164,-1.1485481262207031,-1.2317067384719849,1.0,0.0,0.0,0.0,0.0,0.0,0.0,0.0,0.0,0.0
72,UKR,Ukraine,2022,-9.796317100524902,-0.17979219555854797,1.0,1,-1.2346214056015015,-1.3236093521118164,-1.1485481262207031,-1.2317067384719849,1.0,0.0,0.0,0.0,0.0,0.0,0.0,0.0,0.0,0.0
72,UKR,Ukraine,2023,-9.796317100524902,-0.174342542886734,1.0,1,-1.2346214056015015,-1.3236093521118164,-1.1485481262207031,-1.2317067384719849,1.0,0.0,0.0,0.0,0.0,0.0,0.0,0.0,0.0,0.0
73,USA,United States,2018,-7.697317123413086,-0.391506165266037,5.5,1,1.167035460472107,1.1881818771362305,1.1316249370574951,1.1812996864318848,0.10000000149011612,0.10000000149011612,0.10000000149011612,0.10000000149011612,0.10000000149011612,0.10000000149011612,0.10000000149011612,0.10000000149011612,0.10000000149011612,0.10000000149011612
73,USA,United States,2019,-9.035722732543945,-0.39452287554740906,5.5,1,1.167035460472107,1.1881818771362305,1.1316249370574951,1.1812996864318848,0.10000000149011612,0.10000000149011612,0.10000000149011612,0.10000000149011612,0.10000000149011612,0.10000000149011612,0.10000000149011612,0.10000000149011612,0.10000000149011612,0.10000000149011612
73,USA,United States,2020,-10.637649536132812,-0.36566054821014404,5.5,1,1.167035460472107,1.1881818771362305,1.1316249370574951,1.1812996864318848,0.10000000149011612,0.10000000149011612,0.10000000149011612,0.10000000149011612,0.10000000149011612,0.10000000149011612,0.10000000149011612,0.10000000149011612,0.10000000149011612,0.10000000149011612
73,USA,United States,2021,-9.941286087036133,-0.3114217221736908,5.5,1,1.167035460472107,1.1881818771362305,1.1316249370574951,1.1812996864318848,0.10000000149011612,0.10000000149011612,0.10000000149011612,0.10000000149011612,0.10000000149011612,0.10000000149011612,0.10000000149011612,0.10000000149011612,0.10000000149011612,0.10000000149011612
73,USA,United States,2022,-10.715087890625,-0.28494465351104736,5.5,1,1.167035460472107,1.1881818771362305,1.1316249370574951,1.1812996864318848,0.10000000149011612,0.10000000149011612,0.10000000149011612,0.10000000149011612,0.10000000149011612,0.10000000149011612,0.10000000149011612,0.10000000149011612,0.10000000149011612,0.10000000149011612
73,USA,United States,2023,-11.726405143737793,-0.26077356934547424,5.5,1,1.167035460472107,1.1881818771362305,1.1316249370574951,1.1812996864318848,0.10000000149011612,0.10000000149011612,0.10000000149011612,0.10000000149011612,0.10000000149011612,0.10000000149011612,0.10000000149011612,0.10000000149011612,0.10000000149011612,0.10000000149011612
74,UZB,Uzbekistan,2018,1.4206937551498413,-0.11496303230524063,2.9035415649414062,1,-1.8003510236740112,-1.597791075706482,-2.1902878284454346,-1.6129741668701172,0.30495697259902954,0.22639238834381104,0.18633094429969788,0.09100884199142456,0.07323608547449112,0.05703209713101387,0.01571674831211567,0.01635821722447872,0.01616133190691471,0.012806367129087448
74,UZB,Uzbekistan,2019,0.9323561787605286,0.644345760345459,2.9035415649414062,1,-1.8003510236740112,-1.597791075706482,-2.1902878284454346,-1.6129741668701172,0.30495697259902954,0.22639238834381104,0.18633094429969788,0.09100884199142456,0.07323608547449112,0.05703209713101387,0.01571674831211567,0.01635821722447872,0.01616133190691471,0.012806367129087448
74,UZB,Uzbekistan,2020,1.6637600660324097,0.15882441401481628,2.9035415649414062,1,-1.8003510236740112,-1.597791075706482,-2.1902878284454346,-1.6129741668701172,0.30495697259902954,0.22639238834381104,0.18633094429969788,0.09100884199142456,0.07323608547449112,0.05703209713101387,0.01571674831211567,0.01635821722447872,0.01616133190691471,0.012806367129087448
74,UZB,Uzbekistan,2021,1.6973286867141724,0.7392938733100891,2.9035415649414062,1,-1.8003510236740112,-1.597791075706482,-2.1902878284454346,-1.6129741668701172,0.30495697259902954,0.22639238834381104,0.18633094429969788,0.09100884199142456,0.07323608547449112,0.05703209713101387,0.01571674831211567,0.01635821722447872,0.01616133190691471,0.012806367129087448
74,UZB,Uzbekistan,2022,0.9835667014122009,0.6690348982810974,2.9035415649414062,1,-1.8003510236740112,-1.597791075706482,-2.1902878284454346,-1.6129741668701172,0.30495697259902954,0.22639238834381104,0.18633094429969788,0.09100884199142456,0.07323608547449112,0.05703209713101387,0.01571674831211567,0.01635821722447872,0.01616133190691471,0.012806367129087448
74,UZB,Uzbekistan,2023,0.9794012308120728,0.4337242543697357,2.9035415649414062,1,-1.8003510236740112,-1.597791075706482,-2.1902878284454346,-1.6129741668701172,0.30495697259902954,0.22639238834381104,0.18633094429969788,0.09100884199142456,0.07323608547449112,0.05703209713101387,0.01571674831211567,0.01635821722447872,0.01616133190691471,0.012806367129087448
75,VEN,Venezuela,2018,4.365685939788818,0.24177569150924683,4.333829879760742,1,-1.5081526041030884,-1.3741530179977417,-1.5062425136566162,-1.6440623998641968,0.1915726363658905,0.12700054049491882,0.10711639374494553,0.09064482152462006,0.10021146386861801,0.16846486926078796,0.07943474501371384,0.09759961068630219,0.023908212780952454,0.014046710915863514
75,VEN,Venezuela,2019,4.361935615539551,0.037458859384059906,4.333829879760742,1,-1.5081526041030884,-1.3741530179977417,-1.5062425136566162,-1.6440623998641968,0.1915726363658905,0.12700054049491882,0.10711639374494553,0.09064482152462006,0.10021146386861801,0.16846486926078796,0.07943474501371384,0.09759961068630219,0.023908212780952454,0.014046710915863514
75,VEN,Venezuela,2020,-2.0265071392059326,-0.292598158121109,4.333829879760742,1,-1.5081526041030884,-1.3741530179977417,-1.5062425136566162,-1.6440623998641968,0.1915726363658905,0.12700054049491882,0.10711639374494553,0.09064482152462006,0.10021146386861801,0.16846486926078796,0.07943474501371384,0.09759961068630219,0.023908212780952454,0.014046710915863514
75,VEN,Venezuela,2021,-2.5107500553131104,-0.37191349267959595,4.333829879760742,1,-1.5081526041030884,-1.3741530179977417,-1.5062425136566162,-1.6440623998641968,0.1915726363658905,0.12700054049491882,0.10711639374494553,0.09064482152462006,0.10021146386861801,0.16846486926078796,0.07943474501371384,0.09759961068630219,0.023908212780952454,0.014046710915863514
75,VEN,Venezuela,2022,-2.220579147338867,-1.0427173376083374,4.333829879760742,1,-1.5081526041030884,-1.3741530179977417,-1.5062425136566162,-1.6440623998641968,0.1915726363658905,0.12700054049491882,0.10711639374494553,0.09064482152462006,0.10021146386861801,0.16846486926078796,0.07943474501371384,0.09759961068630219,0.023908212780952454,0.014046710915863514
75,VEN,Venezuela,2023,-2.2290172576904297,-0.29489001631736755,4.333829879760742,1,-1.5081526041030884,-1.3741530179977417,-1.5062425136566162,-1.6440623998641968,0.1915726363658905,0.12700054049491882,0.10711639374494553,0.09064482152462006,0.10021146386861801,0.16846486926078796,0.07943474501371384,0.09759961068630219,0.023908212780952454,0.014046710915863514
76,VNM,Vietnam,2018,1.8500128984451294,-0.08334676176309586,4.17689847946167,4,-1.0041168928146362,-0.9023603796958923,-1.090646505355835,-1.0193438529968262,0.04739012196660042,0.1884106695652008,0.22964352369308472,0.23061366379261017,0.05179059877991676,0.11684203147888184,0.020348532125353813,0.03648832067847252,0.037775177508592606,0.040697358548641205
76,VNM,Vietnam,2019,3.117563009262085,-0.13687369227409363,4.17689847946167,4,-1.0041168928146362,-0.9023603796958923,-1.090646505355835,-1.0193438529968262,0.04739012196660042,0.1884106695652008,0.22964352369308472,0.23061366379261017,0.05179059877991676,0.11684203147888184,0.020348532125353813,0.03648832067847252,0.037775177508592606,0.040697358548641205
76,VNM,Vietnam,2020,2.663336753845215,0.6047446727752686,4.17689847946167,4,-1.0041168928146362,-0.9023603796958923,-1.090646505355835,-1.0193438529968262,0.04739012196660042,0.1884106695652008,0.22964352369308472,0.23061366379261017,0.05179059877991676,0.11684203147888184,0.020348532125353813,0.03648832067847252,0.037775177508592606,0.040697358548641205
76,VNM,Vietnam,2021,1.7106215953826904,0.017786405980587006,4.17689847946167,4,-1.0041168928146362,-0.9023603796958923,-1.090646505355835,-1.0193438529968262,0.04739012196660042,0.1884106695652008,0.22964352369308472,0.23061366379261017,0.05179059877991676,0.11684203147888184,0.020348532125353813,0.03648832067847252,0.037775177508592606,0.040697358548641205
76,VNM,Vietnam,2022,0.6460008025169373,-0.5215791463851929,4.17689847946167,4,-1.0041168928146362,-0.9023603796958923,-1.090646505355835,-1.0193438529968262,0.04739012196660042,0.1884106695652008,0.22964352369308472,0.23061366379261017,0.05179059877991676,0.11684203147888184,0.020348532125353813,0.03648832067847252,0.037775177508592606,0.040697358548641205
76,VNM,Vietnam,2023,1.6631464958190918,-0.5150566101074219,4.17689847946167,4,-1.0041168928146362,-0.9023603796958923,-1.090646505355835,-1.0193438529968262,0.04739012196660042,0.1884106695652008,0.22964352369308472,0.23061366379261017,0.05179059877991676,0.11684203147888184,0.020348532125353813,0.03648832067847252,0.037775177508592606,0.040697358548641205
77,ZAF,South Africa,2018,-6.3950324058532715,0.10153227299451828,5.5,1,-0.0641661062836647,-0.015326484106481075,0.13372927904129028,-0.31090110540390015,0.10000000149011612,0.10000000149011612,0.10000000149011612,0.10000000149011612,0.10000000149011612,0.10000000149011612,0.10000000149011612,0.10000000149011612,0.10000000149011612,0.10000000149011612
77,ZAF,South Africa,2019,-8.257451057434082,0.04334285110235214,5.5,1,-0.0641661062836647,-0.015326484106481075,0.13372927904129028,-0.31090110540390015,0.10000000149011612,0.10000000149011612,0.10000000149011612,0.10000000149011612,0.10000000149011612,0.10000000149011612,0.10000000149011612,0.10000000149011612,0.10000000149011612,0.10000000149011612
77,ZAF,South Africa,2020,-7.980379581451416,-0.036234624683856964,5.5,1,-0.0641661062836647,-0.015326484106481075,0.13372927904129028,-0.31090110540390015,0.10000000149011612,0.10000000149011612,0.10000000149011612,0.10000000149011612,0.10000000149011612,0.10000000149011612,0.10000000149011612,0.10000000149011612,0.10000000149011612,0.10000000149011612
77,ZAF,South Africa,2021,-12.659340858459473,-0.11963329464197159,5.5,1,-0.0641661062836647,-0.015326484106481075,0.13372927904129028,-0.31090110540390015,0.10000000149011612,0.10000000149011612,0.10000000149011612,0.10000000149011612,0.10000000149011612,0.10000000149011612,0.10000000149011612,0.10000000149011612,0.10000000149011612,0.10000000149011612
77,ZAF,South Africa,2022,-15.694624900817871,-0.1393129527568817,5.5,1,-0.0641661062836647,-0.015326484106481075,0.13372927904129028,-0.31090110540390015,0.10000000149011612,0.10000000149011612,0.10000000149011612,0.10000000149011612,0.10000000149011612,0.10000000149011612,0.10000000149011612,0.10000000149011612,0.10000000149011612,0.10000000149011612
77,ZAF,South Africa,2023,-19.3819637298584,-0.15132838487625122,5.5,1,-0.0641661062836647,-0.015326484106481075,0.13372927904129028,-0.31090110540390015,0.10000000149011612,0.10000000149011612,0.10000000149011612,0.10000000149011612,0.10000000149011612,0.10000000149011612,0.10000000149011612,0.10000000149011612,0.10000000149011612,0.10000000149011612
