entity_id,entity_code,entity_name,year,y_true,y_pred,posthoc_k_star,lag_profile_peak,proxy_signal_true,proxy_1_true,proxy_2_true,proxy_3_true,lag_profile_1,lag_profile_2,lag_profile_3,lag_profile_4,lag_profile_5,lag_profile_6,lag_profile_7,lag_profile_8,lag_profile_9,lag_profile_10
0,ARE,United Arab Emirates,2018,-77.53056335449219,0.554589569568634,5.5,1,0.18880443274974823,0.332748681306839,0.2764120101928711,-0.042747389525175095,0.10000000149011612,0.10000000149011612,0.10000000149011612,0.10000000149011612,0.10000000149011612,0.10000000149011612,0.10000000149011612,0.10000000149011612,0.10000000149011612,0.10000000149011612
0,ARE,United Arab Emirates,2019,-233.2926788330078,0.2923244535923004,5.5,1,0.18880443274974823,0.332748681306839,0.2764120101928711,-0.042747389525175095,0.10000000149011612,0.10000000149011612,0.10000000149011612,0.10000000149011612,0.10000000149011612,0.10000000149011612,0.10000000149011612,0.10000000149011612,0.10000000149011612,0.10000000149011612
0,ARE,United Arab Emirates,2020,-435.1805725097656,0.10772442072629929,5.5,1,0.18880443274974823,0.332748681306839,0.2764120101928711,-0.042747389525175095,0.10000000149011612,0.10000000149011612,0.10000000149011612,0.10000000149011612,0.10000000149011612,0.10000000149011612,0.10000000149011612,0.10000000149011612,0.10000000149011612,0.10000000149011612
0,ARE,United Arab Emirates,2021,-1001.4480590820312,-0.04965799301862717,5.5,1,0.18880443274974823,0.332748681306839,0.2764120101928711,-0.042747389525175095,0.10000000149011612,0.10000000149011612,0.10000000149011612,0.10000000149011612,0.10000000149011612,0.10000000149011612,0.10000000149011612,0.10000000149011612,0.10000000149011612,0.10000000149011612
0,ARE,United Arab Emirates,2022,-1657.7239990234375,-0.15817305445671082,5.5,1,0.18880443274974823,0.332748681306839,0.2764120101928711,-0.042747389525175095,0.10000000149011612,0.10000000149011612,0.10000000149011612,0.10000000149011612,0.10000000149011612,0.10000000149011612,0.10000000149011612,0.10000000149011612,0.10000000149011612,0.10000000149011612
0,ARE,United Arab Emirates,2023,-2705.017333984375,-0.23492881655693054,5.5,1,0.18880443274974823,0.332748681306839,0.2764120101928711,-0.042747389525175095,0.10000000149011612,0.10000000149011612,0.10000000149011612,0.10000000149011612,0.10000000149011612,0.10000000149011612,0.10000000149011612,0.10000000149011612,0.10000000149011612,0.10000000149011612
1,ARG,Argentina,2018,1.6428788900375366,0.5128515362739563,5.537901878356934,6,-0.6909387707710266,-0.40908560156822205,-0.8905236124992371,-0.7732071280479431,0.031770698726177216,0.07334934175014496,0.06039758771657944,0.09986989945173264,0.13277429342269897,0.24250441789627075,0.23463129997253418,0.10487949848175049,0.01982295885682106,0.0
1,ARG,Argentina,2019,1.1453611850738525,0.7066134810447693,5.537901878356934,6,-0.6909387707710266,-0.40908560156822205,-0.8905236124992371,-0.7732071280479431,0.031770698726177216,0.07334934175014496,0.06039758771657944,0.09986989945173264,0.13277429342269897,0.24250441789627075,0.23463129997253418,0.10487949848175049,0.01982295885682106,0.0
1,ARG,Argentina,2020,1.0582135915756226,0.8207319974899292,5.537901878356934,6,-0.6909387707710266,-0.40908560156822205,-0.8905236124992371,-0.7732071280479431,0.031770698726177216,0.07334934175014496,0.06039758771657944,0.09986989945173264,0.13277429342269897,0.24250441789627075,0.23463129997253418,0.10487949848175049,0.01982295885682106,0.0
1,ARG,Argentina,2021,1.4250097274780273,0.8856777548789978,5.537901878356934,6,-0.6909387707710266,-0.40908560156822205,-0.8905236124992371,-0.7732071280479431,0.031770698726177216,0.07334934175014496,0.06039758771657944,0.09986989945173264,0.13277429342269897,0.24250441789627075,0.23463129997253418,0.10487949848175049,0.01982295885682106,0.0
1,ARG,Argentina,2022,0.9982249736785889,0.919244647026062,5.537901878356934,6,-0.6909387707710266,-0.40908560156822205,-0.8905236124992371,-0.7732071280479431,0.031770698726177216,0.07334934175014496,0.06039758771657944,0.09986989945173264,0.13277429342269897,0.24250441789627075,0.23463129997253418,0.10487949848175049,0.01982295885682106,0.0
1,ARG,Argentina,2023,-0.24900130927562714,0.9409510493278503,5.537901878356934,6,-0.6909387707710266,-0.40908560156822205,-0.8905236124992371,-0.7732071280479431,0.031770698726177216,0.07334934175014496,0.06039758771657944,0.09986989945173264,0.13277429342269897,0.24250441789627075,0.23463129997253418,0.10487949848175049,0.01982295885682106,0.0
2,AUS,Australia,2018,-7.367125034332275,0.11026980727910995,5.5,1,1.25566828250885,1.2781401872634888,1.1565734148025513,1.3322911262512207,0.10000000149011612,0.10000000149011612,0.10000000149011612,0.10000000149011612,0.10000000149011612,0.10000000149011612,0.10000000149011612,0.10000000149011612,0.10000000149011612,0.10000000149011612
2,AUS,Australia,2019,-8.657783508300781,-0.21383550763130188,5.5,1,1.25566828250885,1.2781401872634888,1.1565734148025513,1.3322911262512207,0.10000000149011612,0.10000000149011612,0.10000000149011612,0.10000000149011612,0.10000000149011612,0.10000000149011612,0.10000000149011612,0.10000000149011612,0.10000000149011612,0.10000000149011612
2,AUS,Australia,2020,-10.614906311035156,-0.4815479815006256,5.5,1,1.25566828250885,1.2781401872634888,1.1565734148025513,1.3322911262512207,0.10000000149011612,0.10000000149011612,0.10000000149011612,0.10000000149011612,0.10000000149011612,0.10000000149011612,0.10000000149011612,0.10000000149011612,0.10000000149011612,0.10000000149011612
2,AUS,Australia,2021,-13.180018424987793,-0.755738377571106,5.5,1,1.25566828250885,1.2781401872634888,1.1565734148025513,1.3322911262512207,0.10000000149011612,0.10000000149011612,0.10000000149011612,0.10000000149011612,0.10000000149011612,0.10000000149011612,0.10000000149011612,0.10000000149011612,0.10000000149011612,0.10000000149011612
2,AUS,Australia,2022,-15.15616226196289,-1.0259214639663696,5.5,1,1.25566828250885,1.2781401872634888,1.1565734148025513,1.3322911262512207,0.10000000149011612,0.10000000149011612,0.10000000149011612,0.10000000149011612,0.10000000149011612,0.10000000149011612,0.10000000149011612,0.10000000149011612,0.10000000149011612,0.10000000149011612
2,AUS,Australia,2023,-16.646900177001953,-1.2477062940597534,5.5,1,1.25566828250885,1.2781401872634888,1.1565734148025513,1.3322911262512207,0.10000000149011612,0.10000000149011612,0.10000000149011612,0.10000000149011612,0.10000000149011612,0.10000000149011612,0.10000000149011612,0.10000000149011612,0.10000000149011612,0.10000000149011612
3,AUT,Austria,2018,-3.331990957260132,0.9044685959815979,5.5,1,1.3129711151123047,1.3305449485778809,1.1512476205825806,1.4571207761764526,0.10000000149011612,0.10000000149011612,0.10000000149011612,0.10000000149011612,0.10000000149011612,0.10000000149011612,0.10000000149011612,0.10000000149011612,0.10000000149011612,0.10000000149011612
3,AUT,Austria,2019,-3.5629565715789795,0.6001743674278259,5.5,1,1.3129711151123047,1.3305449485778809,1.1512476205825806,1.4571207761764526,0.10000000149011612,0.10000000149011612,0.10000000149011612,0.10000000149011612,0.10000000149011612,0.10000000149011612,0.10000000149011612,0.10000000149011612,0.10000000149011612,0.10000000149011612
3,AUT,Austria,2020,-4.44062614440918,0.38838231563568115,5.5,1,1.3129711151123047,1.3305449485778809,1.1512476205825806,1.4571207761764526,0.10000000149011612,0.10000000149011612,0.10000000149011612,0.10000000149011612,0.10000000149011612,0.10000000149011612,0.10000000149011612,0.10000000149011612,0.10000000149011612,0.10000000149011612
3,AUT,Austria,2021,-4.349145412445068,0.28512275218963623,5.5,1,1.3129711151123047,1.3305449485778809,1.1512476205825806,1.4571207761764526,0.10000000149011612,0.10000000149011612,0.10000000149011612,0.10000000149011612,0.10000000149011612,0.10000000149011612,0.10000000149011612,0.10000000149011612,0.10000000149011612,0.10000000149011612
3,AUT,Austria,2022,-4.098706245422363,0.26011425256729126,5.5,1,1.3129711151123047,1.3305449485778809,1.1512476205825806,1.4571207761764526,0.10000000149011612,0.10000000149011612,0.10000000149011612,0.10000000149011612,0.10000000149011612,0.10000000149011612,0.10000000149011612,0.10000000149011612,0.10000000149011612,0.10000000149011612
3,AUT,Austria,2023,-5.443741798400879,0.21977078914642334,5.5,1,1.3129711151123047,1.3305449485778809,1.1512476205825806,1.4571207761764526,0.10000000149011612,0.10000000149011612,0.10000000149011612,0.10000000149011612,0.10000000149011612,0.10000000149011612,0.10000000149011612,0.10000000149011612,0.10000000149011612,0.10000000149011612
4,AZE,Azerbaijan,2018,3.094372272491455,-0.46503421664237976,4.985530853271484,4,-1.294363021850586,-1.4495718479156494,-1.172594428062439,-1.2609230279922485,0.10316376388072968,0.1132158562541008,0.12001825124025345,0.12178383767604828,0.12008532881736755,0.11158070713281631,0.10133343189954758,0.0939258337020874,0.07083620131015778,0.044056788086891174
4,AZE,Azerbaijan,2019,3.558119297027588,-0.06852350383996964,4.985530853271484,4,-1.294363021850586,-1.4495718479156494,-1.172594428062439,-1.2609230279922485,0.10316376388072968,0.1132158562541008,0.12001825124025345,0.12178383767604828,0.12008532881736755,0.11158070713281631,0.10133343189954758,0.0939258337020874,0.07083620131015778,0.044056788086891174
4,AZE,Azerbaijan,2020,4.490204811096191,0.13815894722938538,4.985530853271484,4,-1.294363021850586,-1.4495718479156494,-1.172594428062439,-1.2609230279922485,0.10316376388072968,0.1132158562541008,0.12001825124025345,0.12178383767604828,0.12008532881736755,0.11158070713281631,0.10133343189954758,0.0939258337020874,0.07083620131015778,0.044056788086891174
4,AZE,Azerbaijan,2021,4.194814682006836,0.24443528056144714,4.985530853271484,4,-1.294363021850586,-1.4495718479156494,-1.172594428062439,-1.2609230279922485,0.10316376388072968,0.1132158562541008,0.12001825124025345,0.12178383767604828,0.12008532881736755,0.11158070713281631,0.10133343189954758,0.0939258337020874,0.07083620131015778,0.044056788086891174
4,AZE,Azerbaijan,2022,3.8313167095184326,0.29411575198173523,4.985530853271484,4,-1.294363021850586,-1.4495718479156494,-1.172594428062439,-1.2609230279922485,0.10316376388072968,0.1132158562541008,0.12001825124025345,0.12178383767604828,0.12008532881736755,0.11158070713281631,0.10133343189954758,0.0939258337020874,0.07083620131015778,0.044056788086891174
4,AZE,Azerbaijan,2023,3.7241804599761963,0.2731557786464691,4.985530853271484,4,-1.294363021850586,-1.4495718479156494,-1.172594428062439,-1.2609230279922485,0.10316376388072968,0.1132158562541008,0.12001825124025345,0.12178383767604828,0.12008532881736755,0.11158070713281631,0.10133343189954758,0.0939258337020874,0.07083620131015778,0.044056788086891174
5,BEL,Belgium,2018,-2.035623550415039,0.11586465686559677,5.5,1,0.9798359274864197,1.2219529151916504,0.8175865411758423,0.8999684453010559,0.10000000149011612,0.10000000149011612,0.10000000149011612,0.10000000149011612,0.10000000149011612,0.10000000149011612,0.10000000149011612,0.10000000149011612,0.10000000149011612,0.10000000149011612
5,BEL,Belgium,2019,-3.1006269454956055,-0.08141837269067764,5.5,1,0.9798359274864197,1.2219529151916504,0.8175865411758423,0.8999684453010559,0.10000000149011612,0.10000000149011612,0.10000000149011612,0.10000000149011612,0.10000000149011612,0.10000000149011612,0.10000000149011612,0.10000000149011612,0.10000000149011612,0.10000000149011612
5,BEL,Belgium,2020,-2.7479605674743652,-0.22125479578971863,5.5,1,0.9798359274864197,1.2219529151916504,0.8175865411758423,0.8999684453010559,0.10000000149011612,0.10000000149011612,0.10000000149011612,0.10000000149011612,0.10000000149011612,0.10000000149011612,0.10000000149011612,0.10000000149011612,0.10000000149011612,0.10000000149011612
5,BEL,Belgium,2021,-3.9674084186553955,-0.3193672001361847,5.5,1,0.9798359274864197,1.2219529151916504,0.8175865411758423,0.8999684453010559,0.10000000149011612,0.10000000149011612,0.10000000149011612,0.10000000149011612,0.10000000149011612,0.10000000149011612,0.10000000149011612,0.10000000149011612,0.10000000149011612,0.10000000149011612
5,BEL,Belgium,2022,-3.700895071029663,-0.38985374569892883,5.5,1,0.9798359274864197,1.2219529151916504,0.8175865411758423,0.8999684453010559,0.10000000149011612,0.10000000149011612,0.10000000149011612,0.10000000149011612,0.10000000149011612,0.10000000149011612,0.10000000149011612,0.10000000149011612,0.10000000149011612,0.10000000149011612
5,BEL,Belgium,2023,-3.867947578430176,-0.43988683819770813,5.5,1,0.9798359274864197,1.2219529151916504,0.8175865411758423,0.8999684453010559,0.10000000149011612,0.10000000149011612,0.10000000149011612,0.10000000149011612,0.10000000149011612,0.10000000149011612,0.10000000149011612,0.10000000149011612,0.10000000149011612,0.10000000149011612
6,BGD,Bangladesh,2018,1.2597620487213135,0.0036155208945274353,5.5,1,-1.3428869247436523,-1.2080445289611816,-1.482562780380249,-1.3380534648895264,0.10000000149011612,0.10000000149011612,0.10000000149011612,0.10000000149011612,0.10000000149011612,0.10000000149011612,0.10000000149011612,0.10000000149011612,0.10000000149011612,0.10000000149011612
6,BGD,Bangladesh,2019,1.4318774938583374,0.6735920310020447,5.5,1,-1.3428869247436523,-1.2080445289611816,-1.482562780380249,-1.3380534648895264,0.10000000149011612,0.10000000149011612,0.10000000149011612,0.10000000149011612,0.10000000149011612,0.10000000149011612,0.10000000149011612,0.10000000149011612,0.10000000149011612,0.10000000149011612
6,BGD,Bangladesh,2020,1.717698097229004,1.0200148820877075,5.5,1,-1.3428869247436523,-1.2080445289611816,-1.482562780380249,-1.3380534648895264,0.10000000149011612,0.10000000149011612,0.10000000149011612,0.10000000149011612,0.10000000149011612,0.10000000149011612,0.10000000149011612,0.10000000149011612,0.10000000149011612,0.10000000149011612
6,BGD,Bangladesh,2021,1.7278225421905518,1.190625786781311,5.5,1,-1.3428869247436523,-1.2080445289611816,-1.482562780380249,-1.3380534648895264,0.10000000149011612,0.10000000149011612,0.10000000149011612,0.10000000149011612,0.10000000149011612,0.10000000149011612,0.10000000149011612,0.10000000149011612,0.10000000149011612,0.10000000149011612
6,BGD,Bangladesh,2022,1.5284489393234253,1.2674221992492676,5.5,1,-1.3428869247436523,-1.2080445289611816,-1.482562780380249,-1.3380534648895264,0.10000000149011612,0.10000000149011612,0.10000000149011612,0.10000000149011612,0.10000000149011612,0.10000000149011612,0.10000000149011612,0.10000000149011612,0.10000000149011612,0.10000000149011612
6,BGD,Bangladesh,2023,2.0307767391204834,1.3006709814071655,5.5,1,-1.3428869247436523,-1.2080445289611816,-1.482562780380249,-1.3380534648895264,0.10000000149011612,0.10000000149011612,0.10000000149011612,0.10000000149011612,0.10000000149011612,0.10000000149011612,0.10000000149011612,0.10000000149011612,0.10000000149011612,0.10000000149011612
7,BGR,Bulgaria,2018,-1.3296480178833008,0.6957027316093445,5.5,1,-0.42611977458000183,-0.6209486722946167,-0.13856160640716553,-0.5188490152359009,0.10000000149011612,0.10000000149011612,0.10000000149011612,0.10000000149011612,0.10000000149011612,0.10000000149011612,0.10000000149011612,0.10000000149011612,0.10000000149011612,0.10000000149011612
7,BGR,Bulgaria,2019,-1.4306131601333618,1.0919604301452637,5.5,1,-0.42611977458000183,-0.6209486722946167,-0.13856160640716553,-0.5188490152359009,0.10000000149011612,0.10000000149011612,0.10000000149011612,0.10000000149011612,0.10000000149011612,0.10000000149011612,0.10000000149011612,0.10000000149011612,0.10000000149011612,0.10000000149011612
7,BGR,Bulgaria,2020,-2.8135833740234375,1.267189383506775,5.5,1,-0.42611977458000183,-0.6209486722946167,-0.13856160640716553,-0.5188490152359009,0.10000000149011612,0.10000000149011612,0.10000000149011612,0.10000000149011612,0.10000000149011612,0.10000000149011612,0.10000000149011612,0.10000000149011612,0.10000000149011612,0.10000000149011612
7,BGR,Bulgaria,2021,-2.0215117931365967,1.3470807075500488,5.5,1,-0.42611977458000183,-0.6209486722946167,-0.13856160640716553,-0.5188490152359009,0.10000000149011612,0.10000000149011612,0.10000000149011612,0.10000000149011612,0.10000000149011612,0.10000000149011612,0.10000000149011612,0.10000000149011612,0.10000000149011612,0.10000000149011612
7,BGR,Bulgaria,2022,-0.48078346252441406,1.39383864402771,5.5,1,-0.42611977458000183,-0.6209486722946167,-0.13856160640716553,-0.5188490152359009,0.10000000149011612,0.10000000149011612,0.10000000149011612,0.10000000149011612,0.10000000149011612,0.10000000149011612,0.10000000149011612,0.10000000149011612,0.10000000149011612,0.10000000149011612
7,BGR,Bulgaria,2023,-3.970643997192383,1.4136313199996948,5.5,1,-0.42611977458000183,-0.6209486722946167,-0.13856160640716553,-0.5188490152359009,0.10000000149011612,0.10000000149011612,0.10000000149011612,0.10000000149011612,0.10000000149011612,0.10000000149011612,0.10000000149011612,0.10000000149011612,0.10000000149011612,0.10000000149011612
8,BLR,Belarus,2018,-2.643580675125122,0.041120775043964386,5.5,1,-1.5520426034927368,-1.4920120239257812,-1.8896420001983643,-1.2744739055633545,0.10000000149011612,0.10000000149011612,0.10000000149011612,0.10000000149011612,0.10000000149011612,0.10000000149011612,0.10000000149011612,0.10000000149011612,0.10000000149011612,0.10000000149011612
8,BLR,Belarus,2019,-3.0715856552124023,0.18177786469459534,5.5,1,-1.5520426034927368,-1.4920120239257812,-1.8896420001983643,-1.2744739055633545,0.10000000149011612,0.10000000149011612,0.10000000149011612,0.10000000149011612,0.10000000149011612,0.10000000149011612,0.10000000149011612,0.10000000149011612,0.10000000149011612,0.10000000149011612
8,BLR,Belarus,2020,-3.0823307037353516,0.26008957624435425,5.5,1,-1.5520426034927368,-1.4920120239257812,-1.8896420001983643,-1.2744739055633545,0.10000000149011612,0.10000000149011612,0.10000000149011612,0.10000000149011612,0.10000000149011612,0.10000000149011612,0.10000000149011612,0.10000000149011612,0.10000000149011612,0.10000000149011612
8,BLR,Belarus,2021,-14.810386657714844,0.3008110225200653,5.5,1,-1.5520426034927368,-1.4920120239257812,-1.8896420001983643,-1.2744739055633545,0.10000000149011612,0.10000000149011612,0.10000000149011612,0.10000000149011612,0.10000000149011612,0.10000000149011612,0.10000000149011612,0.10000000149011612,0.10000000149011612,0.10000000149011612
8,BLR,Belarus,2022,-13.734106063842773,0.3224279284477234,5.5,1,-1.5520426034927368,-1.4920120239257812,-1.8896420001983643,-1.2744739055633545,0.10000000149011612,0.10000000149011612,0.10000000149011612,0.10000000149011612,0.10000000149011612,0.10000000149011612,0.10000000149011612,0.10000000149011612,0.10000000149011612,0.10000000149011612
8,BLR,Belarus,2023,-27.134784698486328,0.3327207863330841,5.5,1,-1.5520426034927368,-1.4920120239257812,-1.8896420001983643,-1.2744739055633545,0.10000000149011612,0.10000000149011612,0.10000000149011612,0.10000000149011612,0.10000000149011612,0.10000000149011612,0.10000000149011612,0.10000000149011612,0.10000000149011612,0.10000000149011612
9,BRA,Brazil,2018,4.812175750732422,0.4337998926639557,1.5902225971221924,2,-0.532637357711792,-0.5499132871627808,-0.37875303626060486,-0.669245719909668,0.40977737307548523,0.5902225971221924,0.0,0.0,0.0,0.0,0.0,0.0,0.0,0.0
9,BRA,Brazil,2019,5.404086589813232,0.6299543976783752,1.5902225971221924,2,-0.532637357711792,-0.5499132871627808,-0.37875303626060486,-0.669245719909668,0.40977737307548523,0.5902225971221924,0.0,0.0,0.0,0.0,0.0,0.0,0.0,0.0
9,BRA,Brazil,2020,4.385476589202881,0.7135958075523376,1.5902225971221924,2,-0.532637357711792,-0.5499132871627808,-0.37875303626060486,-0.669245719909668,0.40977737307548523,0.5902225971221924,0.0,0.0,0.0,0.0,0.0,0.0,0.0,0.0
9,BRA,Brazil,2021,8.511026382446289,0.7269176840782166,1.5902225971221924,2,-0.532637357711792,-0.5499132871627808,-0.37875303626060486,-0.669245719909668,0.40977737307548523,0.5902225971221924,0.0,0.0,0.0,0.0,0.0,0.0,0.0,0.0
9,BRA,Brazil,2022,0.8233122229576111,0.7022459506988525,1.5902225971221924,2,-0.532637357711792,-0.5499132871627808,-0.37875303626060486,-0.669245719909668,0.40977737307548523,0.5902225971221924,0.0,0.0,0.0,0.0,0.0,0.0,0.0,0.0
9,BRA,Brazil,2023,-0.02414296381175518,0.6704354882240295,1.5902225971221924,2,-0.532637357711792,-0.5499132871627808,-0.37875303626060486,-0.669245719909668,0.40977737307548523,0.5902225971221924,0.0,0.0,0.0,0.0,0.0,0.0,0.0,0.0
10,CAN,Canada,2018,-3.718440532684326,-0.8028587102890015,3.1834259033203125,3,1.2861608266830444,1.3746321201324463,1.1545178890228271,1.3293325901031494,0.1427711844444275,0.27040380239486694,0.27998417615890503,0.035302191972732544,0.11054632067680359,0.1609923392534256,0.0,0.0,0.0,0.0
10,CAN,Canada,2019,-3.770698308944702,-1.0211251974105835,3.1834259033203125,3,1.2861608266830444,1.3746321201324463,1.1545178890228271,1.3293325901031494,0.1427711844444275,0.27040380239486694,0.27998417615890503,0.035302191972732544,0.11054632067680359,0.1609923392534256,0.0,0.0,0.0,0.0
10,CAN,Canada,2020,-4.2692484855651855,-1.3031866550445557,3.1834259033203125,3,1.2861608266830444,1.3746321201324463,1.1545178890228271,1.3293325901031494,0.1427711844444275,0.27040380239486694,0.27998417615890503,0.035302191972732544,0.11054632067680359,0.1609923392534256,0.0,0.0,0.0,0.0
10,CAN,Canada,2021,-4.04820442199707,-1.6374714374542236,3.1834259033203125,3,1.2861608266830444,1.3746321201324463,1.1545178890228271,1.3293325901031494,0.1427711844444275,0.27040380239486694,0.27998417615890503,0.035302191972732544,0.11054632067680359,0.1609923392534256,0.0,0.0,0.0,0.0
10,CAN,Canada,2022,-4.334720611572266,-1.9011331796646118,3.1834259033203125,3,1.2861608266830444,1.3746321201324463,1.1545178890228271,1.3293325901031494,0.1427711844444275,0.27040380239486694,0.27998417615890503,0.035302191972732544,0.11054632067680359,0.1609923392534256,0.0,0.0,0.0,0.0
10,CAN,Canada,2023,-3.507607936859131,-2.09114933013916,3.1834259033203125,3,1.2861608266830444,1.3746321201324463,1.1545178890228271,1.3293325901031494,0.1427711844444275,0.27040380239486694,0.27998417615890503,0.035302191972732544,0.11054632067680359,0.1609923392534256,0.0,0.0,0.0,0.0
11,CHE,Switzerland,2018,1.0894922018051147,0.8602079153060913,10.0,10,1.412360668182373,1.4461179971694946,1.2956862449645996,1.4952778816223145,0.0,0.0,0.0,0.0,0.0,0.0,0.0,0.0,0.0,1.0
11,CHE,Switzerland,2019,0.49372902512550354,0.7536519169807434,10.0,10,1.412360668182373,1.4461179971694946,1.2956862449645996,1.4952778816223145,0.0,0.0,0.0,0.0,0.0,0.0,0.0,0.0,0.0,1.0
11,CHE,Switzerland,2020,1.5537232160568237,0.726800262928009,10.0,10,1.412360668182373,1.4461179971694946,1.2956862449645996,1.4952778816223145,0.0,0.0,0.0,0.0,0.0,0.0,0.0,0.0,0.0,1.0
11,CHE,Switzerland,2021,3.0005764961242676,0.7320299744606018,10.0,10,1.412360668182373,1.4461179971694946,1.2956862449645996,1.4952778816223145,0.0,0.0,0.0,0.0,0.0,0.0,0.0,0.0,0.0,1.0
11,CHE,Switzerland,2022,2.025691270828247,0.7531306147575378,10.0,10,1.412360668182373,1.4461179971694946,1.2956862449645996,1.4952778816223145,0.0,0.0,0.0,0.0,0.0,0.0,0.0,0.0,0.0,1.0
11,CHE,Switzerland,2023,-4.210478782653809,0.7559268474578857,10.0,10,1.412360668182373,1.4461179971694946,1.2956862449645996,1.4952778816223145,0.0,0.0,0.0,0.0,0.0,0.0,0.0,0.0,0.0,1.0
12,CHL,Chile,2018,1.4454405307769775,0.8825756907463074,5.5,1,0.8483307957649231,0.667232871055603,1.016435146331787,0.8613244891166687,0.10000000149011612,0.10000000149011612,0.10000000149011612,0.10000000149011612,0.10000000149011612,0.10000000149011612,0.10000000149011612,0.10000000149011612,0.10000000149011612,0.10000000149011612
12,CHL,Chile,2019,1.1679426431655884,1.1034882068634033,5.5,1,0.8483307957649231,0.667232871055603,1.016435146331787,0.8613244891166687,0.10000000149011612,0.10000000149011612,0.10000000149011612,0.10000000149011612,0.10000000149011612,0.10000000149011612,0.10000000149011612,0.10000000149011612,0.10000000149011612,0.10000000149011612
12,CHL,Chile,2020,0.7698724865913391,1.1897876262664795,5.5,1,0.8483307957649231,0.667232871055603,1.016435146331787,0.8613244891166687,0.10000000149011612,0.10000000149011612,0.10000000149011612,0.10000000149011612,0.10000000149011612,0.10000000149011612,0.10000000149011612,0.10000000149011612,0.10000000149011612,0.10000000149011612
12,CHL,Chile,2021,0.5402398705482483,1.2743881940841675,5.5,1,0.8483307957649231,0.667232871055603,1.016435146331787,0.8613244891166687,0.10000000149011612,0.10000000149011612,0.10000000149011612,0.10000000149011612,0.10000000149011612,0.10000000149011612,0.10000000149011612,0.10000000149011612,0.10000000149011612,0.10000000149011612
12,CHL,Chile,2022,-0.5233001708984375,1.298262357711792,5.5,1,0.8483307957649231,0.667232871055603,1.016435146331787,0.8613244891166687,0.10000000149011612,0.10000000149011612,0.10000000149011612,0.10000000149011612,0.10000000149011612,0.10000000149011612,0.10000000149011612,0.10000000149011612,0.10000000149011612,0.10000000149011612
12,CHL,Chile,2023,-1.9592610597610474,1.3041826486587524,5.5,1,0.8483307957649231,0.667232871055603,1.016435146331787,0.8613244891166687,0.10000000149011612,0.10000000149011612,0.10000000149011612,0.10000000149011612,0.10000000149011612,0.10000000149011612,0.10000000149011612,0.10000000149011612,0.10000000149011612,0.10000000149011612
13,CHN,China,2018,-8.663586616516113,-0.5863003134727478,5.5,1,-0.8438493609428406,-0.7442506551742554,-0.7500977516174316,-1.03719961643219,0.10000000149011612,0.10000000149011612,0.10000000149011612,0.10000000149011612,0.10000000149011612,0.10000000149011612,0.10000000149011612,0.10000000149011612,0.10000000149011612,0.10000000149011612
13,CHN,China,2019,-9.760994911193848,-0.5016794800758362,5.5,1,-0.8438493609428406,-0.7442506551742554,-0.7500977516174316,-1.03719961643219,0.10000000149011612,0.10000000149011612,0.10000000149011612,0.10000000149011612,0.10000000149011612,0.10000000149011612,0.10000000149011612,0.10000000149011612,0.10000000149011612,0.10000000149011612
13,CHN,China,2020,-10.60916519165039,-0.5386126637458801,5.5,1,-0.8438493609428406,-0.7442506551742554,-0.7500977516174316,-1.03719961643219,0.10000000149011612,0.10000000149011612,0.10000000149011612,0.10000000149011612,0.10000000149011612,0.10000000149011612,0.10000000149011612,0.10000000149011612,0.10000000149011612,0.10000000149011612
13,CHN,China,2021,-11.069491386413574,-0.6361429691314697,5.5,1,-0.8438493609428406,-0.7442506551742554,-0.7500977516174316,-1.03719961643219,0.10000000149011612,0.10000000149011612,0.10000000149011612,0.10000000149011612,0.10000000149011612,0.10000000149011612,0.10000000149011612,0.10000000149011612,0.10000000149011612,0.10000000149011612
13,CHN,China,2022,-11.851537704467773,-0.7517328858375549,5.5,1,-0.8438493609428406,-0.7442506551742554,-0.7500977516174316,-1.03719961643219,0.10000000149011612,0.10000000149011612,0.10000000149011612,0.10000000149011612,0.10000000149011612,0.10000000149011612,0.10000000149011612,0.10000000149011612,0.10000000149011612,0.10000000149011612
13,CHN,China,2023,-12.087423324584961,-0.8676478862762451,5.5,1,-0.8438493609428406,-0.7442506551742554,-0.7500977516174316,-1.03719961643219,0.10000000149011612,0.10000000149011612,0.10000000149011612,0.10000000149011612,0.10000000149011612,0.10000000149011612,0.10000000149011612,0.10000000149011612,0.10000000149011612,0.10000000149011612
14,COL,Colombia,2018,0.3820185363292694,-0.7865725159645081,5.5,1,-0.757061779499054,-0.7152259349822998,-0.5119652152061462,-1.0439940690994263,0.10000000149011612,0.10000000149011612,0.10000000149011612,0.10000000149011612,0.10000000149011612,0.10000000149011612,0.10000000149011612,0.10000000149011612,0.10000000149011612,0.10000000149011612
14,COL,Colombia,2019,2.6013519763946533,-0.46034082770347595,5.5,1,-0.757061779499054,-0.7152259349822998,-0.5119652152061462,-1.0439940690994263,0.10000000149011612,0.10000000149011612,0.10000000149011612,0.10000000149011612,0.10000000149011612,0.10000000149011612,0.10000000149011612,0.10000000149011612,0.10000000149011612,0.10000000149011612
14,COL,Colombia,2020,3.8599977493286133,-0.27066612243652344,5.5,1,-0.757061779499054,-0.7152259349822998,-0.5119652152061462,-1.0439940690994263,0.10000000149011612,0.10000000149011612,0.10000000149011612,0.10000000149011612,0.10000000149011612,0.10000000149011612,0.10000000149011612,0.10000000149011612,0.10000000149011612,0.10000000149011612
14,COL,Colombia,2021,0.7301899194717407,-0.16836366057395935,5.5,1,-0.757061779499054,-0.7152259349822998,-0.5119652152061462,-1.0439940690994263,0.10000000149011612,0.10000000149011612,0.10000000149011612,0.10000000149011612,0.10000000149011612,0.10000000149011612,0.10000000149011612,0.10000000149011612,0.10000000149011612,0.10000000149011612
14,COL,Colombia,2022,0.9924597144126892,-0.11561057716608047,5.5,1,-0.757061779499054,-0.7152259349822998,-0.5119652152061462,-1.0439940690994263,0.10000000149011612,0.10000000149011612,0.10000000149011612,0.10000000149011612,0.10000000149011612,0.10000000149011612,0.10000000149011612,0.10000000149011612,0.10000000149011612,0.10000000149011612
14,COL,Colombia,2023,3.7653815746307373,-0.09935108572244644,5.5,1,-0.757061779499054,-0.7152259349822998,-0.5119652152061462,-1.0439940690994263,0.10000000149011612,0.10000000149011612,0.10000000149011612,0.10000000149011612,0.10000000149011612,0.10000000149011612,0.10000000149011612,0.10000000149011612,0.10000000149011612,0.10000000149011612
15,CYP,Cyprus,2018,-11.052656173706055,-0.6809766888618469,5.5,1,0.7725202441215515,0.8672822117805481,0.7250233292579651,0.725255012512207,0.10000000149011612,0.10000000149011612,0.10000000149011612,0.10000000149011612,0.10000000149011612,0.10000000149011612,0.10000000149011612,0.10000000149011612,0.10000000149011612,0.10000000149011612
15,CYP,Cyprus,2019,-11.571080207824707,-0.8274994492530823,5.5,1,0.7725202441215515,0.8672822117805481,0.7250233292579651,0.725255012512207,0.10000000149011612,0.10000000149011612,0.10000000149011612,0.10000000149011612,0.10000000149011612,0.10000000149011612,0.10000000149011612,0.10000000149011612,0.10000000149011612,0.10000000149011612
15,CYP,Cyprus,2020,-14.400252342224121,-0.9438113570213318,5.5,1,0.7725202441215515,0.8672822117805481,0.7250233292579651,0.725255012512207,0.10000000149011612,0.10000000149011612,0.10000000149011612,0.10000000149011612,0.10000000149011612,0.10000000149011612,0.10000000149011612,0.10000000149011612,0.10000000149011612,0.10000000149011612
15,CYP,Cyprus,2021,-17.67461395263672,-1.046122670173645,5.5,1,0.7725202441215515,0.8672822117805481,0.7250233292579651,0.725255012512207,0.10000000149011612,0.10000000149011612,0.10000000149011612,0.10000000149011612,0.10000000149011612,0.10000000149011612,0.10000000149011612,0.10000000149011612,0.10000000149011612,0.10000000149011612
15,CYP,Cyprus,2022,-19.47079086303711,-1.1428009271621704,5.5,1,0.7725202441215515,0.8672822117805481,0.7250233292579651,0.725255012512207,0.10000000149011612,0.10000000149011612,0.10000000149011612,0.10000000149011612,0.10000000149011612,0.10000000149011612,0.10000000149011612,0.10000000149011612,0.10000000149011612,0.10000000149011612
15,CYP,Cyprus,2023,-23.38113784790039,-1.2226358652114868,5.5,1,0.7725202441215515,0.8672822117805481,0.7250233292579651,0.725255012512207,0.10000000149011612,0.10000000149011612,0.10000000149011612,0.10000000149011612,0.10000000149011612,0.10000000149011612,0.10000000149011612,0.10000000149011612,0.10000000149011612,0.10000000149011612
16,CZE,Czechia,2018,-2.3009228706359863,-0.5457923412322998,5.5,1,0.365255743265152,0.28039175271987915,0.4478796720504761,0.3674957752227783,0.10000000149011612,0.10000000149011612,0.10000000149011612,0.10000000149011612,0.10000000149011612,0.10000000149011612,0.10000000149011612,0.10000000149011612,0.10000000149011612,0.10000000149011612
16,CZE,Czechia,2019,-2.761939525604248,-0.5580059885978699,5.5,1,0.365255743265152,0.28039175271987915,0.4478796720504761,0.3674957752227783,0.10000000149011612,0.10000000149011612,0.10000000149011612,0.10000000149011612,0.10000000149011612,0.10000000149011612,0.10000000149011612,0.10000000149011612,0.10000000149011612,0.10000000149011612
16,CZE,Czechia,2020,-3.448472261428833,-0.6083673238754272,5.5,1,0.365255743265152,0.28039175271987915,0.4478796720504761,0.3674957752227783,0.10000000149011612,0.10000000149011612,0.10000000149011612,0.10000000149011612,0.10000000149011612,0.10000000149011612,0.10000000149011612,0.10000000149011612,0.10000000149011612,0.10000000149011612
16,CZE,Czechia,2021,-3.2644777297973633,-0.6798074841499329,5.5,1,0.365255743265152,0.28039175271987915,0.4478796720504761,0.3674957752227783,0.10000000149011612,0.10000000149011612,0.10000000149011612,0.10000000149011612,0.10000000149011612,0.10000000149011612,0.10000000149011612,0.10000000149011612,0.10000000149011612,0.10000000149011612
16,CZE,Czechia,2022,-3.0018773078918457,-0.7631362080574036,5.5,1,0.365255743265152,0.28039175271987915,0.4478796720504761,0.3674957752227783,0.10000000149011612,0.10000000149011612,0.10000000149011612,0.10000000149011612,0.10000000149011612,0.10000000149011612,0.10000000149011612,0.10000000149011612,0.10000000149011612,0.10000000149011612
16,CZE,Czechia,2023,-3.7278714179992676,-0.8452926278114319,5.5,1,0.365255743265152,0.28039175271987915,0.4478796720504761,0.3674957752227783,0.10000000149011612,0.10000000149011612,0.10000000149011612,0.10000000149011612,0.10000000149011612,0.10000000149011612,0.10000000149011612,0.10000000149011612,0.10000000149011612,0.10000000149011612
17,DEU,Germany,2018,-4.408335208892822,-0.2944173514842987,5.5,1,1.162001371383667,1.2181392908096313,0.9860901236534119,1.2817747592926025,0.10000000149011612,0.10000000149011612,0.10000000149011612,0.10000000149011612,0.10000000149011612,0.10000000149011612,0.10000000149011612,0.10000000149011612,0.10000000149011612,0.10000000149011612
17,DEU,Germany,2019,-7.129828929901123,-0.44416192173957825,5.5,1,1.162001371383667,1.2181392908096313,0.9860901236534119,1.2817747592926025,0.10000000149011612,0.10000000149011612,0.10000000149011612,0.10000000149011612,0.10000000149011612,0.10000000149011612,0.10000000149011612,0.10000000149011612,0.10000000149011612,0.10000000149011612
17,DEU,Germany,2020,-8.748512268066406,-0.6632390022277832,5.5,1,1.162001371383667,1.2181392908096313,0.9860901236534119,1.2817747592926025,0.10000000149011612,0.10000000149011612,0.10000000149011612,0.10000000149011612,0.10000000149011612,0.10000000149011612,0.10000000149011612,0.10000000149011612,0.10000000149011612,0.10000000149011612
17,DEU,Germany,2021,-7.036392688751221,-0.9027301669120789,5.5,1,1.162001371383667,1.2181392908096313,0.9860901236534119,1.2817747592926025,0.10000000149011612,0.10000000149011612,0.10000000149011612,0.10000000149011612,0.10000000149011612,0.10000000149011612,0.10000000149011612,0.10000000149011612,0.10000000149011612,0.10000000149011612
17,DEU,Germany,2022,-5.935337066650391,-1.135749340057373,5.5,1,1.162001371383667,1.2181392908096313,0.9860901236534119,1.2817747592926025,0.10000000149011612,0.10000000149011612,0.10000000149011612,0.10000000149011612,0.10000000149011612,0.10000000149011612,0.10000000149011612,0.10000000149011612,0.10000000149011612,0.10000000149011612
17,DEU,Germany,2023,-8.335287094116211,-1.3328628540039062,5.5,1,1.162001371383667,1.2181392908096313,0.9860901236534119,1.2817747592926025,0.10000000149011612,0.10000000149011612,0.10000000149011612,0.10000000149011612,0.10000000149011612,0.10000000149011612,0.10000000149011612,0.10000000149011612,0.10000000149011612,0.10000000149011612
18,DNK,Denmark,2018,-4.1028218269348145,0.45956531167030334,5.5,1,1.5067936182022095,1.5459808111190796,1.4523217678070068,1.522078514099121,0.10000000149011612,0.10000000149011612,0.10000000149011612,0.10000000149011612,0.10000000149011612,0.10000000149011612,0.10000000149011612,0.10000000149011612,0.10000000149011612,0.10000000149011612
18,DNK,Denmark,2019,-5.251770973205566,0.16170066595077515,5.5,1,1.5067936182022095,1.5459808111190796,1.4523217678070068,1.522078514099121,0.10000000149011612,0.10000000149011612,0.10000000149011612,0.10000000149011612,0.10000000149011612,0.10000000149011612,0.10000000149011612,0.10000000149011612,0.10000000149011612,0.10000000149011612
18,DNK,Denmark,2020,-5.442167282104492,-0.10008025914430618,5.5,1,1.5067936182022095,1.5459808111190796,1.4523217678070068,1.522078514099121,0.10000000149011612,0.10000000149011612,0.10000000149011612,0.10000000149011612,0.10000000149011612,0.10000000149011612,0.10000000149011612,0.10000000149011612,0.10000000149011612,0.10000000149011612
18,DNK,Denmark,2021,-5.020071029663086,-0.3676600754261017,5.5,1,1.5067936182022095,1.5459808111190796,1.4523217678070068,1.522078514099121,0.10000000149011612,0.10000000149011612,0.10000000149011612,0.10000000149011612,0.10000000149011612,0.10000000149011612,0.10000000149011612,0.10000000149011612,0.10000000149011612,0.10000000149011612
18,DNK,Denmark,2022,-5.26057767868042,-0.6358305811882019,5.5,1,1.5067936182022095,1.5459808111190796,1.4523217678070068,1.522078514099121,0.10000000149011612,0.10000000149011612,0.10000000149011612,0.10000000149011612,0.10000000149011612,0.10000000149011612,0.10000000149011612,0.10000000149011612,0.10000000149011612,0.10000000149011612
18,DNK,Denmark,2023,-5.907427787780762,-0.881048321723938,5.5,1,1.5067936182022095,1.5459808111190796,1.4523217678070068,1.522078514099121,0.10000000149011612,0.10000000149011612,0.10000000149011612,0.10000000149011612,0.10000000149011612,0.10000000149011612,0.10000000149011612,0.10000000149011612,0.10000000149011612,0.10000000149011612
19,DZA,Algeria,2018,-1.3783005475997925,-0.24780988693237305,5.5,1,-1.204992651939392,-1.152233362197876,-1.2305991649627686,-1.2321451902389526,0.10000000149011612,0.10000000149011612,0.10000000149011612,0.10000000149011612,0.10000000149011612,0.10000000149011612,0.10000000149011612,0.10000000149011612,0.10000000149011612,0.10000000149011612
19,DZA,Algeria,2019,-1.3506704568862915,-0.1482888162136078,5.5,1,-1.204992651939392,-1.152233362197876,-1.2305991649627686,-1.2321451902389526,0.10000000149011612,0.10000000149011612,0.10000000149011612,0.10000000149011612,0.10000000149011612,0.10000000149011612,0.10000000149011612,0.10000000149011612,0.10000000149011612,0.10000000149011612
19,DZA,Algeria,2020,-1.4138250350952148,-0.17960408329963684,5.5,1,-1.204992651939392,-1.152233362197876,-1.2305991649627686,-1.2321451902389526,0.10000000149011612,0.10000000149011612,0.10000000149011612,0.10000000149011612,0.10000000149011612,0.10000000149011612,0.10000000149011612,0.10000000149011612,0.10000000149011612,0.10000000149011612
19,DZA,Algeria,2021,-1.0506858825683594,-0.2976130545139313,5.5,1,-1.204992651939392,-1.152233362197876,-1.2305991649627686,-1.2321451902389526,0.10000000149011612,0.10000000149011612,0.10000000149011612,0.10000000149011612,0.10000000149011612,0.10000000149011612,0.10000000149011612,0.10000000149011612,0.10000000149011612,0.10000000149011612
19,DZA,Algeria,2022,-1.0033199787139893,-0.43343058228492737,5.5,1,-1.204992651939392,-1.152233362197876,-1.2305991649627686,-1.2321451902389526,0.10000000149011612,0.10000000149011612,0.10000000149011612,0.10000000149011612,0.10000000149011612,0.10000000149011612,0.10000000149011612,0.10000000149011612,0.10000000149011612,0.10000000149011612
19,DZA,Algeria,2023,-1.0033199787139893,-0.5764930844306946,5.5,1,-1.204992651939392,-1.152233362197876,-1.2305991649627686,-1.2321451902389526,0.10000000149011612,0.10000000149011612,0.10000000149011612,0.10000000149011612,0.10000000149011612,0.10000000149011612,0.10000000149011612,0.10000000149011612,0.10000000149011612,0.10000000149011612
20,ECU,Ecuador,2018,-1.1428673267364502,0.5483465790748596,5.5,1,-1.2054944038391113,-1.1715943813323975,-1.2544611692428589,-1.1904276609420776,0.10000000149011612,0.10000000149011612,0.10000000149011612,0.10000000149011612,0.10000000149011612,0.10000000149011612,0.10000000149011612,0.10000000149011612,0.10000000149011612,0.10000000149011612
20,ECU,Ecuador,2019,-1.7627936601638794,0.7866256833076477,5.5,1,-1.2054944038391113,-1.1715943813323975,-1.2544611692428589,-1.1904276609420776,0.10000000149011612,0.10000000149011612,0.10000000149011612,0.10000000149011612,0.10000000149011612,0.10000000149011612,0.10000000149011612,0.10000000149011612,0.10000000149011612,0.10000000149011612
20,ECU,Ecuador,2020,-1.9658561944961548,0.9319471120834351,5.5,1,-1.2054944038391113,-1.1715943813323975,-1.2544611692428589,-1.1904276609420776,0.10000000149011612,0.10000000149011612,0.10000000149011612,0.10000000149011612,0.10000000149011612,0.10000000149011612,0.10000000149011612,0.10000000149011612,0.10000000149011612,0.10000000149011612
20,ECU,Ecuador,2021,-2.1342613697052,1.010270595550537,5.5,1,-1.2054944038391113,-1.1715943813323975,-1.2544611692428589,-1.1904276609420776,0.10000000149011612,0.10000000149011612,0.10000000149011612,0.10000000149011612,0.10000000149011612,0.10000000149011612,0.10000000149011612,0.10000000149011612,0.10000000149011612,0.10000000149011612
20,ECU,Ecuador,2022,-1.612612009048462,1.0705580711364746,5.5,1,-1.2054944038391113,-1.1715943813323975,-1.2544611692428589,-1.1904276609420776,0.10000000149011612,0.10000000149011612,0.10000000149011612,0.10000000149011612,0.10000000149011612,0.10000000149011612,0.10000000149011612,0.10000000149011612,0.10000000149011612,0.10000000149011612
20,ECU,Ecuador,2023,-1.6925028562545776,1.111203670501709,5.5,1,-1.2054944038391113,-1.1715943813323975,-1.2544611692428589,-1.1904276609420776,0.10000000149011612,0.10000000149011612,0.10000000149011612,0.10000000149011612,0.10000000149011612,0.10000000149011612,0.10000000149011612,0.10000000149011612,0.10000000149011612,0.10000000149011612
21,EGY,Egypt,2018,1.8549280166625977,0.29228663444519043,5.5,1,-0.7224758267402649,-0.816137969493866,-0.7838069200515747,-0.5674826502799988,0.10000000149011612,0.10000000149011612,0.10000000149011612,0.10000000149011612,0.10000000149011612,0.10000000149011612,0.10000000149011612,0.10000000149011612,0.10000000149011612,0.10000000149011612
21,EGY,Egypt,2019,1.397194504737854,0.5629687309265137,5.5,1,-0.7224758267402649,-0.816137969493866,-0.7838069200515747,-0.5674826502799988,0.10000000149011612,0.10000000149011612,0.10000000149011612,0.10000000149011612,0.10000000149011612,0.10000000149011612,0.10000000149011612,0.10000000149011612,0.10000000149011612,0.10000000149011612
21,EGY,Egypt,2020,0.7784237861633301,0.6878042221069336,5.5,1,-0.7224758267402649,-0.816137969493866,-0.7838069200515747,-0.5674826502799988,0.10000000149011612,0.10000000149011612,0.10000000149011612,0.10000000149011612,0.10000000149011612,0.10000000149011612,0.10000000149011612,0.10000000149011612,0.10000000149011612,0.10000000149011612
21,EGY,Egypt,2021,0.7313584089279175,0.7369109988212585,5.5,1,-0.7224758267402649,-0.816137969493866,-0.7838069200515747,-0.5674826502799988,0.10000000149011612,0.10000000149011612,0.10000000149011612,0.10000000149011612,0.10000000149011612,0.10000000149011612,0.10000000149011612,0.10000000149011612,0.10000000149011612,0.10000000149011612
21,EGY,Egypt,2022,0.8227205872535706,0.7415519952774048,5.5,1,-0.7224758267402649,-0.816137969493866,-0.7838069200515747,-0.5674826502799988,0.10000000149011612,0.10000000149011612,0.10000000149011612,0.10000000149011612,0.10000000149011612,0.10000000149011612,0.10000000149011612,0.10000000149011612,0.10000000149011612,0.10000000149011612
21,EGY,Egypt,2023,0.880398690700531,0.7262308597564697,5.5,1,-0.7224758267402649,-0.816137969493866,-0.7838069200515747,-0.5674826502799988,0.10000000149011612,0.10000000149011612,0.10000000149011612,0.10000000149011612,0.10000000149011612,0.10000000149011612,0.10000000149011612,0.10000000149011612,0.10000000149011612,0.10000000149011612
22,ESP,Spain,2018,-2.3918983936309814,-0.03645188361406326,5.5,1,0.789492130279541,0.8293587565422058,0.796362042427063,0.7427557706832886,0.10000000149011612,0.10000000149011612,0.10000000149011612,0.10000000149011612,0.10000000149011612,0.10000000149011612,0.10000000149011612,0.10000000149011612,0.10000000149011612,0.10000000149011612
22,ESP,Spain,2019,-3.220625877380371,-0.2548424303531647,5.5,1,0.789492130279541,0.8293587565422058,0.796362042427063,0.7427557706832886,0.10000000149011612,0.10000000149011612,0.10000000149011612,0.10000000149011612,0.10000000149011612,0.10000000149011612,0.10000000149011612,0.10000000149011612,0.10000000149011612,0.10000000149011612
22,ESP,Spain,2020,-4.112740993499756,-0.5216976404190063,5.5,1,0.789492130279541,0.8293587565422058,0.796362042427063,0.7427557706832886,0.10000000149011612,0.10000000149011612,0.10000000149011612,0.10000000149011612,0.10000000149011612,0.10000000149011612,0.10000000149011612,0.10000000149011612,0.10000000149011612,0.10000000149011612
22,ESP,Spain,2021,-4.21701192855835,-0.8102182745933533,5.5,1,0.789492130279541,0.8293587565422058,0.796362042427063,0.7427557706832886,0.10000000149011612,0.10000000149011612,0.10000000149011612,0.10000000149011612,0.10000000149011612,0.10000000149011612,0.10000000149011612,0.10000000149011612,0.10000000149011612,0.10000000149011612
22,ESP,Spain,2022,-3.774611234664917,-1.0742084980010986,5.5,1,0.789492130279541,0.8293587565422058,0.796362042427063,0.7427557706832886,0.10000000149011612,0.10000000149011612,0.10000000149011612,0.10000000149011612,0.10000000149011612,0.10000000149011612,0.10000000149011612,0.10000000149011612,0.10000000149011612,0.10000000149011612
22,ESP,Spain,2023,-4.671977519989014,-1.2942856550216675,5.5,1,0.789492130279541,0.8293587565422058,0.796362042427063,0.7427557706832886,0.10000000149011612,0.10000000149011612,0.10000000149011612,0.10000000149011612,0.10000000149011612,0.10000000149011612,0.10000000149011612,0.10000000149011612,0.10000000149011612,0.10000000149011612
23,EST,Estonia,2018,-4.833373069763184,-0.5197831392288208,5.5,1,0.5303884744644165,0.3051801919937134,0.8016892075538635,0.48429596424102783,0.10000000149011612,0.10000000149011612,0.10000000149011612,0.10000000149011612,0.10000000149011612,0.10000000149011612,0.10000000149011612,0.10000000149011612,0.10000000149011612,0.10000000149011612
23,EST,Estonia,2019,-9.96490478515625,-0.6592383980751038,5.5,1,0.5303884744644165,0.3051801919937134,0.8016892075538635,0.48429596424102783,0.10000000149011612,0.10000000149011612,0.10000000149011612,0.10000000149011612,0.10000000149011612,0.10000000149011612,0.10000000149011612,0.10000000149011612,0.10000000149011612,0.10000000149011612
23,EST,Estonia,2020,-18.38939094543457,-0.8160873055458069,5.5,1,0.5303884744644165,0.3051801919937134,0.8016892075538635,0.48429596424102783,0.10000000149011612,0.10000000149011612,0.10000000149011612,0.10000000149011612,0.10000000149011612,0.10000000149011612,0.10000000149011612,0.10000000149011612,0.10000000149011612,0.10000000149011612
23,EST,Estonia,2021,-14.705828666687012,-0.9595823884010315,5.5,1,0.5303884744644165,0.3051801919937134,0.8016892075538635,0.48429596424102783,0.10000000149011612,0.10000000149011612,0.10000000149011612,0.10000000149011612,0.10000000149011612,0.10000000149011612,0.10000000149011612,0.10000000149011612,0.10000000149011612,0.10000000149011612
23,EST,Estonia,2022,-11.738649368286133,-1.0789400339126587,5.5,1,0.5303884744644165,0.3051801919937134,0.8016892075538635,0.48429596424102783,0.10000000149011612,0.10000000149011612,0.10000000149011612,0.10000000149011612,0.10000000149011612,0.10000000149011612,0.10000000149011612,0.10000000149011612,0.10000000149011612,0.10000000149011612
23,EST,Estonia,2023,-19.71649742126465,-1.1752939224243164,5.5,1,0.5303884744644165,0.3051801919937134,0.8016892075538635,0.48429596424102783,0.10000000149011612,0.10000000149011612,0.10000000149011612,0.10000000149011612,0.10000000149011612,0.10000000149011612,0.10000000149011612,0.10000000149011612,0.10000000149011612,0.10000000149011612
24,FIN,Finland,2018,-2.4947378635406494,0.7800372838973999,5.5,1,1.5118976831436157,1.5876092910766602,1.3751853704452515,1.572898507118225,0.10000000149011612,0.10000000149011612,0.10000000149011612,0.10000000149011612,0.10000000149011612,0.10000000149011612,0.10000000149011612,0.10000000149011612,0.10000000149011612,0.10000000149011612
24,FIN,Finland,2019,-3.0343379974365234,0.5832813382148743,5.5,1,1.5118976831436157,1.5876092910766602,1.3751853704452515,1.572898507118225,0.10000000149011612,0.10000000149011612,0.10000000149011612,0.10000000149011612,0.10000000149011612,0.10000000149011612,0.10000000149011612,0.10000000149011612,0.10000000149011612,0.10000000149011612
24,FIN,Finland,2020,-4.05517578125,0.49073082208633423,5.5,1,1.5118976831436157,1.5876092910766602,1.3751853704452515,1.572898507118225,0.10000000149011612,0.10000000149011612,0.10000000149011612,0.10000000149011612,0.10000000149011612,0.10000000149011612,0.10000000149011612,0.10000000149011612,0.10000000149011612,0.10000000149011612
24,FIN,Finland,2021,-3.9226253032684326,0.4268215000629425,5.5,1,1.5118976831436157,1.5876092910766602,1.3751853704452515,1.572898507118225,0.10000000149011612,0.10000000149011612,0.10000000149011612,0.10000000149011612,0.10000000149011612,0.10000000149011612,0.10000000149011612,0.10000000149011612,0.10000000149011612,0.10000000149011612
24,FIN,Finland,2022,-4.062594890594482,0.3758833110332489,5.5,1,1.5118976831436157,1.5876092910766602,1.3751853704452515,1.572898507118225,0.10000000149011612,0.10000000149011612,0.10000000149011612,0.10000000149011612,0.10000000149011612,0.10000000149011612,0.10000000149011612,0.10000000149011612,0.10000000149011612,0.10000000149011612
24,FIN,Finland,2023,-5.2590131759643555,0.3300859332084656,5.5,1,1.5118976831436157,1.5876092910766602,1.3751853704452515,1.572898507118225,0.10000000149011612,0.10000000149011612,0.10000000149011612,0.10000000149011612,0.10000000149011612,0.10000000149011612,0.10000000149011612,0.10000000149011612,0.10000000149011612,0.10000000149011612
25,FRA,France,2018,-2.937512159347534,0.565086305141449,5.5,1,0.8883405327796936,1.0859564542770386,0.6707704067230225,0.9082947969436646,0.10000000149011612,0.10000000149011612,0.10000000149011612,0.10000000149011612,0.10000000149011612,0.10000000149011612,0.10000000149011612,0.10000000149011612,0.10000000149011612,0.10000000149011612
25,FRA,France,2019,-2.957599639892578,0.3492148816585541,5.5,1,0.8883405327796936,1.0859564542770386,0.6707704067230225,0.9082947969436646,0.10000000149011612,0.10000000149011612,0.10000000149011612,0.10000000149011612,0.10000000149011612,0.10000000149011612,0.10000000149011612,0.10000000149011612,0.10000000149011612,0.10000000149011612
25,FRA,France,2020,-3.0673086643218994,0.12961474061012268,5.5,1,0.8883405327796936,1.0859564542770386,0.6707704067230225,0.9082947969436646,0.10000000149011612,0.10000000149011612,0.10000000149011612,0.10000000149011612,0.10000000149011612,0.10000000149011612,0.10000000149011612,0.10000000149011612,0.10000000149011612,0.10000000149011612
25,FRA,France,2021,-2.956054449081421,-0.08111334592103958,5.5,1,0.8883405327796936,1.0859564542770386,0.6707704067230225,0.9082947969436646,0.10000000149011612,0.10000000149011612,0.10000000149011612,0.10000000149011612,0.10000000149011612,0.10000000149011612,0.10000000149011612,0.10000000149011612,0.10000000149011612,0.10000000149011612
25,FRA,France,2022,-0.05572359263896942,-0.252370148897171,5.5,1,0.8883405327796936,1.0859564542770386,0.6707704067230225,0.9082947969436646,0.10000000149011612,0.10000000149011612,0.10000000149011612,0.10000000149011612,0.10000000149011612,0.10000000149011612,0.10000000149011612,0.10000000149011612,0.10000000149011612,0.10000000149011612
25,FRA,France,2023,-3.9094398021698,-0.4116842448711395,5.5,1,0.8883405327796936,1.0859564542770386,0.6707704067230225,0.9082947969436646,0.10000000149011612,0.10000000149011612,0.10000000149011612,0.10000000149011612,0.10000000149011612,0.10000000149011612,0.10000000149011612,0.10000000149011612,0.10000000149011612,0.10000000149011612
26,GBR,United Kingdom,2018,-11.656635284423828,0.9962300658226013,5.5,1,1.2583589553833008,1.1897099018096924,1.3614327907562256,1.2239340543746948,0.10000000149011612,0.10000000149011612,0.10000000149011612,0.10000000149011612,0.10000000149011612,0.10000000149011612,0.10000000149011612,0.10000000149011612,0.10000000149011612,0.10000000149011612
26,GBR,United Kingdom,2019,-12.48721694946289,0.7499271035194397,5.5,1,1.2583589553833008,1.1897099018096924,1.3614327907562256,1.2239340543746948,0.10000000149011612,0.10000000149011612,0.10000000149011612,0.10000000149011612,0.10000000149011612,0.10000000149011612,0.10000000149011612,0.10000000149011612,0.10000000149011612,0.10000000149011612
26,GBR,United Kingdom,2020,-13.733572006225586,0.5314276814460754,5.5,1,1.2583589553833008,1.1897099018096924,1.3614327907562256,1.2239340543746948,0.10000000149011612,0.10000000149011612,0.10000000149011612,0.10000000149011612,0.10000000149011612,0.10000000149011612,0.10000000149011612,0.10000000149011612,0.10000000149011612,0.10000000149011612
26,GBR,United Kingdom,2021,-12.55033016204834,0.3106466233730316,5.5,1,1.2583589553833008,1.1897099018096924,1.3614327907562256,1.2239340543746948,0.10000000149011612,0.10000000149011612,0.10000000149011612,0.10000000149011612,0.10000000149011612,0.10000000149011612,0.10000000149011612,0.10000000149011612,0.10000000149011612,0.10000000149011612
26,GBR,United Kingdom,2022,-13.13424301147461,0.0934787467122078,5.5,1,1.2583589553833008,1.1897099018096924,1.3614327907562256,1.2239340543746948,0.10000000149011612,0.10000000149011612,0.10000000149011612,0.10000000149011612,0.10000000149011612,0.10000000149011612,0.10000000149011612,0.10000000149011612,0.10000000149011612,0.10000000149011612
26,GBR,United Kingdom,2023,-14.066479682922363,-0.1003781333565712,5.5,1,1.2583589553833008,1.1897099018096924,1.3614327907562256,1.2239340543746948,0.10000000149011612,0.10000000149011612,0.10000000149011612,0.10000000149011612,0.10000000149011612,0.10000000149011612,0.10000000149011612,0.10000000149011612,0.10000000149011612,0.10000000149011612
27,GRC,Greece,2018,-5.507160186767578,-0.020542778074741364,5.5,1,0.21050052344799042,0.004785913974046707,0.24354657530784607,0.3831690847873688,0.10000000149011612,0.10000000149011612,0.10000000149011612,0.10000000149011612,0.10000000149011612,0.10000000149011612,0.10000000149011612,0.10000000149011612,0.10000000149011612,0.10000000149011612
27,GRC,Greece,2019,-6.582149982452393,-0.016501016914844513,5.5,1,0.21050052344799042,0.004785913974046707,0.24354657530784607,0.3831690847873688,0.10000000149011612,0.10000000149011612,0.10000000149011612,0.10000000149011612,0.10000000149011612,0.10000000149011612,0.10000000149011612,0.10000000149011612,0.10000000149011612,0.10000000149011612
27,GRC,Greece,2020,-8.231910705566406,-0.057759083807468414,5.5,1,0.21050052344799042,0.004785913974046707,0.24354657530784607,0.3831690847873688,0.10000000149011612,0.10000000149011612,0.10000000149011612,0.10000000149011612,0.10000000149011612,0.10000000149011612,0.10000000149011612,0.10000000149011612,0.10000000149011612,0.10000000149011612
27,GRC,Greece,2021,-9.12386703491211,-0.10882823914289474,5.5,1,0.21050052344799042,0.004785913974046707,0.24354657530784607,0.3831690847873688,0.10000000149011612,0.10000000149011612,0.10000000149011612,0.10000000149011612,0.10000000149011612,0.10000000149011612,0.10000000149011612,0.10000000149011612,0.10000000149011612,0.10000000149011612
27,GRC,Greece,2022,-9.264490127563477,-0.14263612031936646,5.5,1,0.21050052344799042,0.004785913974046707,0.24354657530784607,0.3831690847873688,0.10000000149011612,0.10000000149011612,0.10000000149011612,0.10000000149011612,0.10000000149011612,0.10000000149011612,0.10000000149011612,0.10000000149011612,0.10000000149011612,0.10000000149011612
27,GRC,Greece,2023,-10.155776977539062,-0.17594704031944275,5.5,1,0.21050052344799042,0.004785913974046707,0.24354657530784607,0.3831690847873688,0.10000000149011612,0.10000000149011612,0.10000000149011612,0.10000000149011612,0.10000000149011612,0.10000000149011612,0.10000000149011612,0.10000000149011612,0.10000000149011612,0.10000000149011612
28,HKG,Hong Kong,2018,-1.1459519863128662,1.1147409677505493,5.5,1,1.1223636865615845,1.0890463590621948,1.3811711072921753,0.8968734741210938,0.10000000149011612,0.10000000149011612,0.10000000149011612,0.10000000149011612,0.10000000149011612,0.10000000149011612,0.10000000149011612,0.10000000149011612,0.10000000149011612,0.10000000149011612
28,HKG,Hong Kong,2019,-1.7272493839263916,0.96529221534729,5.5,1,1.1223636865615845,1.0890463590621948,1.3811711072921753,0.8968734741210938,0.10000000149011612,0.10000000149011612,0.10000000149011612,0.10000000149011612,0.10000000149011612,0.10000000149011612,0.10000000149011612,0.10000000149011612,0.10000000149011612,0.10000000149011612
28,HKG,Hong Kong,2020,-5.682636260986328,0.8827180862426758,5.5,1,1.1223636865615845,1.0890463590621948,1.3811711072921753,0.8968734741210938,0.10000000149011612,0.10000000149011612,0.10000000149011612,0.10000000149011612,0.10000000149011612,0.10000000149011612,0.10000000149011612,0.10000000149011612,0.10000000149011612,0.10000000149011612
28,HKG,Hong Kong,2021,-5.362922668457031,0.823641836643219,5.5,1,1.1223636865615845,1.0890463590621948,1.3811711072921753,0.8968734741210938,0.10000000149011612,0.10000000149011612,0.10000000149011612,0.10000000149011612,0.10000000149011612,0.10000000149011612,0.10000000149011612,0.10000000149011612,0.10000000149011612,0.10000000149011612
28,HKG,Hong Kong,2022,-5.762137413024902,0.7803714275360107,5.5,1,1.1223636865615845,1.0890463590621948,1.3811711072921753,0.8968734741210938,0.10000000149011612,0.10000000149011612,0.10000000149011612,0.10000000149011612,0.10000000149011612,0.10000000149011612,0.10000000149011612,0.10000000149011612,0.10000000149011612,0.10000000149011612
28,HKG,Hong Kong,2023,-5.774105072021484,0.7719552516937256,5.5,1,1.1223636865615845,1.0890463590621948,1.3811711072921753,0.8968734741210938,0.10000000149011612,0.10000000149011612,0.10000000149011612,0.10000000149011612,0.10000000149011612,0.10000000149011612,0.10000000149011612,0.10000000149011612,0.10000000149011612,0.10000000149011612
29,HRV,Croatia,2018,-2.1691575050354004,0.8572612404823303,5.5,1,-0.3481642007827759,-0.2588765323162079,-0.3555670380592346,-0.4300490617752075,0.10000000149011612,0.10000000149011612,0.10000000149011612,0.10000000149011612,0.10000000149011612,0.10000000149011612,0.10000000149011612,0.10000000149011612,0.10000000149011612,0.10000000149011612
29,HRV,Croatia,2019,-1.4451857805252075,0.9188786149024963,5.5,1,-0.3481642007827759,-0.2588765323162079,-0.3555670380592346,-0.4300490617752075,0.10000000149011612,0.10000000149011612,0.10000000149011612,0.10000000149011612,0.10000000149011612,0.10000000149011612,0.10000000149011612,0.10000000149011612,0.10000000149011612,0.10000000149011612
29,HRV,Croatia,2020,-1.7230193614959717,0.9395686388015747,5.5,1,-0.3481642007827759,-0.2588765323162079,-0.3555670380592346,-0.4300490617752075,0.10000000149011612,0.10000000149011612,0.10000000149011612,0.10000000149011612,0.10000000149011612,0.10000000149011612,0.10000000149011612,0.10000000149011612,0.10000000149011612,0.10000000149011612
29,HRV,Croatia,2021,-2.0073060989379883,0.9290205836296082,5.5,1,-0.3481642007827759,-0.2588765323162079,-0.3555670380592346,-0.4300490617752075,0.10000000149011612,0.10000000149011612,0.10000000149011612,0.10000000149011612,0.10000000149011612,0.10000000149011612,0.10000000149011612,0.10000000149011612,0.10000000149011612,0.10000000149011612
29,HRV,Croatia,2022,-1.4104783535003662,0.9643014669418335,5.5,1,-0.3481642007827759,-0.2588765323162079,-0.3555670380592346,-0.4300490617752075,0.10000000149011612,0.10000000149011612,0.10000000149011612,0.10000000149011612,0.10000000149011612,0.10000000149011612,0.10000000149011612,0.10000000149011612,0.10000000149011612,0.10000000149011612
29,HRV,Croatia,2023,-2.236304998397827,1.0085490942001343,5.5,1,-0.3481642007827759,-0.2588765323162079,-0.3555670380592346,-0.4300490617752075,0.10000000149011612,0.10000000149011612,0.10000000149011612,0.10000000149011612,0.10000000149011612,0.10000000149011612,0.10000000149011612,0.10000000149011612,0.10000000149011612,0.10000000149011612
30,HUN,Hungary,2018,-2.826733112335205,-0.8537377119064331,5.5,1,0.43036317825317383,0.30845627188682556,0.5491956472396851,0.4334375858306885,0.10000000149011612,0.10000000149011612,0.10000000149011612,0.10000000149011612,0.10000000149011612,0.10000000149011612,0.10000000149011612,0.10000000149011612,0.10000000149011612,0.10000000149011612
30,HUN,Hungary,2019,-3.2313930988311768,-0.8987597823143005,5.5,1,0.43036317825317383,0.30845627188682556,0.5491956472396851,0.4334375858306885,0.10000000149011612,0.10000000149011612,0.10000000149011612,0.10000000149011612,0.10000000149011612,0.10000000149011612,0.10000000149011612,0.10000000149011612,0.10000000149011612,0.10000000149011612
30,HUN,Hungary,2020,-3.419083595275879,-1.027820110321045,5.5,1,0.43036317825317383,0.30845627188682556,0.5491956472396851,0.4334375858306885,0.10000000149011612,0.10000000149011612,0.10000000149011612,0.10000000149011612,0.10000000149011612,0.10000000149011612,0.10000000149011612,0.10000000149011612,0.10000000149011612,0.10000000149011612
30,HUN,Hungary,2021,-3.8331387042999268,-1.1883450746536255,5.5,1,0.43036317825317383,0.30845627188682556,0.5491956472396851,0.4334375858306885,0.10000000149011612,0.10000000149011612,0.10000000149011612,0.10000000149011612,0.10000000149011612,0.10000000149011612,0.10000000149011612,0.10000000149011612,0.10000000149011612,0.10000000149011612
30,HUN,Hungary,2022,-4.042897701263428,-1.3493891954421997,5.5,1,0.43036317825317383,0.30845627188682556,0.5491956472396851,0.4334375858306885,0.10000000149011612,0.10000000149011612,0.10000000149011612,0.10000000149011612,0.10000000149011612,0.10000000149011612,0.10000000149011612,0.10000000149011612,0.10000000149011612,0.10000000149011612
30,HUN,Hungary,2023,-4.756733417510986,-1.4932838678359985,5.5,1,0.43036317825317383,0.30845627188682556,0.5491956472396851,0.4334375858306885,0.10000000149011612,0.10000000149011612,0.10000000149011612,0.10000000149011612,0.10000000149011612,0.10000000149011612,0.10000000149011612,0.10000000149011612,0.10000000149011612,0.10000000149011612
31,IDN,Indonesia,2018,2.64410662651062,0.6808393001556396,4.918022155761719,5,-0.9561768174171448,-0.9402090311050415,-0.8002218008041382,-1.1280996799468994,0.09418006986379623,0.11753517389297485,0.12287363409996033,0.1319924294948578,0.13459980487823486,0.11619838327169418,0.09296739101409912,0.0790693461894989,0.06717254221439362,0.04341122880578041
31,IDN,Indonesia,2019,3.317753314971924,0.9416370391845703,4.918022155761719,5,-0.9561768174171448,-0.9402090311050415,-0.8002218008041382,-1.1280996799468994,0.09418006986379623,0.11753517389297485,0.12287363409996033,0.1319924294948578,0.13459980487823486,0.11619838327169418,0.09296739101409912,0.0790693461894989,0.06717254221439362,0.04341122880578041
31,IDN,Indonesia,2020,2.719416856765747,1.0877015590667725,4.918022155761719,5,-0.9561768174171448,-0.9402090311050415,-0.8002218008041382,-1.1280996799468994,0.09418006986379623,0.11753517389297485,0.12287363409996033,0.1319924294948578,0.13459980487823486,0.11619838327169418,0.09296739101409912,0.0790693461894989,0.06717254221439362,0.04341122880578041
31,IDN,Indonesia,2021,2.6682887077331543,1.1592801809310913,4.918022155761719,5,-0.9561768174171448,-0.9402090311050415,-0.8002218008041382,-1.1280996799468994,0.09418006986379623,0.11753517389297485,0.12287363409996033,0.1319924294948578,0.13459980487823486,0.11619838327169418,0.09296739101409912,0.0790693461894989,0.06717254221439362,0.04341122880578041
31,IDN,Indonesia,2022,2.0740978717803955,1.207423448562622,4.918022155761719,5,-0.9561768174171448,-0.9402090311050415,-0.8002218008041382,-1.1280996799468994,0.09418006986379623,0.11753517389297485,0.12287363409996033,0.1319924294948578,0.13459980487823486,0.11619838327169418,0.09296739101409912,0.0790693461894989,0.06717254221439362,0.04341122880578041
31,IDN,Indonesia,2023,2.4188666343688965,1.238118290901184,4.918022155761719,5,-0.9561768174171448,-0.9402090311050415,-0.8002218008041382,-1.1280996799468994,0.09418006986379623,0.11753517389297485,0.12287363409996033,0.1319924294948578,0.13459980487823486,0.11619838327169418,0.09296739101409912,0.0790693461894989,0.06717254221439362,0.04341122880578041
32,IND,India,2018,0.023883648216724396,-1.292462706565857,5.5,1,-0.5800058245658875,-0.6757107377052307,-0.8220545053482056,-0.24225223064422607,0.10000000149011612,0.10000000149011612,0.10000000149011612,0.10000000149011612,0.10000000149011612,0.10000000149011612,0.10000000149011612,0.10000000149011612,0.10000000149011612,0.10000000149011612
32,IND,India,2019,-1.7109887599945068,-0.8158403038978577,5.5,1,-0.5800058245658875,-0.6757107377052307,-0.8220545053482056,-0.24225223064422607,0.10000000149011612,0.10000000149011612,0.10000000149011612,0.10000000149011612,0.10000000149011612,0.10000000149011612,0.10000000149011612,0.10000000149011612,0.10000000149011612,0.10000000149011612
32,IND,India,2020,-2.832286834716797,-0.4691678583621979,5.5,1,-0.5800058245658875,-0.6757107377052307,-0.8220545053482056,-0.24225223064422607,0.10000000149011612,0.10000000149011612,0.10000000149011612,0.10000000149011612,0.10000000149011612,0.10000000149011612,0.10000000149011612,0.10000000149011612,0.10000000149011612,0.10000000149011612
32,IND,India,2021,-2.1478464603424072,-0.24467626214027405,5.5,1,-0.5800058245658875,-0.6757107377052307,-0.8220545053482056,-0.24225223064422607,0.10000000149011612,0.10000000149011612,0.10000000149011612,0.10000000149011612,0.10000000149011612,0.10000000149011612,0.10000000149011612,0.10000000149011612,0.10000000149011612,0.10000000149011612
32,IND,India,2022,-2.8932855129241943,-0.12717950344085693,5.5,1,-0.5800058245658875,-0.6757107377052307,-0.8220545053482056,-0.24225223064422607,0.10000000149011612,0.10000000149011612,0.10000000149011612,0.10000000149011612,0.10000000149011612,0.10000000149011612,0.10000000149011612,0.10000000149011612,0.10000000149011612,0.10000000149011612
32,IND,India,2023,-2.182831048965454,-0.043668173253536224,5.5,1,-0.5800058245658875,-0.6757107377052307,-0.8220545053482056,-0.24225223064422607,0.10000000149011612,0.10000000149011612,0.10000000149011612,0.10000000149011612,0.10000000149011612,0.10000000149011612,0.10000000149011612,0.10000000149011612,0.10000000149011612,0.10000000149011612
33,IRL,Ireland,2018,-3.2219769954681396,-0.5054143071174622,5.5,1,1.125100016593933,0.9071259498596191,1.2676217555999756,1.2005521059036255,0.10000000149011612,0.10000000149011612,0.10000000149011612,0.10000000149011612,0.10000000149011612,0.10000000149011612,0.10000000149011612,0.10000000149011612,0.10000000149011612,0.10000000149011612
33,IRL,Ireland,2019,-3.9652493000030518,-0.7233251333236694,5.5,1,1.125100016593933,0.9071259498596191,1.2676217555999756,1.2005521059036255,0.10000000149011612,0.10000000149011612,0.10000000149011612,0.10000000149011612,0.10000000149011612,0.10000000149011612,0.10000000149011612,0.10000000149011612,0.10000000149011612,0.10000000149011612
33,IRL,Ireland,2020,-4.2647223472595215,-0.9086155295372009,5.5,1,1.125100016593933,0.9071259498596191,1.2676217555999756,1.2005521059036255,0.10000000149011612,0.10000000149011612,0.10000000149011612,0.10000000149011612,0.10000000149011612,0.10000000149011612,0.10000000149011612,0.10000000149011612,0.10000000149011612,0.10000000149011612
33,IRL,Ireland,2021,-3.373614549636841,-1.041064977645874,5.5,1,1.125100016593933,0.9071259498596191,1.2676217555999756,1.2005521059036255,0.10000000149011612,0.10000000149011612,0.10000000149011612,0.10000000149011612,0.10000000149011612,0.10000000149011612,0.10000000149011612,0.10000000149011612,0.10000000149011612,0.10000000149011612
33,IRL,Ireland,2022,-3.6817150115966797,-1.1640223264694214,5.5,1,1.125100016593933,0.9071259498596191,1.2676217555999756,1.2005521059036255,0.10000000149011612,0.10000000149011612,0.10000000149011612,0.10000000149011612,0.10000000149011612,0.10000000149011612,0.10000000149011612,0.10000000149011612,0.10000000149011612,0.10000000149011612
33,IRL,Ireland,2023,-4.387845516204834,-1.2576031684875488,5.5,1,1.125100016593933,0.9071259498596191,1.2676217555999756,1.2005521059036255,0.10000000149011612,0.10000000149011612,0.10000000149011612,0.10000000149011612,0.10000000149011612,0.10000000149011612,0.10000000149011612,0.10000000149011612,0.10000000149011612,0.10000000149011612
34,IRN,Iran,2018,0.18575511872768402,-1.1095590591430664,9.458233833312988,10,-1.425826907157898,-1.0039883852005005,-1.918333888053894,-1.3551583290100098,0.0,0.0,0.0,0.0,0.0,0.026555590331554413,0.07456128299236298,0.04117489606142044,0.12951043248176575,0.7281978130340576
34,IRN,Iran,2019,-3.3282368183135986,-0.5904759168624878,9.458233833312988,10,-1.425826907157898,-1.0039883852005005,-1.918333888053894,-1.3551583290100098,0.0,0.0,0.0,0.0,0.0,0.026555590331554413,0.07456128299236298,0.04117489606142044,0.12951043248176575,0.7281978130340576
34,IRN,Iran,2020,-1.5740487575531006,-0.31339356303215027,9.458233833312988,10,-1.425826907157898,-1.0039883852005005,-1.918333888053894,-1.3551583290100098,0.0,0.0,0.0,0.0,0.0,0.026555590331554413,0.07456128299236298,0.04117489606142044,0.12951043248176575,0.7281978130340576
34,IRN,Iran,2021,0.32263654470443726,-0.13499966263771057,9.458233833312988,10,-1.425826907157898,-1.0039883852005005,-1.918333888053894,-1.3551583290100098,0.0,0.0,0.0,0.0,0.0,0.026555590331554413,0.07456128299236298,0.04117489606142044,0.12951043248176575,0.7281978130340576
34,IRN,Iran,2022,0.009564151056110859,-0.004663683474063873,9.458233833312988,10,-1.425826907157898,-1.0039883852005005,-1.918333888053894,-1.3551583290100098,0.0,0.0,0.0,0.0,0.0,0.026555590331554413,0.07456128299236298,0.04117489606142044,0.12951043248176575,0.7281978130340576
34,IRN,Iran,2023,-0.9724723696708679,0.08239611238241196,9.458233833312988,10,-1.425826907157898,-1.0039883852005005,-1.918333888053894,-1.3551583290100098,0.0,0.0,0.0,0.0,0.0,0.026555590331554413,0.07456128299236298,0.04117489606142044,0.12951043248176575,0.7281978130340576
35,IRQ,Iraq,2018,1.4125878810882568,-1.1433221101760864,5.239306926727295,6,-2.0568058490753174,-2.0972113609313965,-2.079011917114258,-1.9941946268081665,0.0923776924610138,0.10467205196619034,0.10825984925031662,0.10993979126214981,0.11659739166498184,0.12101059406995773,0.11289284378290176,0.09533494710922241,0.07808195799589157,0.06083288788795471
35,IRQ,Iraq,2019,1.0280742645263672,-0.7701724767684937,5.239306926727295,6,-2.0568058490753174,-2.0972113609313965,-2.079011917114258,-1.9941946268081665,0.0923776924610138,0.10467205196619034,0.10825984925031662,0.10993979126214981,0.11659739166498184,0.12101059406995773,0.11289284378290176,0.09533494710922241,0.07808195799589157,0.06083288788795471
35,IRQ,Iraq,2020,1.1829884052276611,-0.5962021350860596,5.239306926727295,6,-2.0568058490753174,-2.0972113609313965,-2.079011917114258,-1.9941946268081665,0.0923776924610138,0.10467205196619034,0.10825984925031662,0.10993979126214981,0.11659739166498184,0.12101059406995773,0.11289284378290176,0.09533494710922241,0.07808195799589157,0.06083288788795471
35,IRQ,Iraq,2021,1.2868479490280151,-0.5227466821670532,5.239306926727295,6,-2.0568058490753174,-2.0972113609313965,-2.079011917114258,-1.9941946268081665,0.0923776924610138,0.10467205196619034,0.10825984925031662,0.10993979126214981,0.11659739166498184,0.12101059406995773,0.11289284378290176,0.09533494710922241,0.07808195799589157,0.06083288788795471
35,IRQ,Iraq,2022,1.606886863708496,-0.5092112421989441,5.239306926727295,6,-2.0568058490753174,-2.0972113609313965,-2.079011917114258,-1.9941946268081665,0.0923776924610138,0.10467205196619034,0.10825984925031662,0.10993979126214981,0.11659739166498184,0.12101059406995773,0.11289284378290176,0.09533494710922241,0.07808195799589157,0.06083288788795471
35,IRQ,Iraq,2023,1.6270170211791992,-0.527291476726532,5.239306926727295,6,-2.0568058490753174,-2.0972113609313965,-2.079011917114258,-1.9941946268081665,0.0923776924610138,0.10467205196619034,0.10825984925031662,0.10993979126214981,0.11659739166498184,0.12101059406995773,0.11289284378290176,0.09533494710922241,0.07808195799589157,0.06083288788795471
36,ISL,Iceland,2018,2.5240752696990967,1.0312803983688354,6.114969253540039,8,1.1885734796524048,1.2342337369918823,0.9549963474273682,1.376490592956543,0.056258369237184525,0.06672221422195435,0.07881297171115875,0.08737603574991226,0.10195239633321762,0.11938891559839249,0.1307375282049179,0.13328710198402405,0.12287583202123642,0.10258863121271133
36,ISL,Iceland,2019,2.4789857864379883,0.9287364482879639,6.114969253540039,8,1.1885734796524048,1.2342337369918823,0.9549963474273682,1.376490592956543,0.056258369237184525,0.06672221422195435,0.07881297171115875,0.08737603574991226,0.10195239633321762,0.11938891559839249,0.1307375282049179,0.13328710198402405,0.12287583202123642,0.10258863121271133
36,ISL,Iceland,2020,1.9529410600662231,0.8939746618270874,6.114969253540039,8,1.1885734796524048,1.2342337369918823,0.9549963474273682,1.376490592956543,0.056258369237184525,0.06672221422195435,0.07881297171115875,0.08737603574991226,0.10195239633321762,0.11938891559839249,0.1307375282049179,0.13328710198402405,0.12287583202123642,0.10258863121271133
36,ISL,Iceland,2021,1.6373142004013062,0.8836625218391418,6.114969253540039,8,1.1885734796524048,1.2342337369918823,0.9549963474273682,1.376490592956543,0.056258369237184525,0.06672221422195435,0.07881297171115875,0.08737603574991226,0.10195239633321762,0.11938891559839249,0.1307375282049179,0.13328710198402405,0.12287583202123642,0.10258863121271133
36,ISL,Iceland,2022,1.38180673122406,0.8796491026878357,6.114969253540039,8,1.1885734796524048,1.2342337369918823,0.9549963474273682,1.376490592956543,0.056258369237184525,0.06672221422195435,0.07881297171115875,0.08737603574991226,0.10195239633321762,0.11938891559839249,0.1307375282049179,0.13328710198402405,0.12287583202123642,0.10258863121271133
36,ISL,Iceland,2023,2.3587470054626465,0.8752666711807251,6.114969253540039,8,1.1885734796524048,1.2342337369918823,0.9549963474273682,1.376490592956543,0.056258369237184525,0.06672221422195435,0.07881297171115875,0.08737603574991226,0.10195239633321762,0.11938891559839249,0.1307375282049179,0.13328710198402405,0.12287583202123642,0.10258863121271133
37,ISR,Israel,2018,-6.285995006561279,-0.4646367132663727,5.5,1,0.6414921283721924,0.9020118117332458,0.48677289485931396,0.5356917977333069,0.10000000149011612,0.10000000149011612,0.10000000149011612,0.10000000149011612,0.10000000149011612,0.10000000149011612,0.10000000149011612,0.10000000149011612,0.10000000149011612,0.10000000149011612
37,ISR,Israel,2019,-6.490711212158203,-0.45161232352256775,5.5,1,0.6414921283721924,0.9020118117332458,0.48677289485931396,0.5356917977333069,0.10000000149011612,0.10000000149011612,0.10000000149011612,0.10000000149011612,0.10000000149011612,0.10000000149011612,0.10000000149011612,0.10000000149011612,0.10000000149011612,0.10000000149011612
37,ISR,Israel,2020,-7.341547966003418,-0.44241711497306824,5.5,1,0.6414921283721924,0.9020118117332458,0.48677289485931396,0.5356917977333069,0.10000000149011612,0.10000000149011612,0.10000000149011612,0.10000000149011612,0.10000000149011612,0.10000000149011612,0.10000000149011612,0.10000000149011612,0.10000000149011612,0.10000000149011612
37,ISR,Israel,2021,-8.057387351989746,-0.4538547098636627,5.5,1,0.6414921283721924,0.9020118117332458,0.48677289485931396,0.5356917977333069,0.10000000149011612,0.10000000149011612,0.10000000149011612,0.10000000149011612,0.10000000149011612,0.10000000149011612,0.10000000149011612,0.10000000149011612,0.10000000149011612,0.10000000149011612
37,ISR,Israel,2022,-8.405094146728516,-0.4700828492641449,5.5,1,0.6414921283721924,0.9020118117332458,0.48677289485931396,0.5356917977333069,0.10000000149011612,0.10000000149011612,0.10000000149011612,0.10000000149011612,0.10000000149011612,0.10000000149011612,0.10000000149011612,0.10000000149011612,0.10000000149011612,0.10000000149011612
37,ISR,Israel,2023,-9.675131797790527,-0.4829675257205963,5.5,1,0.6414921283721924,0.9020118117332458,0.48677289485931396,0.5356917977333069,0.10000000149011612,0.10000000149011612,0.10000000149011612,0.10000000149011612,0.10000000149011612,0.10000000149011612,0.10000000149011612,0.10000000149011612,0.10000000149011612,0.10000000149011612
38,ITA,Italy,2018,-5.143430233001709,-0.015262164175510406,5.5,1,0.23468120396137238,0.07437334209680557,0.34910762310028076,0.28056269884109497,0.10000000149011612,0.10000000149011612,0.10000000149011612,0.10000000149011612,0.10000000149011612,0.10000000149011612,0.10000000149011612,0.10000000149011612,0.10000000149011612,0.10000000149011612
38,ITA,Italy,2019,-5.74995231628418,-0.3048568665981293,5.5,1,0.23468120396137238,0.07437334209680557,0.34910762310028076,0.28056269884109497,0.10000000149011612,0.10000000149011612,0.10000000149011612,0.10000000149011612,0.10000000149011612,0.10000000149011612,0.10000000149011612,0.10000000149011612,0.10000000149011612,0.10000000149011612
38,ITA,Italy,2020,-6.417283058166504,-0.6337024569511414,5.5,1,0.23468120396137238,0.07437334209680557,0.34910762310028076,0.28056269884109497,0.10000000149011612,0.10000000149011612,0.10000000149011612,0.10000000149011612,0.10000000149011612,0.10000000149011612,0.10000000149011612,0.10000000149011612,0.10000000149011612,0.10000000149011612
38,ITA,Italy,2021,-6.226283073425293,-0.9623308777809143,5.5,1,0.23468120396137238,0.07437334209680557,0.34910762310028076,0.28056269884109497,0.10000000149011612,0.10000000149011612,0.10000000149011612,0.10000000149011612,0.10000000149011612,0.10000000149011612,0.10000000149011612,0.10000000149011612,0.10000000149011612,0.10000000149011612
38,ITA,Italy,2022,-4.716213703155518,-1.2563670873641968,5.5,1,0.23468120396137238,0.07437334209680557,0.34910762310028076,0.28056269884109497,0.10000000149011612,0.10000000149011612,0.10000000149011612,0.10000000149011612,0.10000000149011612,0.10000000149011612,0.10000000149011612,0.10000000149011612,0.10000000149011612,0.10000000149011612
38,ITA,Italy,2023,-6.842550277709961,-1.4963120222091675,5.5,1,0.23468120396137238,0.07437334209680557,0.34910762310028076,0.28056269884109497,0.10000000149011612,0.10000000149011612,0.10000000149011612,0.10000000149011612,0.10000000149011612,0.10000000149011612,0.10000000149011612,0.10000000149011612,0.10000000149011612,0.10000000149011612
39,JPN,Japan,2018,3.7277371883392334,0.787125289440155,5.5,1,0.7284886837005615,0.8470459580421448,0.45311596989631653,0.8853041529655457,0.10000000149011612,0.10000000149011612,0.10000000149011612,0.10000000149011612,0.10000000149011612,0.10000000149011612,0.10000000149011612,0.10000000149011612,0.10000000149011612,0.10000000149011612
39,JPN,Japan,2019,3.204775810241699,0.8552271723747253,5.5,1,0.7284886837005615,0.8470459580421448,0.45311596989631653,0.8853041529655457,0.10000000149011612,0.10000000149011612,0.10000000149011612,0.10000000149011612,0.10000000149011612,0.10000000149011612,0.10000000149011612,0.10000000149011612,0.10000000149011612,0.10000000149011612
39,JPN,Japan,2020,3.1749613285064697,0.9009912610054016,5.5,1,0.7284886837005615,0.8470459580421448,0.45311596989631653,0.8853041529655457,0.10000000149011612,0.10000000149011612,0.10000000149011612,0.10000000149011612,0.10000000149011612,0.10000000149011612,0.10000000149011612,0.10000000149011612,0.10000000149011612,0.10000000149011612
39,JPN,Japan,2021,2.640718698501587,0.9421436190605164,5.5,1,0.7284886837005615,0.8470459580421448,0.45311596989631653,0.8853041529655457,0.10000000149011612,0.10000000149011612,0.10000000149011612,0.10000000149011612,0.10000000149011612,0.10000000149011612,0.10000000149011612,0.10000000149011612,0.10000000149011612,0.10000000149011612
39,JPN,Japan,2022,2.846599578857422,0.9710764288902283,5.5,1,0.7284886837005615,0.8470459580421448,0.45311596989631653,0.8853041529655457,0.10000000149011612,0.10000000149011612,0.10000000149011612,0.10000000149011612,0.10000000149011612,0.10000000149011612,0.10000000149011612,0.10000000149011612,0.10000000149011612,0.10000000149011612
39,JPN,Japan,2023,1.7527316808700562,0.9926173686981201,5.5,1,0.7284886837005615,0.8470459580421448,0.45311596989631653,0.8853041529655457,0.10000000149011612,0.10000000149011612,0.10000000149011612,0.10000000149011612,0.10000000149011612,0.10000000149011612,0.10000000149011612,0.10000000149011612,0.10000000149011612,0.10000000149011612
40,KAZ,Kazakhstan,2018,1.5828030109405518,0.65999835729599,5.5,1,-1.2722676992416382,-1.3743125200271606,-1.0817227363586426,-1.3607680797576904,0.10000000149011612,0.10000000149011612,0.10000000149011612,0.10000000149011612,0.10000000149011612,0.10000000149011612,0.10000000149011612,0.10000000149011612,0.10000000149011612,0.10000000149011612
40,KAZ,Kazakhstan,2019,1.5101414918899536,0.7727693319320679,5.5,1,-1.2722676992416382,-1.3743125200271606,-1.0817227363586426,-1.3607680797576904,0.10000000149011612,0.10000000149011612,0.10000000149011612,0.10000000149011612,0.10000000149011612,0.10000000149011612,0.10000000149011612,0.10000000149011612,0.10000000149011612,0.10000000149011612
40,KAZ,Kazakhstan,2020,1.363572597503662,0.8365422487258911,5.5,1,-1.2722676992416382,-1.3743125200271606,-1.0817227363586426,-1.3607680797576904,0.10000000149011612,0.10000000149011612,0.10000000149011612,0.10000000149011612,0.10000000149011612,0.10000000149011612,0.10000000149011612,0.10000000149011612,0.10000000149011612,0.10000000149011612
40,KAZ,Kazakhstan,2021,1.2543725967407227,0.8850372433662415,5.5,1,-1.2722676992416382,-1.3743125200271606,-1.0817227363586426,-1.3607680797576904,0.10000000149011612,0.10000000149011612,0.10000000149011612,0.10000000149011612,0.10000000149011612,0.10000000149011612,0.10000000149011612,0.10000000149011612,0.10000000149011612,0.10000000149011612
40,KAZ,Kazakhstan,2022,1.1613658666610718,0.9146226644515991,5.5,1,-1.2722676992416382,-1.3743125200271606,-1.0817227363586426,-1.3607680797576904,0.10000000149011612,0.10000000149011612,0.10000000149011612,0.10000000149011612,0.10000000149011612,0.10000000149011612,0.10000000149011612,0.10000000149011612,0.10000000149011612,0.10000000149011612
40,KAZ,Kazakhstan,2023,0.9807498455047607,0.9405843019485474,5.5,1,-1.2722676992416382,-1.3743125200271606,-1.0817227363586426,-1.3607680797576904,0.10000000149011612,0.10000000149011612,0.10000000149011612,0.10000000149011612,0.10000000149011612,0.10000000149011612,0.10000000149011612,0.10000000149011612,0.10000000149011612,0.10000000149011612
41,KOR,South Korea,2018,3.200753688812256,0.48676276206970215,2.221168279647827,1,0.34772443771362305,0.4346860945224762,0.1522836983203888,0.45620352029800415,0.3418959975242615,0.2968791127204895,0.20580345392227173,0.10900337994098663,0.046418048441410065,0.0,0.0,0.0,0.0,0.0
41,KOR,South Korea,2019,1.7671101093292236,0.723921000957489,2.221168279647827,1,0.34772443771362305,0.4346860945224762,0.1522836983203888,0.45620352029800415,0.3418959975242615,0.2968791127204895,0.20580345392227173,0.10900337994098663,0.046418048441410065,0.0,0.0,0.0,0.0,0.0
41,KOR,South Korea,2020,-0.8152863383293152,0.8629254698753357,2.221168279647827,1,0.34772443771362305,0.4346860945224762,0.1522836983203888,0.45620352029800415,0.3418959975242615,0.2968791127204895,0.20580345392227173,0.10900337994098663,0.046418048441410065,0.0,0.0,0.0,0.0,0.0
41,KOR,South Korea,2021,-0.6951596140861511,0.941489577293396,2.221168279647827,1,0.34772443771362305,0.4346860945224762,0.1522836983203888,0.45620352029800415,0.3418959975242615,0.2968791127204895,0.20580345392227173,0.10900337994098663,0.046418048441410065,0.0,0.0,0.0,0.0,0.0
41,KOR,South Korea,2022,-2.0999202728271484,0.9844595789909363,2.221168279647827,1,0.34772443771362305,0.4346860945224762,0.1522836983203888,0.45620352029800415,0.3418959975242615,0.2968791127204895,0.20580345392227173,0.10900337994098663,0.046418048441410065,0.0,0.0,0.0,0.0,0.0
41,KOR,South Korea,2023,-2.8068954944610596,1.0078262090682983,2.221168279647827,1,0.34772443771362305,0.4346860945224762,0.1522836983203888,0.45620352029800415,0.3418959975242615,0.2968791127204895,0.20580345392227173,0.10900337994098663,0.046418048441410065,0.0,0.0,0.0,0.0,0.0
42,KWT,Kuwait,2018,-6.3546881675720215,-0.27017220854759216,5.5,1,-0.23261572420597076,-0.458217591047287,-0.3800378143787384,0.1404082179069519,0.10000000149011612,0.10000000149011612,0.10000000149011612,0.10000000149011612,0.10000000149011612,0.10000000149011612,0.10000000149011612,0.10000000149011612,0.10000000149011612,0.10000000149011612
42,KWT,Kuwait,2019,-7.2538886070251465,-0.5352842211723328,5.5,1,-0.23261572420597076,-0.458217591047287,-0.3800378143787384,0.1404082179069519,0.10000000149011612,0.10000000149011612,0.10000000149011612,0.10000000149011612,0.10000000149011612,0.10000000149011612,0.10000000149011612,0.10000000149011612,0.10000000149011612,0.10000000149011612
42,KWT,Kuwait,2020,-6.158499240875244,-0.7828226685523987,5.5,1,-0.23261572420597076,-0.458217591047287,-0.3800378143787384,0.1404082179069519,0.10000000149011612,0.10000000149011612,0.10000000149011612,0.10000000149011612,0.10000000149011612,0.10000000149011612,0.10000000149011612,0.10000000149011612,0.10000000149011612,0.10000000149011612
42,KWT,Kuwait,2021,-7.0740485191345215,-1.0248894691467285,5.5,1,-0.23261572420597076,-0.458217591047287,-0.3800378143787384,0.1404082179069519,0.10000000149011612,0.10000000149011612,0.10000000149011612,0.10000000149011612,0.10000000149011612,0.10000000149011612,0.10000000149011612,0.10000000149011612,0.10000000149011612,0.10000000149011612
42,KWT,Kuwait,2022,-27.902793884277344,-1.249681830406189,5.5,1,-0.23261572420597076,-0.458217591047287,-0.3800378143787384,0.1404082179069519,0.10000000149011612,0.10000000149011612,0.10000000149011612,0.10000000149011612,0.10000000149011612,0.10000000149011612,0.10000000149011612,0.10000000149011612,0.10000000149011612,0.10000000149011612
42,KWT,Kuwait,2023,-27.870094299316406,-1.444373369216919,5.5,1,-0.23261572420597076,-0.458217591047287,-0.3800378143787384,0.1404082179069519,0.10000000149011612,0.10000000149011612,0.10000000149011612,0.10000000149011612,0.10000000149011612,0.10000000149011612,0.10000000149011612,0.10000000149011612,0.10000000149011612,0.10000000149011612
43,LKA,Sri Lanka,2018,2.3601856231689453,-0.2671376168727875,5.064973831176758,4,-0.550111711025238,-0.720518171787262,-0.5627866387367249,-0.36703041195869446,0.07865089923143387,0.11626889556646347,0.11927616596221924,0.13496437668800354,0.12100468575954437,0.13174113631248474,0.10054647922515869,0.07158083468675613,0.07550829648971558,0.05045821890234947
43,LKA,Sri Lanka,2019,4.711722373962402,0.08094941824674606,5.064973831176758,4,-0.550111711025238,-0.720518171787262,-0.5627866387367249,-0.36703041195869446,0.07865089923143387,0.11626889556646347,0.11927616596221924,0.13496437668800354,0.12100468575954437,0.13174113631248474,0.10054647922515869,0.07158083468675613,0.07550829648971558,0.05045821890234947
43,LKA,Sri Lanka,2020,4.523720741271973,0.21944430470466614,5.064973831176758,4,-0.550111711025238,-0.720518171787262,-0.5627866387367249,-0.36703041195869446,0.07865089923143387,0.11626889556646347,0.11927616596221924,0.13496437668800354,0.12100468575954437,0.13174113631248474,0.10054647922515869,0.07158083468675613,0.07550829648971558,0.05045821890234947
43,LKA,Sri Lanka,2021,1.3256715536117554,0.3032810688018799,5.064973831176758,4,-0.550111711025238,-0.720518171787262,-0.5627866387367249,-0.36703041195869446,0.07865089923143387,0.11626889556646347,0.11927616596221924,0.13496437668800354,0.12100468575954437,0.13174113631248474,0.10054647922515869,0.07158083468675613,0.07550829648971558,0.05045821890234947
43,LKA,Sri Lanka,2022,4.413687705993652,0.29456543922424316,5.064973831176758,4,-0.550111711025238,-0.720518171787262,-0.5627866387367249,-0.36703041195869446,0.07865089923143387,0.11626889556646347,0.11927616596221924,0.13496437668800354,0.12100468575954437,0.13174113631248474,0.10054647922515869,0.07158083468675613,0.07550829648971558,0.05045821890234947
43,LKA,Sri Lanka,2023,4.413687705993652,0.26303830742836,5.064973831176758,4,-0.550111711025238,-0.720518171787262,-0.5627866387367249,-0.36703041195869446,0.07865089923143387,0.11626889556646347,0.11927616596221924,0.13496437668800354,0.12100468575954437,0.13174113631248474,0.10054647922515869,0.07158083468675613,0.07550829648971558,0.05045821890234947
44,LTU,Lithuania,2018,0.5927717685699463,0.6668357253074646,5.5,1,0.11791292577981949,-0.0774189680814743,0.3881412148475647,0.043016545474529266,0.10000000149011612,0.10000000149011612,0.10000000149011612,0.10000000149011612,0.10000000149011612,0.10000000149011612,0.10000000149011612,0.10000000149011612,0.10000000149011612,0.10000000149011612
44,LTU,Lithuania,2019,0.5042790174484253,0.985356867313385,5.5,1,0.11791292577981949,-0.0774189680814743,0.3881412148475647,0.043016545474529266,0.10000000149011612,0.10000000149011612,0.10000000149011612,0.10000000149011612,0.10000000149011612,0.10000000149011612,0.10000000149011612,0.10000000149011612,0.10000000149011612,0.10000000149011612
44,LTU,Lithuania,2020,1.2348809242248535,1.185921549797058,5.5,1,0.11791292577981949,-0.0774189680814743,0.3881412148475647,0.043016545474529266,0.10000000149011612,0.10000000149011612,0.10000000149011612,0.10000000149011612,0.10000000149011612,0.10000000149011612,0.10000000149011612,0.10000000149011612,0.10000000149011612,0.10000000149011612
44,LTU,Lithuania,2021,1.103811502456665,1.2994815111160278,5.5,1,0.11791292577981949,-0.0774189680814743,0.3881412148475647,0.043016545474529266,0.10000000149011612,0.10000000149011612,0.10000000149011612,0.10000000149011612,0.10000000149011612,0.10000000149011612,0.10000000149011612,0.10000000149011612,0.10000000149011612,0.10000000149011612
44,LTU,Lithuania,2022,0.6238992810249329,1.3687223196029663,5.5,1,0.11791292577981949,-0.0774189680814743,0.3881412148475647,0.043016545474529266,0.10000000149011612,0.10000000149011612,0.10000000149011612,0.10000000149011612,0.10000000149011612,0.10000000149011612,0.10000000149011612,0.10000000149011612,0.10000000149011612,0.10000000149011612
44,LTU,Lithuania,2023,-0.08893253654241562,1.4121750593185425,5.5,1,0.11791292577981949,-0.0774189680814743,0.3881412148475647,0.043016545474529266,0.10000000149011612,0.10000000149011612,0.10000000149011612,0.10000000149011612,0.10000000149011612,0.10000000149011612,0.10000000149011612,0.10000000149011612,0.10000000149011612,0.10000000149011612
45,LUX,Luxembourg,2018,-2.6616039276123047,0.5921091437339783,5.5,1,1.3627294301986694,1.4299343824386597,1.3163741827011108,1.3418793678283691,0.10000000149011612,0.10000000149011612,0.10000000149011612,0.10000000149011612,0.10000000149011612,0.10000000149011612,0.10000000149011612,0.10000000149011612,0.10000000149011612,0.10000000149011612
45,LUX,Luxembourg,2019,-3.0985145568847656,0.4243127405643463,5.5,1,1.3627294301986694,1.4299343824386597,1.3163741827011108,1.3418793678283691,0.10000000149011612,0.10000000149011612,0.10000000149011612,0.10000000149011612,0.10000000149011612,0.10000000149011612,0.10000000149011612,0.10000000149011612,0.10000000149011612,0.10000000149011612
45,LUX,Luxembourg,2020,-3.1957318782806396,0.33054283261299133,5.5,1,1.3627294301986694,1.4299343824386597,1.3163741827011108,1.3418793678283691,0.10000000149011612,0.10000000149011612,0.10000000149011612,0.10000000149011612,0.10000000149011612,0.10000000149011612,0.10000000149011612,0.10000000149011612,0.10000000149011612,0.10000000149011612
45,LUX,Luxembourg,2021,-3.2258713245391846,0.2756984531879425,5.5,1,1.3627294301986694,1.4299343824386597,1.3163741827011108,1.3418793678283691,0.10000000149011612,0.10000000149011612,0.10000000149011612,0.10000000149011612,0.10000000149011612,0.10000000149011612,0.10000000149011612,0.10000000149011612,0.10000000149011612,0.10000000149011612
45,LUX,Luxembourg,2022,-3.72668719291687,0.2427818477153778,5.5,1,1.3627294301986694,1.4299343824386597,1.3163741827011108,1.3418793678283691,0.10000000149011612,0.10000000149011612,0.10000000149011612,0.10000000149011612,0.10000000149011612,0.10000000149011612,0.10000000149011612,0.10000000149011612,0.10000000149011612,0.10000000149011612
45,LUX,Luxembourg,2023,-4.158839225769043,0.22127372026443481,5.5,1,1.3627294301986694,1.4299343824386597,1.3163741827011108,1.3418793678283691,0.10000000149011612,0.10000000149011612,0.10000000149011612,0.10000000149011612,0.10000000149011612,0.10000000149011612,0.10000000149011612,0.10000000149011612,0.10000000149011612,0.10000000149011612
46,LVA,Latvia,2018,2.136277437210083,0.025656618177890778,5.5,1,0.05672547221183777,-0.19147229194641113,0.368137001991272,-0.006488294806331396,0.10000000149011612,0.10000000149011612,0.10000000149011612,0.10000000149011612,0.10000000149011612,0.10000000149011612,0.10000000149011612,0.10000000149011612,0.10000000149011612,0.10000000149011612
46,LVA,Latvia,2019,2.451484441757202,0.11041183024644852,5.5,1,0.05672547221183777,-0.19147229194641113,0.368137001991272,-0.006488294806331396,0.10000000149011612,0.10000000149011612,0.10000000149011612,0.10000000149011612,0.10000000149011612,0.10000000149011612,0.10000000149011612,0.10000000149011612,0.10000000149011612,0.10000000149011612
46,LVA,Latvia,2020,0.5582294464111328,0.17058491706848145,5.5,1,0.05672547221183777,-0.19147229194641113,0.368137001991272,-0.006488294806331396,0.10000000149011612,0.10000000149011612,0.10000000149011612,0.10000000149011612,0.10000000149011612,0.10000000149011612,0.10000000149011612,0.10000000149011612,0.10000000149011612,0.10000000149011612
46,LVA,Latvia,2021,0.538101315498352,0.24098604917526245,5.5,1,0.05672547221183777,-0.19147229194641113,0.368137001991272,-0.006488294806331396,0.10000000149011612,0.10000000149011612,0.10000000149011612,0.10000000149011612,0.10000000149011612,0.10000000149011612,0.10000000149011612,0.10000000149011612,0.10000000149011612,0.10000000149011612
46,LVA,Latvia,2022,-1.1075773239135742,0.2976824641227722,5.5,1,0.05672547221183777,-0.19147229194641113,0.368137001991272,-0.006488294806331396,0.10000000149011612,0.10000000149011612,0.10000000149011612,0.10000000149011612,0.10000000149011612,0.10000000149011612,0.10000000149011612,0.10000000149011612,0.10000000149011612,0.10000000149011612
46,LVA,Latvia,2023,-1.7468478679656982,0.3339602053165436,5.5,1,0.05672547221183777,-0.19147229194641113,0.368137001991272,-0.006488294806331396,0.10000000149011612,0.10000000149011612,0.10000000149011612,0.10000000149011612,0.10000000149011612,0.10000000149011612,0.10000000149011612,0.10000000149011612,0.10000000149011612,0.10000000149011612
47,MAR,Morocco,2018,-2.0527760982513428,-0.9675552248954773,5.5,1,-0.5677001476287842,-0.5921026468276978,-0.603592574596405,-0.5074053406715393,0.10000000149011612,0.10000000149011612,0.10000000149011612,0.10000000149011612,0.10000000149011612,0.10000000149011612,0.10000000149011612,0.10000000149011612,0.10000000149011612,0.10000000149011612
47,MAR,Morocco,2019,-1.840488076210022,-0.5868058800697327,5.5,1,-0.5677001476287842,-0.5921026468276978,-0.603592574596405,-0.5074053406715393,0.10000000149011612,0.10000000149011612,0.10000000149011612,0.10000000149011612,0.10000000149011612,0.10000000149011612,0.10000000149011612,0.10000000149011612,0.10000000149011612,0.10000000149011612
47,MAR,Morocco,2020,-1.5523828268051147,-0.427397757768631,5.5,1,-0.5677001476287842,-0.5921026468276978,-0.603592574596405,-0.5074053406715393,0.10000000149011612,0.10000000149011612,0.10000000149011612,0.10000000149011612,0.10000000149011612,0.10000000149011612,0.10000000149011612,0.10000000149011612,0.10000000149011612,0.10000000149011612
47,MAR,Morocco,2021,-1.670159101486206,-0.3446560800075531,5.5,1,-0.5677001476287842,-0.5921026468276978,-0.603592574596405,-0.5074053406715393,0.10000000149011612,0.10000000149011612,0.10000000149011612,0.10000000149011612,0.10000000149011612,0.10000000149011612,0.10000000149011612,0.10000000149011612,0.10000000149011612,0.10000000149011612
47,MAR,Morocco,2022,-1.1988462209701538,-0.2528485357761383,5.5,1,-0.5677001476287842,-0.5921026468276978,-0.603592574596405,-0.5074053406715393,0.10000000149011612,0.10000000149011612,0.10000000149011612,0.10000000149011612,0.10000000149011612,0.10000000149011612,0.10000000149011612,0.10000000149011612,0.10000000149011612,0.10000000149011612
47,MAR,Morocco,2023,-2.160374164581299,-0.15386530756950378,5.5,1,-0.5677001476287842,-0.5921026468276978,-0.603592574596405,-0.5074053406715393,0.10000000149011612,0.10000000149011612,0.10000000149011612,0.10000000149011612,0.10000000149011612,0.10000000149011612,0.10000000149011612,0.10000000149011612,0.10000000149011612,0.10000000149011612
48,MEX,Mexico,2018,-1.2096426486968994,-0.04062121361494064,3.257323980331421,1,-0.4911726713180542,-0.5113726854324341,-0.13761571049690247,-0.8245296478271484,0.5062146782875061,0.2733430564403534,0.0,0.0,0.0,0.0,0.0,0.0,0.0,0.22044230997562408
48,MEX,Mexico,2019,-1.0846872329711914,0.058682940900325775,3.257323980331421,1,-0.4911726713180542,-0.5113726854324341,-0.13761571049690247,-0.8245296478271484,0.5062146782875061,0.2733430564403534,0.0,0.0,0.0,0.0,0.0,0.0,0.0,0.22044230997562408
48,MEX,Mexico,2020,-3.962113618850708,0.06306788325309753,3.257323980331421,1,-0.4911726713180542,-0.5113726854324341,-0.13761571049690247,-0.8245296478271484,0.5062146782875061,0.2733430564403534,0.0,0.0,0.0,0.0,0.0,0.0,0.0,0.22044230997562408
48,MEX,Mexico,2021,-5.881318092346191,0.07952965050935745,3.257323980331421,1,-0.4911726713180542,-0.5113726854324341,-0.13761571049690247,-0.8245296478271484,0.5062146782875061,0.2733430564403534,0.0,0.0,0.0,0.0,0.0,0.0,0.0,0.22044230997562408
48,MEX,Mexico,2022,-5.320054531097412,0.07560745626688004,3.257323980331421,1,-0.4911726713180542,-0.5113726854324341,-0.13761571049690247,-0.8245296478271484,0.5062146782875061,0.2733430564403534,0.0,0.0,0.0,0.0,0.0,0.0,0.0,0.22044230997562408
48,MEX,Mexico,2023,-3.6169328689575195,0.06630732864141464,3.257323980331421,1,-0.4911726713180542,-0.5113726854324341,-0.13761571049690247,-0.8245296478271484,0.5062146782875061,0.2733430564403534,0.0,0.0,0.0,0.0,0.0,0.0,0.0,0.22044230997562408
49,MKD,North Macedonia,2018,-4.225182056427002,-1.0728237628936768,5.5,1,-0.8401430249214172,-0.9831662178039551,-0.6911687254905701,-0.8460942506790161,0.10000000149011612,0.10000000149011612,0.10000000149011612,0.10000000149011612,0.10000000149011612,0.10000000149011612,0.10000000149011612,0.10000000149011612,0.10000000149011612,0.10000000149011612
49,MKD,North Macedonia,2019,-2.3085620403289795,-0.7619344592094421,5.5,1,-0.8401430249214172,-0.9831662178039551,-0.6911687254905701,-0.8460942506790161,0.10000000149011612,0.10000000149011612,0.10000000149011612,0.10000000149011612,0.10000000149011612,0.10000000149011612,0.10000000149011612,0.10000000149011612,0.10000000149011612,0.10000000149011612
49,MKD,North Macedonia,2020,-3.7089016437530518,-0.6468251347541809,5.5,1,-0.8401430249214172,-0.9831662178039551,-0.6911687254905701,-0.8460942506790161,0.10000000149011612,0.10000000149011612,0.10000000149011612,0.10000000149011612,0.10000000149011612,0.10000000149011612,0.10000000149011612,0.10000000149011612,0.10000000149011612,0.10000000149011612
49,MKD,North Macedonia,2021,-4.82833194732666,-0.6167789101600647,5.5,1,-0.8401430249214172,-0.9831662178039551,-0.6911687254905701,-0.8460942506790161,0.10000000149011612,0.10000000149011612,0.10000000149011612,0.10000000149011612,0.10000000149011612,0.10000000149011612,0.10000000149011612,0.10000000149011612,0.10000000149011612,0.10000000149011612
49,MKD,North Macedonia,2022,-3.69097900390625,-0.5731298327445984,5.5,1,-0.8401430249214172,-0.9831662178039551,-0.6911687254905701,-0.8460942506790161,0.10000000149011612,0.10000000149011612,0.10000000149011612,0.10000000149011612,0.10000000149011612,0.10000000149011612,0.10000000149011612,0.10000000149011612,0.10000000149011612,0.10000000149011612
49,MKD,North Macedonia,2023,-4.7387189865112305,-0.5185686945915222,5.5,1,-0.8401430249214172,-0.9831662178039551,-0.6911687254905701,-0.8460942506790161,0.10000000149011612,0.10000000149011612,0.10000000149011612,0.10000000149011612,0.10000000149011612,0.10000000149011612,0.10000000149011612,0.10000000149011612,0.10000000149011612,0.10000000149011612
50,MYS,Malaysia,2018,0.02772342786192894,1.2131633758544922,5.5,1,0.11615476757287979,0.3967877924442291,0.08836042881011963,-0.1366838961839676,0.10000000149011612,0.10000000149011612,0.10000000149011612,0.10000000149011612,0.10000000149011612,0.10000000149011612,0.10000000149011612,0.10000000149011612,0.10000000149011612,0.10000000149011612
50,MYS,Malaysia,2019,-0.08382336795330048,1.2905367612838745,5.5,1,0.11615476757287979,0.3967877924442291,0.08836042881011963,-0.1366838961839676,0.10000000149011612,0.10000000149011612,0.10000000149011612,0.10000000149011612,0.10000000149011612,0.10000000149011612,0.10000000149011612,0.10000000149011612,0.10000000149011612,0.10000000149011612
50,MYS,Malaysia,2020,0.11602042615413666,1.3437598943710327,5.5,1,0.11615476757287979,0.3967877924442291,0.08836042881011963,-0.1366838961839676,0.10000000149011612,0.10000000149011612,0.10000000149011612,0.10000000149011612,0.10000000149011612,0.10000000149011612,0.10000000149011612,0.10000000149011612,0.10000000149011612,0.10000000149011612
50,MYS,Malaysia,2021,-0.4654858112335205,1.3791598081588745,5.5,1,0.11615476757287979,0.3967877924442291,0.08836042881011963,-0.1366838961839676,0.10000000149011612,0.10000000149011612,0.10000000149011612,0.10000000149011612,0.10000000149011612,0.10000000149011612,0.10000000149011612,0.10000000149011612,0.10000000149011612,0.10000000149011612
50,MYS,Malaysia,2022,-0.6587987542152405,1.4103116989135742,5.5,1,0.11615476757287979,0.3967877924442291,0.08836042881011963,-0.1366838961839676,0.10000000149011612,0.10000000149011612,0.10000000149011612,0.10000000149011612,0.10000000149011612,0.10000000149011612,0.10000000149011612,0.10000000149011612,0.10000000149011612,0.10000000149011612
50,MYS,Malaysia,2023,-0.5584850311279297,1.4332712888717651,5.5,1,0.11615476757287979,0.3967877924442291,0.08836042881011963,-0.1366838961839676,0.10000000149011612,0.10000000149011612,0.10000000149011612,0.10000000149011612,0.10000000149011612,0.10000000149011612,0.10000000149011612,0.10000000149011612,0.10000000149011612,0.10000000149011612
51,NLD,Netherlands,2018,-2.012981653213501,-0.21888574957847595,5.5,1,1.3984497785568237,1.432983160018921,1.4087532758712769,1.3536127805709839,0.10000000149011612,0.10000000149011612,0.10000000149011612,0.10000000149011612,0.10000000149011612,0.10000000149011612,0.10000000149011612,0.10000000149011612,0.10000000149011612,0.10000000149011612
51,NLD,Netherlands,2019,-4.107210636138916,-0.32796990871429443,5.5,1,1.3984497785568237,1.432983160018921,1.4087532758712769,1.3536127805709839,0.10000000149011612,0.10000000149011612,0.10000000149011612,0.10000000149011612,0.10000000149011612,0.10000000149011612,0.10000000149011612,0.10000000149011612,0.10000000149011612,0.10000000149011612
51,NLD,Netherlands,2020,-6.567773342132568,-0.4600295126438141,5.5,1,1.3984497785568237,1.432983160018921,1.4087532758712769,1.3536127805709839,0.10000000149011612,0.10000000149011612,0.10000000149011612,0.10000000149011612,0.10000000149011612,0.10000000149011612,0.10000000149011612,0.10000000149011612,0.10000000149011612,0.10000000149011612
51,NLD,Netherlands,2021,-6.225274562835693,-0.5882710814476013,5.5,1,1.3984497785568237,1.432983160018921,1.4087532758712769,1.3536127805709839,0.10000000149011612,0.10000000149011612,0.10000000149011612,0.10000000149011612,0.10000000149011612,0.10000000149011612,0.10000000149011612,0.10000000149011612,0.10000000149011612,0.10000000149011612
51,NLD,Netherlands,2022,-7.184930801391602,-0.7058124542236328,5.5,1,1.3984497785568237,1.432983160018921,1.4087532758712769,1.3536127805709839,0.10000000149011612,0.10000000149011612,0.10000000149011612,0.10000000149011612,0.10000000149011612,0.10000000149011612,0.10000000149011612,0.10000000149011612,0.10000000149011612,0.10000000149011612
51,NLD,Netherlands,2023,-9.322796821594238,-0.8006168007850647,5.5,1,1.3984497785568237,1.432983160018921,1.4087532758712769,1.3536127805709839,0.10000000149011612,0.10000000149011612,0.10000000149011612,0.10000000149011612,0.10000000149011612,0.10000000149011612,0.10000000149011612,0.10000000149011612,0.10000000149011612,0.10000000149011612
52,NOR,Norway,2018,0.684697687625885,0.9540176391601562,5.5,1,1.3073252439498901,1.3803420066833496,1.0274958610534668,1.5141379833221436,0.10000000149011612,0.10000000149011612,0.10000000149011612,0.10000000149011612,0.10000000149011612,0.10000000149011612,0.10000000149011612,0.10000000149011612,0.10000000149011612,0.10000000149011612
52,NOR,Norway,2019,0.7579119205474854,0.9011011719703674,5.5,1,1.3073252439498901,1.3803420066833496,1.0274958610534668,1.5141379833221436,0.10000000149011612,0.10000000149011612,0.10000000149011612,0.10000000149011612,0.10000000149011612,0.10000000149011612,0.10000000149011612,0.10000000149011612,0.10000000149011612,0.10000000149011612
52,NOR,Norway,2020,0.16256453096866608,0.8853171467781067,5.5,1,1.3073252439498901,1.3803420066833496,1.0274958610534668,1.5141379833221436,0.10000000149011612,0.10000000149011612,0.10000000149011612,0.10000000149011612,0.10000000149011612,0.10000000149011612,0.10000000149011612,0.10000000149011612,0.10000000149011612,0.10000000149011612
52,NOR,Norway,2021,-0.5059971213340759,0.8869740962982178,5.5,1,1.3073252439498901,1.3803420066833496,1.0274958610534668,1.5141379833221436,0.10000000149011612,0.10000000149011612,0.10000000149011612,0.10000000149011612,0.10000000149011612,0.10000000149011612,0.10000000149011612,0.10000000149011612,0.10000000149011612,0.10000000149011612
52,NOR,Norway,2022,0.01806272566318512,0.9054729342460632,5.5,1,1.3073252439498901,1.3803420066833496,1.0274958610534668,1.5141379833221436,0.10000000149011612,0.10000000149011612,0.10000000149011612,0.10000000149011612,0.10000000149011612,0.10000000149011612,0.10000000149011612,0.10000000149011612,0.10000000149011612,0.10000000149011612
52,NOR,Norway,2023,0.1799047440290451,0.9166972041130066,5.5,1,1.3073252439498901,1.3803420066833496,1.0274958610534668,1.5141379833221436,0.10000000149011612,0.10000000149011612,0.10000000149011612,0.10000000149011612,0.10000000149011612,0.10000000149011612,0.10000000149011612,0.10000000149011612,0.10000000149011612,0.10000000149011612
53,NZL,New Zealand,2018,-2.981884479522705,0.7573814988136292,5.5,1,1.3908849954605103,1.414912223815918,1.3223596811294556,1.4353830814361572,0.10000000149011612,0.10000000149011612,0.10000000149011612,0.10000000149011612,0.10000000149011612,0.10000000149011612,0.10000000149011612,0.10000000149011612,0.10000000149011612,0.10000000149011612
53,NZL,New Zealand,2019,-2.6216039657592773,0.4911012649536133,5.5,1,1.3908849954605103,1.414912223815918,1.3223596811294556,1.4353830814361572,0.10000000149011612,0.10000000149011612,0.10000000149011612,0.10000000149011612,0.10000000149011612,0.10000000149011612,0.10000000149011612,0.10000000149011612,0.10000000149011612,0.10000000149011612
53,NZL,New Zealand,2020,-2.319328546524048,0.29148560762405396,5.5,1,1.3908849954605103,1.414912223815918,1.3223596811294556,1.4353830814361572,0.10000000149011612,0.10000000149011612,0.10000000149011612,0.10000000149011612,0.10000000149011612,0.10000000149011612,0.10000000149011612,0.10000000149011612,0.10000000149011612,0.10000000149011612
53,NZL,New Zealand,2021,-2.2188103199005127,0.14269936084747314,5.5,1,1.3908849954605103,1.414912223815918,1.3223596811294556,1.4353830814361572,0.10000000149011612,0.10000000149011612,0.10000000149011612,0.10000000149011612,0.10000000149011612,0.10000000149011612,0.10000000149011612,0.10000000149011612,0.10000000149011612,0.10000000149011612
53,NZL,New Zealand,2022,-3.390082359313965,0.024524547159671783,5.5,1,1.3908849954605103,1.414912223815918,1.3223596811294556,1.4353830814361572,0.10000000149011612,0.10000000149011612,0.10000000149011612,0.10000000149011612,0.10000000149011612,0.10000000149011612,0.10000000149011612,0.10000000149011612,0.10000000149011612,0.10000000149011612
53,NZL,New Zealand,2023,-3.6847918033599854,-0.027104519307613373,5.5,1,1.3908849954605103,1.414912223815918,1.3223596811294556,1.4353830814361572,0.10000000149011612,0.10000000149011612,0.10000000149011612,0.10000000149011612,0.10000000149011612,0.10000000149011612,0.10000000149011612,0.10000000149011612,0.10000000149011612,0.10000000149011612
54,OMN,Oman,2018,-1.4833542108535767,-0.40012118220329285,5.5,1,-0.0670604482293129,-0.2567063570022583,0.022247422486543655,0.033277593553066254,0.10000000149011612,0.10000000149011612,0.10000000149011612,0.10000000149011612,0.10000000149011612,0.10000000149011612,0.10000000149011612,0.10000000149011612,0.10000000149011612,0.10000000149011612
54,OMN,Oman,2019,-1.4833542108535767,-0.8471593260765076,5.5,1,-0.0670604482293129,-0.2567063570022583,0.022247422486543655,0.033277593553066254,0.10000000149011612,0.10000000149011612,0.10000000149011612,0.10000000149011612,0.10000000149011612,0.10000000149011612,0.10000000149011612,0.10000000149011612,0.10000000149011612,0.10000000149011612
54,OMN,Oman,2020,-1.9118425846099854,-1.1601037979125977,5.5,1,-0.0670604482293129,-0.2567063570022583,0.022247422486543655,0.033277593553066254,0.10000000149011612,0.10000000149011612,0.10000000149011612,0.10000000149011612,0.10000000149011612,0.10000000149011612,0.10000000149011612,0.10000000149011612,0.10000000149011612,0.10000000149011612
54,OMN,Oman,2021,-2.7994258403778076,-1.404312014579773,5.5,1,-0.0670604482293129,-0.2567063570022583,0.022247422486543655,0.033277593553066254,0.10000000149011612,0.10000000149011612,0.10000000149011612,0.10000000149011612,0.10000000149011612,0.10000000149011612,0.10000000149011612,0.10000000149011612,0.10000000149011612,0.10000000149011612
54,OMN,Oman,2022,-4.406257152557373,-1.591277837753296,5.5,1,-0.0670604482293129,-0.2567063570022583,0.022247422486543655,0.033277593553066254,0.10000000149011612,0.10000000149011612,0.10000000149011612,0.10000000149011612,0.10000000149011612,0.10000000149011612,0.10000000149011612,0.10000000149011612,0.10000000149011612,0.10000000149011612
54,OMN,Oman,2023,-4.634274482727051,-1.7331385612487793,5.5,1,-0.0670604482293129,-0.2567063570022583,0.022247422486543655,0.033277593553066254,0.10000000149011612,0.10000000149011612,0.10000000149011612,0.10000000149011612,0.10000000149011612,0.10000000149011612,0.10000000149011612,0.10000000149011612,0.10000000149011612,0.10000000149011612
55,PAK,Pakistan,2018,0.6607634425163269,-1.6897636651992798,2.2897796630859375,2,-1.1695586442947388,-1.022442102432251,-1.2194249629974365,-1.2668088674545288,0.29577887058258057,0.3122149407863617,0.22002030909061432,0.1504194140434265,0.021566474810242653,0.0,0.0,0.0,0.0,0.0
55,PAK,Pakistan,2019,0.263211190700531,-1.3166043758392334,2.2897796630859375,2,-1.1695586442947388,-1.022442102432251,-1.2194249629974365,-1.2668088674545288,0.29577887058258057,0.3122149407863617,0.22002030909061432,0.1504194140434265,0.021566474810242653,0.0,0.0,0.0,0.0,0.0
55,PAK,Pakistan,2020,0.5979493856430054,-1.1322330236434937,2.2897796630859375,2,-1.1695586442947388,-1.022442102432251,-1.2194249629974365,-1.2668088674545288,0.29577887058258057,0.3122149407863617,0.22002030909061432,0.1504194140434265,0.021566474810242653,0.0,0.0,0.0,0.0,0.0
55,PAK,Pakistan,2021,-0.27455824613571167,-1.058441400527954,2.2897796630859375,2,-1.1695586442947388,-1.022442102432251,-1.2194249629974365,-1.2668088674545288,0.29577887058258057,0.3122149407863617,0.22002030909061432,0.1504194140434265,0.021566474810242653,0.0,0.0,0.0,0.0,0.0
55,PAK,Pakistan,2022,-1.3144348859786987,-1.042786717414856,2.2897796630859375,2,-1.1695586442947388,-1.022442102432251,-1.2194249629974365,-1.2668088674545288,0.29577887058258057,0.3122149407863617,0.22002030909061432,0.1504194140434265,0.021566474810242653,0.0,0.0,0.0,0.0,0.0
55,PAK,Pakistan,2023,-1.7306287288665771,-1.0495353937149048,2.2897796630859375,2,-1.1695586442947388,-1.022442102432251,-1.2194249629974365,-1.2668088674545288,0.29577887058258057,0.3122149407863617,0.22002030909061432,0.1504194140434265,0.021566474810242653,0.0,0.0,0.0,0.0,0.0
56,PER,Peru,2018,1.0936386585235596,0.04791005700826645,6.792428970336914,7,-0.6950809359550476,-0.8969854712486267,-0.25150150060653687,-0.9367557168006897,0.00486570643261075,0.01769455336034298,0.04404560104012489,0.07348326593637466,0.1227530837059021,0.1662055253982544,0.18057145178318024,0.1629258692264557,0.12685075402259827,0.10060418397188187
56,PER,Peru,2019,1.1609760522842407,0.5916647911071777,6.792428970336914,7,-0.6950809359550476,-0.8969854712486267,-0.25150150060653687,-0.9367557168006897,0.00486570643261075,0.01769455336034298,0.04404560104012489,0.07348326593637466,0.1227530837059021,0.1662055253982544,0.18057145178318024,0.1629258692264557,0.12685075402259827,0.10060418397188187
56,PER,Peru,2020,0.8656606674194336,0.8899754285812378,6.792428970336914,7,-0.6950809359550476,-0.8969854712486267,-0.25150150060653687,-0.9367557168006897,0.00486570643261075,0.01769455336034298,0.04404560104012489,0.07348326593637466,0.1227530837059021,0.1662055253982544,0.18057145178318024,0.1629258692264557,0.12685075402259827,0.10060418397188187
56,PER,Peru,2021,1.0604026317596436,1.045485019683838,6.792428970336914,7,-0.6950809359550476,-0.8969854712486267,-0.25150150060653687,-0.9367557168006897,0.00486570643261075,0.01769455336034298,0.04404560104012489,0.07348326593637466,0.1227530837059021,0.1662055253982544,0.18057145178318024,0.1629258692264557,0.12685075402259827,0.10060418397188187
56,PER,Peru,2022,1.6989833116531372,1.1316800117492676,6.792428970336914,7,-0.6950809359550476,-0.8969854712486267,-0.25150150060653687,-0.9367557168006897,0.00486570643261075,0.01769455336034298,0.04404560104012489,0.07348326593637466,0.1227530837059021,0.1662055253982544,0.18057145178318024,0.1629258692264557,0.12685075402259827,0.10060418397188187
56,PER,Peru,2023,1.919171690940857,1.1818441152572632,6.792428970336914,7,-0.6950809359550476,-0.8969854712486267,-0.25150150060653687,-0.9367557168006897,0.00486570643261075,0.01769455336034298,0.04404560104012489,0.07348326593637466,0.1227530837059021,0.1662055253982544,0.18057145178318024,0.1629258692264557,0.12685075402259827,0.10060418397188187
57,PHL,Philippines,2018,4.912133693695068,-0.8106316924095154,5.5,1,-0.5819682478904724,-0.5483519434928894,-0.43141669034957886,-0.7661361694335938,0.10000000149011612,0.10000000149011612,0.10000000149011612,0.10000000149011612,0.10000000149011612,0.10000000149011612,0.10000000149011612,0.10000000149011612,0.10000000149011612,0.10000000149011612
57,PHL,Philippines,2019,5.833406925201416,-0.4873580038547516,5.5,1,-0.5819682478904724,-0.5483519434928894,-0.43141669034957886,-0.7661361694335938,0.10000000149011612,0.10000000149011612,0.10000000149011612,0.10000000149011612,0.10000000149011612,0.10000000149011612,0.10000000149011612,0.10000000149011612,0.10000000149011612,0.10000000149011612
57,PHL,Philippines,2020,6.113379955291748,-0.3885830342769623,5.5,1,-0.5819682478904724,-0.5483519434928894,-0.43141669034957886,-0.7661361694335938,0.10000000149011612,0.10000000149011612,0.10000000149011612,0.10000000149011612,0.10000000149011612,0.10000000149011612,0.10000000149011612,0.10000000149011612,0.10000000149011612,0.10000000149011612
57,PHL,Philippines,2021,6.149739742279053,-0.4018976390361786,5.5,1,-0.5819682478904724,-0.5483519434928894,-0.43141669034957886,-0.7661361694335938,0.10000000149011612,0.10000000149011612,0.10000000149011612,0.10000000149011612,0.10000000149011612,0.10000000149011612,0.10000000149011612,0.10000000149011612,0.10000000149011612,0.10000000149011612
57,PHL,Philippines,2022,6.288362503051758,-0.49429407715797424,5.5,1,-0.5819682478904724,-0.5483519434928894,-0.43141669034957886,-0.7661361694335938,0.10000000149011612,0.10000000149011612,0.10000000149011612,0.10000000149011612,0.10000000149011612,0.10000000149011612,0.10000000149011612,0.10000000149011612,0.10000000149011612,0.10000000149011612
57,PHL,Philippines,2023,6.736955165863037,-0.6253640055656433,5.5,1,-0.5819682478904724,-0.5483519434928894,-0.43141669034957886,-0.7661361694335938,0.10000000149011612,0.10000000149011612,0.10000000149011612,0.10000000149011612,0.10000000149011612,0.10000000149011612,0.10000000149011612,0.10000000149011612,0.10000000149011612,0.10000000149011612
58,POL,Poland,2018,-5.292060375213623,-0.6370748281478882,5.5,1,0.13508905470371246,0.0030404042918235064,0.21474087238311768,0.18748588860034943,0.10000000149011612,0.10000000149011612,0.10000000149011612,0.10000000149011612,0.10000000149011612,0.10000000149011612,0.10000000149011612,0.10000000149011612,0.10000000149011612,0.10000000149011612
58,POL,Poland,2019,-6.858757495880127,-0.783925473690033,5.5,1,0.13508905470371246,0.0030404042918235064,0.21474087238311768,0.18748588860034943,0.10000000149011612,0.10000000149011612,0.10000000149011612,0.10000000149011612,0.10000000149011612,0.10000000149011612,0.10000000149011612,0.10000000149011612,0.10000000149011612,0.10000000149011612
58,POL,Poland,2020,-8.258927345275879,-0.9722740054130554,5.5,1,0.13508905470371246,0.0030404042918235064,0.21474087238311768,0.18748588860034943,0.10000000149011612,0.10000000149011612,0.10000000149011612,0.10000000149011612,0.10000000149011612,0.10000000149011612,0.10000000149011612,0.10000000149011612,0.10000000149011612,0.10000000149011612
58,POL,Poland,2021,-7.500536918640137,-1.1795587539672852,5.5,1,0.13508905470371246,0.0030404042918235064,0.21474087238311768,0.18748588860034943,0.10000000149011612,0.10000000149011612,0.10000000149011612,0.10000000149011612,0.10000000149011612,0.10000000149011612,0.10000000149011612,0.10000000149011612,0.10000000149011612,0.10000000149011612
58,POL,Poland,2022,-8.502216339111328,-1.3768621683120728,5.5,1,0.13508905470371246,0.0030404042918235064,0.21474087238311768,0.18748588860034943,0.10000000149011612,0.10000000149011612,0.10000000149011612,0.10000000149011612,0.10000000149011612,0.10000000149011612,0.10000000149011612,0.10000000149011612,0.10000000149011612,0.10000000149011612
58,POL,Poland,2023,-11.761031150817871,-1.545314908027649,5.5,1,0.13508905470371246,0.0030404042918235064,0.21474087238311768,0.18748588860034943,0.10000000149011612,0.10000000149011612,0.10000000149011612,0.10000000149011612,0.10000000149011612,0.10000000149011612,0.10000000149011612,0.10000000149011612,0.10000000149011612,0.10000000149011612
59,PRT,Portugal,2018,-1.9006779193878174,0.023636363446712494,5.5,1,0.5889715552330017,0.3899436593055725,0.6463295221328735,0.7306414842605591,0.10000000149011612,0.10000000149011612,0.10000000149011612,0.10000000149011612,0.10000000149011612,0.10000000149011612,0.10000000149011612,0.10000000149011612,0.10000000149011612,0.10000000149011612
59,PRT,Portugal,2019,-2.685220718383789,-0.10839486867189407,5.5,1,0.5889715552330017,0.3899436593055725,0.6463295221328735,0.7306414842605591,0.10000000149011612,0.10000000149011612,0.10000000149011612,0.10000000149011612,0.10000000149011612,0.10000000149011612,0.10000000149011612,0.10000000149011612,0.10000000149011612,0.10000000149011612
59,PRT,Portugal,2020,-3.400998592376709,-0.234617680311203,5.5,1,0.5889715552330017,0.3899436593055725,0.6463295221328735,0.7306414842605591,0.10000000149011612,0.10000000149011612,0.10000000149011612,0.10000000149011612,0.10000000149011612,0.10000000149011612,0.10000000149011612,0.10000000149011612,0.10000000149011612,0.10000000149011612
59,PRT,Portugal,2021,-3.9149670600891113,-0.3739972412586212,5.5,1,0.5889715552330017,0.3899436593055725,0.6463295221328735,0.7306414842605591,0.10000000149011612,0.10000000149011612,0.10000000149011612,0.10000000149011612,0.10000000149011612,0.10000000149011612,0.10000000149011612,0.10000000149011612,0.10000000149011612,0.10000000149011612
59,PRT,Portugal,2022,-3.713021755218506,-0.49591776728630066,5.5,1,0.5889715552330017,0.3899436593055725,0.6463295221328735,0.7306414842605591,0.10000000149011612,0.10000000149011612,0.10000000149011612,0.10000000149011612,0.10000000149011612,0.10000000149011612,0.10000000149011612,0.10000000149011612,0.10000000149011612,0.10000000149011612
59,PRT,Portugal,2023,-4.624629497528076,-0.5937824845314026,5.5,1,0.5889715552330017,0.3899436593055725,0.6463295221328735,0.7306414842605591,0.10000000149011612,0.10000000149011612,0.10000000149011612,0.10000000149011612,0.10000000149011612,0.10000000149011612,0.10000000149011612,0.10000000149011612,0.10000000149011612,0.10000000149011612
60,QAT,Qatar,2018,-6.880117416381836,0.8716229200363159,5.5,1,-0.037850040942430496,0.02352459356188774,-0.20334964990615845,0.06627492606639862,0.10000000149011612,0.10000000149011612,0.10000000149011612,0.10000000149011612,0.10000000149011612,0.10000000149011612,0.10000000149011612,0.10000000149011612,0.10000000149011612,0.10000000149011612
60,QAT,Qatar,2019,-4.506235599517822,0.6177659630775452,5.5,1,-0.037850040942430496,0.02352459356188774,-0.20334964990615845,0.06627492606639862,0.10000000149011612,0.10000000149011612,0.10000000149011612,0.10000000149011612,0.10000000149011612,0.10000000149011612,0.10000000149011612,0.10000000149011612,0.10000000149011612,0.10000000149011612
60,QAT,Qatar,2020,-5.444746971130371,0.46097639203071594,5.5,1,-0.037850040942430496,0.02352459356188774,-0.20334964990615845,0.06627492606639862,0.10000000149011612,0.10000000149011612,0.10000000149011612,0.10000000149011612,0.10000000149011612,0.10000000149011612,0.10000000149011612,0.10000000149011612,0.10000000149011612,0.10000000149011612
60,QAT,Qatar,2021,-6.548878192901611,0.37489446997642517,5.5,1,-0.037850040942430496,0.02352459356188774,-0.20334964990615845,0.06627492606639862,0.10000000149011612,0.10000000149011612,0.10000000149011612,0.10000000149011612,0.10000000149011612,0.10000000149011612,0.10000000149011612,0.10000000149011612,0.10000000149011612,0.10000000149011612
60,QAT,Qatar,2022,-4.892681121826172,0.3230782151222229,5.5,1,-0.037850040942430496,0.02352459356188774,-0.20334964990615845,0.06627492606639862,0.10000000149011612,0.10000000149011612,0.10000000149011612,0.10000000149011612,0.10000000149011612,0.10000000149011612,0.10000000149011612,0.10000000149011612,0.10000000149011612,0.10000000149011612
60,QAT,Qatar,2023,-5.334333896636963,0.30179309844970703,5.5,1,-0.037850040942430496,0.02352459356188774,-0.20334964990615845,0.06627492606639862,0.10000000149011612,0.10000000149011612,0.10000000149011612,0.10000000149011612,0.10000000149011612,0.10000000149011612,0.10000000149011612,0.10000000149011612,0.10000000149011612,0.10000000149011612
61,ROU,Romania,2018,-3.695746898651123,0.05752608925104141,5.5,1,-0.6137262582778931,-0.9381364583969116,-0.44055911898612976,-0.4624831974506378,0.10000000149011612,0.10000000149011612,0.10000000149011612,0.10000000149011612,0.10000000149011612,0.10000000149011612,0.10000000149011612,0.10000000149011612,0.10000000149011612,0.10000000149011612
61,ROU,Romania,2019,-4.160907745361328,0.21119382977485657,5.5,1,-0.6137262582778931,-0.9381364583969116,-0.44055911898612976,-0.4624831974506378,0.10000000149011612,0.10000000149011612,0.10000000149011612,0.10000000149011612,0.10000000149011612,0.10000000149011612,0.10000000149011612,0.10000000149011612,0.10000000149011612,0.10000000149011612
61,ROU,Romania,2020,-5.406534671783447,0.2907784879207611,5.5,1,-0.6137262582778931,-0.9381364583969116,-0.44055911898612976,-0.4624831974506378,0.10000000149011612,0.10000000149011612,0.10000000149011612,0.10000000149011612,0.10000000149011612,0.10000000149011612,0.10000000149011612,0.10000000149011612,0.10000000149011612,0.10000000149011612
61,ROU,Romania,2021,-5.111453533172607,0.2879509925842285,5.5,1,-0.6137262582778931,-0.9381364583969116,-0.44055911898612976,-0.4624831974506378,0.10000000149011612,0.10000000149011612,0.10000000149011612,0.10000000149011612,0.10000000149011612,0.10000000149011612,0.10000000149011612,0.10000000149011612,0.10000000149011612,0.10000000149011612
61,ROU,Romania,2022,-4.921149253845215,0.32188695669174194,5.5,1,-0.6137262582778931,-0.9381364583969116,-0.44055911898612976,-0.4624831974506378,0.10000000149011612,0.10000000149011612,0.10000000149011612,0.10000000149011612,0.10000000149011612,0.10000000149011612,0.10000000149011612,0.10000000149011612,0.10000000149011612,0.10000000149011612
61,ROU,Romania,2023,-6.2508416175842285,0.3804429769515991,5.5,1,-0.6137262582778931,-0.9381364583969116,-0.44055911898612976,-0.4624831974506378,0.10000000149011612,0.10000000149011612,0.10000000149011612,0.10000000149011612,0.10000000149011612,0.10000000149011612,0.10000000149011612,0.10000000149011612,0.10000000149011612,0.10000000149011612
62,RUS,Russia,2018,-3.6435298919677734,-0.722543478012085,6.058784484863281,8,-1.1349221467971802,-1.1962112188339233,-0.9114767909049988,-1.2970784902572632,0.04323869198560715,0.056280747056007385,0.0794404000043869,0.1049286499619484,0.11717081815004349,0.13200931251049042,0.1393350213766098,0.1403028517961502,0.10366436094045639,0.08362914621829987
62,RUS,Russia,2019,-3.5361337661743164,-0.4980226457118988,6.058784484863281,8,-1.1349221467971802,-1.1962112188339233,-0.9114767909049988,-1.2970784902572632,0.04323869198560715,0.056280747056007385,0.0794404000043869,0.1049286499619484,0.11717081815004349,0.13200931251049042,0.1393350213766098,0.1403028517961502,0.10366436094045639,0.08362914621829987
62,RUS,Russia,2020,-6.922895908355713,-0.4420537054538727,6.058784484863281,8,-1.1349221467971802,-1.1962112188339233,-0.9114767909049988,-1.2970784902572632,0.04323869198560715,0.056280747056007385,0.0794404000043869,0.1049286499619484,0.11717081815004349,0.13200931251049042,0.1393350213766098,0.1403028517961502,0.10366436094045639,0.08362914621829987
62,RUS,Russia,2021,-5.5373334884643555,-0.5290395021438599,6.058784484863281,8,-1.1349221467971802,-1.1962112188339233,-0.9114767909049988,-1.2970784902572632,0.04323869198560715,0.056280747056007385,0.0794404000043869,0.1049286499619484,0.11717081815004349,0.13200931251049042,0.1393350213766098,0.1403028517961502,0.10366436094045639,0.08362914621829987
62,RUS,Russia,2022,-4.097316741943359,-0.6381609439849854,6.058784484863281,8,-1.1349221467971802,-1.1962112188339233,-0.9114767909049988,-1.2970784902572632,0.04323869198560715,0.056280747056007385,0.0794404000043869,0.1049286499619484,0.11717081815004349,0.13200931251049042,0.1393350213766098,0.1403028517961502,0.10366436094045639,0.08362914621829987
62,RUS,Russia,2023,-3.127725601196289,-0.717529833316803,6.058784484863281,8,-1.1349221467971802,-1.1962112188339233,-0.9114767909049988,-1.2970784902572632,0.04323869198560715,0.056280747056007385,0.0794404000043869,0.1049286499619484,0.11717081815004349,0.13200931251049042,0.1393350213766098,0.1403028517961502,0.10366436094045639,0.08362914621829987
63,SAU,Saudi Arabia,2018,2.299851655960083,0.2742713987827301,5.339227676391602,5,-0.5544285178184509,-0.6724381446838379,-0.49509498476982117,-0.4957524538040161,0.07512367516756058,0.09439227730035782,0.10928954184055328,0.1189069002866745,0.12403484433889389,0.12392019480466843,0.1186785027384758,0.10006963461637497,0.07902363687753677,0.05656084045767784
63,SAU,Saudi Arabia,2019,1.9578986167907715,0.0518534779548645,5.339227676391602,5,-0.5544285178184509,-0.6724381446838379,-0.49509498476982117,-0.4957524538040161,0.07512367516756058,0.09439227730035782,0.10928954184055328,0.1189069002866745,0.12403484433889389,0.12392019480466843,0.1186785027384758,0.10006963461637497,0.07902363687753677,0.05656084045767784
63,SAU,Saudi Arabia,2020,2.004265069961548,-0.09936711937189102,5.339227676391602,5,-0.5544285178184509,-0.6724381446838379,-0.49509498476982117,-0.4957524538040161,0.07512367516756058,0.09439227730035782,0.10928954184055328,0.1189069002866745,0.12403484433889389,0.12392019480466843,0.1186785027384758,0.10006963461637497,0.07902363687753677,0.05656084045767784
63,SAU,Saudi Arabia,2021,2.169445753097534,-0.20131388306617737,5.339227676391602,5,-0.5544285178184509,-0.6724381446838379,-0.49509498476982117,-0.4957524538040161,0.07512367516756058,0.09439227730035782,0.10928954184055328,0.1189069002866745,0.12403484433889389,0.12392019480466843,0.1186785027384758,0.10006963461637497,0.07902363687753677,0.05656084045767784
63,SAU,Saudi Arabia,2022,1.4797439575195312,-0.3080514371395111,5.339227676391602,5,-0.5544285178184509,-0.6724381446838379,-0.49509498476982117,-0.4957524538040161,0.07512367516756058,0.09439227730035782,0.10928954184055328,0.1189069002866745,0.12403484433889389,0.12392019480466843,0.1186785027384758,0.10006963461637497,0.07902363687753677,0.05656084045767784
63,SAU,Saudi Arabia,2023,0.6857173442840576,-0.3960484564304352,5.339227676391602,5,-0.5544285178184509,-0.6724381446838379,-0.49509498476982117,-0.4957524538040161,0.07512367516756058,0.09439227730035782,0.10928954184055328,0.1189069002866745,0.12403484433889389,0.12392019480466843,0.1186785027384758,0.10006963461637497,0.07902363687753677,0.05656084045767784
64,SGP,Singapore,2018,-1.5155048370361328,-0.46935173869132996,5.5,1,1.4344711303710938,1.7217825651168823,1.536649465560913,1.0449817180633545,0.10000000149011612,0.10000000149011612,0.10000000149011612,0.10000000149011612,0.10000000149011612,0.10000000149011612,0.10000000149011612,0.10000000149011612,0.10000000149011612,0.10000000149011612
64,SGP,Singapore,2019,-1.5344992876052856,-0.7108394503593445,5.5,1,1.4344711303710938,1.7217825651168823,1.536649465560913,1.0449817180633545,0.10000000149011612,0.10000000149011612,0.10000000149011612,0.10000000149011612,0.10000000149011612,0.10000000149011612,0.10000000149011612,0.10000000149011612,0.10000000149011612,0.10000000149011612
64,SGP,Singapore,2020,-1.5631846189498901,-0.8889241814613342,5.5,1,1.4344711303710938,1.7217825651168823,1.536649465560913,1.0449817180633545,0.10000000149011612,0.10000000149011612,0.10000000149011612,0.10000000149011612,0.10000000149011612,0.10000000149011612,0.10000000149011612,0.10000000149011612,0.10000000149011612,0.10000000149011612
64,SGP,Singapore,2021,-1.5329487323760986,-1.016103982925415,5.5,1,1.4344711303710938,1.7217825651168823,1.536649465560913,1.0449817180633545,0.10000000149011612,0.10000000149011612,0.10000000149011612,0.10000000149011612,0.10000000149011612,0.10000000149011612,0.10000000149011612,0.10000000149011612,0.10000000149011612,0.10000000149011612
64,SGP,Singapore,2022,-1.5709375143051147,-1.0902389287948608,5.5,1,1.4344711303710938,1.7217825651168823,1.536649465560913,1.0449817180633545,0.10000000149011612,0.10000000149011612,0.10000000149011612,0.10000000149011612,0.10000000149011612,0.10000000149011612,0.10000000149011612,0.10000000149011612,0.10000000149011612,0.10000000149011612
64,SGP,Singapore,2023,-1.6358672380447388,-1.115390419960022,5.5,1,1.4344711303710938,1.7217825651168823,1.536649465560913,1.0449817180633545,0.10000000149011612,0.10000000149011612,0.10000000149011612,0.10000000149011612,0.10000000149011612,0.10000000149011612,0.10000000149011612,0.10000000149011612,0.10000000149011612,0.10000000149011612
65,SVK,Slovakia,2018,-1.5849237442016602,-0.294124037027359,5.5,1,0.11652449518442154,0.11614179611206055,0.3065413236618042,-0.07310961931943893,0.10000000149011612,0.10000000149011612,0.10000000149011612,0.10000000149011612,0.10000000149011612,0.10000000149011612,0.10000000149011612,0.10000000149011612,0.10000000149011612,0.10000000149011612
65,SVK,Slovakia,2019,-2.091881036758423,-0.35798195004463196,5.5,1,0.11652449518442154,0.11614179611206055,0.3065413236618042,-0.07310961931943893,0.10000000149011612,0.10000000149011612,0.10000000149011612,0.10000000149011612,0.10000000149011612,0.10000000149011612,0.10000000149011612,0.10000000149011612,0.10000000149011612,0.10000000149011612
65,SVK,Slovakia,2020,-2.406219482421875,-0.4084210693836212,5.5,1,0.11652449518442154,0.11614179611206055,0.3065413236618042,-0.07310961931943893,0.10000000149011612,0.10000000149011612,0.10000000149011612,0.10000000149011612,0.10000000149011612,0.10000000149011612,0.10000000149011612,0.10000000149011612,0.10000000149011612,0.10000000149011612
65,SVK,Slovakia,2021,-2.1880667209625244,-0.4415542781352997,5.5,1,0.11652449518442154,0.11614179611206055,0.3065413236618042,-0.07310961931943893,0.10000000149011612,0.10000000149011612,0.10000000149011612,0.10000000149011612,0.10000000149011612,0.10000000149011612,0.10000000149011612,0.10000000149011612,0.10000000149011612,0.10000000149011612
65,SVK,Slovakia,2022,-2.8150081634521484,-0.44828203320503235,5.5,1,0.11652449518442154,0.11614179611206055,0.3065413236618042,-0.07310961931943893,0.10000000149011612,0.10000000149011612,0.10000000149011612,0.10000000149011612,0.10000000149011612,0.10000000149011612,0.10000000149011612,0.10000000149011612,0.10000000149011612,0.10000000149011612
65,SVK,Slovakia,2023,-3.482109785079956,-0.4523583948612213,5.5,1,0.11652449518442154,0.11614179611206055,0.3065413236618042,-0.07310961931943893,0.10000000149011612,0.10000000149011612,0.10000000149011612,0.10000000149011612,0.10000000149011612,0.10000000149011612,0.10000000149011612,0.10000000149011612,0.10000000149011612,0.10000000149011612
66,SVN,Slovenia,2018,-4.337141990661621,0.2508176863193512,5.5,1,0.38642582297325134,0.28950437903404236,0.34630832076072693,0.5234646797180176,0.10000000149011612,0.10000000149011612,0.10000000149011612,0.10000000149011612,0.10000000149011612,0.10000000149011612,0.10000000149011612,0.10000000149011612,0.10000000149011612,0.10000000149011612
66,SVN,Slovenia,2019,-4.712256908416748,0.06342019885778427,5.5,1,0.38642582297325134,0.28950437903404236,0.34630832076072693,0.5234646797180176,0.10000000149011612,0.10000000149011612,0.10000000149011612,0.10000000149011612,0.10000000149011612,0.10000000149011612,0.10000000149011612,0.10000000149011612,0.10000000149011612,0.10000000149011612
66,SVN,Slovenia,2020,-6.15969705581665,-0.07789904624223709,5.5,1,0.38642582297325134,0.28950437903404236,0.34630832076072693,0.5234646797180176,0.10000000149011612,0.10000000149011612,0.10000000149011612,0.10000000149011612,0.10000000149011612,0.10000000149011612,0.10000000149011612,0.10000000149011612,0.10000000149011612,0.10000000149011612
66,SVN,Slovenia,2021,-6.669349670410156,-0.15480467677116394,5.5,1,0.38642582297325134,0.28950437903404236,0.34630832076072693,0.5234646797180176,0.10000000149011612,0.10000000149011612,0.10000000149011612,0.10000000149011612,0.10000000149011612,0.10000000149011612,0.10000000149011612,0.10000000149011612,0.10000000149011612,0.10000000149011612
66,SVN,Slovenia,2022,-7.458681583404541,-0.12944191694259644,5.5,1,0.38642582297325134,0.28950437903404236,0.34630832076072693,0.5234646797180176,0.10000000149011612,0.10000000149011612,0.10000000149011612,0.10000000149011612,0.10000000149011612,0.10000000149011612,0.10000000149011612,0.10000000149011612,0.10000000149011612,0.10000000149011612
66,SVN,Slovenia,2023,-9.606645584106445,-0.1519010365009308,5.5,1,0.38642582297325134,0.28950437903404236,0.34630832076072693,0.5234646797180176,0.10000000149011612,0.10000000149011612,0.10000000149011612,0.10000000149011612,0.10000000149011612,0.10000000149011612,0.10000000149011612,0.10000000149011612,0.10000000149011612,0.10000000149011612
67,SWE,Sweden,2018,-1.111396074295044,0.7572740912437439,5.5,1,1.3480762243270874,1.4301238059997559,1.161694884300232,1.4524099826812744,0.10000000149011612,0.10000000149011612,0.10000000149011612,0.10000000149011612,0.10000000149011612,0.10000000149011612,0.10000000149011612,0.10000000149011612,0.10000000149011612,0.10000000149011612
67,SWE,Sweden,2019,-1.153639554977417,0.7041501998901367,5.5,1,1.3480762243270874,1.4301238059997559,1.161694884300232,1.4524099826812744,0.10000000149011612,0.10000000149011612,0.10000000149011612,0.10000000149011612,0.10000000149011612,0.10000000149011612,0.10000000149011612,0.10000000149011612,0.10000000149011612,0.10000000149011612
67,SWE,Sweden,2020,-1.5468288660049438,0.6658579111099243,5.5,1,1.3480762243270874,1.4301238059997559,1.161694884300232,1.4524099826812744,0.10000000149011612,0.10000000149011612,0.10000000149011612,0.10000000149011612,0.10000000149011612,0.10000000149011612,0.10000000149011612,0.10000000149011612,0.10000000149011612,0.10000000149011612
67,SWE,Sweden,2021,-1.2186294794082642,0.6576524972915649,5.5,1,1.3480762243270874,1.4301238059997559,1.161694884300232,1.4524099826812744,0.10000000149011612,0.10000000149011612,0.10000000149011612,0.10000000149011612,0.10000000149011612,0.10000000149011612,0.10000000149011612,0.10000000149011612,0.10000000149011612,0.10000000149011612
67,SWE,Sweden,2022,-1.295534372329712,0.6543001532554626,5.5,1,1.3480762243270874,1.4301238059997559,1.161694884300232,1.4524099826812744,0.10000000149011612,0.10000000149011612,0.10000000149011612,0.10000000149011612,0.10000000149011612,0.10000000149011612,0.10000000149011612,0.10000000149011612,0.10000000149011612,0.10000000149011612
67,SWE,Sweden,2023,-1.5739079713821411,0.6496239900588989,5.5,1,1.3480762243270874,1.4301238059997559,1.161694884300232,1.4524099826812744,0.10000000149011612,0.10000000149011612,0.10000000149011612,0.10000000149011612,0.10000000149011612,0.10000000149011612,0.10000000149011612,0.10000000149011612,0.10000000149011612,0.10000000149011612
68,THA,Thailand,2018,-6.279742240905762,0.09680774062871933,5.5,1,-0.2564157247543335,-0.22457081079483032,-0.3106171190738678,-0.23405922949314117,0.10000000149011612,0.10000000149011612,0.10000000149011612,0.10000000149011612,0.10000000149011612,0.10000000149011612,0.10000000149011612,0.10000000149011612,0.10000000149011612,0.10000000149011612
68,THA,Thailand,2019,-7.279186248779297,0.3863426744937897,5.5,1,-0.2564157247543335,-0.22457081079483032,-0.3106171190738678,-0.23405922949314117,0.10000000149011612,0.10000000149011612,0.10000000149011612,0.10000000149011612,0.10000000149011612,0.10000000149011612,0.10000000149011612,0.10000000149011612,0.10000000149011612,0.10000000149011612
68,THA,Thailand,2020,-5.78999662399292,0.5156342387199402,5.5,1,-0.2564157247543335,-0.22457081079483032,-0.3106171190738678,-0.23405922949314117,0.10000000149011612,0.10000000149011612,0.10000000149011612,0.10000000149011612,0.10000000149011612,0.10000000149011612,0.10000000149011612,0.10000000149011612,0.10000000149011612,0.10000000149011612
68,THA,Thailand,2021,-6.593542575836182,0.59156334400177,5.5,1,-0.2564157247543335,-0.22457081079483032,-0.3106171190738678,-0.23405922949314117,0.10000000149011612,0.10000000149011612,0.10000000149011612,0.10000000149011612,0.10000000149011612,0.10000000149011612,0.10000000149011612,0.10000000149011612,0.10000000149011612,0.10000000149011612
68,THA,Thailand,2022,-7.6401472091674805,0.6003729701042175,5.5,1,-0.2564157247543335,-0.22457081079483032,-0.3106171190738678,-0.23405922949314117,0.10000000149011612,0.10000000149011612,0.10000000149011612,0.10000000149011612,0.10000000149011612,0.10000000149011612,0.10000000149011612,0.10000000149011612,0.10000000149011612,0.10000000149011612
68,THA,Thailand,2023,-9.644476890563965,0.590178906917572,5.5,1,-0.2564157247543335,-0.22457081079483032,-0.3106171190738678,-0.23405922949314117,0.10000000149011612,0.10000000149011612,0.10000000149011612,0.10000000149011612,0.10000000149011612,0.10000000149011612,0.10000000149011612,0.10000000149011612,0.10000000149011612,0.10000000149011612
69,TKM,Turkmenistan,2018,-0.8944293856620789,-0.8174999952316284,8.881952285766602,10,-2.006190538406372,-1.8531438112258911,-2.4522314071655273,-1.7131962776184082,0.0,0.0,0.0,0.0,0.0,0.0,0.09880457818508148,0.25038573145866394,0.32086214423179626,0.3299475312232971
69,TKM,Turkmenistan,2019,1.0794837474822998,-0.23863467574119568,8.881952285766602,10,-2.006190538406372,-1.8531438112258911,-2.4522314071655273,-1.7131962776184082,0.0,0.0,0.0,0.0,0.0,0.0,0.09880457818508148,0.25038573145866394,0.32086214423179626,0.3299475312232971
69,TKM,Turkmenistan,2020,1.1499806642532349,0.1004139706492424,8.881952285766602,10,-2.006190538406372,-1.8531438112258911,-2.4522314071655273,-1.7131962776184082,0.0,0.0,0.0,0.0,0.0,0.0,0.09880457818508148,0.25038573145866394,0.32086214423179626,0.3299475312232971
69,TKM,Turkmenistan,2021,-3.7143051624298096,0.31311026215553284,8.881952285766602,10,-2.006190538406372,-1.8531438112258911,-2.4522314071655273,-1.7131962776184082,0.0,0.0,0.0,0.0,0.0,0.0,0.09880457818508148,0.25038573145866394,0.32086214423179626,0.3299475312232971
69,TKM,Turkmenistan,2022,-2.6568517684936523,0.4456463158130646,8.881952285766602,10,-2.006190538406372,-1.8531438112258911,-2.4522314071655273,-1.7131962776184082,0.0,0.0,0.0,0.0,0.0,0.0,0.09880457818508148,0.25038573145866394,0.32086214423179626,0.3299475312232971
69,TKM,Turkmenistan,2023,-1.52890145778656,0.5266850590705872,8.881952285766602,10,-2.006190538406372,-1.8531438112258911,-2.4522314071655273,-1.7131962776184082,0.0,0.0,0.0,0.0,0.0,0.0,0.09880457818508148,0.25038573145866394,0.32086214423179626,0.3299475312232971
70,TTO,Trinidad and Tobago,2018,1.318193793296814,1.122850775718689,4.997712135314941,5,-0.04588906839489937,-0.1480531096458435,0.11017729341983795,-0.09979138523340225,0.09263519197702408,0.1089797168970108,0.11931513994932175,0.1257621943950653,0.13011480867862701,0.12337683886289597,0.10778868943452835,0.08804529905319214,0.06341580301523209,0.04056631028652191
70,TTO,Trinidad and Tobago,2019,1.3760409355163574,0.9320991635322571,4.997712135314941,5,-0.04588906839489937,-0.1480531096458435,0.11017729341983795,-0.09979138523340225,0.09263519197702408,0.1089797168970108,0.11931513994932175,0.1257621943950653,0.13011480867862701,0.12337683886289597,0.10778868943452835,0.08804529905319214,0.06341580301523209,0.04056631028652191
70,TTO,Trinidad and Tobago,2020,1.318193793296814,0.8376308083534241,4.997712135314941,5,-0.04588906839489937,-0.1480531096458435,0.11017729341983795,-0.09979138523340225,0.09263519197702408,0.1089797168970108,0.11931513994932175,0.1257621943950653,0.13011480867862701,0.12337683886289597,0.10778868943452835,0.08804529905319214,0.06341580301523209,0.04056631028652191
70,TTO,Trinidad and Tobago,2021,1.665277123451233,0.7492141127586365,4.997712135314941,5,-0.04588906839489937,-0.1480531096458435,0.11017729341983795,-0.09979138523340225,0.09263519197702408,0.1089797168970108,0.11931513994932175,0.1257621943950653,0.13011480867862701,0.12337683886289597,0.10778868943452835,0.08804529905319214,0.06341580301523209,0.04056631028652191
70,TTO,Trinidad and Tobago,2022,2.058638334274292,0.6837061047554016,4.997712135314941,5,-0.04588906839489937,-0.1480531096458435,0.11017729341983795,-0.09979138523340225,0.09263519197702408,0.1089797168970108,0.11931513994932175,0.1257621943950653,0.13011480867862701,0.12337683886289597,0.10778868943452835,0.08804529905319214,0.06341580301523209,0.04056631028652191
70,TTO,Trinidad and Tobago,2023,2.058638334274292,0.6339060068130493,4.997712135314941,5,-0.04588906839489937,-0.1480531096458435,0.11017729341983795,-0.09979138523340225,0.09263519197702408,0.1089797168970108,0.11931513994932175,0.1257621943950653,0.13011480867862701,0.12337683886289597,0.10778868943452835,0.08804529905319214,0.06341580301523209,0.04056631028652191
71,TUR,Turkey,2018,-0.10262159258127213,0.33457961678504944,5.5,1,-0.3568929135799408,-0.3960716426372528,-0.2856121361255646,-0.3889949917793274,0.10000000149011612,0.10000000149011612,0.10000000149011612,0.10000000149011612,0.10000000149011612,0.10000000149011612,0.10000000149011612,0.10000000149011612,0.10000000149011612,0.10000000149011612
71,TUR,Turkey,2019,-1.772402048110962,0.6107470989227295,5.5,1,-0.3568929135799408,-0.3960716426372528,-0.2856121361255646,-0.3889949917793274,0.10000000149011612,0.10000000149011612,0.10000000149011612,0.10000000149011612,0.10000000149011612,0.10000000149011612,0.10000000149011612,0.10000000149011612,0.10000000149011612,0.10000000149011612
71,TUR,Turkey,2020,-1.959740161895752,0.7598063945770264,5.5,1,-0.3568929135799408,-0.3960716426372528,-0.2856121361255646,-0.3889949917793274,0.10000000149011612,0.10000000149011612,0.10000000149011612,0.10000000149011612,0.10000000149011612,0.10000000149011612,0.10000000149011612,0.10000000149011612,0.10000000149011612,0.10000000149011612
71,TUR,Turkey,2021,-1.391783356666565,0.8357910513877869,5.5,1,-0.3568929135799408,-0.3960716426372528,-0.2856121361255646,-0.3889949917793274,0.10000000149011612,0.10000000149011612,0.10000000149011612,0.10000000149011612,0.10000000149011612,0.10000000149011612,0.10000000149011612,0.10000000149011612,0.10000000149011612,0.10000000149011612
71,TUR,Turkey,2022,-1.788352370262146,0.8911026120185852,5.5,1,-0.3568929135799408,-0.3960716426372528,-0.2856121361255646,-0.3889949917793274,0.10000000149011612,0.10000000149011612,0.10000000149011612,0.10000000149011612,0.10000000149011612,0.10000000149011612,0.10000000149011612,0.10000000149011612,0.10000000149011612,0.10000000149011612
71,TUR,Turkey,2023,-1.6069564819335938,0.9331722855567932,5.5,1,-0.3568929135799408,-0.3960716426372528,-0.2856121361255646,-0.3889949917793274,0.10000000149011612,0.10000000149011612,0.10000000149011612,0.10000000149011612,0.10000000149011612,0.10000000149011612,0.10000000149011612,0.10000000149011612,0.10000000149011612,0.10000000149011612
72,UKR,Ukraine,2018,-3.635014295578003,0.03134065121412277,5.5,1,-1.2346214056015015,-1.3236093521118164,-1.1485481262207031,-1.2317067384719849,0.10000000149011612,0.10000000149011612,0.10000000149011612,0.10000000149011612,0.10000000149011612,0.10000000149011612,0.10000000149011612,0.10000000149011612,0.10000000149011612,0.10000000149011612
72,UKR,Ukraine,2019,-4.1212358474731445,0.4254660904407501,5.5,1,-1.2346214056015015,-1.3236093521118164,-1.1485481262207031,-1.2317067384719849,0.10000000149011612,0.10000000149011612,0.10000000149011612,0.10000000149011612,0.10000000149011612,0.10000000149011612,0.10000000149011612,0.10000000149011612,0.10000000149011612,0.10000000149011612
72,UKR,Ukraine,2020,-5.126094341278076,0.6226004362106323,5.5,1,-1.2346214056015015,-1.3236093521118164,-1.1485481262207031,-1.2317067384719849,0.10000000149011612,0.10000000149011612,0.10000000149011612,0.10000000149011612,0.10000000149011612,0.10000000149011612,0.10000000149011612,0.10000000149011612,0.10000000149011612,0.10000000149011612
72,UKR,Ukraine,2021,-7.988569259643555,0.7383551001548767,5.5,1,-1.2346214056015015,-1.3236093521118164,-1.1485481262207031,-1.2317067384719849,0.10000000149011612,0.10000000149011612,0.10000000149011612,0.10000000149011612,0.10000000149011612,0.10000000149011612,0.10000000149011612,0.10000000149011612,0.10000000149011612,0.10000000149011612
72,UKR,Ukraine,2022,-9.796317100524902,0.822763204574585,5.5,1,-1.2346214056015015,-1.3236093521118164,-1.1485481262207031,-1.2317067384719849,0.10000000149011612,0.10000000149011612,0.10000000149011612,0.10000000149011612,0.10000000149011612,0.10000000149011612,0.10000000149011612,0.10000000149011612,0.10000000149011612,0.10000000149011612
72,UKR,Ukraine,2023,-9.796317100524902,0.8842054009437561,5.5,1,-1.2346214056015015,-1.3236093521118164,-1.1485481262207031,-1.2317067384719849,0.10000000149011612,0.10000000149011612,0.10000000149011612,0.10000000149011612,0.10000000149011612,0.10000000149011612,0.10000000149011612,0.10000000149011612,0.10000000149011612,0.10000000149011612
73,USA,United States,2018,-7.697317123413086,-0.40202900767326355,5.5,1,1.167035460472107,1.1881818771362305,1.1316249370574951,1.1812996864318848,0.10000000149011612,0.10000000149011612,0.10000000149011612,0.10000000149011612,0.10000000149011612,0.10000000149011612,0.10000000149011612,0.10000000149011612,0.10000000149011612,0.10000000149011612
73,USA,United States,2019,-9.035722732543945,-0.6184579730033875,5.5,1,1.167035460472107,1.1881818771362305,1.1316249370574951,1.1812996864318848,0.10000000149011612,0.10000000149011612,0.10000000149011612,0.10000000149011612,0.10000000149011612,0.10000000149011612,0.10000000149011612,0.10000000149011612,0.10000000149011612,0.10000000149011612
73,USA,United States,2020,-10.637649536132812,-0.8811612725257874,5.5,1,1.167035460472107,1.1881818771362305,1.1316249370574951,1.1812996864318848,0.10000000149011612,0.10000000149011612,0.10000000149011612,0.10000000149011612,0.10000000149011612,0.10000000149011612,0.10000000149011612,0.10000000149011612,0.10000000149011612,0.10000000149011612
73,USA,United States,2021,-9.941286087036133,-1.1631277799606323,5.5,1,1.167035460472107,1.1881818771362305,1.1316249370574951,1.1812996864318848,0.10000000149011612,0.10000000149011612,0.10000000149011612,0.10000000149011612,0.10000000149011612,0.10000000149011612,0.10000000149011612,0.10000000149011612,0.10000000149011612,0.10000000149011612
73,USA,United States,2022,-10.715087890625,-1.4284135103225708,5.5,1,1.167035460472107,1.1881818771362305,1.1316249370574951,1.1812996864318848,0.10000000149011612,0.10000000149011612,0.10000000149011612,0.10000000149011612,0.10000000149011612,0.10000000149011612,0.10000000149011612,0.10000000149011612,0.10000000149011612,0.10000000149011612
73,USA,United States,2023,-11.726405143737793,-1.6454341411590576,5.5,1,1.167035460472107,1.1881818771362305,1.1316249370574951,1.1812996864318848,0.10000000149011612,0.10000000149011612,0.10000000149011612,0.10000000149011612,0.10000000149011612,0.10000000149011612,0.10000000149011612,0.10000000149011612,0.10000000149011612,0.10000000149011612
74,UZB,Uzbekistan,2018,1.4206937551498413,0.21581140160560608,3.3980987071990967,2,-1.8003510236740112,-1.597791075706482,-2.1902878284454346,-1.6129741668701172,0.11789543181657791,0.32626840472221375,0.20743493735790253,0.10395185649394989,0.062326643615961075,0.13582652807235718,0.0,0.0,0.0,0.04629617556929588
74,UZB,Uzbekistan,2019,0.9323561787605286,0.49460354447364807,3.3980987071990967,2,-1.8003510236740112,-1.597791075706482,-2.1902878284454346,-1.6129741668701172,0.11789543181657791,0.32626840472221375,0.20743493735790253,0.10395185649394989,0.062326643615961075,0.13582652807235718,0.0,0.0,0.0,0.04629617556929588
74,UZB,Uzbekistan,2020,1.6637600660324097,0.6002970337867737,3.3980987071990967,2,-1.8003510236740112,-1.597791075706482,-2.1902878284454346,-1.6129741668701172,0.11789543181657791,0.32626840472221375,0.20743493735790253,0.10395185649394989,0.062326643615961075,0.13582652807235718,0.0,0.0,0.0,0.04629617556929588
74,UZB,Uzbekistan,2021,1.6973286867141724,0.6187688708305359,3.3980987071990967,2,-1.8003510236740112,-1.597791075706482,-2.1902878284454346,-1.6129741668701172,0.11789543181657791,0.32626840472221375,0.20743493735790253,0.10395185649394989,0.062326643615961075,0.13582652807235718,0.0,0.0,0.0,0.04629617556929588
74,UZB,Uzbekistan,2022,0.9835667014122009,0.6270161271095276,3.3980987071990967,2,-1.8003510236740112,-1.597791075706482,-2.1902878284454346,-1.6129741668701172,0.11789543181657791,0.32626840472221375,0.20743493735790253,0.10395185649394989,0.062326643615961075,0.13582652807235718,0.0,0.0,0.0,0.04629617556929588
74,UZB,Uzbekistan,2023,0.9794012308120728,0.6089989542961121,3.3980987071990967,2,-1.8003510236740112,-1.597791075706482,-2.1902878284454346,-1.6129741668701172,0.11789543181657791,0.32626840472221375,0.20743493735790253,0.10395185649394989,0.062326643615961075,0.13582652807235718,0.0,0.0,0.0,0.04629617556929588
75,VEN,Venezuela,2018,4.365685939788818,-0.07508457452058792,6.8513407707214355,6,-1.5081526041030884,-1.3741530179977417,-1.5062425136566162,-1.6440623998641968,0.0,0.0006625100504606962,0.03769329935312271,0.08508261293172836,0.13765166699886322,0.17922335863113403,0.1686558574438095,0.16433705389499664,0.1292169839143753,0.09747666865587234
75,VEN,Venezuela,2019,4.361935615539551,-0.0094209685921669,6.8513407707214355,6,-1.5081526041030884,-1.3741530179977417,-1.5062425136566162,-1.6440623998641968,0.0,0.0006625100504606962,0.03769329935312271,0.08508261293172836,0.13765166699886322,0.17922335863113403,0.1686558574438095,0.16433705389499664,0.1292169839143753,0.09747666865587234
75,VEN,Venezuela,2020,-2.0265071392059326,-0.056089021265506744,6.8513407707214355,6,-1.5081526041030884,-1.3741530179977417,-1.5062425136566162,-1.6440623998641968,0.0,0.0006625100504606962,0.03769329935312271,0.08508261293172836,0.13765166699886322,0.17922335863113403,0.1686558574438095,0.16433705389499664,0.1292169839143753,0.09747666865587234
75,VEN,Venezuela,2021,-2.5107500553131104,-0.16182208061218262,6.8513407707214355,6,-1.5081526041030884,-1.3741530179977417,-1.5062425136566162,-1.6440623998641968,0.0,0.0006625100504606962,0.03769329935312271,0.08508261293172836,0.13765166699886322,0.17922335863113403,0.1686558574438095,0.16433705389499664,0.1292169839143753,0.09747666865587234
75,VEN,Venezuela,2022,-2.220579147338867,-0.28070786595344543,6.8513407707214355,6,-1.5081526041030884,-1.3741530179977417,-1.5062425136566162,-1.6440623998641968,0.0,0.0006625100504606962,0.03769329935312271,0.08508261293172836,0.13765166699886322,0.17922335863113403,0.1686558574438095,0.16433705389499664,0.1292169839143753,0.09747666865587234
75,VEN,Venezuela,2023,-2.2290172576904297,-0.40034040808677673,6.8513407707214355,6,-1.5081526041030884,-1.3741530179977417,-1.5062425136566162,-1.6440623998641968,0.0,0.0006625100504606962,0.03769329935312271,0.08508261293172836,0.13765166699886322,0.17922335863113403,0.1686558574438095,0.16433705389499664,0.1292169839143753,0.09747666865587234
76,VNM,Vietnam,2018,1.8500128984451294,0.2434518039226532,5.996490478515625,6,-1.0041168928146362,-0.9023603796958923,-1.090646505355835,-1.0193438529968262,0.047194723039865494,0.05536551773548126,0.0580010823905468,0.09666556864976883,0.14561741054058075,0.17290924489498138,0.13104215264320374,0.11393961310386658,0.10910235345363617,0.0701623186469078
76,VNM,Vietnam,2019,3.117563009262085,0.7355934977531433,5.996490478515625,6,-1.0041168928146362,-0.9023603796958923,-1.090646505355835,-1.0193438529968262,0.047194723039865494,0.05536551773548126,0.0580010823905468,0.09666556864976883,0.14561741054058075,0.17290924489498138,0.13104215264320374,0.11393961310386658,0.10910235345363617,0.0701623186469078
76,VNM,Vietnam,2020,2.663336753845215,0.9893236756324768,5.996490478515625,6,-1.0041168928146362,-0.9023603796958923,-1.090646505355835,-1.0193438529968262,0.047194723039865494,0.05536551773548126,0.0580010823905468,0.09666556864976883,0.14561741054058075,0.17290924489498138,0.13104215264320374,0.11393961310386658,0.10910235345363617,0.0701623186469078
76,VNM,Vietnam,2021,1.7106215953826904,1.1216424703598022,5.996490478515625,6,-1.0041168928146362,-0.9023603796958923,-1.090646505355835,-1.0193438529968262,0.047194723039865494,0.05536551773548126,0.0580010823905468,0.09666556864976883,0.14561741054058075,0.17290924489498138,0.13104215264320374,0.11393961310386658,0.10910235345363617,0.0701623186469078
76,VNM,Vietnam,2022,0.6460008025169373,1.2026524543762207,5.996490478515625,6,-1.0041168928146362,-0.9023603796958923,-1.090646505355835,-1.0193438529968262,0.047194723039865494,0.05536551773548126,0.0580010823905468,0.09666556864976883,0.14561741054058075,0.17290924489498138,0.13104215264320374,0.11393961310386658,0.10910235345363617,0.0701623186469078
76,VNM,Vietnam,2023,1.6631464958190918,1.2459794282913208,5.996490478515625,6,-1.0041168928146362,-0.9023603796958923,-1.090646505355835,-1.0193438529968262,0.047194723039865494,0.05536551773548126,0.0580010823905468,0.09666556864976883,0.14561741054058075,0.17290924489498138,0.13104215264320374,0.11393961310386658,0.10910235345363617,0.0701623186469078
77,ZAF,South Africa,2018,-6.3950324058532715,0.42994943261146545,5.5,1,-0.0641661062836647,-0.015326484106481075,0.13372927904129028,-0.31090110540390015,0.10000000149011612,0.10000000149011612,0.10000000149011612,0.10000000149011612,0.10000000149011612,0.10000000149011612,0.10000000149011612,0.10000000149011612,0.10000000149011612,0.10000000149011612
77,ZAF,South Africa,2019,-8.257451057434082,0.6030684113502502,5.5,1,-0.0641661062836647,-0.015326484106481075,0.13372927904129028,-0.31090110540390015,0.10000000149011612,0.10000000149011612,0.10000000149011612,0.10000000149011612,0.10000000149011612,0.10000000149011612,0.10000000149011612,0.10000000149011612,0.10000000149011612,0.10000000149011612
77,ZAF,South Africa,2020,-7.980379581451416,0.6974173188209534,5.5,1,-0.0641661062836647,-0.015326484106481075,0.13372927904129028,-0.31090110540390015,0.10000000149011612,0.10000000149011612,0.10000000149011612,0.10000000149011612,0.10000000149011612,0.10000000149011612,0.10000000149011612,0.10000000149011612,0.10000000149011612,0.10000000149011612
77,ZAF,South Africa,2021,-12.659340858459473,0.7430346608161926,5.5,1,-0.0641661062836647,-0.015326484106481075,0.13372927904129028,-0.31090110540390015,0.10000000149011612,0.10000000149011612,0.10000000149011612,0.10000000149011612,0.10000000149011612,0.10000000149011612,0.10000000149011612,0.10000000149011612,0.10000000149011612,0.10000000149011612
77,ZAF,South Africa,2022,-15.694624900817871,0.7700219750404358,5.5,1,-0.0641661062836647,-0.015326484106481075,0.13372927904129028,-0.31090110540390015,0.10000000149011612,0.10000000149011612,0.10000000149011612,0.10000000149011612,0.10000000149011612,0.10000000149011612,0.10000000149011612,0.10000000149011612,0.10000000149011612,0.10000000149011612
77,ZAF,South Africa,2023,-19.3819637298584,0.7919748425483704,5.5,1,-0.0641661062836647,-0.015326484106481075,0.13372927904129028,-0.31090110540390015,0.10000000149011612,0.10000000149011612,0.10000000149011612,0.10000000149011612,0.10000000149011612,0.10000000149011612,0.10000000149011612,0.10000000149011612,0.10000000149011612,0.10000000149011612
