entity_id,entity_code,entity_name,year,y_true,y_pred,posthoc_k_star,lag_profile_peak,proxy_signal_true,proxy_1_true,proxy_2_true,proxy_3_true,lag_profile_1,lag_profile_2,lag_profile_3,lag_profile_4,lag_profile_5,lag_profile_6,lag_profile_7,lag_profile_8,lag_profile_9,lag_profile_10
0,ARE,United Arab Emirates,2018,-77.53056335449219,0.4816182553768158,5.5,1,0.18880443274974823,0.332748681306839,0.2764120101928711,-0.042747389525175095,0.10000000149011612,0.10000000149011612,0.10000000149011612,0.10000000149011612,0.10000000149011612,0.10000000149011612,0.10000000149011612,0.10000000149011612,0.10000000149011612,0.10000000149011612
0,ARE,United Arab Emirates,2019,-233.2926788330078,0.0074142515659332275,5.5,1,0.18880443274974823,0.332748681306839,0.2764120101928711,-0.042747389525175095,0.10000000149011612,0.10000000149011612,0.10000000149011612,0.10000000149011612,0.10000000149011612,0.10000000149011612,0.10000000149011612,0.10000000149011612,0.10000000149011612,0.10000000149011612
0,ARE,United Arab Emirates,2020,-435.1805725097656,-0.2945617139339447,5.5,1,0.18880443274974823,0.332748681306839,0.2764120101928711,-0.042747389525175095,0.10000000149011612,0.10000000149011612,0.10000000149011612,0.10000000149011612,0.10000000149011612,0.10000000149011612,0.10000000149011612,0.10000000149011612,0.10000000149011612,0.10000000149011612
0,ARE,United Arab Emirates,2021,-1001.4480590820312,-0.5303080081939697,5.5,1,0.18880443274974823,0.332748681306839,0.2764120101928711,-0.042747389525175095,0.10000000149011612,0.10000000149011612,0.10000000149011612,0.10000000149011612,0.10000000149011612,0.10000000149011612,0.10000000149011612,0.10000000149011612,0.10000000149011612,0.10000000149011612
0,ARE,United Arab Emirates,2022,-1657.7239990234375,-0.703924298286438,5.5,1,0.18880443274974823,0.332748681306839,0.2764120101928711,-0.042747389525175095,0.10000000149011612,0.10000000149011612,0.10000000149011612,0.10000000149011612,0.10000000149011612,0.10000000149011612,0.10000000149011612,0.10000000149011612,0.10000000149011612,0.10000000149011612
0,ARE,United Arab Emirates,2023,-2705.017333984375,-0.8391121625900269,5.5,1,0.18880443274974823,0.332748681306839,0.2764120101928711,-0.042747389525175095,0.10000000149011612,0.10000000149011612,0.10000000149011612,0.10000000149011612,0.10000000149011612,0.10000000149011612,0.10000000149011612,0.10000000149011612,0.10000000149011612,0.10000000149011612
1,ARG,Argentina,2018,1.6428788900375366,1.017369270324707,5.547168731689453,7,-0.6909387707710266,-0.40908560156822205,-0.8905236124992371,-0.7732071280479431,0.05121944099664688,0.07631789892911911,0.06875136494636536,0.10052403807640076,0.10558521002531052,0.20283523201942444,0.21250587701797485,0.13786359131336212,0.044397350400686264,0.0
1,ARG,Argentina,2019,1.1453611850738525,0.992534875869751,5.547168731689453,7,-0.6909387707710266,-0.40908560156822205,-0.8905236124992371,-0.7732071280479431,0.05121944099664688,0.07631789892911911,0.06875136494636536,0.10052403807640076,0.10558521002531052,0.20283523201942444,0.21250587701797485,0.13786359131336212,0.044397350400686264,0.0
1,ARG,Argentina,2020,1.0582135915756226,0.9306051731109619,5.547168731689453,7,-0.6909387707710266,-0.40908560156822205,-0.8905236124992371,-0.7732071280479431,0.05121944099664688,0.07631789892911911,0.06875136494636536,0.10052403807640076,0.10558521002531052,0.20283523201942444,0.21250587701797485,0.13786359131336212,0.044397350400686264,0.0
1,ARG,Argentina,2021,1.4250097274780273,0.8713194131851196,5.547168731689453,7,-0.6909387707710266,-0.40908560156822205,-0.8905236124992371,-0.7732071280479431,0.05121944099664688,0.07631789892911911,0.06875136494636536,0.10052403807640076,0.10558521002531052,0.20283523201942444,0.21250587701797485,0.13786359131336212,0.044397350400686264,0.0
1,ARG,Argentina,2022,0.9982249736785889,0.8114439249038696,5.547168731689453,7,-0.6909387707710266,-0.40908560156822205,-0.8905236124992371,-0.7732071280479431,0.05121944099664688,0.07631789892911911,0.06875136494636536,0.10052403807640076,0.10558521002531052,0.20283523201942444,0.21250587701797485,0.13786359131336212,0.044397350400686264,0.0
1,ARG,Argentina,2023,-0.24900130927562714,0.7789764404296875,5.547168731689453,7,-0.6909387707710266,-0.40908560156822205,-0.8905236124992371,-0.7732071280479431,0.05121944099664688,0.07631789892911911,0.06875136494636536,0.10052403807640076,0.10558521002531052,0.20283523201942444,0.21250587701797485,0.13786359131336212,0.044397350400686264,0.0
2,AUS,Australia,2018,-7.367125034332275,-0.41681936383247375,5.5,1,1.25566828250885,1.2781401872634888,1.1565734148025513,1.3322911262512207,0.10000000149011612,0.10000000149011612,0.10000000149011612,0.10000000149011612,0.10000000149011612,0.10000000149011612,0.10000000149011612,0.10000000149011612,0.10000000149011612,0.10000000149011612
2,AUS,Australia,2019,-8.657783508300781,-0.7916929721832275,5.5,1,1.25566828250885,1.2781401872634888,1.1565734148025513,1.3322911262512207,0.10000000149011612,0.10000000149011612,0.10000000149011612,0.10000000149011612,0.10000000149011612,0.10000000149011612,0.10000000149011612,0.10000000149011612,0.10000000149011612,0.10000000149011612
2,AUS,Australia,2020,-10.614906311035156,-1.0511881113052368,5.5,1,1.25566828250885,1.2781401872634888,1.1565734148025513,1.3322911262512207,0.10000000149011612,0.10000000149011612,0.10000000149011612,0.10000000149011612,0.10000000149011612,0.10000000149011612,0.10000000149011612,0.10000000149011612,0.10000000149011612,0.10000000149011612
2,AUS,Australia,2021,-13.180018424987793,-1.2369399070739746,5.5,1,1.25566828250885,1.2781401872634888,1.1565734148025513,1.3322911262512207,0.10000000149011612,0.10000000149011612,0.10000000149011612,0.10000000149011612,0.10000000149011612,0.10000000149011612,0.10000000149011612,0.10000000149011612,0.10000000149011612,0.10000000149011612
2,AUS,Australia,2022,-15.15616226196289,-1.4079265594482422,5.5,1,1.25566828250885,1.2781401872634888,1.1565734148025513,1.3322911262512207,0.10000000149011612,0.10000000149011612,0.10000000149011612,0.10000000149011612,0.10000000149011612,0.10000000149011612,0.10000000149011612,0.10000000149011612,0.10000000149011612,0.10000000149011612
2,AUS,Australia,2023,-16.646900177001953,-1.548783540725708,5.5,1,1.25566828250885,1.2781401872634888,1.1565734148025513,1.3322911262512207,0.10000000149011612,0.10000000149011612,0.10000000149011612,0.10000000149011612,0.10000000149011612,0.10000000149011612,0.10000000149011612,0.10000000149011612,0.10000000149011612,0.10000000149011612
3,AUT,Austria,2018,-3.331990957260132,-0.16607315838336945,5.2511372566223145,5,1.3129711151123047,1.3305449485778809,1.1512476205825806,1.4571207761764526,0.07648658007383347,0.09590912610292435,0.11256781220436096,0.12467897683382034,0.13177642226219177,0.12858641147613525,0.10816559195518494,0.09239082038402557,0.07465566694736481,0.05478259548544884
3,AUT,Austria,2019,-3.5629565715789795,-0.38059931993484497,5.2511372566223145,5,1.3129711151123047,1.3305449485778809,1.1512476205825806,1.4571207761764526,0.07648658007383347,0.09590912610292435,0.11256781220436096,0.12467897683382034,0.13177642226219177,0.12858641147613525,0.10816559195518494,0.09239082038402557,0.07465566694736481,0.05478259548544884
3,AUT,Austria,2020,-4.44062614440918,-0.4937950670719147,5.2511372566223145,5,1.3129711151123047,1.3305449485778809,1.1512476205825806,1.4571207761764526,0.07648658007383347,0.09590912610292435,0.11256781220436096,0.12467897683382034,0.13177642226219177,0.12858641147613525,0.10816559195518494,0.09239082038402557,0.07465566694736481,0.05478259548544884
3,AUT,Austria,2021,-4.349145412445068,-0.5572316646575928,5.2511372566223145,5,1.3129711151123047,1.3305449485778809,1.1512476205825806,1.4571207761764526,0.07648658007383347,0.09590912610292435,0.11256781220436096,0.12467897683382034,0.13177642226219177,0.12858641147613525,0.10816559195518494,0.09239082038402557,0.07465566694736481,0.05478259548544884
3,AUT,Austria,2022,-4.098706245422363,-0.6067008972167969,5.2511372566223145,5,1.3129711151123047,1.3305449485778809,1.1512476205825806,1.4571207761764526,0.07648658007383347,0.09590912610292435,0.11256781220436096,0.12467897683382034,0.13177642226219177,0.12858641147613525,0.10816559195518494,0.09239082038402557,0.07465566694736481,0.05478259548544884
3,AUT,Austria,2023,-5.443741798400879,-0.6295181512832642,5.2511372566223145,5,1.3129711151123047,1.3305449485778809,1.1512476205825806,1.4571207761764526,0.07648658007383347,0.09590912610292435,0.11256781220436096,0.12467897683382034,0.13177642226219177,0.12858641147613525,0.10816559195518494,0.09239082038402557,0.07465566694736481,0.05478259548544884
4,AZE,Azerbaijan,2018,3.094372272491455,0.32558947801589966,9.131595611572266,10,-1.294363021850586,-1.4495718479156494,-1.172594428062439,-1.2609230279922485,0.0,0.0,0.0,0.0,0.0,0.0,0.0,0.24634721875190735,0.3757099211215973,0.37794286012649536
4,AZE,Azerbaijan,2019,3.558119297027588,0.4309096932411194,9.131595611572266,10,-1.294363021850586,-1.4495718479156494,-1.172594428062439,-1.2609230279922485,0.0,0.0,0.0,0.0,0.0,0.0,0.0,0.24634721875190735,0.3757099211215973,0.37794286012649536
4,AZE,Azerbaijan,2020,4.490204811096191,0.37377414107322693,9.131595611572266,10,-1.294363021850586,-1.4495718479156494,-1.172594428062439,-1.2609230279922485,0.0,0.0,0.0,0.0,0.0,0.0,0.0,0.24634721875190735,0.3757099211215973,0.37794286012649536
4,AZE,Azerbaijan,2021,4.194814682006836,0.20599552989006042,9.131595611572266,10,-1.294363021850586,-1.4495718479156494,-1.172594428062439,-1.2609230279922485,0.0,0.0,0.0,0.0,0.0,0.0,0.0,0.24634721875190735,0.3757099211215973,0.37794286012649536
4,AZE,Azerbaijan,2022,3.8313167095184326,0.07059797644615173,9.131595611572266,10,-1.294363021850586,-1.4495718479156494,-1.172594428062439,-1.2609230279922485,0.0,0.0,0.0,0.0,0.0,0.0,0.0,0.24634721875190735,0.3757099211215973,0.37794286012649536
4,AZE,Azerbaijan,2023,3.7241804599761963,-0.029024749994277954,9.131595611572266,10,-1.294363021850586,-1.4495718479156494,-1.172594428062439,-1.2609230279922485,0.0,0.0,0.0,0.0,0.0,0.0,0.0,0.24634721875190735,0.3757099211215973,0.37794286012649536
5,BEL,Belgium,2018,-2.035623550415039,-0.6195839643478394,5.5,1,0.9798359274864197,1.2219529151916504,0.8175865411758423,0.8999684453010559,0.10000000149011612,0.10000000149011612,0.10000000149011612,0.10000000149011612,0.10000000149011612,0.10000000149011612,0.10000000149011612,0.10000000149011612,0.10000000149011612,0.10000000149011612
5,BEL,Belgium,2019,-3.1006269454956055,-0.8133918046951294,5.5,1,0.9798359274864197,1.2219529151916504,0.8175865411758423,0.8999684453010559,0.10000000149011612,0.10000000149011612,0.10000000149011612,0.10000000149011612,0.10000000149011612,0.10000000149011612,0.10000000149011612,0.10000000149011612,0.10000000149011612,0.10000000149011612
5,BEL,Belgium,2020,-2.7479605674743652,-0.9674737453460693,5.5,1,0.9798359274864197,1.2219529151916504,0.8175865411758423,0.8999684453010559,0.10000000149011612,0.10000000149011612,0.10000000149011612,0.10000000149011612,0.10000000149011612,0.10000000149011612,0.10000000149011612,0.10000000149011612,0.10000000149011612,0.10000000149011612
5,BEL,Belgium,2021,-3.9674084186553955,-1.0789117813110352,5.5,1,0.9798359274864197,1.2219529151916504,0.8175865411758423,0.8999684453010559,0.10000000149011612,0.10000000149011612,0.10000000149011612,0.10000000149011612,0.10000000149011612,0.10000000149011612,0.10000000149011612,0.10000000149011612,0.10000000149011612,0.10000000149011612
5,BEL,Belgium,2022,-3.700895071029663,-1.1586929559707642,5.5,1,0.9798359274864197,1.2219529151916504,0.8175865411758423,0.8999684453010559,0.10000000149011612,0.10000000149011612,0.10000000149011612,0.10000000149011612,0.10000000149011612,0.10000000149011612,0.10000000149011612,0.10000000149011612,0.10000000149011612,0.10000000149011612
5,BEL,Belgium,2023,-3.867947578430176,-1.2145144939422607,5.5,1,0.9798359274864197,1.2219529151916504,0.8175865411758423,0.8999684453010559,0.10000000149011612,0.10000000149011612,0.10000000149011612,0.10000000149011612,0.10000000149011612,0.10000000149011612,0.10000000149011612,0.10000000149011612,0.10000000149011612,0.10000000149011612
6,BGD,Bangladesh,2018,1.2597620487213135,0.33746257424354553,5.5,1,-1.3428869247436523,-1.2080445289611816,-1.482562780380249,-1.3380534648895264,0.10000000149011612,0.10000000149011612,0.10000000149011612,0.10000000149011612,0.10000000149011612,0.10000000149011612,0.10000000149011612,0.10000000149011612,0.10000000149011612,0.10000000149011612
6,BGD,Bangladesh,2019,1.4318774938583374,0.9206823110580444,5.5,1,-1.3428869247436523,-1.2080445289611816,-1.482562780380249,-1.3380534648895264,0.10000000149011612,0.10000000149011612,0.10000000149011612,0.10000000149011612,0.10000000149011612,0.10000000149011612,0.10000000149011612,0.10000000149011612,0.10000000149011612,0.10000000149011612
6,BGD,Bangladesh,2020,1.717698097229004,1.2560009956359863,5.5,1,-1.3428869247436523,-1.2080445289611816,-1.482562780380249,-1.3380534648895264,0.10000000149011612,0.10000000149011612,0.10000000149011612,0.10000000149011612,0.10000000149011612,0.10000000149011612,0.10000000149011612,0.10000000149011612,0.10000000149011612,0.10000000149011612
6,BGD,Bangladesh,2021,1.7278225421905518,1.4329259395599365,5.5,1,-1.3428869247436523,-1.2080445289611816,-1.482562780380249,-1.3380534648895264,0.10000000149011612,0.10000000149011612,0.10000000149011612,0.10000000149011612,0.10000000149011612,0.10000000149011612,0.10000000149011612,0.10000000149011612,0.10000000149011612,0.10000000149011612
6,BGD,Bangladesh,2022,1.5284489393234253,1.5194519758224487,5.5,1,-1.3428869247436523,-1.2080445289611816,-1.482562780380249,-1.3380534648895264,0.10000000149011612,0.10000000149011612,0.10000000149011612,0.10000000149011612,0.10000000149011612,0.10000000149011612,0.10000000149011612,0.10000000149011612,0.10000000149011612,0.10000000149011612
6,BGD,Bangladesh,2023,2.0307767391204834,1.55976140499115,5.5,1,-1.3428869247436523,-1.2080445289611816,-1.482562780380249,-1.3380534648895264,0.10000000149011612,0.10000000149011612,0.10000000149011612,0.10000000149011612,0.10000000149011612,0.10000000149011612,0.10000000149011612,0.10000000149011612,0.10000000149011612,0.10000000149011612
7,BGR,Bulgaria,2018,-1.3296480178833008,1.4471192359924316,5.5,1,-0.42611977458000183,-0.6209486722946167,-0.13856160640716553,-0.5188490152359009,0.10000000149011612,0.10000000149011612,0.10000000149011612,0.10000000149011612,0.10000000149011612,0.10000000149011612,0.10000000149011612,0.10000000149011612,0.10000000149011612,0.10000000149011612
7,BGR,Bulgaria,2019,-1.4306131601333618,1.7010188102722168,5.5,1,-0.42611977458000183,-0.6209486722946167,-0.13856160640716553,-0.5188490152359009,0.10000000149011612,0.10000000149011612,0.10000000149011612,0.10000000149011612,0.10000000149011612,0.10000000149011612,0.10000000149011612,0.10000000149011612,0.10000000149011612,0.10000000149011612
7,BGR,Bulgaria,2020,-2.8135833740234375,1.8340708017349243,5.5,1,-0.42611977458000183,-0.6209486722946167,-0.13856160640716553,-0.5188490152359009,0.10000000149011612,0.10000000149011612,0.10000000149011612,0.10000000149011612,0.10000000149011612,0.10000000149011612,0.10000000149011612,0.10000000149011612,0.10000000149011612,0.10000000149011612
7,BGR,Bulgaria,2021,-2.0215117931365967,1.8927690982818604,5.5,1,-0.42611977458000183,-0.6209486722946167,-0.13856160640716553,-0.5188490152359009,0.10000000149011612,0.10000000149011612,0.10000000149011612,0.10000000149011612,0.10000000149011612,0.10000000149011612,0.10000000149011612,0.10000000149011612,0.10000000149011612,0.10000000149011612
7,BGR,Bulgaria,2022,-0.48078346252441406,1.9196372032165527,5.5,1,-0.42611977458000183,-0.6209486722946167,-0.13856160640716553,-0.5188490152359009,0.10000000149011612,0.10000000149011612,0.10000000149011612,0.10000000149011612,0.10000000149011612,0.10000000149011612,0.10000000149011612,0.10000000149011612,0.10000000149011612,0.10000000149011612
7,BGR,Bulgaria,2023,-3.970643997192383,1.9328863620758057,5.5,1,-0.42611977458000183,-0.6209486722946167,-0.13856160640716553,-0.5188490152359009,0.10000000149011612,0.10000000149011612,0.10000000149011612,0.10000000149011612,0.10000000149011612,0.10000000149011612,0.10000000149011612,0.10000000149011612,0.10000000149011612,0.10000000149011612
8,BLR,Belarus,2018,-2.643580675125122,-0.31577885150909424,5.5,1,-1.5520426034927368,-1.4920120239257812,-1.8896420001983643,-1.2744739055633545,0.10000000149011612,0.10000000149011612,0.10000000149011612,0.10000000149011612,0.10000000149011612,0.10000000149011612,0.10000000149011612,0.10000000149011612,0.10000000149011612,0.10000000149011612
8,BLR,Belarus,2019,-3.0715856552124023,-0.12016135454177856,5.5,1,-1.5520426034927368,-1.4920120239257812,-1.8896420001983643,-1.2744739055633545,0.10000000149011612,0.10000000149011612,0.10000000149011612,0.10000000149011612,0.10000000149011612,0.10000000149011612,0.10000000149011612,0.10000000149011612,0.10000000149011612,0.10000000149011612
8,BLR,Belarus,2020,-3.0823307037353516,-0.03044973313808441,5.5,1,-1.5520426034927368,-1.4920120239257812,-1.8896420001983643,-1.2744739055633545,0.10000000149011612,0.10000000149011612,0.10000000149011612,0.10000000149011612,0.10000000149011612,0.10000000149011612,0.10000000149011612,0.10000000149011612,0.10000000149011612,0.10000000149011612
8,BLR,Belarus,2021,-14.810386657714844,-0.002244815230369568,5.5,1,-1.5520426034927368,-1.4920120239257812,-1.8896420001983643,-1.2744739055633545,0.10000000149011612,0.10000000149011612,0.10000000149011612,0.10000000149011612,0.10000000149011612,0.10000000149011612,0.10000000149011612,0.10000000149011612,0.10000000149011612,0.10000000149011612
8,BLR,Belarus,2022,-13.734106063842773,0.005795806646347046,5.5,1,-1.5520426034927368,-1.4920120239257812,-1.8896420001983643,-1.2744739055633545,0.10000000149011612,0.10000000149011612,0.10000000149011612,0.10000000149011612,0.10000000149011612,0.10000000149011612,0.10000000149011612,0.10000000149011612,0.10000000149011612,0.10000000149011612
8,BLR,Belarus,2023,-27.134784698486328,0.005562633275985718,5.5,1,-1.5520426034927368,-1.4920120239257812,-1.8896420001983643,-1.2744739055633545,0.10000000149011612,0.10000000149011612,0.10000000149011612,0.10000000149011612,0.10000000149011612,0.10000000149011612,0.10000000149011612,0.10000000149011612,0.10000000149011612,0.10000000149011612
9,BRA,Brazil,2018,4.812175750732422,0.06328758597373962,6.830545425415039,6,-0.532637357711792,-0.5499132871627808,-0.37875303626060486,-0.669245719909668,0.0,0.0,0.0,0.05963524430990219,0.1532392054796219,0.23791652917861938,0.20026838779449463,0.19079168140888214,0.11139258742332458,0.04675636440515518
9,BRA,Brazil,2019,5.404086589813232,0.39575594663619995,6.830545425415039,6,-0.532637357711792,-0.5499132871627808,-0.37875303626060486,-0.669245719909668,0.0,0.0,0.0,0.05963524430990219,0.1532392054796219,0.23791652917861938,0.20026838779449463,0.19079168140888214,0.11139258742332458,0.04675636440515518
9,BRA,Brazil,2020,4.385476589202881,0.6007599830627441,6.830545425415039,6,-0.532637357711792,-0.5499132871627808,-0.37875303626060486,-0.669245719909668,0.0,0.0,0.0,0.05963524430990219,0.1532392054796219,0.23791652917861938,0.20026838779449463,0.19079168140888214,0.11139258742332458,0.04675636440515518
9,BRA,Brazil,2021,8.511026382446289,0.7052289247512817,6.830545425415039,6,-0.532637357711792,-0.5499132871627808,-0.37875303626060486,-0.669245719909668,0.0,0.0,0.0,0.05963524430990219,0.1532392054796219,0.23791652917861938,0.20026838779449463,0.19079168140888214,0.11139258742332458,0.04675636440515518
9,BRA,Brazil,2022,0.8233122229576111,0.7585598230361938,6.830545425415039,6,-0.532637357711792,-0.5499132871627808,-0.37875303626060486,-0.669245719909668,0.0,0.0,0.0,0.05963524430990219,0.1532392054796219,0.23791652917861938,0.20026838779449463,0.19079168140888214,0.11139258742332458,0.04675636440515518
9,BRA,Brazil,2023,-0.02414296381175518,0.7541987895965576,6.830545425415039,6,-0.532637357711792,-0.5499132871627808,-0.37875303626060486,-0.669245719909668,0.0,0.0,0.0,0.05963524430990219,0.1532392054796219,0.23791652917861938,0.20026838779449463,0.19079168140888214,0.11139258742332458,0.04675636440515518
10,CAN,Canada,2018,-3.718440532684326,-0.6311194896697998,3.4181485176086426,2,1.2861608266830444,1.3746321201324463,1.1545178890228271,1.3293325901031494,0.13914665579795837,0.23611950874328613,0.22980771958827972,0.0831497460603714,0.12304175645112991,0.15161024034023285,0.03712436929345131,0.0,0.0,0.0
10,CAN,Canada,2019,-3.770698308944702,-0.9491690397262573,3.4181485176086426,2,1.2861608266830444,1.3746321201324463,1.1545178890228271,1.3293325901031494,0.13914665579795837,0.23611950874328613,0.22980771958827972,0.0831497460603714,0.12304175645112991,0.15161024034023285,0.03712436929345131,0.0,0.0,0.0
10,CAN,Canada,2020,-4.2692484855651855,-1.2167510986328125,3.4181485176086426,2,1.2861608266830444,1.3746321201324463,1.1545178890228271,1.3293325901031494,0.13914665579795837,0.23611950874328613,0.22980771958827972,0.0831497460603714,0.12304175645112991,0.15161024034023285,0.03712436929345131,0.0,0.0,0.0
10,CAN,Canada,2021,-4.04820442199707,-1.5179235935211182,3.4181485176086426,2,1.2861608266830444,1.3746321201324463,1.1545178890228271,1.3293325901031494,0.13914665579795837,0.23611950874328613,0.22980771958827972,0.0831497460603714,0.12304175645112991,0.15161024034023285,0.03712436929345131,0.0,0.0,0.0
10,CAN,Canada,2022,-4.334720611572266,-1.7176520824432373,3.4181485176086426,2,1.2861608266830444,1.3746321201324463,1.1545178890228271,1.3293325901031494,0.13914665579795837,0.23611950874328613,0.22980771958827972,0.0831497460603714,0.12304175645112991,0.15161024034023285,0.03712436929345131,0.0,0.0,0.0
10,CAN,Canada,2023,-3.507607936859131,-1.855701208114624,3.4181485176086426,2,1.2861608266830444,1.3746321201324463,1.1545178890228271,1.3293325901031494,0.13914665579795837,0.23611950874328613,0.22980771958827972,0.0831497460603714,0.12304175645112991,0.15161024034023285,0.03712436929345131,0.0,0.0,0.0
11,CHE,Switzerland,2018,1.0894922018051147,0.9759224653244019,5.5,1,1.412360668182373,1.4461179971694946,1.2956862449645996,1.4952778816223145,0.10000000149011612,0.10000000149011612,0.10000000149011612,0.10000000149011612,0.10000000149011612,0.10000000149011612,0.10000000149011612,0.10000000149011612,0.10000000149011612,0.10000000149011612
11,CHE,Switzerland,2019,0.49372902512550354,0.5495648384094238,5.5,1,1.412360668182373,1.4461179971694946,1.2956862449645996,1.4952778816223145,0.10000000149011612,0.10000000149011612,0.10000000149011612,0.10000000149011612,0.10000000149011612,0.10000000149011612,0.10000000149011612,0.10000000149011612,0.10000000149011612,0.10000000149011612
11,CHE,Switzerland,2020,1.5537232160568237,0.29601940512657166,5.5,1,1.412360668182373,1.4461179971694946,1.2956862449645996,1.4952778816223145,0.10000000149011612,0.10000000149011612,0.10000000149011612,0.10000000149011612,0.10000000149011612,0.10000000149011612,0.10000000149011612,0.10000000149011612,0.10000000149011612,0.10000000149011612
11,CHE,Switzerland,2021,3.0005764961242676,0.14381209015846252,5.5,1,1.412360668182373,1.4461179971694946,1.2956862449645996,1.4952778816223145,0.10000000149011612,0.10000000149011612,0.10000000149011612,0.10000000149011612,0.10000000149011612,0.10000000149011612,0.10000000149011612,0.10000000149011612,0.10000000149011612,0.10000000149011612
11,CHE,Switzerland,2022,2.025691270828247,0.03891657292842865,5.5,1,1.412360668182373,1.4461179971694946,1.2956862449645996,1.4952778816223145,0.10000000149011612,0.10000000149011612,0.10000000149011612,0.10000000149011612,0.10000000149011612,0.10000000149011612,0.10000000149011612,0.10000000149011612,0.10000000149011612,0.10000000149011612
11,CHE,Switzerland,2023,-4.210478782653809,0.0006112456321716309,5.5,1,1.412360668182373,1.4461179971694946,1.2956862449645996,1.4952778816223145,0.10000000149011612,0.10000000149011612,0.10000000149011612,0.10000000149011612,0.10000000149011612,0.10000000149011612,0.10000000149011612,0.10000000149011612,0.10000000149011612,0.10000000149011612
12,CHL,Chile,2018,1.4454405307769775,0.4627215266227722,8.681699752807617,9,0.8483307957649231,0.667232871055603,1.016435146331787,0.8613244891166687,0.0,0.0,0.0,0.0,0.0,0.0,0.19556891918182373,0.2180614173412323,0.29547080397605896,0.290898859500885
12,CHL,Chile,2019,1.1679426431655884,0.7617555856704712,8.681699752807617,9,0.8483307957649231,0.667232871055603,1.016435146331787,0.8613244891166687,0.0,0.0,0.0,0.0,0.0,0.0,0.19556891918182373,0.2180614173412323,0.29547080397605896,0.290898859500885
12,CHL,Chile,2020,0.7698724865913391,0.8934136629104614,8.681699752807617,9,0.8483307957649231,0.667232871055603,1.016435146331787,0.8613244891166687,0.0,0.0,0.0,0.0,0.0,0.0,0.19556891918182373,0.2180614173412323,0.29547080397605896,0.290898859500885
12,CHL,Chile,2021,0.5402398705482483,0.9943852424621582,8.681699752807617,9,0.8483307957649231,0.667232871055603,1.016435146331787,0.8613244891166687,0.0,0.0,0.0,0.0,0.0,0.0,0.19556891918182373,0.2180614173412323,0.29547080397605896,0.290898859500885
12,CHL,Chile,2022,-0.5233001708984375,1.0395694971084595,8.681699752807617,9,0.8483307957649231,0.667232871055603,1.016435146331787,0.8613244891166687,0.0,0.0,0.0,0.0,0.0,0.0,0.19556891918182373,0.2180614173412323,0.29547080397605896,0.290898859500885
12,CHL,Chile,2023,-1.9592610597610474,1.065675139427185,8.681699752807617,9,0.8483307957649231,0.667232871055603,1.016435146331787,0.8613244891166687,0.0,0.0,0.0,0.0,0.0,0.0,0.19556891918182373,0.2180614173412323,0.29547080397605896,0.290898859500885
13,CHN,China,2018,-8.663586616516113,-0.7943744659423828,3.9621901512145996,4,-0.8438493609428406,-0.7442506551742554,-0.7500977516174316,-1.03719961643219,0.11097172647714615,0.1436769962310791,0.16593681275844574,0.17712394893169403,0.16990850865840912,0.13895216584205627,0.07313644886016846,0.020293425768613815,0.0,0.0
13,CHN,China,2019,-9.760994911193848,-0.7841846942901611,3.9621901512145996,4,-0.8438493609428406,-0.7442506551742554,-0.7500977516174316,-1.03719961643219,0.11097172647714615,0.1436769962310791,0.16593681275844574,0.17712394893169403,0.16990850865840912,0.13895216584205627,0.07313644886016846,0.020293425768613815,0.0,0.0
13,CHN,China,2020,-10.60916519165039,-0.7778533697128296,3.9621901512145996,4,-0.8438493609428406,-0.7442506551742554,-0.7500977516174316,-1.03719961643219,0.11097172647714615,0.1436769962310791,0.16593681275844574,0.17712394893169403,0.16990850865840912,0.13895216584205627,0.07313644886016846,0.020293425768613815,0.0,0.0
13,CHN,China,2021,-11.069491386413574,-0.8008760213851929,3.9621901512145996,4,-0.8438493609428406,-0.7442506551742554,-0.7500977516174316,-1.03719961643219,0.11097172647714615,0.1436769962310791,0.16593681275844574,0.17712394893169403,0.16990850865840912,0.13895216584205627,0.07313644886016846,0.020293425768613815,0.0,0.0
13,CHN,China,2022,-11.851537704467773,-0.8322217464447021,3.9621901512145996,4,-0.8438493609428406,-0.7442506551742554,-0.7500977516174316,-1.03719961643219,0.11097172647714615,0.1436769962310791,0.16593681275844574,0.17712394893169403,0.16990850865840912,0.13895216584205627,0.07313644886016846,0.020293425768613815,0.0,0.0
13,CHN,China,2023,-12.087423324584961,-0.8615790605545044,3.9621901512145996,4,-0.8438493609428406,-0.7442506551742554,-0.7500977516174316,-1.03719961643219,0.11097172647714615,0.1436769962310791,0.16593681275844574,0.17712394893169403,0.16990850865840912,0.13895216584205627,0.07313644886016846,0.020293425768613815,0.0,0.0
14,COL,Colombia,2018,0.3820185363292694,-0.3811202943325043,6.458037376403809,7,-0.757061779499054,-0.7152259349822998,-0.5119652152061462,-1.0439940690994263,0.0,0.0,0.05562097579240799,0.1321815699338913,0.14320506155490875,0.07921665906906128,0.30828857421875,0.17171165347099304,0.0583452545106411,0.051430243998765945
14,COL,Colombia,2019,2.6013519763946533,-0.09201400727033615,6.458037376403809,7,-0.757061779499054,-0.7152259349822998,-0.5119652152061462,-1.0439940690994263,0.0,0.0,0.05562097579240799,0.1321815699338913,0.14320506155490875,0.07921665906906128,0.30828857421875,0.17171165347099304,0.0583452545106411,0.051430243998765945
14,COL,Colombia,2020,3.8599977493286133,0.05716276913881302,6.458037376403809,7,-0.757061779499054,-0.7152259349822998,-0.5119652152061462,-1.0439940690994263,0.0,0.0,0.05562097579240799,0.1321815699338913,0.14320506155490875,0.07921665906906128,0.30828857421875,0.17171165347099304,0.0583452545106411,0.051430243998765945
14,COL,Colombia,2021,0.7301899194717407,0.11380000412464142,6.458037376403809,7,-0.757061779499054,-0.7152259349822998,-0.5119652152061462,-1.0439940690994263,0.0,0.0,0.05562097579240799,0.1321815699338913,0.14320506155490875,0.07921665906906128,0.30828857421875,0.17171165347099304,0.0583452545106411,0.051430243998765945
14,COL,Colombia,2022,0.9924597144126892,0.11083011329174042,6.458037376403809,7,-0.757061779499054,-0.7152259349822998,-0.5119652152061462,-1.0439940690994263,0.0,0.0,0.05562097579240799,0.1321815699338913,0.14320506155490875,0.07921665906906128,0.30828857421875,0.17171165347099304,0.0583452545106411,0.051430243998765945
14,COL,Colombia,2023,3.7653815746307373,0.09832247346639633,6.458037376403809,7,-0.757061779499054,-0.7152259349822998,-0.5119652152061462,-1.0439940690994263,0.0,0.0,0.05562097579240799,0.1321815699338913,0.14320506155490875,0.07921665906906128,0.30828857421875,0.17171165347099304,0.0583452545106411,0.051430243998765945
15,CYP,Cyprus,2018,-11.052656173706055,0.29234299063682556,5.5,1,0.7725202441215515,0.8672822117805481,0.7250233292579651,0.725255012512207,0.10000000149011612,0.10000000149011612,0.10000000149011612,0.10000000149011612,0.10000000149011612,0.10000000149011612,0.10000000149011612,0.10000000149011612,0.10000000149011612,0.10000000149011612
15,CYP,Cyprus,2019,-11.571080207824707,-0.01259729266166687,5.5,1,0.7725202441215515,0.8672822117805481,0.7250233292579651,0.725255012512207,0.10000000149011612,0.10000000149011612,0.10000000149011612,0.10000000149011612,0.10000000149011612,0.10000000149011612,0.10000000149011612,0.10000000149011612,0.10000000149011612,0.10000000149011612
15,CYP,Cyprus,2020,-14.400252342224121,-0.23233768343925476,5.5,1,0.7725202441215515,0.8672822117805481,0.7250233292579651,0.725255012512207,0.10000000149011612,0.10000000149011612,0.10000000149011612,0.10000000149011612,0.10000000149011612,0.10000000149011612,0.10000000149011612,0.10000000149011612,0.10000000149011612,0.10000000149011612
15,CYP,Cyprus,2021,-17.67461395263672,-0.3943760395050049,5.5,1,0.7725202441215515,0.8672822117805481,0.7250233292579651,0.725255012512207,0.10000000149011612,0.10000000149011612,0.10000000149011612,0.10000000149011612,0.10000000149011612,0.10000000149011612,0.10000000149011612,0.10000000149011612,0.10000000149011612,0.10000000149011612
15,CYP,Cyprus,2022,-19.47079086303711,-0.5176610946655273,5.5,1,0.7725202441215515,0.8672822117805481,0.7250233292579651,0.725255012512207,0.10000000149011612,0.10000000149011612,0.10000000149011612,0.10000000149011612,0.10000000149011612,0.10000000149011612,0.10000000149011612,0.10000000149011612,0.10000000149011612,0.10000000149011612
15,CYP,Cyprus,2023,-23.38113784790039,-0.607021689414978,5.5,1,0.7725202441215515,0.8672822117805481,0.7250233292579651,0.725255012512207,0.10000000149011612,0.10000000149011612,0.10000000149011612,0.10000000149011612,0.10000000149011612,0.10000000149011612,0.10000000149011612,0.10000000149011612,0.10000000149011612,0.10000000149011612
16,CZE,Czechia,2018,-2.3009228706359863,-0.34562474489212036,5.5,1,0.365255743265152,0.28039175271987915,0.4478796720504761,0.3674957752227783,0.10000000149011612,0.10000000149011612,0.10000000149011612,0.10000000149011612,0.10000000149011612,0.10000000149011612,0.10000000149011612,0.10000000149011612,0.10000000149011612,0.10000000149011612
16,CZE,Czechia,2019,-2.761939525604248,-0.09301012754440308,5.5,1,0.365255743265152,0.28039175271987915,0.4478796720504761,0.3674957752227783,0.10000000149011612,0.10000000149011612,0.10000000149011612,0.10000000149011612,0.10000000149011612,0.10000000149011612,0.10000000149011612,0.10000000149011612,0.10000000149011612,0.10000000149011612
16,CZE,Czechia,2020,-3.448472261428833,-0.005477890372276306,5.5,1,0.365255743265152,0.28039175271987915,0.4478796720504761,0.3674957752227783,0.10000000149011612,0.10000000149011612,0.10000000149011612,0.10000000149011612,0.10000000149011612,0.10000000149011612,0.10000000149011612,0.10000000149011612,0.10000000149011612,0.10000000149011612
16,CZE,Czechia,2021,-3.2644777297973633,0.020662158727645874,5.5,1,0.365255743265152,0.28039175271987915,0.4478796720504761,0.3674957752227783,0.10000000149011612,0.10000000149011612,0.10000000149011612,0.10000000149011612,0.10000000149011612,0.10000000149011612,0.10000000149011612,0.10000000149011612,0.10000000149011612,0.10000000149011612
16,CZE,Czechia,2022,-3.0018773078918457,0.016019955277442932,5.5,1,0.365255743265152,0.28039175271987915,0.4478796720504761,0.3674957752227783,0.10000000149011612,0.10000000149011612,0.10000000149011612,0.10000000149011612,0.10000000149011612,0.10000000149011612,0.10000000149011612,0.10000000149011612,0.10000000149011612,0.10000000149011612
16,CZE,Czechia,2023,-3.7278714179992676,0.00010217726230621338,5.5,1,0.365255743265152,0.28039175271987915,0.4478796720504761,0.3674957752227783,0.10000000149011612,0.10000000149011612,0.10000000149011612,0.10000000149011612,0.10000000149011612,0.10000000149011612,0.10000000149011612,0.10000000149011612,0.10000000149011612,0.10000000149011612
17,DEU,Germany,2018,-4.408335208892822,-0.495299369096756,5.5,1,1.162001371383667,1.2181392908096313,0.9860901236534119,1.2817747592926025,0.10000000149011612,0.10000000149011612,0.10000000149011612,0.10000000149011612,0.10000000149011612,0.10000000149011612,0.10000000149011612,0.10000000149011612,0.10000000149011612,0.10000000149011612
17,DEU,Germany,2019,-7.129828929901123,-0.647575855255127,5.5,1,1.162001371383667,1.2181392908096313,0.9860901236534119,1.2817747592926025,0.10000000149011612,0.10000000149011612,0.10000000149011612,0.10000000149011612,0.10000000149011612,0.10000000149011612,0.10000000149011612,0.10000000149011612,0.10000000149011612,0.10000000149011612
17,DEU,Germany,2020,-8.748512268066406,-0.7406303882598877,5.5,1,1.162001371383667,1.2181392908096313,0.9860901236534119,1.2817747592926025,0.10000000149011612,0.10000000149011612,0.10000000149011612,0.10000000149011612,0.10000000149011612,0.10000000149011612,0.10000000149011612,0.10000000149011612,0.10000000149011612,0.10000000149011612
17,DEU,Germany,2021,-7.036392688751221,-0.8083981275558472,5.5,1,1.162001371383667,1.2181392908096313,0.9860901236534119,1.2817747592926025,0.10000000149011612,0.10000000149011612,0.10000000149011612,0.10000000149011612,0.10000000149011612,0.10000000149011612,0.10000000149011612,0.10000000149011612,0.10000000149011612,0.10000000149011612
17,DEU,Germany,2022,-5.935337066650391,-0.8712586164474487,5.5,1,1.162001371383667,1.2181392908096313,0.9860901236534119,1.2817747592926025,0.10000000149011612,0.10000000149011612,0.10000000149011612,0.10000000149011612,0.10000000149011612,0.10000000149011612,0.10000000149011612,0.10000000149011612,0.10000000149011612,0.10000000149011612
17,DEU,Germany,2023,-8.335287094116211,-0.9238113164901733,5.5,1,1.162001371383667,1.2181392908096313,0.9860901236534119,1.2817747592926025,0.10000000149011612,0.10000000149011612,0.10000000149011612,0.10000000149011612,0.10000000149011612,0.10000000149011612,0.10000000149011612,0.10000000149011612,0.10000000149011612,0.10000000149011612
18,DNK,Denmark,2018,-4.1028218269348145,0.030090734362602234,5.5,1,1.5067936182022095,1.5459808111190796,1.4523217678070068,1.522078514099121,0.10000000149011612,0.10000000149011612,0.10000000149011612,0.10000000149011612,0.10000000149011612,0.10000000149011612,0.10000000149011612,0.10000000149011612,0.10000000149011612,0.10000000149011612
18,DNK,Denmark,2019,-5.251770973205566,-0.3305453062057495,5.5,1,1.5067936182022095,1.5459808111190796,1.4523217678070068,1.522078514099121,0.10000000149011612,0.10000000149011612,0.10000000149011612,0.10000000149011612,0.10000000149011612,0.10000000149011612,0.10000000149011612,0.10000000149011612,0.10000000149011612,0.10000000149011612
18,DNK,Denmark,2020,-5.442167282104492,-0.5890727043151855,5.5,1,1.5067936182022095,1.5459808111190796,1.4523217678070068,1.522078514099121,0.10000000149011612,0.10000000149011612,0.10000000149011612,0.10000000149011612,0.10000000149011612,0.10000000149011612,0.10000000149011612,0.10000000149011612,0.10000000149011612,0.10000000149011612
18,DNK,Denmark,2021,-5.020071029663086,-0.7756783962249756,5.5,1,1.5067936182022095,1.5459808111190796,1.4523217678070068,1.522078514099121,0.10000000149011612,0.10000000149011612,0.10000000149011612,0.10000000149011612,0.10000000149011612,0.10000000149011612,0.10000000149011612,0.10000000149011612,0.10000000149011612,0.10000000149011612
18,DNK,Denmark,2022,-5.26057767868042,-0.9148328304290771,5.5,1,1.5067936182022095,1.5459808111190796,1.4523217678070068,1.522078514099121,0.10000000149011612,0.10000000149011612,0.10000000149011612,0.10000000149011612,0.10000000149011612,0.10000000149011612,0.10000000149011612,0.10000000149011612,0.10000000149011612,0.10000000149011612
18,DNK,Denmark,2023,-5.907427787780762,-1.0183738470077515,5.5,1,1.5067936182022095,1.5459808111190796,1.4523217678070068,1.522078514099121,0.10000000149011612,0.10000000149011612,0.10000000149011612,0.10000000149011612,0.10000000149011612,0.10000000149011612,0.10000000149011612,0.10000000149011612,0.10000000149011612,0.10000000149011612
19,DZA,Algeria,2018,-1.3783005475997925,-0.4282785952091217,1.1739554405212402,1,-1.204992651939392,-1.152233362197876,-1.2305991649627686,-1.2321451902389526,0.8260444402694702,0.1739555299282074,0.0,0.0,0.0,0.0,0.0,0.0,0.0,0.0
19,DZA,Algeria,2019,-1.3506704568862915,-0.33615413308143616,1.1739554405212402,1,-1.204992651939392,-1.152233362197876,-1.2305991649627686,-1.2321451902389526,0.8260444402694702,0.1739555299282074,0.0,0.0,0.0,0.0,0.0,0.0,0.0,0.0
19,DZA,Algeria,2020,-1.4138250350952148,-0.3099607527256012,1.1739554405212402,1,-1.204992651939392,-1.152233362197876,-1.2305991649627686,-1.2321451902389526,0.8260444402694702,0.1739555299282074,0.0,0.0,0.0,0.0,0.0,0.0,0.0,0.0
19,DZA,Algeria,2021,-1.0506858825683594,-0.331900954246521,1.1739554405212402,1,-1.204992651939392,-1.152233362197876,-1.2305991649627686,-1.2321451902389526,0.8260444402694702,0.1739555299282074,0.0,0.0,0.0,0.0,0.0,0.0,0.0,0.0
19,DZA,Algeria,2022,-1.0033199787139893,-0.33344295620918274,1.1739554405212402,1,-1.204992651939392,-1.152233362197876,-1.2305991649627686,-1.2321451902389526,0.8260444402694702,0.1739555299282074,0.0,0.0,0.0,0.0,0.0,0.0,0.0,0.0
19,DZA,Algeria,2023,-1.0033199787139893,-0.3332696259021759,1.1739554405212402,1,-1.204992651939392,-1.152233362197876,-1.2305991649627686,-1.2321451902389526,0.8260444402694702,0.1739555299282074,0.0,0.0,0.0,0.0,0.0,0.0,0.0,0.0
20,ECU,Ecuador,2018,-1.1428673267364502,0.7649791240692139,5.5,1,-1.2054944038391113,-1.1715943813323975,-1.2544611692428589,-1.1904276609420776,0.10000000149011612,0.10000000149011612,0.10000000149011612,0.10000000149011612,0.10000000149011612,0.10000000149011612,0.10000000149011612,0.10000000149011612,0.10000000149011612,0.10000000149011612
20,ECU,Ecuador,2019,-1.7627936601638794,1.0322699546813965,5.5,1,-1.2054944038391113,-1.1715943813323975,-1.2544611692428589,-1.1904276609420776,0.10000000149011612,0.10000000149011612,0.10000000149011612,0.10000000149011612,0.10000000149011612,0.10000000149011612,0.10000000149011612,0.10000000149011612,0.10000000149011612,0.10000000149011612
20,ECU,Ecuador,2020,-1.9658561944961548,1.16554856300354,5.5,1,-1.2054944038391113,-1.1715943813323975,-1.2544611692428589,-1.1904276609420776,0.10000000149011612,0.10000000149011612,0.10000000149011612,0.10000000149011612,0.10000000149011612,0.10000000149011612,0.10000000149011612,0.10000000149011612,0.10000000149011612,0.10000000149011612
20,ECU,Ecuador,2021,-2.1342613697052,1.1863620281219482,5.5,1,-1.2054944038391113,-1.1715943813323975,-1.2544611692428589,-1.1904276609420776,0.10000000149011612,0.10000000149011612,0.10000000149011612,0.10000000149011612,0.10000000149011612,0.10000000149011612,0.10000000149011612,0.10000000149011612,0.10000000149011612,0.10000000149011612
20,ECU,Ecuador,2022,-1.612612009048462,1.2363089323043823,5.5,1,-1.2054944038391113,-1.1715943813323975,-1.2544611692428589,-1.1904276609420776,0.10000000149011612,0.10000000149011612,0.10000000149011612,0.10000000149011612,0.10000000149011612,0.10000000149011612,0.10000000149011612,0.10000000149011612,0.10000000149011612,0.10000000149011612
20,ECU,Ecuador,2023,-1.6925028562545776,1.2775887250900269,5.5,1,-1.2054944038391113,-1.1715943813323975,-1.2544611692428589,-1.1904276609420776,0.10000000149011612,0.10000000149011612,0.10000000149011612,0.10000000149011612,0.10000000149011612,0.10000000149011612,0.10000000149011612,0.10000000149011612,0.10000000149011612,0.10000000149011612
21,EGY,Egypt,2018,1.8549280166625977,0.5409442186355591,5.52447509765625,8,-0.7224758267402649,-0.816137969493866,-0.7838069200515747,-0.5674826502799988,0.07944073528051376,0.08943088352680206,0.09925111383199692,0.10254917293787003,0.09758106619119644,0.1192409098148346,0.13356007635593414,0.13382183015346527,0.10186543315649033,0.04325876384973526
21,EGY,Egypt,2019,1.397194504737854,0.8539026975631714,5.52447509765625,8,-0.7224758267402649,-0.816137969493866,-0.7838069200515747,-0.5674826502799988,0.07944073528051376,0.08943088352680206,0.09925111383199692,0.10254917293787003,0.09758106619119644,0.1192409098148346,0.13356007635593414,0.13382183015346527,0.10186543315649033,0.04325876384973526
21,EGY,Egypt,2020,0.7784237861633301,1.006832480430603,5.52447509765625,8,-0.7224758267402649,-0.816137969493866,-0.7838069200515747,-0.5674826502799988,0.07944073528051376,0.08943088352680206,0.09925111383199692,0.10254917293787003,0.09758106619119644,0.1192409098148346,0.13356007635593414,0.13382183015346527,0.10186543315649033,0.04325876384973526
21,EGY,Egypt,2021,0.7313584089279175,1.1109001636505127,5.52447509765625,8,-0.7224758267402649,-0.816137969493866,-0.7838069200515747,-0.5674826502799988,0.07944073528051376,0.08943088352680206,0.09925111383199692,0.10254917293787003,0.09758106619119644,0.1192409098148346,0.13356007635593414,0.13382183015346527,0.10186543315649033,0.04325876384973526
21,EGY,Egypt,2022,0.8227205872535706,1.1722996234893799,5.52447509765625,8,-0.7224758267402649,-0.816137969493866,-0.7838069200515747,-0.5674826502799988,0.07944073528051376,0.08943088352680206,0.09925111383199692,0.10254917293787003,0.09758106619119644,0.1192409098148346,0.13356007635593414,0.13382183015346527,0.10186543315649033,0.04325876384973526
21,EGY,Egypt,2023,0.880398690700531,1.2080259323120117,5.52447509765625,8,-0.7224758267402649,-0.816137969493866,-0.7838069200515747,-0.5674826502799988,0.07944073528051376,0.08943088352680206,0.09925111383199692,0.10254917293787003,0.09758106619119644,0.1192409098148346,0.13356007635593414,0.13382183015346527,0.10186543315649033,0.04325876384973526
22,ESP,Spain,2018,-2.3918983936309814,-0.23101943731307983,5.5,1,0.789492130279541,0.8293587565422058,0.796362042427063,0.7427557706832886,0.10000000149011612,0.10000000149011612,0.10000000149011612,0.10000000149011612,0.10000000149011612,0.10000000149011612,0.10000000149011612,0.10000000149011612,0.10000000149011612,0.10000000149011612
22,ESP,Spain,2019,-3.220625877380371,-0.5301660299301147,5.5,1,0.789492130279541,0.8293587565422058,0.796362042427063,0.7427557706832886,0.10000000149011612,0.10000000149011612,0.10000000149011612,0.10000000149011612,0.10000000149011612,0.10000000149011612,0.10000000149011612,0.10000000149011612,0.10000000149011612,0.10000000149011612
22,ESP,Spain,2020,-4.112740993499756,-0.7764295339584351,5.5,1,0.789492130279541,0.8293587565422058,0.796362042427063,0.7427557706832886,0.10000000149011612,0.10000000149011612,0.10000000149011612,0.10000000149011612,0.10000000149011612,0.10000000149011612,0.10000000149011612,0.10000000149011612,0.10000000149011612,0.10000000149011612
22,ESP,Spain,2021,-4.21701192855835,-0.978636622428894,5.5,1,0.789492130279541,0.8293587565422058,0.796362042427063,0.7427557706832886,0.10000000149011612,0.10000000149011612,0.10000000149011612,0.10000000149011612,0.10000000149011612,0.10000000149011612,0.10000000149011612,0.10000000149011612,0.10000000149011612,0.10000000149011612
22,ESP,Spain,2022,-3.774611234664917,-1.1262348890304565,5.5,1,0.789492130279541,0.8293587565422058,0.796362042427063,0.7427557706832886,0.10000000149011612,0.10000000149011612,0.10000000149011612,0.10000000149011612,0.10000000149011612,0.10000000149011612,0.10000000149011612,0.10000000149011612,0.10000000149011612,0.10000000149011612
22,ESP,Spain,2023,-4.671977519989014,-1.2320342063903809,5.5,1,0.789492130279541,0.8293587565422058,0.796362042427063,0.7427557706832886,0.10000000149011612,0.10000000149011612,0.10000000149011612,0.10000000149011612,0.10000000149011612,0.10000000149011612,0.10000000149011612,0.10000000149011612,0.10000000149011612,0.10000000149011612
23,EST,Estonia,2018,-4.833373069763184,0.037552833557128906,5.5,1,0.5303884744644165,0.3051801919937134,0.8016892075538635,0.48429596424102783,0.10000000149011612,0.10000000149011612,0.10000000149011612,0.10000000149011612,0.10000000149011612,0.10000000149011612,0.10000000149011612,0.10000000149011612,0.10000000149011612,0.10000000149011612
23,EST,Estonia,2019,-9.96490478515625,-0.058614954352378845,5.5,1,0.5303884744644165,0.3051801919937134,0.8016892075538635,0.48429596424102783,0.10000000149011612,0.10000000149011612,0.10000000149011612,0.10000000149011612,0.10000000149011612,0.10000000149011612,0.10000000149011612,0.10000000149011612,0.10000000149011612,0.10000000149011612
23,EST,Estonia,2020,-18.38939094543457,-0.18064957857131958,5.5,1,0.5303884744644165,0.3051801919937134,0.8016892075538635,0.48429596424102783,0.10000000149011612,0.10000000149011612,0.10000000149011612,0.10000000149011612,0.10000000149011612,0.10000000149011612,0.10000000149011612,0.10000000149011612,0.10000000149011612,0.10000000149011612
23,EST,Estonia,2021,-14.705828666687012,-0.2895386815071106,5.5,1,0.5303884744644165,0.3051801919937134,0.8016892075538635,0.48429596424102783,0.10000000149011612,0.10000000149011612,0.10000000149011612,0.10000000149011612,0.10000000149011612,0.10000000149011612,0.10000000149011612,0.10000000149011612,0.10000000149011612,0.10000000149011612
23,EST,Estonia,2022,-11.738649368286133,-0.36819836497306824,5.5,1,0.5303884744644165,0.3051801919937134,0.8016892075538635,0.48429596424102783,0.10000000149011612,0.10000000149011612,0.10000000149011612,0.10000000149011612,0.10000000149011612,0.10000000149011612,0.10000000149011612,0.10000000149011612,0.10000000149011612,0.10000000149011612
23,EST,Estonia,2023,-19.71649742126465,-0.42619192600250244,5.5,1,0.5303884744644165,0.3051801919937134,0.8016892075538635,0.48429596424102783,0.10000000149011612,0.10000000149011612,0.10000000149011612,0.10000000149011612,0.10000000149011612,0.10000000149011612,0.10000000149011612,0.10000000149011612,0.10000000149011612,0.10000000149011612
24,FIN,Finland,2018,-2.4947378635406494,0.7436952590942383,5.5,1,1.5118976831436157,1.5876092910766602,1.3751853704452515,1.572898507118225,0.10000000149011612,0.10000000149011612,0.10000000149011612,0.10000000149011612,0.10000000149011612,0.10000000149011612,0.10000000149011612,0.10000000149011612,0.10000000149011612,0.10000000149011612
24,FIN,Finland,2019,-3.0343379974365234,0.37432825565338135,5.5,1,1.5118976831436157,1.5876092910766602,1.3751853704452515,1.572898507118225,0.10000000149011612,0.10000000149011612,0.10000000149011612,0.10000000149011612,0.10000000149011612,0.10000000149011612,0.10000000149011612,0.10000000149011612,0.10000000149011612,0.10000000149011612
24,FIN,Finland,2020,-4.05517578125,0.1788659393787384,5.5,1,1.5118976831436157,1.5876092910766602,1.3751853704452515,1.572898507118225,0.10000000149011612,0.10000000149011612,0.10000000149011612,0.10000000149011612,0.10000000149011612,0.10000000149011612,0.10000000149011612,0.10000000149011612,0.10000000149011612,0.10000000149011612
24,FIN,Finland,2021,-3.9226253032684326,0.0860627293586731,5.5,1,1.5118976831436157,1.5876092910766602,1.3751853704452515,1.572898507118225,0.10000000149011612,0.10000000149011612,0.10000000149011612,0.10000000149011612,0.10000000149011612,0.10000000149011612,0.10000000149011612,0.10000000149011612,0.10000000149011612,0.10000000149011612
24,FIN,Finland,2022,-4.062594890594482,0.04414888098835945,5.5,1,1.5118976831436157,1.5876092910766602,1.3751853704452515,1.572898507118225,0.10000000149011612,0.10000000149011612,0.10000000149011612,0.10000000149011612,0.10000000149011612,0.10000000149011612,0.10000000149011612,0.10000000149011612,0.10000000149011612,0.10000000149011612
24,FIN,Finland,2023,-5.2590131759643555,0.0145597904920578,5.5,1,1.5118976831436157,1.5876092910766602,1.3751853704452515,1.572898507118225,0.10000000149011612,0.10000000149011612,0.10000000149011612,0.10000000149011612,0.10000000149011612,0.10000000149011612,0.10000000149011612,0.10000000149011612,0.10000000149011612,0.10000000149011612
25,FRA,France,2018,-2.937512159347534,-0.6944255828857422,5.6297807693481445,5,0.8883405327796936,1.0859564542770386,0.6707704067230225,0.9082947969436646,0.05445588752627373,0.07241766154766083,0.09817022830247879,0.12068834155797958,0.13752524554729462,0.13697965443134308,0.11784932017326355,0.106027752161026,0.08830492198467255,0.06758096814155579
25,FRA,France,2019,-2.957599639892578,-0.823383092880249,5.6297807693481445,5,0.8883405327796936,1.0859564542770386,0.6707704067230225,0.9082947969436646,0.05445588752627373,0.07241766154766083,0.09817022830247879,0.12068834155797958,0.13752524554729462,0.13697965443134308,0.11784932017326355,0.106027752161026,0.08830492198467255,0.06758096814155579
25,FRA,France,2020,-3.0673086643218994,-0.927531361579895,5.6297807693481445,5,0.8883405327796936,1.0859564542770386,0.6707704067230225,0.9082947969436646,0.05445588752627373,0.07241766154766083,0.09817022830247879,0.12068834155797958,0.13752524554729462,0.13697965443134308,0.11784932017326355,0.106027752161026,0.08830492198467255,0.06758096814155579
25,FRA,France,2021,-2.956054449081421,-1.0185649394989014,5.6297807693481445,5,0.8883405327796936,1.0859564542770386,0.6707704067230225,0.9082947969436646,0.05445588752627373,0.07241766154766083,0.09817022830247879,0.12068834155797958,0.13752524554729462,0.13697965443134308,0.11784932017326355,0.106027752161026,0.08830492198467255,0.06758096814155579
25,FRA,France,2022,-0.05572359263896942,-1.0979083776474,5.6297807693481445,5,0.8883405327796936,1.0859564542770386,0.6707704067230225,0.9082947969436646,0.05445588752627373,0.07241766154766083,0.09817022830247879,0.12068834155797958,0.13752524554729462,0.13697965443134308,0.11784932017326355,0.106027752161026,0.08830492198467255,0.06758096814155579
25,FRA,France,2023,-3.9094398021698,-1.1670962572097778,5.6297807693481445,5,0.8883405327796936,1.0859564542770386,0.6707704067230225,0.9082947969436646,0.05445588752627373,0.07241766154766083,0.09817022830247879,0.12068834155797958,0.13752524554729462,0.13697965443134308,0.11784932017326355,0.106027752161026,0.08830492198467255,0.06758096814155579
26,GBR,United Kingdom,2018,-11.656635284423828,-0.15097859501838684,5.592719078063965,6,1.2583589553833008,1.1897099018096924,1.3614327907562256,1.2239340543746948,0.055509526282548904,0.0778103843331337,0.09918239712715149,0.11863096803426743,0.13336119055747986,0.13530778884887695,0.12408957630395889,0.1064644530415535,0.08591490238904953,0.06372880935668945
26,GBR,United Kingdom,2019,-12.48721694946289,-0.4120522141456604,5.592719078063965,6,1.2583589553833008,1.1897099018096924,1.3614327907562256,1.2239340543746948,0.055509526282548904,0.0778103843331337,0.09918239712715149,0.11863096803426743,0.13336119055747986,0.13530778884887695,0.12408957630395889,0.1064644530415535,0.08591490238904953,0.06372880935668945
26,GBR,United Kingdom,2020,-13.733572006225586,-0.6205229759216309,5.592719078063965,6,1.2583589553833008,1.1897099018096924,1.3614327907562256,1.2239340543746948,0.055509526282548904,0.0778103843331337,0.09918239712715149,0.11863096803426743,0.13336119055747986,0.13530778884887695,0.12408957630395889,0.1064644530415535,0.08591490238904953,0.06372880935668945
26,GBR,United Kingdom,2021,-12.55033016204834,-0.7993654012680054,5.592719078063965,6,1.2583589553833008,1.1897099018096924,1.3614327907562256,1.2239340543746948,0.055509526282548904,0.0778103843331337,0.09918239712715149,0.11863096803426743,0.13336119055747986,0.13530778884887695,0.12408957630395889,0.1064644530415535,0.08591490238904953,0.06372880935668945
26,GBR,United Kingdom,2022,-13.13424301147461,-0.9554437398910522,5.592719078063965,6,1.2583589553833008,1.1897099018096924,1.3614327907562256,1.2239340543746948,0.055509526282548904,0.0778103843331337,0.09918239712715149,0.11863096803426743,0.13336119055747986,0.13530778884887695,0.12408957630395889,0.1064644530415535,0.08591490238904953,0.06372880935668945
26,GBR,United Kingdom,2023,-14.066479682922363,-1.0823997259140015,5.592719078063965,6,1.2583589553833008,1.1897099018096924,1.3614327907562256,1.2239340543746948,0.055509526282548904,0.0778103843331337,0.09918239712715149,0.11863096803426743,0.13336119055747986,0.13530778884887695,0.12408957630395889,0.1064644530415535,0.08591490238904953,0.06372880935668945
27,GRC,Greece,2018,-5.507160186767578,-0.44987940788269043,5.5,1,0.21050052344799042,0.004785913974046707,0.24354657530784607,0.3831690847873688,0.10000000149011612,0.10000000149011612,0.10000000149011612,0.10000000149011612,0.10000000149011612,0.10000000149011612,0.10000000149011612,0.10000000149011612,0.10000000149011612,0.10000000149011612
27,GRC,Greece,2019,-6.582149982452393,-0.5567530393600464,5.5,1,0.21050052344799042,0.004785913974046707,0.24354657530784607,0.3831690847873688,0.10000000149011612,0.10000000149011612,0.10000000149011612,0.10000000149011612,0.10000000149011612,0.10000000149011612,0.10000000149011612,0.10000000149011612,0.10000000149011612,0.10000000149011612
27,GRC,Greece,2020,-8.231910705566406,-0.6623570919036865,5.5,1,0.21050052344799042,0.004785913974046707,0.24354657530784607,0.3831690847873688,0.10000000149011612,0.10000000149011612,0.10000000149011612,0.10000000149011612,0.10000000149011612,0.10000000149011612,0.10000000149011612,0.10000000149011612,0.10000000149011612,0.10000000149011612
27,GRC,Greece,2021,-9.12386703491211,-0.7614479064941406,5.5,1,0.21050052344799042,0.004785913974046707,0.24354657530784607,0.3831690847873688,0.10000000149011612,0.10000000149011612,0.10000000149011612,0.10000000149011612,0.10000000149011612,0.10000000149011612,0.10000000149011612,0.10000000149011612,0.10000000149011612,0.10000000149011612
27,GRC,Greece,2022,-9.264490127563477,-0.8167074918746948,5.5,1,0.21050052344799042,0.004785913974046707,0.24354657530784607,0.3831690847873688,0.10000000149011612,0.10000000149011612,0.10000000149011612,0.10000000149011612,0.10000000149011612,0.10000000149011612,0.10000000149011612,0.10000000149011612,0.10000000149011612,0.10000000149011612
27,GRC,Greece,2023,-10.155776977539062,-0.8647180795669556,5.5,1,0.21050052344799042,0.004785913974046707,0.24354657530784607,0.3831690847873688,0.10000000149011612,0.10000000149011612,0.10000000149011612,0.10000000149011612,0.10000000149011612,0.10000000149011612,0.10000000149011612,0.10000000149011612,0.10000000149011612,0.10000000149011612
28,HKG,Hong Kong,2018,-1.1459519863128662,1.1324543952941895,5.5,1,1.1223636865615845,1.0890463590621948,1.3811711072921753,0.8968734741210938,0.10000000149011612,0.10000000149011612,0.10000000149011612,0.10000000149011612,0.10000000149011612,0.10000000149011612,0.10000000149011612,0.10000000149011612,0.10000000149011612,0.10000000149011612
28,HKG,Hong Kong,2019,-1.7272493839263916,0.9392119646072388,5.5,1,1.1223636865615845,1.0890463590621948,1.3811711072921753,0.8968734741210938,0.10000000149011612,0.10000000149011612,0.10000000149011612,0.10000000149011612,0.10000000149011612,0.10000000149011612,0.10000000149011612,0.10000000149011612,0.10000000149011612,0.10000000149011612
28,HKG,Hong Kong,2020,-5.682636260986328,0.8421720266342163,5.5,1,1.1223636865615845,1.0890463590621948,1.3811711072921753,0.8968734741210938,0.10000000149011612,0.10000000149011612,0.10000000149011612,0.10000000149011612,0.10000000149011612,0.10000000149011612,0.10000000149011612,0.10000000149011612,0.10000000149011612,0.10000000149011612
28,HKG,Hong Kong,2021,-5.362922668457031,0.8384624719619751,5.5,1,1.1223636865615845,1.0890463590621948,1.3811711072921753,0.8968734741210938,0.10000000149011612,0.10000000149011612,0.10000000149011612,0.10000000149011612,0.10000000149011612,0.10000000149011612,0.10000000149011612,0.10000000149011612,0.10000000149011612,0.10000000149011612
28,HKG,Hong Kong,2022,-5.762137413024902,0.8407220840454102,5.5,1,1.1223636865615845,1.0890463590621948,1.3811711072921753,0.8968734741210938,0.10000000149011612,0.10000000149011612,0.10000000149011612,0.10000000149011612,0.10000000149011612,0.10000000149011612,0.10000000149011612,0.10000000149011612,0.10000000149011612,0.10000000149011612
28,HKG,Hong Kong,2023,-5.774105072021484,0.8730775117874146,5.5,1,1.1223636865615845,1.0890463590621948,1.3811711072921753,0.8968734741210938,0.10000000149011612,0.10000000149011612,0.10000000149011612,0.10000000149011612,0.10000000149011612,0.10000000149011612,0.10000000149011612,0.10000000149011612,0.10000000149011612,0.10000000149011612
29,HRV,Croatia,2018,-2.1691575050354004,0.5201560258865356,5.5,1,-0.3481642007827759,-0.2588765323162079,-0.3555670380592346,-0.4300490617752075,0.10000000149011612,0.10000000149011612,0.10000000149011612,0.10000000149011612,0.10000000149011612,0.10000000149011612,0.10000000149011612,0.10000000149011612,0.10000000149011612,0.10000000149011612
29,HRV,Croatia,2019,-1.4451857805252075,0.6822233200073242,5.5,1,-0.3481642007827759,-0.2588765323162079,-0.3555670380592346,-0.4300490617752075,0.10000000149011612,0.10000000149011612,0.10000000149011612,0.10000000149011612,0.10000000149011612,0.10000000149011612,0.10000000149011612,0.10000000149011612,0.10000000149011612,0.10000000149011612
29,HRV,Croatia,2020,-1.7230193614959717,0.7306492328643799,5.5,1,-0.3481642007827759,-0.2588765323162079,-0.3555670380592346,-0.4300490617752075,0.10000000149011612,0.10000000149011612,0.10000000149011612,0.10000000149011612,0.10000000149011612,0.10000000149011612,0.10000000149011612,0.10000000149011612,0.10000000149011612,0.10000000149011612
29,HRV,Croatia,2021,-2.0073060989379883,0.7210046052932739,5.5,1,-0.3481642007827759,-0.2588765323162079,-0.3555670380592346,-0.4300490617752075,0.10000000149011612,0.10000000149011612,0.10000000149011612,0.10000000149011612,0.10000000149011612,0.10000000149011612,0.10000000149011612,0.10000000149011612,0.10000000149011612,0.10000000149011612
29,HRV,Croatia,2022,-1.4104783535003662,0.7157959938049316,5.5,1,-0.3481642007827759,-0.2588765323162079,-0.3555670380592346,-0.4300490617752075,0.10000000149011612,0.10000000149011612,0.10000000149011612,0.10000000149011612,0.10000000149011612,0.10000000149011612,0.10000000149011612,0.10000000149011612,0.10000000149011612,0.10000000149011612
29,HRV,Croatia,2023,-2.236304998397827,0.7264808416366577,5.5,1,-0.3481642007827759,-0.2588765323162079,-0.3555670380592346,-0.4300490617752075,0.10000000149011612,0.10000000149011612,0.10000000149011612,0.10000000149011612,0.10000000149011612,0.10000000149011612,0.10000000149011612,0.10000000149011612,0.10000000149011612,0.10000000149011612
30,HUN,Hungary,2018,-2.826733112335205,-1.6964887380599976,4.153870582580566,5,0.43036317825317383,0.30845627188682556,0.5491956472396851,0.4334375858306885,0.06376320123672485,0.12192624807357788,0.16833454370498657,0.19952106475830078,0.2117648422718048,0.15848787128925323,0.07620222121477127,0.0,0.0,0.0
30,HUN,Hungary,2019,-3.2313930988311768,-1.5941505432128906,4.153870582580566,5,0.43036317825317383,0.30845627188682556,0.5491956472396851,0.4334375858306885,0.06376320123672485,0.12192624807357788,0.16833454370498657,0.19952106475830078,0.2117648422718048,0.15848787128925323,0.07620222121477127,0.0,0.0,0.0
30,HUN,Hungary,2020,-3.419083595275879,-1.5720813274383545,4.153870582580566,5,0.43036317825317383,0.30845627188682556,0.5491956472396851,0.4334375858306885,0.06376320123672485,0.12192624807357788,0.16833454370498657,0.19952106475830078,0.2117648422718048,0.15848787128925323,0.07620222121477127,0.0,0.0,0.0
30,HUN,Hungary,2021,-3.8331387042999268,-1.579890489578247,4.153870582580566,5,0.43036317825317383,0.30845627188682556,0.5491956472396851,0.4334375858306885,0.06376320123672485,0.12192624807357788,0.16833454370498657,0.19952106475830078,0.2117648422718048,0.15848787128925323,0.07620222121477127,0.0,0.0,0.0
30,HUN,Hungary,2022,-4.042897701263428,-1.5966565608978271,4.153870582580566,5,0.43036317825317383,0.30845627188682556,0.5491956472396851,0.4334375858306885,0.06376320123672485,0.12192624807357788,0.16833454370498657,0.19952106475830078,0.2117648422718048,0.15848787128925323,0.07620222121477127,0.0,0.0,0.0
30,HUN,Hungary,2023,-4.756733417510986,-1.6161227226257324,4.153870582580566,5,0.43036317825317383,0.30845627188682556,0.5491956472396851,0.4334375858306885,0.06376320123672485,0.12192624807357788,0.16833454370498657,0.19952106475830078,0.2117648422718048,0.15848787128925323,0.07620222121477127,0.0,0.0,0.0
31,IDN,Indonesia,2018,2.64410662651062,0.5445957183837891,5.5,1,-0.9561768174171448,-0.9402090311050415,-0.8002218008041382,-1.1280996799468994,0.10000000149011612,0.10000000149011612,0.10000000149011612,0.10000000149011612,0.10000000149011612,0.10000000149011612,0.10000000149011612,0.10000000149011612,0.10000000149011612,0.10000000149011612
31,IDN,Indonesia,2019,3.317753314971924,0.8399358987808228,5.5,1,-0.9561768174171448,-0.9402090311050415,-0.8002218008041382,-1.1280996799468994,0.10000000149011612,0.10000000149011612,0.10000000149011612,0.10000000149011612,0.10000000149011612,0.10000000149011612,0.10000000149011612,0.10000000149011612,0.10000000149011612,0.10000000149011612
31,IDN,Indonesia,2020,2.719416856765747,1.0395464897155762,5.5,1,-0.9561768174171448,-0.9402090311050415,-0.8002218008041382,-1.1280996799468994,0.10000000149011612,0.10000000149011612,0.10000000149011612,0.10000000149011612,0.10000000149011612,0.10000000149011612,0.10000000149011612,0.10000000149011612,0.10000000149011612,0.10000000149011612
31,IDN,Indonesia,2021,2.6682887077331543,1.1505553722381592,5.5,1,-0.9561768174171448,-0.9402090311050415,-0.8002218008041382,-1.1280996799468994,0.10000000149011612,0.10000000149011612,0.10000000149011612,0.10000000149011612,0.10000000149011612,0.10000000149011612,0.10000000149011612,0.10000000149011612,0.10000000149011612,0.10000000149011612
31,IDN,Indonesia,2022,2.0740978717803955,1.2051746845245361,5.5,1,-0.9561768174171448,-0.9402090311050415,-0.8002218008041382,-1.1280996799468994,0.10000000149011612,0.10000000149011612,0.10000000149011612,0.10000000149011612,0.10000000149011612,0.10000000149011612,0.10000000149011612,0.10000000149011612,0.10000000149011612,0.10000000149011612
31,IDN,Indonesia,2023,2.4188666343688965,1.2364163398742676,5.5,1,-0.9561768174171448,-0.9402090311050415,-0.8002218008041382,-1.1280996799468994,0.10000000149011612,0.10000000149011612,0.10000000149011612,0.10000000149011612,0.10000000149011612,0.10000000149011612,0.10000000149011612,0.10000000149011612,0.10000000149011612,0.10000000149011612
32,IND,India,2018,0.023883648216724396,-1.6159274578094482,3.649506092071533,1,-0.5800058245658875,-0.6757107377052307,-0.8220545053482056,-0.24225223064422607,0.2123035490512848,0.1968144178390503,0.15968504548072815,0.1416788548231125,0.10259174555540085,0.04374467208981514,0.02805076353251934,0.035211436450481415,0.05486563220620155,0.02505389414727688
32,IND,India,2019,-1.7109887599945068,-1.1516523361206055,3.649506092071533,1,-0.5800058245658875,-0.6757107377052307,-0.8220545053482056,-0.24225223064422607,0.2123035490512848,0.1968144178390503,0.15968504548072815,0.1416788548231125,0.10259174555540085,0.04374467208981514,0.02805076353251934,0.035211436450481415,0.05486563220620155,0.02505389414727688
32,IND,India,2020,-2.832286834716797,-0.8810577392578125,3.649506092071533,1,-0.5800058245658875,-0.6757107377052307,-0.8220545053482056,-0.24225223064422607,0.2123035490512848,0.1968144178390503,0.15968504548072815,0.1416788548231125,0.10259174555540085,0.04374467208981514,0.02805076353251934,0.035211436450481415,0.05486563220620155,0.02505389414727688
32,IND,India,2021,-2.1478464603424072,-0.734034538269043,3.649506092071533,1,-0.5800058245658875,-0.6757107377052307,-0.8220545053482056,-0.24225223064422607,0.2123035490512848,0.1968144178390503,0.15968504548072815,0.1416788548231125,0.10259174555540085,0.04374467208981514,0.02805076353251934,0.035211436450481415,0.05486563220620155,0.02505389414727688
32,IND,India,2022,-2.8932855129241943,-0.6475011110305786,3.649506092071533,1,-0.5800058245658875,-0.6757107377052307,-0.8220545053482056,-0.24225223064422607,0.2123035490512848,0.1968144178390503,0.15968504548072815,0.1416788548231125,0.10259174555540085,0.04374467208981514,0.02805076353251934,0.035211436450481415,0.05486563220620155,0.02505389414727688
32,IND,India,2023,-2.182831048965454,-0.6162571907043457,3.649506092071533,1,-0.5800058245658875,-0.6757107377052307,-0.8220545053482056,-0.24225223064422607,0.2123035490512848,0.1968144178390503,0.15968504548072815,0.1416788548231125,0.10259174555540085,0.04374467208981514,0.02805076353251934,0.035211436450481415,0.05486563220620155,0.02505389414727688
33,IRL,Ireland,2018,-3.2219769954681396,-0.5079402923583984,5.5,1,1.125100016593933,0.9071259498596191,1.2676217555999756,1.2005521059036255,0.10000000149011612,0.10000000149011612,0.10000000149011612,0.10000000149011612,0.10000000149011612,0.10000000149011612,0.10000000149011612,0.10000000149011612,0.10000000149011612,0.10000000149011612
33,IRL,Ireland,2019,-3.9652493000030518,-0.8226739168167114,5.5,1,1.125100016593933,0.9071259498596191,1.2676217555999756,1.2005521059036255,0.10000000149011612,0.10000000149011612,0.10000000149011612,0.10000000149011612,0.10000000149011612,0.10000000149011612,0.10000000149011612,0.10000000149011612,0.10000000149011612,0.10000000149011612
33,IRL,Ireland,2020,-4.2647223472595215,-1.076189637184143,5.5,1,1.125100016593933,0.9071259498596191,1.2676217555999756,1.2005521059036255,0.10000000149011612,0.10000000149011612,0.10000000149011612,0.10000000149011612,0.10000000149011612,0.10000000149011612,0.10000000149011612,0.10000000149011612,0.10000000149011612,0.10000000149011612
33,IRL,Ireland,2021,-3.373614549636841,-1.2592787742614746,5.5,1,1.125100016593933,0.9071259498596191,1.2676217555999756,1.2005521059036255,0.10000000149011612,0.10000000149011612,0.10000000149011612,0.10000000149011612,0.10000000149011612,0.10000000149011612,0.10000000149011612,0.10000000149011612,0.10000000149011612,0.10000000149011612
33,IRL,Ireland,2022,-3.6817150115966797,-1.40401291847229,5.5,1,1.125100016593933,0.9071259498596191,1.2676217555999756,1.2005521059036255,0.10000000149011612,0.10000000149011612,0.10000000149011612,0.10000000149011612,0.10000000149011612,0.10000000149011612,0.10000000149011612,0.10000000149011612,0.10000000149011612,0.10000000149011612
33,IRL,Ireland,2023,-4.387845516204834,-1.509272575378418,5.5,1,1.125100016593933,0.9071259498596191,1.2676217555999756,1.2005521059036255,0.10000000149011612,0.10000000149011612,0.10000000149011612,0.10000000149011612,0.10000000149011612,0.10000000149011612,0.10000000149011612,0.10000000149011612,0.10000000149011612,0.10000000149011612
34,IRN,Iran,2018,0.18575511872768402,-0.5501062870025635,5.5,1,-1.425826907157898,-1.0039883852005005,-1.918333888053894,-1.3551583290100098,0.10000000149011612,0.10000000149011612,0.10000000149011612,0.10000000149011612,0.10000000149011612,0.10000000149011612,0.10000000149011612,0.10000000149011612,0.10000000149011612,0.10000000149011612
34,IRN,Iran,2019,-3.3282368183135986,-0.21306537091732025,5.5,1,-1.425826907157898,-1.0039883852005005,-1.918333888053894,-1.3551583290100098,0.10000000149011612,0.10000000149011612,0.10000000149011612,0.10000000149011612,0.10000000149011612,0.10000000149011612,0.10000000149011612,0.10000000149011612,0.10000000149011612,0.10000000149011612
34,IRN,Iran,2020,-1.5740487575531006,-0.1646689623594284,5.5,1,-1.425826907157898,-1.0039883852005005,-1.918333888053894,-1.3551583290100098,0.10000000149011612,0.10000000149011612,0.10000000149011612,0.10000000149011612,0.10000000149011612,0.10000000149011612,0.10000000149011612,0.10000000149011612,0.10000000149011612,0.10000000149011612
34,IRN,Iran,2021,0.32263654470443726,-0.17351509630680084,5.5,1,-1.425826907157898,-1.0039883852005005,-1.918333888053894,-1.3551583290100098,0.10000000149011612,0.10000000149011612,0.10000000149011612,0.10000000149011612,0.10000000149011612,0.10000000149011612,0.10000000149011612,0.10000000149011612,0.10000000149011612,0.10000000149011612
34,IRN,Iran,2022,0.009564151056110859,-0.17044907808303833,5.5,1,-1.425826907157898,-1.0039883852005005,-1.918333888053894,-1.3551583290100098,0.10000000149011612,0.10000000149011612,0.10000000149011612,0.10000000149011612,0.10000000149011612,0.10000000149011612,0.10000000149011612,0.10000000149011612,0.10000000149011612,0.10000000149011612
34,IRN,Iran,2023,-0.9724723696708679,-0.15810008347034454,5.5,1,-1.425826907157898,-1.0039883852005005,-1.918333888053894,-1.3551583290100098,0.10000000149011612,0.10000000149011612,0.10000000149011612,0.10000000149011612,0.10000000149011612,0.10000000149011612,0.10000000149011612,0.10000000149011612,0.10000000149011612,0.10000000149011612
35,IRQ,Iraq,2018,1.4125878810882568,-0.7759585380554199,5.306426048278809,5,-2.0568058490753174,-2.0972113609313965,-2.079011917114258,-1.9941946268081665,0.07434916496276855,0.09312093257904053,0.11055979877710342,0.1259361207485199,0.13161365687847137,0.12444151192903519,0.10939352959394455,0.09434409439563751,0.07722558826208115,0.059015631675720215
35,IRQ,Iraq,2019,1.0280742645263672,-0.2641947269439697,5.306426048278809,5,-2.0568058490753174,-2.0972113609313965,-2.079011917114258,-1.9941946268081665,0.07434916496276855,0.09312093257904053,0.11055979877710342,0.1259361207485199,0.13161365687847137,0.12444151192903519,0.10939352959394455,0.09434409439563751,0.07722558826208115,0.059015631675720215
35,IRQ,Iraq,2020,1.1829884052276611,-0.01722617819905281,5.306426048278809,5,-2.0568058490753174,-2.0972113609313965,-2.079011917114258,-1.9941946268081665,0.07434916496276855,0.09312093257904053,0.11055979877710342,0.1259361207485199,0.13161365687847137,0.12444151192903519,0.10939352959394455,0.09434409439563751,0.07722558826208115,0.059015631675720215
35,IRQ,Iraq,2021,1.2868479490280151,0.09426940977573395,5.306426048278809,5,-2.0568058490753174,-2.0972113609313965,-2.079011917114258,-1.9941946268081665,0.07434916496276855,0.09312093257904053,0.11055979877710342,0.1259361207485199,0.13161365687847137,0.12444151192903519,0.10939352959394455,0.09434409439563751,0.07722558826208115,0.059015631675720215
35,IRQ,Iraq,2022,1.606886863708496,0.12852483987808228,5.306426048278809,5,-2.0568058490753174,-2.0972113609313965,-2.079011917114258,-1.9941946268081665,0.07434916496276855,0.09312093257904053,0.11055979877710342,0.1259361207485199,0.13161365687847137,0.12444151192903519,0.10939352959394455,0.09434409439563751,0.07722558826208115,0.059015631675720215
35,IRQ,Iraq,2023,1.6270170211791992,0.1350112110376358,5.306426048278809,5,-2.0568058490753174,-2.0972113609313965,-2.079011917114258,-1.9941946268081665,0.07434916496276855,0.09312093257904053,0.11055979877710342,0.1259361207485199,0.13161365687847137,0.12444151192903519,0.10939352959394455,0.09434409439563751,0.07722558826208115,0.059015631675720215
36,ISL,Iceland,2018,2.5240752696990967,1.7545654773712158,5.797131061553955,6,1.1885734796524048,1.2342337369918823,0.9549963474273682,1.376490592956543,0.058052197098731995,0.07372390478849411,0.09058728814125061,0.1054178923368454,0.12047668546438217,0.12737847864627838,0.12528249621391296,0.1172306016087532,0.10178347676992416,0.080066978931427
36,ISL,Iceland,2019,2.4789857864379883,1.5894063711166382,5.797131061553955,6,1.1885734796524048,1.2342337369918823,0.9549963474273682,1.376490592956543,0.058052197098731995,0.07372390478849411,0.09058728814125061,0.1054178923368454,0.12047668546438217,0.12737847864627838,0.12528249621391296,0.1172306016087532,0.10178347676992416,0.080066978931427
36,ISL,Iceland,2020,1.9529410600662231,1.466112494468689,5.797131061553955,6,1.1885734796524048,1.2342337369918823,0.9549963474273682,1.376490592956543,0.058052197098731995,0.07372390478849411,0.09058728814125061,0.1054178923368454,0.12047668546438217,0.12737847864627838,0.12528249621391296,0.1172306016087532,0.10178347676992416,0.080066978931427
36,ISL,Iceland,2021,1.6373142004013062,1.3848141431808472,5.797131061553955,6,1.1885734796524048,1.2342337369918823,0.9549963474273682,1.376490592956543,0.058052197098731995,0.07372390478849411,0.09058728814125061,0.1054178923368454,0.12047668546438217,0.12737847864627838,0.12528249621391296,0.1172306016087532,0.10178347676992416,0.080066978931427
36,ISL,Iceland,2022,1.38180673122406,1.33064603805542,5.797131061553955,6,1.1885734796524048,1.2342337369918823,0.9549963474273682,1.376490592956543,0.058052197098731995,0.07372390478849411,0.09058728814125061,0.1054178923368454,0.12047668546438217,0.12737847864627838,0.12528249621391296,0.1172306016087532,0.10178347676992416,0.080066978931427
36,ISL,Iceland,2023,2.3587470054626465,1.2921199798583984,5.797131061553955,6,1.1885734796524048,1.2342337369918823,0.9549963474273682,1.376490592956543,0.058052197098731995,0.07372390478849411,0.09058728814125061,0.1054178923368454,0.12047668546438217,0.12737847864627838,0.12528249621391296,0.1172306016087532,0.10178347676992416,0.080066978931427
37,ISR,Israel,2018,-6.285995006561279,-0.4557560980319977,5.5,1,0.6414921283721924,0.9020118117332458,0.48677289485931396,0.5356917977333069,0.10000000149011612,0.10000000149011612,0.10000000149011612,0.10000000149011612,0.10000000149011612,0.10000000149011612,0.10000000149011612,0.10000000149011612,0.10000000149011612,0.10000000149011612
37,ISR,Israel,2019,-6.490711212158203,-0.6240346431732178,5.5,1,0.6414921283721924,0.9020118117332458,0.48677289485931396,0.5356917977333069,0.10000000149011612,0.10000000149011612,0.10000000149011612,0.10000000149011612,0.10000000149011612,0.10000000149011612,0.10000000149011612,0.10000000149011612,0.10000000149011612,0.10000000149011612
37,ISR,Israel,2020,-7.341547966003418,-0.7838840484619141,5.5,1,0.6414921283721924,0.9020118117332458,0.48677289485931396,0.5356917977333069,0.10000000149011612,0.10000000149011612,0.10000000149011612,0.10000000149011612,0.10000000149011612,0.10000000149011612,0.10000000149011612,0.10000000149011612,0.10000000149011612,0.10000000149011612
37,ISR,Israel,2021,-8.057387351989746,-0.9382096529006958,5.5,1,0.6414921283721924,0.9020118117332458,0.48677289485931396,0.5356917977333069,0.10000000149011612,0.10000000149011612,0.10000000149011612,0.10000000149011612,0.10000000149011612,0.10000000149011612,0.10000000149011612,0.10000000149011612,0.10000000149011612,0.10000000149011612
37,ISR,Israel,2022,-8.405094146728516,-1.08243989944458,5.5,1,0.6414921283721924,0.9020118117332458,0.48677289485931396,0.5356917977333069,0.10000000149011612,0.10000000149011612,0.10000000149011612,0.10000000149011612,0.10000000149011612,0.10000000149011612,0.10000000149011612,0.10000000149011612,0.10000000149011612,0.10000000149011612
37,ISR,Israel,2023,-9.675131797790527,-1.2082455158233643,5.5,1,0.6414921283721924,0.9020118117332458,0.48677289485931396,0.5356917977333069,0.10000000149011612,0.10000000149011612,0.10000000149011612,0.10000000149011612,0.10000000149011612,0.10000000149011612,0.10000000149011612,0.10000000149011612,0.10000000149011612,0.10000000149011612
38,ITA,Italy,2018,-5.143430233001709,-0.3285701870918274,5.5,1,0.23468120396137238,0.07437334209680557,0.34910762310028076,0.28056269884109497,0.10000000149011612,0.10000000149011612,0.10000000149011612,0.10000000149011612,0.10000000149011612,0.10000000149011612,0.10000000149011612,0.10000000149011612,0.10000000149011612,0.10000000149011612
38,ITA,Italy,2019,-5.74995231628418,-0.7019805908203125,5.5,1,0.23468120396137238,0.07437334209680557,0.34910762310028076,0.28056269884109497,0.10000000149011612,0.10000000149011612,0.10000000149011612,0.10000000149011612,0.10000000149011612,0.10000000149011612,0.10000000149011612,0.10000000149011612,0.10000000149011612,0.10000000149011612
38,ITA,Italy,2020,-6.417283058166504,-0.9718062877655029,5.5,1,0.23468120396137238,0.07437334209680557,0.34910762310028076,0.28056269884109497,0.10000000149011612,0.10000000149011612,0.10000000149011612,0.10000000149011612,0.10000000149011612,0.10000000149011612,0.10000000149011612,0.10000000149011612,0.10000000149011612,0.10000000149011612
38,ITA,Italy,2021,-6.226283073425293,-1.176684856414795,5.5,1,0.23468120396137238,0.07437334209680557,0.34910762310028076,0.28056269884109497,0.10000000149011612,0.10000000149011612,0.10000000149011612,0.10000000149011612,0.10000000149011612,0.10000000149011612,0.10000000149011612,0.10000000149011612,0.10000000149011612,0.10000000149011612
38,ITA,Italy,2022,-4.716213703155518,-1.3339893817901611,5.5,1,0.23468120396137238,0.07437334209680557,0.34910762310028076,0.28056269884109497,0.10000000149011612,0.10000000149011612,0.10000000149011612,0.10000000149011612,0.10000000149011612,0.10000000149011612,0.10000000149011612,0.10000000149011612,0.10000000149011612,0.10000000149011612
38,ITA,Italy,2023,-6.842550277709961,-1.4576359987258911,5.5,1,0.23468120396137238,0.07437334209680557,0.34910762310028076,0.28056269884109497,0.10000000149011612,0.10000000149011612,0.10000000149011612,0.10000000149011612,0.10000000149011612,0.10000000149011612,0.10000000149011612,0.10000000149011612,0.10000000149011612,0.10000000149011612
39,JPN,Japan,2018,3.7277371883392334,0.4742569625377655,5.5,1,0.7284886837005615,0.8470459580421448,0.45311596989631653,0.8853041529655457,0.10000000149011612,0.10000000149011612,0.10000000149011612,0.10000000149011612,0.10000000149011612,0.10000000149011612,0.10000000149011612,0.10000000149011612,0.10000000149011612,0.10000000149011612
39,JPN,Japan,2019,3.204775810241699,0.6804574728012085,5.5,1,0.7284886837005615,0.8470459580421448,0.45311596989631653,0.8853041529655457,0.10000000149011612,0.10000000149011612,0.10000000149011612,0.10000000149011612,0.10000000149011612,0.10000000149011612,0.10000000149011612,0.10000000149011612,0.10000000149011612,0.10000000149011612
39,JPN,Japan,2020,3.1749613285064697,0.7499499320983887,5.5,1,0.7284886837005615,0.8470459580421448,0.45311596989631653,0.8853041529655457,0.10000000149011612,0.10000000149011612,0.10000000149011612,0.10000000149011612,0.10000000149011612,0.10000000149011612,0.10000000149011612,0.10000000149011612,0.10000000149011612,0.10000000149011612
39,JPN,Japan,2021,2.640718698501587,0.7736600637435913,5.5,1,0.7284886837005615,0.8470459580421448,0.45311596989631653,0.8853041529655457,0.10000000149011612,0.10000000149011612,0.10000000149011612,0.10000000149011612,0.10000000149011612,0.10000000149011612,0.10000000149011612,0.10000000149011612,0.10000000149011612,0.10000000149011612
39,JPN,Japan,2022,2.846599578857422,0.7655589580535889,5.5,1,0.7284886837005615,0.8470459580421448,0.45311596989631653,0.8853041529655457,0.10000000149011612,0.10000000149011612,0.10000000149011612,0.10000000149011612,0.10000000149011612,0.10000000149011612,0.10000000149011612,0.10000000149011612,0.10000000149011612,0.10000000149011612
39,JPN,Japan,2023,1.7527316808700562,0.7446693181991577,5.5,1,0.7284886837005615,0.8470459580421448,0.45311596989631653,0.8853041529655457,0.10000000149011612,0.10000000149011612,0.10000000149011612,0.10000000149011612,0.10000000149011612,0.10000000149011612,0.10000000149011612,0.10000000149011612,0.10000000149011612,0.10000000149011612
40,KAZ,Kazakhstan,2018,1.5828030109405518,0.5615048408508301,8.070053100585938,9,-1.2722676992416382,-1.3743125200271606,-1.0817227363586426,-1.3607680797576904,0.0,0.0,0.0,0.0,0.04861031472682953,0.11323676258325577,0.18268638849258423,0.21510235965251923,0.25568506121635437,0.18467910587787628
40,KAZ,Kazakhstan,2019,1.5101414918899536,0.8385657072067261,8.070053100585938,9,-1.2722676992416382,-1.3743125200271606,-1.0817227363586426,-1.3607680797576904,0.0,0.0,0.0,0.0,0.04861031472682953,0.11323676258325577,0.18268638849258423,0.21510235965251923,0.25568506121635437,0.18467910587787628
40,KAZ,Kazakhstan,2020,1.363572597503662,0.9535492658615112,8.070053100585938,9,-1.2722676992416382,-1.3743125200271606,-1.0817227363586426,-1.3607680797576904,0.0,0.0,0.0,0.0,0.04861031472682953,0.11323676258325577,0.18268638849258423,0.21510235965251923,0.25568506121635437,0.18467910587787628
40,KAZ,Kazakhstan,2021,1.2543725967407227,1.0018587112426758,8.070053100585938,9,-1.2722676992416382,-1.3743125200271606,-1.0817227363586426,-1.3607680797576904,0.0,0.0,0.0,0.0,0.04861031472682953,0.11323676258325577,0.18268638849258423,0.21510235965251923,0.25568506121635437,0.18467910587787628
40,KAZ,Kazakhstan,2022,1.1613658666610718,1.002415657043457,8.070053100585938,9,-1.2722676992416382,-1.3743125200271606,-1.0817227363586426,-1.3607680797576904,0.0,0.0,0.0,0.0,0.04861031472682953,0.11323676258325577,0.18268638849258423,0.21510235965251923,0.25568506121635437,0.18467910587787628
40,KAZ,Kazakhstan,2023,0.9807498455047607,0.981071949005127,8.070053100585938,9,-1.2722676992416382,-1.3743125200271606,-1.0817227363586426,-1.3607680797576904,0.0,0.0,0.0,0.0,0.04861031472682953,0.11323676258325577,0.18268638849258423,0.21510235965251923,0.25568506121635437,0.18467910587787628
41,KOR,South Korea,2018,3.200753688812256,0.10216664522886276,3.102484703063965,2,0.34772443771362305,0.4346860945224762,0.1522836983203888,0.45620352029800415,0.18768222630023956,0.21209430694580078,0.20588484406471252,0.18122971057891846,0.13717710971832275,0.06936749070882797,0.006564318668097258,0.0,0.0,0.0
41,KOR,South Korea,2019,1.7671101093292236,0.37891513109207153,3.102484703063965,2,0.34772443771362305,0.4346860945224762,0.1522836983203888,0.45620352029800415,0.18768222630023956,0.21209430694580078,0.20588484406471252,0.18122971057891846,0.13717710971832275,0.06936749070882797,0.006564318668097258,0.0,0.0,0.0
41,KOR,South Korea,2020,-0.8152863383293152,0.5297492742538452,3.102484703063965,2,0.34772443771362305,0.4346860945224762,0.1522836983203888,0.45620352029800415,0.18768222630023956,0.21209430694580078,0.20588484406471252,0.18122971057891846,0.13717710971832275,0.06936749070882797,0.006564318668097258,0.0,0.0,0.0
41,KOR,South Korea,2021,-0.6951596140861511,0.617857813835144,3.102484703063965,2,0.34772443771362305,0.4346860945224762,0.1522836983203888,0.45620352029800415,0.18768222630023956,0.21209430694580078,0.20588484406471252,0.18122971057891846,0.13717710971832275,0.06936749070882797,0.006564318668097258,0.0,0.0,0.0
41,KOR,South Korea,2022,-2.0999202728271484,0.6630098819732666,3.102484703063965,2,0.34772443771362305,0.4346860945224762,0.1522836983203888,0.45620352029800415,0.18768222630023956,0.21209430694580078,0.20588484406471252,0.18122971057891846,0.13717710971832275,0.06936749070882797,0.006564318668097258,0.0,0.0,0.0
41,KOR,South Korea,2023,-2.8068954944610596,0.6856757402420044,3.102484703063965,2,0.34772443771362305,0.4346860945224762,0.1522836983203888,0.45620352029800415,0.18768222630023956,0.21209430694580078,0.20588484406471252,0.18122971057891846,0.13717710971832275,0.06936749070882797,0.006564318668097258,0.0,0.0,0.0
42,KWT,Kuwait,2018,-6.3546881675720215,-0.15200933814048767,5.5,1,-0.23261572420597076,-0.458217591047287,-0.3800378143787384,0.1404082179069519,0.10000000149011612,0.10000000149011612,0.10000000149011612,0.10000000149011612,0.10000000149011612,0.10000000149011612,0.10000000149011612,0.10000000149011612,0.10000000149011612,0.10000000149011612
42,KWT,Kuwait,2019,-7.2538886070251465,-0.49478885531425476,5.5,1,-0.23261572420597076,-0.458217591047287,-0.3800378143787384,0.1404082179069519,0.10000000149011612,0.10000000149011612,0.10000000149011612,0.10000000149011612,0.10000000149011612,0.10000000149011612,0.10000000149011612,0.10000000149011612,0.10000000149011612,0.10000000149011612
42,KWT,Kuwait,2020,-6.158499240875244,-0.7548227310180664,5.5,1,-0.23261572420597076,-0.458217591047287,-0.3800378143787384,0.1404082179069519,0.10000000149011612,0.10000000149011612,0.10000000149011612,0.10000000149011612,0.10000000149011612,0.10000000149011612,0.10000000149011612,0.10000000149011612,0.10000000149011612,0.10000000149011612
42,KWT,Kuwait,2021,-7.0740485191345215,-0.9606033563613892,5.5,1,-0.23261572420597076,-0.458217591047287,-0.3800378143787384,0.1404082179069519,0.10000000149011612,0.10000000149011612,0.10000000149011612,0.10000000149011612,0.10000000149011612,0.10000000149011612,0.10000000149011612,0.10000000149011612,0.10000000149011612,0.10000000149011612
42,KWT,Kuwait,2022,-27.902793884277344,-1.1257238388061523,5.5,1,-0.23261572420597076,-0.458217591047287,-0.3800378143787384,0.1404082179069519,0.10000000149011612,0.10000000149011612,0.10000000149011612,0.10000000149011612,0.10000000149011612,0.10000000149011612,0.10000000149011612,0.10000000149011612,0.10000000149011612,0.10000000149011612
42,KWT,Kuwait,2023,-27.870094299316406,-1.260408878326416,5.5,1,-0.23261572420597076,-0.458217591047287,-0.3800378143787384,0.1404082179069519,0.10000000149011612,0.10000000149011612,0.10000000149011612,0.10000000149011612,0.10000000149011612,0.10000000149011612,0.10000000149011612,0.10000000149011612,0.10000000149011612,0.10000000149011612
43,LKA,Sri Lanka,2018,2.3601856231689453,-0.6437029838562012,4.8962860107421875,4,-0.550111711025238,-0.720518171787262,-0.5627866387367249,-0.36703041195869446,0.07647232711315155,0.12544459104537964,0.13020117580890656,0.14635396003723145,0.1158319041132927,0.14322656393051147,0.09578225761651993,0.060716141015291214,0.06152902916073799,0.044442035257816315
43,LKA,Sri Lanka,2019,4.711722373962402,-0.14061853289604187,4.8962860107421875,4,-0.550111711025238,-0.720518171787262,-0.5627866387367249,-0.36703041195869446,0.07647232711315155,0.12544459104537964,0.13020117580890656,0.14635396003723145,0.1158319041132927,0.14322656393051147,0.09578225761651993,0.060716141015291214,0.06152902916073799,0.044442035257816315
43,LKA,Sri Lanka,2020,4.523720741271973,0.14232322573661804,4.8962860107421875,4,-0.550111711025238,-0.720518171787262,-0.5627866387367249,-0.36703041195869446,0.07647232711315155,0.12544459104537964,0.13020117580890656,0.14635396003723145,0.1158319041132927,0.14322656393051147,0.09578225761651993,0.060716141015291214,0.06152902916073799,0.044442035257816315
43,LKA,Sri Lanka,2021,1.3256715536117554,0.2948937714099884,4.8962860107421875,4,-0.550111711025238,-0.720518171787262,-0.5627866387367249,-0.36703041195869446,0.07647232711315155,0.12544459104537964,0.13020117580890656,0.14635396003723145,0.1158319041132927,0.14322656393051147,0.09578225761651993,0.060716141015291214,0.06152902916073799,0.044442035257816315
43,LKA,Sri Lanka,2022,4.413687705993652,0.3591977655887604,4.8962860107421875,4,-0.550111711025238,-0.720518171787262,-0.5627866387367249,-0.36703041195869446,0.07647232711315155,0.12544459104537964,0.13020117580890656,0.14635396003723145,0.1158319041132927,0.14322656393051147,0.09578225761651993,0.060716141015291214,0.06152902916073799,0.044442035257816315
43,LKA,Sri Lanka,2023,4.413687705993652,0.35978296399116516,4.8962860107421875,4,-0.550111711025238,-0.720518171787262,-0.5627866387367249,-0.36703041195869446,0.07647232711315155,0.12544459104537964,0.13020117580890656,0.14635396003723145,0.1158319041132927,0.14322656393051147,0.09578225761651993,0.060716141015291214,0.06152902916073799,0.044442035257816315
44,LTU,Lithuania,2018,0.5927717685699463,1.4774513244628906,5.5,1,0.11791292577981949,-0.0774189680814743,0.3881412148475647,0.043016545474529266,0.10000000149011612,0.10000000149011612,0.10000000149011612,0.10000000149011612,0.10000000149011612,0.10000000149011612,0.10000000149011612,0.10000000149011612,0.10000000149011612,0.10000000149011612
44,LTU,Lithuania,2019,0.5042790174484253,1.6543567180633545,5.5,1,0.11791292577981949,-0.0774189680814743,0.3881412148475647,0.043016545474529266,0.10000000149011612,0.10000000149011612,0.10000000149011612,0.10000000149011612,0.10000000149011612,0.10000000149011612,0.10000000149011612,0.10000000149011612,0.10000000149011612,0.10000000149011612
44,LTU,Lithuania,2020,1.2348809242248535,1.768707036972046,5.5,1,0.11791292577981949,-0.0774189680814743,0.3881412148475647,0.043016545474529266,0.10000000149011612,0.10000000149011612,0.10000000149011612,0.10000000149011612,0.10000000149011612,0.10000000149011612,0.10000000149011612,0.10000000149011612,0.10000000149011612,0.10000000149011612
44,LTU,Lithuania,2021,1.103811502456665,1.8388195037841797,5.5,1,0.11791292577981949,-0.0774189680814743,0.3881412148475647,0.043016545474529266,0.10000000149011612,0.10000000149011612,0.10000000149011612,0.10000000149011612,0.10000000149011612,0.10000000149011612,0.10000000149011612,0.10000000149011612,0.10000000149011612,0.10000000149011612
44,LTU,Lithuania,2022,0.6238992810249329,1.8826987743377686,5.5,1,0.11791292577981949,-0.0774189680814743,0.3881412148475647,0.043016545474529266,0.10000000149011612,0.10000000149011612,0.10000000149011612,0.10000000149011612,0.10000000149011612,0.10000000149011612,0.10000000149011612,0.10000000149011612,0.10000000149011612,0.10000000149011612
44,LTU,Lithuania,2023,-0.08893253654241562,1.9101788997650146,5.5,1,0.11791292577981949,-0.0774189680814743,0.3881412148475647,0.043016545474529266,0.10000000149011612,0.10000000149011612,0.10000000149011612,0.10000000149011612,0.10000000149011612,0.10000000149011612,0.10000000149011612,0.10000000149011612,0.10000000149011612,0.10000000149011612
45,LUX,Luxembourg,2018,-2.6616039276123047,0.9813131093978882,5.5,1,1.3627294301986694,1.4299343824386597,1.3163741827011108,1.3418793678283691,0.10000000149011612,0.10000000149011612,0.10000000149011612,0.10000000149011612,0.10000000149011612,0.10000000149011612,0.10000000149011612,0.10000000149011612,0.10000000149011612,0.10000000149011612
45,LUX,Luxembourg,2019,-3.0985145568847656,0.7985308170318604,5.5,1,1.3627294301986694,1.4299343824386597,1.3163741827011108,1.3418793678283691,0.10000000149011612,0.10000000149011612,0.10000000149011612,0.10000000149011612,0.10000000149011612,0.10000000149011612,0.10000000149011612,0.10000000149011612,0.10000000149011612,0.10000000149011612
45,LUX,Luxembourg,2020,-3.1957318782806396,0.6562119722366333,5.5,1,1.3627294301986694,1.4299343824386597,1.3163741827011108,1.3418793678283691,0.10000000149011612,0.10000000149011612,0.10000000149011612,0.10000000149011612,0.10000000149011612,0.10000000149011612,0.10000000149011612,0.10000000149011612,0.10000000149011612,0.10000000149011612
45,LUX,Luxembourg,2021,-3.2258713245391846,0.5520888566970825,5.5,1,1.3627294301986694,1.4299343824386597,1.3163741827011108,1.3418793678283691,0.10000000149011612,0.10000000149011612,0.10000000149011612,0.10000000149011612,0.10000000149011612,0.10000000149011612,0.10000000149011612,0.10000000149011612,0.10000000149011612,0.10000000149011612
45,LUX,Luxembourg,2022,-3.72668719291687,0.4728809893131256,5.5,1,1.3627294301986694,1.4299343824386597,1.3163741827011108,1.3418793678283691,0.10000000149011612,0.10000000149011612,0.10000000149011612,0.10000000149011612,0.10000000149011612,0.10000000149011612,0.10000000149011612,0.10000000149011612,0.10000000149011612,0.10000000149011612
45,LUX,Luxembourg,2023,-4.158839225769043,0.4049415588378906,5.5,1,1.3627294301986694,1.4299343824386597,1.3163741827011108,1.3418793678283691,0.10000000149011612,0.10000000149011612,0.10000000149011612,0.10000000149011612,0.10000000149011612,0.10000000149011612,0.10000000149011612,0.10000000149011612,0.10000000149011612,0.10000000149011612
46,LVA,Latvia,2018,2.136277437210083,0.6482118368148804,5.5,1,0.05672547221183777,-0.19147229194641113,0.368137001991272,-0.006488294806331396,0.10000000149011612,0.10000000149011612,0.10000000149011612,0.10000000149011612,0.10000000149011612,0.10000000149011612,0.10000000149011612,0.10000000149011612,0.10000000149011612,0.10000000149011612
46,LVA,Latvia,2019,2.451484441757202,0.5865473747253418,5.5,1,0.05672547221183777,-0.19147229194641113,0.368137001991272,-0.006488294806331396,0.10000000149011612,0.10000000149011612,0.10000000149011612,0.10000000149011612,0.10000000149011612,0.10000000149011612,0.10000000149011612,0.10000000149011612,0.10000000149011612,0.10000000149011612
46,LVA,Latvia,2020,0.5582294464111328,0.5295422077178955,5.5,1,0.05672547221183777,-0.19147229194641113,0.368137001991272,-0.006488294806331396,0.10000000149011612,0.10000000149011612,0.10000000149011612,0.10000000149011612,0.10000000149011612,0.10000000149011612,0.10000000149011612,0.10000000149011612,0.10000000149011612,0.10000000149011612
46,LVA,Latvia,2021,0.538101315498352,0.517740786075592,5.5,1,0.05672547221183777,-0.19147229194641113,0.368137001991272,-0.006488294806331396,0.10000000149011612,0.10000000149011612,0.10000000149011612,0.10000000149011612,0.10000000149011612,0.10000000149011612,0.10000000149011612,0.10000000149011612,0.10000000149011612,0.10000000149011612
46,LVA,Latvia,2022,-1.1075773239135742,0.5214788913726807,5.5,1,0.05672547221183777,-0.19147229194641113,0.368137001991272,-0.006488294806331396,0.10000000149011612,0.10000000149011612,0.10000000149011612,0.10000000149011612,0.10000000149011612,0.10000000149011612,0.10000000149011612,0.10000000149011612,0.10000000149011612,0.10000000149011612
46,LVA,Latvia,2023,-1.7468478679656982,0.5294040441513062,5.5,1,0.05672547221183777,-0.19147229194641113,0.368137001991272,-0.006488294806331396,0.10000000149011612,0.10000000149011612,0.10000000149011612,0.10000000149011612,0.10000000149011612,0.10000000149011612,0.10000000149011612,0.10000000149011612,0.10000000149011612,0.10000000149011612
47,MAR,Morocco,2018,-2.0527760982513428,-0.9495667219161987,5.5,1,-0.5677001476287842,-0.5921026468276978,-0.603592574596405,-0.5074053406715393,0.10000000149011612,0.10000000149011612,0.10000000149011612,0.10000000149011612,0.10000000149011612,0.10000000149011612,0.10000000149011612,0.10000000149011612,0.10000000149011612,0.10000000149011612
47,MAR,Morocco,2019,-1.840488076210022,-0.7629988193511963,5.5,1,-0.5677001476287842,-0.5921026468276978,-0.603592574596405,-0.5074053406715393,0.10000000149011612,0.10000000149011612,0.10000000149011612,0.10000000149011612,0.10000000149011612,0.10000000149011612,0.10000000149011612,0.10000000149011612,0.10000000149011612,0.10000000149011612
47,MAR,Morocco,2020,-1.5523828268051147,-0.687673807144165,5.5,1,-0.5677001476287842,-0.5921026468276978,-0.603592574596405,-0.5074053406715393,0.10000000149011612,0.10000000149011612,0.10000000149011612,0.10000000149011612,0.10000000149011612,0.10000000149011612,0.10000000149011612,0.10000000149011612,0.10000000149011612,0.10000000149011612
47,MAR,Morocco,2021,-1.670159101486206,-0.6712673902511597,5.5,1,-0.5677001476287842,-0.5921026468276978,-0.603592574596405,-0.5074053406715393,0.10000000149011612,0.10000000149011612,0.10000000149011612,0.10000000149011612,0.10000000149011612,0.10000000149011612,0.10000000149011612,0.10000000149011612,0.10000000149011612,0.10000000149011612
47,MAR,Morocco,2022,-1.1988462209701538,-0.6490360498428345,5.5,1,-0.5677001476287842,-0.5921026468276978,-0.603592574596405,-0.5074053406715393,0.10000000149011612,0.10000000149011612,0.10000000149011612,0.10000000149011612,0.10000000149011612,0.10000000149011612,0.10000000149011612,0.10000000149011612,0.10000000149011612,0.10000000149011612
47,MAR,Morocco,2023,-2.160374164581299,-0.6229017972946167,5.5,1,-0.5677001476287842,-0.5921026468276978,-0.603592574596405,-0.5074053406715393,0.10000000149011612,0.10000000149011612,0.10000000149011612,0.10000000149011612,0.10000000149011612,0.10000000149011612,0.10000000149011612,0.10000000149011612,0.10000000149011612,0.10000000149011612
48,MEX,Mexico,2018,-1.2096426486968994,0.2886295020580292,2.588637590408325,1,-0.4911726713180542,-0.5113726854324341,-0.13761571049690247,-0.8245296478271484,0.24581502377986908,0.2433614581823349,0.2351531833410263,0.22771140933036804,0.04795891419053078,0.0,0.0,0.0,0.0,0.0
48,MEX,Mexico,2019,-1.0846872329711914,0.1665806770324707,2.588637590408325,1,-0.4911726713180542,-0.5113726854324341,-0.13761571049690247,-0.8245296478271484,0.24581502377986908,0.2433614581823349,0.2351531833410263,0.22771140933036804,0.04795891419053078,0.0,0.0,0.0,0.0,0.0
48,MEX,Mexico,2020,-3.962113618850708,-0.03768962621688843,2.588637590408325,1,-0.4911726713180542,-0.5113726854324341,-0.13761571049690247,-0.8245296478271484,0.24581502377986908,0.2433614581823349,0.2351531833410263,0.22771140933036804,0.04795891419053078,0.0,0.0,0.0,0.0,0.0
48,MEX,Mexico,2021,-5.881318092346191,-0.14029300212860107,2.588637590408325,1,-0.4911726713180542,-0.5113726854324341,-0.13761571049690247,-0.8245296478271484,0.24581502377986908,0.2433614581823349,0.2351531833410263,0.22771140933036804,0.04795891419053078,0.0,0.0,0.0,0.0,0.0
48,MEX,Mexico,2022,-5.320054531097412,-0.23163798451423645,2.588637590408325,1,-0.4911726713180542,-0.5113726854324341,-0.13761571049690247,-0.8245296478271484,0.24581502377986908,0.2433614581823349,0.2351531833410263,0.22771140933036804,0.04795891419053078,0.0,0.0,0.0,0.0,0.0
48,MEX,Mexico,2023,-3.6169328689575195,-0.3142032325267792,2.588637590408325,1,-0.4911726713180542,-0.5113726854324341,-0.13761571049690247,-0.8245296478271484,0.24581502377986908,0.2433614581823349,0.2351531833410263,0.22771140933036804,0.04795891419053078,0.0,0.0,0.0,0.0,0.0
49,MKD,North Macedonia,2018,-4.225182056427002,-0.6903032064437866,5.5,1,-0.8401430249214172,-0.9831662178039551,-0.6911687254905701,-0.8460942506790161,0.10000000149011612,0.10000000149011612,0.10000000149011612,0.10000000149011612,0.10000000149011612,0.10000000149011612,0.10000000149011612,0.10000000149011612,0.10000000149011612,0.10000000149011612
49,MKD,North Macedonia,2019,-2.3085620403289795,-0.4609045386314392,5.5,1,-0.8401430249214172,-0.9831662178039551,-0.6911687254905701,-0.8460942506790161,0.10000000149011612,0.10000000149011612,0.10000000149011612,0.10000000149011612,0.10000000149011612,0.10000000149011612,0.10000000149011612,0.10000000149011612,0.10000000149011612,0.10000000149011612
49,MKD,North Macedonia,2020,-3.7089016437530518,-0.37795522809028625,5.5,1,-0.8401430249214172,-0.9831662178039551,-0.6911687254905701,-0.8460942506790161,0.10000000149011612,0.10000000149011612,0.10000000149011612,0.10000000149011612,0.10000000149011612,0.10000000149011612,0.10000000149011612,0.10000000149011612,0.10000000149011612,0.10000000149011612
49,MKD,North Macedonia,2021,-4.82833194732666,-0.3664073944091797,5.5,1,-0.8401430249214172,-0.9831662178039551,-0.6911687254905701,-0.8460942506790161,0.10000000149011612,0.10000000149011612,0.10000000149011612,0.10000000149011612,0.10000000149011612,0.10000000149011612,0.10000000149011612,0.10000000149011612,0.10000000149011612,0.10000000149011612
49,MKD,North Macedonia,2022,-3.69097900390625,-0.31766197085380554,5.5,1,-0.8401430249214172,-0.9831662178039551,-0.6911687254905701,-0.8460942506790161,0.10000000149011612,0.10000000149011612,0.10000000149011612,0.10000000149011612,0.10000000149011612,0.10000000149011612,0.10000000149011612,0.10000000149011612,0.10000000149011612,0.10000000149011612
49,MKD,North Macedonia,2023,-4.7387189865112305,-0.2774505317211151,5.5,1,-0.8401430249214172,-0.9831662178039551,-0.6911687254905701,-0.8460942506790161,0.10000000149011612,0.10000000149011612,0.10000000149011612,0.10000000149011612,0.10000000149011612,0.10000000149011612,0.10000000149011612,0.10000000149011612,0.10000000149011612,0.10000000149011612
50,MYS,Malaysia,2018,0.02772342786192894,0.9760580062866211,8.992744445800781,9,0.11615476757287979,0.3967877924442291,0.08836042881011963,-0.1366838961839676,0.0,0.0,0.0,0.0,0.0,0.0,0.0,0.31251680850982666,0.3822219967842102,0.3052612245082855
50,MYS,Malaysia,2019,-0.08382336795330048,1.0830013751983643,8.992744445800781,9,0.11615476757287979,0.3967877924442291,0.08836042881011963,-0.1366838961839676,0.0,0.0,0.0,0.0,0.0,0.0,0.0,0.31251680850982666,0.3822219967842102,0.3052612245082855
50,MYS,Malaysia,2020,0.11602042615413666,1.1468137502670288,8.992744445800781,9,0.11615476757287979,0.3967877924442291,0.08836042881011963,-0.1366838961839676,0.0,0.0,0.0,0.0,0.0,0.0,0.0,0.31251680850982666,0.3822219967842102,0.3052612245082855
50,MYS,Malaysia,2021,-0.4654858112335205,1.164644479751587,8.992744445800781,9,0.11615476757287979,0.3967877924442291,0.08836042881011963,-0.1366838961839676,0.0,0.0,0.0,0.0,0.0,0.0,0.0,0.31251680850982666,0.3822219967842102,0.3052612245082855
50,MYS,Malaysia,2022,-0.6587987542152405,1.201863408088684,8.992744445800781,9,0.11615476757287979,0.3967877924442291,0.08836042881011963,-0.1366838961839676,0.0,0.0,0.0,0.0,0.0,0.0,0.0,0.31251680850982666,0.3822219967842102,0.3052612245082855
50,MYS,Malaysia,2023,-0.5584850311279297,1.2334495782852173,8.992744445800781,9,0.11615476757287979,0.3967877924442291,0.08836042881011963,-0.1366838961839676,0.0,0.0,0.0,0.0,0.0,0.0,0.0,0.31251680850982666,0.3822219967842102,0.3052612245082855
51,NLD,Netherlands,2018,-2.012981653213501,-0.9954624176025391,5.5,1,1.3984497785568237,1.432983160018921,1.4087532758712769,1.3536127805709839,0.10000000149011612,0.10000000149011612,0.10000000149011612,0.10000000149011612,0.10000000149011612,0.10000000149011612,0.10000000149011612,0.10000000149011612,0.10000000149011612,0.10000000149011612
51,NLD,Netherlands,2019,-4.107210636138916,-1.2565059661865234,5.5,1,1.3984497785568237,1.432983160018921,1.4087532758712769,1.3536127805709839,0.10000000149011612,0.10000000149011612,0.10000000149011612,0.10000000149011612,0.10000000149011612,0.10000000149011612,0.10000000149011612,0.10000000149011612,0.10000000149011612,0.10000000149011612
51,NLD,Netherlands,2020,-6.567773342132568,-1.4405707120895386,5.5,1,1.3984497785568237,1.432983160018921,1.4087532758712769,1.3536127805709839,0.10000000149011612,0.10000000149011612,0.10000000149011612,0.10000000149011612,0.10000000149011612,0.10000000149011612,0.10000000149011612,0.10000000149011612,0.10000000149011612,0.10000000149011612
51,NLD,Netherlands,2021,-6.225274562835693,-1.583389401435852,5.5,1,1.3984497785568237,1.432983160018921,1.4087532758712769,1.3536127805709839,0.10000000149011612,0.10000000149011612,0.10000000149011612,0.10000000149011612,0.10000000149011612,0.10000000149011612,0.10000000149011612,0.10000000149011612,0.10000000149011612,0.10000000149011612
51,NLD,Netherlands,2022,-7.184930801391602,-1.698530673980713,5.5,1,1.3984497785568237,1.432983160018921,1.4087532758712769,1.3536127805709839,0.10000000149011612,0.10000000149011612,0.10000000149011612,0.10000000149011612,0.10000000149011612,0.10000000149011612,0.10000000149011612,0.10000000149011612,0.10000000149011612,0.10000000149011612
51,NLD,Netherlands,2023,-9.322796821594238,-1.7902112007141113,5.5,1,1.3984497785568237,1.432983160018921,1.4087532758712769,1.3536127805709839,0.10000000149011612,0.10000000149011612,0.10000000149011612,0.10000000149011612,0.10000000149011612,0.10000000149011612,0.10000000149011612,0.10000000149011612,0.10000000149011612,0.10000000149011612
52,NOR,Norway,2018,0.684697687625885,1.0803723335266113,5.5,1,1.3073252439498901,1.3803420066833496,1.0274958610534668,1.5141379833221436,0.10000000149011612,0.10000000149011612,0.10000000149011612,0.10000000149011612,0.10000000149011612,0.10000000149011612,0.10000000149011612,0.10000000149011612,0.10000000149011612,0.10000000149011612
52,NOR,Norway,2019,0.7579119205474854,0.8729531764984131,5.5,1,1.3073252439498901,1.3803420066833496,1.0274958610534668,1.5141379833221436,0.10000000149011612,0.10000000149011612,0.10000000149011612,0.10000000149011612,0.10000000149011612,0.10000000149011612,0.10000000149011612,0.10000000149011612,0.10000000149011612,0.10000000149011612
52,NOR,Norway,2020,0.16256453096866608,0.75543212890625,5.5,1,1.3073252439498901,1.3803420066833496,1.0274958610534668,1.5141379833221436,0.10000000149011612,0.10000000149011612,0.10000000149011612,0.10000000149011612,0.10000000149011612,0.10000000149011612,0.10000000149011612,0.10000000149011612,0.10000000149011612,0.10000000149011612
52,NOR,Norway,2021,-0.5059971213340759,0.6702232360839844,5.5,1,1.3073252439498901,1.3803420066833496,1.0274958610534668,1.5141379833221436,0.10000000149011612,0.10000000149011612,0.10000000149011612,0.10000000149011612,0.10000000149011612,0.10000000149011612,0.10000000149011612,0.10000000149011612,0.10000000149011612,0.10000000149011612
52,NOR,Norway,2022,0.01806272566318512,0.6440993547439575,5.5,1,1.3073252439498901,1.3803420066833496,1.0274958610534668,1.5141379833221436,0.10000000149011612,0.10000000149011612,0.10000000149011612,0.10000000149011612,0.10000000149011612,0.10000000149011612,0.10000000149011612,0.10000000149011612,0.10000000149011612,0.10000000149011612
52,NOR,Norway,2023,0.1799047440290451,0.6445380449295044,5.5,1,1.3073252439498901,1.3803420066833496,1.0274958610534668,1.5141379833221436,0.10000000149011612,0.10000000149011612,0.10000000149011612,0.10000000149011612,0.10000000149011612,0.10000000149011612,0.10000000149011612,0.10000000149011612,0.10000000149011612,0.10000000149011612
53,NZL,New Zealand,2018,-2.981884479522705,1.0329875946044922,5.5,1,1.3908849954605103,1.414912223815918,1.3223596811294556,1.4353830814361572,0.10000000149011612,0.10000000149011612,0.10000000149011612,0.10000000149011612,0.10000000149011612,0.10000000149011612,0.10000000149011612,0.10000000149011612,0.10000000149011612,0.10000000149011612
53,NZL,New Zealand,2019,-2.6216039657592773,0.6730049848556519,5.5,1,1.3908849954605103,1.414912223815918,1.3223596811294556,1.4353830814361572,0.10000000149011612,0.10000000149011612,0.10000000149011612,0.10000000149011612,0.10000000149011612,0.10000000149011612,0.10000000149011612,0.10000000149011612,0.10000000149011612,0.10000000149011612
53,NZL,New Zealand,2020,-2.319328546524048,0.4415439963340759,5.5,1,1.3908849954605103,1.414912223815918,1.3223596811294556,1.4353830814361572,0.10000000149011612,0.10000000149011612,0.10000000149011612,0.10000000149011612,0.10000000149011612,0.10000000149011612,0.10000000149011612,0.10000000149011612,0.10000000149011612,0.10000000149011612
53,NZL,New Zealand,2021,-2.2188103199005127,0.2799980938434601,5.5,1,1.3908849954605103,1.414912223815918,1.3223596811294556,1.4353830814361572,0.10000000149011612,0.10000000149011612,0.10000000149011612,0.10000000149011612,0.10000000149011612,0.10000000149011612,0.10000000149011612,0.10000000149011612,0.10000000149011612,0.10000000149011612
53,NZL,New Zealand,2022,-3.390082359313965,0.1651761531829834,5.5,1,1.3908849954605103,1.414912223815918,1.3223596811294556,1.4353830814361572,0.10000000149011612,0.10000000149011612,0.10000000149011612,0.10000000149011612,0.10000000149011612,0.10000000149011612,0.10000000149011612,0.10000000149011612,0.10000000149011612,0.10000000149011612
53,NZL,New Zealand,2023,-3.6847918033599854,0.11804386973381042,5.5,1,1.3908849954605103,1.414912223815918,1.3223596811294556,1.4353830814361572,0.10000000149011612,0.10000000149011612,0.10000000149011612,0.10000000149011612,0.10000000149011612,0.10000000149011612,0.10000000149011612,0.10000000149011612,0.10000000149011612,0.10000000149011612
54,OMN,Oman,2018,-1.4833542108535767,-0.23986265063285828,5.5,1,-0.0670604482293129,-0.2567063570022583,0.022247422486543655,0.033277593553066254,0.10000000149011612,0.10000000149011612,0.10000000149011612,0.10000000149011612,0.10000000149011612,0.10000000149011612,0.10000000149011612,0.10000000149011612,0.10000000149011612,0.10000000149011612
54,OMN,Oman,2019,-1.4833542108535767,-0.7628830671310425,5.5,1,-0.0670604482293129,-0.2567063570022583,0.022247422486543655,0.033277593553066254,0.10000000149011612,0.10000000149011612,0.10000000149011612,0.10000000149011612,0.10000000149011612,0.10000000149011612,0.10000000149011612,0.10000000149011612,0.10000000149011612,0.10000000149011612
54,OMN,Oman,2020,-1.9118425846099854,-1.0876392126083374,5.5,1,-0.0670604482293129,-0.2567063570022583,0.022247422486543655,0.033277593553066254,0.10000000149011612,0.10000000149011612,0.10000000149011612,0.10000000149011612,0.10000000149011612,0.10000000149011612,0.10000000149011612,0.10000000149011612,0.10000000149011612,0.10000000149011612
54,OMN,Oman,2021,-2.7994258403778076,-1.3079124689102173,5.5,1,-0.0670604482293129,-0.2567063570022583,0.022247422486543655,0.033277593553066254,0.10000000149011612,0.10000000149011612,0.10000000149011612,0.10000000149011612,0.10000000149011612,0.10000000149011612,0.10000000149011612,0.10000000149011612,0.10000000149011612,0.10000000149011612
54,OMN,Oman,2022,-4.406257152557373,-1.4554232358932495,5.5,1,-0.0670604482293129,-0.2567063570022583,0.022247422486543655,0.033277593553066254,0.10000000149011612,0.10000000149011612,0.10000000149011612,0.10000000149011612,0.10000000149011612,0.10000000149011612,0.10000000149011612,0.10000000149011612,0.10000000149011612,0.10000000149011612
54,OMN,Oman,2023,-4.634274482727051,-1.5565011501312256,5.5,1,-0.0670604482293129,-0.2567063570022583,0.022247422486543655,0.033277593553066254,0.10000000149011612,0.10000000149011612,0.10000000149011612,0.10000000149011612,0.10000000149011612,0.10000000149011612,0.10000000149011612,0.10000000149011612,0.10000000149011612,0.10000000149011612
55,PAK,Pakistan,2018,0.6607634425163269,-1.1761140823364258,6.473052024841309,8,-1.1695586442947388,-1.022442102432251,-1.2194249629974365,-1.2668088674545288,0.018587863072752953,0.045466840267181396,0.07546912133693695,0.09828643500804901,0.11468981206417084,0.12618288397789001,0.1322343349456787,0.13584063947200775,0.1313551813364029,0.12188688665628433
55,PAK,Pakistan,2019,0.263211190700531,-0.8999835252761841,6.473052024841309,8,-1.1695586442947388,-1.022442102432251,-1.2194249629974365,-1.2668088674545288,0.018587863072752953,0.045466840267181396,0.07546912133693695,0.09828643500804901,0.11468981206417084,0.12618288397789001,0.1322343349456787,0.13584063947200775,0.1313551813364029,0.12188688665628433
55,PAK,Pakistan,2020,0.5979493856430054,-0.7595890760421753,6.473052024841309,8,-1.1695586442947388,-1.022442102432251,-1.2194249629974365,-1.2668088674545288,0.018587863072752953,0.045466840267181396,0.07546912133693695,0.09828643500804901,0.11468981206417084,0.12618288397789001,0.1322343349456787,0.13584063947200775,0.1313551813364029,0.12188688665628433
55,PAK,Pakistan,2021,-0.27455824613571167,-0.7082300186157227,6.473052024841309,8,-1.1695586442947388,-1.022442102432251,-1.2194249629974365,-1.2668088674545288,0.018587863072752953,0.045466840267181396,0.07546912133693695,0.09828643500804901,0.11468981206417084,0.12618288397789001,0.1322343349456787,0.13584063947200775,0.1313551813364029,0.12188688665628433
55,PAK,Pakistan,2022,-1.3144348859786987,-0.6885744333267212,6.473052024841309,8,-1.1695586442947388,-1.022442102432251,-1.2194249629974365,-1.2668088674545288,0.018587863072752953,0.045466840267181396,0.07546912133693695,0.09828643500804901,0.11468981206417084,0.12618288397789001,0.1322343349456787,0.13584063947200775,0.1313551813364029,0.12188688665628433
55,PAK,Pakistan,2023,-1.7306287288665771,-0.6844502687454224,6.473052024841309,8,-1.1695586442947388,-1.022442102432251,-1.2194249629974365,-1.2668088674545288,0.018587863072752953,0.045466840267181396,0.07546912133693695,0.09828643500804901,0.11468981206417084,0.12618288397789001,0.1322343349456787,0.13584063947200775,0.1313551813364029,0.12188688665628433
56,PER,Peru,2018,1.0936386585235596,0.20119085907936096,5.5,1,-0.6950809359550476,-0.8969854712486267,-0.25150150060653687,-0.9367557168006897,0.10000000149011612,0.10000000149011612,0.10000000149011612,0.10000000149011612,0.10000000149011612,0.10000000149011612,0.10000000149011612,0.10000000149011612,0.10000000149011612,0.10000000149011612
56,PER,Peru,2019,1.1609760522842407,0.738165020942688,5.5,1,-0.6950809359550476,-0.8969854712486267,-0.25150150060653687,-0.9367557168006897,0.10000000149011612,0.10000000149011612,0.10000000149011612,0.10000000149011612,0.10000000149011612,0.10000000149011612,0.10000000149011612,0.10000000149011612,0.10000000149011612,0.10000000149011612
56,PER,Peru,2020,0.8656606674194336,1.0188058614730835,5.5,1,-0.6950809359550476,-0.8969854712486267,-0.25150150060653687,-0.9367557168006897,0.10000000149011612,0.10000000149011612,0.10000000149011612,0.10000000149011612,0.10000000149011612,0.10000000149011612,0.10000000149011612,0.10000000149011612,0.10000000149011612,0.10000000149011612
56,PER,Peru,2021,1.0604026317596436,1.2329590320587158,5.5,1,-0.6950809359550476,-0.8969854712486267,-0.25150150060653687,-0.9367557168006897,0.10000000149011612,0.10000000149011612,0.10000000149011612,0.10000000149011612,0.10000000149011612,0.10000000149011612,0.10000000149011612,0.10000000149011612,0.10000000149011612,0.10000000149011612
56,PER,Peru,2022,1.6989833116531372,1.3255494832992554,5.5,1,-0.6950809359550476,-0.8969854712486267,-0.25150150060653687,-0.9367557168006897,0.10000000149011612,0.10000000149011612,0.10000000149011612,0.10000000149011612,0.10000000149011612,0.10000000149011612,0.10000000149011612,0.10000000149011612,0.10000000149011612,0.10000000149011612
56,PER,Peru,2023,1.919171690940857,1.3748605251312256,5.5,1,-0.6950809359550476,-0.8969854712486267,-0.25150150060653687,-0.9367557168006897,0.10000000149011612,0.10000000149011612,0.10000000149011612,0.10000000149011612,0.10000000149011612,0.10000000149011612,0.10000000149011612,0.10000000149011612,0.10000000149011612,0.10000000149011612
57,PHL,Philippines,2018,4.912133693695068,-0.950439453125,4.137173652648926,4,-0.5819682478904724,-0.5483519434928894,-0.43141669034957886,-0.7661361694335938,0.1166868656873703,0.1448650062084198,0.16188058257102966,0.16631554067134857,0.1494944840669632,0.1110263466835022,0.0718410536646843,0.04618056118488312,0.023205319419503212,0.00850423239171505
57,PHL,Philippines,2019,5.833406925201416,-0.39257878065109253,4.137173652648926,4,-0.5819682478904724,-0.5483519434928894,-0.43141669034957886,-0.7661361694335938,0.1166868656873703,0.1448650062084198,0.16188058257102966,0.16631554067134857,0.1494944840669632,0.1110263466835022,0.0718410536646843,0.04618056118488312,0.023205319419503212,0.00850423239171505
57,PHL,Philippines,2020,6.113379955291748,-0.03407284617424011,4.137173652648926,4,-0.5819682478904724,-0.5483519434928894,-0.43141669034957886,-0.7661361694335938,0.1166868656873703,0.1448650062084198,0.16188058257102966,0.16631554067134857,0.1494944840669632,0.1110263466835022,0.0718410536646843,0.04618056118488312,0.023205319419503212,0.00850423239171505
57,PHL,Philippines,2021,6.149739742279053,0.17676714062690735,4.137173652648926,4,-0.5819682478904724,-0.5483519434928894,-0.43141669034957886,-0.7661361694335938,0.1166868656873703,0.1448650062084198,0.16188058257102966,0.16631554067134857,0.1494944840669632,0.1110263466835022,0.0718410536646843,0.04618056118488312,0.023205319419503212,0.00850423239171505
57,PHL,Philippines,2022,6.288362503051758,0.30611249804496765,4.137173652648926,4,-0.5819682478904724,-0.5483519434928894,-0.43141669034957886,-0.7661361694335938,0.1166868656873703,0.1448650062084198,0.16188058257102966,0.16631554067134857,0.1494944840669632,0.1110263466835022,0.0718410536646843,0.04618056118488312,0.023205319419503212,0.00850423239171505
57,PHL,Philippines,2023,6.736955165863037,0.38146623969078064,4.137173652648926,4,-0.5819682478904724,-0.5483519434928894,-0.43141669034957886,-0.7661361694335938,0.1166868656873703,0.1448650062084198,0.16188058257102966,0.16631554067134857,0.1494944840669632,0.1110263466835022,0.0718410536646843,0.04618056118488312,0.023205319419503212,0.00850423239171505
58,POL,Poland,2018,-5.292060375213623,-1.7079126834869385,4.488571643829346,5,0.13508905470371246,0.0030404042918235064,0.21474087238311768,0.18748588860034943,0.0,0.031051186844706535,0.16799397766590118,0.2833324670791626,0.31657660007476807,0.20104576647281647,0.0,0.0,0.0,0.0
58,POL,Poland,2019,-6.858757495880127,-1.7015769481658936,4.488571643829346,5,0.13508905470371246,0.0030404042918235064,0.21474087238311768,0.18748588860034943,0.0,0.031051186844706535,0.16799397766590118,0.2833324670791626,0.31657660007476807,0.20104576647281647,0.0,0.0,0.0,0.0
58,POL,Poland,2020,-8.258927345275879,-1.75797700881958,4.488571643829346,5,0.13508905470371246,0.0030404042918235064,0.21474087238311768,0.18748588860034943,0.0,0.031051186844706535,0.16799397766590118,0.2833324670791626,0.31657660007476807,0.20104576647281647,0.0,0.0,0.0,0.0
58,POL,Poland,2021,-7.500536918640137,-1.8298285007476807,4.488571643829346,5,0.13508905470371246,0.0030404042918235064,0.21474087238311768,0.18748588860034943,0.0,0.031051186844706535,0.16799397766590118,0.2833324670791626,0.31657660007476807,0.20104576647281647,0.0,0.0,0.0,0.0
58,POL,Poland,2022,-8.502216339111328,-1.9000542163848877,4.488571643829346,5,0.13508905470371246,0.0030404042918235064,0.21474087238311768,0.18748588860034943,0.0,0.031051186844706535,0.16799397766590118,0.2833324670791626,0.31657660007476807,0.20104576647281647,0.0,0.0,0.0,0.0
58,POL,Poland,2023,-11.761031150817871,-1.9625935554504395,4.488571643829346,5,0.13508905470371246,0.0030404042918235064,0.21474087238311768,0.18748588860034943,0.0,0.031051186844706535,0.16799397766590118,0.2833324670791626,0.31657660007476807,0.20104576647281647,0.0,0.0,0.0,0.0
59,PRT,Portugal,2018,-1.9006779193878174,-0.013121530413627625,5.5,1,0.5889715552330017,0.3899436593055725,0.6463295221328735,0.7306414842605591,0.10000000149011612,0.10000000149011612,0.10000000149011612,0.10000000149011612,0.10000000149011612,0.10000000149011612,0.10000000149011612,0.10000000149011612,0.10000000149011612,0.10000000149011612
59,PRT,Portugal,2019,-2.685220718383789,-0.2684120833873749,5.5,1,0.5889715552330017,0.3899436593055725,0.6463295221328735,0.7306414842605591,0.10000000149011612,0.10000000149011612,0.10000000149011612,0.10000000149011612,0.10000000149011612,0.10000000149011612,0.10000000149011612,0.10000000149011612,0.10000000149011612,0.10000000149011612
59,PRT,Portugal,2020,-3.400998592376709,-0.4812444746494293,5.5,1,0.5889715552330017,0.3899436593055725,0.6463295221328735,0.7306414842605591,0.10000000149011612,0.10000000149011612,0.10000000149011612,0.10000000149011612,0.10000000149011612,0.10000000149011612,0.10000000149011612,0.10000000149011612,0.10000000149011612,0.10000000149011612
59,PRT,Portugal,2021,-3.9149670600891113,-0.6742905378341675,5.5,1,0.5889715552330017,0.3899436593055725,0.6463295221328735,0.7306414842605591,0.10000000149011612,0.10000000149011612,0.10000000149011612,0.10000000149011612,0.10000000149011612,0.10000000149011612,0.10000000149011612,0.10000000149011612,0.10000000149011612,0.10000000149011612
59,PRT,Portugal,2022,-3.713021755218506,-0.8065776824951172,5.5,1,0.5889715552330017,0.3899436593055725,0.6463295221328735,0.7306414842605591,0.10000000149011612,0.10000000149011612,0.10000000149011612,0.10000000149011612,0.10000000149011612,0.10000000149011612,0.10000000149011612,0.10000000149011612,0.10000000149011612,0.10000000149011612
59,PRT,Portugal,2023,-4.624629497528076,-0.8890641927719116,5.5,1,0.5889715552330017,0.3899436593055725,0.6463295221328735,0.7306414842605591,0.10000000149011612,0.10000000149011612,0.10000000149011612,0.10000000149011612,0.10000000149011612,0.10000000149011612,0.10000000149011612,0.10000000149011612,0.10000000149011612,0.10000000149011612
60,QAT,Qatar,2018,-6.880117416381836,1.3219873905181885,5.5,1,-0.037850040942430496,0.02352459356188774,-0.20334964990615845,0.06627492606639862,0.10000000149011612,0.10000000149011612,0.10000000149011612,0.10000000149011612,0.10000000149011612,0.10000000149011612,0.10000000149011612,0.10000000149011612,0.10000000149011612,0.10000000149011612
60,QAT,Qatar,2019,-4.506235599517822,1.1088064908981323,5.5,1,-0.037850040942430496,0.02352459356188774,-0.20334964990615845,0.06627492606639862,0.10000000149011612,0.10000000149011612,0.10000000149011612,0.10000000149011612,0.10000000149011612,0.10000000149011612,0.10000000149011612,0.10000000149011612,0.10000000149011612,0.10000000149011612
60,QAT,Qatar,2020,-5.444746971130371,0.9633731842041016,5.5,1,-0.037850040942430496,0.02352459356188774,-0.20334964990615845,0.06627492606639862,0.10000000149011612,0.10000000149011612,0.10000000149011612,0.10000000149011612,0.10000000149011612,0.10000000149011612,0.10000000149011612,0.10000000149011612,0.10000000149011612,0.10000000149011612
60,QAT,Qatar,2021,-6.548878192901611,0.879796028137207,5.5,1,-0.037850040942430496,0.02352459356188774,-0.20334964990615845,0.06627492606639862,0.10000000149011612,0.10000000149011612,0.10000000149011612,0.10000000149011612,0.10000000149011612,0.10000000149011612,0.10000000149011612,0.10000000149011612,0.10000000149011612,0.10000000149011612
60,QAT,Qatar,2022,-4.892681121826172,0.8296356201171875,5.5,1,-0.037850040942430496,0.02352459356188774,-0.20334964990615845,0.06627492606639862,0.10000000149011612,0.10000000149011612,0.10000000149011612,0.10000000149011612,0.10000000149011612,0.10000000149011612,0.10000000149011612,0.10000000149011612,0.10000000149011612,0.10000000149011612
60,QAT,Qatar,2023,-5.334333896636963,0.8065401315689087,5.5,1,-0.037850040942430496,0.02352459356188774,-0.20334964990615845,0.06627492606639862,0.10000000149011612,0.10000000149011612,0.10000000149011612,0.10000000149011612,0.10000000149011612,0.10000000149011612,0.10000000149011612,0.10000000149011612,0.10000000149011612,0.10000000149011612
61,ROU,Romania,2018,-3.695746898651123,0.24621152877807617,5.5,1,-0.6137262582778931,-0.9381364583969116,-0.44055911898612976,-0.4624831974506378,0.10000000149011612,0.10000000149011612,0.10000000149011612,0.10000000149011612,0.10000000149011612,0.10000000149011612,0.10000000149011612,0.10000000149011612,0.10000000149011612,0.10000000149011612
61,ROU,Romania,2019,-4.160907745361328,0.23385390639305115,5.5,1,-0.6137262582778931,-0.9381364583969116,-0.44055911898612976,-0.4624831974506378,0.10000000149011612,0.10000000149011612,0.10000000149011612,0.10000000149011612,0.10000000149011612,0.10000000149011612,0.10000000149011612,0.10000000149011612,0.10000000149011612,0.10000000149011612
61,ROU,Romania,2020,-5.406534671783447,0.2196907252073288,5.5,1,-0.6137262582778931,-0.9381364583969116,-0.44055911898612976,-0.4624831974506378,0.10000000149011612,0.10000000149011612,0.10000000149011612,0.10000000149011612,0.10000000149011612,0.10000000149011612,0.10000000149011612,0.10000000149011612,0.10000000149011612,0.10000000149011612
61,ROU,Romania,2021,-5.111453533172607,0.18549910187721252,5.5,1,-0.6137262582778931,-0.9381364583969116,-0.44055911898612976,-0.4624831974506378,0.10000000149011612,0.10000000149011612,0.10000000149011612,0.10000000149011612,0.10000000149011612,0.10000000149011612,0.10000000149011612,0.10000000149011612,0.10000000149011612,0.10000000149011612
61,ROU,Romania,2022,-4.921149253845215,0.2028832584619522,5.5,1,-0.6137262582778931,-0.9381364583969116,-0.44055911898612976,-0.4624831974506378,0.10000000149011612,0.10000000149011612,0.10000000149011612,0.10000000149011612,0.10000000149011612,0.10000000149011612,0.10000000149011612,0.10000000149011612,0.10000000149011612,0.10000000149011612
61,ROU,Romania,2023,-6.2508416175842285,0.23861491680145264,5.5,1,-0.6137262582778931,-0.9381364583969116,-0.44055911898612976,-0.4624831974506378,0.10000000149011612,0.10000000149011612,0.10000000149011612,0.10000000149011612,0.10000000149011612,0.10000000149011612,0.10000000149011612,0.10000000149011612,0.10000000149011612,0.10000000149011612
62,RUS,Russia,2018,-3.6435298919677734,-0.1170901358127594,5.771294116973877,5,-1.1349221467971802,-1.1962112188339233,-0.9114767909049988,-1.2970784902572632,0.02746007964015007,0.05825125426054001,0.08050721138715744,0.1365278959274292,0.16691231727600098,0.1531839221715927,0.12666581571102142,0.11563324183225632,0.07427582889795303,0.060582417994737625
62,RUS,Russia,2019,-3.5361337661743164,-0.2446506917476654,5.771294116973877,5,-1.1349221467971802,-1.1962112188339233,-0.9114767909049988,-1.2970784902572632,0.02746007964015007,0.05825125426054001,0.08050721138715744,0.1365278959274292,0.16691231727600098,0.1531839221715927,0.12666581571102142,0.11563324183225632,0.07427582889795303,0.060582417994737625
62,RUS,Russia,2020,-6.922895908355713,-0.42462825775146484,5.771294116973877,5,-1.1349221467971802,-1.1962112188339233,-0.9114767909049988,-1.2970784902572632,0.02746007964015007,0.05825125426054001,0.08050721138715744,0.1365278959274292,0.16691231727600098,0.1531839221715927,0.12666581571102142,0.11563324183225632,0.07427582889795303,0.060582417994737625
62,RUS,Russia,2021,-5.5373334884643555,-0.673863410949707,5.771294116973877,5,-1.1349221467971802,-1.1962112188339233,-0.9114767909049988,-1.2970784902572632,0.02746007964015007,0.05825125426054001,0.08050721138715744,0.1365278959274292,0.16691231727600098,0.1531839221715927,0.12666581571102142,0.11563324183225632,0.07427582889795303,0.060582417994737625
62,RUS,Russia,2022,-4.097316741943359,-0.8931756019592285,5.771294116973877,5,-1.1349221467971802,-1.1962112188339233,-0.9114767909049988,-1.2970784902572632,0.02746007964015007,0.05825125426054001,0.08050721138715744,0.1365278959274292,0.16691231727600098,0.1531839221715927,0.12666581571102142,0.11563324183225632,0.07427582889795303,0.060582417994737625
62,RUS,Russia,2023,-3.127725601196289,-1.0482282638549805,5.771294116973877,5,-1.1349221467971802,-1.1962112188339233,-0.9114767909049988,-1.2970784902572632,0.02746007964015007,0.05825125426054001,0.08050721138715744,0.1365278959274292,0.16691231727600098,0.1531839221715927,0.12666581571102142,0.11563324183225632,0.07427582889795303,0.060582417994737625
63,SAU,Saudi Arabia,2018,2.299851655960083,0.2259323000907898,5.496842384338379,6,-0.5544285178184509,-0.6724381446838379,-0.49509498476982117,-0.4957524538040161,0.07510820776224136,0.09187165647745132,0.10379612445831299,0.11103826016187668,0.114844411611557,0.11683738231658936,0.11671025305986404,0.10794003307819366,0.09182590246200562,0.07002776861190796
63,SAU,Saudi Arabia,2019,1.9578986167907715,-0.10781532526016235,5.496842384338379,6,-0.5544285178184509,-0.6724381446838379,-0.49509498476982117,-0.4957524538040161,0.07510820776224136,0.09187165647745132,0.10379612445831299,0.11103826016187668,0.114844411611557,0.11683738231658936,0.11671025305986404,0.10794003307819366,0.09182590246200562,0.07002776861190796
63,SAU,Saudi Arabia,2020,2.004265069961548,-0.3313683569431305,5.496842384338379,6,-0.5544285178184509,-0.6724381446838379,-0.49509498476982117,-0.4957524538040161,0.07510820776224136,0.09187165647745132,0.10379612445831299,0.11103826016187668,0.114844411611557,0.11683738231658936,0.11671025305986404,0.10794003307819366,0.09182590246200562,0.07002776861190796
63,SAU,Saudi Arabia,2021,2.169445753097534,-0.46705177426338196,5.496842384338379,6,-0.5544285178184509,-0.6724381446838379,-0.49509498476982117,-0.4957524538040161,0.07510820776224136,0.09187165647745132,0.10379612445831299,0.11103826016187668,0.114844411611557,0.11683738231658936,0.11671025305986404,0.10794003307819366,0.09182590246200562,0.07002776861190796
63,SAU,Saudi Arabia,2022,1.4797439575195312,-0.5482134819030762,5.496842384338379,6,-0.5544285178184509,-0.6724381446838379,-0.49509498476982117,-0.4957524538040161,0.07510820776224136,0.09187165647745132,0.10379612445831299,0.11103826016187668,0.114844411611557,0.11683738231658936,0.11671025305986404,0.10794003307819366,0.09182590246200562,0.07002776861190796
63,SAU,Saudi Arabia,2023,0.6857173442840576,-0.5999888181686401,5.496842384338379,6,-0.5544285178184509,-0.6724381446838379,-0.49509498476982117,-0.4957524538040161,0.07510820776224136,0.09187165647745132,0.10379612445831299,0.11103826016187668,0.114844411611557,0.11683738231658936,0.11671025305986404,0.10794003307819366,0.09182590246200562,0.07002776861190796
64,SGP,Singapore,2018,-1.5155048370361328,-0.510128378868103,4.591402053833008,4,1.4344711303710938,1.7217825651168823,1.536649465560913,1.0449817180633545,0.08176334947347641,0.10298356413841248,0.14601339399814606,0.17352566123008728,0.17314980924129486,0.13659264147281647,0.08545125275850296,0.045994218438863754,0.025149177759885788,0.02937692403793335
64,SGP,Singapore,2019,-1.5344992876052856,-0.7879098653793335,4.591402053833008,4,1.4344711303710938,1.7217825651168823,1.536649465560913,1.0449817180633545,0.08176334947347641,0.10298356413841248,0.14601339399814606,0.17352566123008728,0.17314980924129486,0.13659264147281647,0.08545125275850296,0.045994218438863754,0.025149177759885788,0.02937692403793335
64,SGP,Singapore,2020,-1.5631846189498901,-0.9940100908279419,4.591402053833008,4,1.4344711303710938,1.7217825651168823,1.536649465560913,1.0449817180633545,0.08176334947347641,0.10298356413841248,0.14601339399814606,0.17352566123008728,0.17314980924129486,0.13659264147281647,0.08545125275850296,0.045994218438863754,0.025149177759885788,0.02937692403793335
64,SGP,Singapore,2021,-1.5329487323760986,-1.1236505508422852,4.591402053833008,4,1.4344711303710938,1.7217825651168823,1.536649465560913,1.0449817180633545,0.08176334947347641,0.10298356413841248,0.14601339399814606,0.17352566123008728,0.17314980924129486,0.13659264147281647,0.08545125275850296,0.045994218438863754,0.025149177759885788,0.02937692403793335
64,SGP,Singapore,2022,-1.5709375143051147,-1.2011090517044067,4.591402053833008,4,1.4344711303710938,1.7217825651168823,1.536649465560913,1.0449817180633545,0.08176334947347641,0.10298356413841248,0.14601339399814606,0.17352566123008728,0.17314980924129486,0.13659264147281647,0.08545125275850296,0.045994218438863754,0.025149177759885788,0.02937692403793335
64,SGP,Singapore,2023,-1.6358672380447388,-1.2381592988967896,4.591402053833008,4,1.4344711303710938,1.7217825651168823,1.536649465560913,1.0449817180633545,0.08176334947347641,0.10298356413841248,0.14601339399814606,0.17352566123008728,0.17314980924129486,0.13659264147281647,0.08545125275850296,0.045994218438863754,0.025149177759885788,0.02937692403793335
65,SVK,Slovakia,2018,-1.5849237442016602,-0.46605023741722107,5.5,1,0.11652449518442154,0.11614179611206055,0.3065413236618042,-0.07310961931943893,0.10000000149011612,0.10000000149011612,0.10000000149011612,0.10000000149011612,0.10000000149011612,0.10000000149011612,0.10000000149011612,0.10000000149011612,0.10000000149011612,0.10000000149011612
65,SVK,Slovakia,2019,-2.091881036758423,-0.39943966269493103,5.5,1,0.11652449518442154,0.11614179611206055,0.3065413236618042,-0.07310961931943893,0.10000000149011612,0.10000000149011612,0.10000000149011612,0.10000000149011612,0.10000000149011612,0.10000000149011612,0.10000000149011612,0.10000000149011612,0.10000000149011612,0.10000000149011612
65,SVK,Slovakia,2020,-2.406219482421875,-0.4250320792198181,5.5,1,0.11652449518442154,0.11614179611206055,0.3065413236618042,-0.07310961931943893,0.10000000149011612,0.10000000149011612,0.10000000149011612,0.10000000149011612,0.10000000149011612,0.10000000149011612,0.10000000149011612,0.10000000149011612,0.10000000149011612,0.10000000149011612
65,SVK,Slovakia,2021,-2.1880667209625244,-0.4875970184803009,5.5,1,0.11652449518442154,0.11614179611206055,0.3065413236618042,-0.07310961931943893,0.10000000149011612,0.10000000149011612,0.10000000149011612,0.10000000149011612,0.10000000149011612,0.10000000149011612,0.10000000149011612,0.10000000149011612,0.10000000149011612,0.10000000149011612
65,SVK,Slovakia,2022,-2.8150081634521484,-0.5274497270584106,5.5,1,0.11652449518442154,0.11614179611206055,0.3065413236618042,-0.07310961931943893,0.10000000149011612,0.10000000149011612,0.10000000149011612,0.10000000149011612,0.10000000149011612,0.10000000149011612,0.10000000149011612,0.10000000149011612,0.10000000149011612,0.10000000149011612
65,SVK,Slovakia,2023,-3.482109785079956,-0.578154444694519,5.5,1,0.11652449518442154,0.11614179611206055,0.3065413236618042,-0.07310961931943893,0.10000000149011612,0.10000000149011612,0.10000000149011612,0.10000000149011612,0.10000000149011612,0.10000000149011612,0.10000000149011612,0.10000000149011612,0.10000000149011612,0.10000000149011612
66,SVN,Slovenia,2018,-4.337141990661621,0.1421535313129425,5.5,1,0.38642582297325134,0.28950437903404236,0.34630832076072693,0.5234646797180176,0.10000000149011612,0.10000000149011612,0.10000000149011612,0.10000000149011612,0.10000000149011612,0.10000000149011612,0.10000000149011612,0.10000000149011612,0.10000000149011612,0.10000000149011612
66,SVN,Slovenia,2019,-4.712256908416748,-0.11195945739746094,5.5,1,0.38642582297325134,0.28950437903404236,0.34630832076072693,0.5234646797180176,0.10000000149011612,0.10000000149011612,0.10000000149011612,0.10000000149011612,0.10000000149011612,0.10000000149011612,0.10000000149011612,0.10000000149011612,0.10000000149011612,0.10000000149011612
66,SVN,Slovenia,2020,-6.15969705581665,-0.295353502035141,5.5,1,0.38642582297325134,0.28950437903404236,0.34630832076072693,0.5234646797180176,0.10000000149011612,0.10000000149011612,0.10000000149011612,0.10000000149011612,0.10000000149011612,0.10000000149011612,0.10000000149011612,0.10000000149011612,0.10000000149011612,0.10000000149011612
66,SVN,Slovenia,2021,-6.669349670410156,-0.4280019700527191,5.5,1,0.38642582297325134,0.28950437903404236,0.34630832076072693,0.5234646797180176,0.10000000149011612,0.10000000149011612,0.10000000149011612,0.10000000149011612,0.10000000149011612,0.10000000149011612,0.10000000149011612,0.10000000149011612,0.10000000149011612,0.10000000149011612
66,SVN,Slovenia,2022,-7.458681583404541,-0.49875590205192566,5.5,1,0.38642582297325134,0.28950437903404236,0.34630832076072693,0.5234646797180176,0.10000000149011612,0.10000000149011612,0.10000000149011612,0.10000000149011612,0.10000000149011612,0.10000000149011612,0.10000000149011612,0.10000000149011612,0.10000000149011612,0.10000000149011612
66,SVN,Slovenia,2023,-9.606645584106445,-0.5682607889175415,5.5,1,0.38642582297325134,0.28950437903404236,0.34630832076072693,0.5234646797180176,0.10000000149011612,0.10000000149011612,0.10000000149011612,0.10000000149011612,0.10000000149011612,0.10000000149011612,0.10000000149011612,0.10000000149011612,0.10000000149011612,0.10000000149011612
67,SWE,Sweden,2018,-1.111396074295044,0.2780783474445343,5.5,1,1.3480762243270874,1.4301238059997559,1.161694884300232,1.4524099826812744,0.10000000149011612,0.10000000149011612,0.10000000149011612,0.10000000149011612,0.10000000149011612,0.10000000149011612,0.10000000149011612,0.10000000149011612,0.10000000149011612,0.10000000149011612
67,SWE,Sweden,2019,-1.153639554977417,0.27272969484329224,5.5,1,1.3480762243270874,1.4301238059997559,1.161694884300232,1.4524099826812744,0.10000000149011612,0.10000000149011612,0.10000000149011612,0.10000000149011612,0.10000000149011612,0.10000000149011612,0.10000000149011612,0.10000000149011612,0.10000000149011612,0.10000000149011612
67,SWE,Sweden,2020,-1.5468288660049438,0.29168567061424255,5.5,1,1.3480762243270874,1.4301238059997559,1.161694884300232,1.4524099826812744,0.10000000149011612,0.10000000149011612,0.10000000149011612,0.10000000149011612,0.10000000149011612,0.10000000149011612,0.10000000149011612,0.10000000149011612,0.10000000149011612,0.10000000149011612
67,SWE,Sweden,2021,-1.2186294794082642,0.3289797604084015,5.5,1,1.3480762243270874,1.4301238059997559,1.161694884300232,1.4524099826812744,0.10000000149011612,0.10000000149011612,0.10000000149011612,0.10000000149011612,0.10000000149011612,0.10000000149011612,0.10000000149011612,0.10000000149011612,0.10000000149011612,0.10000000149011612
67,SWE,Sweden,2022,-1.295534372329712,0.3632672429084778,5.5,1,1.3480762243270874,1.4301238059997559,1.161694884300232,1.4524099826812744,0.10000000149011612,0.10000000149011612,0.10000000149011612,0.10000000149011612,0.10000000149011612,0.10000000149011612,0.10000000149011612,0.10000000149011612,0.10000000149011612,0.10000000149011612
67,SWE,Sweden,2023,-1.5739079713821411,0.38825270533561707,5.5,1,1.3480762243270874,1.4301238059997559,1.161694884300232,1.4524099826812744,0.10000000149011612,0.10000000149011612,0.10000000149011612,0.10000000149011612,0.10000000149011612,0.10000000149011612,0.10000000149011612,0.10000000149011612,0.10000000149011612,0.10000000149011612
68,THA,Thailand,2018,-6.279742240905762,-0.6281003952026367,5.219387054443359,5,-0.2564157247543335,-0.22457081079483032,-0.3106171190738678,-0.23405922949314117,0.07177300751209259,0.09464333951473236,0.11341678351163864,0.12806223332881927,0.13759616017341614,0.13254347443580627,0.11642641574144363,0.08959364145994186,0.06859643012285233,0.047348495572805405
68,THA,Thailand,2019,-7.279186248779297,-0.33489763736724854,5.219387054443359,5,-0.2564157247543335,-0.22457081079483032,-0.3106171190738678,-0.23405922949314117,0.07177300751209259,0.09464333951473236,0.11341678351163864,0.12806223332881927,0.13759616017341614,0.13254347443580627,0.11642641574144363,0.08959364145994186,0.06859643012285233,0.047348495572805405
68,THA,Thailand,2020,-5.78999662399292,-0.20840096473693848,5.219387054443359,5,-0.2564157247543335,-0.22457081079483032,-0.3106171190738678,-0.23405922949314117,0.07177300751209259,0.09464333951473236,0.11341678351163864,0.12806223332881927,0.13759616017341614,0.13254347443580627,0.11642641574144363,0.08959364145994186,0.06859643012285233,0.047348495572805405
68,THA,Thailand,2021,-6.593542575836182,-0.1658838987350464,5.219387054443359,5,-0.2564157247543335,-0.22457081079483032,-0.3106171190738678,-0.23405922949314117,0.07177300751209259,0.09464333951473236,0.11341678351163864,0.12806223332881927,0.13759616017341614,0.13254347443580627,0.11642641574144363,0.08959364145994186,0.06859643012285233,0.047348495572805405
68,THA,Thailand,2022,-7.6401472091674805,-0.1540774405002594,5.219387054443359,5,-0.2564157247543335,-0.22457081079483032,-0.3106171190738678,-0.23405922949314117,0.07177300751209259,0.09464333951473236,0.11341678351163864,0.12806223332881927,0.13759616017341614,0.13254347443580627,0.11642641574144363,0.08959364145994186,0.06859643012285233,0.047348495572805405
68,THA,Thailand,2023,-9.644476890563965,-0.16116005182266235,5.219387054443359,5,-0.2564157247543335,-0.22457081079483032,-0.3106171190738678,-0.23405922949314117,0.07177300751209259,0.09464333951473236,0.11341678351163864,0.12806223332881927,0.13759616017341614,0.13254347443580627,0.11642641574144363,0.08959364145994186,0.06859643012285233,0.047348495572805405
69,TKM,Turkmenistan,2018,-0.8944293856620789,-0.18816396594047546,3.848607301712036,4,-2.006190538406372,-1.8531438112258911,-2.4522314071655273,-1.7131962776184082,0.0,0.0,0.1513926088809967,0.8486073613166809,0.0,0.0,0.0,0.0,0.0,0.0
69,TKM,Turkmenistan,2019,1.0794837474822998,0.2269682139158249,3.848607301712036,4,-2.006190538406372,-1.8531438112258911,-2.4522314071655273,-1.7131962776184082,0.0,0.0,0.1513926088809967,0.8486073613166809,0.0,0.0,0.0,0.0,0.0,0.0
69,TKM,Turkmenistan,2020,1.1499806642532349,0.3796153962612152,3.848607301712036,4,-2.006190538406372,-1.8531438112258911,-2.4522314071655273,-1.7131962776184082,0.0,0.0,0.1513926088809967,0.8486073613166809,0.0,0.0,0.0,0.0,0.0,0.0
69,TKM,Turkmenistan,2021,-3.7143051624298096,0.4349292814731598,3.848607301712036,4,-2.006190538406372,-1.8531438112258911,-2.4522314071655273,-1.7131962776184082,0.0,0.0,0.1513926088809967,0.8486073613166809,0.0,0.0,0.0,0.0,0.0,0.0
69,TKM,Turkmenistan,2022,-2.6568517684936523,0.45041295886039734,3.848607301712036,4,-2.006190538406372,-1.8531438112258911,-2.4522314071655273,-1.7131962776184082,0.0,0.0,0.1513926088809967,0.8486073613166809,0.0,0.0,0.0,0.0,0.0,0.0
69,TKM,Turkmenistan,2023,-1.52890145778656,0.44710007309913635,3.848607301712036,4,-2.006190538406372,-1.8531438112258911,-2.4522314071655273,-1.7131962776184082,0.0,0.0,0.1513926088809967,0.8486073613166809,0.0,0.0,0.0,0.0,0.0,0.0
70,TTO,Trinidad and Tobago,2018,1.318193793296814,0.7936562299728394,4.994402885437012,5,-0.04588906839489937,-0.1480531096458435,0.11017729341983795,-0.09979138523340225,0.09106241911649704,0.10745247453451157,0.1186724379658699,0.12643422186374664,0.1320343017578125,0.12589026987552643,0.11037399619817734,0.0904294103384018,0.061389945447444916,0.03626053407788277
70,TTO,Trinidad and Tobago,2019,1.3760409355163574,0.674399733543396,4.994402885437012,5,-0.04588906839489937,-0.1480531096458435,0.11017729341983795,-0.09979138523340225,0.09106241911649704,0.10745247453451157,0.1186724379658699,0.12643422186374664,0.1320343017578125,0.12589026987552643,0.11037399619817734,0.0904294103384018,0.061389945447444916,0.03626053407788277
70,TTO,Trinidad and Tobago,2020,1.318193793296814,0.5995219945907593,4.994402885437012,5,-0.04588906839489937,-0.1480531096458435,0.11017729341983795,-0.09979138523340225,0.09106241911649704,0.10745247453451157,0.1186724379658699,0.12643422186374664,0.1320343017578125,0.12589026987552643,0.11037399619817734,0.0904294103384018,0.061389945447444916,0.03626053407788277
70,TTO,Trinidad and Tobago,2021,1.665277123451233,0.4957488775253296,4.994402885437012,5,-0.04588906839489937,-0.1480531096458435,0.11017729341983795,-0.09979138523340225,0.09106241911649704,0.10745247453451157,0.1186724379658699,0.12643422186374664,0.1320343017578125,0.12589026987552643,0.11037399619817734,0.0904294103384018,0.061389945447444916,0.03626053407788277
70,TTO,Trinidad and Tobago,2022,2.058638334274292,0.41036805510520935,4.994402885437012,5,-0.04588906839489937,-0.1480531096458435,0.11017729341983795,-0.09979138523340225,0.09106241911649704,0.10745247453451157,0.1186724379658699,0.12643422186374664,0.1320343017578125,0.12589026987552643,0.11037399619817734,0.0904294103384018,0.061389945447444916,0.03626053407788277
70,TTO,Trinidad and Tobago,2023,2.058638334274292,0.3411066234111786,4.994402885437012,5,-0.04588906839489937,-0.1480531096458435,0.11017729341983795,-0.09979138523340225,0.09106241911649704,0.10745247453451157,0.1186724379658699,0.12643422186374664,0.1320343017578125,0.12589026987552643,0.11037399619817734,0.0904294103384018,0.061389945447444916,0.03626053407788277
71,TUR,Turkey,2018,-0.10262159258127213,0.022438153624534607,5.5,1,-0.3568929135799408,-0.3960716426372528,-0.2856121361255646,-0.3889949917793274,0.10000000149011612,0.10000000149011612,0.10000000149011612,0.10000000149011612,0.10000000149011612,0.10000000149011612,0.10000000149011612,0.10000000149011612,0.10000000149011612,0.10000000149011612
71,TUR,Turkey,2019,-1.772402048110962,0.2737852931022644,5.5,1,-0.3568929135799408,-0.3960716426372528,-0.2856121361255646,-0.3889949917793274,0.10000000149011612,0.10000000149011612,0.10000000149011612,0.10000000149011612,0.10000000149011612,0.10000000149011612,0.10000000149011612,0.10000000149011612,0.10000000149011612,0.10000000149011612
71,TUR,Turkey,2020,-1.959740161895752,0.38741427659988403,5.5,1,-0.3568929135799408,-0.3960716426372528,-0.2856121361255646,-0.3889949917793274,0.10000000149011612,0.10000000149011612,0.10000000149011612,0.10000000149011612,0.10000000149011612,0.10000000149011612,0.10000000149011612,0.10000000149011612,0.10000000149011612,0.10000000149011612
71,TUR,Turkey,2021,-1.391783356666565,0.45550182461738586,5.5,1,-0.3568929135799408,-0.3960716426372528,-0.2856121361255646,-0.3889949917793274,0.10000000149011612,0.10000000149011612,0.10000000149011612,0.10000000149011612,0.10000000149011612,0.10000000149011612,0.10000000149011612,0.10000000149011612,0.10000000149011612,0.10000000149011612
71,TUR,Turkey,2022,-1.788352370262146,0.4911016523838043,5.5,1,-0.3568929135799408,-0.3960716426372528,-0.2856121361255646,-0.3889949917793274,0.10000000149011612,0.10000000149011612,0.10000000149011612,0.10000000149011612,0.10000000149011612,0.10000000149011612,0.10000000149011612,0.10000000149011612,0.10000000149011612,0.10000000149011612
71,TUR,Turkey,2023,-1.6069564819335938,0.5084801912307739,5.5,1,-0.3568929135799408,-0.3960716426372528,-0.2856121361255646,-0.3889949917793274,0.10000000149011612,0.10000000149011612,0.10000000149011612,0.10000000149011612,0.10000000149011612,0.10000000149011612,0.10000000149011612,0.10000000149011612,0.10000000149011612,0.10000000149011612
72,UKR,Ukraine,2018,-3.635014295578003,-0.18221861124038696,5.432633876800537,5,-1.2346214056015015,-1.3236093521118164,-1.1485481262207031,-1.2317067384719849,0.026784436777234077,0.18067027628421783,0.017030950635671616,0.14319922029972076,0.19115446507930756,0.14808213710784912,0.062248509377241135,0.0,0.1676853746175766,0.06314461678266525
72,UKR,Ukraine,2019,-4.1212358474731445,0.19633877277374268,5.432633876800537,5,-1.2346214056015015,-1.3236093521118164,-1.1485481262207031,-1.2317067384719849,0.026784436777234077,0.18067027628421783,0.017030950635671616,0.14319922029972076,0.19115446507930756,0.14808213710784912,0.062248509377241135,0.0,0.1676853746175766,0.06314461678266525
72,UKR,Ukraine,2020,-5.126094341278076,0.41531410813331604,5.432633876800537,5,-1.2346214056015015,-1.3236093521118164,-1.1485481262207031,-1.2317067384719849,0.026784436777234077,0.18067027628421783,0.017030950635671616,0.14319922029972076,0.19115446507930756,0.14808213710784912,0.062248509377241135,0.0,0.1676853746175766,0.06314461678266525
72,UKR,Ukraine,2021,-7.988569259643555,0.5480701923370361,5.432633876800537,5,-1.2346214056015015,-1.3236093521118164,-1.1485481262207031,-1.2317067384719849,0.026784436777234077,0.18067027628421783,0.017030950635671616,0.14319922029972076,0.19115446507930756,0.14808213710784912,0.062248509377241135,0.0,0.1676853746175766,0.06314461678266525
72,UKR,Ukraine,2022,-9.796317100524902,0.6162217855453491,5.432633876800537,5,-1.2346214056015015,-1.3236093521118164,-1.1485481262207031,-1.2317067384719849,0.026784436777234077,0.18067027628421783,0.017030950635671616,0.14319922029972076,0.19115446507930756,0.14808213710784912,0.062248509377241135,0.0,0.1676853746175766,0.06314461678266525
72,UKR,Ukraine,2023,-9.796317100524902,0.6664102077484131,5.432633876800537,5,-1.2346214056015015,-1.3236093521118164,-1.1485481262207031,-1.2317067384719849,0.026784436777234077,0.18067027628421783,0.017030950635671616,0.14319922029972076,0.19115446507930756,0.14808213710784912,0.062248509377241135,0.0,0.1676853746175766,0.06314461678266525
73,USA,United States,2018,-7.697317123413086,-0.8303489685058594,5.280064105987549,5,1.167035460472107,1.1881818771362305,1.1316249370574951,1.1812996864318848,0.0,0.0,0.033221106976270676,0.20620185136795044,0.33302825689315796,0.3023894429206848,0.125159353017807,0.0,0.0,0.0
73,USA,United States,2019,-9.035722732543945,-1.1867868900299072,5.280064105987549,5,1.167035460472107,1.1881818771362305,1.1316249370574951,1.1812996864318848,0.0,0.0,0.033221106976270676,0.20620185136795044,0.33302825689315796,0.3023894429206848,0.125159353017807,0.0,0.0,0.0
73,USA,United States,2020,-10.637649536132812,-1.4600459337234497,5.280064105987549,5,1.167035460472107,1.1881818771362305,1.1316249370574951,1.1812996864318848,0.0,0.0,0.033221106976270676,0.20620185136795044,0.33302825689315796,0.3023894429206848,0.125159353017807,0.0,0.0,0.0
73,USA,United States,2021,-9.941286087036133,-1.6626075506210327,5.280064105987549,5,1.167035460472107,1.1881818771362305,1.1316249370574951,1.1812996864318848,0.0,0.0,0.033221106976270676,0.20620185136795044,0.33302825689315796,0.3023894429206848,0.125159353017807,0.0,0.0,0.0
73,USA,United States,2022,-10.715087890625,-1.8196460008621216,5.280064105987549,5,1.167035460472107,1.1881818771362305,1.1316249370574951,1.1812996864318848,0.0,0.0,0.033221106976270676,0.20620185136795044,0.33302825689315796,0.3023894429206848,0.125159353017807,0.0,0.0,0.0
73,USA,United States,2023,-11.726405143737793,-1.9375331401824951,5.280064105987549,5,1.167035460472107,1.1881818771362305,1.1316249370574951,1.1812996864318848,0.0,0.0,0.033221106976270676,0.20620185136795044,0.33302825689315796,0.3023894429206848,0.125159353017807,0.0,0.0,0.0
74,UZB,Uzbekistan,2018,1.4206937551498413,-0.09371201694011688,4.5045671463012695,2,-1.8003510236740112,-1.597791075706482,-2.1902878284454346,-1.6129741668701172,0.14850687980651855,0.1819920688867569,0.1465846747159958,0.09833092242479324,0.09138771146535873,0.07403343915939331,0.057525232434272766,0.0513291172683239,0.05854994058609009,0.09176000952720642
74,UZB,Uzbekistan,2019,0.9323561787605286,0.2608783543109894,4.5045671463012695,2,-1.8003510236740112,-1.597791075706482,-2.1902878284454346,-1.6129741668701172,0.14850687980651855,0.1819920688867569,0.1465846747159958,0.09833092242479324,0.09138771146535873,0.07403343915939331,0.057525232434272766,0.0513291172683239,0.05854994058609009,0.09176000952720642
74,UZB,Uzbekistan,2020,1.6637600660324097,0.4319179356098175,4.5045671463012695,2,-1.8003510236740112,-1.597791075706482,-2.1902878284454346,-1.6129741668701172,0.14850687980651855,0.1819920688867569,0.1465846747159958,0.09833092242479324,0.09138771146535873,0.07403343915939331,0.057525232434272766,0.0513291172683239,0.05854994058609009,0.09176000952720642
74,UZB,Uzbekistan,2021,1.6973286867141724,0.5329968929290771,4.5045671463012695,2,-1.8003510236740112,-1.597791075706482,-2.1902878284454346,-1.6129741668701172,0.14850687980651855,0.1819920688867569,0.1465846747159958,0.09833092242479324,0.09138771146535873,0.07403343915939331,0.057525232434272766,0.0513291172683239,0.05854994058609009,0.09176000952720642
74,UZB,Uzbekistan,2022,0.9835667014122009,0.5922375917434692,4.5045671463012695,2,-1.8003510236740112,-1.597791075706482,-2.1902878284454346,-1.6129741668701172,0.14850687980651855,0.1819920688867569,0.1465846747159958,0.09833092242479324,0.09138771146535873,0.07403343915939331,0.057525232434272766,0.0513291172683239,0.05854994058609009,0.09176000952720642
74,UZB,Uzbekistan,2023,0.9794012308120728,0.6312726736068726,4.5045671463012695,2,-1.8003510236740112,-1.597791075706482,-2.1902878284454346,-1.6129741668701172,0.14850687980651855,0.1819920688867569,0.1465846747159958,0.09833092242479324,0.09138771146535873,0.07403343915939331,0.057525232434272766,0.0513291172683239,0.05854994058609009,0.09176000952720642
75,VEN,Venezuela,2018,4.365685939788818,0.01577812433242798,7.952174186706543,8,-1.5081526041030884,-1.3741530179977417,-1.5062425136566162,-1.6440623998641968,0.0,0.0,0.0,0.01849464140832424,0.05788811668753624,0.12076655775308609,0.15401680767536163,0.24367831647396088,0.2149440497159958,0.19021150469779968
75,VEN,Venezuela,2019,4.361935615539551,0.0939614474773407,7.952174186706543,8,-1.5081526041030884,-1.3741530179977417,-1.5062425136566162,-1.6440623998641968,0.0,0.0,0.0,0.01849464140832424,0.05788811668753624,0.12076655775308609,0.15401680767536163,0.24367831647396088,0.2149440497159958,0.19021150469779968
75,VEN,Venezuela,2020,-2.0265071392059326,0.16217687726020813,7.952174186706543,8,-1.5081526041030884,-1.3741530179977417,-1.5062425136566162,-1.6440623998641968,0.0,0.0,0.0,0.01849464140832424,0.05788811668753624,0.12076655775308609,0.15401680767536163,0.24367831647396088,0.2149440497159958,0.19021150469779968
75,VEN,Venezuela,2021,-2.5107500553131104,0.2039909064769745,7.952174186706543,8,-1.5081526041030884,-1.3741530179977417,-1.5062425136566162,-1.6440623998641968,0.0,0.0,0.0,0.01849464140832424,0.05788811668753624,0.12076655775308609,0.15401680767536163,0.24367831647396088,0.2149440497159958,0.19021150469779968
75,VEN,Venezuela,2022,-2.220579147338867,0.2455635964870453,7.952174186706543,8,-1.5081526041030884,-1.3741530179977417,-1.5062425136566162,-1.6440623998641968,0.0,0.0,0.0,0.01849464140832424,0.05788811668753624,0.12076655775308609,0.15401680767536163,0.24367831647396088,0.2149440497159958,0.19021150469779968
75,VEN,Venezuela,2023,-2.2290172576904297,0.25174880027770996,7.952174186706543,8,-1.5081526041030884,-1.3741530179977417,-1.5062425136566162,-1.6440623998641968,0.0,0.0,0.0,0.01849464140832424,0.05788811668753624,0.12076655775308609,0.15401680767536163,0.24367831647396088,0.2149440497159958,0.19021150469779968
76,VNM,Vietnam,2018,1.8500128984451294,0.5508222579956055,5.5,1,-1.0041168928146362,-0.9023603796958923,-1.090646505355835,-1.0193438529968262,0.10000000149011612,0.10000000149011612,0.10000000149011612,0.10000000149011612,0.10000000149011612,0.10000000149011612,0.10000000149011612,0.10000000149011612,0.10000000149011612,0.10000000149011612
76,VNM,Vietnam,2019,3.117563009262085,0.7524116039276123,5.5,1,-1.0041168928146362,-0.9023603796958923,-1.090646505355835,-1.0193438529968262,0.10000000149011612,0.10000000149011612,0.10000000149011612,0.10000000149011612,0.10000000149011612,0.10000000149011612,0.10000000149011612,0.10000000149011612,0.10000000149011612,0.10000000149011612
76,VNM,Vietnam,2020,2.663336753845215,0.8859471082687378,5.5,1,-1.0041168928146362,-0.9023603796958923,-1.090646505355835,-1.0193438529968262,0.10000000149011612,0.10000000149011612,0.10000000149011612,0.10000000149011612,0.10000000149011612,0.10000000149011612,0.10000000149011612,0.10000000149011612,0.10000000149011612,0.10000000149011612
76,VNM,Vietnam,2021,1.7106215953826904,0.8763008117675781,5.5,1,-1.0041168928146362,-0.9023603796958923,-1.090646505355835,-1.0193438529968262,0.10000000149011612,0.10000000149011612,0.10000000149011612,0.10000000149011612,0.10000000149011612,0.10000000149011612,0.10000000149011612,0.10000000149011612,0.10000000149011612,0.10000000149011612
76,VNM,Vietnam,2022,0.6460008025169373,0.8475939035415649,5.5,1,-1.0041168928146362,-0.9023603796958923,-1.090646505355835,-1.0193438529968262,0.10000000149011612,0.10000000149011612,0.10000000149011612,0.10000000149011612,0.10000000149011612,0.10000000149011612,0.10000000149011612,0.10000000149011612,0.10000000149011612,0.10000000149011612
76,VNM,Vietnam,2023,1.6631464958190918,0.8388615846633911,5.5,1,-1.0041168928146362,-0.9023603796958923,-1.090646505355835,-1.0193438529968262,0.10000000149011612,0.10000000149011612,0.10000000149011612,0.10000000149011612,0.10000000149011612,0.10000000149011612,0.10000000149011612,0.10000000149011612,0.10000000149011612,0.10000000149011612
77,ZAF,South Africa,2018,-6.3950324058532715,0.4370959997177124,4.027133464813232,3,-0.0641661062836647,-0.015326484106481075,0.13372927904129028,-0.31090110540390015,0.13596966862678528,0.1522662192583084,0.15954101085662842,0.15750940144062042,0.1349318027496338,0.10546520352363586,0.0834348052740097,0.051460202783346176,0.01942167617380619,0.0
77,ZAF,South Africa,2019,-8.257451057434082,0.6921111345291138,4.027133464813232,3,-0.0641661062836647,-0.015326484106481075,0.13372927904129028,-0.31090110540390015,0.13596966862678528,0.1522662192583084,0.15954101085662842,0.15750940144062042,0.1349318027496338,0.10546520352363586,0.0834348052740097,0.051460202783346176,0.01942167617380619,0.0
77,ZAF,South Africa,2020,-7.980379581451416,0.7972854375839233,4.027133464813232,3,-0.0641661062836647,-0.015326484106481075,0.13372927904129028,-0.31090110540390015,0.13596966862678528,0.1522662192583084,0.15954101085662842,0.15750940144062042,0.1349318027496338,0.10546520352363586,0.0834348052740097,0.051460202783346176,0.01942167617380619,0.0
77,ZAF,South Africa,2021,-12.659340858459473,0.8112897872924805,4.027133464813232,3,-0.0641661062836647,-0.015326484106481075,0.13372927904129028,-0.31090110540390015,0.13596966862678528,0.1522662192583084,0.15954101085662842,0.15750940144062042,0.1349318027496338,0.10546520352363586,0.0834348052740097,0.051460202783346176,0.01942167617380619,0.0
77,ZAF,South Africa,2022,-15.694624900817871,0.8537535667419434,4.027133464813232,3,-0.0641661062836647,-0.015326484106481075,0.13372927904129028,-0.31090110540390015,0.13596966862678528,0.1522662192583084,0.15954101085662842,0.15750940144062042,0.1349318027496338,0.10546520352363586,0.0834348052740097,0.051460202783346176,0.01942167617380619,0.0
77,ZAF,South Africa,2023,-19.3819637298584,0.8129242658615112,4.027133464813232,3,-0.0641661062836647,-0.015326484106481075,0.13372927904129028,-0.31090110540390015,0.13596966862678528,0.1522662192583084,0.15954101085662842,0.15750940144062042,0.1349318027496338,0.10546520352363586,0.0834348052740097,0.051460202783346176,0.01942167617380619,0.0
