epoch,train_total_loss,train_task_loss,train_recon_loss,train_anchor_recon_loss,train_omega_entropy_penalty,train_omega_entropy_band_violation_share,train_z_anchor_loss,train_grad_norm,train_grad_norm_total,train_grad_norm_main,train_grad_norm_proxy_head,train_clip_applied,val_total_loss,val_task_loss,val_recon_loss,val_anchor_recon_loss,val_omega_entropy_penalty,val_omega_entropy_band_violation_share,val_z_anchor_loss,val_mse,val_mae,val_r2,val_kstar_mean,val_kstar_std,val_kstar_anchor_proxy_index,val_kstar_anchor_expected_sign,val_kstar_proxy_spearman_rho,val_kstar_proxy_spearman_p,val_kstar_proxy_spearman_adjusted_rho,val_kstar_proxy_metric_valid,val_kstar_proxy_mean_spearman_rho,val_kstar_proxy_mean_spearman_p,val_kstar_proxy_mean_spearman_adjusted_rho,val_kstar_proxy_mean_metric_valid,val_kstar_proxy_1_spearman_rho,val_kstar_proxy_1_spearman_p,val_kstar_proxy_1_spearman_adjusted_rho,val_kstar_proxy_1_metric_valid,val_kstar_proxy_income_level_spearman_rho,val_kstar_proxy_income_level_spearman_adjusted_rho,val_kstar_proxy_2_spearman_rho,val_kstar_proxy_2_spearman_p,val_kstar_proxy_2_spearman_adjusted_rho,val_kstar_proxy_2_metric_valid,val_kstar_proxy_income_recent_level_spearman_rho,val_kstar_proxy_income_recent_level_spearman_adjusted_rho,val_kstar_proxy_3_spearman_rho,val_kstar_proxy_3_spearman_p,val_kstar_proxy_3_spearman_adjusted_rho,val_kstar_proxy_3_metric_valid,val_kstar_proxy_income_growth_signal_spearman_rho,val_kstar_proxy_income_growth_signal_spearman_adjusted_rho,val_kstar_anchor_q1_mean,val_kstar_anchor_q1_count,val_kstar_anchor_q2_mean,val_kstar_anchor_q2_count,val_kstar_anchor_q3_mean,val_kstar_anchor_q3_count,val_kstar_anchor_q4_mean,val_kstar_anchor_q4_count,val_omega_entropy_mean,val_omega_entropy_std,val_omega_top1_share,val_omega_peak_share_1,val_omega_peak_share_2,val_omega_peak_share_3,val_z_std,val_z_proxy_spearman_rho,val_z_proxy_spearman_p,val_z_proxy_spearman_adjusted_rho,val_z_proxy_metric_valid,val_z_anchor_spearman_rho,val_z_anchor_spearman_p,val_z_anchor_expected_sign,val_z_anchor_adjusted_rho,val_z_anchor_metric_valid,val_lag_gate_sensitivity_slope,val_lag_gate_sensitivity_range,val_lag_gate_grid_min_kstar,val_lag_gate_grid_max_kstar,val_proxy_recon_r2,val_proxy_anchor_recon_r2,val_proxy_metric_valid,val_proxy_1_recon_r2,val_proxy_proxy_income_level_recon_r2,val_proxy_2_recon_r2,val_proxy_proxy_income_recent_level_recon_r2,val_proxy_3_recon_r2,val_proxy_proxy_income_growth_signal_recon_r2
1.0,1.2250614166259766,1.0504894256591797,1.745720386505127,1.882568120956421,0.0,0.0,0.0,2.4513814589685943,2.4513814589685943,2.4491675490080214,0.10416032959353806,1.0,4.730575084686279,4.554183006286621,1.7639223337173462,1.9088013172149658,0.0,0.0,0.0,4.554183349695883,2.108761204140527,0.0,2.3164942264556885,0.13289350790691434,0.0,-1.0,-0.3311688311688311,0.14253086581850202,0.3311688311688311,1.0,-0.5662337662337662,0.007452803836674509,0.5662337662337662,1.0,-0.3311688311688311,0.14253086581850202,0.3311688311688311,1.0,-0.3311688311688311,0.3311688311688311,-0.42337662337662335,0.05582289840720049,0.42337662337662335,1.0,-0.42337662337662335,0.42337662337662335,-0.803896103896104,1.131251024608457e-05,0.803896103896104,1.0,-0.803896103896104,0.803896103896104,2.3134453694025674,6.0,2.4015198707580567,5.0,2.4061123371124267,5.0,2.1455090999603272,5.0,0.8865320982745911,0.047564318810636046,0.5714285714285714,0.0,0.5714285714285714,0.42857142857142855,0.14944925046239566,0.3311688311688311,0.14253086581850202,-0.3311688311688311,1.0,0.3311688311688311,0.14253086581850202,-1.0,-0.3311688311688311,1.0,-0.8985939860089845,0.3502345085144043,2.1316657066345215,2.481900215148926,-0.7639226041228628,-0.9088014985456969,1.0,-0.9088014985456969,-0.9088014985456969,-1.2527504225450166,-1.2527504225450166,-0.1302158912778768,-0.1302158912778768
2.0,1.2035541534423828,1.027161955833435,1.7639223337173462,1.9088013172149658,0.0,0.0,0.0,2.3784518911940626,2.3784518911940626,2.3760843963729386,0.10609590019251894,1.0,4.6358489990234375,4.457615852355957,1.7823330163955688,1.9353582859039307,0.0,0.0,0.0,4.457615927798276,2.087290845811367,0.0,2.3430488109588623,0.13583362320154144,0.0,-1.0,-0.3311688311688311,0.14253086581850202,0.3311688311688311,1.0,-0.5662337662337662,0.007452803836674509,0.5662337662337662,1.0,-0.3311688311688311,0.14253086581850202,0.3311688311688311,1.0,-0.3311688311688311,0.3311688311688311,-0.42337662337662335,0.05582289840720049,0.42337662337662335,1.0,-0.42337662337662335,0.42337662337662335,-0.803896103896104,1.131251024608457e-05,0.803896103896104,1.0,-0.803896103896104,0.803896103896104,2.346342444419861,6.0,2.4299833297729494,5.0,2.431762218475342,5.0,2.1634478092193605,5.0,0.8895544992688449,0.03900413131477915,0.5714285714285714,0.0,0.5714285714285714,0.42857142857142855,0.15467180104204095,0.3311688311688311,0.14253086581850202,-0.3311688311688311,1.0,0.3311688311688311,0.14253086581850202,-1.0,-0.3311688311688311,1.0,-0.8914889105111583,0.3564186096191406,2.1501400470733643,2.506558656692505,-0.7823329185209119,-0.9353585503773059,1.0,-0.9353585503773059,-0.9353585503773059,-1.2821739672359191,-1.2821739672359191,-0.1294662379495124,-0.1294662379495124
3.0,1.1781796216964722,0.9999462962150574,1.7823330163955688,1.9353582859039307,0.0,0.0,0.0,2.2957796956475853,2.2957796956475853,2.293233276046532,0.1080997344150774,1.0,4.539350509643555,4.359278202056885,1.8007248640060425,1.9619543552398682,0.0,0.0,0.0,4.359277712110356,2.0652895889111926,0.0,2.368858814239502,0.1362837716208749,0.0,-1.0,-0.3311688311688311,0.14253086581850202,0.3311688311688311,1.0,-0.5662337662337662,0.007452803836674509,0.5662337662337662,1.0,-0.3311688311688311,0.14253086581850202,0.3311688311688311,1.0,-0.3311688311688311,0.3311688311688311,-0.42337662337662335,0.05582289840720049,0.42337662337662335,1.0,-0.42337662337662335,0.42337662337662335,-0.803896103896104,1.131251024608457e-05,0.803896103896104,1.0,-0.803896103896104,0.803896103896104,2.378736694653829,6.0,2.4561681747436523,5.0,2.4548043251037597,5.0,2.1837512969970705,5.0,0.8905827853575312,0.032384469393746576,0.5714285714285714,0.0,0.42857142857142855,0.5714285714285714,0.15945651143505948,0.3311688311688311,0.14253086581850202,-0.3311688311688311,1.0,0.3311688311688311,0.14253086581850202,-1.0,-0.3311688311688311,1.0,-0.8688731405518321,0.3560032844543457,2.171173334121704,2.52717661857605,-0.8007247438190901,-0.9619544584040707,1.0,-0.9619544584040707,-0.9619544584040707,-1.3116034323789116,-1.3116034323789116,-0.1286163406742884,-0.1286163406742884
4.0,1.1567606925964355,0.9766882658004761,1.8007248640060425,1.9619543552398682,0.0,0.0,0.0,2.230841765982545,2.230841765982545,2.228120038849457,0.11016386580731416,1.0,4.4412102699279785,4.259274959564209,1.8193528652191162,1.9889079332351685,0.0,0.0,0.0,4.2592752880831695,2.042734981470165,0.0,2.3935933113098145,0.13456128869716172,0.0,-1.0,-0.33246753246753247,0.1408769956693398,0.33246753246753247,1.0,-0.5701298701298702,0.00696616651488971,0.5701298701298702,1.0,-0.33246753246753247,0.1408769956693398,0.33246753246753247,1.0,-0.33246753246753247,0.33246753246753247,-0.42727272727272725,0.053370405215496956,0.42727272727272725,1.0,-0.42727272727272725,0.42727272727272725,-0.8077922077922077,9.502614930342757e-06,0.8077922077922077,1.0,-0.8077922077922077,0.8077922077922077,2.4099285205205283,6.0,2.479852056503296,5.0,2.4753236770629883,5.0,2.2060011863708495,5.0,0.8896791176607591,0.029769206475145884,0.5714285714285714,0.0,0.42857142857142855,0.5714285714285714,0.1641722655981788,0.33246753246753247,0.1408769956693398,-0.33246753246753247,1.0,0.33246753246753247,0.1408769956693398,-1.0,-0.33246753246753247,1.0,-0.8314628959966847,0.34958767890930176,2.1945159435272217,2.5441036224365234,-0.8193529601157508,-0.9889080137436124,1.0,-0.9889080137436124,-0.9889080137436124,-1.3414030013282616,-1.3414030013282616,-0.1277478652753794,-0.1277478652753794
5.0,1.135543704032898,0.9536083936691284,1.8193528652191162,1.9889079332351685,0.0,0.0,0.0,2.1684658196611837,2.1684658196611837,2.165555983960316,0.11230000611094074,1.0,4.341761589050293,4.15802526473999,1.837361216545105,2.0150604248046875,0.0,0.0,0.0,4.158025324006974,2.0196456240401384,0.0,2.416821241378784,0.13043054399239815,0.0,-1.0,-0.33246753246753247,0.1408769956693398,0.33246753246753247,1.0,-0.5701298701298702,0.00696616651488971,0.5701298701298702,1.0,-0.33246753246753247,0.1408769956693398,0.33246753246753247,1.0,-0.33246753246753247,0.33246753246753247,-0.42727272727272725,0.053370405215496956,0.42727272727272725,1.0,-0.42727272727272725,0.42727272727272725,-0.8077922077922077,9.502614930342757e-06,0.8077922077922077,1.0,-0.8077922077922077,0.8077922077922077,2.438734253247579,6.0,2.5004772663116457,5.0,2.49308295249939,5.0,2.230609130859375,5.0,0.8873993628061307,0.03159739538549645,0.6666666666666666,0.0,0.3333333333333333,0.6666666666666666,0.1681567641402468,0.33246753246753247,0.1408769956693398,-0.33246753246753247,1.0,0.33246753246753247,0.1408769956693398,-1.0,-0.33246753246753247,1.0,-0.7819653113358807,0.3368110656738281,2.220386028289795,2.557197093963623,-0.8373612467386741,-1.015060555326483,1.0,-1.015060555326483,-1.015060555326483,-1.3702831844751273,-1.3702831844751273,-0.1267400004144128,-0.1267400004144128
6.0,1.1107760667800903,0.9270399808883667,1.837361216545105,2.0150604248046875,0.0,0.0,0.0,2.072989595110635,2.072989595110635,2.0698284126392132,0.11443864586925749,1.0,4.2419257164001465,4.056449890136719,1.854756236076355,2.040424346923828,0.0,0.0,0.0,4.056449730039806,1.9961592368781567,0.0,2.438570976257324,0.12419228451137428,0.0,-1.0,-0.33246753246753247,0.1408769956693398,0.33246753246753247,1.0,-0.5701298701298702,0.00696616651488971,0.5701298701298702,1.0,-0.33246753246753247,0.1408769956693398,0.33246753246753247,1.0,-0.33246753246753247,0.33246753246753247,-0.42727272727272725,0.053370405215496956,0.42727272727272725,1.0,-0.42727272727272725,0.42727272727272725,-0.8077922077922077,9.502614930342757e-06,0.8077922077922077,1.0,-0.8077922077922077,0.8077922077922077,2.464898626009623,6.0,2.518246364593506,5.0,2.508477783203125,5.0,2.2573951721191405,5.0,0.8839258813430859,0.0363744105023828,0.7142857142857143,0.0,0.2857142857142857,0.7142857142857143,0.17147003447835915,0.33246753246753247,0.1408769956693398,-0.33246753246753247,1.0,0.33246753246753247,0.1408769956693398,-1.0,-0.33246753246753247,1.0,-0.7226412951112667,0.3183896541595459,2.248669147491455,2.567058801651001,-0.8547560967971893,-1.0404244111062289,1.0,-1.0404244111062289,-1.0404244111062289,-1.3982406725297096,-1.3982406725297096,-0.12560320675563097,-0.12560320675563097
7.0,1.0900537967681885,0.9045782089233398,1.854756236076355,2.040424346923828,0.0,0.0,0.0,1.9870876141664435,1.9870876141664435,1.9836653339175359,0.11657199229454572,1.0,4.14296293258667,3.9558160305023193,1.8714698553085327,2.064906597137451,0.0,0.0,0.0,3.9558162681698277,1.9725151008793287,0.0,2.4588468074798584,0.11610863879035813,0.0,-1.0,-0.33246753246753247,0.1408769956693398,0.33246753246753247,1.0,-0.5701298701298702,0.00696616651488971,0.5701298701298702,1.0,-0.33246753246753247,0.1408769956693398,0.33246753246753247,1.0,-0.33246753246753247,0.33246753246753247,-0.42727272727272725,0.053370405215496956,0.42727272727272725,1.0,-0.42727272727272725,0.42727272727272725,-0.8077922077922077,9.502614930342757e-06,0.8077922077922077,1.0,-0.8077922077922077,0.8077922077922077,2.488187233606974,6.0,2.53330340385437,5.0,2.5218248844146727,5.0,2.2862037658691405,5.0,0.879414312810423,0.04211662404182307,0.7142857142857143,0.0,0.2857142857142857,0.7142857142857143,0.17407029028612153,0.33246753246753247,0.1408769956693398,-0.33246753246753247,1.0,0.33246753246753247,0.1408769956693398,-1.0,-0.33246753246753247,1.0,-0.6559191943803777,0.29503369331359863,2.2791852951049805,2.574218988418579,-0.8714699112070606,-1.0649065274665808,1.0,-1.0649065274665808,-1.0649065274665808,-1.4251785606979888,-1.4251785606979888,-0.12432464545661426,-0.12432464545661426
8.0,1.071061372756958,0.8839144110679626,1.8714698553085327,2.064906597137451,0.0,0.0,0.0,1.8988594940607282,1.8988594940607282,1.895146336696967,0.11869178863186347,1.0,4.04618501663208,3.8574483394622803,1.887367606163025,2.088301658630371,0.0,0.0,0.0,3.8574482988795364,1.9489994914758773,0.0,2.477524995803833,0.1065901423385796,0.0,-1.0,-0.33246753246753247,0.1408769956693398,0.33246753246753247,1.0,-0.5701298701298702,0.00696616651488971,0.5701298701298702,1.0,-0.33246753246753247,0.1408769956693398,0.33246753246753247,1.0,-0.33246753246753247,0.33246753246753247,-0.42727272727272725,0.053370405215496956,0.42727272727272725,1.0,-0.42727272727272725,0.42727272727272725,-0.8077922077922077,9.502614930342757e-06,0.8077922077922077,1.0,-0.8077922077922077,0.8077922077922077,2.5084089835484824,6.0,2.5457763195037844,5.0,2.533310651779175,5.0,2.3164270877838136,5.0,0.8739759781685082,0.04742969020807086,0.7142857142857143,0.0,0.2857142857142857,0.7142857142857143,0.17599799468777863,0.33246753246753247,0.1408769956693398,-0.33246753246753247,1.0,0.33246753246753247,0.1408769956693398,-1.0,-0.33246753246753247,1.0,-0.5846155308614772,0.26787328720092773,2.3112740516662598,2.5791473388671875,-0.8873675318050935,-1.0883018434997163,1.0,-1.0883018434997163,-1.0883018434997163,-1.4508812997295562,-1.4508812997295562,-0.12291945218600886,-0.12291945218600886
9.0,1.0520731210708618,0.8633363246917725,1.887367606163025,2.088301658630371,0.0,0.0,0.0,1.7905310063290154,1.7905310063290154,1.78645298388627,0.12077674026665677,1.0,3.9526257514953613,3.7624242305755615,1.9020150899887085,2.1099960803985596,0.0,0.0,0.0,3.7624244009536896,1.9258850044792606,0.0,2.49456787109375,0.09597271443673026,0.0,-1.0,-0.33246753246753247,0.1408769956693398,0.33246753246753247,1.0,-0.5701298701298702,0.00696616651488971,0.5701298701298702,1.0,-0.33246753246753247,0.1408769956693398,0.33246753246753247,1.0,-0.33246753246753247,0.33246753246753247,-0.42727272727272725,0.053370405215496956,0.42727272727272725,1.0,-0.42727272727272725,0.42727272727272725,-0.8077922077922077,9.502614930342757e-06,0.8077922077922077,1.0,-0.8077922077922077,0.8077922077922077,2.525519927342733,6.0,2.5558533668518066,5.0,2.54312949180603,5.0,2.347577524185181,5.0,0.867772688614446,0.051507595476718154,0.8571428571428571,0.0,0.14285714285714285,0.8571428571428571,0.17707543799399103,0.33246753246753247,0.1408769956693398,-0.33246753246753247,1.0,0.33246753246753247,0.1408769956693398,-1.0,-0.33246753246753247,1.0,-0.5116165708873132,0.23792171478271484,2.3443527221679688,2.5822744369506836,-0.9020151241836739,-1.1099960268001694,1.0,-1.1099960268001694,-1.1099960268001694,-1.4746891803875508,-1.4746891803875508,-0.12136016536330274,-0.12136016536330274
10.0,1.0347086191177368,0.844507098197937,1.9020150899887085,2.1099960803985596,0.0,0.0,0.0,1.6875545592982806,1.6875545592982806,1.6830821194365335,0.12278016876287512,1.0,3.8630385398864746,3.6714673042297363,1.9157111644744873,2.130408763885498,0.0,0.0,0.0,3.67146719814244,1.9033910914191179,0.0,2.5100128650665283,0.08472017652079925,0.0,-1.0,-0.3337662337662338,0.1392367176682507,0.3337662337662338,1.0,-0.5753246753246753,0.006358310845714959,0.5753246753246753,1.0,-0.3337662337662338,0.1392367176682507,0.3337662337662338,1.0,-0.3337662337662338,0.3337662337662338,-0.4285714285714285,0.05257154042070508,0.4285714285714285,1.0,-0.4285714285714285,0.4285714285714285,-0.8103896103896104,8.441533572149073e-06,0.8103896103896104,1.0,-0.8103896103896104,0.8103896103896104,2.539864102999369,6.0,2.5638785362243652,5.0,2.551461601257324,5.0,2.378877592086792,5.0,0.8608444124527447,0.053958465228585696,0.9523809523809523,0.0,0.047619047619047616,0.9523809523809523,0.17747348650061662,0.33246753246753247,0.1408769956693398,-0.33246753246753247,1.0,0.33246753246753247,0.1408769956693398,-1.0,-0.33246753246753247,1.0,-0.4387657381296013,0.20642948150634766,2.3775837421417236,2.5840132236480713,-0.9157111455234351,-1.1304091738376036,1.0,-1.1304091738376036,-1.1304091738376036,-1.4970552204823937,-1.4970552204823937,-0.1196690422503095,-0.1196690422503095
11.0,1.017094373703003,0.8255232572555542,1.9157111644744873,2.130408763885498,0.0,0.0,0.0,1.5839956418204926,1.5839956418204926,1.5790775036460625,0.12472542156767018,1.0,3.7778115272521973,3.5849812030792236,1.9283021688461304,2.149306535720825,0.0,0.0,0.0,3.5849812903364784,1.8816760136258035,0.0,2.523836135864258,0.07323974104313266,0.0,-1.0,-0.33896103896103896,0.1328105963995839,0.33896103896103896,1.0,-0.5857142857142857,0.005273422501026666,0.5857142857142857,1.0,-0.33896103896103896,0.1328105963995839,0.33896103896103896,1.0,-0.33896103896103896,0.33896103896103896,-0.4246753246753247,0.054996018009894246,0.4246753246753247,1.0,-0.4246753246753247,0.4246753246753247,-0.8272727272727272,3.733856467014014e-06,0.8272727272727272,1.0,-0.8272727272727272,0.8272727272727272,2.5516608158747354,6.0,2.5701084613800047,5.0,2.5584182262420656,5.0,2.4095911502838137,5.0,0.8533268761339491,0.054659877314927226,0.9523809523809523,0.0,0.047619047619047616,0.9523809523809523,0.17720885643964382,0.33246753246753247,0.1408769956693398,-0.33246753246753247,1.0,0.33246753246753247,0.1408769956693398,-1.0,-0.33246753246753247,1.0,-0.3680067288289463,0.17464613914489746,2.4101080894470215,2.584754228591919,-0.9283020108282988,-1.1493067198978295,1.0,-1.1493067198978295,-1.1493067198978295,-1.5177489100538835,-1.5177489100538835,-0.11785040253318457,-0.11785040253318457
12.0,1.0026150941848755,0.8097848892211914,1.9283021688461304,2.149306535720825,0.0,0.0,0.0,1.4885841436233547,1.4885841436233547,1.483191460423763,0.12659322404023526,1.0,3.6970314979553223,3.503061532974243,1.9396991729736328,2.1665611267089844,0.0,0.0,0.0,3.5030613743542114,1.8608192153984593,0.0,2.5360023975372314,0.06195180758427778,0.0,-1.0,-0.374025974025974,0.09485806555451039,0.374025974025974,1.0,-0.5948051948051949,0.004454414364936613,0.5948051948051949,1.0,-0.374025974025974,0.09485806555451039,0.374025974025974,1.0,-0.374025974025974,0.374025974025974,-0.4623376623376624,0.0348387956901551,0.4623376623376624,1.0,-0.4623376623376624,0.4623376623376624,-0.8181818181818182,5.85315443355282e-06,0.8181818181818182,1.0,-0.8181818181818182,0.8181818181818182,2.5611974795659385,6.0,2.574796533584595,5.0,2.564073181152344,5.0,2.4389038562774656,5.0,0.8454140801618899,0.05368064013967162,1.0,0.0,0.0,1.0,0.17629367596968776,0.33246753246753247,0.1408769956693398,-0.33246753246753247,1.0,0.33246753246753247,0.1408769956693398,-1.0,-0.33246753246753247,1.0,-0.30111461541953843,0.14513087272644043,2.4409806728363037,2.586111545562744,-0.9396991639145224,-1.1665612268016443,1.0,-1.1665612268016443,-1.1665612268016443,-1.5366282062209442,-1.5366282062209442,-0.11590805872097998,-0.11590805872097998
13.0,0.9877593517303467,0.7937894463539124,1.9396991729736328,2.1665611267089844,0.0,0.0,0.0,1.389995855923505,1.389995855923505,1.384055716217975,0.12836765125554836,1.0,3.6206111907958984,3.4256162643432617,1.9499499797821045,2.1822259426116943,0.0,0.0,0.0,3.4256162035327513,1.8408436241249244,0.0,2.5465242862701416,0.05120201688339053,0.0,-1.0,-0.45974025974025967,0.036008336368182216,0.45974025974025967,1.0,-0.6779220779220779,0.0007325317500767633,0.6779220779220779,1.0,-0.45974025974025967,0.036008336368182216,0.45974025974025967,1.0,-0.45974025974025967,0.45974025974025967,-0.5662337662337662,0.007452803836674509,0.5662337662337662,1.0,-0.5662337662337662,0.5662337662337662,-0.8610389610389609,5.43284638216625e-07,0.8610389610389609,1.0,-0.8610389610389609,0.8610389610389609,2.568798065185547,6.0,2.5781784534454344,5.0,2.5685060024261475,5.0,2.4661598205566406,5.0,0.8373077177101309,0.05126243411366609,1.0,0.0,0.0,1.0,0.17482301474581827,0.33246753246753247,0.1408769956693398,-0.33246753246753247,1.0,0.33246753246753247,0.1408769956693398,-1.0,-0.33246753246753247,1.0,-0.23905999527042718,0.11743521690368652,2.4694762229919434,2.58691143989563,-0.9499499218157886,-1.1822261634966114,1.0,-1.1822261634966114,-1.1822261634966114,-1.5537643288358702,-1.5537643288358702,-0.11385927311488575,-0.11385927311488575
14.0,0.9742226600646973,0.7792276740074158,1.9499499797821045,2.1822259426116943,0.0,0.0,0.0,1.3109723210833057,1.3109723210833057,1.3045059871790063,0.13004828357451217,1.0,3.548334836959839,3.352414846420288,1.959199070930481,2.196493148803711,0.0,0.0,0.0,3.3524145173290885,1.8217235555251439,0.0,2.5554375648498535,0.041266381395533513,0.0,-1.0,-0.4948051948051948,0.022583594997581564,0.4948051948051948,1.0,-0.6753246753246753,0.0007815563656282282,0.6753246753246753,1.0,-0.4948051948051948,0.022583594997581564,0.4948051948051948,1.0,-0.4948051948051948,0.4948051948051948,-0.5857142857142857,0.005273422501026666,0.5857142857142857,1.0,-0.5857142857142857,0.5857142857142857,-0.8298701298701299,3.268255517738792e-06,0.8298701298701299,1.0,-0.8298701298701299,0.8298701298701299,2.574782450993856,6.0,2.5804535388946532,5.0,2.571786403656006,5.0,2.490858268737793,5.0,0.8292119290591173,0.047735589046457944,1.0,0.0,0.0,1.0,0.17293653325994202,0.33246753246753247,0.1408769956693398,-0.33246753246753247,1.0,0.33246753246753247,0.1408769956693398,-1.0,-0.33246753246753247,1.0,-0.18233575832922655,0.09294915199279785,2.4950573444366455,2.5880064964294434,-0.9591992219819678,-1.1964930403705316,1.0,-1.1964930403705316,-1.1964930403705316,-1.569371792039839,-1.569371792039839,-0.1117328335355332,-0.1117328335355332
15.0,0.9615579843521118,0.7656380534172058,1.959199070930481,2.196493148803711,0.0,0.0,0.0,1.2427169283746697,1.2427169283746697,1.235724626178158,0.13164350468528785,1.0,3.4800162315368652,3.2832517623901367,1.9676445722579956,2.2096469402313232,0.0,0.0,0.0,3.283251789450849,1.8034334092267923,0.0,2.5628654956817627,0.03222676243283578,0.0,-1.0,-0.6376623376623376,0.0018728838968196711,0.6376623376623376,1.0,-0.6805194805194805,0.0006861487068079914,0.6805194805194805,1.0,-0.6376623376623376,0.0018728838968196711,0.6376623376623376,1.0,-0.6376623376623376,0.6376623376623376,-0.6857142857142857,0.000600843264112635,0.6857142857142857,1.0,-0.6857142857142857,0.6857142857142857,-0.7064935064935066,0.0003437390796187934,0.7064935064935066,1.0,-0.7064935064935066,0.7064935064935066,2.579400420188904,6.0,2.5817760467529296,5.0,2.5740049362182615,5.0,2.5129740715026854,5.0,0.8212764061190708,0.0433709048246284,1.0,0.0,0.0,1.0,0.1706548267413938,0.33246753246753247,0.1408769956693398,-0.33246753246753247,1.0,0.33246753246753247,0.1408769956693398,-1.0,-0.33246753246753247,1.0,-0.1305327592984374,0.07108449935913086,2.5177197456359863,2.588804244995117,-0.9676444351750647,-1.209647304104752,1.0,-1.209647304104752,-1.209647304104752,-1.5837779023107834,-1.5837779023107834,-0.10950809910966064,-0.10950809910966064
16.0,0.9490551948547363,0.7522907257080078,1.9676445722579956,2.2096469402313232,0.0,0.0,0.0,1.1722744793819728,1.1722744793819728,1.1646846784582217,0.13318053451966752,1.0,3.4154269695281982,3.2179038524627686,1.97523033618927,2.2215962409973145,0.0,0.0,0.0,3.2179037271057442,1.7859356813132763,0.0,2.568753480911255,0.02443466986883259,0.0,-1.0,-0.6935064935064935,0.0004898974010404606,0.6935064935064935,1.0,-0.6103896103896104,0.0032965720706862613,0.6103896103896104,1.0,-0.6935064935064935,0.0004898974010404606,0.6935064935064935,1.0,-0.6935064935064935,0.6935064935064935,-0.6805194805194805,0.0006861487068079914,0.6805194805194805,1.0,-0.6805194805194805,0.6805194805194805,-0.5545454545454546,0.00908313059353282,0.5545454545454546,1.0,-0.5545454545454546,0.5545454545454546,2.5828107992808023,6.0,2.5822635173797606,5.0,2.5751914978027344,5.0,2.5319375514984133,5.0,0.8138084619942167,0.03858242418771402,1.0,0.0,0.0,1.0,0.1681305124533818,0.32727272727272727,0.14757448251475364,-0.32727272727272727,1.0,0.32727272727272727,0.14757448251475364,-1.0,-0.32727272727272727,1.0,-0.08460053225815334,0.052703857421875,2.536881446838379,2.589585304260254,-0.9752305350190301,-1.221596394691899,1.0,-1.221596394691899,-1.221596394691899,-1.5968605136768712,-1.5968605136768712,-0.10723469668832131,-0.10723469668832131
17.0,0.9385748505592346,0.7410517930984497,1.97523033618927,2.2215962409973145,0.0,0.0,0.0,1.1099129387921494,1.1099129387921494,1.10171663022683,0.13463728450865173,1.0,3.3543806076049805,3.156186819076538,1.9819380044937134,2.2322912216186523,0.0,0.0,0.0,3.1561868546529235,1.7692048379353114,0.0,2.5732030868530273,0.018033297774550112,0.0,-1.0,-0.803896103896104,1.131251024608457e-05,0.803896103896104,1.0,-0.6194805194805195,0.0027458897532375583,0.6194805194805195,1.0,-0.803896103896104,1.131251024608457e-05,0.803896103896104,1.0,-0.803896103896104,0.803896103896104,-0.7415584415584415,0.0001195133372258396,0.7415584415584415,1.0,-0.7415584415584415,0.7415584415584415,-0.45714285714285713,0.0372083724068703,0.45714285714285713,1.0,-0.45714285714285713,0.45714285714285713,2.585160414377848,6.0,2.5820031642913817,5.0,2.5754322052001952,5.0,2.5478254318237306,5.0,0.8069880356233758,0.033647165863644864,1.0,0.0,0.0,1.0,0.16541791535443534,0.3233766233766234,0.1527420375382629,-0.3233766233766234,1.0,0.3233766233766234,0.1527420375382629,-1.0,-0.3233766233766234,1.0,-0.04387844625050798,0.03765296936035156,2.5526795387268066,2.590332508087158,-0.9819379951891642,-1.2322911730572748,1.0,-1.2322911730572748,-1.2322911730572748,-1.6085981213204685,-1.6085981213204685,-0.10492469118975079,-0.10492469118975079
18.0,0.9299216270446777,0.7317278385162354,1.9819380044937134,2.2322912216186523,0.0,0.0,0.0,1.0683846759865463,1.0683846759865463,1.059691847856514,0.1360110417183986,1.0,3.2968757152557373,3.098076343536377,1.9879937171936035,2.242037296295166,0.0,0.0,0.0,3.0980761859110273,1.75325912520999,0.0,2.576279878616333,0.013384269415565263,0.0,-1.0,-0.8376623376623376,2.1620540095349694e-06,0.8376623376623376,1.0,-0.5649350649350648,0.007621096436507061,0.5649350649350648,1.0,-0.8376623376623376,2.1620540095349694e-06,0.8376623376623376,1.0,-0.8376623376623376,0.8376623376623376,-0.7285714285714285,0.00018002754748230472,0.7285714285714285,1.0,-0.7285714285714285,0.7285714285714285,-0.2558441558441559,0.262972942241723,0.2558441558441559,1.0,-0.2558441558441559,0.2558441558441559,2.586601893107096,6.0,2.581062984466553,5.0,2.5747758388519286,5.0,2.5606129646301268,5.0,0.8009559993320203,0.028863899203856257,1.0,0.0,0.0,1.0,0.16275667085258205,0.32597402597402597,0.14928317187962065,-0.32597402597402597,1.0,0.32597402597402597,0.14928317187962065,-1.0,-0.32597402597402597,1.0,-0.008374439834493864,0.025479793548583984,2.5651752948760986,2.5906550884246826,-0.9879936548901661,-1.2420374804351368,1.0,-1.2420374804351368,-1.2420374804351368,-1.6192966703198435,-1.6192966703198435,-0.10264681391551989,-0.10264681391551989
19.0,0.9181976318359375,0.7193982601165771,1.9879937171936035,2.242037296295166,0.0,0.0,0.0,1.0207485108156056,1.0207485108156056,1.0114710317580344,0.1373094106265619,1.0,3.242720603942871,3.0433762073516846,1.9934438467025757,2.250898599624634,0.0,0.0,0.0,3.0433762276585274,1.7380689045503026,0.0,2.5781452655792236,0.010844722956386874,0.0,-1.0,-0.5974025974025974,0.004240874117222793,0.5974025974025974,1.0,-0.22597402597402597,0.32464763262834334,0.22597402597402597,1.0,-0.5974025974025974,0.004240874117222793,0.5974025974025974,1.0,-0.5974025974025974,0.5974025974025974,-0.4584415584415585,0.03660450993249761,0.4584415584415585,1.0,-0.4584415584415585,0.4584415584415585,0.16493506493506493,0.47494156501178986,-0.16493506493506493,1.0,0.16493506493506493,-0.16493506493506493,2.587229569753011,6.0,2.579498291015625,5.0,2.573305606842041,5.0,2.5707316398620605,5.0,0.795730021638629,0.024311587303218373,1.0,0.0,0.0,1.0,0.1601121617353927,0.3038961038961039,0.18047767364208767,-0.3038961038961039,1.0,0.3038961038961039,0.18047767364208767,-1.0,-0.3038961038961039,1.0,0.022718087104428686,0.021616458892822266,2.5696840286254883,2.5913004875183105,-0.993443757957294,-1.2508987583411835,1.0,-1.2508987583411835,-1.2508987583411835,-1.62905883153354,-1.62905883153354,-0.10037368399716051,-0.10037368399716051
20.0,0.9077867865562439,0.7084423899650574,1.9934438467025757,2.250898599624634,0.0,0.0,0.0,0.990027795939826,0.990027795939826,0.9802855647835872,0.1385469170006798,1.0,3.191772699356079,2.9919216632843018,1.9985113143920898,2.2591795921325684,0.0,0.0,0.0,2.9919215138249506,1.7236129606053943,0.0,2.578874111175537,0.010637892348139366,0.0,-1.0,-0.5012987012987012,0.020607851918442464,0.5012987012987012,1.0,-0.08831168831168833,0.7034559950013928,0.08831168831168833,1.0,-0.5012987012987012,0.020607851918442464,0.5012987012987012,1.0,-0.5012987012987012,0.5012987012987012,-0.3246753246753247,0.15100567594389833,0.3246753246753247,1.0,-0.3246753246753247,0.3246753246753247,0.312987012987013,0.16713674816730895,-0.312987012987013,1.0,0.312987012987013,-0.312987012987013,2.5871211290359497,6.0,2.5773267269134523,5.0,2.5710469245910645,5.0,2.5783523082733155,5.0,0.7913488482350544,0.020134247190786905,1.0,0.0,0.0,1.0,0.1576841162568784,0.3038961038961039,0.18047767364208767,-0.3038961038961039,1.0,0.3038961038961039,0.18047767364208767,-1.0,-0.3038961038961039,1.0,0.049878285843409996,0.025490522384643555,2.5658743381500244,2.591364860534668,-0.9985113937410531,-1.2591796187905349,1.0,-1.2591796187905349,-1.2591796187905349,-1.638194250712012,-1.638194250712012,-0.09816031172061379,-0.09816031172061379
21.0,0.899621307849884,0.6997701525688171,1.9985113143920898,2.2591795921325684,0.0,0.0,0.0,0.9648294023344929,0.9648294023344929,0.9546568894508376,0.13973546090089686,1.0,3.1440014839172363,2.9436635971069336,2.0033798217773438,2.2671191692352295,0.0,0.0,0.0,2.9436636621784737,1.7099021086025805,0.0,2.578552722930908,0.012041601030421789,0.0,-1.0,-0.24805194805194808,0.2782897943042767,0.24805194805194808,1.0,0.15324675324675324,0.5072039302125892,-0.15324675324675324,1.0,-0.24805194805194808,0.2782897943042767,0.24805194805194808,1.0,-0.24805194805194808,0.24805194805194808,-0.06753246753246753,0.7711624988673798,0.06753246753246753,1.0,-0.06753246753246753,0.06753246753246753,0.5571428571428572,0.008697719664340079,-0.5571428571428572,1.0,0.5571428571428572,-0.5571428571428572,2.586324413617452,6.0,2.5745580196380615,5.0,2.5680346488952637,5.0,2.583739137649536,5.0,0.787821568908129,0.016405890902189572,1.0,0.0,0.0,1.0,0.15565131373689797,0.2831168831168831,0.21364780365132657,-0.2831168831168831,1.0,0.2831168831168831,0.21364780365132657,-1.0,-0.2831168831168831,1.0,0.07360109907228353,0.029951095581054688,2.5615758895874023,2.591526985168457,-1.003379767152378,-1.2671192956557338,1.0,-1.2671192956557338,-1.2671192956557338,-1.6469577991690536,-1.6469577991690536,-0.09606220663234866,-0.09606220663234866
22.0,0.8916689157485962,0.6913309097290039,2.0033798217773438,2.2671191692352295,0.0,0.0,0.0,0.9526942235230932,0.9526942235230932,0.9422195780213954,0.14088488324675918,1.0,3.0992863178253174,2.898378849029541,2.0090737342834473,2.276139736175537,0.0,0.0,0.0,2.898378609785507,1.6968961205510866,0.0,2.577176809310913,0.014222363573604844,0.0,-1.0,-0.08181818181818182,0.7244098408074375,0.08181818181818182,1.0,0.251948051948052,0.27056314022623557,-0.251948051948052,1.0,-0.08181818181818182,0.7244098408074375,0.08181818181818182,1.0,-0.08181818181818182,0.08181818181818182,0.07142857142857142,0.7583283454574847,-0.07142857142857142,1.0,0.07142857142857142,-0.07142857142857142,0.6181818181818182,0.002819482044682577,-0.6181818181818182,1.0,0.6181818181818182,-0.6181818181818182,2.5847935676574707,6.0,2.5710308074951174,5.0,2.5641035079956054,5.0,2.5872561931610107,5.0,0.7850643731634348,0.013075136136555334,1.0,0.0,0.0,1.0,0.1544779437429037,0.2831168831168831,0.21364780365132657,-0.2831168831168831,1.0,0.2831168831168831,0.21364780365132657,-1.0,-0.2831168831168831,1.0,0.0950502686217134,0.03503680229187012,2.556485652923584,2.591522455215454,-1.0090738473430698,-1.2761397621784445,1.0,-1.2761397621784445,-1.2761397621784445,-1.6569229128676368,-1.6569229128676368,-0.09415886698312925,-0.09415886698312925
23.0,0.8856170177459717,0.6847096681594849,2.0090737342834473,2.276139736175537,0.0,0.0,0.0,0.9481961121806937,0.9481961121806937,0.9374859552487887,0.14211245851736076,1.0,3.05733323097229,2.8557848930358887,2.01548433303833,2.2860958576202393,0.0,0.0,0.0,2.8557852193653703,1.6845365228752296,0.0,2.5748190879821777,0.01666158027559476,0.0,-1.0,0.11428571428571428,0.6218181517971056,-0.11428571428571428,1.0,0.36363636363636365,0.10514930870551215,-0.36363636363636365,1.0,0.11428571428571428,0.6218181517971056,-0.11428571428571428,1.0,0.11428571428571428,-0.11428571428571428,0.22077922077922077,0.3361880870952679,-0.22077922077922077,1.0,0.22077922077922077,-0.22077922077922077,0.6779220779220779,0.0007325317500767633,-0.6779220779220779,1.0,0.6779220779220779,-0.6779220779220779,2.582524299621582,6.0,2.5667599201202393,5.0,2.5592982292175295,5.0,2.5891531467437745,5.0,0.7830482597311899,0.01012527385773783,1.0,0.0,0.0,1.0,0.15402546198666336,0.2532467532467532,0.26801791447109463,-0.2532467532467532,1.0,0.2532467532467532,0.26801791447109463,-1.0,-0.2532467532467532,1.0,0.11440800789451239,0.04039812088012695,2.5506138801574707,2.5910120010375977,-1.015484427747847,-1.2860961228009709,1.0,-1.2860961228009709,-1.2860961228009709,-1.6679360134408356,-1.6679360134408356,-0.09242114700173665,-0.09242114700173665
24.0,0.8757641315460205,0.6742156744003296,2.01548433303833,2.2860958576202393,0.0,0.0,0.0,0.9347478049258208,0.9347478049258208,0.9236807115735235,0.14341339505314593,1.0,3.0178990364074707,2.8156821727752686,2.022169589996338,2.2963738441467285,0.0,0.0,0.0,2.815682246651948,1.6727823973411606,0.0,2.5716099739074707,0.019073705719403197,0.0,-1.0,0.1012987012987013,0.6621759840226068,-0.1012987012987013,1.0,0.3337662337662338,0.1392367176682507,-0.3337662337662338,1.0,0.1012987012987013,0.6621759840226068,-0.1012987012987013,1.0,0.1012987012987013,-0.1012987012987013,0.1961038961038961,0.39424166216971973,-0.1961038961038961,1.0,0.1961038961038961,-0.1961038961038961,0.6649350649350649,0.0010065514776879628,-0.6649350649350649,1.0,0.6649350649350649,-0.6649350649350649,2.5795747439066568,6.0,2.5618706703186036,5.0,2.5538037776947022,5.0,2.5895980834960937,5.0,0.7817792779719168,0.007648007134373563,1.0,0.0,0.0,1.0,0.1541096520499807,0.1883116883116883,0.4136637589062404,-0.1883116883116883,1.0,0.1883116883116883,0.4136637589062404,-1.0,-0.1883116883116883,1.0,0.12997633326314562,0.04673337936401367,2.5441558361053467,2.5908892154693604,-1.022169748181365,-1.2963738948015,1.0,-1.2963738948015,-1.2963738948015,-1.6792859240228273,-1.6792859240228273,-0.0908494257197694,-0.0908494257197694
25.0,0.8680949807167053,0.6658779978752136,2.022169589996338,2.2963738441467285,0.0,0.0,0.0,0.9391607325443888,0.9391607325443888,0.9279424163675849,0.14472647808608102,1.0,2.9807283878326416,2.7778186798095703,2.029097557067871,2.3069376945495605,0.0,0.0,0.0,2.777818850008908,1.661577584842841,0.0,2.5676157474517822,0.021401010796632754,0.0,-1.0,0.14935064935064934,0.5181875885017935,-0.14935064935064934,1.0,0.3649350649350649,0.10382027127753134,-0.3649350649350649,1.0,0.14935064935064934,0.5181875885017935,-0.14935064935064934,1.0,0.14935064935064934,-0.14935064935064934,0.2350649350649351,0.3050302888415488,-0.2350649350649351,1.0,0.2350649350649351,-0.2350649350649351,0.6857142857142857,0.000600843264112635,-0.6857142857142857,1.0,0.6857142857142857,-0.6857142857142857,2.5759663581848145,6.0,2.556376600265503,5.0,2.5476438999176025,5.0,2.58880500793457,5.0,0.7811932712367429,0.005712247950939873,1.0,0.0,0.0,1.0,0.15465039267435457,0.1883116883116883,0.4136637589062404,-0.1883116883116883,1.0,0.1883116883116883,0.4136637589062404,-1.0,-0.1883116883116883,1.0,0.14350094384927353,0.05283308029174805,2.537102699279785,2.589935779571533,-1.0290976963921477,-1.3069379344045742,1.0,-1.3069379344045742,-1.3069379344045742,-1.6909339951005276,-1.6909339951005276,-0.08942115967134212,-0.08942115967134212
26.0,0.861492931842804,0.6585831642150879,2.029097557067871,2.3069376945495605,0.0,0.0,0.0,0.9388615047867532,0.9388615047867532,0.9274315881126353,0.14605332773107899,1.0,2.945655584335327,2.7419650554656982,2.0369043350219727,2.318711042404175,0.0,0.0,0.0,2.741965030733711,1.6508693833436285,0.0,2.5627338886260986,0.02370652341940559,0.0,-1.0,0.1883116883116883,0.4136637589062404,-0.1883116883116883,1.0,0.40389610389610386,0.06939949544788349,-0.40389610389610386,1.0,0.1883116883116883,0.4136637589062404,-0.1883116883116883,1.0,0.1883116883116883,-0.1883116883116883,0.274025974025974,0.22935235226578057,-0.274025974025974,1.0,0.274025974025974,-0.274025974025974,0.7181818181818181,0.000245879341815495,-0.7181818181818181,1.0,0.7181818181818181,-0.7181818181818181,2.571564277013143,6.0,2.550093746185303,5.0,2.5406368255615233,5.0,2.5868759632110594,5.0,0.7812102386426252,0.00446769840256295,1.0,0.0,0.0,1.0,0.15564525418841346,0.1883116883116883,0.4136637589062404,-0.1883116883116883,1.0,0.1883116883116883,0.4136637589062404,-1.0,-0.1883116883116883,1.0,0.15644199897010944,0.05898022651672363,2.5292248725891113,2.588205099105835,-1.0369043348059863,-1.3187111095593487,1.0,-1.3187111095593487,-1.3187111095593487,-1.703902133862254,-1.703902133862254,-0.08809976099635786,-0.08809976099635786
27.0,0.8524991273880005,0.6488086581230164,2.0369043350219727,2.318711042404175,0.0,0.0,0.0,0.9516549214755222,0.9516549214755222,0.9401564295769574,0.14748890634108727,1.0,2.9124627113342285,2.7079412937164307,2.0452141761779785,2.3311336040496826,0.0,0.0,0.0,2.7079414513200732,1.6406170832259315,0.0,2.5570719242095947,0.025954254097223663,0.0,-1.0,0.16883116883116883,0.46442277316539365,-0.16883116883116883,1.0,0.3896103896103896,0.08083791705627742,-0.3896103896103896,1.0,0.16883116883116883,0.46442277316539365,-0.16883116883116883,1.0,0.16883116883116883,-0.16883116883116883,0.2558441558441559,0.262972942241723,-0.2558441558441559,1.0,0.2558441558441559,-0.2558441558441559,0.7103896103896103,0.00030795937349621525,-0.7103896103896103,1.0,0.7103896103896103,-0.7103896103896103,2.566442926724752,6.0,2.5431275367736816,5.0,2.5329096794128416,5.0,2.5839330673217775,5.0,0.7818424233063703,0.004264465036999577,1.0,0.0,0.0,1.0,0.157186419655757,0.16883116883116883,0.46442277316539365,-0.16883116883116883,1.0,0.16883116883116883,0.46442277316539365,-1.0,-0.16883116883116883,1.0,0.1685067459781756,0.06506586074829102,2.520639181137085,2.585705041885376,-1.045214254453325,-1.3311335646802647,1.0,-1.3311335646802647,-1.3311335646802647,-1.7175584398810595,-1.7175584398810595,-0.086950758798652,-0.086950758798652
28.0,0.8450446724891663,0.6405232548713684,2.0452141761779785,2.3311336040496826,0.0,0.0,0.0,0.9735105754230123,0.9735105754230123,0.9620451465802174,0.14896971639193154,1.0,2.8810548782348633,2.675508499145508,2.0554630756378174,2.3462586402893066,0.0,0.0,0.0,2.6755082461845476,1.630759803666955,0.0,2.550344705581665,0.02826080698400997,0.0,-1.0,0.16883116883116883,0.46442277316539365,-0.16883116883116883,1.0,0.3896103896103896,0.08083791705627742,-0.3896103896103896,1.0,0.16883116883116883,0.46442277316539365,-0.16883116883116883,1.0,0.16883116883116883,-0.16883116883116883,0.2558441558441559,0.262972942241723,-0.2558441558441559,1.0,0.2558441558441559,-0.2558441558441559,0.7103896103896103,0.00030795937349621525,-0.7103896103896103,1.0,0.7103896103896103,-0.7103896103896103,2.560288190841675,6.0,2.53511118888855,5.0,2.524086284637451,5.0,2.579904556274414,5.0,0.7830680595350282,0.005003092368934155,1.0,0.0,0.0,1.0,0.15956225645975658,0.16883116883116883,0.46442277316539365,-0.16883116883116883,1.0,0.16883116883116883,0.46442277316539365,-1.0,-0.16883116883116883,1.0,0.17997536231601816,0.07133960723876953,2.5109143257141113,2.582253932952881,-1.0554631934767844,-1.3462585933057865,1.0,-1.3462585933057865,-1.3462585933057865,-1.7341477304109478,-1.7341477304109478,-0.08598325671362006,-0.08598325671362006
29.0,0.8380522727966309,0.6325059533119202,2.0554630756378174,2.3462586402893066,0.0,0.0,0.0,0.9766065741007818,0.9766065741007818,0.9649108715428921,0.15068978251760176,1.0,2.8511054515838623,2.6444644927978516,2.0664093494415283,2.3623478412628174,0.0,0.0,0.0,2.6444646605755557,1.621245648534525,0.0,2.542818784713745,0.030502594223389884,0.0,-1.0,0.16883116883116883,0.46442277316539365,-0.16883116883116883,1.0,0.3896103896103896,0.08083791705627742,-0.3896103896103896,1.0,0.16883116883116883,0.46442277316539365,-0.16883116883116883,1.0,0.16883116883116883,-0.16883116883116883,0.2558441558441559,0.262972942241723,-0.2558441558441559,1.0,0.2558441558441559,-0.2558441558441559,0.7103896103896103,0.00030795937349621525,-0.7103896103896103,1.0,0.7103896103896103,-0.7103896103896103,2.5533416668574014,6.0,2.526365280151367,5.0,2.5145278453826903,5.0,2.574936771392822,5.0,0.7848551585539854,0.006194041849371543,1.0,0.0,0.0,1.0,0.16232717134857377,0.16883116883116883,0.46442277316539365,-0.16883116883116883,1.0,0.16883116883116883,0.46442277316539365,-1.0,-0.16883116883116883,1.0,0.19036120800071005,0.07746720314025879,2.500476121902466,2.5779433250427246,-1.0664093376889932,-1.3623479841006234,1.0,-1.3623479841006234,-1.3623479841006234,-1.7517453715284286,-1.7517453715284286,-0.0851346574379288,-0.0851346574379288
30.0,0.8311635255813599,0.6245225667953491,2.0664093494415283,2.3623478412628174,0.0,0.0,0.0,0.9918362389792926,0.9918362389792926,0.9800428013570232,0.1524966637696279,1.0,2.822474718093872,2.6146163940429688,2.078583240509033,2.380188465118408,0.0,0.0,0.0,2.6146163332302903,1.6120227415646826,0.0,2.534224271774292,0.03273139387622632,0.0,-1.0,0.14675324675324675,0.5255721976110102,-0.14675324675324675,1.0,0.3766233766233766,0.092405309430575,-0.3766233766233766,1.0,0.14675324675324675,0.5255721976110102,-0.14675324675324675,1.0,0.14675324675324675,-0.14675324675324675,0.23896103896103899,0.2968491826193771,-0.23896103896103899,1.0,0.23896103896103899,-0.23896103896103899,0.7051948051948052,0.0003564308384906877,-0.7051948051948052,1.0,0.7051948051948052,-0.7051948051948052,2.545348326365153,6.0,2.5165899753570558,5.0,2.5039072036743164,5.0,2.5688268184661864,5.0,0.7872143917670746,0.007544514372024757,1.0,0.0,0.0,1.0,0.1654207545355148,0.14675324675324675,0.5255721976110102,-0.14675324675324675,1.0,0.14675324675324675,0.5255721976110102,-1.0,-0.14675324675324675,1.0,0.19995801407378924,0.0836029052734375,2.4889943599700928,2.5725972652435303,-1.078583401312569,-1.380188667588797,1.0,-1.380188667588797,-1.380188667588797,-1.7712173859995533,-1.7712173859995533,-0.0843441503493585,-0.0843441503493585
31.0,0.8232728838920593,0.615414559841156,2.078583240509033,2.380188465118408,0.0,0.0,0.0,1.015332649192986,1.015332649192986,1.00351201657201,0.15447984047384605,1.0,2.7950751781463623,2.5858426094055176,2.092325448989868,2.4002115726470947,0.0,0.0,0.0,2.5858427382479947,1.6030617948798906,0.0,2.524533271789551,0.0349913984817101,0.0,-1.0,0.125974025974026,0.5863643592427876,-0.125974025974026,1.0,0.3649350649350649,0.10382027127753134,-0.3649350649350649,1.0,0.125974025974026,0.5863643592427876,-0.125974025974026,1.0,0.125974025974026,-0.125974025974026,0.22337662337662337,0.330387908876124,-0.22337662337662337,1.0,0.22337662337662337,-0.22337662337662337,0.7025974025974026,0.00038302230618131105,-0.7025974025974026,1.0,0.7025974025974026,-0.7025974025974026,2.5362194776535034,6.0,2.5057214736938476,5.0,2.4921939373016357,5.0,2.561660957336426,5.0,0.7901488400029276,0.008906998235211332,1.0,0.0,0.0,1.0,0.16920760378343097,0.125974025974026,0.5863643592427876,-0.125974025974026,1.0,0.125974025974026,0.5863643592427876,-1.0,-0.125974025974026,1.0,0.2085745476075539,0.08972811698913574,2.476386785507202,2.566114902496338,-1.0923254176650372,-1.4002115249218168,1.0,-1.4002115249218168,-1.4002115249218168,-1.793022010359096,-1.793022010359096,-0.0837427177142005,-0.0837427177142005
32.0,0.8156236410140991,0.6063910722732544,2.092325448989868,2.4002115726470947,0.0,0.0,0.0,1.045506398819936,1.045506398819936,1.033702235848353,0.15666307023528894,1.0,2.7688121795654297,2.5580215454101562,2.107905387878418,2.4228506088256836,0.0,0.0,0.0,2.558021459625821,1.5943303477196467,0.0,2.5136044025421143,0.03722297465744613,0.0,-1.0,0.12727272727272726,0.5824788611326692,-0.12727272727272726,1.0,0.36623376623376624,0.10250352982629483,-0.36623376623376624,1.0,0.12727272727272726,0.5824788611326692,-0.12727272727272726,1.0,0.12727272727272726,-0.12727272727272726,0.22467532467532467,0.3275102738815652,-0.22467532467532467,1.0,0.22467532467532467,-0.22467532467532467,0.7051948051948052,0.0003564308384906877,-0.7051948051948052,1.0,0.7051948051948052,-0.7051948051948052,2.525802652041117,6.0,2.4936498641967773,5.0,2.479294204711914,5.0,2.5532315731048585,5.0,0.7936635868327024,0.010203098518740624,1.0,0.0,0.0,1.0,0.17348300937901137,0.12727272727272726,0.5824788611326692,-0.12727272727272726,1.0,0.12727272727272726,0.5824788611326692,-1.0,-0.12727272727272726,1.0,0.2160003491898384,0.09569787979125977,2.462615489959717,2.5583133697509766,-1.1079051037304921,-1.4228509776797367,1.0,-1.4228509776797367,-1.4228509776797367,-1.8176147108287677,-1.8176147108287677,-0.08324962268297353,-0.08324962268297353
33.0,0.8086334466934204,0.5978429317474365,2.107905387878418,2.4228506088256836,0.0,0.0,0.0,1.0679938331994787,1.0679938331994787,1.0560760286954884,0.15910452340169876,1.0,2.7435097694396973,2.531019687652588,2.124901533126831,2.4474751949310303,0.0,0.0,0.0,2.53101964274146,1.5857930300491196,0.0,2.50152850151062,0.03942234232607977,0.0,-1.0,0.12727272727272726,0.5824788611326692,-0.12727272727272726,1.0,0.36623376623376624,0.10250352982629483,-0.36623376623376624,1.0,0.12727272727272726,0.5824788611326692,-0.12727272727272726,1.0,0.12727272727272726,-0.12727272727272726,0.22467532467532467,0.3275102738815652,-0.22467532467532467,1.0,0.22467532467532467,-0.22467532467532467,0.7051948051948052,0.0003564308384906877,-0.7051948051948052,1.0,0.7051948051948052,-0.7051948051948052,2.514168659845988,6.0,2.4804664611816407,5.0,2.465308141708374,5.0,2.5436426162719727,5.0,0.7977183446197228,0.011375373577095133,1.0,0.0,0.0,1.0,0.1782830601287517,0.12727272727272726,0.5824788611326692,-0.12727272727272726,1.0,0.12727272727272726,0.5824788611326692,-1.0,-0.12727272727272726,1.0,0.2221529378377599,0.10144901275634766,2.447763204574585,2.5492122173309326,-1.1249014607562746,-1.4474750099702818,1.0,-1.4474750099702818,-1.4474750099702818,-1.8443143660313162,-1.8443143660313162,-0.08291500626722725,-0.08291500626722725
34.0,0.8021715879440308,0.5896814465522766,2.124901533126831,2.4474751949310303,0.0,0.0,0.0,1.0764097538541997,1.0764097538541997,1.0641883312423308,0.16174409986185637,1.0,2.7189910411834717,2.504647731781006,2.143432855606079,2.4742870330810547,0.0,0.0,0.0,2.504647755563653,1.577393963223412,0.0,2.488255500793457,0.04155355820186553,0.0,-1.0,0.11688311688311687,0.6138658528020938,-0.11688311688311687,1.0,0.3649350649350649,0.10382027127753134,-0.3649350649350649,1.0,0.11688311688311687,0.6138658528020938,-0.11688311688311687,1.0,0.11688311688311687,-0.11688311688311687,0.2194805194805195,0.33911059151113226,-0.2194805194805195,1.0,0.2194805194805195,-0.2194805194805195,0.7077922077922078,0.00033143647034757746,-0.7077922077922078,1.0,0.7077922077922078,-0.7077922077922078,2.5012366771698,6.0,2.4661255836486817,5.0,2.4502265453338623,5.0,2.5328372001647947,5.0,0.8022923578369434,0.012388655728139013,1.0,0.0,0.0,1.0,0.18349664113530081,0.11688311688311687,0.6138658528020938,-0.11688311688311687,1.0,0.11688311688311687,0.6138658528020938,-1.0,-0.11688311688311687,1.0,0.226980007721432,0.1068422794342041,2.431851625442505,2.538693904876709,-1.1434328520915145,-1.4742871923123664,1.0,-1.4742871923123664,-1.4742871923123664,-1.8732994783404662,-1.8732994783404662,-0.08271188562171194,-0.08271188562171194
35.0,0.7932988405227661,0.5789555311203003,2.143432855606079,2.4742870330810547,0.0,0.0,0.0,1.0938477734188623,1.0938477734188623,1.0813919181247746,0.16460398181035488,1.0,2.6951518058776855,2.4788026809692383,2.1634910106658936,2.503291368484497,0.0,0.0,0.0,2.4788026434778483,1.5691043468458312,0.0,2.4737446308135986,0.043575690596102716,0.0,-1.0,0.11688311688311687,0.6138658528020938,-0.11688311688311687,1.0,0.3649350649350649,0.10382027127753134,-0.3649350649350649,1.0,0.11688311688311687,0.6138658528020938,-0.11688311688311687,1.0,0.11688311688311687,-0.11688311688311687,0.2194805194805195,0.33911059151113226,-0.2194805194805195,1.0,0.2194805194805195,-0.2194805194805195,0.7077922077922078,0.00033143647034757746,-0.7077922077922078,1.0,0.7077922077922078,-0.7077922077922078,2.4869616826375327,6.0,2.4506062984466555,5.0,2.4340396404266356,5.0,2.520728254318237,5.0,0.8073458135100157,0.013215280677054405,1.0,0.0,0.0,1.0,0.18904470120348255,0.11688311688311687,0.6138658528020938,-0.11688311688311687,1.0,0.11688311688311687,0.6138658528020938,-1.0,-0.11688311688311687,1.0,0.23040920610250068,0.11177968978881836,2.414895534515381,2.526675224304199,-1.1634909618786504,-1.5032913071320038,1.0,-1.5032913071320038,-1.5032913071320038,-1.904564383770862,-1.904564383770862,-0.08261719473308671,-0.08261719473308671
36.0,0.7874834537506104,0.5711343288421631,2.1634910106658936,2.503291368484497,0.0,0.0,0.0,1.1082674624587143,1.1082674624587143,1.0955070482266713,0.1676933976946128,1.0,2.671952724456787,2.453429937362671,2.1852288246154785,2.534722089767456,0.0,0.0,0.0,2.4534301670045013,1.5609112594808852,0.0,2.4579060077667236,0.045450021979210165,0.0,-1.0,0.1155844155844156,0.6178368603191974,-0.1155844155844156,1.0,0.3675324675324675,0.10119902708769574,-0.3675324675324675,1.0,0.1155844155844156,0.6178368603191974,-0.1155844155844156,1.0,0.1155844155844156,-0.1155844155844156,0.22207792207792207,0.3332805195945379,-0.22207792207792207,1.0,0.22207792207792207,-0.22207792207792207,0.7129870129870131,0.00028592281159081395,-0.7129870129870131,1.0,0.7129870129870131,-0.7129870129870131,2.471249302228292,6.0,2.43383846282959,5.0,2.416687536239624,5.0,2.507180404663086,5.0,0.8128518907961163,0.013832252714523438,1.0,0.0,0.0,1.0,0.19489057521913178,0.1155844155844156,0.6178368603191974,-0.1155844155844156,1.0,0.1155844155844156,0.6178368603191974,-1.0,-0.1155844155844156,1.0,0.23236782045892326,0.11616826057434082,2.3968589305877686,2.5130271911621094,-1.1852289007705614,-1.5347222474243,1.0,-1.5347222474243,-1.5347222474243,-1.9383503786393428,-1.9383503786393428,-0.08261407624804273,-0.08261407624804273
37.0,0.7775022387504578,0.558979332447052,2.1852288246154785,2.534722089767456,0.0,0.0,0.0,1.1357779091464721,1.1357779091464721,1.1228248721127507,0.17104316844035802,1.0,2.6493656635284424,2.428476572036743,2.2088918685913086,2.5689399242401123,0.0,0.0,0.0,2.428476514589383,1.5528001593691962,0.0,2.4406421184539795,0.047130500746098175,0.0,-1.0,0.1155844155844156,0.6178368603191974,-0.1155844155844156,1.0,0.3675324675324675,0.10119902708769574,-0.3675324675324675,1.0,0.1155844155844156,0.6178368603191974,-0.1155844155844156,1.0,0.1155844155844156,-0.1155844155844156,0.22207792207792207,0.3332805195945379,-0.22207792207792207,1.0,0.22207792207792207,-0.22207792207792207,0.7129870129870131,0.00028592281159081395,-0.7129870129870131,1.0,0.7129870129870131,-0.7129870129870131,2.453982710838318,6.0,2.4157519817352293,5.0,2.398119401931763,5.0,2.4920459747314454,5.0,0.818774044796673,0.014217443062483176,1.0,0.0,0.0,1.0,0.20103869956706436,0.1155844155844156,0.6178368603191974,-0.1155844155844156,1.0,0.1155844155844156,0.6178368603191974,-1.0,-0.1155844155844156,1.0,0.2327248409073846,0.11986947059631348,2.3777120113372803,2.4975814819335938,-1.2088920509296817,-1.5689400445341786,1.0,-1.5689400445341786,-1.5689400445341786,-1.975032898609637,-1.975032898609637,-0.08270320964523159,-0.08270320964523159
38.0,0.7722862362861633,0.5513970255851746,2.2088918685913086,2.5689399242401123,0.0,0.0,0.0,1.13438868685574,1.13438868685574,1.1208565401369377,0.17469490347043176,1.0,2.6273038387298584,2.4038729667663574,2.2343077659606934,2.6056878566741943,0.0,0.0,0.0,2.403873182336281,1.5447531775349663,0.0,2.4221136569976807,0.04860819528830102,0.0,-1.0,0.1155844155844156,0.6178368603191974,-0.1155844155844156,1.0,0.3675324675324675,0.10119902708769574,-0.3675324675324675,1.0,0.1155844155844156,0.6178368603191974,-0.1155844155844156,1.0,0.1155844155844156,-0.1155844155844156,0.22207792207792207,0.3332805195945379,-0.22207792207792207,1.0,0.22207792207792207,-0.22207792207792207,0.7129870129870131,0.00028592281159081395,-0.7129870129870131,1.0,0.7129870129870131,-0.7129870129870131,2.4352872371673584,6.0,2.3964999675750733,5.0,2.37851767539978,5.0,2.4755155086517333,5.0,0.8249970181270809,0.01436492287567354,1.0,0.0,0.0,1.0,0.20752810016955314,0.1155844155844156,0.6178368603191974,-0.1155844155844156,1.0,0.1155844155844156,0.6178368603191974,-1.0,-0.1155844155844156,1.0,0.23150233730682276,0.12278246879577637,2.35762619972229,2.4804086685180664,-1.234307663626538,-1.6056880145103611,1.0,-1.6056880145103611,-1.6056880145103611,-2.0143084515428615,-2.0143084515428615,-0.08292652482639262,-0.08292652482639262
39.0,0.7634623050689697,0.5400315523147583,2.2343077659606934,2.6056878566741943,0.0,0.0,0.0,1.157164814871712,1.157164814871712,1.1432958207663306,0.17861991768928237,1.0,2.6056923866271973,2.379544734954834,2.2614777088165283,2.6450250148773193,0.0,0.0,0.0,2.3795448777869743,1.5367494097777776,0.0,2.4021856784820557,0.04976862843709249,0.0,-1.0,0.11298701298701298,0.6258096347836315,-0.11298701298701298,1.0,0.36883116883116884,0.09990670544494931,-0.36883116883116884,1.0,0.11298701298701298,0.6258096347836315,-0.11298701298701298,1.0,0.11298701298701298,-0.11298701298701298,0.22337662337662337,0.330387908876124,-0.22337662337662337,1.0,0.22337662337662337,-0.22337662337662337,0.7155844155844155,0.0002652530626513761,-0.7155844155844155,1.0,0.7155844155844155,-0.7155844155844155,2.4151267210642495,6.0,2.3760272026062013,5.0,2.3577882289886474,5.0,2.4572126388549806,5.0,0.8314782469094123,0.014245667071484253,1.0,0.0,0.0,1.0,0.2140917394542518,0.11298701298701298,0.6258096347836315,-0.11298701298701298,1.0,0.11298701298701298,0.6258096347836315,-1.0,-0.11298701298701298,1.0,0.22870716408161623,0.12487506866455078,2.3365821838378906,2.4614572525024414,-1.261477981609272,-1.6450251216351526,1.0,-1.6450251216351526,-1.6450251216351526,-2.056252158671245,-2.056252158671245,-0.08315666452141945,-0.08315666452141945
40.0,0.7571961879730225,0.5310484170913696,2.2614777088165283,2.6450250148773193,0.0,0.0,0.0,1.175560098153576,1.175560098153576,1.161251770913536,0.182854775494167,1.0,2.5846028327941895,2.355555295944214,2.290475368499756,2.687074899673462,0.0,0.0,0.0,2.355555182820567,1.5288130626792,0.0,2.3808515071868896,0.050560192293300756,0.0,-1.0,0.11298701298701298,0.6258096347836315,-0.11298701298701298,1.0,0.36883116883116884,0.09990670544494931,-0.36883116883116884,1.0,0.11298701298701298,0.6258096347836315,-0.11298701298701298,1.0,0.11298701298701298,-0.11298701298701298,0.22337662337662337,0.330387908876124,-0.22337662337662337,1.0,0.22337662337662337,-0.22337662337662337,0.7155844155844155,0.0002652530626513761,-0.7155844155844155,1.0,0.7155844155844155,-0.7155844155844155,2.3935108184814453,6.0,2.354355716705322,5.0,2.3359588623046874,5.0,2.4370497703552245,5.0,0.8381325606484457,0.013854851211180769,1.0,0.0,0.0,1.0,0.22067126806682022,0.11298701298701298,0.6258096347836315,-0.11298701298701298,1.0,0.11298701298701298,0.6258096347836315,-1.0,-0.11298701298701298,1.0,0.2243716074613986,0.12608122825622559,2.3146255016326904,2.440706729888916,-1.2904751952236293,-1.6870749383545771,1.0,-1.6870749383545771,-1.6870749383545771,-2.1009800579540934,-2.1009800579540934,-0.08337058936221875,-0.08337058936221875
41.0,0.7459437847137451,0.5168962478637695,2.290475368499756,2.687074899673462,0.0,0.0,0.0,1.18645636618076,1.18645636618076,1.1715597068457821,0.18742081566965418,1.0,2.5638880729675293,2.331778049468994,2.3210997581481934,2.7315433025360107,0.0,0.0,0.0,2.331777942355427,1.5209052885572116,0.0,2.3582115173339844,0.050965699361011564,0.0,-1.0,0.11298701298701298,0.6258096347836315,-0.11298701298701298,1.0,0.36883116883116884,0.09990670544494931,-0.36883116883116884,1.0,0.11298701298701298,0.6258096347836315,-0.11298701298701298,1.0,0.11298701298701298,-0.11298701298701298,0.22337662337662337,0.330387908876124,-0.22337662337662337,1.0,0.22337662337662337,-0.22337662337662337,0.7155844155844155,0.0002652530626513761,-0.7155844155844155,1.0,0.7155844155844155,-0.7155844155844155,2.3705275853474936,6.0,2.3315961360931396,5.0,2.3131507396698,5.0,2.4151089191436768,5.0,0.8448364685609212,0.01320832590719863,1.0,0.0,0.0,1.0,0.22725039397671534,0.11298701298701298,0.6258096347836315,-0.11298701298701298,1.0,0.11298701298701298,0.6258096347836315,-1.0,-0.11298701298701298,1.0,0.21860236124804158,0.12633919715881348,2.2918686866760254,2.418207883834839,-1.3210994567985217,-1.731543858570896,1.0,-1.731543858570896,-1.731543858570896,-2.148166164963256,-2.148166164963256,-0.08358834686141492,-0.08358834686141492
42.0,0.7382954359054565,0.5061854720115662,2.3210997581481934,2.7315433025360107,0.0,0.0,0.0,1.2115921771699245,1.2115921771699245,1.1962357206504601,0.19229067689108575,1.0,2.5436208248138428,2.308293581008911,2.353271722793579,2.778348207473755,0.0,0.0,0.0,2.3082933658757234,1.5130550414323807,0.0,2.334284543991089,0.05092794208978633,0.0,-1.0,0.11298701298701298,0.6258096347836315,-0.11298701298701298,1.0,0.36883116883116884,0.09990670544494931,-0.36883116883116884,1.0,0.11298701298701298,0.6258096347836315,-0.11298701298701298,1.0,0.11298701298701298,-0.11298701298701298,0.22337662337662337,0.330387908876124,-0.22337662337662337,1.0,0.22337662337662337,-0.22337662337662337,0.7155844155844155,0.0002652530626513761,-0.7155844155844155,1.0,0.7155844155844155,-0.7155844155844155,2.346245845158895,6.0,2.307802152633667,5.0,2.2894068241119383,5.0,2.391292190551758,5.0,0.8514862208356265,0.012316987108612941,1.0,0.0,0.0,1.0,0.2336899636164779,0.11298701298701298,0.6258096347836315,-0.11298701298701298,1.0,0.11298701298701298,0.6258096347836315,-1.0,-0.11298701298701298,1.0,0.21150980884212875,0.12564539909362793,2.268376350402832,2.39402174949646,-1.3532718470166996,-1.778348222644075,1.0,-1.778348222644075,-1.778348222644075,-2.1977160816633905,-2.1977160816633905,-0.08375123674263407,-0.08375123674263407
43.0,0.7324596643447876,0.4971325099468231,2.353271722793579,2.778348207473755,0.0,0.0,0.0,1.2134359273848243,1.2134359273848243,1.1972601969932284,0.197470935998197,1.0,2.5237674713134766,2.2850303649902344,2.387371301651001,2.8280327320098877,0.0,0.0,0.0,2.285030358404908,1.5052407994156791,0.0,2.3091883659362793,0.05047741440482502,0.0,-1.0,0.11298701298701298,0.6258096347836315,-0.11298701298701298,1.0,0.36883116883116884,0.09990670544494931,-0.36883116883116884,1.0,0.11298701298701298,0.6258096347836315,-0.11298701298701298,1.0,0.11298701298701298,-0.11298701298701298,0.22337662337662337,0.330387908876124,-0.22337662337662337,1.0,0.22337662337662337,-0.22337662337662337,0.7155844155844155,0.0002652530626513761,-0.7155844155844155,1.0,0.7155844155844155,-0.7155844155844155,2.3207388321558633,6.0,2.283055543899536,5.0,2.2648391723632812,5.0,2.3658105373382567,5.0,0.8579533770840083,0.01122506617752969,1.0,0.0,0.0,1.0,0.24014115679682516,0.11298701298701298,0.6258096347836315,-0.11298701298701298,1.0,0.11298701298701298,0.6258096347836315,-1.0,-0.11298701298701298,1.0,0.20316106135800094,0.12396860122680664,2.24423885345459,2.3682074546813965,-1.3873713688334128,-1.8280329007814782,1.0,-1.8280329007814782,-1.8280329007814782,-2.2501698612339625,-2.2501698612339625,-0.08391134448479831,-0.08391134448479831
44.0,0.7241491079330444,0.48541197180747986,2.387371301651001,2.8280327320098877,0.0,0.0,0.0,1.2236248441036248,1.2236248441036248,1.2066667910192312,0.20300988783547266,1.0,2.504237651824951,2.261904001235962,2.42333722114563,2.8805291652679443,0.0,0.0,0.0,2.261904240285626,1.4974361927736373,0.0,2.283008337020874,0.049577014440748655,0.0,-1.0,0.11298701298701298,0.6258096347836315,-0.11298701298701298,1.0,0.36883116883116884,0.09990670544494931,-0.36883116883116884,1.0,0.11298701298701298,0.6258096347836315,-0.11298701298701298,1.0,0.11298701298701298,-0.11298701298701298,0.22337662337662337,0.330387908876124,-0.22337662337662337,1.0,0.22337662337662337,-0.22337662337662337,0.7155844155844155,0.0002652530626513761,-0.7155844155844155,1.0,0.7155844155844155,-0.7155844155844155,2.294122338294983,6.0,2.257474422454834,5.0,2.2395557403564452,5.0,2.3386588096618652,5.0,0.8641238741646236,0.009962685775139046,1.0,0.0,0.0,1.0,0.2464748611894598,0.11298701298701298,0.6258096347836315,-0.11298701298701298,1.0,0.11298701298701298,0.6258096347836315,-1.0,-0.11298701298701298,1.0,0.1936913417030672,0.12129616737365723,2.219574213027954,2.3408703804016113,-1.4233373423570577,-1.8805292874087334,1.0,-1.8805292874087334,-1.8805292874087334,-2.3054572973611824,-2.3054572973611824,-0.0840254423012583,-0.0840254423012583
45.0,0.7164849042892456,0.4741511642932892,2.42333722114563,2.8805291652679443,0.0,0.0,0.0,1.252467474412413,1.252467474412413,1.234920420435482,0.2089170401199016,1.0,2.4851534366607666,2.239057779312134,2.4609556198120117,2.9355220794677734,0.0,0.0,0.0,2.2390576442901584,1.4896902768384843,0.0,2.255990982055664,0.04827715647287667,0.0,-1.0,0.11298701298701298,0.6258096347836315,-0.11298701298701298,1.0,0.36883116883116884,0.09990670544494931,-0.36883116883116884,1.0,0.11298701298701298,0.6258096347836315,-0.11298701298701298,1.0,0.11298701298701298,-0.11298701298701298,0.22337662337662337,0.330387908876124,-0.22337662337662337,1.0,0.22337662337662337,-0.22337662337662337,0.7155844155844155,0.0002652530626513761,-0.7155844155844155,1.0,0.7155844155844155,-0.7155844155844155,2.2666261196136475,6.0,2.2312553405761717,5.0,2.2137704372406004,5.0,2.3101850509643556,5.0,0.8698478963848147,0.008590673987272071,1.0,0.0,0.0,1.0,0.25274844070595825,0.11298701298701298,0.6258096347836315,-0.11298701298701298,1.0,0.11298701298701298,0.6258096347836315,-1.0,-0.11298701298701298,1.0,0.1833272584798207,0.1177215576171875,2.1945555210113525,2.31227707862854,-1.4609557003746767,-1.9355222726650165,1.0,-1.9355222726650165,-1.9355222726650165,-2.363219864144214,-2.363219864144214,-0.08412496431480099,-0.08412496431480099
46.0,0.7095131278038025,0.46341755986213684,2.4609556198120117,2.9355220794677734,0.0,0.0,0.0,1.268734757102693,1.268734757102693,1.2503582076816186,0.21515630681818176,1.0,2.466445207595825,2.2164480686187744,2.4999711513519287,2.992677688598633,0.0,0.0,0.0,2.2164482388913695,1.4819892942905426,0.0,2.228179454803467,0.046555282516971185,0.0,-1.0,0.11298701298701298,0.6258096347836315,-0.11298701298701298,1.0,0.36883116883116884,0.09990670544494931,-0.36883116883116884,1.0,0.11298701298701298,0.6258096347836315,-0.11298701298701298,1.0,0.11298701298701298,-0.11298701298701298,0.22337662337662337,0.330387908876124,-0.22337662337662337,1.0,0.22337662337662337,-0.22337662337662337,0.7155844155844155,0.0002652530626513761,-0.7155844155844155,1.0,0.7155844155844155,-0.7155844155844155,2.2383386691411338,6.0,2.204465961456299,5.0,2.1875211715698244,5.0,2.280359697341919,5.0,0.8750390281674307,0.007146434924375086,1.0,0.0,0.0,1.0,0.2587510300407086,0.11298701298701298,0.6258096347836315,-0.11298701298701298,1.0,0.11298701298701298,0.6258096347836315,-1.0,-0.11298701298701298,1.0,0.1722604133844653,0.11331486701965332,2.1692264080047607,2.282541275024414,-1.4999710536675772,-1.992677953520115,1.0,-1.992677953520115,-1.992677953520115,-2.4231019657567634,-2.4231019657567634,-0.08413324172585424,-0.08413324172585424
47.0,0.7013638019561768,0.45136669278144836,2.4999711513519287,2.992677688598633,0.0,0.0,0.0,1.2776920763106812,1.2776920763106812,1.2583091128986255,0.22170976131729897,1.0,2.448148727416992,2.1941349506378174,2.5401384830474854,3.051647663116455,0.0,0.0,0.0,2.194134979229651,1.4743551242919195,0.0,2.19977068901062,0.044451489223352396,0.0,-1.0,0.11298701298701298,0.6258096347836315,-0.11298701298701298,1.0,0.36883116883116884,0.09990670544494931,-0.36883116883116884,1.0,0.11298701298701298,0.6258096347836315,-0.11298701298701298,1.0,0.11298701298701298,-0.11298701298701298,0.22337662337662337,0.330387908876124,-0.22337662337662337,1.0,0.22337662337662337,-0.22337662337662337,0.7155844155844155,0.0002652530626513761,-0.7155844155844155,1.0,0.7155844155844155,-0.7155844155844155,2.209473411242167,6.0,2.177283191680908,5.0,2.160966920852661,5.0,2.2494192600250242,5.0,0.8795913195450348,0.005685937898514665,1.0,0.0,0.0,1.0,0.26442303547206913,0.11298701298701298,0.6258096347836315,-0.11298701298701298,1.0,0.11298701298701298,0.6258096347836315,-1.0,-0.11298701298701298,1.0,0.1607046347335622,0.10819792747497559,2.1437225341796875,2.251920461654663,-1.5401384173734334,-2.05164781554478,1.0,-2.05164781554478,-2.05164781554478,-2.4847371923345842,-2.4847371923345842,-0.08403024424093819,-0.08403024424093819
48.0,0.6922121047973633,0.4381982684135437,2.5401384830474854,3.051647663116455,0.0,0.0,0.0,1.2956823694673536,1.2956823694673536,1.275365920054049,0.2285488405422892,1.0,2.430183172225952,2.1720564365386963,2.581266403198242,3.1121714115142822,0.0,0.0,0.0,2.172056545568445,1.466766397867884,0.0,2.1710009574890137,0.042017394647911814,0.0,-1.0,0.10519480519480517,0.6499672847296488,-0.10519480519480517,1.0,0.3766233766233766,0.092405309430575,-0.3766233766233766,1.0,0.10519480519480517,0.6499672847296488,-0.10519480519480517,1.0,0.10519480519480517,-0.10519480519480517,0.22337662337662337,0.330387908876124,-0.22337662337662337,1.0,0.22337662337662337,-0.22337662337662337,0.7246753246753247,0.00020267623916371931,-0.7246753246753247,1.0,0.7246753246753247,-0.7246753246753247,2.1802536249160767,6.0,2.1499049186706545,5.0,2.134306859970093,5.0,2.21768741607666,5.0,0.8834150451134489,0.00426523337185436,1.0,0.0,0.0,1.0,0.2696818708460077,0.10519480519480517,0.6499672847296488,-0.10519480519480517,1.0,0.10519480519480517,0.6499672847296488,-1.0,-0.10519480519480517,1.0,0.14885680101832116,0.10245537757873535,2.1182172298431396,2.220672607421875,-1.5812665048260086,-2.112171862088683,1.0,-2.112171862088683,-2.112171862088683,-2.54782955531884,-2.54782955531884,-0.08379809707050434,-0.08379809707050434
49.0,0.6854970455169678,0.42737042903900146,2.581266403198242,3.1121714115142822,0.0,0.0,0.0,1.2986318009108153,1.2986318009108153,1.2770729449899798,0.23564644599799772,1.0,2.412581205368042,2.150221347808838,2.6235976219177246,3.1745786666870117,0.0,0.0,0.0,2.1502213435336275,1.4592253895742553,0.0,2.142071008682251,0.039343529376616504,0.0,-1.0,0.10519480519480517,0.6499672847296488,-0.10519480519480517,1.0,0.3766233766233766,0.092405309430575,-0.3766233766233766,1.0,0.10519480519480517,0.6499672847296488,-0.10519480519480517,1.0,0.10519480519480517,-0.10519480519480517,0.22337662337662337,0.330387908876124,-0.22337662337662337,1.0,0.22337662337662337,-0.22337662337662337,0.7246753246753247,0.00020267623916371931,-0.7246753246753247,1.0,0.7246753246753247,-0.7246753246753247,2.150877912839254,6.0,2.122480535507202,5.0,2.107668924331665,5.0,2.1854951858520506,5.0,0.8864512515870091,0.002937113229145801,1.0,0.0,0.0,1.0,0.27470468736466636,0.10519480519480517,0.6499672847296488,-0.10519480519480517,1.0,0.10519480519480517,0.6499672847296488,-1.0,-0.10519480519480517,1.0,0.13686577071853934,0.09625864028930664,2.0927960872650146,2.1890547275543213,-1.6235978152349475,-2.1745789182404645,1.0,-2.1745789182404645,-2.1745789182404645,-2.612733666634857,-2.612733666634857,-0.08348086082952122,-0.08348086082952122
50.0,0.6783445477485657,0.41598477959632874,2.6235976219177246,3.1745786666870117,0.0,0.0,0.0,1.3168565687684852,1.3168565687684852,1.294234535471843,0.24303948218487317,1.0,2.3953440189361572,2.1286590099334717,2.6668508052825928,3.238463878631592,0.0,0.0,0.0,2.1286589682042267,1.4517419661084812,0.0,2.113103151321411,0.036504871435300346,0.0,-1.0,0.10519480519480517,0.6499672847296488,-0.10519480519480517,1.0,0.3766233766233766,0.092405309430575,-0.3766233766233766,1.0,0.10519480519480517,0.6499672847296488,-0.10519480519480517,1.0,0.10519480519480517,-0.10519480519480517,0.22337662337662337,0.330387908876124,-0.22337662337662337,1.0,0.22337662337662337,-0.22337662337662337,0.7246753246753247,0.00020267623916371931,-0.7246753246753247,1.0,0.7246753246753247,-0.7246753246753247,2.121442198753357,6.0,2.0950812816619875,5.0,2.0811285018920898,5.0,2.153093719482422,5.0,0.8886666595650381,0.0017460008558312604,1.0,0.0,0.0,1.0,0.2794553595097315,0.10519480519480517,0.6499672847296488,-0.10519480519480517,1.0,0.10519480519480517,0.6499672847296488,-1.0,-0.10519480519480517,1.0,0.12492811186523659,0.08969426155090332,2.067507266998291,2.1572015285491943,-1.6668506050074943,-2.23846418727116,1.0,-2.23846418727116,-2.23846418727116,-2.678996425676137,-2.678996425676137,-0.08309120207518705,-0.08309120207518705
51.0,0.6732280254364014,0.40654292702674866,2.6668508052825928,3.238463878631592,0.0,0.0,0.0,1.325851100567264,1.325851100567264,1.3019377916800021,0.25067733736982345,1.0,2.3785135746002197,2.1073803901672363,2.711331367492676,3.304243803024292,0.0,0.0,0.0,2.107380506576397,1.444319363860857,0.0,2.0844364166259766,0.033599710047379834,0.0,-1.0,0.09090909090909091,0.6951310760397714,-0.09090909090909091,1.0,0.37272727272727274,0.09610224578434735,-0.37272727272727274,1.0,0.09090909090909091,0.6951310760397714,-0.09090909090909091,1.0,0.09090909090909091,-0.09090909090909091,0.2155844155844156,0.3479675136622996,-0.2155844155844156,1.0,0.2155844155844156,-0.2155844155844156,0.725974025974026,0.00019486894429420653,-0.725974025974026,1.0,0.725974025974026,-0.725974025974026,2.092272162437439,6.0,2.0679922103881836,5.0,2.0549529552459718,5.0,2.120961618423462,5.0,0.8900399294096035,0.0007752580983741232,1.0,0.0,0.0,1.0,0.2841227509252664,0.09090909090909091,0.6951310760397714,-0.09090909090909091,1.0,0.09090909090909091,0.6951310760397714,-1.0,-0.09090909090909091,1.0,0.11321676022188794,0.08293414115905762,2.042567729949951,2.125501871109009,-1.7113313363633555,-2.304244145962175,1.0,-2.304244145962175,-2.304244145962175,-2.7470540568289947,-2.7470540568289947,-0.08269580629889961,-0.08269580629889961
52.0,0.6655670404434204,0.3944338858127594,2.711331367492676,3.304243803024292,0.0,0.0,0.0,1.3352253055159555,1.3352253055159555,1.3099436996129232,0.2586003100048108,1.0,2.3620445728302,2.086327075958252,2.7571756839752197,3.3721325397491455,0.0,0.0,0.0,2.086327151474867,1.436937360181695,0.0,2.056156635284424,0.030662185684804607,0.0,-1.0,0.09090909090909091,0.6951310760397714,-0.09090909090909091,1.0,0.37272727272727274,0.09610224578434735,-0.37272727272727274,1.0,0.09090909090909091,0.6951310760397714,-0.09090909090909091,1.0,0.09090909090909091,-0.09090909090909091,0.2155844155844156,0.3479675136622996,-0.2155844155844156,1.0,0.2155844155844156,-0.2155844155844156,0.725974025974026,0.00019486894429420653,-0.725974025974026,1.0,0.725974025974026,-0.725974025974026,2.0634741385777793,6.0,2.0412839889526366,5.0,2.0291922092437744,5.0,2.0892126083374025,5.0,0.8905881976230833,0.000541494812869395,1.0,0.0,0.0,1.0,0.28869446747002864,0.09090909090909091,0.6951310760397714,-0.09090909090909091,1.0,0.09090909090909091,0.6951310760397714,-1.0,-0.09090909090909091,1.0,0.10182256459594147,0.07608819007873535,2.0180208683013916,2.094109058380127,-1.757175965293575,-2.372132491380933,1.0,-2.372132491380933,-2.372132491380933,-2.8171235906603918,-2.8171235906603918,-0.08227181383940207,-0.08227181383940207
53.0,0.6593986749649048,0.38368111848831177,2.7571756839752197,3.3721325397491455,0.0,0.0,0.0,1.3370444247368658,1.3370444247368658,1.3101465865948738,0.2668402431301119,1.0,2.345940351486206,2.0654704570770264,2.804699182510376,3.4425740242004395,0.0,0.0,0.0,2.065470496203693,1.4295843406802131,0.0,2.028336763381958,0.027754624579718282,0.0,-1.0,0.09090909090909091,0.6951310760397714,-0.09090909090909091,1.0,0.37272727272727274,0.09610224578434735,-0.37272727272727274,1.0,0.09090909090909091,0.6951310760397714,-0.09090909090909091,1.0,0.09090909090909091,-0.09090909090909091,0.2155844155844156,0.3479675136622996,-0.2155844155844156,1.0,0.2155844155844156,-0.2155844155844156,0.725974025974026,0.00019486894429420653,-0.725974025974026,1.0,0.725974025974026,-0.725974025974026,2.0350934267044067,6.0,2.0149953365325928,5.0,2.0038819551467895,5.0,2.058024454116821,5.0,0.8903391601143502,0.0011119393473541918,0.6666666666666666,0.3333333333333333,0.0,0.6666666666666666,0.29328720775982325,0.09090909090909091,0.6951310760397714,-0.09090909090909091,1.0,0.09090909090909091,0.6951310760397714,-1.0,-0.09090909090909091,1.0,0.09083611002836603,0.06921124458312988,1.9938814640045166,2.0630927085876465,-1.8046991037197724,-2.4425737756673134,1.0,-2.4425737756673134,-2.4425737756673134,-2.8896417183700405,-2.8896417183700405,-0.08188181712196552,-0.08188181712196552
54.0,0.6486847400665283,0.36821478605270386,2.804699182510376,3.4425740242004395,0.0,0.0,0.0,1.3549559400769924,1.3549559400769924,1.3266651125264393,0.27543652400351043,1.0,2.3302228450775146,2.04491925239563,2.8530356884002686,3.5143911838531494,0.0,0.0,0.0,2.0449190331290787,1.422296669511568,0.0,2.001215934753418,0.02488154279376548,0.0,-1.0,0.05584415584415584,0.8099992137199937,-0.05584415584415584,1.0,0.35194805194805195,0.11767322930096195,-0.35194805194805195,1.0,0.05584415584415584,0.8099992137199937,-0.05584415584415584,1.0,0.05584415584415584,-0.05584415584415584,0.187012987012987,0.4169505000140746,-0.187012987012987,1.0,0.187012987012987,-0.187012987012987,0.7155844155844155,0.0002652530626513761,-0.7155844155844155,1.0,0.7155844155844155,-0.7155844155844155,2.0074409643809,6.0,1.9893678665161132,5.0,1.9792301654815674,5.0,2.027581214904785,5.0,0.8893364430576656,0.0016408285678193998,0.5714285714285714,0.42857142857142855,0.0,0.5714285714285714,0.29743452617655347,0.05584415584415584,0.8099992137199937,-0.05584415584415584,1.0,0.05584415584415584,0.8099992137199937,-1.0,-0.05584415584415584,1.0,0.08044740226005083,0.06245756149291992,1.9703717231750488,2.0328292846679688,-1.8530356114294975,-2.514391454603122,1.0,-2.514391454603122,-2.514391454603122,-2.963370543813227,-2.963370543813227,-0.08134483587214558,-0.08134483587214558
55.0,0.6421196460723877,0.35681605339050293,2.8530356884002686,3.5143911838531494,0.0,0.0,0.0,1.35521361299329,1.35521361299329,1.3250604128405445,0.2842865441155675,1.0,2.3147470951080322,2.0245282649993896,2.902188301086426,3.587534189224243,0.0,0.0,0.0,2.0245283650257813,1.4150230700061435,0.0,1.9747973680496216,0.02210599568026151,0.0,-1.0,0.05584415584415584,0.8099992137199937,-0.05584415584415584,1.0,0.35194805194805195,0.11767322930096195,-0.35194805194805195,1.0,0.05584415584415584,0.8099992137199937,-0.05584415584415584,1.0,0.05584415584415584,-0.05584415584415584,0.187012987012987,0.4169505000140746,-0.187012987012987,1.0,0.187012987012987,-0.187012987012987,0.7155844155844155,0.0002652530626513761,-0.7155844155844155,1.0,0.7155844155844155,-0.7155844155844155,1.9804859558741252,6.0,1.9643691778182983,5.0,1.9552044153213501,5.0,1.997991418838501,5.0,0.8876290241736988,0.002034336390841101,0.9047619047619048,0.9047619047619048,0.0,0.09523809523809523,0.3013691567484753,0.05584415584415584,0.8099992137199937,-0.05584415584415584,1.0,0.05584415584415584,0.8099992137199937,-1.0,-0.05584415584415584,1.0,0.07067282656508284,0.05587029457092285,1.94742751121521,2.003297805786133,-1.9021881671900196,-2.5875342037184814,1.0,-2.5875342037184814,-2.5875342037184814,-3.038262369031065,-3.038262369031065,-0.08076792882051453,-0.08076792882051453
56.0,0.6332803964614868,0.34306153655052185,2.902188301086426,3.587534189224243,0.0,0.0,0.0,1.3747958197828525,1.3747958197828525,1.343129685971194,0.29337040197560343,1.0,2.2995331287384033,2.0043680667877197,2.9516515731811523,3.661343812942505,0.0,0.0,0.0,2.0043681248156298,1.407788919551032,0.0,1.9491726160049438,0.019426400664815498,0.0,-1.0,0.05584415584415584,0.8099992137199937,-0.05584415584415584,1.0,0.35194805194805195,0.11767322930096195,-0.35194805194805195,1.0,0.05584415584415584,0.8099992137199937,-0.05584415584415584,1.0,0.05584415584415584,-0.05584415584415584,0.187012987012987,0.4169505000140746,-0.187012987012987,1.0,0.187012987012987,-0.187012987012987,0.7155844155844155,0.0002652530626513761,-0.7155844155844155,1.0,0.7155844155844155,-0.7155844155844155,1.9543583393096924,6.0,1.9400980710983275,5.0,1.931887698173523,5.0,1.9693086624145508,5.0,0.8852774735546062,0.0022878452367875285,1.0,1.0,0.0,0.0,0.3046844081367813,0.05584415584415584,0.8099992137199937,-0.05584415584415584,1.0,0.05584415584415584,0.8099992137199937,-1.0,-0.05584415584415584,1.0,0.06158478788858094,0.04952430725097656,1.9251399040222168,1.9746642112731934,-1.9516515580137614,-2.661343929732417,1.0,-2.661343929732417,-2.661343929732417,-3.113617631302712,-3.113617631302712,-0.07999311300615686,-0.07999311300615686
57.0,0.6253664493560791,0.33020132780075073,2.9516515731811523,3.661343812942505,0.0,0.0,0.0,1.3828504919354112,1.3828504919354112,1.3493282795925245,0.3026362122051606,1.0,2.284496307373047,1.9843858480453491,3.001105785369873,3.7353744506835938,0.0,0.0,0.0,1.9843859571664406,1.4005750084207171,0.0,1.9243011474609375,0.016862730584776192,0.0,-1.0,0.04285714285714286,0.8536570982478848,-0.04285714285714286,1.0,0.34025974025974026,0.13123757652772486,-0.34025974025974026,1.0,0.04285714285714286,0.8536570982478848,-0.04285714285714286,1.0,0.04285714285714286,-0.04285714285714286,0.17272727272727273,0.45402436101288696,-0.17272727272727273,1.0,0.17272727272727273,-0.17272727272727273,0.7051948051948052,0.0003564308384906877,-0.7051948051948052,1.0,0.7051948051948052,-0.7051948051948052,1.929019848505656,6.0,1.9165039539337159,5.0,1.90921950340271,5.0,1.9415173530578613,5.0,0.8823324485057376,0.0024127975246277526,1.0,1.0,0.0,0.0,0.30726982913955436,0.04285714285714286,0.8536570982478848,-0.04285714285714286,1.0,0.04285714285714286,0.8536570982478848,-1.0,-0.04285714285714286,1.0,0.05317978556002917,0.043468475341796875,1.9034452438354492,1.946913719177246,-2.0011059582540516,-2.735374427238764,1.0,-2.735374427238764,-2.735374427238764,-3.1889770220756333,-3.1889770220756333,-0.07896642544776045,-0.07896642544776045
58.0,0.6180464625358582,0.31793588399887085,3.001105785369873,3.7353744506835938,0.0,0.0,0.0,1.3890505071258006,1.3890505071258006,1.3535472702525726,0.3120434241227543,1.0,2.2696280479431152,1.964568853378296,3.0505921840667725,3.809587001800537,0.0,0.0,0.0,1.9645688540568824,1.3933761382386798,0.0,1.90033757686615,0.014479738408179305,0.0,-1.0,0.04285714285714286,0.8536570982478848,-0.04285714285714286,1.0,0.34025974025974026,0.13123757652772486,-0.34025974025974026,1.0,0.04285714285714286,0.8536570982478848,-0.04285714285714286,1.0,0.04285714285714286,-0.04285714285714286,0.17272727272727273,0.45402436101288696,-0.17272727272727273,1.0,0.17272727272727273,-0.17272727272727273,0.7051948051948052,0.0003564308384906877,-0.7051948051948052,1.0,0.7051948051948052,-0.7051948051948052,1.9045848846435547,6.0,1.8937073707580567,5.0,1.8873178005218505,5.0,1.9148904085159302,5.0,0.8788697882269838,0.0024290003534787902,1.0,1.0,0.0,0.0,0.30957284569616367,0.04285714285714286,0.8536570982478848,-0.04285714285714286,1.0,0.04285714285714286,0.8536570982478848,-1.0,-0.04285714285714286,1.0,0.045468611071427974,0.03775322437286377,1.8824316263198853,1.920184850692749,-2.050591961371621,-2.809587651967809,1.0,-2.809587651967809,-2.809587651967809,-3.2643186506839053,-3.2643186506839053,-0.07786958146314937,-0.07786958146314937
59.0,0.6107525825500488,0.3056933581829071,3.0505921840667725,3.809587001800537,0.0,0.0,0.0,1.3873340472092748,1.3873340472092748,1.3495538897461312,0.32155879278469907,1.0,2.254828453063965,1.9447911977767944,3.100372314453125,3.8843750953674316,0.0,0.0,0.0,1.9447911751235434,1.3861467703467323,0.0,1.8771892786026,0.01226814997690285,0.0,-1.0,0.04285714285714286,0.8536570982478848,-0.04285714285714286,1.0,0.34025974025974026,0.13123757652772486,-0.34025974025974026,1.0,0.04285714285714286,0.8536570982478848,-0.04285714285714286,1.0,0.04285714285714286,-0.04285714285714286,0.17272727272727273,0.45402436101288696,-0.17272727272727273,1.0,0.17272727272727273,-0.17272727272727273,0.7051948051948052,0.0003564308384906877,-0.7051948051948052,1.0,0.7051948051948052,-0.7051948051948052,1.880949079990387,6.0,1.871624970436096,5.0,1.8661004543304442,5.0,1.8893312215805054,5.0,0.8749340449362005,0.0023534900384351042,1.0,1.0,0.0,0.0,0.31157843160256793,0.04285714285714286,0.8536570982478848,-0.04285714285714286,1.0,0.04285714285714286,0.8536570982478848,-1.0,-0.04285714285714286,1.0,0.038379341822468924,0.03233170509338379,1.8620214462280273,1.8943531513214111,-2.100372410677846,-2.88437520979154,1.0,-2.88437520979154,-2.88437520979154,-3.3400238830805646,-3.3400238830805646,-0.07671813916143533,-0.07671813916143533
60.0,0.6039830446243286,0.2939458191394806,3.100372314453125,3.8843750953674316,0.0,0.0,0.0,1.389906290461862,1.389906290461862,1.349864242122443,0.3312189971977101,1.0,2.240110158920288,1.9251598119735718,3.149502992630005,3.958376884460449,0.0,0.0,0.0,1.9251598837831825,1.3789262232326327,0.0,1.8551011085510254,0.01023922982828415,0.0,-1.0,0.04285714285714286,0.8536570982478848,-0.04285714285714286,1.0,0.34025974025974026,0.13123757652772486,-0.34025974025974026,1.0,0.04285714285714286,0.8536570982478848,-0.04285714285714286,1.0,0.04285714285714286,-0.04285714285714286,0.17272727272727273,0.45402436101288696,-0.17272727272727273,1.0,0.17272727272727273,-0.17272727272727273,0.7051948051948052,0.0003564308384906877,-0.7051948051948052,1.0,0.7051948051948052,-0.7051948051948052,1.8583776752154033,6.0,1.8504984855651856,5.0,1.8457950592041015,5.0,1.8650772094726562,5.0,0.8706301638187651,0.0022021144566652428,1.0,1.0,0.0,0.0,0.3130522144635051,0.04285714285714286,0.8536570982478848,-0.04285714285714286,1.0,0.04285714285714286,0.8536570982478848,-1.0,-0.04285714285714286,1.0,0.03195821958680895,0.02727210521697998,1.8424427509307861,1.8697148561477661,-2.149502928999975,-2.9583770277960073,1.0,-2.9583770277960073,-2.9583770277960073,-3.4146892522344876,-3.4146892522344876,-0.07544250696943355,-0.07544250696943355
61.0,0.5950402617454529,0.28008994460105896,3.149502992630005,3.958376884460449,0.0,0.0,0.0,1.3778016832055935,1.3778016832055935,1.3349698198829705,0.3408710287569127,1.0,2.22538161277771,1.9055695533752441,3.198119878768921,4.031769752502441,0.0,0.0,0.0,1.9055696829489628,1.3716758212872915,0.0,1.8339078426361084,0.008386888781158784,0.0,-1.0,0.044155844155844164,0.8492705803407119,-0.044155844155844164,1.0,0.33766233766233766,0.1343969724884117,-0.33766233766233766,1.0,0.044155844155844164,0.8492705803407119,-0.044155844155844164,1.0,0.044155844155844164,-0.044155844155844164,0.17142857142857143,0.45747702762159437,-0.17142857142857143,1.0,0.17142857142857143,-0.17142857142857143,0.7,0.0004112938713638759,-0.7,1.0,0.7,-0.7,1.8367097973823547,6.0,1.8301710844039918,5.0,1.826242709159851,5.0,1.8419484853744508,5.0,0.8659919580144146,0.0019926826537494855,1.0,1.0,0.0,0.0,0.3141084568531517,0.044155844155844164,0.8492705803407119,-0.044155844155844164,1.0,0.044155844155844164,0.8492705803407119,-1.0,-0.044155844155844164,1.0,0.026111515761696014,0.022636055946350098,1.8234858512878418,1.846121907234192,-2.1981199069897333,-3.031769414969756,1.0,-3.031769414969756,-3.031769414969756,-3.4885174240909365,-3.4885174240909365,-0.07407288190850925,-0.07407288190850925
62.0,0.5911417007446289,0.2713296711444855,3.198119878768921,4.031769752502441,0.0,0.0,0.0,1.3738981102136343,1.3738981102136343,1.3284282926541033,0.35053429008400805,1.0,2.210568428039551,1.885939121246338,3.24629282951355,4.1046671867370605,0.0,0.0,0.0,1.885939048318272,1.3643653307642256,0.0,1.8135614395141602,0.00669999242143668,0.0,-1.0,0.03896103896103896,0.8668411213715634,-0.03896103896103896,1.0,0.32727272727272727,0.14757448251475364,-0.32727272727272727,1.0,0.03896103896103896,0.8668411213715634,-0.03896103896103896,1.0,0.03896103896103896,-0.03896103896103896,0.16493506493506493,0.47494156501178986,-0.16493506493506493,1.0,0.16493506493506493,-0.16493506493506493,0.6948051948051948,0.0004732256022351797,-0.6948051948051948,1.0,0.6948051948051948,-0.6948051948051948,1.815900166829427,6.0,1.8106021165847779,5.0,1.8074007749557495,5.0,1.8198744535446167,5.0,0.8610630490173024,0.001738385784607602,1.0,1.0,0.0,0.0,0.31469536377456836,0.03896103896103896,0.8668411213715634,-0.03896103896103896,1.0,0.03896103896103896,0.8668411213715634,-1.0,-0.03896103896103896,1.0,0.02082275337423536,0.018365144729614258,1.8051609992980957,1.82352614402771,-2.2462926115293995,-3.1046673969593126,1.0,-3.1046673969593126,-3.1046673969593126,-3.561627669981137,-3.561627669981137,-0.07258276764775107,-0.07258276764775107
63.0,0.5820103883743286,0.2573811411857605,3.24629282951355,4.1046671867370605,0.0,0.0,0.0,1.360323015715268,1.360323015715268,1.3117604814809818,0.36022652083024564,1.0,2.1956396102905273,1.8662455081939697,3.293940782546997,4.176982402801514,0.0,0.0,0.0,1.866245258845197,1.3569853057463963,0.0,1.7940773963928223,0.005169906660379782,0.0,-1.0,0.03896103896103896,0.8668411213715634,-0.03896103896103896,1.0,0.32727272727272727,0.14757448251475364,-0.32727272727272727,1.0,0.03896103896103896,0.8668411213715634,-0.03896103896103896,1.0,0.03896103896103896,-0.03896103896103896,0.16493506493506493,0.47494156501178986,-0.16493506493506493,1.0,0.16493506493506493,-0.16493506493506493,0.6948051948051948,0.0004732256022351797,-0.6948051948051948,1.0,0.6948051948051948,-0.6948051948051948,1.7959717313448589,6.0,1.7918155193328857,5.0,1.789290714263916,5.0,1.798852276802063,5.0,0.8559000725594385,0.0014508608248729555,1.0,1.0,0.0,0.0,0.3146831350765091,0.03896103896103896,0.8668411213715634,-0.03896103896103896,1.0,0.03896103896103896,0.8668411213715634,-1.0,-0.03896103896103896,1.0,0.016070885390083726,0.014424324035644531,1.7875256538391113,1.8019499778747559,-2.2939409495552225,-3.1769822713331877,1.0,-3.1769822713331877,-3.1769822713331877,-3.6339307765264506,-3.6339307765264506,-0.07090980080603271,-0.07090980080603271
64.0,0.5772581100463867,0.2478640377521515,3.293940782546997,4.176982402801514,0.0,0.0,0.0,1.343839971383429,1.343839971383429,1.291914312477942,0.3699503722156014,1.0,2.180485486984253,1.8464410305023193,3.340444564819336,4.247727394104004,0.0,0.0,0.0,1.8464410646538145,1.349518589320637,0.0,1.7754828929901123,0.003800142716018369,0.0,-1.0,0.03896103896103896,0.8668411213715634,-0.03896103896103896,1.0,0.32727272727272727,0.14757448251475364,-0.32727272727272727,1.0,0.03896103896103896,0.8668411213715634,-0.03896103896103896,1.0,0.03896103896103896,-0.03896103896103896,0.16493506493506493,0.47494156501178986,-0.16493506493506493,1.0,0.16493506493506493,-0.16493506493506493,0.6948051948051948,0.0004732256022351797,-0.6948051948051948,1.0,0.6948051948051948,-0.6948051948051948,1.776949445406596,6.0,1.7738380908966065,5.0,1.7719380140304566,5.0,1.778912901878357,5.0,0.8505629831127285,0.0011441416882390408,1.0,1.0,0.0,0.0,0.31429070357362077,0.03896103896103896,0.8668411213715634,-0.03896103896103896,1.0,0.03896103896103896,0.8668411213715634,-1.0,-0.03896103896103896,1.0,0.01182585715922858,0.010812044143676758,1.7706067562103271,1.781418800354004,-2.3404444770602173,-3.2477274008416117,1.0,-3.2477274008416117,-3.2477274008416117,-3.7044786661604014,-3.7044786661604014,-0.06912736417864118,-0.06912736417864118
65.0,0.5709701776504517,0.23692573606967926,3.340444564819336,4.247727394104004,0.0,0.0,0.0,1.3236761150033651,1.3236761150033651,1.2680823635047538,0.3795860598054136,1.0,2.1651346683502197,1.826507806777954,3.386267900466919,4.3176350593566895,0.0,0.0,0.0,1.8265076335881614,1.341957528321516,0.0,1.7577258348464966,0.0025761027682777216,0.0,-1.0,0.014285714285714285,0.9509932422972027,-0.014285714285714285,1.0,0.3155844155844156,0.16345354043341237,-0.3155844155844156,1.0,0.014285714285714285,0.9509932422972027,-0.014285714285714285,1.0,0.014285714285714285,-0.014285714285714285,0.14935064935064934,0.5181875885017935,-0.14935064935064934,1.0,0.14935064935064934,-0.14935064935064934,0.6870129870129871,0.0005809897943125257,-0.6870129870129871,1.0,0.6870129870129871,-0.6870129870129871,1.7587759693463643,6.0,1.7566245317459106,5.0,1.7553030252456665,5.0,1.7599897861480713,5.0,0.8450877365875022,0.0008264956054886255,1.0,1.0,0.0,0.0,0.31338741694026,0.014285714285714285,0.9509932422972027,-0.014285714285714285,1.0,0.014285714285714285,0.9509932422972027,-1.0,-0.014285714285714285,1.0,0.008025901676405217,0.0074918270111083984,1.754368543624878,1.7618603706359863,-2.3862680088336083,-3.317635088852885,1.0,-3.317635088852885,-3.317635088852885,-3.77397592516966,-3.77397592516966,-0.0671930124782818,-0.0671930124782818
66.0,0.5630062818527222,0.2243795096874237,3.386267900466919,4.3176350593566895,0.0,0.0,0.0,1.304381399297212,1.304381399297212,1.2449578506840973,0.38921817127748,1.0,2.1496646404266357,1.806523084640503,3.431414842605591,4.386674404144287,0.0,0.0,0.0,1.8065231129863988,1.334328972867557,0.0,1.740850567817688,0.001492501913856488,0.0,-1.0,-0.0025974025974025974,0.9910846979963881,0.0025974025974025974,1.0,0.30129870129870134,0.18441900148730597,-0.30129870129870134,1.0,-0.0025974025974025974,0.9910846979963881,0.0025974025974025974,1.0,-0.0025974025974025974,0.0025974025974025974,0.13376623376623376,0.5632192812726847,-0.13376623376623376,1.0,0.13376623376623376,-0.13376623376623376,0.6792207792207793,0.0007090174365901509,-0.6792207792207793,1.0,0.6792207792207793,-0.6792207792207793,1.74149489402771,6.0,1.7402223348617554,5.0,1.7394343376159669,5.0,1.7421213388442993,5.0,0.8395373734955202,0.0005073004415751267,1.0,1.0,0.0,0.0,0.3121124283486298,-0.0025974025974025974,0.9910846979963881,0.0025974025974025974,1.0,-0.0025974025974025974,0.9910846979963881,-1.0,0.0025974025974025974,1.0,0.004638863172708758,0.00445103645324707,1.7388615608215332,1.7433125972747803,-2.4314149088697814,-3.386674593443103,1.0,-3.386674593443103,-3.386674593443103,-3.8423986393981533,-3.8423986393981533,-0.06517149376809006,-0.06517149376809006
67.0,0.5597813129425049,0.21663980185985565,3.431414842605591,4.386674404144287,0.0,0.0,0.0,1.279288853529976,1.279288853529976,1.2155306837486166,0.39882969752973657,1.0,2.133878231048584,1.7863168716430664,3.475614070892334,4.454436302185059,0.0,0.0,0.0,1.7863169202476796,1.3265673692027729,0.0,1.724779725074768,0.000540319934377212,0.0,-1.0,-0.02077922077922078,0.9287633909628463,0.02077922077922078,1.0,0.2896103896103896,0.2028773165232885,-0.2896103896103896,1.0,-0.02077922077922078,0.9287633909628463,0.02077922077922078,1.0,-0.02077922077922078,0.02077922077922078,0.11818181818181818,0.6099052209533065,-0.11818181818181818,1.0,0.11818181818181818,-0.11818181818181818,0.6727272727272726,0.0008333435326227536,-0.6727272727272726,1.0,0.6727272727272726,-0.6727272727272726,1.725031276543935,6.0,1.724560761451721,5.0,1.7242616653442382,5.0,1.7252153158187866,5.0,0.83393292565344,0.00019382856541498136,1.0,1.0,0.0,0.0,0.3104848181978984,-0.02077922077922078,0.9287633909628463,0.02077922077922078,1.0,-0.02077922077922078,0.9287633909628463,-1.0,0.02077922077922078,1.0,0.0016249140998828703,0.001674056053161621,1.7240216732025146,1.7256957292556763,-2.475614455397627,-3.4544359462451117,1.0,-3.4544359462451117,-3.4544359462451117,-3.909347357726098,-3.909347357726098,-0.0630600622216746,-0.0630600622216746
68.0,0.5541514158248901,0.2065899670124054,3.475614070892334,4.454436302185059,0.0,0.0,0.0,1.2519861405561097,1.2519861405561097,1.1835114887617657,0.40837464675649465,1.0,2.1178367137908936,1.765840768814087,3.519958734512329,4.522541522979736,0.0,0.0,0.0,1.76584070287877,1.3186527029389428,0.0,1.7093950510025024,0.00031881405273899915,0.0,-1.0,0.07532467532467534,0.7455550758529895,-0.07532467532467534,1.0,-0.2584415584415584,0.2579885873988545,0.2584415584415584,1.0,0.07532467532467534,0.7455550758529895,-0.07532467532467534,1.0,0.07532467532467534,-0.07532467532467534,-0.06753246753246753,0.7711624988673798,0.06753246753246753,1.0,-0.06753246753246753,0.06753246753246753,-0.6571428571428571,0.0012093758514660198,0.6571428571428571,1.0,-0.6571428571428571,0.6571428571428571,1.7092633247375488,6.0,1.7095303535461426,5.0,1.7096817255020142,5.0,1.7091307401657105,5.0,0.8282725938341406,0.00011915287539051148,1.0,1.0,0.0,0.0,0.30854241718190684,-0.04805194805194805,0.8361372099212369,0.04805194805194805,1.0,-0.04805194805194805,0.8361372099212369,-1.0,0.04805194805194805,1.0,-0.001079881677142098,0.0008838176727294922,1.7088685035705566,1.7097523212432861,-2.5199587778588426,-3.5225417628711524,1.0,-3.5225417628711524,-3.5225417628711524,-3.976412661600497,-3.976412661600497,-0.06092190910487982,-0.06092190910487982
69.0,0.5475848913192749,0.19558900594711304,3.519958734512329,4.522541522979736,0.0,0.0,0.0,1.2274140746258184,1.2274140746258184,1.1540376793690381,0.41802194342651366,1.0,2.1016666889190674,1.7452270984649658,3.5643951892852783,4.590909481048584,0.0,0.0,0.0,1.745227138606852,1.3106302853141512,0.0,1.6948312520980835,0.0010489506772951688,0.0,-1.0,0.04935064935064935,0.8317685534433151,-0.04935064935064935,1.0,-0.26883116883116887,0.23865637920307153,0.26883116883116887,1.0,0.04935064935064935,0.8317685534433151,-0.04935064935064935,1.0,0.04935064935064935,-0.04935064935064935,-0.08831168831168833,0.7034559950013928,0.08831168831168833,1.0,-0.08831168831168833,0.08831168831168833,-0.6571428571428571,0.0012093758514660198,0.6571428571428571,1.0,-0.6571428571428571,0.6571428571428571,1.6943364938100178,6.0,1.6952691555023194,5.0,1.6958271741867066,5.0,1.69399151802063,5.0,0.8226475381916527,0.0004108952758386917,1.0,1.0,0.0,0.0,0.3063059972537835,-0.04935064935064935,0.8317685534433151,0.04935064935064935,1.0,-0.04935064935064935,0.8317685534433151,-1.0,0.04935064935064935,1.0,-0.00347928436554461,0.0031931400299072266,1.6929857730865479,1.696178913116455,-2.564395259633278,-3.5909094588246155,1.0,-3.5909094588246155,-3.5909094588246155,-4.043531284424356,-4.043531284424356,-0.05874503565086453,-0.05874503565086453
70.0,0.5425589680671692,0.1861194223165512,3.5643951892852783,4.590909481048584,0.0,0.0,0.0,1.19968748381457,1.19968748381457,1.1208299856943076,0.4277735405443301,1.0,2.0853159427642822,1.72454035282135,3.6077561378479004,4.657801628112793,0.0,0.0,0.0,1.7245403297277384,1.3025234220992952,0.0,1.6810544729232788,0.0016830564298223772,0.0,-1.0,0.04935064935064935,0.8317685534433151,-0.04935064935064935,1.0,-0.26883116883116887,0.23865637920307153,0.26883116883116887,1.0,0.04935064935064935,0.8317685534433151,-0.04935064935064935,1.0,0.04935064935064935,-0.04935064935064935,-0.08831168831168833,0.7034559950013928,0.08831168831168833,1.0,-0.08831168831168833,0.08831168831168833,-0.6571428571428571,0.0012093758514660198,0.6571428571428571,1.0,-0.6571428571428571,0.6571428571428571,1.6802154183387756,6.0,1.6817478656768798,5.0,1.6826719522476197,5.0,1.6797505855560302,5.0,0.8170801858164922,0.0006867133926835772,1.0,1.0,0.0,0.0,0.30375063505573197,-0.04935064935064935,0.8317685534433151,0.04935064935064935,1.0,-0.04935064935064935,0.8317685534433151,-1.0,0.04935064935064935,1.0,-0.005598709650162192,0.005258798599243164,1.6780095100402832,1.6832683086395264,-2.6077557394614415,-3.6578015173214835,1.0,-3.6578015173214835,-3.6578015173214835,-4.109005480323531,-4.109005480323531,-0.056460220739313005,-0.056460220739313005
71.0,0.5378321409225464,0.17705655097961426,3.6077561378479004,4.657801628112793,0.0,0.0,0.0,1.1811690752634811,1.1811690752634811,1.0971772825258321,0.4374498772065411,1.0,2.0688672065734863,1.703855276107788,3.6501195430755615,4.723316192626953,0.0,0.0,0.0,1.7038553424595744,1.294357262196995,0.0,1.6681092977523804,0.002224209591911592,0.0,-1.0,0.04935064935064935,0.8317685534433151,-0.04935064935064935,1.0,-0.26883116883116887,0.23865637920307153,0.26883116883116887,1.0,0.04935064935064935,0.8317685534433151,-0.04935064935064935,1.0,0.04935064935064935,-0.04935064935064935,-0.08831168831168833,0.7034559950013928,0.08831168831168833,1.0,-0.08831168831168833,0.08831168831168833,-0.6571428571428571,0.0012093758514660198,0.6571428571428571,1.0,-0.6571428571428571,0.6571428571428571,1.666944642861684,6.0,1.6690150022506713,5.0,1.6702665567398072,5.0,1.6664443969726563,5.0,0.8116291622011976,0.000941688058089962,1.0,1.0,0.0,0.0,0.30097376993212754,-0.04935064935064935,0.8317685534433151,0.04935064935064935,1.0,-0.04935064935064935,0.8317685534433151,-1.0,0.04935064935064935,1.0,-0.007458594926512108,0.007094860076904297,1.663977861404419,1.6710727214813232,-2.65011977214381,-3.7233160244951664,1.0,-3.7233160244951664,-3.7233160244951664,-4.1729434435751385,-4.1729434435751385,-0.05409984836112591,-0.05409984836112591
72.0,0.53412264585495,0.16911070048809052,3.6501195430755615,4.723316192626953,0.0,0.0,0.0,1.1567184739689798,1.1567184739689798,1.0668354663149888,0.4470567255210524,1.0,2.0520830154418945,1.6829438209533691,3.691391944885254,4.787303447723389,0.0,0.0,0.0,1.6829437923522657,1.2860419363493012,0.0,1.6557985544204712,0.0026902295241054263,0.0,-1.0,0.06883116883116883,0.7668778725128099,-0.06883116883116883,1.0,-0.2532467532467532,0.26801791447109463,0.2532467532467532,1.0,0.06883116883116883,0.7668778725128099,-0.06883116883116883,1.0,0.06883116883116883,-0.06883116883116883,-0.07142857142857142,0.7583283454574847,0.07142857142857142,1.0,-0.07142857142857142,0.07142857142857142,-0.6506493506493506,0.001403862865417102,0.6506493506493506,1.0,-0.6506493506493506,0.6506493506493506,1.6543209155400593,6.0,1.6568808794021606,5.0,1.6584297180175782,5.0,1.653858208656311,5.0,0.8062410839985196,0.0011786345334000498,1.0,1.0,0.0,0.0,0.2980128347035705,-0.06883116883116883,0.7668778725128099,0.06883116883116883,1.0,-0.06883116883116883,0.7668778725128099,-1.0,0.06883116883116883,1.0,-0.009113435849240523,0.008749723434448242,1.6506671905517578,1.659416913986206,-2.691391883376372,-3.7873034787329187,1.0,-3.7873034787329187,-3.7873034787329187,-4.235202237405361,-4.235202237405361,-0.051669933990837746,-0.051669933990837746
73.0,0.5296752452850342,0.16053606569766998,3.691391944885254,4.787303447723389,0.0,0.0,0.0,1.1203650998696024,1.1203650998696024,1.0231114644490802,0.4565751726919488,1.0,2.0351312160491943,1.6619764566421509,3.7315471172332764,4.849717140197754,0.0,0.0,0.0,1.6619764864106636,1.2776422919262023,0.0,1.6441396474838257,0.0030867107744436953,0.0,-1.0,0.1077922077922078,0.6418756070398507,-0.1077922077922078,1.0,-0.21818181818181817,0.342048012047813,0.21818181818181817,1.0,0.1077922077922078,0.6418756070398507,-0.1077922077922078,1.0,0.1077922077922078,-0.1077922077922078,-0.033766233766233764,0.8844723124673912,0.033766233766233764,1.0,-0.033766233766233764,0.033766233766233764,-0.6298701298701298,0.0022129859036497525,0.6298701298701298,1.0,-0.6298701298701298,0.6298701298701298,1.642361323038737,6.0,1.6453640699386596,5.0,1.647183322906494,5.0,1.642004942893982,5.0,0.8009557276584518,0.0013957699288536436,1.0,1.0,0.0,0.0,0.2949319571858267,-0.1077922077922078,0.6418756070398507,0.1077922077922078,1.0,-0.1077922077922078,0.6418756070398507,-1.0,0.1077922077922078,1.0,-0.01057586800947652,0.010232329368591309,1.6380912065505981,1.6483235359191895,-2.7315470670431616,-3.849717555742396,1.0,-3.849717555742396,-3.849717555742396,-4.29574867681187,-4.29574867681187,-0.049174968575220745,-0.049174968575220745
74.0,0.5285704731941223,0.15541574358940125,3.7315471172332764,4.849717140197754,0.0,0.0,0.0,1.096241745889347,1.096241745889347,0.9922637496271548,0.4660028075091206,1.0,2.017995595932007,1.6408841609954834,3.7711143493652344,4.911364555358887,0.0,0.0,0.0,1.6408842016703706,1.26913056380692,0.0,1.6330815553665161,0.003423759470984204,0.0,-1.0,0.1077922077922078,0.6418756070398507,-0.1077922077922078,1.0,-0.21818181818181817,0.342048012047813,0.21818181818181817,1.0,0.1077922077922078,0.6418756070398507,-0.1077922077922078,1.0,0.1077922077922078,-0.1077922077922078,-0.033766233766233764,0.8844723124673912,0.033766233766233764,1.0,-0.033766233766233764,0.033766233766233764,-0.6298701298701298,0.0022129859036497525,0.6298701298701298,1.0,-0.6298701298701298,0.6298701298701298,1.6310118635495503,6.0,1.6344175577163695,5.0,1.6364847421646118,5.0,1.630825448036194,5.0,0.7957731773921444,0.001594314797357672,1.0,1.0,0.0,0.0,0.29173755864380924,-0.1077922077922078,0.6418756070398507,0.1077922077922078,1.0,-0.1077922077922078,0.6418756070398507,-1.0,0.1077922077922078,1.0,-0.011875078094290229,0.011569023132324219,1.6261842250823975,1.6377532482147217,-2.7711143534967193,-3.911364372197907,1.0,-3.911364372197907,-3.911364372197907,-4.355375510982213,-4.355375510982213,-0.04660317731003949,-0.04660317731003949
75.0,0.5230439305305481,0.14593251049518585,3.7711143493652344,4.911364555358887,0.0,0.0,0.0,1.060920114511706,1.060920114511706,0.9484238997639878,0.4754404229049109,1.0,2.000831365585327,1.6198768615722656,3.809544086456299,4.971405982971191,0.0,0.0,0.0,1.6198768769582346,1.2605857118254615,0.0,1.622854471206665,0.003698262029914543,0.0,-1.0,0.13376623376623376,0.5632192812726847,-0.13376623376623376,1.0,-0.1922077922077922,0.4038885272768977,0.1922077922077922,1.0,0.13376623376623376,0.5632192812726847,-0.13376623376623376,1.0,0.13376623376623376,-0.13376623376623376,-0.007792207792207793,0.9732581834484768,0.007792207792207793,1.0,-0.007792207792207793,0.007792207792207793,-0.6142857142857143,0.0030502365456209725,0.6142857142857143,1.0,-0.6142857142857143,0.6142857142857143,1.620507001876831,6.0,1.6242701768875123,5.0,1.6265592336654664,5.0,1.6205514669418335,5.0,0.7908345148163246,0.0017686772569170848,1.0,1.0,0.0,0.0,0.28849102194069814,-0.13376623376623376,0.5632192812726847,0.13376623376623376,1.0,-0.13376623376623376,0.5632192812726847,-1.0,0.13376623376623376,1.0,-0.012972088848937982,0.0126725435256958,1.615256428718567,1.6279289722442627,-2.80954417753809,-3.971406081699964,1.0,-3.971406081699964,-3.971406081699964,-4.4132640333907895,-4.4132640333907895,-0.04396241752351626,-0.04396241752351626
76.0,0.5187438130378723,0.13778939843177795,3.809544086456299,4.971405982971191,0.0,0.0,0.0,1.0394028520628573,1.0394028520628573,0.9194235698303437,0.4847871575411517,1.0,1.9835995435714722,1.5989271402359009,3.846724271774292,5.029637813568115,0.0,0.0,0.0,1.5989270673112626,1.251998524580683,0.0,1.6134488582611084,0.003920594170276658,0.0,-1.0,0.16883116883116883,0.46442277316539365,-0.16883116883116883,1.0,-0.15974025974025974,0.4891511154734236,0.15974025974025974,1.0,0.16883116883116883,0.46442277316539365,-0.16883116883116883,1.0,0.16883116883116883,-0.16883116883116883,0.02857142857142857,0.9021562162960429,-0.02857142857142857,1.0,0.02857142857142857,-0.02857142857142857,-0.587012987012987,0.005149313814572183,0.587012987012987,1.0,-0.587012987012987,0.587012987012987,1.6108344395955403,6.0,1.614915943145752,5.0,1.617404818534851,5.0,1.6111631870269776,5.0,0.786166552953192,0.0019208047491465416,1.0,1.0,0.0,0.0,0.2853567005398593,-0.16883116883116883,0.46442277316539365,0.16883116883116883,1.0,-0.16883116883116883,0.46442277316539365,-1.0,0.16883116883116883,1.0,-0.013822562253491709,0.01334989070892334,1.605501651763916,1.6188515424728394,-2.8467243702792224,-4.029638229159942,1.0,-4.029638229159942,-4.029638229159942,-4.46924234399969,-4.46924234399969,-0.041292537678037755,-0.041292537678037755
77.0,0.516998827457428,0.1323263794183731,3.846724271774292,5.029637813568115,0.0,0.0,0.0,1.018501184103712,1.018501184103712,0.8906704203593447,0.4940150446267516,1.0,1.9664686918258667,1.5781854391098022,3.8828320503234863,5.08632755279541,0.0,0.0,0.0,1.5781853677577098,1.2434264850758372,0.0,1.6047800779342651,0.004097666726028143,0.0,-1.0,0.16623376623376623,0.471422022315551,-0.16623376623376623,1.0,-0.15844155844155844,0.49273603731315235,0.15844155844155844,1.0,0.16623376623376623,0.471422022315551,-0.16623376623376623,1.0,0.16623376623376623,-0.16623376623376623,0.029870129870129873,0.8977307350801783,-0.029870129870129873,1.0,0.029870129870129873,-0.029870129870129873,-0.5844155844155844,0.005399998364912409,0.5844155844155844,1.0,-0.5844155844155844,0.5844155844155844,1.6019129355748494,6.0,1.606275486946106,5.0,1.6089418411254883,5.0,1.6025637626647948,5.0,0.7817543677980197,0.0020520522606754686,1.0,1.0,0.0,0.0,0.28233394391071875,-0.16623376623376623,0.471422022315551,0.16623376623376623,1.0,-0.16623376623376623,0.471422022315551,-1.0,0.16623376623376623,1.0,-0.01451603145185485,0.013840317726135254,1.5966044664382935,1.6104447841644287,-2.8828321229281504,-4.086326934059786,1.0,-4.086326934059786,-4.086326934059786,-4.523551770626592,-4.523551770626592,-0.03861766409807488,-0.03861766409807488
78.0,0.5159534215927124,0.12767018377780914,3.8828320503234863,5.08632755279541,0.0,0.0,0.0,0.9882482861518195,0.9882482861518195,0.8505795816078656,0.5031391958830048,1.0,1.9493461847305298,1.557572364807129,3.9177379608154297,5.141308784484863,0.0,0.0,0.0,1.5575723697295618,1.234838475783666,0.0,1.5966367721557617,0.004241679582195941,0.0,-1.0,0.2311688311688312,0.3133473331324291,-0.2311688311688312,1.0,-0.11948051948051949,0.6059550557298753,0.11948051948051949,1.0,0.2311688311688312,0.3133473331324291,-0.2311688311688312,1.0,0.2311688311688312,-0.2311688311688312,0.08571428571428572,0.7118136961291482,-0.08571428571428572,1.0,0.08571428571428572,-0.08571428571428572,-0.5597402597402598,0.008325815617061407,0.5597402597402598,1.0,-0.5597402597402598,0.5597402597402598,1.5935223897298176,6.0,1.5981411695480348,5.0,1.6009696960449218,5.0,1.5945361614227296,5.0,0.7775122958571853,0.0021677936104108975,1.0,1.0,0.0,0.0,0.2793708039549696,-0.2311688311688312,0.3133473331324291,0.2311688311688312,1.0,-0.2311688311688312,0.3133473331324291,-1.0,0.2311688311688312,1.0,-0.015094492213907594,0.014179229736328125,1.5883328914642334,1.6025121212005615,-2.9177378080947167,-4.141308928192183,1.0,-4.141308928192183,-4.141308928192183,-4.576016276744826,-4.576016276744826,-0.03588821934714326,-0.03588821934714326
79.0,0.5110700130462646,0.11929624527692795,3.9177379608154297,5.141308784484863,0.0,0.0,0.0,0.9577942296105781,0.9577942296105781,0.8093672076217925,0.5121469608440757,1.0,1.9327551126480103,1.5375772714614868,3.9517784118652344,5.195033073425293,0.0,0.0,0.0,1.5375772344292276,1.2264340746970404,0.0,1.5894103050231934,0.004348277919693157,0.0,-1.0,0.2987012987012987,0.18841842410537243,-0.2987012987012987,1.0,-0.04025974025974026,0.8624424916554133,0.04025974025974026,1.0,0.2987012987012987,0.18841842410537243,-0.2987012987012987,1.0,0.2987012987012987,-0.2987012987012987,0.16493506493506493,0.47494156501178986,-0.16493506493506493,1.0,0.16493506493506493,-0.16493506493506493,-0.487012987012987,0.02515075825591802,0.487012987012987,1.0,-0.487012987012987,0.487012987012987,1.5860653320948284,6.0,1.5909045457839965,5.0,1.5938732147216796,5.0,1.587467360496521,5.0,0.7736709901687998,0.0022623364111019955,1.0,1.0,0.0,0.0,0.2766894557761232,-0.2987012987012987,0.18841842410537243,0.2987012987012987,1.0,-0.2987012987012987,0.18841842410537243,-1.0,0.2987012987012987,1.0,-0.015528802592897826,0.014352798461914062,1.581083059310913,1.5954358577728271,-2.9517781469855433,-4.195033312739198,1.0,-4.195033312739198,-4.195033312739198,-4.627124173671462,-4.627124173671462,-0.03317695454597258,-0.03317695454597258
80.0,0.510289192199707,0.11511138081550598,3.9517784118652344,5.195033073425293,0.0,0.0,0.0,0.9359082508461999,0.9359082508461999,0.7774293214277466,0.5210833946561596,1.0,1.9167463779449463,1.5182592868804932,3.984870433807373,5.247377395629883,0.0,0.0,0.0,1.5182591932413578,1.2182426913863136,0.0,1.5830833911895752,0.004423229997525147,0.0,-1.0,0.30129870129870134,0.18441900148730597,-0.30129870129870134,1.0,-0.023376623376623374,0.9198848317686953,0.023376623376623374,1.0,0.30129870129870134,0.18441900148730597,-0.30129870129870134,1.0,0.30129870129870134,-0.30129870129870134,0.17662337662337665,0.4437478469481735,-0.17662337662337665,1.0,0.17662337662337665,-0.17662337662337665,-0.46753246753246747,0.0325891251017163,0.46753246753246747,1.0,-0.46753246753246747,0.46753246753246747,1.5795242389043171,6.0,1.5845506191253662,5.0,1.5876384973526,5.0,1.5813320636749268,5.0,0.7702499945169906,0.0023373126762839935,1.0,1.0,0.0,0.0,0.27430128078787186,-0.30129870129870134,0.18441900148730597,0.30129870129870134,1.0,-0.30129870129870134,0.18441900148730597,-1.0,0.30129870129870134,1.0,-0.01583701485359387,0.014384627342224121,1.5748207569122314,1.5892053842544556,-2.9848708836738087,-4.247378006590273,1.0,-4.247378006590273,-4.247378006590273,-4.676755921160709,-4.676755921160709,-0.030478723270446206,-0.030478723270446206
