entity_id,entity_code,entity_name,year,y_true,y_pred,k_star,omega_peak,proxy_signal_true,proxy_signal_pred,proxy_1_true,proxy_1_pred,proxy_2_true,proxy_2_pred,proxy_3_true,proxy_3_pred,omega_1,omega_2,omega_3,omega_4,omega_5,omega_6,omega_7,omega_8,omega_9,omega_10
0,ARE,United Arab Emirates,2018,-77.53056335449219,0.3098943829536438,6.7809295654296875,10,0.18880443274974823,0.22558926045894623,0.332748681306839,0.2331068366765976,0.2764120101928711,0.21570931375026703,-0.042747389525175095,0.22795160114765167,0.06446871906518936,0.11225392669439316,0.05976495519280434,0.011286728084087372,0.09475161880254745,0.026865990832448006,0.11118097603321075,0.07106747478246689,0.1978459507226944,0.25051364302635193
0,ARE,United Arab Emirates,2019,-233.2926788330078,0.15988388657569885,6.7809295654296875,10,0.18880443274974823,0.22558926045894623,0.332748681306839,0.2331068366765976,0.2764120101928711,0.21570931375026703,-0.042747389525175095,0.22795160114765167,0.06446871906518936,0.11225392669439316,0.05976495519280434,0.011286728084087372,0.09475161880254745,0.026865990832448006,0.11118097603321075,0.07106747478246689,0.1978459507226944,0.25051364302635193
0,ARE,United Arab Emirates,2020,-435.1805725097656,-0.03774792701005936,6.7809295654296875,10,0.18880443274974823,0.22558926045894623,0.332748681306839,0.2331068366765976,0.2764120101928711,0.21570931375026703,-0.042747389525175095,0.22795160114765167,0.06446871906518936,0.11225392669439316,0.05976495519280434,0.011286728084087372,0.09475161880254745,0.026865990832448006,0.11118097603321075,0.07106747478246689,0.1978459507226944,0.25051364302635193
0,ARE,United Arab Emirates,2021,-1001.4480590820312,-0.2908375561237335,6.7809295654296875,10,0.18880443274974823,0.22558926045894623,0.332748681306839,0.2331068366765976,0.2764120101928711,0.21570931375026703,-0.042747389525175095,0.22795160114765167,0.06446871906518936,0.11225392669439316,0.05976495519280434,0.011286728084087372,0.09475161880254745,0.026865990832448006,0.11118097603321075,0.07106747478246689,0.1978459507226944,0.25051364302635193
0,ARE,United Arab Emirates,2022,-1657.7239990234375,-0.4957517385482788,6.7809295654296875,10,0.18880443274974823,0.22558926045894623,0.332748681306839,0.2331068366765976,0.2764120101928711,0.21570931375026703,-0.042747389525175095,0.22795160114765167,0.06446871906518936,0.11225392669439316,0.05976495519280434,0.011286728084087372,0.09475161880254745,0.026865990832448006,0.11118097603321075,0.07106747478246689,0.1978459507226944,0.25051364302635193
0,ARE,United Arab Emirates,2023,-2705.017333984375,-0.6600266695022583,6.7809295654296875,10,0.18880443274974823,0.22558926045894623,0.332748681306839,0.2331068366765976,0.2764120101928711,0.21570931375026703,-0.042747389525175095,0.22795160114765167,0.06446871906518936,0.11225392669439316,0.05976495519280434,0.011286728084087372,0.09475161880254745,0.026865990832448006,0.11118097603321075,0.07106747478246689,0.1978459507226944,0.25051364302635193
1,ARG,Argentina,2018,1.6428788900375366,-0.02251463383436203,6.6555280685424805,10,-0.6909387707710266,-0.46192407608032227,-0.40908560156822205,-0.47731733322143555,-0.8905236124992371,-0.44169312715530396,-0.7732071280479431,-0.4667617678642273,0.06930673867464066,0.11935931444168091,0.06322630494832993,0.011047368869185448,0.09340685606002808,0.024981815367937088,0.11969533562660217,0.06376668810844421,0.2033873051404953,0.23182225227355957
1,ARG,Argentina,2019,1.1453611850738525,0.34421390295028687,6.6555280685424805,10,-0.6909387707710266,-0.46192407608032227,-0.40908560156822205,-0.47731733322143555,-0.8905236124992371,-0.44169312715530396,-0.7732071280479431,-0.4667617678642273,0.06930673867464066,0.11935931444168091,0.06322630494832993,0.011047368869185448,0.09340685606002808,0.024981815367937088,0.11969533562660217,0.06376668810844421,0.2033873051404953,0.23182225227355957
1,ARG,Argentina,2020,1.0582135915756226,0.4899553060531616,6.6555280685424805,10,-0.6909387707710266,-0.46192407608032227,-0.40908560156822205,-0.47731733322143555,-0.8905236124992371,-0.44169312715530396,-0.7732071280479431,-0.4667617678642273,0.06930673867464066,0.11935931444168091,0.06322630494832993,0.011047368869185448,0.09340685606002808,0.024981815367937088,0.11969533562660217,0.06376668810844421,0.2033873051404953,0.23182225227355957
1,ARG,Argentina,2021,1.4250097274780273,0.5873486399650574,6.6555280685424805,10,-0.6909387707710266,-0.46192407608032227,-0.40908560156822205,-0.47731733322143555,-0.8905236124992371,-0.44169312715530396,-0.7732071280479431,-0.4667617678642273,0.06930673867464066,0.11935931444168091,0.06322630494832993,0.011047368869185448,0.09340685606002808,0.024981815367937088,0.11969533562660217,0.06376668810844421,0.2033873051404953,0.23182225227355957
1,ARG,Argentina,2022,0.9982249736785889,0.6288344860076904,6.6555280685424805,10,-0.6909387707710266,-0.46192407608032227,-0.40908560156822205,-0.47731733322143555,-0.8905236124992371,-0.44169312715530396,-0.7732071280479431,-0.4667617678642273,0.06930673867464066,0.11935931444168091,0.06322630494832993,0.011047368869185448,0.09340685606002808,0.024981815367937088,0.11969533562660217,0.06376668810844421,0.2033873051404953,0.23182225227355957
1,ARG,Argentina,2023,-0.24900130927562714,0.6460021138191223,6.6555280685424805,10,-0.6909387707710266,-0.46192407608032227,-0.40908560156822205,-0.47731733322143555,-0.8905236124992371,-0.44169312715530396,-0.7732071280479431,-0.4667617678642273,0.06930673867464066,0.11935931444168091,0.06322630494832993,0.011047368869185448,0.09340685606002808,0.024981815367937088,0.11969533562660217,0.06376668810844421,0.2033873051404953,0.23182225227355957
2,AUS,Australia,2018,-7.367125034332275,-0.05672966688871384,6.903924465179443,10,1.25566828250885,1.0188549757003784,1.2781401872634888,1.0528074502944946,1.1565734148025513,0.9742324948310852,1.3322911262512207,1.029524803161621,0.05983292683959007,0.10502700507640839,0.05635519325733185,0.011632313951849937,0.09597373753786087,0.029092194512486458,0.10246314108371735,0.0794125497341156,0.19063042104244232,0.2695804834365845
2,AUS,Australia,2019,-8.657783508300781,-0.38888320326805115,6.903924465179443,10,1.25566828250885,1.0188549757003784,1.2781401872634888,1.0528074502944946,1.1565734148025513,0.9742324948310852,1.3322911262512207,1.029524803161621,0.05983292683959007,0.10502700507640839,0.05635519325733185,0.011632313951849937,0.09597373753786087,0.029092194512486458,0.10246314108371735,0.0794125497341156,0.19063042104244232,0.2695804834365845
2,AUS,Australia,2020,-10.614906311035156,-0.7537364959716797,6.903924465179443,10,1.25566828250885,1.0188549757003784,1.2781401872634888,1.0528074502944946,1.1565734148025513,0.9742324948310852,1.3322911262512207,1.029524803161621,0.05983292683959007,0.10502700507640839,0.05635519325733185,0.011632313951849937,0.09597373753786087,0.029092194512486458,0.10246314108371735,0.0794125497341156,0.19063042104244232,0.2695804834365845
2,AUS,Australia,2021,-13.180018424987793,-1.1054738759994507,6.903924465179443,10,1.25566828250885,1.0188549757003784,1.2781401872634888,1.0528074502944946,1.1565734148025513,0.9742324948310852,1.3322911262512207,1.029524803161621,0.05983292683959007,0.10502700507640839,0.05635519325733185,0.011632313951849937,0.09597373753786087,0.029092194512486458,0.10246314108371735,0.0794125497341156,0.19063042104244232,0.2695804834365845
2,AUS,Australia,2022,-15.15616226196289,-1.4380218982696533,6.903924465179443,10,1.25566828250885,1.0188549757003784,1.2781401872634888,1.0528074502944946,1.1565734148025513,0.9742324948310852,1.3322911262512207,1.029524803161621,0.05983292683959007,0.10502700507640839,0.05635519325733185,0.011632313951849937,0.09597373753786087,0.029092194512486458,0.10246314108371735,0.0794125497341156,0.19063042104244232,0.2695804834365845
2,AUS,Australia,2023,-16.646900177001953,-1.685035228729248,6.903924465179443,10,1.25566828250885,1.0188549757003784,1.2781401872634888,1.0528074502944946,1.1565734148025513,0.9742324948310852,1.3322911262512207,1.029524803161621,0.05983292683959007,0.10502700507640839,0.05635519325733185,0.011632313951849937,0.09597373753786087,0.029092194512486458,0.10246314108371735,0.0794125497341156,0.19063042104244232,0.2695804834365845
3,AUT,Austria,2018,-3.331990957260132,0.18193066120147705,6.894049644470215,10,1.3129711151123047,0.9495516419410706,1.3305449485778809,0.9811946749687195,1.1512476205825806,0.9079644680023193,1.4571207761764526,0.9594957232475281,0.060201846063137054,0.10561826080083847,0.056630104780197144,0.0115996478125453,0.09587931632995605,0.028896396979689598,0.10317778587341309,0.07869113981723785,0.19128116965293884,0.2680242955684662
3,AUT,Austria,2019,-3.5629565715789795,0.30858829617500305,6.894049644470215,10,1.3129711151123047,0.9495516419410706,1.3305449485778809,0.9811946749687195,1.1512476205825806,0.9079644680023193,1.4571207761764526,0.9594957232475281,0.060201846063137054,0.10561826080083847,0.056630104780197144,0.0115996478125453,0.09587931632995605,0.028896396979689598,0.10317778587341309,0.07869113981723785,0.19128116965293884,0.2680242955684662
3,AUT,Austria,2020,-4.44062614440918,0.1941801905632019,6.894049644470215,10,1.3129711151123047,0.9495516419410706,1.3305449485778809,0.9811946749687195,1.1512476205825806,0.9079644680023193,1.4571207761764526,0.9594957232475281,0.060201846063137054,0.10561826080083847,0.056630104780197144,0.0115996478125453,0.09587931632995605,0.028896396979689598,0.10317778587341309,0.07869113981723785,0.19128116965293884,0.2680242955684662
3,AUT,Austria,2021,-4.349145412445068,0.09447107464075089,6.894049644470215,10,1.3129711151123047,0.9495516419410706,1.3305449485778809,0.9811946749687195,1.1512476205825806,0.9079644680023193,1.4571207761764526,0.9594957232475281,0.060201846063137054,0.10561826080083847,0.056630104780197144,0.0115996478125453,0.09587931632995605,0.028896396979689598,0.10317778587341309,0.07869113981723785,0.19128116965293884,0.2680242955684662
3,AUT,Austria,2022,-4.098706245422363,0.03894064575433731,6.894049644470215,10,1.3129711151123047,0.9495516419410706,1.3305449485778809,0.9811946749687195,1.1512476205825806,0.9079644680023193,1.4571207761764526,0.9594957232475281,0.060201846063137054,0.10561826080083847,0.056630104780197144,0.0115996478125453,0.09587931632995605,0.028896396979689598,0.10317778587341309,0.07869113981723785,0.19128116965293884,0.2680242955684662
3,AUT,Austria,2023,-5.443741798400879,-0.05155958980321884,6.894049644470215,10,1.3129711151123047,0.9495516419410706,1.3305449485778809,0.9811946749687195,1.1512476205825806,0.9079644680023193,1.4571207761764526,0.9594957232475281,0.060201846063137054,0.10561826080083847,0.056630104780197144,0.0115996478125453,0.09587931632995605,0.028896396979689598,0.10317778587341309,0.07869113981723785,0.19128116965293884,0.2680242955684662
4,AZE,Azerbaijan,2018,3.094372272491455,-0.5612136125564575,6.585873603820801,10,-1.294363021850586,-0.8056438565254211,-1.4495718479156494,-0.8324912786483765,-1.172594428062439,-0.7703590393066406,-1.2609230279922485,-0.8140811920166016,0.07205136865377426,0.12321040034294128,0.06514988094568253,0.010953402146697044,0.09262040257453918,0.02406500093638897,0.12427325546741486,0.0601385273039341,0.20575140416622162,0.22178632020950317
4,AZE,Azerbaijan,2019,3.558119297027588,-0.07593559473752975,6.585873603820801,10,-1.294363021850586,-0.8056438565254211,-1.4495718479156494,-0.8324912786483765,-1.172594428062439,-0.7703590393066406,-1.2609230279922485,-0.8140811920166016,0.07205136865377426,0.12321040034294128,0.06514988094568253,0.010953402146697044,0.09262040257453918,0.02406500093638897,0.12427325546741486,0.0601385273039341,0.20575140416622162,0.22178632020950317
4,AZE,Azerbaijan,2020,4.490204811096191,0.1961725354194641,6.585873603820801,10,-1.294363021850586,-0.8056438565254211,-1.4495718479156494,-0.8324912786483765,-1.172594428062439,-0.7703590393066406,-1.2609230279922485,-0.8140811920166016,0.07205136865377426,0.12321040034294128,0.06514988094568253,0.010953402146697044,0.09262040257453918,0.02406500093638897,0.12427325546741486,0.0601385273039341,0.20575140416622162,0.22178632020950317
4,AZE,Azerbaijan,2021,4.194814682006836,0.35554051399230957,6.585873603820801,10,-1.294363021850586,-0.8056438565254211,-1.4495718479156494,-0.8324912786483765,-1.172594428062439,-0.7703590393066406,-1.2609230279922485,-0.8140811920166016,0.07205136865377426,0.12321040034294128,0.06514988094568253,0.010953402146697044,0.09262040257453918,0.02406500093638897,0.12427325546741486,0.0601385273039341,0.20575140416622162,0.22178632020950317
4,AZE,Azerbaijan,2022,3.8313167095184326,0.3785340487957001,6.585873603820801,10,-1.294363021850586,-0.8056438565254211,-1.4495718479156494,-0.8324912786483765,-1.172594428062439,-0.7703590393066406,-1.2609230279922485,-0.8140811920166016,0.07205136865377426,0.12321040034294128,0.06514988094568253,0.010953402146697044,0.09262040257453918,0.02406500093638897,0.12427325546741486,0.0601385273039341,0.20575140416622162,0.22178632020950317
4,AZE,Azerbaijan,2023,3.7241804599761963,0.36185532808303833,6.585873603820801,10,-1.294363021850586,-0.8056438565254211,-1.4495718479156494,-0.8324912786483765,-1.172594428062439,-0.7703590393066406,-1.2609230279922485,-0.8140811920166016,0.07205136865377426,0.12321040034294128,0.06514988094568253,0.010953402146697044,0.09262040257453918,0.02406500093638897,0.12427325546741486,0.0601385273039341,0.20575140416622162,0.22178632020950317
5,BEL,Belgium,2018,-2.035623550415039,-0.32382693886756897,6.918762683868408,10,0.9798359274864197,1.1251517534255981,1.2219529151916504,1.1626465320587158,0.8175865411758423,1.075873851776123,0.8999684453010559,1.1369348764419556,0.05927952751517296,0.10413459688425064,0.05594157055020332,0.011683231219649315,0.09611435979604721,0.02939280867576599,0.10138420015573502,0.0805152878165245,0.18962785601615906,0.27192655205726624
5,BEL,Belgium,2019,-3.1006269454956055,-0.4911113679409027,6.918762683868408,10,0.9798359274864197,1.1251517534255981,1.2219529151916504,1.1626465320587158,0.8175865411758423,1.075873851776123,0.8999684453010559,1.1369348764419556,0.05927952751517296,0.10413459688425064,0.05594157055020332,0.011683231219649315,0.09611435979604721,0.02939280867576599,0.10138420015573502,0.0805152878165245,0.18962785601615906,0.27192655205726624
5,BEL,Belgium,2020,-2.7479605674743652,-0.8107000589370728,6.918762683868408,10,0.9798359274864197,1.1251517534255981,1.2219529151916504,1.1626465320587158,0.8175865411758423,1.075873851776123,0.8999684453010559,1.1369348764419556,0.05927952751517296,0.10413459688425064,0.05594157055020332,0.011683231219649315,0.09611435979604721,0.02939280867576599,0.10138420015573502,0.0805152878165245,0.18962785601615906,0.27192655205726624
5,BEL,Belgium,2021,-3.9674084186553955,-1.189004898071289,6.918762683868408,10,0.9798359274864197,1.1251517534255981,1.2219529151916504,1.1626465320587158,0.8175865411758423,1.075873851776123,0.8999684453010559,1.1369348764419556,0.05927952751517296,0.10413459688425064,0.05594157055020332,0.011683231219649315,0.09611435979604721,0.02939280867576599,0.10138420015573502,0.0805152878165245,0.18962785601615906,0.27192655205726624
5,BEL,Belgium,2022,-3.700895071029663,-1.544671654701233,6.918762683868408,10,0.9798359274864197,1.1251517534255981,1.2219529151916504,1.1626465320587158,0.8175865411758423,1.075873851776123,0.8999684453010559,1.1369348764419556,0.05927952751517296,0.10413459688425064,0.05594157055020332,0.011683231219649315,0.09611435979604721,0.02939280867576599,0.10138420015573502,0.0805152878165245,0.18962785601615906,0.27192655205726624
5,BEL,Belgium,2023,-3.867947578430176,-1.8310483694076538,6.918762683868408,10,0.9798359274864197,1.1251517534255981,1.2219529151916504,1.1626465320587158,0.8175865411758423,1.075873851776123,0.8999684453010559,1.1369348764419556,0.05927952751517296,0.10413459688425064,0.05594157055020332,0.011683231219649315,0.09611435979604721,0.02939280867576599,0.10138420015573502,0.0805152878165245,0.18962785601615906,0.27192655205726624
6,BGD,Bangladesh,2018,1.2597620487213135,0.4411928057670593,6.605751991271973,10,-1.3428869247436523,-0.7099106311798096,-1.2080445289611816,-0.7335678339004517,-1.482562780380249,-0.6788186430931091,-1.3380534648895264,-0.7173454165458679,0.07126378268003464,0.12211772799491882,0.06460065394639969,0.010977690108120441,0.09284749627113342,0.024318275973200798,0.12297773361206055,0.061145756393671036,0.20512644946575165,0.22462446987628937
6,BGD,Bangladesh,2019,1.4318774938583374,1.078615427017212,6.605751991271973,10,-1.3428869247436523,-0.7099106311798096,-1.2080445289611816,-0.7335678339004517,-1.482562780380249,-0.6788186430931091,-1.3380534648895264,-0.7173454165458679,0.07126378268003464,0.12211772799491882,0.06460065394639969,0.010977690108120441,0.09284749627113342,0.024318275973200798,0.12297773361206055,0.061145756393671036,0.20512644946575165,0.22462446987628937
6,BGD,Bangladesh,2020,1.717698097229004,1.4133014678955078,6.605751991271973,10,-1.3428869247436523,-0.7099106311798096,-1.2080445289611816,-0.7335678339004517,-1.482562780380249,-0.6788186430931091,-1.3380534648895264,-0.7173454165458679,0.07126378268003464,0.12211772799491882,0.06460065394639969,0.010977690108120441,0.09284749627113342,0.024318275973200798,0.12297773361206055,0.061145756393671036,0.20512644946575165,0.22462446987628937
6,BGD,Bangladesh,2021,1.7278225421905518,1.5840685367584229,6.605751991271973,10,-1.3428869247436523,-0.7099106311798096,-1.2080445289611816,-0.7335678339004517,-1.482562780380249,-0.6788186430931091,-1.3380534648895264,-0.7173454165458679,0.07126378268003464,0.12211772799491882,0.06460065394639969,0.010977690108120441,0.09284749627113342,0.024318275973200798,0.12297773361206055,0.061145756393671036,0.20512644946575165,0.22462446987628937
6,BGD,Bangladesh,2022,1.5284489393234253,1.6636581420898438,6.605751991271973,10,-1.3428869247436523,-0.7099106311798096,-1.2080445289611816,-0.7335678339004517,-1.482562780380249,-0.6788186430931091,-1.3380534648895264,-0.7173454165458679,0.07126378268003464,0.12211772799491882,0.06460065394639969,0.010977690108120441,0.09284749627113342,0.024318275973200798,0.12297773361206055,0.061145756393671036,0.20512644946575165,0.22462446987628937
6,BGD,Bangladesh,2023,2.0307767391204834,1.6948883533477783,6.605751991271973,10,-1.3428869247436523,-0.7099106311798096,-1.2080445289611816,-0.7335678339004517,-1.482562780380249,-0.6788186430931091,-1.3380534648895264,-0.7173454165458679,0.07126378268003464,0.12211772799491882,0.06460065394639969,0.010977690108120441,0.09284749627113342,0.024318275973200798,0.12297773361206055,0.061145756393671036,0.20512644946575165,0.22462446987628937
7,BGR,Bulgaria,2018,-1.3296480178833008,1.12075674533844,6.535171031951904,10,-0.42611977458000183,-1.0422049760818481,-0.6209486722946167,-1.0769356489181519,-0.13856160640716553,-0.9965595602989197,-0.5188490152359009,-1.0531197786331177,0.07407691329717636,0.1259758621454239,0.06655249744653702,0.010899972170591354,0.09203173220157623,0.023446671664714813,0.12753914296627045,0.05766410753130913,0.20717184245586395,0.2146412879228592
7,BGR,Bulgaria,2019,-1.4306131601333618,1.607008695602417,6.535171031951904,10,-0.42611977458000183,-1.0422049760818481,-0.6209486722946167,-1.0769356489181519,-0.13856160640716553,-0.9965595602989197,-0.5188490152359009,-1.0531197786331177,0.07407691329717636,0.1259758621454239,0.06655249744653702,0.010899972170591354,0.09203173220157623,0.023446671664714813,0.12753914296627045,0.05766410753130913,0.20717184245586395,0.2146412879228592
7,BGR,Bulgaria,2020,-2.8135833740234375,1.8169739246368408,6.535171031951904,10,-0.42611977458000183,-1.0422049760818481,-0.6209486722946167,-1.0769356489181519,-0.13856160640716553,-0.9965595602989197,-0.5188490152359009,-1.0531197786331177,0.07407691329717636,0.1259758621454239,0.06655249744653702,0.010899972170591354,0.09203173220157623,0.023446671664714813,0.12753914296627045,0.05766410753130913,0.20717184245586395,0.2146412879228592
7,BGR,Bulgaria,2021,-2.0215117931365967,1.9183976650238037,6.535171031951904,10,-0.42611977458000183,-1.0422049760818481,-0.6209486722946167,-1.0769356489181519,-0.13856160640716553,-0.9965595602989197,-0.5188490152359009,-1.0531197786331177,0.07407691329717636,0.1259758621454239,0.06655249744653702,0.010899972170591354,0.09203173220157623,0.023446671664714813,0.12753914296627045,0.05766410753130913,0.20717184245586395,0.2146412879228592
7,BGR,Bulgaria,2022,-0.48078346252441406,1.9137132167816162,6.535171031951904,10,-0.42611977458000183,-1.0422049760818481,-0.6209486722946167,-1.0769356489181519,-0.13856160640716553,-0.9965595602989197,-0.5188490152359009,-1.0531197786331177,0.07407691329717636,0.1259758621454239,0.06655249744653702,0.010899972170591354,0.09203173220157623,0.023446671664714813,0.12753914296627045,0.05766410753130913,0.20717184245586395,0.2146412879228592
7,BGR,Bulgaria,2023,-3.970643997192383,1.9185352325439453,6.535171031951904,10,-0.42611977458000183,-1.0422049760818481,-0.6209486722946167,-1.0769356489181519,-0.13856160640716553,-0.9965595602989197,-0.5188490152359009,-1.0531197786331177,0.07407691329717636,0.1259758621454239,0.06655249744653702,0.010899972170591354,0.09203173220157623,0.023446671664714813,0.12753914296627045,0.05766410753130913,0.20717184245586395,0.2146412879228592
8,BLR,Belarus,2018,-2.643580675125122,-0.07447423040866852,6.579984188079834,10,-1.5520426034927368,-0.8336793780326843,-1.4920120239257812,-0.8614610433578491,-1.8896420001983643,-0.7971667051315308,-1.2744739055633545,-0.8424102663993835,0.07228546589612961,0.12353330105543137,0.06531272083520889,0.01094656903296709,0.09255269914865494,0.02399115264415741,0.12465555965900421,0.05984414741396904,0.2059292197227478,0.2209492325782776
8,BLR,Belarus,2019,-3.0715856552124023,0.19591623544692993,6.579984188079834,10,-1.5520426034927368,-0.8336793780326843,-1.4920120239257812,-0.8614610433578491,-1.8896420001983643,-0.7971667051315308,-1.2744739055633545,-0.8424102663993835,0.07228546589612961,0.12353330105543137,0.06531272083520889,0.01094656903296709,0.09255269914865494,0.02399115264415741,0.12465555965900421,0.05984414741396904,0.2059292197227478,0.2209492325782776
8,BLR,Belarus,2020,-3.0823307037353516,0.2151559591293335,6.579984188079834,10,-1.5520426034927368,-0.8336793780326843,-1.4920120239257812,-0.8614610433578491,-1.8896420001983643,-0.7971667051315308,-1.2744739055633545,-0.8424102663993835,0.07228546589612961,0.12353330105543137,0.06531272083520889,0.01094656903296709,0.09255269914865494,0.02399115264415741,0.12465555965900421,0.05984414741396904,0.2059292197227478,0.2209492325782776
8,BLR,Belarus,2021,-14.810386657714844,0.15735259652137756,6.579984188079834,10,-1.5520426034927368,-0.8336793780326843,-1.4920120239257812,-0.8614610433578491,-1.8896420001983643,-0.7971667051315308,-1.2744739055633545,-0.8424102663993835,0.07228546589612961,0.12353330105543137,0.06531272083520889,0.01094656903296709,0.09255269914865494,0.02399115264415741,0.12465555965900421,0.05984414741396904,0.2059292197227478,0.2209492325782776
8,BLR,Belarus,2022,-13.734106063842773,0.07869980484247208,6.579984188079834,10,-1.5520426034927368,-0.8336793780326843,-1.4920120239257812,-0.8614610433578491,-1.8896420001983643,-0.7971667051315308,-1.2744739055633545,-0.8424102663993835,0.07228546589612961,0.12353330105543137,0.06531272083520889,0.01094656903296709,0.09255269914865494,0.02399115264415741,0.12465555965900421,0.05984414741396904,0.2059292197227478,0.2209492325782776
8,BLR,Belarus,2023,-27.134784698486328,0.004629306495189667,6.579984188079834,10,-1.5520426034927368,-0.8336793780326843,-1.4920120239257812,-0.8614610433578491,-1.8896420001983643,-0.7971667051315308,-1.2744739055633545,-0.8424102663993835,0.07228546589612961,0.12353330105543137,0.06531272083520889,0.01094656903296709,0.09255269914865494,0.02399115264415741,0.12465555965900421,0.05984414741396904,0.2059292197227478,0.2209492325782776
9,BRA,Brazil,2018,4.812175750732422,0.5668649673461914,6.578719139099121,10,-0.532637357711792,-0.8396778106689453,-0.5499132871627808,-0.8676594495773315,-0.37875303626060486,-0.8029024600982666,-0.669245719909668,-0.8484715819358826,0.07233575731515884,0.12360255420207977,0.06534768640995026,0.010945124551653862,0.09253814071416855,0.023975372314453125,0.12473753094673157,0.05978119373321533,0.20596690475940704,0.2207697629928589
9,BRA,Brazil,2019,5.404086589813232,0.8622415065765381,6.578719139099121,10,-0.532637357711792,-0.8396778106689453,-0.5499132871627808,-0.8676594495773315,-0.37875303626060486,-0.8029024600982666,-0.669245719909668,-0.8484715819358826,0.07233575731515884,0.12360255420207977,0.06534768640995026,0.010945124551653862,0.09253814071416855,0.023975372314453125,0.12473753094673157,0.05978119373321533,0.20596690475940704,0.2207697629928589
9,BRA,Brazil,2020,4.385476589202881,0.8833618760108948,6.578719139099121,10,-0.532637357711792,-0.8396778106689453,-0.5499132871627808,-0.8676594495773315,-0.37875303626060486,-0.8029024600982666,-0.669245719909668,-0.8484715819358826,0.07233575731515884,0.12360255420207977,0.06534768640995026,0.010945124551653862,0.09253814071416855,0.023975372314453125,0.12473753094673157,0.05978119373321533,0.20596690475940704,0.2207697629928589
9,BRA,Brazil,2021,8.511026382446289,0.7785351872444153,6.578719139099121,10,-0.532637357711792,-0.8396778106689453,-0.5499132871627808,-0.8676594495773315,-0.37875303626060486,-0.8029024600982666,-0.669245719909668,-0.8484715819358826,0.07233575731515884,0.12360255420207977,0.06534768640995026,0.010945124551653862,0.09253814071416855,0.023975372314453125,0.12473753094673157,0.05978119373321533,0.20596690475940704,0.2207697629928589
9,BRA,Brazil,2022,0.8233122229576111,0.6062301397323608,6.578719139099121,10,-0.532637357711792,-0.8396778106689453,-0.5499132871627808,-0.8676594495773315,-0.37875303626060486,-0.8029024600982666,-0.669245719909668,-0.8484715819358826,0.07233575731515884,0.12360255420207977,0.06534768640995026,0.010945124551653862,0.09253814071416855,0.023975372314453125,0.12473753094673157,0.05978119373321533,0.20596690475940704,0.2207697629928589
9,BRA,Brazil,2023,-0.02414296381175518,0.4350999593734741,6.578719139099121,10,-0.532637357711792,-0.8396778106689453,-0.5499132871627808,-0.8676594495773315,-0.37875303626060486,-0.8029024600982666,-0.669245719909668,-0.8484715819358826,0.07233575731515884,0.12360255420207977,0.06534768640995026,0.010945124551653862,0.09253814071416855,0.023975372314453125,0.12473753094673157,0.05978119373321533,0.20596690475940704,0.2207697629928589
10,CAN,Canada,2018,-3.718440532684326,-0.8007577657699585,6.901908874511719,10,1.2861608266830444,1.0046151876449585,1.3746321201324463,1.038093090057373,1.1545178890228271,0.9606163501739502,1.3293325901031494,1.0151358842849731,0.05990820750594139,0.10514787584543228,0.056411344558000565,0.011625564657151699,0.0959545150399208,0.02905195578932762,0.10260926932096481,0.07926446944475174,0.190764382481575,0.269262433052063
10,CAN,Canada,2019,-3.770698308944702,-0.8109611868858337,6.901908874511719,10,1.2861608266830444,1.0046151876449585,1.3746321201324463,1.038093090057373,1.1545178890228271,0.9606163501739502,1.3293325901031494,1.0151358842849731,0.05990820750594139,0.10514787584543228,0.056411344558000565,0.011625564657151699,0.0959545150399208,0.02905195578932762,0.10260926932096481,0.07926446944475174,0.190764382481575,0.269262433052063
10,CAN,Canada,2020,-4.2692484855651855,-1.097955346107483,6.901908874511719,10,1.2861608266830444,1.0046151876449585,1.3746321201324463,1.038093090057373,1.1545178890228271,0.9606163501739502,1.3293325901031494,1.0151358842849731,0.05990820750594139,0.10514787584543228,0.056411344558000565,0.011625564657151699,0.0959545150399208,0.02905195578932762,0.10260926932096481,0.07926446944475174,0.190764382481575,0.269262433052063
10,CAN,Canada,2021,-4.04820442199707,-1.3967278003692627,6.901908874511719,10,1.2861608266830444,1.0046151876449585,1.3746321201324463,1.038093090057373,1.1545178890228271,0.9606163501739502,1.3293325901031494,1.0151358842849731,0.05990820750594139,0.10514787584543228,0.056411344558000565,0.011625564657151699,0.0959545150399208,0.02905195578932762,0.10260926932096481,0.07926446944475174,0.190764382481575,0.269262433052063
10,CAN,Canada,2022,-4.334720611572266,-1.6400339603424072,6.901908874511719,10,1.2861608266830444,1.0046151876449585,1.3746321201324463,1.038093090057373,1.1545178890228271,0.9606163501739502,1.3293325901031494,1.0151358842849731,0.05990820750594139,0.10514787584543228,0.056411344558000565,0.011625564657151699,0.0959545150399208,0.02905195578932762,0.10260926932096481,0.07926446944475174,0.190764382481575,0.269262433052063
10,CAN,Canada,2023,-3.507607936859131,-1.8664050102233887,6.901908874511719,10,1.2861608266830444,1.0046151876449585,1.3746321201324463,1.038093090057373,1.1545178890228271,0.9606163501739502,1.3293325901031494,1.0151358842849731,0.05990820750594139,0.10514787584543228,0.056411344558000565,0.011625564657151699,0.0959545150399208,0.02905195578932762,0.10260926932096481,0.07926446944475174,0.190764382481575,0.269262433052063
11,CHE,Switzerland,2018,1.0894922018051147,0.8207685947418213,6.894600868225098,10,1.412360668182373,0.9533962607383728,1.4461179971694946,0.9851674437522888,1.2956862449645996,0.9116407036781311,1.4952778816223145,0.9633806347846985,0.06018119677901268,0.1055852547287941,0.05661473795771599,0.011601448990404606,0.09588461369276047,0.02890724316239357,0.10313790291547775,0.07873119413852692,0.19124513864517212,0.2681112289428711
11,CHE,Switzerland,2019,0.49372902512550354,0.8724236488342285,6.894600868225098,10,1.412360668182373,0.9533962607383728,1.4461179971694946,0.9851674437522888,1.2956862449645996,0.9116407036781311,1.4952778816223145,0.9633806347846985,0.06018119677901268,0.1055852547287941,0.05661473795771599,0.011601448990404606,0.09588461369276047,0.02890724316239357,0.10313790291547775,0.07873119413852692,0.19124513864517212,0.2681112289428711
11,CHE,Switzerland,2020,1.5537232160568237,0.8113940954208374,6.894600868225098,10,1.412360668182373,0.9533962607383728,1.4461179971694946,0.9851674437522888,1.2956862449645996,0.9116407036781311,1.4952778816223145,0.9633806347846985,0.06018119677901268,0.1055852547287941,0.05661473795771599,0.011601448990404606,0.09588461369276047,0.02890724316239357,0.10313790291547775,0.07873119413852692,0.19124513864517212,0.2681112289428711
11,CHE,Switzerland,2021,3.0005764961242676,0.7941309213638306,6.894600868225098,10,1.412360668182373,0.9533962607383728,1.4461179971694946,0.9851674437522888,1.2956862449645996,0.9116407036781311,1.4952778816223145,0.9633806347846985,0.06018119677901268,0.1055852547287941,0.05661473795771599,0.011601448990404606,0.09588461369276047,0.02890724316239357,0.10313790291547775,0.07873119413852692,0.19124513864517212,0.2681112289428711
11,CHE,Switzerland,2022,2.025691270828247,0.8140246868133545,6.894600868225098,10,1.412360668182373,0.9533962607383728,1.4461179971694946,0.9851674437522888,1.2956862449645996,0.9116407036781311,1.4952778816223145,0.9633806347846985,0.06018119677901268,0.1055852547287941,0.05661473795771599,0.011601448990404606,0.09588461369276047,0.02890724316239357,0.10313790291547775,0.07873119413852692,0.19124513864517212,0.2681112289428711
11,CHE,Switzerland,2023,-4.210478782653809,0.7880628108978271,6.894600868225098,10,1.412360668182373,0.9533962607383728,1.4461179971694946,0.9851674437522888,1.2956862449645996,0.9116407036781311,1.4952778816223145,0.9633806347846985,0.06018119677901268,0.1055852547287941,0.05661473795771599,0.011601448990404606,0.09588461369276047,0.02890724316239357,0.10313790291547775,0.07873119413852692,0.19124513864517212,0.2681112289428711
12,CHL,Chile,2018,1.4454405307769775,0.5043951272964478,6.921653747558594,10,0.8483307957649231,1.1461774110794067,0.667232871055603,1.184372901916504,1.016435146331787,1.0959786176681519,0.8613244891166687,1.1581807136535645,0.059171825647354126,0.10396014153957367,0.05586091801524162,0.011693417094647884,0.09614157676696777,0.029452303424477577,0.10117325186729431,0.08073285222053528,0.18942894041538239,0.27238473296165466
12,CHL,Chile,2019,1.1679426431655884,0.9988443851470947,6.921653747558594,10,0.8483307957649231,1.1461774110794067,0.667232871055603,1.184372901916504,1.016435146331787,1.0959786176681519,0.8613244891166687,1.1581807136535645,0.059171825647354126,0.10396014153957367,0.05586091801524162,0.011693417094647884,0.09614157676696777,0.029452303424477577,0.10117325186729431,0.08073285222053528,0.18942894041538239,0.27238473296165466
12,CHL,Chile,2020,0.7698724865913391,1.1776942014694214,6.921653747558594,10,0.8483307957649231,1.1461774110794067,0.667232871055603,1.184372901916504,1.016435146331787,1.0959786176681519,0.8613244891166687,1.1581807136535645,0.059171825647354126,0.10396014153957367,0.05586091801524162,0.011693417094647884,0.09614157676696777,0.029452303424477577,0.10117325186729431,0.08073285222053528,0.18942894041538239,0.27238473296165466
12,CHL,Chile,2021,0.5402398705482483,1.2080409526824951,6.921653747558594,10,0.8483307957649231,1.1461774110794067,0.667232871055603,1.184372901916504,1.016435146331787,1.0959786176681519,0.8613244891166687,1.1581807136535645,0.059171825647354126,0.10396014153957367,0.05586091801524162,0.011693417094647884,0.09614157676696777,0.029452303424477577,0.10117325186729431,0.08073285222053528,0.18942894041538239,0.27238473296165466
12,CHL,Chile,2022,-0.5233001708984375,1.1426572799682617,6.921653747558594,10,0.8483307957649231,1.1461774110794067,0.667232871055603,1.184372901916504,1.016435146331787,1.0959786176681519,0.8613244891166687,1.1581807136535645,0.059171825647354126,0.10396014153957367,0.05586091801524162,0.011693417094647884,0.09614157676696777,0.029452303424477577,0.10117325186729431,0.08073285222053528,0.18942894041538239,0.27238473296165466
12,CHL,Chile,2023,-1.9592610597610474,1.0695925951004028,6.921653747558594,10,0.8483307957649231,1.1461774110794067,0.667232871055603,1.184372901916504,1.016435146331787,1.0959786176681519,0.8613244891166687,1.1581807136535645,0.059171825647354126,0.10396014153957367,0.05586091801524162,0.011693417094647884,0.09614157676696777,0.029452303424477577,0.10117325186729431,0.08073285222053528,0.18942894041538239,0.27238473296165466
13,CHN,China,2018,-8.663586616516113,-0.47673672437667847,6.612514495849609,10,-0.8438493609428406,-0.6769245266914368,-0.7442506551742554,-0.6994825005531311,-0.7500977516174316,-0.6472772359848022,-1.03719961643219,-0.684013843536377,0.07099661231040955,0.121744804084301,0.06441383063793182,0.010986406356096268,0.09292427450418472,0.024405933916568756,0.12253496050834656,0.061493467539548874,0.20490483939647675,0.2255948930978775
13,CHN,China,2019,-9.760994911193848,-0.3645557463169098,6.612514495849609,10,-0.8438493609428406,-0.6769245266914368,-0.7442506551742554,-0.6994825005531311,-0.7500977516174316,-0.6472772359848022,-1.03719961643219,-0.684013843536377,0.07099661231040955,0.121744804084301,0.06441383063793182,0.010986406356096268,0.09292427450418472,0.024405933916568756,0.12253496050834656,0.061493467539548874,0.20490483939647675,0.2255948930978775
13,CHN,China,2020,-10.60916519165039,-0.48365700244903564,6.612514495849609,10,-0.8438493609428406,-0.6769245266914368,-0.7442506551742554,-0.6994825005531311,-0.7500977516174316,-0.6472772359848022,-1.03719961643219,-0.684013843536377,0.07099661231040955,0.121744804084301,0.06441383063793182,0.010986406356096268,0.09292427450418472,0.024405933916568756,0.12253496050834656,0.061493467539548874,0.20490483939647675,0.2255948930978775
13,CHN,China,2021,-11.069491386413574,-0.673046350479126,6.612514495849609,10,-0.8438493609428406,-0.6769245266914368,-0.7442506551742554,-0.6994825005531311,-0.7500977516174316,-0.6472772359848022,-1.03719961643219,-0.684013843536377,0.07099661231040955,0.121744804084301,0.06441383063793182,0.010986406356096268,0.09292427450418472,0.024405933916568756,0.12253496050834656,0.061493467539548874,0.20490483939647675,0.2255948930978775
13,CHN,China,2022,-11.851537704467773,-0.840988278388977,6.612514495849609,10,-0.8438493609428406,-0.6769245266914368,-0.7442506551742554,-0.6994825005531311,-0.7500977516174316,-0.6472772359848022,-1.03719961643219,-0.684013843536377,0.07099661231040955,0.121744804084301,0.06441383063793182,0.010986406356096268,0.09292427450418472,0.024405933916568756,0.12253496050834656,0.061493467539548874,0.20490483939647675,0.2255948930978775
13,CHN,China,2023,-12.087423324584961,-0.9778689742088318,6.612514495849609,10,-0.8438493609428406,-0.6769245266914368,-0.7442506551742554,-0.6994825005531311,-0.7500977516174316,-0.6472772359848022,-1.03719961643219,-0.684013843536377,0.07099661231040955,0.121744804084301,0.06441383063793182,0.010986406356096268,0.09292427450418472,0.024405933916568756,0.12253496050834656,0.061493467539548874,0.20490483939647675,0.2255948930978775
14,COL,Colombia,2018,0.3820185363292694,-0.8197085857391357,6.592192649841309,10,-0.757061779499054,-0.7754090428352356,-0.7152259349822998,-0.8012489080429077,-0.5119652152061462,-0.7414484620094299,-1.0439940690994263,-0.7835297584533691,0.07180064916610718,0.12286363542079926,0.06497528403997421,0.01096090953797102,0.0926927998661995,0.024144811555743217,0.12386243790388107,0.06045631691813469,0.20555701851844788,0.22268612682819366
14,COL,Colombia,2019,2.6013519763946533,-0.4770059585571289,6.592192649841309,10,-0.757061779499054,-0.7754090428352356,-0.7152259349822998,-0.8012489080429077,-0.5119652152061462,-0.7414484620094299,-1.0439940690994263,-0.7835297584533691,0.07180064916610718,0.12286363542079926,0.06497528403997421,0.01096090953797102,0.0926927998661995,0.024144811555743217,0.12386243790388107,0.06045631691813469,0.20555701851844788,0.22268612682819366
14,COL,Colombia,2020,3.8599977493286133,-0.20700639486312866,6.592192649841309,10,-0.757061779499054,-0.7754090428352356,-0.7152259349822998,-0.8012489080429077,-0.5119652152061462,-0.7414484620094299,-1.0439940690994263,-0.7835297584533691,0.07180064916610718,0.12286363542079926,0.06497528403997421,0.01096090953797102,0.0926927998661995,0.024144811555743217,0.12386243790388107,0.06045631691813469,0.20555701851844788,0.22268612682819366
14,COL,Colombia,2021,0.7301899194717407,-0.15601786971092224,6.592192649841309,10,-0.757061779499054,-0.7754090428352356,-0.7152259349822998,-0.8012489080429077,-0.5119652152061462,-0.7414484620094299,-1.0439940690994263,-0.7835297584533691,0.07180064916610718,0.12286363542079926,0.06497528403997421,0.01096090953797102,0.0926927998661995,0.024144811555743217,0.12386243790388107,0.06045631691813469,0.20555701851844788,0.22268612682819366
14,COL,Colombia,2022,0.9924597144126892,-0.3529618978500366,6.592192649841309,10,-0.757061779499054,-0.7754090428352356,-0.7152259349822998,-0.8012489080429077,-0.5119652152061462,-0.7414484620094299,-1.0439940690994263,-0.7835297584533691,0.07180064916610718,0.12286363542079926,0.06497528403997421,0.01096090953797102,0.0926927998661995,0.024144811555743217,0.12386243790388107,0.06045631691813469,0.20555701851844788,0.22268612682819366
14,COL,Colombia,2023,3.7653815746307373,-0.5228211283683777,6.592192649841309,10,-0.757061779499054,-0.7754090428352356,-0.7152259349822998,-0.8012489080429077,-0.5119652152061462,-0.7414484620094299,-1.0439940690994263,-0.7835297584533691,0.07180064916610718,0.12286363542079926,0.06497528403997421,0.01096090953797102,0.0926927998661995,0.024144811555743217,0.12386243790388107,0.06045631691813469,0.20555701851844788,0.22268612682819366
15,CYP,Cyprus,2018,-11.052656173706055,-0.4773362874984741,6.93198299407959,10,0.7725202441215515,1.222158670425415,0.8672822117805481,1.2628861665725708,0.7250233292579651,1.16863214969635,0.725255012512207,1.2349576950073242,0.058787327259778976,0.10333527624607086,0.05557248368859291,0.011730530299246311,0.09623837471008301,0.029667388647794724,0.10041756182909012,0.08151745051145554,0.1887088119983673,0.27402475476264954
15,CYP,Cyprus,2019,-11.571080207824707,-0.3496578633785248,6.93198299407959,10,0.7725202441215515,1.222158670425415,0.8672822117805481,1.2628861665725708,0.7250233292579651,1.16863214969635,0.725255012512207,1.2349576950073242,0.058787327259778976,0.10333527624607086,0.05557248368859291,0.011730530299246311,0.09623837471008301,0.029667388647794724,0.10041756182909012,0.08151745051145554,0.1887088119983673,0.27402475476264954
15,CYP,Cyprus,2020,-14.400252342224121,-0.31906312704086304,6.93198299407959,10,0.7725202441215515,1.222158670425415,0.8672822117805481,1.2628861665725708,0.7250233292579651,1.16863214969635,0.725255012512207,1.2349576950073242,0.058787327259778976,0.10333527624607086,0.05557248368859291,0.011730530299246311,0.09623837471008301,0.029667388647794724,0.10041756182909012,0.08151745051145554,0.1887088119983673,0.27402475476264954
15,CYP,Cyprus,2021,-17.67461395263672,-0.3425118923187256,6.93198299407959,10,0.7725202441215515,1.222158670425415,0.8672822117805481,1.2628861665725708,0.7250233292579651,1.16863214969635,0.725255012512207,1.2349576950073242,0.058787327259778976,0.10333527624607086,0.05557248368859291,0.011730530299246311,0.09623837471008301,0.029667388647794724,0.10041756182909012,0.08151745051145554,0.1887088119983673,0.27402475476264954
15,CYP,Cyprus,2022,-19.47079086303711,-0.40193822979927063,6.93198299407959,10,0.7725202441215515,1.222158670425415,0.8672822117805481,1.2628861665725708,0.7250233292579651,1.16863214969635,0.725255012512207,1.2349576950073242,0.058787327259778976,0.10333527624607086,0.05557248368859291,0.011730530299246311,0.09623837471008301,0.029667388647794724,0.10041756182909012,0.08151745051145554,0.1887088119983673,0.27402475476264954
15,CYP,Cyprus,2023,-23.38113784790039,-0.46348631381988525,6.93198299407959,10,0.7725202441215515,1.222158670425415,0.8672822117805481,1.2628861665725708,0.7250233292579651,1.16863214969635,0.725255012512207,1.2349576950073242,0.058787327259778976,0.10333527624607086,0.05557248368859291,0.011730530299246311,0.09623837471008301,0.029667388647794724,0.10041756182909012,0.08151745051145554,0.1887088119983673,0.27402475476264954
16,CZE,Czechia,2018,-2.3009228706359863,-0.042375095188617706,6.867079734802246,10,0.365255743265152,0.7657824158668518,0.28039175271987915,0.7913015484809875,0.4478796720504761,0.7322437763214111,0.3674957752227783,0.7738019824028015,0.061212051659822464,0.10722258687019348,0.05737968161702156,0.011515152640640736,0.0956181064248085,0.028378088027238846,0.10511588305234909,0.07676976919174194,0.19299237430095673,0.26379629969596863
16,CZE,Czechia,2019,-2.761939525604248,0.29349368810653687,6.867079734802246,10,0.365255743265152,0.7657824158668518,0.28039175271987915,0.7913015484809875,0.4478796720504761,0.7322437763214111,0.3674957752227783,0.7738019824028015,0.061212051659822464,0.10722258687019348,0.05737968161702156,0.011515152640640736,0.0956181064248085,0.028378088027238846,0.10511588305234909,0.07676976919174194,0.19299237430095673,0.26379629969596863
16,CZE,Czechia,2020,-3.448472261428833,0.28983551263809204,6.867079734802246,10,0.365255743265152,0.7657824158668518,0.28039175271987915,0.7913015484809875,0.4478796720504761,0.7322437763214111,0.3674957752227783,0.7738019824028015,0.061212051659822464,0.10722258687019348,0.05737968161702156,0.011515152640640736,0.0956181064248085,0.028378088027238846,0.10511588305234909,0.07676976919174194,0.19299237430095673,0.26379629969596863
16,CZE,Czechia,2021,-3.2644777297973633,0.17481878399848938,6.867079734802246,10,0.365255743265152,0.7657824158668518,0.28039175271987915,0.7913015484809875,0.4478796720504761,0.7322437763214111,0.3674957752227783,0.7738019824028015,0.061212051659822464,0.10722258687019348,0.05737968161702156,0.011515152640640736,0.0956181064248085,0.028378088027238846,0.10511588305234909,0.07676976919174194,0.19299237430095673,0.26379629969596863
16,CZE,Czechia,2022,-3.0018773078918457,0.01765529066324234,6.867079734802246,10,0.365255743265152,0.7657824158668518,0.28039175271987915,0.7913015484809875,0.4478796720504761,0.7322437763214111,0.3674957752227783,0.7738019824028015,0.061212051659822464,0.10722258687019348,0.05737968161702156,0.011515152640640736,0.0956181064248085,0.028378088027238846,0.10511588305234909,0.07676976919174194,0.19299237430095673,0.26379629969596863
16,CZE,Czechia,2023,-3.7278714179992676,-0.12256511300802231,6.867079734802246,10,0.365255743265152,0.7657824158668518,0.28039175271987915,0.7913015484809875,0.4478796720504761,0.7322437763214111,0.3674957752227783,0.7738019824028015,0.061212051659822464,0.10722258687019348,0.05737968161702156,0.011515152640640736,0.0956181064248085,0.028378088027238846,0.10511588305234909,0.07676976919174194,0.19299237430095673,0.26379629969596863
17,DEU,Germany,2018,-4.408335208892822,-0.575728714466095,6.902309417724609,10,1.162001371383667,1.0074440240859985,1.2181392908096313,1.0410163402557373,0.9860901236534119,0.963321328163147,1.2817747592926025,1.0179944038391113,0.05989322438836098,0.10512383282184601,0.05640016496181488,0.011626902967691422,0.09595833718776703,0.029059940949082375,0.10258020460605621,0.07929389178752899,0.19073781371116638,0.2693256437778473
17,DEU,Germany,2019,-7.129828929901123,-0.47530537843704224,6.902309417724609,10,1.162001371383667,1.0074440240859985,1.2181392908096313,1.0410163402557373,0.9860901236534119,0.963321328163147,1.2817747592926025,1.0179944038391113,0.05989322438836098,0.10512383282184601,0.05640016496181488,0.011626902967691422,0.09595833718776703,0.029059940949082375,0.10258020460605621,0.07929389178752899,0.19073781371116638,0.2693256437778473
17,DEU,Germany,2020,-8.748512268066406,-0.5171469449996948,6.902309417724609,10,1.162001371383667,1.0074440240859985,1.2181392908096313,1.0410163402557373,0.9860901236534119,0.963321328163147,1.2817747592926025,1.0179944038391113,0.05989322438836098,0.10512383282184601,0.05640016496181488,0.011626902967691422,0.09595833718776703,0.029059940949082375,0.10258020460605621,0.07929389178752899,0.19073781371116638,0.2693256437778473
17,DEU,Germany,2021,-7.036392688751221,-0.5898728370666504,6.902309417724609,10,1.162001371383667,1.0074440240859985,1.2181392908096313,1.0410163402557373,0.9860901236534119,0.963321328163147,1.2817747592926025,1.0179944038391113,0.05989322438836098,0.10512383282184601,0.05640016496181488,0.011626902967691422,0.09595833718776703,0.029059940949082375,0.10258020460605621,0.07929389178752899,0.19073781371116638,0.2693256437778473
17,DEU,Germany,2022,-5.935337066650391,-0.6671556234359741,6.902309417724609,10,1.162001371383667,1.0074440240859985,1.2181392908096313,1.0410163402557373,0.9860901236534119,0.963321328163147,1.2817747592926025,1.0179944038391113,0.05989322438836098,0.10512383282184601,0.05640016496181488,0.011626902967691422,0.09595833718776703,0.029059940949082375,0.10258020460605621,0.07929389178752899,0.19073781371116638,0.2693256437778473
17,DEU,Germany,2023,-8.335287094116211,-0.7296611666679382,6.902309417724609,10,1.162001371383667,1.0074440240859985,1.2181392908096313,1.0410163402557373,0.9860901236534119,0.963321328163147,1.2817747592926025,1.0179944038391113,0.05989322438836098,0.10512383282184601,0.05640016496181488,0.011626902967691422,0.09595833718776703,0.029059940949082375,0.10258020460605621,0.07929389178752899,0.19073781371116638,0.2693256437778473
18,DNK,Denmark,2018,-4.1028218269348145,0.3451084792613983,6.895415306091309,10,1.5067936182022095,0.959064781665802,1.5459808111190796,0.991024911403656,1.4523217678070068,0.9170610308647156,1.522078514099121,0.9691085815429688,0.06015081703662872,0.10553665459156036,0.056592121720314026,0.011604106053709984,0.09589241445064545,0.028923261910676956,0.1030791699886322,0.07879028469324112,0.19119200110435486,0.26823920011520386
18,DNK,Denmark,2019,-5.251770973205566,0.31574922800064087,6.895415306091309,10,1.5067936182022095,0.959064781665802,1.5459808111190796,0.991024911403656,1.4523217678070068,0.9170610308647156,1.522078514099121,0.9691085815429688,0.06015081703662872,0.10553665459156036,0.056592121720314026,0.011604106053709984,0.09589241445064545,0.028923261910676956,0.1030791699886322,0.07879028469324112,0.19119200110435486,0.26823920011520386
18,DNK,Denmark,2020,-5.442167282104492,0.2432841658592224,6.895415306091309,10,1.5067936182022095,0.959064781665802,1.5459808111190796,0.991024911403656,1.4523217678070068,0.9170610308647156,1.522078514099121,0.9691085815429688,0.06015081703662872,0.10553665459156036,0.056592121720314026,0.011604106053709984,0.09589241445064545,0.028923261910676956,0.1030791699886322,0.07879028469324112,0.19119200110435486,0.26823920011520386
18,DNK,Denmark,2021,-5.020071029663086,0.15493103861808777,6.895415306091309,10,1.5067936182022095,0.959064781665802,1.5459808111190796,0.991024911403656,1.4523217678070068,0.9170610308647156,1.522078514099121,0.9691085815429688,0.06015081703662872,0.10553665459156036,0.056592121720314026,0.011604106053709984,0.09589241445064545,0.028923261910676956,0.1030791699886322,0.07879028469324112,0.19119200110435486,0.26823920011520386
18,DNK,Denmark,2022,-5.26057767868042,0.07229075580835342,6.895415306091309,10,1.5067936182022095,0.959064781665802,1.5459808111190796,0.991024911403656,1.4523217678070068,0.9170610308647156,1.522078514099121,0.9691085815429688,0.06015081703662872,0.10553665459156036,0.056592121720314026,0.011604106053709984,0.09589241445064545,0.028923261910676956,0.1030791699886322,0.07879028469324112,0.19119200110435486,0.26823920011520386
18,DNK,Denmark,2023,-5.907427787780762,0.009450770914554596,6.895415306091309,10,1.5067936182022095,0.959064781665802,1.5459808111190796,0.991024911403656,1.4523217678070068,0.9170610308647156,1.522078514099121,0.9691085815429688,0.06015081703662872,0.10553665459156036,0.056592121720314026,0.011604106053709984,0.09589241445064545,0.028923261910676956,0.1030791699886322,0.07879028469324112,0.19119200110435486,0.26823920011520386
19,DZA,Algeria,2018,-1.3783005475997925,-0.5093386769294739,6.604538917541504,10,-1.204992651939392,-0.7158066630363464,-1.152233362197876,-0.7396603226661682,-1.2305991649627686,-0.6844564080238342,-1.2321451902389526,-0.7233031392097473,0.07131174951791763,0.12218457460403442,0.06463417410850525,0.010976148769259453,0.09283369034528732,0.024302631616592407,0.12305708229541779,0.06108364090323448,0.20516571402549744,0.22445060312747955
19,DZA,Algeria,2019,-1.3506704568862915,-0.16195538640022278,6.604538917541504,10,-1.204992651939392,-0.7158066630363464,-1.152233362197876,-0.7396603226661682,-1.2305991649627686,-0.6844564080238342,-1.2321451902389526,-0.7233031392097473,0.07131174951791763,0.12218457460403442,0.06463417410850525,0.010976148769259453,0.09283369034528732,0.024302631616592407,0.12305708229541779,0.06108364090323448,0.20516571402549744,0.22445060312747955
19,DZA,Algeria,2020,-1.4138250350952148,-0.0881568118929863,6.604538917541504,10,-1.204992651939392,-0.7158066630363464,-1.152233362197876,-0.7396603226661682,-1.2305991649627686,-0.6844564080238342,-1.2321451902389526,-0.7233031392097473,0.07131174951791763,0.12218457460403442,0.06463417410850525,0.010976148769259453,0.09283369034528732,0.024302631616592407,0.12305708229541779,0.06108364090323448,0.20516571402549744,0.22445060312747955
19,DZA,Algeria,2021,-1.0506858825683594,-0.011733762919902802,6.604538917541504,10,-1.204992651939392,-0.7158066630363464,-1.152233362197876,-0.7396603226661682,-1.2305991649627686,-0.6844564080238342,-1.2321451902389526,-0.7233031392097473,0.07131174951791763,0.12218457460403442,0.06463417410850525,0.010976148769259453,0.09283369034528732,0.024302631616592407,0.12305708229541779,0.06108364090323448,0.20516571402549744,0.22445060312747955
19,DZA,Algeria,2022,-1.0033199787139893,-0.1547253131866455,6.604538917541504,10,-1.204992651939392,-0.7158066630363464,-1.152233362197876,-0.7396603226661682,-1.2305991649627686,-0.6844564080238342,-1.2321451902389526,-0.7233031392097473,0.07131174951791763,0.12218457460403442,0.06463417410850525,0.010976148769259453,0.09283369034528732,0.024302631616592407,0.12305708229541779,0.06108364090323448,0.20516571402549744,0.22445060312747955
19,DZA,Algeria,2023,-1.0033199787139893,-0.35200467705726624,6.604538917541504,10,-1.204992651939392,-0.7158066630363464,-1.152233362197876,-0.7396603226661682,-1.2305991649627686,-0.6844564080238342,-1.2321451902389526,-0.7233031392097473,0.07131174951791763,0.12218457460403442,0.06463417410850525,0.010976148769259453,0.09283369034528732,0.024302631616592407,0.12305708229541779,0.06108364090323448,0.20516571402549744,0.22445060312747955
20,ECU,Ecuador,2018,-1.1428673267364502,0.39442163705825806,6.602100849151611,10,-1.2054944038391113,-0.7276304364204407,-1.1715943813323975,-0.7518781423568726,-1.2544611692428589,-0.6957623958587646,-1.1904276609420776,-0.7352507710456848,0.07140818983316422,0.1223188042640686,0.06470152735710144,0.010973084717988968,0.09280593693256378,0.024271273985505104,0.12321636080741882,0.0609591044485569,0.20524419844150543,0.22410157322883606
20,ECU,Ecuador,2019,-1.7627936601638794,0.788087010383606,6.602100849151611,10,-1.2054944038391113,-0.7276304364204407,-1.1715943813323975,-0.7518781423568726,-1.2544611692428589,-0.6957623958587646,-1.1904276609420776,-0.7352507710456848,0.07140818983316422,0.1223188042640686,0.06470152735710144,0.010973084717988968,0.09280593693256378,0.024271273985505104,0.12321636080741882,0.0609591044485569,0.20524419844150543,0.22410157322883606
20,ECU,Ecuador,2020,-1.9658561944961548,0.9839205741882324,6.602100849151611,10,-1.2054944038391113,-0.7276304364204407,-1.1715943813323975,-0.7518781423568726,-1.2544611692428589,-0.6957623958587646,-1.1904276609420776,-0.7352507710456848,0.07140818983316422,0.1223188042640686,0.06470152735710144,0.010973084717988968,0.09280593693256378,0.024271273985505104,0.12321636080741882,0.0609591044485569,0.20524419844150543,0.22410157322883606
20,ECU,Ecuador,2021,-2.1342613697052,1.1475098133087158,6.602100849151611,10,-1.2054944038391113,-0.7276304364204407,-1.1715943813323975,-0.7518781423568726,-1.2544611692428589,-0.6957623958587646,-1.1904276609420776,-0.7352507710456848,0.07140818983316422,0.1223188042640686,0.06470152735710144,0.010973084717988968,0.09280593693256378,0.024271273985505104,0.12321636080741882,0.0609591044485569,0.20524419844150543,0.22410157322883606
20,ECU,Ecuador,2022,-1.612612009048462,1.2065749168395996,6.602100849151611,10,-1.2054944038391113,-0.7276304364204407,-1.1715943813323975,-0.7518781423568726,-1.2544611692428589,-0.6957623958587646,-1.1904276609420776,-0.7352507710456848,0.07140818983316422,0.1223188042640686,0.06470152735710144,0.010973084717988968,0.09280593693256378,0.024271273985505104,0.12321636080741882,0.0609591044485569,0.20524419844150543,0.22410157322883606
20,ECU,Ecuador,2023,-1.6925028562545776,1.206998348236084,6.602100849151611,10,-1.2054944038391113,-0.7276304364204407,-1.1715943813323975,-0.7518781423568726,-1.2544611692428589,-0.6957623958587646,-1.1904276609420776,-0.7352507710456848,0.07140818983316422,0.1223188042640686,0.06470152735710144,0.010973084717988968,0.09280593693256378,0.024271273985505104,0.12321636080741882,0.0609591044485569,0.20524419844150543,0.22410157322883606
21,EGY,Egypt,2018,1.8549280166625977,0.8715159893035889,6.590729713439941,10,-0.7224758267402649,-0.7824226021766663,-0.816137969493866,-0.8084962368011475,-0.7838069200515747,-0.748154878616333,-0.5674826502799988,-0.7906168103218079,0.07185865193605423,0.1229439377784729,0.06501568853855133,0.010959154926240444,0.0926760733127594,0.024126289412379265,0.12395760416984558,0.060382578521966934,0.20560237765312195,0.22247767448425293
21,EGY,Egypt,2019,1.397194504737854,1.264364242553711,6.590729713439941,10,-0.7224758267402649,-0.7824226021766663,-0.816137969493866,-0.8084962368011475,-0.7838069200515747,-0.748154878616333,-0.5674826502799988,-0.7906168103218079,0.07185865193605423,0.1229439377784729,0.06501568853855133,0.010959154926240444,0.0926760733127594,0.024126289412379265,0.12395760416984558,0.060382578521966934,0.20560237765312195,0.22247767448425293
21,EGY,Egypt,2020,0.7784237861633301,1.3130943775177002,6.590729713439941,10,-0.7224758267402649,-0.7824226021766663,-0.816137969493866,-0.8084962368011475,-0.7838069200515747,-0.748154878616333,-0.5674826502799988,-0.7906168103218079,0.07185865193605423,0.1229439377784729,0.06501568853855133,0.010959154926240444,0.0926760733127594,0.024126289412379265,0.12395760416984558,0.060382578521966934,0.20560237765312195,0.22247767448425293
21,EGY,Egypt,2021,0.7313584089279175,1.2543995380401611,6.590729713439941,10,-0.7224758267402649,-0.7824226021766663,-0.816137969493866,-0.8084962368011475,-0.7838069200515747,-0.748154878616333,-0.5674826502799988,-0.7906168103218079,0.07185865193605423,0.1229439377784729,0.06501568853855133,0.010959154926240444,0.0926760733127594,0.024126289412379265,0.12395760416984558,0.060382578521966934,0.20560237765312195,0.22247767448425293
21,EGY,Egypt,2022,0.8227205872535706,1.1606463193893433,6.590729713439941,10,-0.7224758267402649,-0.7824226021766663,-0.816137969493866,-0.8084962368011475,-0.7838069200515747,-0.748154878616333,-0.5674826502799988,-0.7906168103218079,0.07185865193605423,0.1229439377784729,0.06501568853855133,0.010959154926240444,0.0926760733127594,0.024126289412379265,0.12395760416984558,0.060382578521966934,0.20560237765312195,0.22247767448425293
21,EGY,Egypt,2023,0.880398690700531,1.0549062490463257,6.590729713439941,10,-0.7224758267402649,-0.7824226021766663,-0.816137969493866,-0.8084962368011475,-0.7838069200515747,-0.748154878616333,-0.5674826502799988,-0.7906168103218079,0.07185865193605423,0.1229439377784729,0.06501568853855133,0.010959154926240444,0.0926760733127594,0.024126289412379265,0.12395760416984558,0.060382578521966934,0.20560237765312195,0.22247767448425293
22,ESP,Spain,2018,-2.3918983936309814,0.13892266154289246,6.931807041168213,10,0.789492130279541,1.2208484411239624,0.8293587565422058,1.261532187461853,0.796362042427063,1.1673792600631714,0.7427557706832886,1.2336336374282837,0.05879390612244606,0.10334599018096924,0.05557741969823837,0.011729885824024677,0.09623673558235168,0.029663680121302605,0.10043049603700638,0.08150395005941391,0.18872128427028656,0.2739967107772827
22,ESP,Spain,2019,-3.220625877380371,0.1854943335056305,6.931807041168213,10,0.789492130279541,1.2208484411239624,0.8293587565422058,1.261532187461853,0.796362042427063,1.1673792600631714,0.7427557706832886,1.2336336374282837,0.05879390612244606,0.10334599018096924,0.05557741969823837,0.011729885824024677,0.09623673558235168,0.029663680121302605,0.10043049603700638,0.08150395005941391,0.18872128427028656,0.2739967107772827
22,ESP,Spain,2020,-4.112740993499756,0.006916649639606476,6.931807041168213,10,0.789492130279541,1.2208484411239624,0.8293587565422058,1.261532187461853,0.796362042427063,1.1673792600631714,0.7427557706832886,1.2336336374282837,0.05879390612244606,0.10334599018096924,0.05557741969823837,0.011729885824024677,0.09623673558235168,0.029663680121302605,0.10043049603700638,0.08150395005941391,0.18872128427028656,0.2739967107772827
22,ESP,Spain,2021,-4.21701192855835,-0.26419493556022644,6.931807041168213,10,0.789492130279541,1.2208484411239624,0.8293587565422058,1.261532187461853,0.796362042427063,1.1673792600631714,0.7427557706832886,1.2336336374282837,0.05879390612244606,0.10334599018096924,0.05557741969823837,0.011729885824024677,0.09623673558235168,0.029663680121302605,0.10043049603700638,0.08150395005941391,0.18872128427028656,0.2739967107772827
22,ESP,Spain,2022,-3.774611234664917,-0.5167093276977539,6.931807041168213,10,0.789492130279541,1.2208484411239624,0.8293587565422058,1.261532187461853,0.796362042427063,1.1673792600631714,0.7427557706832886,1.2336336374282837,0.05879390612244606,0.10334599018096924,0.05557741969823837,0.011729885824024677,0.09623673558235168,0.029663680121302605,0.10043049603700638,0.08150395005941391,0.18872128427028656,0.2739967107772827
22,ESP,Spain,2023,-4.671977519989014,-0.7136960029602051,6.931807041168213,10,0.789492130279541,1.2208484411239624,0.8293587565422058,1.261532187461853,0.796362042427063,1.1673792600631714,0.7427557706832886,1.2336336374282837,0.05879390612244606,0.10334599018096924,0.05557741969823837,0.011729885824024677,0.09623673558235168,0.029663680121302605,0.10043049603700638,0.08150395005941391,0.18872128427028656,0.2739967107772827
23,EST,Estonia,2018,-4.833373069763184,-0.4134157598018646,6.873517990112305,10,0.5303884744644165,0.8089489340782166,0.3051801919937134,0.8359065055847168,0.8016892075538635,0.7735196948051453,0.48429596424102783,0.8174205422401428,0.06097051501274109,0.10684093832969666,0.05720089375972748,0.011534716933965683,0.09568091481924057,0.028499703854322433,0.10465499013662338,0.07722212374210358,0.19259250164031982,0.2648026943206787
23,EST,Estonia,2019,-9.96490478515625,-0.15253761410713196,6.873517990112305,10,0.5303884744644165,0.8089489340782166,0.3051801919937134,0.8359065055847168,0.8016892075538635,0.7735196948051453,0.48429596424102783,0.8174205422401428,0.06097051501274109,0.10684093832969666,0.05720089375972748,0.011534716933965683,0.09568091481924057,0.028499703854322433,0.10465499013662338,0.07722212374210358,0.19259250164031982,0.2648026943206787
23,EST,Estonia,2020,-18.38939094543457,-0.15172871947288513,6.873517990112305,10,0.5303884744644165,0.8089489340782166,0.3051801919937134,0.8359065055847168,0.8016892075538635,0.7735196948051453,0.48429596424102783,0.8174205422401428,0.06097051501274109,0.10684093832969666,0.05720089375972748,0.011534716933965683,0.09568091481924057,0.028499703854322433,0.10465499013662338,0.07722212374210358,0.19259250164031982,0.2648026943206787
23,EST,Estonia,2021,-14.705828666687012,-0.22477111220359802,6.873517990112305,10,0.5303884744644165,0.8089489340782166,0.3051801919937134,0.8359065055847168,0.8016892075538635,0.7735196948051453,0.48429596424102783,0.8174205422401428,0.06097051501274109,0.10684093832969666,0.05720089375972748,0.011534716933965683,0.09568091481924057,0.028499703854322433,0.10465499013662338,0.07722212374210358,0.19259250164031982,0.2648026943206787
23,EST,Estonia,2022,-11.738649368286133,-0.31012070178985596,6.873517990112305,10,0.5303884744644165,0.8089489340782166,0.3051801919937134,0.8359065055847168,0.8016892075538635,0.7735196948051453,0.48429596424102783,0.8174205422401428,0.06097051501274109,0.10684093832969666,0.05720089375972748,0.011534716933965683,0.09568091481924057,0.028499703854322433,0.10465499013662338,0.07722212374210358,0.19259250164031982,0.2648026943206787
23,EST,Estonia,2023,-19.71649742126465,-0.397100031375885,6.873517990112305,10,0.5303884744644165,0.8089489340782166,0.3051801919937134,0.8359065055847168,0.8016892075538635,0.7735196948051453,0.48429596424102783,0.8174205422401428,0.06097051501274109,0.10684093832969666,0.05720089375972748,0.011534716933965683,0.09568091481924057,0.028499703854322433,0.10465499013662338,0.07722212374210358,0.19259250164031982,0.2648026943206787
24,FIN,Finland,2018,-2.4947378635406494,0.9502924680709839,6.8894500732421875,10,1.5118976831436157,0.9176519513130188,1.5876092910766602,0.9482319355010986,1.3751853704452515,0.877461850643158,1.572898507118225,0.9272619485855103,0.06037384271621704,0.10589292645454407,0.05675806850194931,0.011584753170609474,0.0958351194858551,0.02880631387233734,0.10350970178842545,0.07835846394300461,0.19157977402210236,0.2673009932041168
24,FIN,Finland,2019,-3.0343379974365234,0.7752824425697327,6.8894500732421875,10,1.5118976831436157,0.9176519513130188,1.5876092910766602,0.9482319355010986,1.3751853704452515,0.877461850643158,1.572898507118225,0.9272619485855103,0.06037384271621704,0.10589292645454407,0.05675806850194931,0.011584753170609474,0.0958351194858551,0.02880631387233734,0.10350970178842545,0.07835846394300461,0.19157977402210236,0.2673009932041168
24,FIN,Finland,2020,-4.05517578125,0.6660861968994141,6.8894500732421875,10,1.5118976831436157,0.9176519513130188,1.5876092910766602,0.9482319355010986,1.3751853704452515,0.877461850643158,1.572898507118225,0.9272619485855103,0.06037384271621704,0.10589292645454407,0.05675806850194931,0.011584753170609474,0.0958351194858551,0.02880631387233734,0.10350970178842545,0.07835846394300461,0.19157977402210236,0.2673009932041168
24,FIN,Finland,2021,-3.9226253032684326,0.5793342590332031,6.8894500732421875,10,1.5118976831436157,0.9176519513130188,1.5876092910766602,0.9482319355010986,1.3751853704452515,0.877461850643158,1.572898507118225,0.9272619485855103,0.06037384271621704,0.10589292645454407,0.05675806850194931,0.011584753170609474,0.0958351194858551,0.02880631387233734,0.10350970178842545,0.07835846394300461,0.19157977402210236,0.2673009932041168
24,FIN,Finland,2022,-4.062594890594482,0.5186623930931091,6.8894500732421875,10,1.5118976831436157,0.9176519513130188,1.5876092910766602,0.9482319355010986,1.3751853704452515,0.877461850643158,1.572898507118225,0.9272619485855103,0.06037384271621704,0.10589292645454407,0.05675806850194931,0.011584753170609474,0.0958351194858551,0.02880631387233734,0.10350970178842545,0.07835846394300461,0.19157977402210236,0.2673009932041168
24,FIN,Finland,2023,-5.2590131759643555,0.47595393657684326,6.8894500732421875,10,1.5118976831436157,0.9176519513130188,1.5876092910766602,0.9482319355010986,1.3751853704452515,0.877461850643158,1.572898507118225,0.9272619485855103,0.06037384271621704,0.10589292645454407,0.05675806850194931,0.011584753170609474,0.0958351194858551,0.02880631387233734,0.10350970178842545,0.07835846394300461,0.19157977402210236,0.2673009932041168
25,FRA,France,2018,-2.937512159347534,-0.0084616020321846,6.91770601272583,10,0.8883405327796936,1.1174932718276978,1.0859564542770386,1.1547329425811768,0.6707704067230225,1.0685508251190186,0.9082947969436646,1.129196286201477,0.0593189001083374,0.10419832915067673,0.05597105622291565,0.011679532006382942,0.09610439091920853,0.029371140524744987,0.1014612689614296,0.08043599128723145,0.18970024585723877,0.27175915241241455
25,FRA,France,2019,-2.957599639892578,0.1445511281490326,6.91770601272583,10,0.8883405327796936,1.1174932718276978,1.0859564542770386,1.1547329425811768,0.6707704067230225,1.0685508251190186,0.9082947969436646,1.129196286201477,0.0593189001083374,0.10419832915067673,0.05597105622291565,0.011679532006382942,0.09610439091920853,0.029371140524744987,0.1014612689614296,0.08043599128723145,0.18970024585723877,0.27175915241241455
25,FRA,France,2020,-3.0673086643218994,0.12629351019859314,6.91770601272583,10,0.8883405327796936,1.1174932718276978,1.0859564542770386,1.1547329425811768,0.6707704067230225,1.0685508251190186,0.9082947969436646,1.129196286201477,0.0593189001083374,0.10419832915067673,0.05597105622291565,0.011679532006382942,0.09610439091920853,0.029371140524744987,0.1014612689614296,0.08043599128723145,0.18970024585723877,0.27175915241241455
25,FRA,France,2021,-2.956054449081421,0.05383682996034622,6.91770601272583,10,0.8883405327796936,1.1174932718276978,1.0859564542770386,1.1547329425811768,0.6707704067230225,1.0685508251190186,0.9082947969436646,1.129196286201477,0.0593189001083374,0.10419832915067673,0.05597105622291565,0.011679532006382942,0.09610439091920853,0.029371140524744987,0.1014612689614296,0.08043599128723145,0.18970024585723877,0.27175915241241455
25,FRA,France,2022,-0.05572359263896942,0.048566125333309174,6.91770601272583,10,0.8883405327796936,1.1174932718276978,1.0859564542770386,1.1547329425811768,0.6707704067230225,1.0685508251190186,0.9082947969436646,1.129196286201477,0.0593189001083374,0.10419832915067673,0.05597105622291565,0.011679532006382942,0.09610439091920853,0.029371140524744987,0.1014612689614296,0.08043599128723145,0.18970024585723877,0.27175915241241455
25,FRA,France,2023,-3.9094398021698,-0.012912534177303314,6.91770601272583,10,0.8883405327796936,1.1174932718276978,1.0859564542770386,1.1547329425811768,0.6707704067230225,1.0685508251190186,0.9082947969436646,1.129196286201477,0.0593189001083374,0.10419832915067673,0.05597105622291565,0.011679532006382942,0.09610439091920853,0.029371140524744987,0.1014612689614296,0.08043599128723145,0.18970024585723877,0.27175915241241455
26,GBR,United Kingdom,2018,-11.656635284423828,0.47766268253326416,6.9139323234558105,10,1.2583589553833008,1.0902552604675293,1.1897099018096924,1.126587152481079,1.3614327907562256,1.0425057411193848,1.2239340543746948,1.1016730070114136,0.059459567070007324,0.10442565381526947,0.0560762993991375,0.011666410602629185,0.09606873989105225,0.0292940866202116,0.1017361432313919,0.08015377074480057,0.18995757400989532,0.2711617648601532
26,GBR,United Kingdom,2019,-12.48721694946289,0.41047680377960205,6.9139323234558105,10,1.2583589553833008,1.0902552604675293,1.1897099018096924,1.126587152481079,1.3614327907562256,1.0425057411193848,1.2239340543746948,1.1016730070114136,0.059459567070007324,0.10442565381526947,0.0560762993991375,0.011666410602629185,0.09606873989105225,0.0292940866202116,0.1017361432313919,0.08015377074480057,0.18995757400989532,0.2711617648601532
26,GBR,United Kingdom,2020,-13.733572006225586,0.24810343980789185,6.9139323234558105,10,1.2583589553833008,1.0902552604675293,1.1897099018096924,1.126587152481079,1.3614327907562256,1.0425057411193848,1.2239340543746948,1.1016730070114136,0.059459567070007324,0.10442565381526947,0.0560762993991375,0.011666410602629185,0.09606873989105225,0.0292940866202116,0.1017361432313919,0.08015377074480057,0.18995757400989532,0.2711617648601532
26,GBR,United Kingdom,2021,-12.55033016204834,0.06966143101453781,6.9139323234558105,10,1.2583589553833008,1.0902552604675293,1.1897099018096924,1.126587152481079,1.3614327907562256,1.0425057411193848,1.2239340543746948,1.1016730070114136,0.059459567070007324,0.10442565381526947,0.0560762993991375,0.011666410602629185,0.09606873989105225,0.0292940866202116,0.1017361432313919,0.08015377074480057,0.18995757400989532,0.2711617648601532
26,GBR,United Kingdom,2022,-13.13424301147461,-0.0900736078619957,6.9139323234558105,10,1.2583589553833008,1.0902552604675293,1.1897099018096924,1.126587152481079,1.3614327907562256,1.0425057411193848,1.2239340543746948,1.1016730070114136,0.059459567070007324,0.10442565381526947,0.0560762993991375,0.011666410602629185,0.09606873989105225,0.0292940866202116,0.1017361432313919,0.08015377074480057,0.18995757400989532,0.2711617648601532
26,GBR,United Kingdom,2023,-14.066479682922363,-0.2103511393070221,6.9139323234558105,10,1.2583589553833008,1.0902552604675293,1.1897099018096924,1.126587152481079,1.3614327907562256,1.0425057411193848,1.2239340543746948,1.1016730070114136,0.059459567070007324,0.10442565381526947,0.0560762993991375,0.011666410602629185,0.09606873989105225,0.0292940866202116,0.1017361432313919,0.08015377074480057,0.18995757400989532,0.2711617648601532
27,GRC,Greece,2018,-5.507160186767578,-0.6971902847290039,6.77197265625,10,0.21050052344799042,0.17298561334609985,0.004785913974046707,0.17875023186206818,0.24354657530784607,0.16540955007076263,0.3831690847873688,0.17479707300662994,0.06481021642684937,0.11276956647634506,0.06001242250204086,0.011266233399510384,0.09465877711772919,0.026719974353909492,0.1118011474609375,0.07050928473472595,0.19829967617988586,0.2491527944803238
27,GRC,Greece,2019,-6.582149982452393,-0.30735844373703003,6.77197265625,10,0.21050052344799042,0.17298561334609985,0.004785913974046707,0.17875023186206818,0.24354657530784607,0.16540955007076263,0.3831690847873688,0.17479707300662994,0.06481021642684937,0.11276956647634506,0.06001242250204086,0.011266233399510384,0.09465877711772919,0.026719974353909492,0.1118011474609375,0.07050928473472595,0.19829967617988586,0.2491527944803238
27,GRC,Greece,2020,-8.231910705566406,-0.22105565667152405,6.77197265625,10,0.21050052344799042,0.17298561334609985,0.004785913974046707,0.17875023186206818,0.24354657530784607,0.16540955007076263,0.3831690847873688,0.17479707300662994,0.06481021642684937,0.11276956647634506,0.06001242250204086,0.011266233399510384,0.09465877711772919,0.026719974353909492,0.1118011474609375,0.07050928473472595,0.19829967617988586,0.2491527944803238
27,GRC,Greece,2021,-9.12386703491211,-0.22814249992370605,6.77197265625,10,0.21050052344799042,0.17298561334609985,0.004785913974046707,0.17875023186206818,0.24354657530784607,0.16540955007076263,0.3831690847873688,0.17479707300662994,0.06481021642684937,0.11276956647634506,0.06001242250204086,0.011266233399510384,0.09465877711772919,0.026719974353909492,0.1118011474609375,0.07050928473472595,0.19829967617988586,0.2491527944803238
27,GRC,Greece,2022,-9.264490127563477,-0.2307848036289215,6.77197265625,10,0.21050052344799042,0.17298561334609985,0.004785913974046707,0.17875023186206818,0.24354657530784607,0.16540955007076263,0.3831690847873688,0.17479707300662994,0.06481021642684937,0.11276956647634506,0.06001242250204086,0.011266233399510384,0.09465877711772919,0.026719974353909492,0.1118011474609375,0.07050928473472595,0.19829967617988586,0.2491527944803238
27,GRC,Greece,2023,-10.155776977539062,-0.2560199201107025,6.77197265625,10,0.21050052344799042,0.17298561334609985,0.004785913974046707,0.17875023186206818,0.24354657530784607,0.16540955007076263,0.3831690847873688,0.17479707300662994,0.06481021642684937,0.11276956647634506,0.06001242250204086,0.011266233399510384,0.09465877711772919,0.026719974353909492,0.1118011474609375,0.07050928473472595,0.19829967617988586,0.2491527944803238
28,HKG,Hong Kong,2018,-1.1459519863128662,0.7313247919082642,6.920047760009766,10,1.1223636865615845,1.1344857215881348,1.0890463590621948,1.17229163646698,1.3811711072921753,1.08479905128479,0.8968734741210938,1.1463665962219238,0.059231650084257126,0.10405707359313965,0.055905722081661224,0.0116877481341362,0.09612645953893661,0.029419222846627235,0.10129047185182571,0.08061189204454422,0.18953953683376312,0.27213019132614136
28,HKG,Hong Kong,2019,-1.7272493839263916,0.9795433282852173,6.920047760009766,10,1.1223636865615845,1.1344857215881348,1.0890463590621948,1.17229163646698,1.3811711072921753,1.08479905128479,0.8968734741210938,1.1463665962219238,0.059231650084257126,0.10405707359313965,0.055905722081661224,0.0116877481341362,0.09612645953893661,0.029419222846627235,0.10129047185182571,0.08061189204454422,0.18953953683376312,0.27213019132614136
28,HKG,Hong Kong,2020,-5.682636260986328,1.0246798992156982,6.920047760009766,10,1.1223636865615845,1.1344857215881348,1.0890463590621948,1.17229163646698,1.3811711072921753,1.08479905128479,0.8968734741210938,1.1463665962219238,0.059231650084257126,0.10405707359313965,0.055905722081661224,0.0116877481341362,0.09612645953893661,0.029419222846627235,0.10129047185182571,0.08061189204454422,0.18953953683376312,0.27213019132614136
28,HKG,Hong Kong,2021,-5.362922668457031,1.0020785331726074,6.920047760009766,10,1.1223636865615845,1.1344857215881348,1.0890463590621948,1.17229163646698,1.3811711072921753,1.08479905128479,0.8968734741210938,1.1463665962219238,0.059231650084257126,0.10405707359313965,0.055905722081661224,0.0116877481341362,0.09612645953893661,0.029419222846627235,0.10129047185182571,0.08061189204454422,0.18953953683376312,0.27213019132614136
28,HKG,Hong Kong,2022,-5.762137413024902,0.9539353847503662,6.920047760009766,10,1.1223636865615845,1.1344857215881348,1.0890463590621948,1.17229163646698,1.3811711072921753,1.08479905128479,0.8968734741210938,1.1463665962219238,0.059231650084257126,0.10405707359313965,0.055905722081661224,0.0116877481341362,0.09612645953893661,0.029419222846627235,0.10129047185182571,0.08061189204454422,0.18953953683376312,0.27213019132614136
28,HKG,Hong Kong,2023,-5.774105072021484,0.9118260145187378,6.920047760009766,10,1.1223636865615845,1.1344857215881348,1.0890463590621948,1.17229163646698,1.3811711072921753,1.08479905128479,0.8968734741210938,1.1463665962219238,0.059231650084257126,0.10405707359313965,0.055905722081661224,0.0116877481341362,0.09612645953893661,0.029419222846627235,0.10129047185182571,0.08061189204454422,0.18953953683376312,0.27213019132614136
29,HRV,Croatia,2018,-2.1691575050354004,0.747485876083374,6.595383644104004,10,-0.3481642007827759,-0.7600677013397217,-0.2588765323162079,-0.7853963375091553,-0.3555670380592346,-0.7267789840698242,-0.4300490617752075,-0.7680277228355408,0.07167413830757141,0.12268826365470886,0.06488708406686783,0.010964779183268547,0.09272929280996323,0.02418537437915802,0.12365454435348511,0.06061767786741257,0.20545728504657745,0.22314149141311646
29,HRV,Croatia,2019,-1.4451857805252075,0.9742304086685181,6.595383644104004,10,-0.3481642007827759,-0.7600677013397217,-0.2588765323162079,-0.7853963375091553,-0.3555670380592346,-0.7267789840698242,-0.4300490617752075,-0.7680277228355408,0.07167413830757141,0.12268826365470886,0.06488708406686783,0.010964779183268547,0.09272929280996323,0.02418537437915802,0.12365454435348511,0.06061767786741257,0.20545728504657745,0.22314149141311646
29,HRV,Croatia,2020,-1.7230193614959717,0.8750730752944946,6.595383644104004,10,-0.3481642007827759,-0.7600677013397217,-0.2588765323162079,-0.7853963375091553,-0.3555670380592346,-0.7267789840698242,-0.4300490617752075,-0.7680277228355408,0.07167413830757141,0.12268826365470886,0.06488708406686783,0.010964779183268547,0.09272929280996323,0.02418537437915802,0.12365454435348511,0.06061767786741257,0.20545728504657745,0.22314149141311646
29,HRV,Croatia,2021,-2.0073060989379883,0.6341687440872192,6.595383644104004,10,-0.3481642007827759,-0.7600677013397217,-0.2588765323162079,-0.7853963375091553,-0.3555670380592346,-0.7267789840698242,-0.4300490617752075,-0.7680277228355408,0.07167413830757141,0.12268826365470886,0.06488708406686783,0.010964779183268547,0.09272929280996323,0.02418537437915802,0.12365454435348511,0.06061767786741257,0.20545728504657745,0.22314149141311646
29,HRV,Croatia,2022,-1.4104783535003662,0.5530115962028503,6.595383644104004,10,-0.3481642007827759,-0.7600677013397217,-0.2588765323162079,-0.7853963375091553,-0.3555670380592346,-0.7267789840698242,-0.4300490617752075,-0.7680277228355408,0.07167413830757141,0.12268826365470886,0.06488708406686783,0.010964779183268547,0.09272929280996323,0.02418537437915802,0.12365454435348511,0.06061767786741257,0.20545728504657745,0.22314149141311646
29,HRV,Croatia,2023,-2.236304998397827,0.45986729860305786,6.595383644104004,10,-0.3481642007827759,-0.7600677013397217,-0.2588765323162079,-0.7853963375091553,-0.3555670380592346,-0.7267789840698242,-0.4300490617752075,-0.7680277228355408,0.07167413830757141,0.12268826365470886,0.06488708406686783,0.010964779183268547,0.09272929280996323,0.02418537437915802,0.12365454435348511,0.06061767786741257,0.20545728504657745,0.22314149141311646
30,HUN,Hungary,2018,-2.826733112335205,-0.8957571387290955,6.8801984786987305,10,0.43036317825317383,0.8541925549507141,0.30845627188682556,0.8826578259468079,0.5491956472396851,0.8167818188667297,0.4334375858306885,0.8631380200386047,0.06072017922997475,0.1064440980553627,0.057015303522348404,0.011555410921573639,0.09574578702449799,0.02862725779414177,0.1041756197810173,0.0776955857872963,0.19217196106910706,0.265848845243454
30,HUN,Hungary,2019,-3.2313930988311768,-0.5599227547645569,6.8801984786987305,10,0.43036317825317383,0.8541925549507141,0.30845627188682556,0.8826578259468079,0.5491956472396851,0.8167818188667297,0.4334375858306885,0.8631380200386047,0.06072017922997475,0.1064440980553627,0.057015303522348404,0.011555410921573639,0.09574578702449799,0.02862725779414177,0.1041756197810173,0.0776955857872963,0.19217196106910706,0.265848845243454
30,HUN,Hungary,2020,-3.419083595275879,-0.47668957710266113,6.8801984786987305,10,0.43036317825317383,0.8541925549507141,0.30845627188682556,0.8826578259468079,0.5491956472396851,0.8167818188667297,0.4334375858306885,0.8631380200386047,0.06072017922997475,0.1064440980553627,0.057015303522348404,0.011555410921573639,0.09574578702449799,0.02862725779414177,0.1041756197810173,0.0776955857872963,0.19217196106910706,0.265848845243454
30,HUN,Hungary,2021,-3.8331387042999268,-0.4778665602207184,6.8801984786987305,10,0.43036317825317383,0.8541925549507141,0.30845627188682556,0.8826578259468079,0.5491956472396851,0.8167818188667297,0.4334375858306885,0.8631380200386047,0.06072017922997475,0.1064440980553627,0.057015303522348404,0.011555410921573639,0.09574578702449799,0.02862725779414177,0.1041756197810173,0.0776955857872963,0.19217196106910706,0.265848845243454
30,HUN,Hungary,2022,-4.042897701263428,-0.5084654092788696,6.8801984786987305,10,0.43036317825317383,0.8541925549507141,0.30845627188682556,0.8826578259468079,0.5491956472396851,0.8167818188667297,0.4334375858306885,0.8631380200386047,0.06072017922997475,0.1064440980553627,0.057015303522348404,0.011555410921573639,0.09574578702449799,0.02862725779414177,0.1041756197810173,0.0776955857872963,0.19217196106910706,0.265848845243454
30,HUN,Hungary,2023,-4.756733417510986,-0.5456892251968384,6.8801984786987305,10,0.43036317825317383,0.8541925549507141,0.30845627188682556,0.8826578259468079,0.5491956472396851,0.8167818188667297,0.4334375858306885,0.8631380200386047,0.06072017922997475,0.1064440980553627,0.057015303522348404,0.011555410921573639,0.09574578702449799,0.02862725779414177,0.1041756197810173,0.0776955857872963,0.19217196106910706,0.265848845243454
31,IDN,Indonesia,2018,2.64410662651062,0.678512454032898,6.604091644287109,10,-0.9561768174171448,-0.7179772257804871,-0.9402090311050415,-0.7419032454490662,-0.8002218008041382,-0.6865319609642029,-1.1280996799468994,-0.7254964709281921,0.07132943719625473,0.12220919877290726,0.06464652717113495,0.010975588113069534,0.09282860159873962,0.024296874180436134,0.12308629602193832,0.06106077879667282,0.20518013834953308,0.22438658773899078
31,IDN,Indonesia,2019,3.317753314971924,1.087206482887268,6.604091644287109,10,-0.9561768174171448,-0.7179772257804871,-0.9402090311050415,-0.7419032454490662,-0.8002218008041382,-0.6865319609642029,-1.1280996799468994,-0.7254964709281921,0.07132943719625473,0.12220919877290726,0.06464652717113495,0.010975588113069534,0.09282860159873962,0.024296874180436134,0.12308629602193832,0.06106077879667282,0.20518013834953308,0.22438658773899078
31,IDN,Indonesia,2020,2.719416856765747,1.2309539318084717,6.604091644287109,10,-0.9561768174171448,-0.7179772257804871,-0.9402090311050415,-0.7419032454490662,-0.8002218008041382,-0.6865319609642029,-1.1280996799468994,-0.7254964709281921,0.07132943719625473,0.12220919877290726,0.06464652717113495,0.010975588113069534,0.09282860159873962,0.024296874180436134,0.12308629602193832,0.06106077879667282,0.20518013834953308,0.22438658773899078
31,IDN,Indonesia,2021,2.6682887077331543,1.2723453044891357,6.604091644287109,10,-0.9561768174171448,-0.7179772257804871,-0.9402090311050415,-0.7419032454490662,-0.8002218008041382,-0.6865319609642029,-1.1280996799468994,-0.7254964709281921,0.07132943719625473,0.12220919877290726,0.06464652717113495,0.010975588113069534,0.09282860159873962,0.024296874180436134,0.12308629602193832,0.06106077879667282,0.20518013834953308,0.22438658773899078
31,IDN,Indonesia,2022,2.0740978717803955,1.2437560558319092,6.604091644287109,10,-0.9561768174171448,-0.7179772257804871,-0.9402090311050415,-0.7419032454490662,-0.8002218008041382,-0.6865319609642029,-1.1280996799468994,-0.7254964709281921,0.07132943719625473,0.12220919877290726,0.06464652717113495,0.010975588113069534,0.09282860159873962,0.024296874180436134,0.12308629602193832,0.06106077879667282,0.20518013834953308,0.22438658773899078
31,IDN,Indonesia,2023,2.4188666343688965,1.2027678489685059,6.604091644287109,10,-0.9561768174171448,-0.7179772257804871,-0.9402090311050415,-0.7419032454490662,-0.8002218008041382,-0.6865319609642029,-1.1280996799468994,-0.7254964709281921,0.07132943719625473,0.12220919877290726,0.06464652717113495,0.010975588113069534,0.09282860159873962,0.024296874180436134,0.12308629602193832,0.06106077879667282,0.20518013834953308,0.22438658773899078
32,IND,India,2018,0.023883648216724396,-1.6107494831085205,6.57069206237793,10,-0.5800058245658875,-0.8775961995124817,-0.6757107377052307,-0.9068413972854614,-0.8220545053482056,-0.839160144329071,-0.24225223064422607,-0.8867871165275574,0.07265537232160568,0.12404172867536545,0.06556961685419083,0.010936136357486248,0.09244552999734879,0.023875771090388298,0.12525704503059387,0.059383574873209,0.20620273053646088,0.21963250637054443
32,IND,India,2019,-1.7109887599945068,-1.0137083530426025,6.57069206237793,10,-0.5800058245658875,-0.8775961995124817,-0.6757107377052307,-0.9068413972854614,-0.8220545053482056,-0.839160144329071,-0.24225223064422607,-0.8867871165275574,0.07265537232160568,0.12404172867536545,0.06556961685419083,0.010936136357486248,0.09244552999734879,0.023875771090388298,0.12525704503059387,0.059383574873209,0.20620273053646088,0.21963250637054443
32,IND,India,2020,-2.832286834716797,-0.5790174603462219,6.57069206237793,10,-0.5800058245658875,-0.8775961995124817,-0.6757107377052307,-0.9068413972854614,-0.8220545053482056,-0.839160144329071,-0.24225223064422607,-0.8867871165275574,0.07265537232160568,0.12404172867536545,0.06556961685419083,0.010936136357486248,0.09244552999734879,0.023875771090388298,0.12525704503059387,0.059383574873209,0.20620273053646088,0.21963250637054443
32,IND,India,2021,-2.1478464603424072,-0.2847995162010193,6.57069206237793,10,-0.5800058245658875,-0.8775961995124817,-0.6757107377052307,-0.9068413972854614,-0.8220545053482056,-0.839160144329071,-0.24225223064422607,-0.8867871165275574,0.07265537232160568,0.12404172867536545,0.06556961685419083,0.010936136357486248,0.09244552999734879,0.023875771090388298,0.12525704503059387,0.059383574873209,0.20620273053646088,0.21963250637054443
32,IND,India,2022,-2.8932855129241943,-0.11761809140443802,6.57069206237793,10,-0.5800058245658875,-0.8775961995124817,-0.6757107377052307,-0.9068413972854614,-0.8220545053482056,-0.839160144329071,-0.24225223064422607,-0.8867871165275574,0.07265537232160568,0.12404172867536545,0.06556961685419083,0.010936136357486248,0.09244552999734879,0.023875771090388298,0.12525704503059387,0.059383574873209,0.20620273053646088,0.21963250637054443
32,IND,India,2023,-2.182831048965454,-0.008982159197330475,6.57069206237793,10,-0.5800058245658875,-0.8775961995124817,-0.6757107377052307,-0.9068413972854614,-0.8220545053482056,-0.839160144329071,-0.24225223064422607,-0.8867871165275574,0.07265537232160568,0.12404172867536545,0.06556961685419083,0.010936136357486248,0.09244552999734879,0.023875771090388298,0.12525704503059387,0.059383574873209,0.20620273053646088,0.21963250637054443
33,IRL,Ireland,2018,-3.2219769954681396,-0.5097363591194153,6.913760185241699,10,1.125100016593933,1.0890130996704102,0.9071259498596191,1.1253036260604858,1.2676217555999756,1.0413179397583008,1.2005521059036255,1.1004177331924438,0.059466008096933365,0.10443604737520218,0.05608111619949341,0.011665810830891132,0.09606711566448212,0.029290571808815002,0.10174871236085892,0.08014090359210968,0.1899692714214325,0.2711344361305237
33,IRL,Ireland,2019,-3.9652493000030518,-0.5538525581359863,6.913760185241699,10,1.125100016593933,1.0890130996704102,0.9071259498596191,1.1253036260604858,1.2676217555999756,1.0413179397583008,1.2005521059036255,1.1004177331924438,0.059466008096933365,0.10443604737520218,0.05608111619949341,0.011665810830891132,0.09606711566448212,0.029290571808815002,0.10174871236085892,0.08014090359210968,0.1899692714214325,0.2711344361305237
33,IRL,Ireland,2020,-4.2647223472595215,-0.6977152824401855,6.913760185241699,10,1.125100016593933,1.0890130996704102,0.9071259498596191,1.1253036260604858,1.2676217555999756,1.0413179397583008,1.2005521059036255,1.1004177331924438,0.059466008096933365,0.10443604737520218,0.05608111619949341,0.011665810830891132,0.09606711566448212,0.029290571808815002,0.10174871236085892,0.08014090359210968,0.1899692714214325,0.2711344361305237
33,IRL,Ireland,2021,-3.373614549636841,-0.8320784568786621,6.913760185241699,10,1.125100016593933,1.0890130996704102,0.9071259498596191,1.1253036260604858,1.2676217555999756,1.0413179397583008,1.2005521059036255,1.1004177331924438,0.059466008096933365,0.10443604737520218,0.05608111619949341,0.011665810830891132,0.09606711566448212,0.029290571808815002,0.10174871236085892,0.08014090359210968,0.1899692714214325,0.2711344361305237
33,IRL,Ireland,2022,-3.6817150115966797,-0.9766969680786133,6.913760185241699,10,1.125100016593933,1.0890130996704102,0.9071259498596191,1.1253036260604858,1.2676217555999756,1.0413179397583008,1.2005521059036255,1.1004177331924438,0.059466008096933365,0.10443604737520218,0.05608111619949341,0.011665810830891132,0.09606711566448212,0.029290571808815002,0.10174871236085892,0.08014090359210968,0.1899692714214325,0.2711344361305237
33,IRL,Ireland,2023,-4.387845516204834,-1.0840024948120117,6.913760185241699,10,1.125100016593933,1.0890130996704102,0.9071259498596191,1.1253036260604858,1.2676217555999756,1.0413179397583008,1.2005521059036255,1.1004177331924438,0.059466008096933365,0.10443604737520218,0.05608111619949341,0.011665810830891132,0.09606711566448212,0.029290571808815002,0.10174871236085892,0.08014090359210968,0.1899692714214325,0.2711344361305237
34,IRN,Iran,2018,0.18575511872768402,-0.8442291021347046,6.625931262969971,10,-1.425826907157898,-0.6108492016792297,-1.0039883852005005,-0.6312052607536316,-1.918333888053894,-0.5840957760810852,-1.3551583290100098,-0.6172465085983276,0.07046781480312347,0.12100333720445633,0.06404335051774979,0.011004384607076645,0.09307588636875153,0.02458209916949272,0.12165363132953644,0.06219090148806572,0.20445169508457184,0.2275269627571106
34,IRN,Iran,2019,-3.3282368183135986,-0.3266680836677551,6.625931262969971,10,-1.425826907157898,-0.6108492016792297,-1.0039883852005005,-0.6312052607536316,-1.918333888053894,-0.5840957760810852,-1.3551583290100098,-0.6172465085983276,0.07046781480312347,0.12100333720445633,0.06404335051774979,0.011004384607076645,0.09307588636875153,0.02458209916949272,0.12165363132953644,0.06219090148806572,0.20445169508457184,0.2275269627571106
34,IRN,Iran,2020,-1.5740487575531006,-0.2046002447605133,6.625931262969971,10,-1.425826907157898,-0.6108492016792297,-1.0039883852005005,-0.6312052607536316,-1.918333888053894,-0.5840957760810852,-1.3551583290100098,-0.6172465085983276,0.07046781480312347,0.12100333720445633,0.06404335051774979,0.011004384607076645,0.09307588636875153,0.02458209916949272,0.12165363132953644,0.06219090148806572,0.20445169508457184,0.2275269627571106
34,IRN,Iran,2021,0.32263654470443726,-0.2534216642379761,6.625931262969971,10,-1.425826907157898,-0.6108492016792297,-1.0039883852005005,-0.6312052607536316,-1.918333888053894,-0.5840957760810852,-1.3551583290100098,-0.6172465085983276,0.07046781480312347,0.12100333720445633,0.06404335051774979,0.011004384607076645,0.09307588636875153,0.02458209916949272,0.12165363132953644,0.06219090148806572,0.20445169508457184,0.2275269627571106
34,IRN,Iran,2022,0.009564151056110859,-0.2703522741794586,6.625931262969971,10,-1.425826907157898,-0.6108492016792297,-1.0039883852005005,-0.6312052607536316,-1.918333888053894,-0.5840957760810852,-1.3551583290100098,-0.6172465085983276,0.07046781480312347,0.12100333720445633,0.06404335051774979,0.011004384607076645,0.09307588636875153,0.02458209916949272,0.12165363132953644,0.06219090148806572,0.20445169508457184,0.2275269627571106
34,IRN,Iran,2023,-0.9724723696708679,-0.19534650444984436,6.625931262969971,10,-1.425826907157898,-0.6108492016792297,-1.0039883852005005,-0.6312052607536316,-1.918333888053894,-0.5840957760810852,-1.3551583290100098,-0.6172465085983276,0.07046781480312347,0.12100333720445633,0.06404335051774979,0.011004384607076645,0.09307588636875153,0.02458209916949272,0.12165363132953644,0.06219090148806572,0.20445169508457184,0.2275269627571106
35,IRQ,Iraq,2018,1.4125878810882568,-1.3384102582931519,6.572338581085205,10,-2.0568058490753174,-0.8698425889015198,-2.0972113609313965,-0.8988294005393982,-2.079011917114258,-0.8317461013793945,-1.9941946268081665,-0.8789522647857666,0.07258976250886917,0.1239517331123352,0.06552408635616302,0.010937953367829323,0.09246454387903214,0.0238961111754179,0.12515060603618622,0.05946483463048935,0.20615486800670624,0.21986548602581024
35,IRQ,Iraq,2019,1.0280742645263672,-0.815290629863739,6.572338581085205,10,-2.0568058490753174,-0.8698425889015198,-2.0972113609313965,-0.8988294005393982,-2.079011917114258,-0.8317461013793945,-1.9941946268081665,-0.8789522647857666,0.07258976250886917,0.1239517331123352,0.06552408635616302,0.010937953367829323,0.09246454387903214,0.0238961111754179,0.12515060603618622,0.05946483463048935,0.20615486800670624,0.21986548602581024
35,IRQ,Iraq,2020,1.1829884052276611,-0.5063660144805908,6.572338581085205,10,-2.0568058490753174,-0.8698425889015198,-2.0972113609313965,-0.8988294005393982,-2.079011917114258,-0.8317461013793945,-1.9941946268081665,-0.8789522647857666,0.07258976250886917,0.1239517331123352,0.06552408635616302,0.010937953367829323,0.09246454387903214,0.0238961111754179,0.12515060603618622,0.05946483463048935,0.20615486800670624,0.21986548602581024
35,IRQ,Iraq,2021,1.2868479490280151,-0.33920252323150635,6.572338581085205,10,-2.0568058490753174,-0.8698425889015198,-2.0972113609313965,-0.8988294005393982,-2.079011917114258,-0.8317461013793945,-1.9941946268081665,-0.8789522647857666,0.07258976250886917,0.1239517331123352,0.06552408635616302,0.010937953367829323,0.09246454387903214,0.0238961111754179,0.12515060603618622,0.05946483463048935,0.20615486800670624,0.21986548602581024
35,IRQ,Iraq,2022,1.606886863708496,-0.27176433801651,6.572338581085205,10,-2.0568058490753174,-0.8698425889015198,-2.0972113609313965,-0.8988294005393982,-2.079011917114258,-0.8317461013793945,-1.9941946268081665,-0.8789522647857666,0.07258976250886917,0.1239517331123352,0.06552408635616302,0.010937953367829323,0.09246454387903214,0.0238961111754179,0.12515060603618622,0.05946483463048935,0.20615486800670624,0.21986548602581024
35,IRQ,Iraq,2023,1.6270170211791992,-0.25140058994293213,6.572338581085205,10,-2.0568058490753174,-0.8698425889015198,-2.0972113609313965,-0.8988294005393982,-2.079011917114258,-0.8317461013793945,-1.9941946268081665,-0.8789522647857666,0.07258976250886917,0.1239517331123352,0.06552408635616302,0.010937953367829323,0.09246454387903214,0.0238961111754179,0.12515060603618622,0.05946483463048935,0.20615486800670624,0.21986548602581024
36,ISL,Iceland,2018,2.5240752696990967,2.026028871536255,6.892642021179199,10,1.1885734796524048,0.9397652745246887,1.2342337369918823,0.9710822105407715,0.9549963474273682,0.8986067175865173,1.376490592956543,0.9496068954467773,0.060254473239183426,0.10570235550403595,0.05666927620768547,0.011595068499445915,0.09586583077907562,0.02886875346302986,0.10327941924333572,0.07858913391828537,0.1913728266954422,0.2678028643131256
36,ISL,Iceland,2019,2.4789857864379883,2.0288007259368896,6.892642021179199,10,1.1885734796524048,0.9397652745246887,1.2342337369918823,0.9710822105407715,0.9549963474273682,0.8986067175865173,1.376490592956543,0.9496068954467773,0.060254473239183426,0.10570235550403595,0.05666927620768547,0.011595068499445915,0.09586583077907562,0.02886875346302986,0.10327941924333572,0.07858913391828537,0.1913728266954422,0.2678028643131256
36,ISL,Iceland,2020,1.9529410600662231,1.970604419708252,6.892642021179199,10,1.1885734796524048,0.9397652745246887,1.2342337369918823,0.9710822105407715,0.9549963474273682,0.8986067175865173,1.376490592956543,0.9496068954467773,0.060254473239183426,0.10570235550403595,0.05666927620768547,0.011595068499445915,0.09586583077907562,0.02886875346302986,0.10327941924333572,0.07858913391828537,0.1913728266954422,0.2678028643131256
36,ISL,Iceland,2021,1.6373142004013062,1.9151220321655273,6.892642021179199,10,1.1885734796524048,0.9397652745246887,1.2342337369918823,0.9710822105407715,0.9549963474273682,0.8986067175865173,1.376490592956543,0.9496068954467773,0.060254473239183426,0.10570235550403595,0.05666927620768547,0.011595068499445915,0.09586583077907562,0.02886875346302986,0.10327941924333572,0.07858913391828537,0.1913728266954422,0.2678028643131256
36,ISL,Iceland,2022,1.38180673122406,1.867920160293579,6.892642021179199,10,1.1885734796524048,0.9397652745246887,1.2342337369918823,0.9710822105407715,0.9549963474273682,0.8986067175865173,1.376490592956543,0.9496068954467773,0.060254473239183426,0.10570235550403595,0.05666927620768547,0.011595068499445915,0.09586583077907562,0.02886875346302986,0.10327941924333572,0.07858913391828537,0.1913728266954422,0.2678028643131256
36,ISL,Iceland,2023,2.3587470054626465,1.82375967502594,6.892642021179199,10,1.1885734796524048,0.9397652745246887,1.2342337369918823,0.9710822105407715,0.9549963474273682,0.8986067175865173,1.376490592956543,0.9496068954467773,0.060254473239183426,0.10570235550403595,0.05666927620768547,0.011595068499445915,0.09586583077907562,0.02886875346302986,0.10327941924333572,0.07858913391828537,0.1913728266954422,0.2678028643131256
37,ISR,Israel,2018,-6.285995006561279,-0.7404429912567139,6.928969383239746,10,0.6414921283721924,1.1998428106307983,0.9020118117332458,1.2398266792297363,0.48677289485931396,1.1472936868667603,0.5356917977333069,1.212408185005188,0.058899495750665665,0.10351789742708206,0.055656690150499344,0.011719577945768833,0.09621021151542664,0.02960420399904251,0.10063840448856354,0.08128728717565536,0.1889205425977707,0.27354568243026733
37,ISR,Israel,2019,-6.490711212158203,-0.5190102458000183,6.928969383239746,10,0.6414921283721924,1.1998428106307983,0.9020118117332458,1.2398266792297363,0.48677289485931396,1.1472936868667603,0.5356917977333069,1.212408185005188,0.058899495750665665,0.10351789742708206,0.055656690150499344,0.011719577945768833,0.09621021151542664,0.02960420399904251,0.10063840448856354,0.08128728717565536,0.1889205425977707,0.27354568243026733
37,ISR,Israel,2020,-7.341547966003418,-0.5375669002532959,6.928969383239746,10,0.6414921283721924,1.1998428106307983,0.9020118117332458,1.2398266792297363,0.48677289485931396,1.1472936868667603,0.5356917977333069,1.212408185005188,0.058899495750665665,0.10351789742708206,0.055656690150499344,0.011719577945768833,0.09621021151542664,0.02960420399904251,0.10063840448856354,0.08128728717565536,0.1889205425977707,0.27354568243026733
37,ISR,Israel,2021,-8.057387351989746,-0.6590487360954285,6.928969383239746,10,0.6414921283721924,1.1998428106307983,0.9020118117332458,1.2398266792297363,0.48677289485931396,1.1472936868667603,0.5356917977333069,1.212408185005188,0.058899495750665665,0.10351789742708206,0.055656690150499344,0.011719577945768833,0.09621021151542664,0.02960420399904251,0.10063840448856354,0.08128728717565536,0.1889205425977707,0.27354568243026733
37,ISR,Israel,2022,-8.405094146728516,-0.8139985799789429,6.928969383239746,10,0.6414921283721924,1.1998428106307983,0.9020118117332458,1.2398266792297363,0.48677289485931396,1.1472936868667603,0.5356917977333069,1.212408185005188,0.058899495750665665,0.10351789742708206,0.055656690150499344,0.011719577945768833,0.09621021151542664,0.02960420399904251,0.10063840448856354,0.08128728717565536,0.1889205425977707,0.27354568243026733
37,ISR,Israel,2023,-9.675131797790527,-0.959196925163269,6.928969383239746,10,0.6414921283721924,1.1998428106307983,0.9020118117332458,1.2398266792297363,0.48677289485931396,1.1472936868667603,0.5356917977333069,1.212408185005188,0.058899495750665665,0.10351789742708206,0.055656690150499344,0.011719577945768833,0.09621021151542664,0.02960420399904251,0.10063840448856354,0.08128728717565536,0.1889205425977707,0.27354568243026733
38,ITA,Italy,2018,-5.143430233001709,-0.48742055892944336,6.787418365478516,10,0.23468120396137238,0.2640811502933502,0.07437334209680557,0.272881418466568,0.34910762310028076,0.25251537561416626,0.28056269884109497,0.26684659719467163,0.06422168761491776,0.11187954992055893,0.05958563834428787,0.011301933787763119,0.09481855481863022,0.02697301283478737,0.11073051393032074,0.07147570699453354,0.1975114345550537,0.25150197744369507
38,ITA,Italy,2019,-5.74995231628418,-0.5973456501960754,6.787418365478516,10,0.23468120396137238,0.2640811502933502,0.07437334209680557,0.272881418466568,0.34910762310028076,0.25251537561416626,0.28056269884109497,0.26684659719467163,0.06422168761491776,0.11187954992055893,0.05958563834428787,0.011301933787763119,0.09481855481863022,0.02697301283478737,0.11073051393032074,0.07147570699453354,0.1975114345550537,0.25150197744369507
38,ITA,Italy,2020,-6.417283058166504,-0.8428569436073303,6.787418365478516,10,0.23468120396137238,0.2640811502933502,0.07437334209680557,0.272881418466568,0.34910762310028076,0.25251537561416626,0.28056269884109497,0.26684659719467163,0.06422168761491776,0.11187954992055893,0.05958563834428787,0.011301933787763119,0.09481855481863022,0.02697301283478737,0.11073051393032074,0.07147570699453354,0.1975114345550537,0.25150197744369507
38,ITA,Italy,2021,-6.226283073425293,-1.0892030000686646,6.787418365478516,10,0.23468120396137238,0.2640811502933502,0.07437334209680557,0.272881418466568,0.34910762310028076,0.25251537561416626,0.28056269884109497,0.26684659719467163,0.06422168761491776,0.11187954992055893,0.05958563834428787,0.011301933787763119,0.09481855481863022,0.02697301283478737,0.11073051393032074,0.07147570699453354,0.1975114345550537,0.25150197744369507
38,ITA,Italy,2022,-4.716213703155518,-1.2987573146820068,6.787418365478516,10,0.23468120396137238,0.2640811502933502,0.07437334209680557,0.272881418466568,0.34910762310028076,0.25251537561416626,0.28056269884109497,0.26684659719467163,0.06422168761491776,0.11187954992055893,0.05958563834428787,0.011301933787763119,0.09481855481863022,0.02697301283478737,0.11073051393032074,0.07147570699453354,0.1975114345550537,0.25150197744369507
38,ITA,Italy,2023,-6.842550277709961,-1.4642417430877686,6.787418365478516,10,0.23468120396137238,0.2640811502933502,0.07437334209680557,0.272881418466568,0.34910762310028076,0.25251537561416626,0.28056269884109497,0.26684659719467163,0.06422168761491776,0.11187954992055893,0.05958563834428787,0.011301933787763119,0.09481855481863022,0.02697301283478737,0.11073051393032074,0.07147570699453354,0.1975114345550537,0.25150197744369507
39,JPN,Japan,2018,3.7277371883392334,1.127900242805481,6.910250186920166,10,0.7284886837005615,1.0638437271118164,0.8470459580421448,1.0992954969406128,0.45311596989631653,1.017250895500183,0.8853041529655457,1.0749847888946533,0.05959688872098923,0.1046471819281578,0.056178946048021317,0.011653746478259563,0.09603386372327805,0.029219385236501694,0.10200396180152893,0.07987982779741287,0.19020676612854004,0.27057942748069763
39,JPN,Japan,2019,3.204775810241699,1.1817727088928223,6.910250186920166,10,0.7284886837005615,1.0638437271118164,0.8470459580421448,1.0992954969406128,0.45311596989631653,1.017250895500183,0.8853041529655457,1.0749847888946533,0.05959688872098923,0.1046471819281578,0.056178946048021317,0.011653746478259563,0.09603386372327805,0.029219385236501694,0.10200396180152893,0.07987982779741287,0.19020676612854004,0.27057942748069763
39,JPN,Japan,2020,3.1749613285064697,1.1251620054244995,6.910250186920166,10,0.7284886837005615,1.0638437271118164,0.8470459580421448,1.0992954969406128,0.45311596989631653,1.017250895500183,0.8853041529655457,1.0749847888946533,0.05959688872098923,0.1046471819281578,0.056178946048021317,0.011653746478259563,0.09603386372327805,0.029219385236501694,0.10200396180152893,0.07987982779741287,0.19020676612854004,0.27057942748069763
39,JPN,Japan,2021,2.640718698501587,1.1100882291793823,6.910250186920166,10,0.7284886837005615,1.0638437271118164,0.8470459580421448,1.0992954969406128,0.45311596989631653,1.017250895500183,0.8853041529655457,1.0749847888946533,0.05959688872098923,0.1046471819281578,0.056178946048021317,0.011653746478259563,0.09603386372327805,0.029219385236501694,0.10200396180152893,0.07987982779741287,0.19020676612854004,0.27057942748069763
39,JPN,Japan,2022,2.846599578857422,1.0953083038330078,6.910250186920166,10,0.7284886837005615,1.0638437271118164,0.8470459580421448,1.0992954969406128,0.45311596989631653,1.017250895500183,0.8853041529655457,1.0749847888946533,0.05959688872098923,0.1046471819281578,0.056178946048021317,0.011653746478259563,0.09603386372327805,0.029219385236501694,0.10200396180152893,0.07987982779741287,0.19020676612854004,0.27057942748069763
39,JPN,Japan,2023,1.7527316808700562,1.080843210220337,6.910250186920166,10,0.7284886837005615,1.0638437271118164,0.8470459580421448,1.0992954969406128,0.45311596989631653,1.017250895500183,0.8853041529655457,1.0749847888946533,0.05959688872098923,0.1046471819281578,0.056178946048021317,0.011653746478259563,0.09603386372327805,0.029219385236501694,0.10200396180152893,0.07987982779741287,0.19020676612854004,0.27057942748069763
40,KAZ,Kazakhstan,2018,1.5828030109405518,0.18060988187789917,6.591792106628418,10,-1.2722676992416382,-0.7773316502571106,-1.3743125200271606,-0.803235650062561,-1.0817227363586426,-0.7432869076728821,-1.3607680797576904,-0.7854725122451782,0.07181655615568161,0.12288565188646317,0.06498635560274124,0.010960424318909645,0.09268821775913239,0.024139728397130966,0.1238885149359703,0.060436099767684937,0.20556946098804474,0.22262899577617645
40,KAZ,Kazakhstan,2019,1.5101414918899536,0.5246358513832092,6.591792106628418,10,-1.2722676992416382,-0.7773316502571106,-1.3743125200271606,-0.803235650062561,-1.0817227363586426,-0.7432869076728821,-1.3607680797576904,-0.7854725122451782,0.07181655615568161,0.12288565188646317,0.06498635560274124,0.010960424318909645,0.09268821775913239,0.024139728397130966,0.1238885149359703,0.060436099767684937,0.20556946098804474,0.22262899577617645
40,KAZ,Kazakhstan,2020,1.363572597503662,0.5764598846435547,6.591792106628418,10,-1.2722676992416382,-0.7773316502571106,-1.3743125200271606,-0.803235650062561,-1.0817227363586426,-0.7432869076728821,-1.3607680797576904,-0.7854725122451782,0.07181655615568161,0.12288565188646317,0.06498635560274124,0.010960424318909645,0.09268821775913239,0.024139728397130966,0.1238885149359703,0.060436099767684937,0.20556946098804474,0.22262899577617645
40,KAZ,Kazakhstan,2021,1.2543725967407227,0.573758602142334,6.591792106628418,10,-1.2722676992416382,-0.7773316502571106,-1.3743125200271606,-0.803235650062561,-1.0817227363586426,-0.7432869076728821,-1.3607680797576904,-0.7854725122451782,0.07181655615568161,0.12288565188646317,0.06498635560274124,0.010960424318909645,0.09268821775913239,0.024139728397130966,0.1238885149359703,0.060436099767684937,0.20556946098804474,0.22262899577617645
40,KAZ,Kazakhstan,2022,1.1613658666610718,0.4622334837913513,6.591792106628418,10,-1.2722676992416382,-0.7773316502571106,-1.3743125200271606,-0.803235650062561,-1.0817227363586426,-0.7432869076728821,-1.3607680797576904,-0.7854725122451782,0.07181655615568161,0.12288565188646317,0.06498635560274124,0.010960424318909645,0.09268821775913239,0.024139728397130966,0.1238885149359703,0.060436099767684937,0.20556946098804474,0.22262899577617645
40,KAZ,Kazakhstan,2023,0.9807498455047607,0.3672504723072052,6.591792106628418,10,-1.2722676992416382,-0.7773316502571106,-1.3743125200271606,-0.803235650062561,-1.0817227363586426,-0.7432869076728821,-1.3607680797576904,-0.7854725122451782,0.07181655615568161,0.12288565188646317,0.06498635560274124,0.010960424318909645,0.09268821775913239,0.024139728397130966,0.1238885149359703,0.060436099767684937,0.20556946098804474,0.22262899577617645
41,KOR,South Korea,2018,3.200753688812256,0.9048336744308472,6.889796257019043,10,0.34772443771362305,0.9200417399406433,0.4346860945224762,0.9507014155387878,0.1522836983203888,0.8797469735145569,0.45620352029800415,0.9296768307685852,0.06036091223359108,0.10587230324745178,0.05674845352768898,0.011585867963731289,0.09583844244480133,0.028813064098358154,0.10348477959632874,0.07838340103626251,0.19155745208263397,0.267355352640152
41,KOR,South Korea,2019,1.7671101093292236,1.2347462177276611,6.889796257019043,10,0.34772443771362305,0.9200417399406433,0.4346860945224762,0.9507014155387878,0.1522836983203888,0.8797469735145569,0.45620352029800415,0.9296768307685852,0.06036091223359108,0.10587230324745178,0.05674845352768898,0.011585867963731289,0.09583844244480133,0.028813064098358154,0.10348477959632874,0.07838340103626251,0.19155745208263397,0.267355352640152
41,KOR,South Korea,2020,-0.8152863383293152,1.3773458003997803,6.889796257019043,10,0.34772443771362305,0.9200417399406433,0.4346860945224762,0.9507014155387878,0.1522836983203888,0.8797469735145569,0.45620352029800415,0.9296768307685852,0.06036091223359108,0.10587230324745178,0.05674845352768898,0.011585867963731289,0.09583844244480133,0.028813064098358154,0.10348477959632874,0.07838340103626251,0.19155745208263397,0.267355352640152
41,KOR,South Korea,2021,-0.6951596140861511,1.4509851932525635,6.889796257019043,10,0.34772443771362305,0.9200417399406433,0.4346860945224762,0.9507014155387878,0.1522836983203888,0.8797469735145569,0.45620352029800415,0.9296768307685852,0.06036091223359108,0.10587230324745178,0.05674845352768898,0.011585867963731289,0.09583844244480133,0.028813064098358154,0.10348477959632874,0.07838340103626251,0.19155745208263397,0.267355352640152
41,KOR,South Korea,2022,-2.0999202728271484,1.485249638557434,6.889796257019043,10,0.34772443771362305,0.9200417399406433,0.4346860945224762,0.9507014155387878,0.1522836983203888,0.8797469735145569,0.45620352029800415,0.9296768307685852,0.06036091223359108,0.10587230324745178,0.05674845352768898,0.011585867963731289,0.09583844244480133,0.028813064098358154,0.10348477959632874,0.07838340103626251,0.19155745208263397,0.267355352640152
41,KOR,South Korea,2023,-2.8068954944610596,1.5026140213012695,6.889796257019043,10,0.34772443771362305,0.9200417399406433,0.4346860945224762,0.9507014155387878,0.1522836983203888,0.8797469735145569,0.45620352029800415,0.9296768307685852,0.06036091223359108,0.10587230324745178,0.05674845352768898,0.011585867963731289,0.09583844244480133,0.028813064098358154,0.10348477959632874,0.07838340103626251,0.19155745208263397,0.267355352640152
42,KWT,Kuwait,2018,-6.3546881675720215,-0.18072625994682312,6.508981704711914,10,-0.23261572420597076,-1.1604385375976562,-0.458217591047287,-1.1991091966629028,-0.3800378143787384,-1.1096148490905762,0.1404082179069519,-1.1725915670394897,0.0751328244805336,0.12739235162734985,0.06727810949087143,0.010876965709030628,0.09172248840332031,0.023141948506236076,0.12920422852039337,0.05643664672970772,0.20781001448631287,0.21100443601608276
42,KWT,Kuwait,2019,-7.2538886070251465,-0.3708541989326477,6.508981704711914,10,-0.23261572420597076,-1.1604385375976562,-0.458217591047287,-1.1991091966629028,-0.3800378143787384,-1.1096148490905762,0.1404082179069519,-1.1725915670394897,0.0751328244805336,0.12739235162734985,0.06727810949087143,0.010876965709030628,0.09172248840332031,0.023141948506236076,0.12920422852039337,0.05643664672970772,0.20781001448631287,0.21100443601608276
42,KWT,Kuwait,2020,-6.158499240875244,-0.6104961037635803,6.508981704711914,10,-0.23261572420597076,-1.1604385375976562,-0.458217591047287,-1.1991091966629028,-0.3800378143787384,-1.1096148490905762,0.1404082179069519,-1.1725915670394897,0.0751328244805336,0.12739235162734985,0.06727810949087143,0.010876965709030628,0.09172248840332031,0.023141948506236076,0.12920422852039337,0.05643664672970772,0.20781001448631287,0.21100443601608276
42,KWT,Kuwait,2021,-7.0740485191345215,-0.8587018251419067,6.508981704711914,10,-0.23261572420597076,-1.1604385375976562,-0.458217591047287,-1.1991091966629028,-0.3800378143787384,-1.1096148490905762,0.1404082179069519,-1.1725915670394897,0.0751328244805336,0.12739235162734985,0.06727810949087143,0.010876965709030628,0.09172248840332031,0.023141948506236076,0.12920422852039337,0.05643664672970772,0.20781001448631287,0.21100443601608276
42,KWT,Kuwait,2022,-27.902793884277344,-1.0830947160720825,6.508981704711914,10,-0.23261572420597076,-1.1604385375976562,-0.458217591047287,-1.1991091966629028,-0.3800378143787384,-1.1096148490905762,0.1404082179069519,-1.1725915670394897,0.0751328244805336,0.12739235162734985,0.06727810949087143,0.010876965709030628,0.09172248840332031,0.023141948506236076,0.12920422852039337,0.05643664672970772,0.20781001448631287,0.21100443601608276
42,KWT,Kuwait,2023,-27.870094299316406,-1.2681066989898682,6.508981704711914,10,-0.23261572420597076,-1.1604385375976562,-0.458217591047287,-1.1991091966629028,-0.3800378143787384,-1.1096148490905762,0.1404082179069519,-1.1725915670394897,0.0751328244805336,0.12739235162734985,0.06727810949087143,0.010876965709030628,0.09172248840332031,0.023141948506236076,0.12920422852039337,0.05643664672970772,0.20781001448631287,0.21100443601608276
43,LKA,Sri Lanka,2018,2.3601856231689453,-0.7542882561683655,6.565779685974121,10,-0.550111711025238,-0.9006659984588623,-0.720518171787262,-0.930679976940155,-0.5627866387367249,-0.8612195253372192,-0.36703041195869446,-0.9100984930992126,0.07285126298666,0.12431009858846664,0.06570546329021454,0.010930786840617657,0.09238869696855545,0.023815302178263664,0.1255742758512497,0.059141919016838074,0.20634393393993378,0.21893826127052307
43,LKA,Sri Lanka,2019,4.711722373962402,-0.19922682642936707,6.565779685974121,10,-0.550111711025238,-0.9006659984588623,-0.720518171787262,-0.930679976940155,-0.5627866387367249,-0.8612195253372192,-0.36703041195869446,-0.9100984930992126,0.07285126298666,0.12431009858846664,0.06570546329021454,0.010930786840617657,0.09238869696855545,0.023815302178263664,0.1255742758512497,0.059141919016838074,0.20634393393993378,0.21893826127052307
43,LKA,Sri Lanka,2020,4.523720741271973,0.0808841660618782,6.565779685974121,10,-0.550111711025238,-0.9006659984588623,-0.720518171787262,-0.930679976940155,-0.5627866387367249,-0.8612195253372192,-0.36703041195869446,-0.9100984930992126,0.07285126298666,0.12431009858846664,0.06570546329021454,0.010930786840617657,0.09238869696855545,0.023815302178263664,0.1255742758512497,0.059141919016838074,0.20634393393993378,0.21893826127052307
43,LKA,Sri Lanka,2021,1.3256715536117554,-0.01295112818479538,6.565779685974121,10,-0.550111711025238,-0.9006659984588623,-0.720518171787262,-0.930679976940155,-0.5627866387367249,-0.8612195253372192,-0.36703041195869446,-0.9100984930992126,0.07285126298666,0.12431009858846664,0.06570546329021454,0.010930786840617657,0.09238869696855545,0.023815302178263664,0.1255742758512497,0.059141919016838074,0.20634393393993378,0.21893826127052307
43,LKA,Sri Lanka,2022,4.413687705993652,0.12486282736063004,6.565779685974121,10,-0.550111711025238,-0.9006659984588623,-0.720518171787262,-0.930679976940155,-0.5627866387367249,-0.8612195253372192,-0.36703041195869446,-0.9100984930992126,0.07285126298666,0.12431009858846664,0.06570546329021454,0.010930786840617657,0.09238869696855545,0.023815302178263664,0.1255742758512497,0.059141919016838074,0.20634393393993378,0.21893826127052307
43,LKA,Sri Lanka,2023,4.413687705993652,0.13933032751083374,6.565779685974121,10,-0.550111711025238,-0.9006659984588623,-0.720518171787262,-0.930679976940155,-0.5627866387367249,-0.8612195253372192,-0.36703041195869446,-0.9100984930992126,0.07285126298666,0.12431009858846664,0.06570546329021454,0.010930786840617657,0.09238869696855545,0.023815302178263664,0.1255742758512497,0.059141919016838074,0.20634393393993378,0.21893826127052307
44,LTU,Lithuania,2018,0.5927717685699463,0.47821688652038574,6.660552024841309,10,0.11791292577981949,-0.43619289994239807,-0.0774189680814743,-0.4507286846637726,0.3881412148475647,-0.41708889603614807,0.043016545474529266,-0.44076111912727356,0.06911038607358932,0.11907906830310822,0.06308763474225998,0.011055138893425465,0.09346255660057068,0.025051239877939224,0.11936098337173462,0.06403939425945282,0.2031976878643036,0.23255586624145508
44,LTU,Lithuania,2019,0.5042790174484253,0.9665968418121338,6.660552024841309,10,0.11791292577981949,-0.43619289994239807,-0.0774189680814743,-0.4507286846637726,0.3881412148475647,-0.41708889603614807,0.043016545474529266,-0.44076111912727356,0.06911038607358932,0.11907906830310822,0.06308763474225998,0.011055138893425465,0.09346255660057068,0.025051239877939224,0.11936098337173462,0.06403939425945282,0.2031976878643036,0.23255586624145508
44,LTU,Lithuania,2020,1.2348809242248535,1.2010438442230225,6.660552024841309,10,0.11791292577981949,-0.43619289994239807,-0.0774189680814743,-0.4507286846637726,0.3881412148475647,-0.41708889603614807,0.043016545474529266,-0.44076111912727356,0.06911038607358932,0.11907906830310822,0.06308763474225998,0.011055138893425465,0.09346255660057068,0.025051239877939224,0.11936098337173462,0.06403939425945282,0.2031976878643036,0.23255586624145508
44,LTU,Lithuania,2021,1.103811502456665,1.3376169204711914,6.660552024841309,10,0.11791292577981949,-0.43619289994239807,-0.0774189680814743,-0.4507286846637726,0.3881412148475647,-0.41708889603614807,0.043016545474529266,-0.44076111912727356,0.06911038607358932,0.11907906830310822,0.06308763474225998,0.011055138893425465,0.09346255660057068,0.025051239877939224,0.11936098337173462,0.06403939425945282,0.2031976878643036,0.23255586624145508
44,LTU,Lithuania,2022,0.6238992810249329,1.40088951587677,6.660552024841309,10,0.11791292577981949,-0.43619289994239807,-0.0774189680814743,-0.4507286846637726,0.3881412148475647,-0.41708889603614807,0.043016545474529266,-0.44076111912727356,0.06911038607358932,0.11907906830310822,0.06308763474225998,0.011055138893425465,0.09346255660057068,0.025051239877939224,0.11936098337173462,0.06403939425945282,0.2031976878643036,0.23255586624145508
44,LTU,Lithuania,2023,-0.08893253654241562,1.427405834197998,6.660552024841309,10,0.11791292577981949,-0.43619289994239807,-0.0774189680814743,-0.4507286846637726,0.3881412148475647,-0.41708889603614807,0.043016545474529266,-0.44076111912727356,0.06911038607358932,0.11907906830310822,0.06308763474225998,0.011055138893425465,0.09346255660057068,0.025051239877939224,0.11936098337173462,0.06403939425945282,0.2031976878643036,0.23255586624145508
45,LUX,Luxembourg,2018,-2.6616039276123047,1.06279456615448,6.9041852951049805,10,1.3627294301986694,1.0206952095031738,1.4299343824386597,1.0547090768814087,1.3163741827011108,0.9759922027587891,1.3418793678283691,1.0313843488693237,0.059823207557201385,0.10501139611005783,0.05634794011712074,0.011633183807134628,0.09597621858119965,0.029097387567162514,0.10244429856538773,0.07943166792392731,0.19061316549777985,0.26962152123451233
45,LUX,Luxembourg,2019,-3.0985145568847656,0.8417739272117615,6.9041852951049805,10,1.3627294301986694,1.0206952095031738,1.4299343824386597,1.0547090768814087,1.3163741827011108,0.9759922027587891,1.3418793678283691,1.0313843488693237,0.059823207557201385,0.10501139611005783,0.05634794011712074,0.011633183807134628,0.09597621858119965,0.029097387567162514,0.10244429856538773,0.07943166792392731,0.19061316549777985,0.26962152123451233
45,LUX,Luxembourg,2020,-3.1957318782806396,0.6012966632843018,6.9041852951049805,10,1.3627294301986694,1.0206952095031738,1.4299343824386597,1.0547090768814087,1.3163741827011108,0.9759922027587891,1.3418793678283691,1.0313843488693237,0.059823207557201385,0.10501139611005783,0.05634794011712074,0.011633183807134628,0.09597621858119965,0.029097387567162514,0.10244429856538773,0.07943166792392731,0.19061316549777985,0.26962152123451233
45,LUX,Luxembourg,2021,-3.2258713245391846,0.37635621428489685,6.9041852951049805,10,1.3627294301986694,1.0206952095031738,1.4299343824386597,1.0547090768814087,1.3163741827011108,0.9759922027587891,1.3418793678283691,1.0313843488693237,0.059823207557201385,0.10501139611005783,0.05634794011712074,0.011633183807134628,0.09597621858119965,0.029097387567162514,0.10244429856538773,0.07943166792392731,0.19061316549777985,0.26962152123451233
45,LUX,Luxembourg,2022,-3.72668719291687,0.1893104910850525,6.9041852951049805,10,1.3627294301986694,1.0206952095031738,1.4299343824386597,1.0547090768814087,1.3163741827011108,0.9759922027587891,1.3418793678283691,1.0313843488693237,0.059823207557201385,0.10501139611005783,0.05634794011712074,0.011633183807134628,0.09597621858119965,0.029097387567162514,0.10244429856538773,0.07943166792392731,0.19061316549777985,0.26962152123451233
45,LUX,Luxembourg,2023,-4.158839225769043,0.04791370779275894,6.9041852951049805,10,1.3627294301986694,1.0206952095031738,1.4299343824386597,1.0547090768814087,1.3163741827011108,0.9759922027587891,1.3418793678283691,1.0313843488693237,0.059823207557201385,0.10501139611005783,0.05634794011712074,0.011633183807134628,0.09597621858119965,0.029097387567162514,0.10244429856538773,0.07943166792392731,0.19061316549777985,0.26962152123451233
46,LVA,Latvia,2018,2.136277437210083,0.11701703816652298,6.603023529052734,10,0.05672547221183777,-0.723158061504364,-0.19147229194641113,-0.7472567558288574,0.368137001991272,-0.6914858818054199,-0.006488294806331396,-0.7307316064834595,0.07137168198823929,0.12226799875497818,0.06467602401971817,0.010974242351949215,0.09281643480062485,0.02428313158452511,0.12315606325864792,0.061006199568510056,0.20521457493305206,0.22423362731933594
46,LVA,Latvia,2019,2.451484441757202,0.42568230628967285,6.603023529052734,10,0.05672547221183777,-0.723158061504364,-0.19147229194641113,-0.7472567558288574,0.368137001991272,-0.6914858818054199,-0.006488294806331396,-0.7307316064834595,0.07137168198823929,0.12226799875497818,0.06467602401971817,0.010974242351949215,0.09281643480062485,0.02428313158452511,0.12315606325864792,0.061006199568510056,0.20521457493305206,0.22423362731933594
46,LVA,Latvia,2020,0.5582294464111328,0.5358604788780212,6.603023529052734,10,0.05672547221183777,-0.723158061504364,-0.19147229194641113,-0.7472567558288574,0.368137001991272,-0.6914858818054199,-0.006488294806331396,-0.7307316064834595,0.07137168198823929,0.12226799875497818,0.06467602401971817,0.010974242351949215,0.09281643480062485,0.02428313158452511,0.12315606325864792,0.061006199568510056,0.20521457493305206,0.22423362731933594
46,LVA,Latvia,2021,0.538101315498352,0.6051861047744751,6.603023529052734,10,0.05672547221183777,-0.723158061504364,-0.19147229194641113,-0.7472567558288574,0.368137001991272,-0.6914858818054199,-0.006488294806331396,-0.7307316064834595,0.07137168198823929,0.12226799875497818,0.06467602401971817,0.010974242351949215,0.09281643480062485,0.02428313158452511,0.12315606325864792,0.061006199568510056,0.20521457493305206,0.22423362731933594
46,LVA,Latvia,2022,-1.1075773239135742,0.6606916189193726,6.603023529052734,10,0.05672547221183777,-0.723158061504364,-0.19147229194641113,-0.7472567558288574,0.368137001991272,-0.6914858818054199,-0.006488294806331396,-0.7307316064834595,0.07137168198823929,0.12226799875497818,0.06467602401971817,0.010974242351949215,0.09281643480062485,0.02428313158452511,0.12315606325864792,0.061006199568510056,0.20521457493305206,0.22423362731933594
46,LVA,Latvia,2023,-1.7468478679656982,0.6584347486495972,6.603023529052734,10,0.05672547221183777,-0.723158061504364,-0.19147229194641113,-0.7472567558288574,0.368137001991272,-0.6914858818054199,-0.006488294806331396,-0.7307316064834595,0.07137168198823929,0.12226799875497818,0.06467602401971817,0.010974242351949215,0.09281643480062485,0.02428313158452511,0.12315606325864792,0.061006199568510056,0.20521457493305206,0.22423362731933594
47,MAR,Morocco,2018,-2.0527760982513428,-1.1768262386322021,6.594991683959961,10,-0.5677001476287842,-0.7619569301605225,-0.5921026468276978,-0.7873485088348389,-0.603592574596405,-0.728585422039032,-0.5074053406715393,-0.769936740398407,0.07168968766927719,0.12270984053611755,0.06489793211221695,0.01096429768949747,0.09272480010986328,0.024180369451642036,0.12368012964725494,0.060597799718379974,0.20546960830688477,0.22308549284934998
47,MAR,Morocco,2019,-1.840488076210022,-0.5889503955841064,6.594991683959961,10,-0.5677001476287842,-0.7619569301605225,-0.5921026468276978,-0.7873485088348389,-0.603592574596405,-0.728585422039032,-0.5074053406715393,-0.769936740398407,0.07168968766927719,0.12270984053611755,0.06489793211221695,0.01096429768949747,0.09272480010986328,0.024180369451642036,0.12368012964725494,0.060597799718379974,0.20546960830688477,0.22308549284934998
47,MAR,Morocco,2020,-1.5523828268051147,-0.3540699779987335,6.594991683959961,10,-0.5677001476287842,-0.7619569301605225,-0.5921026468276978,-0.7873485088348389,-0.603592574596405,-0.728585422039032,-0.5074053406715393,-0.769936740398407,0.07168968766927719,0.12270984053611755,0.06489793211221695,0.01096429768949747,0.09272480010986328,0.024180369451642036,0.12368012964725494,0.060597799718379974,0.20546960830688477,0.22308549284934998
47,MAR,Morocco,2021,-1.670159101486206,-0.3898769021034241,6.594991683959961,10,-0.5677001476287842,-0.7619569301605225,-0.5921026468276978,-0.7873485088348389,-0.603592574596405,-0.728585422039032,-0.5074053406715393,-0.769936740398407,0.07168968766927719,0.12270984053611755,0.06489793211221695,0.01096429768949747,0.09272480010986328,0.024180369451642036,0.12368012964725494,0.060597799718379974,0.20546960830688477,0.22308549284934998
47,MAR,Morocco,2022,-1.1988462209701538,-0.32472363114356995,6.594991683959961,10,-0.5677001476287842,-0.7619569301605225,-0.5921026468276978,-0.7873485088348389,-0.603592574596405,-0.728585422039032,-0.5074053406715393,-0.769936740398407,0.07168968766927719,0.12270984053611755,0.06489793211221695,0.01096429768949747,0.09272480010986328,0.024180369451642036,0.12368012964725494,0.060597799718379974,0.20546960830688477,0.22308549284934998
47,MAR,Morocco,2023,-2.160374164581299,-0.22532597184181213,6.594991683959961,10,-0.5677001476287842,-0.7619569301605225,-0.5921026468276978,-0.7873485088348389,-0.603592574596405,-0.728585422039032,-0.5074053406715393,-0.769936740398407,0.07168968766927719,0.12270984053611755,0.06489793211221695,0.01096429768949747,0.09272480010986328,0.024180369451642036,0.12368012964725494,0.060597799718379974,0.20546960830688477,0.22308549284934998
48,MEX,Mexico,2018,-1.2096426486968994,0.03286547213792801,6.541657447814941,10,-0.4911726713180542,-1.0125216245651245,-0.5113726854324341,-1.0462630987167358,-0.13761571049690247,-0.9681762456893921,-0.8245296478271484,-1.0231255292892456,0.0738164409995079,0.12562377750873566,0.06637291610240936,0.010906144976615906,0.09210777282714844,0.02352365106344223,0.12712442874908447,0.057973314076662064,0.2070038616657257,0.21554771065711975
48,MEX,Mexico,2019,-1.0846872329711914,0.33472082018852234,6.541657447814941,10,-0.4911726713180542,-1.0125216245651245,-0.5113726854324341,-1.0462630987167358,-0.13761571049690247,-0.9681762456893921,-0.8245296478271484,-1.0231255292892456,0.0738164409995079,0.12562377750873566,0.06637291610240936,0.010906144976615906,0.09210777282714844,0.02352365106344223,0.12712442874908447,0.057973314076662064,0.2070038616657257,0.21554771065711975
48,MEX,Mexico,2020,-3.962113618850708,0.4119124412536621,6.541657447814941,10,-0.4911726713180542,-1.0125216245651245,-0.5113726854324341,-1.0462630987167358,-0.13761571049690247,-0.9681762456893921,-0.8245296478271484,-1.0231255292892456,0.0738164409995079,0.12562377750873566,0.06637291610240936,0.010906144976615906,0.09210777282714844,0.02352365106344223,0.12712442874908447,0.057973314076662064,0.2070038616657257,0.21554771065711975
48,MEX,Mexico,2021,-5.881318092346191,0.37536075711250305,6.541657447814941,10,-0.4911726713180542,-1.0125216245651245,-0.5113726854324341,-1.0462630987167358,-0.13761571049690247,-0.9681762456893921,-0.8245296478271484,-1.0231255292892456,0.0738164409995079,0.12562377750873566,0.06637291610240936,0.010906144976615906,0.09210777282714844,0.02352365106344223,0.12712442874908447,0.057973314076662064,0.2070038616657257,0.21554771065711975
48,MEX,Mexico,2022,-5.320054531097412,0.2903684377670288,6.541657447814941,10,-0.4911726713180542,-1.0125216245651245,-0.5113726854324341,-1.0462630987167358,-0.13761571049690247,-0.9681762456893921,-0.8245296478271484,-1.0231255292892456,0.0738164409995079,0.12562377750873566,0.06637291610240936,0.010906144976615906,0.09210777282714844,0.02352365106344223,0.12712442874908447,0.057973314076662064,0.2070038616657257,0.21554771065711975
48,MEX,Mexico,2023,-3.6169328689575195,0.24815571308135986,6.541657447814941,10,-0.4911726713180542,-1.0125216245651245,-0.5113726854324341,-1.0462630987167358,-0.13761571049690247,-0.9681762456893921,-0.8245296478271484,-1.0231255292892456,0.0738164409995079,0.12562377750873566,0.06637291610240936,0.010906144976615906,0.09210777282714844,0.02352365106344223,0.12712442874908447,0.057973314076662064,0.2070038616657257,0.21554771065711975
49,MKD,North Macedonia,2018,-4.225182056427002,-0.2875445485115051,6.589935302734375,10,-0.8401430249214172,-0.7862294316291809,-0.9831662178039551,-0.8124299049377441,-0.6911687254905701,-0.7517949342727661,-0.8460942506790161,-0.7944634556770325,0.07189016044139862,0.12298756092786789,0.06503765285015106,0.010958203114569187,0.09266696125268936,0.02411622926592827,0.12400926649570465,0.06034254655241966,0.20562689006328583,0.22236450016498566
49,MKD,North Macedonia,2019,-2.3085620403289795,0.10055584460496902,6.589935302734375,10,-0.8401430249214172,-0.7862294316291809,-0.9831662178039551,-0.8124299049377441,-0.6911687254905701,-0.7517949342727661,-0.8460942506790161,-0.7944634556770325,0.07189016044139862,0.12298756092786789,0.06503765285015106,0.010958203114569187,0.09266696125268936,0.02411622926592827,0.12400926649570465,0.06034254655241966,0.20562689006328583,0.22236450016498566
49,MKD,North Macedonia,2020,-3.7089016437530518,0.1577824354171753,6.589935302734375,10,-0.8401430249214172,-0.7862294316291809,-0.9831662178039551,-0.8124299049377441,-0.6911687254905701,-0.7517949342727661,-0.8460942506790161,-0.7944634556770325,0.07189016044139862,0.12298756092786789,0.06503765285015106,0.010958203114569187,0.09266696125268936,0.02411622926592827,0.12400926649570465,0.06034254655241966,0.20562689006328583,0.22236450016498566
49,MKD,North Macedonia,2021,-4.82833194732666,-0.19891977310180664,6.589935302734375,10,-0.8401430249214172,-0.7862294316291809,-0.9831662178039551,-0.8124299049377441,-0.6911687254905701,-0.7517949342727661,-0.8460942506790161,-0.7944634556770325,0.07189016044139862,0.12298756092786789,0.06503765285015106,0.010958203114569187,0.09266696125268936,0.02411622926592827,0.12400926649570465,0.06034254655241966,0.20562689006328583,0.22236450016498566
49,MKD,North Macedonia,2022,-3.69097900390625,-0.3830367922782898,6.589935302734375,10,-0.8401430249214172,-0.7862294316291809,-0.9831662178039551,-0.8124299049377441,-0.6911687254905701,-0.7517949342727661,-0.8460942506790161,-0.7944634556770325,0.07189016044139862,0.12298756092786789,0.06503765285015106,0.010958203114569187,0.09266696125268936,0.02411622926592827,0.12400926649570465,0.06034254655241966,0.20562689006328583,0.22236450016498566
49,MKD,North Macedonia,2023,-4.7387189865112305,-0.4319910407066345,6.589935302734375,10,-0.8401430249214172,-0.7862294316291809,-0.9831662178039551,-0.8124299049377441,-0.6911687254905701,-0.7517949342727661,-0.8460942506790161,-0.7944634556770325,0.07189016044139862,0.12298756092786789,0.06503765285015106,0.010958203114569187,0.09266696125268936,0.02411622926592827,0.12400926649570465,0.06034254655241966,0.20562689006328583,0.22236450016498566
50,MYS,Malaysia,2018,0.02772342786192894,0.7060607671737671,6.779240608215332,10,0.11615476757287979,0.21562433242797852,0.3967877924442291,0.22280985116958618,0.08836042881011963,0.20618084073066711,-0.1366838961839676,0.21788232028484344,0.0645330622792244,0.11235126107931137,0.05981161445379257,0.011282814666628838,0.09473413974046707,0.026838313788175583,0.11129806190729141,0.07096175849437714,0.1979321837425232,0.25025680661201477
50,MYS,Malaysia,2019,-0.08382336795330048,1.0773141384124756,6.779240608215332,10,0.11615476757287979,0.21562433242797852,0.3967877924442291,0.22280985116958618,0.08836042881011963,0.20618084073066711,-0.1366838961839676,0.21788232028484344,0.0645330622792244,0.11235126107931137,0.05981161445379257,0.011282814666628838,0.09473413974046707,0.026838313788175583,0.11129806190729141,0.07096175849437714,0.1979321837425232,0.25025680661201477
50,MYS,Malaysia,2020,0.11602042615413666,1.2516173124313354,6.779240608215332,10,0.11615476757287979,0.21562433242797852,0.3967877924442291,0.22280985116958618,0.08836042881011963,0.20618084073066711,-0.1366838961839676,0.21788232028484344,0.0645330622792244,0.11235126107931137,0.05981161445379257,0.011282814666628838,0.09473413974046707,0.026838313788175583,0.11129806190729141,0.07096175849437714,0.1979321837425232,0.25025680661201477
50,MYS,Malaysia,2021,-0.4654858112335205,1.3439216613769531,6.779240608215332,10,0.11615476757287979,0.21562433242797852,0.3967877924442291,0.22280985116958618,0.08836042881011963,0.20618084073066711,-0.1366838961839676,0.21788232028484344,0.0645330622792244,0.11235126107931137,0.05981161445379257,0.011282814666628838,0.09473413974046707,0.026838313788175583,0.11129806190729141,0.07096175849437714,0.1979321837425232,0.25025680661201477
50,MYS,Malaysia,2022,-0.6587987542152405,1.394891619682312,6.779240608215332,10,0.11615476757287979,0.21562433242797852,0.3967877924442291,0.22280985116958618,0.08836042881011963,0.20618084073066711,-0.1366838961839676,0.21788232028484344,0.0645330622792244,0.11235126107931137,0.05981161445379257,0.011282814666628838,0.09473413974046707,0.026838313788175583,0.11129806190729141,0.07096175849437714,0.1979321837425232,0.25025680661201477
50,MYS,Malaysia,2023,-0.5584850311279297,1.4190211296081543,6.779240608215332,10,0.11615476757287979,0.21562433242797852,0.3967877924442291,0.22280985116958618,0.08836042881011963,0.20618084073066711,-0.1366838961839676,0.21788232028484344,0.0645330622792244,0.11235126107931137,0.05981161445379257,0.011282814666628838,0.09473413974046707,0.026838313788175583,0.11129806190729141,0.07096175849437714,0.1979321837425232,0.25025680661201477
51,NLD,Netherlands,2018,-2.012981653213501,-0.47355368733406067,6.905177116394043,10,1.3984497785568237,1.0277189016342163,1.432983160018921,1.061966896057129,1.4087532758712769,0.9827082753181458,1.3536127805709839,1.0384817123413086,0.05978620797395706,0.10495193302631378,0.05632032826542854,0.0116365235298872,0.09598565846681595,0.029117248952388763,0.10237240046262741,0.07950466871261597,0.19054707884788513,0.2697780132293701
51,NLD,Netherlands,2019,-4.107210636138916,-0.4102017879486084,6.905177116394043,10,1.3984497785568237,1.0277189016342163,1.432983160018921,1.061966896057129,1.4087532758712769,0.9827082753181458,1.3536127805709839,1.0384817123413086,0.05978620797395706,0.10495193302631378,0.05632032826542854,0.0116365235298872,0.09598565846681595,0.029117248952388763,0.10237240046262741,0.07950466871261597,0.19054707884788513,0.2697780132293701
51,NLD,Netherlands,2020,-6.567773342132568,-0.5084378719329834,6.905177116394043,10,1.3984497785568237,1.0277189016342163,1.432983160018921,1.061966896057129,1.4087532758712769,0.9827082753181458,1.3536127805709839,1.0384817123413086,0.05978620797395706,0.10495193302631378,0.05632032826542854,0.0116365235298872,0.09598565846681595,0.029117248952388763,0.10237240046262741,0.07950466871261597,0.19054707884788513,0.2697780132293701
51,NLD,Netherlands,2021,-6.225274562835693,-0.6519400477409363,6.905177116394043,10,1.3984497785568237,1.0277189016342163,1.432983160018921,1.061966896057129,1.4087532758712769,0.9827082753181458,1.3536127805709839,1.0384817123413086,0.05978620797395706,0.10495193302631378,0.05632032826542854,0.0116365235298872,0.09598565846681595,0.029117248952388763,0.10237240046262741,0.07950466871261597,0.19054707884788513,0.2697780132293701
51,NLD,Netherlands,2022,-7.184930801391602,-0.8101118803024292,6.905177116394043,10,1.3984497785568237,1.0277189016342163,1.432983160018921,1.061966896057129,1.4087532758712769,0.9827082753181458,1.3536127805709839,1.0384817123413086,0.05978620797395706,0.10495193302631378,0.05632032826542854,0.0116365235298872,0.09598565846681595,0.029117248952388763,0.10237240046262741,0.07950466871261597,0.19054707884788513,0.2697780132293701
51,NLD,Netherlands,2023,-9.322796821594238,-0.9530423283576965,6.905177116394043,10,1.3984497785568237,1.0277189016342163,1.432983160018921,1.061966896057129,1.4087532758712769,0.9827082753181458,1.3536127805709839,1.0384817123413086,0.05978620797395706,0.10495193302631378,0.05632032826542854,0.0116365235298872,0.09598565846681595,0.029117248952388763,0.10237240046262741,0.07950466871261597,0.19054707884788513,0.2697780132293701
52,NOR,Norway,2018,0.684697687625885,1.0977134704589844,6.882273197174072,10,1.3073252439498901,0.8683434128761292,1.3803420066833496,0.8972802758216858,1.0274958610534668,0.8303129076957703,1.5141379833221436,0.8774371147155762,0.06064246594905853,0.10632064193487167,0.056957636028528214,0.011561918072402477,0.09576587378978729,0.02866716869175434,0.10402648150920868,0.07784353941679001,0.1920401155948639,0.26617416739463806
52,NOR,Norway,2019,0.7579119205474854,1.1932716369628906,6.882273197174072,10,1.3073252439498901,0.8683434128761292,1.3803420066833496,0.8972802758216858,1.0274958610534668,0.8303129076957703,1.5141379833221436,0.8774371147155762,0.06064246594905853,0.10632064193487167,0.056957636028528214,0.011561918072402477,0.09576587378978729,0.02866716869175434,0.10402648150920868,0.07784353941679001,0.1920401155948639,0.26617416739463806
52,NOR,Norway,2020,0.16256453096866608,1.1007471084594727,6.882273197174072,10,1.3073252439498901,0.8683434128761292,1.3803420066833496,0.8972802758216858,1.0274958610534668,0.8303129076957703,1.5141379833221436,0.8774371147155762,0.06064246594905853,0.10632064193487167,0.056957636028528214,0.011561918072402477,0.09576587378978729,0.02866716869175434,0.10402648150920868,0.07784353941679001,0.1920401155948639,0.26617416739463806
52,NOR,Norway,2021,-0.5059971213340759,1.195432424545288,6.882273197174072,10,1.3073252439498901,0.8683434128761292,1.3803420066833496,0.8972802758216858,1.0274958610534668,0.8303129076957703,1.5141379833221436,0.8774371147155762,0.06064246594905853,0.10632064193487167,0.056957636028528214,0.011561918072402477,0.09576587378978729,0.02866716869175434,0.10402648150920868,0.07784353941679001,0.1920401155948639,0.26617416739463806
52,NOR,Norway,2022,0.01806272566318512,1.2710778713226318,6.882273197174072,10,1.3073252439498901,0.8683434128761292,1.3803420066833496,0.8972802758216858,1.0274958610534668,0.8303129076957703,1.5141379833221436,0.8774371147155762,0.06064246594905853,0.10632064193487167,0.056957636028528214,0.011561918072402477,0.09576587378978729,0.02866716869175434,0.10402648150920868,0.07784353941679001,0.1920401155948639,0.26617416739463806
52,NOR,Norway,2023,0.1799047440290451,1.2537258863449097,6.882273197174072,10,1.3073252439498901,0.8683434128761292,1.3803420066833496,0.8972802758216858,1.0274958610534668,0.8303129076957703,1.5141379833221436,0.8774371147155762,0.06064246594905853,0.10632064193487167,0.056957636028528214,0.011561918072402477,0.09576587378978729,0.02866716869175434,0.10402648150920868,0.07784353941679001,0.1920401155948639,0.26617416739463806
53,NZL,New Zealand,2018,-2.981884479522705,0.9100120067596436,6.899627685546875,10,1.3908849954605103,0.9885557293891907,1.414912223815918,1.021498680114746,1.3223596811294556,0.9452603459358215,1.4353830814361572,0.9989084005355835,0.05999341607093811,0.10528456419706345,0.05647486448287964,0.011617977172136307,0.0959327295422554,0.029006561264395714,0.1027744933962822,0.07909737527370453,0.1909152716398239,0.2689027488231659
53,NZL,New Zealand,2019,-2.6216039657592773,0.9496778249740601,6.899627685546875,10,1.3908849954605103,0.9885557293891907,1.414912223815918,1.021498680114746,1.3223596811294556,0.9452603459358215,1.4353830814361572,0.9989084005355835,0.05999341607093811,0.10528456419706345,0.05647486448287964,0.011617977172136307,0.0959327295422554,0.029006561264395714,0.1027744933962822,0.07909737527370453,0.1909152716398239,0.2689027488231659
53,NZL,New Zealand,2020,-2.319328546524048,0.7956828474998474,6.899627685546875,10,1.3908849954605103,0.9885557293891907,1.414912223815918,1.021498680114746,1.3223596811294556,0.9452603459358215,1.4353830814361572,0.9989084005355835,0.05999341607093811,0.10528456419706345,0.05647486448287964,0.011617977172136307,0.0959327295422554,0.029006561264395714,0.1027744933962822,0.07909737527370453,0.1909152716398239,0.2689027488231659
53,NZL,New Zealand,2021,-2.2188103199005127,0.6084123253822327,6.899627685546875,10,1.3908849954605103,0.9885557293891907,1.414912223815918,1.021498680114746,1.3223596811294556,0.9452603459358215,1.4353830814361572,0.9989084005355835,0.05999341607093811,0.10528456419706345,0.05647486448287964,0.011617977172136307,0.0959327295422554,0.029006561264395714,0.1027744933962822,0.07909737527370453,0.1909152716398239,0.2689027488231659
53,NZL,New Zealand,2022,-3.390082359313965,0.4279633164405823,6.899627685546875,10,1.3908849954605103,0.9885557293891907,1.414912223815918,1.021498680114746,1.3223596811294556,0.9452603459358215,1.4353830814361572,0.9989084005355835,0.05999341607093811,0.10528456419706345,0.05647486448287964,0.011617977172136307,0.0959327295422554,0.029006561264395714,0.1027744933962822,0.07909737527370453,0.1909152716398239,0.2689027488231659
53,NZL,New Zealand,2023,-3.6847918033599854,0.2827458381652832,6.899627685546875,10,1.3908849954605103,0.9885557293891907,1.414912223815918,1.021498680114746,1.3223596811294556,0.9452603459358215,1.4353830814361572,0.9989084005355835,0.05999341607093811,0.10528456419706345,0.05647486448287964,0.011617977172136307,0.0959327295422554,0.029006561264395714,0.1027744933962822,0.07909737527370453,0.1909152716398239,0.2689027488231659
54,OMN,Oman,2018,-1.4833542108535767,-0.5413178205490112,6.581851005554199,10,-0.0670604482293129,-0.8248118758201599,-0.2567063570022583,-0.8522980213165283,0.022247422486543655,-0.7886875867843628,0.033277593553066254,-0.8334499597549438,0.07221124321222305,0.1234310194849968,0.0652611181139946,0.010948714800179005,0.09257417917251587,0.02401449717581272,0.1245345026254654,0.05993723124265671,0.20587322115898132,0.22121432423591614
54,OMN,Oman,2019,-1.4833542108535767,-0.8082277178764343,6.581851005554199,10,-0.0670604482293129,-0.8248118758201599,-0.2567063570022583,-0.8522980213165283,0.022247422486543655,-0.7886875867843628,0.033277593553066254,-0.8334499597549438,0.07221124321222305,0.1234310194849968,0.0652611181139946,0.010948714800179005,0.09257417917251587,0.02401449717581272,0.1245345026254654,0.05993723124265671,0.20587322115898132,0.22121432423591614
54,OMN,Oman,2020,-1.9118425846099854,-1.0910578966140747,6.581851005554199,10,-0.0670604482293129,-0.8248118758201599,-0.2567063570022583,-0.8522980213165283,0.022247422486543655,-0.7886875867843628,0.033277593553066254,-0.8334499597549438,0.07221124321222305,0.1234310194849968,0.0652611181139946,0.010948714800179005,0.09257417917251587,0.02401449717581272,0.1245345026254654,0.05993723124265671,0.20587322115898132,0.22121432423591614
54,OMN,Oman,2021,-2.7994258403778076,-1.3786566257476807,6.581851005554199,10,-0.0670604482293129,-0.8248118758201599,-0.2567063570022583,-0.8522980213165283,0.022247422486543655,-0.7886875867843628,0.033277593553066254,-0.8334499597549438,0.07221124321222305,0.1234310194849968,0.0652611181139946,0.010948714800179005,0.09257417917251587,0.02401449717581272,0.1245345026254654,0.05993723124265671,0.20587322115898132,0.22121432423591614
54,OMN,Oman,2022,-4.406257152557373,-1.6333346366882324,6.581851005554199,10,-0.0670604482293129,-0.8248118758201599,-0.2567063570022583,-0.8522980213165283,0.022247422486543655,-0.7886875867843628,0.033277593553066254,-0.8334499597549438,0.07221124321222305,0.1234310194849968,0.0652611181139946,0.010948714800179005,0.09257417917251587,0.02401449717581272,0.1245345026254654,0.05993723124265671,0.20587322115898132,0.22121432423591614
54,OMN,Oman,2023,-4.634274482727051,-1.8400017023086548,6.581851005554199,10,-0.0670604482293129,-0.8248118758201599,-0.2567063570022583,-0.8522980213165283,0.022247422486543655,-0.7886875867843628,0.033277593553066254,-0.8334499597549438,0.07221124321222305,0.1234310194849968,0.0652611181139946,0.010948714800179005,0.09257417917251587,0.02401449717581272,0.1245345026254654,0.05993723124265671,0.20587322115898132,0.22121432423591614
55,PAK,Pakistan,2018,0.6607634425163269,-1.3708016872406006,6.615212440490723,10,-1.1695586442947388,-0.6637105345726013,-1.022442102432251,-0.6858281493186951,-1.2194249629974365,-0.6346420049667358,-1.2668088674545288,-0.6706615090370178,0.07089018076658249,0.12159593403339386,0.06433934718370438,0.010989949107170105,0.09295482933521271,0.024441109970211983,0.12235809862613678,0.06163284555077553,0.20481520891189575,0.22598253190517426
55,PAK,Pakistan,2019,0.263211190700531,-1.0059959888458252,6.615212440490723,10,-1.1695586442947388,-0.6637105345726013,-1.022442102432251,-0.6858281493186951,-1.2194249629974365,-0.6346420049667358,-1.2668088674545288,-0.6706615090370178,0.07089018076658249,0.12159593403339386,0.06433934718370438,0.010989949107170105,0.09295482933521271,0.024441109970211983,0.12235809862613678,0.06163284555077553,0.20481520891189575,0.22598253190517426
55,PAK,Pakistan,2020,0.5979493856430054,-0.8993700742721558,6.615212440490723,10,-1.1695586442947388,-0.6637105345726013,-1.022442102432251,-0.6858281493186951,-1.2194249629974365,-0.6346420049667358,-1.2668088674545288,-0.6706615090370178,0.07089018076658249,0.12159593403339386,0.06433934718370438,0.010989949107170105,0.09295482933521271,0.024441109970211983,0.12235809862613678,0.06163284555077553,0.20481520891189575,0.22598253190517426
55,PAK,Pakistan,2021,-0.27455824613571167,-0.9826632738113403,6.615212440490723,10,-1.1695586442947388,-0.6637105345726013,-1.022442102432251,-0.6858281493186951,-1.2194249629974365,-0.6346420049667358,-1.2668088674545288,-0.6706615090370178,0.07089018076658249,0.12159593403339386,0.06433934718370438,0.010989949107170105,0.09295482933521271,0.024441109970211983,0.12235809862613678,0.06163284555077553,0.20481520891189575,0.22598253190517426
55,PAK,Pakistan,2022,-1.3144348859786987,-1.1259053945541382,6.615212440490723,10,-1.1695586442947388,-0.6637105345726013,-1.022442102432251,-0.6858281493186951,-1.2194249629974365,-0.6346420049667358,-1.2668088674545288,-0.6706615090370178,0.07089018076658249,0.12159593403339386,0.06433934718370438,0.010989949107170105,0.09295482933521271,0.024441109970211983,0.12235809862613678,0.06163284555077553,0.20481520891189575,0.22598253190517426
55,PAK,Pakistan,2023,-1.7306287288665771,-1.2591670751571655,6.615212440490723,10,-1.1695586442947388,-0.6637105345726013,-1.022442102432251,-0.6858281493186951,-1.2194249629974365,-0.6346420049667358,-1.2668088674545288,-0.6706615090370178,0.07089018076658249,0.12159593403339386,0.06433934718370438,0.010989949107170105,0.09295482933521271,0.024441109970211983,0.12235809862613678,0.06163284555077553,0.20481520891189575,0.22598253190517426
56,PER,Peru,2018,1.0936386585235596,0.040809325873851776,6.561526298522949,10,-0.6950809359550476,-0.9205617904663086,-0.8969854712486267,-0.951238751411438,-0.25150150060653687,-0.8802439570426941,-0.9367557168006897,-0.9302026033401489,0.0730210393667221,0.12454225867986679,0.06582310795783997,0.010926242917776108,0.09233937412500381,0.02376323752105236,0.12584853172302246,0.05893367901444435,0.20646436512470245,0.21833816170692444
56,PER,Peru,2019,1.1609760522842407,0.6556422710418701,6.561526298522949,10,-0.6950809359550476,-0.9205617904663086,-0.8969854712486267,-0.951238751411438,-0.25150150060653687,-0.8802439570426941,-0.9367557168006897,-0.9302026033401489,0.0730210393667221,0.12454225867986679,0.06582310795783997,0.010926242917776108,0.09233937412500381,0.02376323752105236,0.12584853172302246,0.05893367901444435,0.20646436512470245,0.21833816170692444
56,PER,Peru,2020,0.8656606674194336,0.9736603498458862,6.561526298522949,10,-0.6950809359550476,-0.9205617904663086,-0.8969854712486267,-0.951238751411438,-0.25150150060653687,-0.8802439570426941,-0.9367557168006897,-0.9302026033401489,0.0730210393667221,0.12454225867986679,0.06582310795783997,0.010926242917776108,0.09233937412500381,0.02376323752105236,0.12584853172302246,0.05893367901444435,0.20646436512470245,0.21833816170692444
56,PER,Peru,2021,1.0604026317596436,1.1686164140701294,6.561526298522949,10,-0.6950809359550476,-0.9205617904663086,-0.8969854712486267,-0.951238751411438,-0.25150150060653687,-0.8802439570426941,-0.9367557168006897,-0.9302026033401489,0.0730210393667221,0.12454225867986679,0.06582310795783997,0.010926242917776108,0.09233937412500381,0.02376323752105236,0.12584853172302246,0.05893367901444435,0.20646436512470245,0.21833816170692444
56,PER,Peru,2022,1.6989833116531372,1.2660651206970215,6.561526298522949,10,-0.6950809359550476,-0.9205617904663086,-0.8969854712486267,-0.951238751411438,-0.25150150060653687,-0.8802439570426941,-0.9367557168006897,-0.9302026033401489,0.0730210393667221,0.12454225867986679,0.06582310795783997,0.010926242917776108,0.09233937412500381,0.02376323752105236,0.12584853172302246,0.05893367901444435,0.20646436512470245,0.21833816170692444
56,PER,Peru,2023,1.919171690940857,1.2828757762908936,6.561526298522949,10,-0.6950809359550476,-0.9205617904663086,-0.8969854712486267,-0.951238751411438,-0.25150150060653687,-0.8802439570426941,-0.9367557168006897,-0.9302026033401489,0.0730210393667221,0.12454225867986679,0.06582310795783997,0.010926242917776108,0.09233937412500381,0.02376323752105236,0.12584853172302246,0.05893367901444435,0.20646436512470245,0.21833816170692444
57,PHL,Philippines,2018,4.912133693695068,-1.3846075534820557,6.588219165802002,10,-0.5819682478904724,-0.7944452166557312,-0.5483519434928894,-0.8209194540977478,-0.43141669034957886,-0.7596508860588074,-0.7661361694335938,-0.8027652502059937,0.07195828855037689,0.12308177351951599,0.06508508324623108,0.01095616351813078,0.09264728426933289,0.024094540625810623,0.12412090599536896,0.060256194323301315,0.2056797444820404,0.22211997210979462
57,PHL,Philippines,2019,5.833406925201416,-0.893341064453125,6.588219165802002,10,-0.5819682478904724,-0.7944452166557312,-0.5483519434928894,-0.8209194540977478,-0.43141669034957886,-0.7596508860588074,-0.7661361694335938,-0.8027652502059937,0.07195828855037689,0.12308177351951599,0.06508508324623108,0.01095616351813078,0.09264728426933289,0.024094540625810623,0.12412090599536896,0.060256194323301315,0.2056797444820404,0.22211997210979462
57,PHL,Philippines,2020,6.113379955291748,-0.5453743934631348,6.588219165802002,10,-0.5819682478904724,-0.7944452166557312,-0.5483519434928894,-0.8209194540977478,-0.43141669034957886,-0.7596508860588074,-0.7661361694335938,-0.8027652502059937,0.07195828855037689,0.12308177351951599,0.06508508324623108,0.01095616351813078,0.09264728426933289,0.024094540625810623,0.12412090599536896,0.060256194323301315,0.2056797444820404,0.22211997210979462
57,PHL,Philippines,2021,6.149739742279053,-0.2905205190181732,6.588219165802002,10,-0.5819682478904724,-0.7944452166557312,-0.5483519434928894,-0.8209194540977478,-0.43141669034957886,-0.7596508860588074,-0.7661361694335938,-0.8027652502059937,0.07195828855037689,0.12308177351951599,0.06508508324623108,0.01095616351813078,0.09264728426933289,0.024094540625810623,0.12412090599536896,0.060256194323301315,0.2056797444820404,0.22211997210979462
57,PHL,Philippines,2022,6.288362503051758,-0.15734854340553284,6.588219165802002,10,-0.5819682478904724,-0.7944452166557312,-0.5483519434928894,-0.8209194540977478,-0.43141669034957886,-0.7596508860588074,-0.7661361694335938,-0.8027652502059937,0.07195828855037689,0.12308177351951599,0.06508508324623108,0.01095616351813078,0.09264728426933289,0.024094540625810623,0.12412090599536896,0.060256194323301315,0.2056797444820404,0.22211997210979462
57,PHL,Philippines,2023,6.736955165863037,-0.09235771745443344,6.588219165802002,10,-0.5819682478904724,-0.7944452166557312,-0.5483519434928894,-0.8209194540977478,-0.43141669034957886,-0.7596508860588074,-0.7661361694335938,-0.8027652502059937,0.07195828855037689,0.12308177351951599,0.06508508324623108,0.01095616351813078,0.09264728426933289,0.024094540625810623,0.12412090599536896,0.060256194323301315,0.2056797444820404,0.22211997210979462
58,POL,Poland,2018,-5.292060375213623,-1.2268532514572144,6.732405662536621,10,0.13508905470371246,-0.05244347080588341,0.0030404042918235064,-0.05419110134243965,0.21474087238311768,-0.05014645680785179,0.18748588860034943,-0.05299284681677818,0.06632585823535919,0.11503170430660248,0.06110484153032303,0.011182316578924656,0.09424268454313278,0.026097314432263374,0.11451804637908936,0.06811463832855225,0.20019447803497314,0.24318820238113403
58,POL,Poland,2019,-6.858757495880127,-0.6786593198776245,6.732405662536621,10,0.13508905470371246,-0.05244347080588341,0.0030404042918235064,-0.05419110134243965,0.21474087238311768,-0.05014645680785179,0.18748588860034943,-0.05299284681677818,0.06632585823535919,0.11503170430660248,0.06110484153032303,0.011182316578924656,0.09424268454313278,0.026097314432263374,0.11451804637908936,0.06811463832855225,0.20019447803497314,0.24318820238113403
58,POL,Poland,2020,-8.258927345275879,-0.4111350178718567,6.732405662536621,10,0.13508905470371246,-0.05244347080588341,0.0030404042918235064,-0.05419110134243965,0.21474087238311768,-0.05014645680785179,0.18748588860034943,-0.05299284681677818,0.06632585823535919,0.11503170430660248,0.06110484153032303,0.011182316578924656,0.09424268454313278,0.026097314432263374,0.11451804637908936,0.06811463832855225,0.20019447803497314,0.24318820238113403
58,POL,Poland,2021,-7.500536918640137,-0.28069764375686646,6.732405662536621,10,0.13508905470371246,-0.05244347080588341,0.0030404042918235064,-0.05419110134243965,0.21474087238311768,-0.05014645680785179,0.18748588860034943,-0.05299284681677818,0.06632585823535919,0.11503170430660248,0.06110484153032303,0.011182316578924656,0.09424268454313278,0.026097314432263374,0.11451804637908936,0.06811463832855225,0.20019447803497314,0.24318820238113403
58,POL,Poland,2022,-8.502216339111328,-0.23354557156562805,6.732405662536621,10,0.13508905470371246,-0.05244347080588341,0.0030404042918235064,-0.05419110134243965,0.21474087238311768,-0.05014645680785179,0.18748588860034943,-0.05299284681677818,0.06632585823535919,0.11503170430660248,0.06110484153032303,0.011182316578924656,0.09424268454313278,0.026097314432263374,0.11451804637908936,0.06811463832855225,0.20019447803497314,0.24318820238113403
58,POL,Poland,2023,-11.761031150817871,-0.23480156064033508,6.732405662536621,10,0.13508905470371246,-0.05244347080588341,0.0030404042918235064,-0.05419110134243965,0.21474087238311768,-0.05014645680785179,0.18748588860034943,-0.05299284681677818,0.06632585823535919,0.11503170430660248,0.06110484153032303,0.011182316578924656,0.09424268454313278,0.026097314432263374,0.11451804637908936,0.06811463832855225,0.20019447803497314,0.24318820238113403
59,PRT,Portugal,2018,-1.9006779193878174,-0.21125486493110657,6.905951023101807,10,0.5889715552330017,1.0332127809524536,0.3899436593055725,1.0676437616348267,0.6463295221328735,0.98796147108078,0.7306414842605591,1.0440330505371094,0.05975731462240219,0.10490546375513077,0.05629875883460045,0.01163913682103157,0.0959930419921875,0.0291327852755785,0.10231620818376541,0.07956176996231079,0.1904953569173813,0.26990023255348206
59,PRT,Portugal,2019,-2.685220718383789,-0.047895364463329315,6.905951023101807,10,0.5889715552330017,1.0332127809524536,0.3899436593055725,1.0676437616348267,0.6463295221328735,0.98796147108078,0.7306414842605591,1.0440330505371094,0.05975731462240219,0.10490546375513077,0.05629875883460045,0.01163913682103157,0.0959930419921875,0.0291327852755785,0.10231620818376541,0.07956176996231079,0.1904953569173813,0.26990023255348206
59,PRT,Portugal,2020,-3.400998592376709,-0.05467578023672104,6.905951023101807,10,0.5889715552330017,1.0332127809524536,0.3899436593055725,1.0676437616348267,0.6463295221328735,0.98796147108078,0.7306414842605591,1.0440330505371094,0.05975731462240219,0.10490546375513077,0.05629875883460045,0.01163913682103157,0.0959930419921875,0.0291327852755785,0.10231620818376541,0.07956176996231079,0.1904953569173813,0.26990023255348206
59,PRT,Portugal,2021,-3.9149670600891113,-0.14751669764518738,6.905951023101807,10,0.5889715552330017,1.0332127809524536,0.3899436593055725,1.0676437616348267,0.6463295221328735,0.98796147108078,0.7306414842605591,1.0440330505371094,0.05975731462240219,0.10490546375513077,0.05629875883460045,0.01163913682103157,0.0959930419921875,0.0291327852755785,0.10231620818376541,0.07956176996231079,0.1904953569173813,0.26990023255348206
59,PRT,Portugal,2022,-3.713021755218506,-0.2429882287979126,6.905951023101807,10,0.5889715552330017,1.0332127809524536,0.3899436593055725,1.0676437616348267,0.6463295221328735,0.98796147108078,0.7306414842605591,1.0440330505371094,0.05975731462240219,0.10490546375513077,0.05629875883460045,0.01163913682103157,0.0959930419921875,0.0291327852755785,0.10231620818376541,0.07956176996231079,0.1904953569173813,0.26990023255348206
59,PRT,Portugal,2023,-4.624629497528076,-0.2787073850631714,6.905951023101807,10,0.5889715552330017,1.0332127809524536,0.3899436593055725,1.0676437616348267,0.6463295221328735,0.98796147108078,0.7306414842605591,1.0440330505371094,0.05975731462240219,0.10490546375513077,0.05629875883460045,0.01163913682103157,0.0959930419921875,0.0291327852755785,0.10231620818376541,0.07956176996231079,0.1904953569173813,0.26990023255348206
60,QAT,Qatar,2018,-6.880117416381836,1.0043166875839233,6.687071323394775,10,-0.037850040942430496,-0.2980957329273224,0.02352459356188774,-0.30802953243255615,-0.20334964990615845,-0.2850399613380432,0.06627492606639862,-0.3012177348136902,0.06807763874530792,0.11759401857852936,0.062355831265449524,0.011098498478531837,0.09375408291816711,0.025425439700484276,0.11758698523044586,0.06550458818674088,0.2021532952785492,0.23644958436489105
60,QAT,Qatar,2019,-4.506235599517822,0.8778512477874756,6.687071323394775,10,-0.037850040942430496,-0.2980957329273224,0.02352459356188774,-0.30802953243255615,-0.20334964990615845,-0.2850399613380432,0.06627492606639862,-0.3012177348136902,0.06807763874530792,0.11759401857852936,0.062355831265449524,0.011098498478531837,0.09375408291816711,0.025425439700484276,0.11758698523044586,0.06550458818674088,0.2021532952785492,0.23644958436489105
60,QAT,Qatar,2020,-5.444746971130371,0.7867070436477661,6.687071323394775,10,-0.037850040942430496,-0.2980957329273224,0.02352459356188774,-0.30802953243255615,-0.20334964990615845,-0.2850399613380432,0.06627492606639862,-0.3012177348136902,0.06807763874530792,0.11759401857852936,0.062355831265449524,0.011098498478531837,0.09375408291816711,0.025425439700484276,0.11758698523044586,0.06550458818674088,0.2021532952785492,0.23644958436489105
60,QAT,Qatar,2021,-6.548878192901611,0.6985093951225281,6.687071323394775,10,-0.037850040942430496,-0.2980957329273224,0.02352459356188774,-0.30802953243255615,-0.20334964990615845,-0.2850399613380432,0.06627492606639862,-0.3012177348136902,0.06807763874530792,0.11759401857852936,0.062355831265449524,0.011098498478531837,0.09375408291816711,0.025425439700484276,0.11758698523044586,0.06550458818674088,0.2021532952785492,0.23644958436489105
60,QAT,Qatar,2022,-4.892681121826172,0.5632928609848022,6.687071323394775,10,-0.037850040942430496,-0.2980957329273224,0.02352459356188774,-0.30802953243255615,-0.20334964990615845,-0.2850399613380432,0.06627492606639862,-0.3012177348136902,0.06807763874530792,0.11759401857852936,0.062355831265449524,0.011098498478531837,0.09375408291816711,0.025425439700484276,0.11758698523044586,0.06550458818674088,0.2021532952785492,0.23644958436489105
60,QAT,Qatar,2023,-5.334333896636963,0.4575768709182739,6.687071323394775,10,-0.037850040942430496,-0.2980957329273224,0.02352459356188774,-0.30802953243255615,-0.20334964990615845,-0.2850399613380432,0.06627492606639862,-0.3012177348136902,0.06807763874530792,0.11759401857852936,0.062355831265449524,0.011098498478531837,0.09375408291816711,0.025425439700484276,0.11758698523044586,0.06550458818674088,0.2021532952785492,0.23644958436489105
61,ROU,Romania,2018,-3.695746898651123,-0.2335447371006012,6.552609443664551,10,-0.6137262582778931,-0.9620282649993896,-0.9381364583969116,-0.9940871000289917,-0.44055911898612976,-0.9198943376541138,-0.4624831974506378,-0.9721033573150635,0.07337754964828491,0.12502822279930115,0.06606980413198471,0.010916994884610176,0.09223569929599762,0.023654993623495102,0.1264221966266632,0.05850018560886383,0.20671114325523376,0.21708326041698456
61,ROU,Romania,2019,-4.160907745361328,0.23148977756500244,6.552609443664551,10,-0.6137262582778931,-0.9620282649993896,-0.9381364583969116,-0.9940871000289917,-0.44055911898612976,-0.9198943376541138,-0.4624831974506378,-0.9721033573150635,0.07337754964828491,0.12502822279930115,0.06606980413198471,0.010916994884610176,0.09223569929599762,0.023654993623495102,0.1264221966266632,0.05850018560886383,0.20671114325523376,0.21708326041698456
61,ROU,Romania,2020,-5.406534671783447,0.4409400224685669,6.552609443664551,10,-0.6137262582778931,-0.9620282649993896,-0.9381364583969116,-0.9940871000289917,-0.44055911898612976,-0.9198943376541138,-0.4624831974506378,-0.9721033573150635,0.07337754964828491,0.12502822279930115,0.06606980413198471,0.010916994884610176,0.09223569929599762,0.023654993623495102,0.1264221966266632,0.05850018560886383,0.20671114325523376,0.21708326041698456
61,ROU,Romania,2021,-5.111453533172607,0.4182031750679016,6.552609443664551,10,-0.6137262582778931,-0.9620282649993896,-0.9381364583969116,-0.9940871000289917,-0.44055911898612976,-0.9198943376541138,-0.4624831974506378,-0.9721033573150635,0.07337754964828491,0.12502822279930115,0.06606980413198471,0.010916994884610176,0.09223569929599762,0.023654993623495102,0.1264221966266632,0.05850018560886383,0.20671114325523376,0.21708326041698456
61,ROU,Romania,2022,-4.921149253845215,0.4898616075515747,6.552609443664551,10,-0.6137262582778931,-0.9620282649993896,-0.9381364583969116,-0.9940871000289917,-0.44055911898612976,-0.9198943376541138,-0.4624831974506378,-0.9721033573150635,0.07337754964828491,0.12502822279930115,0.06606980413198471,0.010916994884610176,0.09223569929599762,0.023654993623495102,0.1264221966266632,0.05850018560886383,0.20671114325523376,0.21708326041698456
61,ROU,Romania,2023,-6.2508416175842285,0.5830589532852173,6.552609443664551,10,-0.6137262582778931,-0.9620282649993896,-0.9381364583969116,-0.9940871000289917,-0.44055911898612976,-0.9198943376541138,-0.4624831974506378,-0.9721033573150635,0.07337754964828491,0.12502822279930115,0.06606980413198471,0.010916994884610176,0.09223569929599762,0.023654993623495102,0.1264221966266632,0.05850018560886383,0.20671114325523376,0.21708326041698456
62,RUS,Russia,2018,-3.6435298919677734,-0.06154341250658035,6.596424102783203,10,-1.1349221467971802,-0.7550568580627441,-1.1962112188339233,-0.7802184820175171,-0.9114767909049988,-0.7219876050949097,-1.2970784902572632,-0.7629644274711609,0.07163292914628983,0.12263108044862747,0.06485835462808609,0.010966047644615173,0.09274119138717651,0.0241986270993948,0.12358677387237549,0.0606704019010067,0.20542459189891815,0.22329002618789673
62,RUS,Russia,2019,-3.5361337661743164,0.06381351500749588,6.596424102783203,10,-1.1349221467971802,-0.7550568580627441,-1.1962112188339233,-0.7802184820175171,-0.9114767909049988,-0.7219876050949097,-1.2970784902572632,-0.7629644274711609,0.07163292914628983,0.12263108044862747,0.06485835462808609,0.010966047644615173,0.09274119138717651,0.0241986270993948,0.12358677387237549,0.0606704019010067,0.20542459189891815,0.22329002618789673
62,RUS,Russia,2020,-6.922895908355713,-0.0331396758556366,6.596424102783203,10,-1.1349221467971802,-0.7550568580627441,-1.1962112188339233,-0.7802184820175171,-0.9114767909049988,-0.7219876050949097,-1.2970784902572632,-0.7629644274711609,0.07163292914628983,0.12263108044862747,0.06485835462808609,0.010966047644615173,0.09274119138717651,0.0241986270993948,0.12358677387237549,0.0606704019010067,0.20542459189891815,0.22329002618789673
62,RUS,Russia,2021,-5.5373334884643555,-0.3846185803413391,6.596424102783203,10,-1.1349221467971802,-0.7550568580627441,-1.1962112188339233,-0.7802184820175171,-0.9114767909049988,-0.7219876050949097,-1.2970784902572632,-0.7629644274711609,0.07163292914628983,0.12263108044862747,0.06485835462808609,0.010966047644615173,0.09274119138717651,0.0241986270993948,0.12358677387237549,0.0606704019010067,0.20542459189891815,0.22329002618789673
62,RUS,Russia,2022,-4.097316741943359,-0.7684428691864014,6.596424102783203,10,-1.1349221467971802,-0.7550568580627441,-1.1962112188339233,-0.7802184820175171,-0.9114767909049988,-0.7219876050949097,-1.2970784902572632,-0.7629644274711609,0.07163292914628983,0.12263108044862747,0.06485835462808609,0.010966047644615173,0.09274119138717651,0.0241986270993948,0.12358677387237549,0.0606704019010067,0.20542459189891815,0.22329002618789673
62,RUS,Russia,2023,-3.127725601196289,-1.0023483037948608,6.596424102783203,10,-1.1349221467971802,-0.7550568580627441,-1.1962112188339233,-0.7802184820175171,-0.9114767909049988,-0.7219876050949097,-1.2970784902572632,-0.7629644274711609,0.07163292914628983,0.12263108044862747,0.06485835462808609,0.010966047644615173,0.09274119138717651,0.0241986270993948,0.12358677387237549,0.0606704019010067,0.20542459189891815,0.22329002618789673
63,SAU,Saudi Arabia,2018,2.299851655960083,0.13174661993980408,6.576281547546387,10,-0.5544285178184509,-0.8512237668037415,-0.6724381446838379,-0.8795900940895081,-0.49509498476982117,-0.8139427304267883,-0.4957524538040161,-0.8601384162902832,0.07243277877569199,0.12373601645231247,0.06541507691144943,0.010942359454929829,0.09251005202531815,0.023945016786456108,0.12489546835422516,0.059660058468580246,0.2060392051935196,0.22042401134967804
63,SAU,Saudi Arabia,2019,1.9578986167907715,-0.026814661920070648,6.576281547546387,10,-0.5544285178184509,-0.8512237668037415,-0.6724381446838379,-0.8795900940895081,-0.49509498476982117,-0.8139427304267883,-0.4957524538040161,-0.8601384162902832,0.07243277877569199,0.12373601645231247,0.06541507691144943,0.010942359454929829,0.09251005202531815,0.023945016786456108,0.12489546835422516,0.059660058468580246,0.2060392051935196,0.22042401134967804
63,SAU,Saudi Arabia,2020,2.004265069961548,-0.23074078559875488,6.576281547546387,10,-0.5544285178184509,-0.8512237668037415,-0.6724381446838379,-0.8795900940895081,-0.49509498476982117,-0.8139427304267883,-0.4957524538040161,-0.8601384162902832,0.07243277877569199,0.12373601645231247,0.06541507691144943,0.010942359454929829,0.09251005202531815,0.023945016786456108,0.12489546835422516,0.059660058468580246,0.2060392051935196,0.22042401134967804
63,SAU,Saudi Arabia,2021,2.169445753097534,-0.3744041919708252,6.576281547546387,10,-0.5544285178184509,-0.8512237668037415,-0.6724381446838379,-0.8795900940895081,-0.49509498476982117,-0.8139427304267883,-0.4957524538040161,-0.8601384162902832,0.07243277877569199,0.12373601645231247,0.06541507691144943,0.010942359454929829,0.09251005202531815,0.023945016786456108,0.12489546835422516,0.059660058468580246,0.2060392051935196,0.22042401134967804
63,SAU,Saudi Arabia,2022,1.4797439575195312,-0.5404155254364014,6.576281547546387,10,-0.5544285178184509,-0.8512237668037415,-0.6724381446838379,-0.8795900940895081,-0.49509498476982117,-0.8139427304267883,-0.4957524538040161,-0.8601384162902832,0.07243277877569199,0.12373601645231247,0.06541507691144943,0.010942359454929829,0.09251005202531815,0.023945016786456108,0.12489546835422516,0.059660058468580246,0.2060392051935196,0.22042401134967804
63,SAU,Saudi Arabia,2023,0.6857173442840576,-0.6603690385818481,6.576281547546387,10,-0.5544285178184509,-0.8512237668037415,-0.6724381446838379,-0.8795900940895081,-0.49509498476982117,-0.8139427304267883,-0.4957524538040161,-0.8601384162902832,0.07243277877569199,0.12373601645231247,0.06541507691144943,0.010942359454929829,0.09251005202531815,0.023945016786456108,0.12489546835422516,0.059660058468580246,0.2060392051935196,0.22042401134967804
64,SGP,Singapore,2018,-1.5155048370361328,-0.04910712689161301,6.905829429626465,10,1.4344711303710938,1.0323501825332642,1.7217825651168823,1.066752552986145,1.536649465560913,0.9871368408203125,1.0449817180633545,1.0431615114212036,0.05976184457540512,0.10491275042295456,0.056302137672901154,0.011638722382485867,0.09599186480045319,0.02913033962249756,0.10232502222061157,0.0795527994632721,0.19050349295139313,0.2698810398578644
64,SGP,Singapore,2019,-1.5344992876052856,-0.28093621134757996,6.905829429626465,10,1.4344711303710938,1.0323501825332642,1.7217825651168823,1.066752552986145,1.536649465560913,0.9871368408203125,1.0449817180633545,1.0431615114212036,0.05976184457540512,0.10491275042295456,0.056302137672901154,0.011638722382485867,0.09599186480045319,0.02913033962249756,0.10232502222061157,0.0795527994632721,0.19050349295139313,0.2698810398578644
64,SGP,Singapore,2020,-1.5631846189498901,-0.6023150086402893,6.905829429626465,10,1.4344711303710938,1.0323501825332642,1.7217825651168823,1.066752552986145,1.536649465560913,0.9871368408203125,1.0449817180633545,1.0431615114212036,0.05976184457540512,0.10491275042295456,0.056302137672901154,0.011638722382485867,0.09599186480045319,0.02913033962249756,0.10232502222061157,0.0795527994632721,0.19050349295139313,0.2698810398578644
64,SGP,Singapore,2021,-1.5329487323760986,-0.9380342960357666,6.905829429626465,10,1.4344711303710938,1.0323501825332642,1.7217825651168823,1.066752552986145,1.536649465560913,0.9871368408203125,1.0449817180633545,1.0431615114212036,0.05976184457540512,0.10491275042295456,0.056302137672901154,0.011638722382485867,0.09599186480045319,0.02913033962249756,0.10232502222061157,0.0795527994632721,0.19050349295139313,0.2698810398578644
64,SGP,Singapore,2022,-1.5709375143051147,-1.2028976678848267,6.905829429626465,10,1.4344711303710938,1.0323501825332642,1.7217825651168823,1.066752552986145,1.536649465560913,0.9871368408203125,1.0449817180633545,1.0431615114212036,0.05976184457540512,0.10491275042295456,0.056302137672901154,0.011638722382485867,0.09599186480045319,0.02913033962249756,0.10232502222061157,0.0795527994632721,0.19050349295139313,0.2698810398578644
64,SGP,Singapore,2023,-1.6358672380447388,-1.3798630237579346,6.905829429626465,10,1.4344711303710938,1.0323501825332642,1.7217825651168823,1.066752552986145,1.536649465560913,0.9871368408203125,1.0449817180633545,1.0431615114212036,0.05976184457540512,0.10491275042295456,0.056302137672901154,0.011638722382485867,0.09599186480045319,0.02913033962249756,0.10232502222061157,0.0795527994632721,0.19050349295139313,0.2698810398578644
65,SVK,Slovakia,2018,-1.5849237442016602,-0.5503832101821899,6.695253372192383,10,0.11652449518442154,-0.25468167662620544,0.11614179611206055,-0.26316872239112854,0.3065413236618042,-0.24352726340293884,-0.07310961931943893,-0.2573489844799042,0.06776020675897598,0.11713378131389618,0.062130045145750046,0.011112702079117298,0.09384318441152573,0.02554362080991268,0.11703648418188095,0.06596562266349792,0.20181605219841003,0.23765818774700165
65,SVK,Slovakia,2019,-2.091881036758423,-0.11332281678915024,6.695253372192383,10,0.11652449518442154,-0.25468167662620544,0.11614179611206055,-0.26316872239112854,0.3065413236618042,-0.24352726340293884,-0.07310961931943893,-0.2573489844799042,0.06776020675897598,0.11713378131389618,0.062130045145750046,0.011112702079117298,0.09384318441152573,0.02554362080991268,0.11703648418188095,0.06596562266349792,0.20181605219841003,0.23765818774700165
65,SVK,Slovakia,2020,-2.406219482421875,0.04577840119600296,6.695253372192383,10,0.11652449518442154,-0.25468167662620544,0.11614179611206055,-0.26316872239112854,0.3065413236618042,-0.24352726340293884,-0.07310961931943893,-0.2573489844799042,0.06776020675897598,0.11713378131389618,0.062130045145750046,0.011112702079117298,0.09384318441152573,0.02554362080991268,0.11703648418188095,0.06596562266349792,0.20181605219841003,0.23765818774700165
65,SVK,Slovakia,2021,-2.1880667209625244,0.10776276141405106,6.695253372192383,10,0.11652449518442154,-0.25468167662620544,0.11614179611206055,-0.26316872239112854,0.3065413236618042,-0.24352726340293884,-0.07310961931943893,-0.2573489844799042,0.06776020675897598,0.11713378131389618,0.062130045145750046,0.011112702079117298,0.09384318441152573,0.02554362080991268,0.11703648418188095,0.06596562266349792,0.20181605219841003,0.23765818774700165
65,SVK,Slovakia,2022,-2.8150081634521484,0.14684098958969116,6.695253372192383,10,0.11652449518442154,-0.25468167662620544,0.11614179611206055,-0.26316872239112854,0.3065413236618042,-0.24352726340293884,-0.07310961931943893,-0.2573489844799042,0.06776020675897598,0.11713378131389618,0.062130045145750046,0.011112702079117298,0.09384318441152573,0.02554362080991268,0.11703648418188095,0.06596562266349792,0.20181605219841003,0.23765818774700165
65,SVK,Slovakia,2023,-3.482109785079956,0.15315258502960205,6.695253372192383,10,0.11652449518442154,-0.25468167662620544,0.11614179611206055,-0.26316872239112854,0.3065413236618042,-0.24352726340293884,-0.07310961931943893,-0.2573489844799042,0.06776020675897598,0.11713378131389618,0.062130045145750046,0.011112702079117298,0.09384318441152573,0.02554362080991268,0.11703648418188095,0.06596562266349792,0.20181605219841003,0.23765818774700165
66,SVN,Slovenia,2018,-4.337141990661621,0.08622739464044571,6.880866527557373,10,0.38642582297325134,0.8587444424629211,0.28950437903404236,0.8873614072799683,0.34630832076072693,0.8211343288421631,0.5234646797180176,0.8677375912666321,0.060695141553878784,0.10640433430671692,0.05699672922492027,0.011557500809431076,0.09575224667787552,0.02864009141921997,0.10412760823965073,0.07774318754673004,0.19212956726551056,0.26595357060432434
66,SVN,Slovenia,2019,-4.712256908416748,0.09331757575273514,6.880866527557373,10,0.38642582297325134,0.8587444424629211,0.28950437903404236,0.8873614072799683,0.34630832076072693,0.8211343288421631,0.5234646797180176,0.8677375912666321,0.060695141553878784,0.10640433430671692,0.05699672922492027,0.011557500809431076,0.09575224667787552,0.02864009141921997,0.10412760823965073,0.07774318754673004,0.19212956726551056,0.26595357060432434
66,SVN,Slovenia,2020,-6.15969705581665,-0.14353808760643005,6.880866527557373,10,0.38642582297325134,0.8587444424629211,0.28950437903404236,0.8873614072799683,0.34630832076072693,0.8211343288421631,0.5234646797180176,0.8677375912666321,0.060695141553878784,0.10640433430671692,0.05699672922492027,0.011557500809431076,0.09575224667787552,0.02864009141921997,0.10412760823965073,0.07774318754673004,0.19212956726551056,0.26595357060432434
66,SVN,Slovenia,2021,-6.669349670410156,-0.3182278275489807,6.880866527557373,10,0.38642582297325134,0.8587444424629211,0.28950437903404236,0.8873614072799683,0.34630832076072693,0.8211343288421631,0.5234646797180176,0.8677375912666321,0.060695141553878784,0.10640433430671692,0.05699672922492027,0.011557500809431076,0.09575224667787552,0.02864009141921997,0.10412760823965073,0.07774318754673004,0.19212956726551056,0.26595357060432434
66,SVN,Slovenia,2022,-7.458681583404541,-0.2524266242980957,6.880866527557373,10,0.38642582297325134,0.8587444424629211,0.28950437903404236,0.8873614072799683,0.34630832076072693,0.8211343288421631,0.5234646797180176,0.8677375912666321,0.060695141553878784,0.10640433430671692,0.05699672922492027,0.011557500809431076,0.09575224667787552,0.02864009141921997,0.10412760823965073,0.07774318754673004,0.19212956726551056,0.26595357060432434
66,SVN,Slovenia,2023,-9.606645584106445,-0.21473568677902222,6.880866527557373,10,0.38642582297325134,0.8587444424629211,0.28950437903404236,0.8873614072799683,0.34630832076072693,0.8211343288421631,0.5234646797180176,0.8677375912666321,0.060695141553878784,0.10640433430671692,0.05699672922492027,0.011557500809431076,0.09575224667787552,0.02864009141921997,0.10412760823965073,0.07774318754673004,0.19212956726551056,0.26595357060432434
67,SWE,Sweden,2018,-1.111396074295044,-0.007351793348789215,6.892783164978027,10,1.3480762243270874,0.9407434463500977,1.4301238059997559,0.9720929861068726,1.161694884300232,0.8995420336723328,1.4524099826812744,0.9505953192710876,0.06024919077754021,0.10569393634796143,0.05666534975171089,0.011595525778830051,0.09586715698242188,0.028871508315205574,0.10326923429965973,0.07859932631254196,0.1913636475801468,0.26782506704330444
67,SWE,Sweden,2019,-1.153639554977417,0.358256071805954,6.892783164978027,10,1.3480762243270874,0.9407434463500977,1.4301238059997559,0.9720929861068726,1.161694884300232,0.8995420336723328,1.4524099826812744,0.9505953192710876,0.06024919077754021,0.10569393634796143,0.05666534975171089,0.011595525778830051,0.09586715698242188,0.028871508315205574,0.10326923429965973,0.07859932631254196,0.1913636475801468,0.26782506704330444
67,SWE,Sweden,2020,-1.5468288660049438,0.5272501111030579,6.892783164978027,10,1.3480762243270874,0.9407434463500977,1.4301238059997559,0.9720929861068726,1.161694884300232,0.8995420336723328,1.4524099826812744,0.9505953192710876,0.06024919077754021,0.10569393634796143,0.05666534975171089,0.011595525778830051,0.09586715698242188,0.028871508315205574,0.10326923429965973,0.07859932631254196,0.1913636475801468,0.26782506704330444
67,SWE,Sweden,2021,-1.2186294794082642,0.6302630305290222,6.892783164978027,10,1.3480762243270874,0.9407434463500977,1.4301238059997559,0.9720929861068726,1.161694884300232,0.8995420336723328,1.4524099826812744,0.9505953192710876,0.06024919077754021,0.10569393634796143,0.05666534975171089,0.011595525778830051,0.09586715698242188,0.028871508315205574,0.10326923429965973,0.07859932631254196,0.1913636475801468,0.26782506704330444
67,SWE,Sweden,2022,-1.295534372329712,0.6877223253250122,6.892783164978027,10,1.3480762243270874,0.9407434463500977,1.4301238059997559,0.9720929861068726,1.161694884300232,0.8995420336723328,1.4524099826812744,0.9505953192710876,0.06024919077754021,0.10569393634796143,0.05666534975171089,0.011595525778830051,0.09586715698242188,0.028871508315205574,0.10326923429965973,0.07859932631254196,0.1913636475801468,0.26782506704330444
67,SWE,Sweden,2023,-1.5739079713821411,0.7046787738800049,6.892783164978027,10,1.3480762243270874,0.9407434463500977,1.4301238059997559,0.9720929861068726,1.161694884300232,0.8995420336723328,1.4524099826812744,0.9505953192710876,0.06024919077754021,0.10569393634796143,0.05666534975171089,0.011595525778830051,0.09586715698242188,0.028871508315205574,0.10326923429965973,0.07859932631254196,0.1913636475801468,0.26782506704330444
68,THA,Thailand,2018,-6.279742240905762,-0.1419510543346405,6.5912885665893555,10,-0.2564157247543335,-0.7797470092773438,-0.22457081079483032,-0.805731475353241,-0.3106171190738678,-0.7455964684486389,-0.23405922949314117,-0.7879132032394409,0.07183651626110077,0.12291330844163895,0.0650002732872963,0.010959824547171593,0.09268245846033096,0.02413335256278515,0.12392129004001617,0.060410697013139725,0.2055850625038147,0.22255726158618927
68,THA,Thailand,2019,-7.279186248779297,0.42542892694473267,6.5912885665893555,10,-0.2564157247543335,-0.7797470092773438,-0.22457081079483032,-0.805731475353241,-0.3106171190738678,-0.7455964684486389,-0.23405922949314117,-0.7879132032394409,0.07183651626110077,0.12291330844163895,0.0650002732872963,0.010959824547171593,0.09268245846033096,0.02413335256278515,0.12392129004001617,0.060410697013139725,0.2055850625038147,0.22255726158618927
68,THA,Thailand,2020,-5.78999662399292,0.6278097629547119,6.5912885665893555,10,-0.2564157247543335,-0.7797470092773438,-0.22457081079483032,-0.805731475353241,-0.3106171190738678,-0.7455964684486389,-0.23405922949314117,-0.7879132032394409,0.07183651626110077,0.12291330844163895,0.0650002732872963,0.010959824547171593,0.09268245846033096,0.02413335256278515,0.12392129004001617,0.060410697013139725,0.2055850625038147,0.22255726158618927
68,THA,Thailand,2021,-6.593542575836182,0.7095482349395752,6.5912885665893555,10,-0.2564157247543335,-0.7797470092773438,-0.22457081079483032,-0.805731475353241,-0.3106171190738678,-0.7455964684486389,-0.23405922949314117,-0.7879132032394409,0.07183651626110077,0.12291330844163895,0.0650002732872963,0.010959824547171593,0.09268245846033096,0.02413335256278515,0.12392129004001617,0.060410697013139725,0.2055850625038147,0.22255726158618927
68,THA,Thailand,2022,-7.6401472091674805,0.7231131792068481,6.5912885665893555,10,-0.2564157247543335,-0.7797470092773438,-0.22457081079483032,-0.805731475353241,-0.3106171190738678,-0.7455964684486389,-0.23405922949314117,-0.7879132032394409,0.07183651626110077,0.12291330844163895,0.0650002732872963,0.010959824547171593,0.09268245846033096,0.02413335256278515,0.12392129004001617,0.060410697013139725,0.2055850625038147,0.22255726158618927
68,THA,Thailand,2023,-9.644476890563965,0.7169924974441528,6.5912885665893555,10,-0.2564157247543335,-0.7797470092773438,-0.22457081079483032,-0.805731475353241,-0.3106171190738678,-0.7455964684486389,-0.23405922949314117,-0.7879132032394409,0.07183651626110077,0.12291330844163895,0.0650002732872963,0.010959824547171593,0.09268245846033096,0.02413335256278515,0.12392129004001617,0.060410697013139725,0.2055850625038147,0.22255726158618927
69,TKM,Turkmenistan,2018,-0.8944293856620789,-1.033937931060791,6.571285724639893,10,-2.006190538406372,-0.874798595905304,-1.8531438112258911,-0.9039505124092102,-2.4522314071655273,-0.8364850282669067,-1.7131962776184082,-0.8839601278305054,0.07263167947530746,0.12400923669338226,0.06555318087339401,0.010936790145933628,0.09245239198207855,0.02388310246169567,0.12521862983703613,0.059412881731987,0.2061854749917984,0.21971656382083893
69,TKM,Turkmenistan,2019,1.0794837474822998,-0.318265438079834,6.571285724639893,10,-2.006190538406372,-0.874798595905304,-1.8531438112258911,-0.9039505124092102,-2.4522314071655273,-0.8364850282669067,-1.7131962776184082,-0.8839601278305054,0.07263167947530746,0.12400923669338226,0.06555318087339401,0.010936790145933628,0.09245239198207855,0.02388310246169567,0.12521862983703613,0.059412881731987,0.2061854749917984,0.21971656382083893
69,TKM,Turkmenistan,2020,1.1499806642532349,0.17797112464904785,6.571285724639893,10,-2.006190538406372,-0.874798595905304,-1.8531438112258911,-0.9039505124092102,-2.4522314071655273,-0.8364850282669067,-1.7131962776184082,-0.8839601278305054,0.07263167947530746,0.12400923669338226,0.06555318087339401,0.010936790145933628,0.09245239198207855,0.02388310246169567,0.12521862983703613,0.059412881731987,0.2061854749917984,0.21971656382083893
69,TKM,Turkmenistan,2021,-3.7143051624298096,0.4890812635421753,6.571285724639893,10,-2.006190538406372,-0.874798595905304,-1.8531438112258911,-0.9039505124092102,-2.4522314071655273,-0.8364850282669067,-1.7131962776184082,-0.8839601278305054,0.07263167947530746,0.12400923669338226,0.06555318087339401,0.010936790145933628,0.09245239198207855,0.02388310246169567,0.12521862983703613,0.059412881731987,0.2061854749917984,0.21971656382083893
69,TKM,Turkmenistan,2022,-2.6568517684936523,0.6548029184341431,6.571285724639893,10,-2.006190538406372,-0.874798595905304,-1.8531438112258911,-0.9039505124092102,-2.4522314071655273,-0.8364850282669067,-1.7131962776184082,-0.8839601278305054,0.07263167947530746,0.12400923669338226,0.06555318087339401,0.010936790145933628,0.09245239198207855,0.02388310246169567,0.12521862983703613,0.059412881731987,0.2061854749917984,0.21971656382083893
69,TKM,Turkmenistan,2023,-1.52890145778656,0.751307487487793,6.571285724639893,10,-2.006190538406372,-0.874798595905304,-1.8531438112258911,-0.9039505124092102,-2.4522314071655273,-0.8364850282669067,-1.7131962776184082,-0.8839601278305054,0.07263167947530746,0.12400923669338226,0.06555318087339401,0.010936790145933628,0.09245239198207855,0.02388310246169567,0.12521862983703613,0.059412881731987,0.2061854749917984,0.21971656382083893
70,TTO,Trinidad and Tobago,2018,1.318193793296814,0.46830427646636963,6.5958051681518555,10,-0.04588906839489937,-0.7580352425575256,-0.1480531096458435,-0.7832961678504944,0.11017729341983795,-0.7248355746269226,-0.09979138523340225,-0.7659740447998047,0.07165741920471191,0.12266507744789124,0.06487543135881424,0.010965290479362011,0.09273412078619003,0.02419075183570385,0.12362704426050186,0.06063905730843544,0.20544402301311493,0.223201721906662
70,TTO,Trinidad and Tobago,2019,1.3760409355163574,0.34155216813087463,6.5958051681518555,10,-0.04588906839489937,-0.7580352425575256,-0.1480531096458435,-0.7832961678504944,0.11017729341983795,-0.7248355746269226,-0.09979138523340225,-0.7659740447998047,0.07165741920471191,0.12266507744789124,0.06487543135881424,0.010965290479362011,0.09273412078619003,0.02419075183570385,0.12362704426050186,0.06063905730843544,0.20544402301311493,0.223201721906662
70,TTO,Trinidad and Tobago,2020,1.318193793296814,0.13635432720184326,6.5958051681518555,10,-0.04588906839489937,-0.7580352425575256,-0.1480531096458435,-0.7832961678504944,0.11017729341983795,-0.7248355746269226,-0.09979138523340225,-0.7659740447998047,0.07165741920471191,0.12266507744789124,0.06487543135881424,0.010965290479362011,0.09273412078619003,0.02419075183570385,0.12362704426050186,0.06063905730843544,0.20544402301311493,0.223201721906662
70,TTO,Trinidad and Tobago,2021,1.665277123451233,-0.08375253528356552,6.5958051681518555,10,-0.04588906839489937,-0.7580352425575256,-0.1480531096458435,-0.7832961678504944,0.11017729341983795,-0.7248355746269226,-0.09979138523340225,-0.7659740447998047,0.07165741920471191,0.12266507744789124,0.06487543135881424,0.010965290479362011,0.09273412078619003,0.02419075183570385,0.12362704426050186,0.06063905730843544,0.20544402301311493,0.223201721906662
70,TTO,Trinidad and Tobago,2022,2.058638334274292,-0.27812010049819946,6.5958051681518555,10,-0.04588906839489937,-0.7580352425575256,-0.1480531096458435,-0.7832961678504944,0.11017729341983795,-0.7248355746269226,-0.09979138523340225,-0.7659740447998047,0.07165741920471191,0.12266507744789124,0.06487543135881424,0.010965290479362011,0.09273412078619003,0.02419075183570385,0.12362704426050186,0.06063905730843544,0.20544402301311493,0.223201721906662
70,TTO,Trinidad and Tobago,2023,2.058638334274292,-0.43688878417015076,6.5958051681518555,10,-0.04588906839489937,-0.7580352425575256,-0.1480531096458435,-0.7832961678504944,0.11017729341983795,-0.7248355746269226,-0.09979138523340225,-0.7659740447998047,0.07165741920471191,0.12266507744789124,0.06487543135881424,0.010965290479362011,0.09273412078619003,0.02419075183570385,0.12362704426050186,0.06063905730843544,0.20544402301311493,0.223201721906662
71,TUR,Turkey,2018,-0.10262159258127213,0.47604596614837646,6.563508987426758,10,-0.3568929135799408,-0.911300003528595,-0.3960716426372528,-0.9416683316230774,-0.2856121361255646,-0.871387779712677,-0.3889949917793274,-0.9208438396453857,0.07294190675020218,0.12443412095308304,0.0657682865858078,0.010928351432085037,0.09236236661672592,0.023787474259734154,0.1257207840681076,0.059030596166849136,0.20640845596790314,0.21861770749092102
71,TUR,Turkey,2019,-1.772402048110962,0.6887547969818115,6.563508987426758,10,-0.3568929135799408,-0.911300003528595,-0.3960716426372528,-0.9416683316230774,-0.2856121361255646,-0.871387779712677,-0.3889949917793274,-0.9208438396453857,0.07294190675020218,0.12443412095308304,0.0657682865858078,0.010928351432085037,0.09236236661672592,0.023787474259734154,0.1257207840681076,0.059030596166849136,0.20640845596790314,0.21861770749092102
71,TUR,Turkey,2020,-1.959740161895752,0.5987332463264465,6.563508987426758,10,-0.3568929135799408,-0.911300003528595,-0.3960716426372528,-0.9416683316230774,-0.2856121361255646,-0.871387779712677,-0.3889949917793274,-0.9208438396453857,0.07294190675020218,0.12443412095308304,0.0657682865858078,0.010928351432085037,0.09236236661672592,0.023787474259734154,0.1257207840681076,0.059030596166849136,0.20640845596790314,0.21861770749092102
71,TUR,Turkey,2021,-1.391783356666565,0.5612974166870117,6.563508987426758,10,-0.3568929135799408,-0.911300003528595,-0.3960716426372528,-0.9416683316230774,-0.2856121361255646,-0.871387779712677,-0.3889949917793274,-0.9208438396453857,0.07294190675020218,0.12443412095308304,0.0657682865858078,0.010928351432085037,0.09236236661672592,0.023787474259734154,0.1257207840681076,0.059030596166849136,0.20640845596790314,0.21861770749092102
71,TUR,Turkey,2022,-1.788352370262146,0.393446683883667,6.563508987426758,10,-0.3568929135799408,-0.911300003528595,-0.3960716426372528,-0.9416683316230774,-0.2856121361255646,-0.871387779712677,-0.3889949917793274,-0.9208438396453857,0.07294190675020218,0.12443412095308304,0.0657682865858078,0.010928351432085037,0.09236236661672592,0.023787474259734154,0.1257207840681076,0.059030596166849136,0.20640845596790314,0.21861770749092102
71,TUR,Turkey,2023,-1.6069564819335938,0.3527873754501343,6.563508987426758,10,-0.3568929135799408,-0.911300003528595,-0.3960716426372528,-0.9416683316230774,-0.2856121361255646,-0.871387779712677,-0.3889949917793274,-0.9208438396453857,0.07294190675020218,0.12443412095308304,0.0657682865858078,0.010928351432085037,0.09236236661672592,0.023787474259734154,0.1257207840681076,0.059030596166849136,0.20640845596790314,0.21861770749092102
72,UKR,Ukraine,2018,-3.635014295578003,-0.1450064331293106,6.592118263244629,10,-1.2346214056015015,-0.7757623195648193,-1.3236093521118164,-0.801613986492157,-1.1485481262207031,-0.7417862415313721,-1.2317067384719849,-0.783886730670929,0.07180359214544296,0.12286769598722458,0.06497732549905777,0.01096082292497158,0.09269197285175323,0.0241438839584589,0.1238672286272049,0.06045261025428772,0.20555928349494934,0.2226756066083908
72,UKR,Ukraine,2019,-4.1212358474731445,0.29060786962509155,6.592118263244629,10,-1.2346214056015015,-0.7757623195648193,-1.3236093521118164,-0.801613986492157,-1.1485481262207031,-0.7417862415313721,-1.2317067384719849,-0.783886730670929,0.07180359214544296,0.12286769598722458,0.06497732549905777,0.01096082292497158,0.09269197285175323,0.0241438839584589,0.1238672286272049,0.06045261025428772,0.20555928349494934,0.2226756066083908
72,UKR,Ukraine,2020,-5.126094341278076,0.5252856016159058,6.592118263244629,10,-1.2346214056015015,-0.7757623195648193,-1.3236093521118164,-0.801613986492157,-1.1485481262207031,-0.7417862415313721,-1.2317067384719849,-0.783886730670929,0.07180359214544296,0.12286769598722458,0.06497732549905777,0.01096082292497158,0.09269197285175323,0.0241438839584589,0.1238672286272049,0.06045261025428772,0.20555928349494934,0.2226756066083908
72,UKR,Ukraine,2021,-7.988569259643555,0.6421918869018555,6.592118263244629,10,-1.2346214056015015,-0.7757623195648193,-1.3236093521118164,-0.801613986492157,-1.1485481262207031,-0.7417862415313721,-1.2317067384719849,-0.783886730670929,0.07180359214544296,0.12286769598722458,0.06497732549905777,0.01096082292497158,0.09269197285175323,0.0241438839584589,0.1238672286272049,0.06045261025428772,0.20555928349494934,0.2226756066083908
72,UKR,Ukraine,2022,-9.796317100524902,0.6196857690811157,6.592118263244629,10,-1.2346214056015015,-0.7757623195648193,-1.3236093521118164,-0.801613986492157,-1.1485481262207031,-0.7417862415313721,-1.2317067384719849,-0.783886730670929,0.07180359214544296,0.12286769598722458,0.06497732549905777,0.01096082292497158,0.09269197285175323,0.0241438839584589,0.1238672286272049,0.06045261025428772,0.20555928349494934,0.2226756066083908
72,UKR,Ukraine,2023,-9.796317100524902,0.5776194930076599,6.592118263244629,10,-1.2346214056015015,-0.7757623195648193,-1.3236093521118164,-0.801613986492157,-1.1485481262207031,-0.7417862415313721,-1.2317067384719849,-0.783886730670929,0.07180359214544296,0.12286769598722458,0.06497732549905777,0.01096082292497158,0.09269197285175323,0.0241438839584589,0.1238672286272049,0.06045261025428772,0.20555928349494934,0.2226756066083908
73,USA,United States,2018,-7.697317123413086,0.03707639127969742,6.9139628410339355,10,1.167035460472107,1.090470790863037,1.1881818771362305,1.12680983543396,1.1316249370574951,1.0427117347717285,1.1812996864318848,1.1018906831741333,0.05945843830704689,0.10442384332418442,0.056075457483530045,0.011666514910757542,0.09606903046369553,0.029294699430465698,0.10173395276069641,0.08015601336956024,0.18995551764965057,0.27116653323173523
73,USA,United States,2019,-9.035722732543945,0.026761062443256378,6.9139628410339355,10,1.167035460472107,1.090470790863037,1.1881818771362305,1.12680983543396,1.1316249370574951,1.0427117347717285,1.1812996864318848,1.1018906831741333,0.05945843830704689,0.10442384332418442,0.056075457483530045,0.011666514910757542,0.09606903046369553,0.029294699430465698,0.10173395276069641,0.08015601336956024,0.18995551764965057,0.27116653323173523
73,USA,United States,2020,-10.637649536132812,-0.2195957899093628,6.9139628410339355,10,1.167035460472107,1.090470790863037,1.1881818771362305,1.12680983543396,1.1316249370574951,1.0427117347717285,1.1812996864318848,1.1018906831741333,0.05945843830704689,0.10442384332418442,0.056075457483530045,0.011666514910757542,0.09606903046369553,0.029294699430465698,0.10173395276069641,0.08015601336956024,0.18995551764965057,0.27116653323173523
73,USA,United States,2021,-9.941286087036133,-0.5173346400260925,6.9139628410339355,10,1.167035460472107,1.090470790863037,1.1881818771362305,1.12680983543396,1.1316249370574951,1.0427117347717285,1.1812996864318848,1.1018906831741333,0.05945843830704689,0.10442384332418442,0.056075457483530045,0.011666514910757542,0.09606903046369553,0.029294699430465698,0.10173395276069641,0.08015601336956024,0.18995551764965057,0.27116653323173523
73,USA,United States,2022,-10.715087890625,-0.8266187906265259,6.9139628410339355,10,1.167035460472107,1.090470790863037,1.1881818771362305,1.12680983543396,1.1316249370574951,1.0427117347717285,1.1812996864318848,1.1018906831741333,0.05945843830704689,0.10442384332418442,0.056075457483530045,0.011666514910757542,0.09606903046369553,0.029294699430465698,0.10173395276069641,0.08015601336956024,0.18995551764965057,0.27116653323173523
73,USA,United States,2023,-11.726405143737793,-1.074009895324707,6.9139628410339355,10,1.167035460472107,1.090470790863037,1.1881818771362305,1.12680983543396,1.1316249370574951,1.0427117347717285,1.1812996864318848,1.1018906831741333,0.05945843830704689,0.10442384332418442,0.056075457483530045,0.011666514910757542,0.09606903046369553,0.029294699430465698,0.10173395276069641,0.08015601336956024,0.18995551764965057,0.27116653323173523
74,UZB,Uzbekistan,2018,1.4206937551498413,0.6061084270477295,6.585515975952148,10,-1.8003510236740112,-0.8073534965515137,-1.597791075706482,-0.834257960319519,-2.1902878284454346,-0.77199387550354,-1.6129741668701172,-0.8158087730407715,0.07206559181213379,0.12323004007339478,0.06515977531671524,0.010952978394925594,0.09261628240346909,0.02406049519777298,0.12429653108119965,0.06012055650353432,0.20576229691505432,0.2217353880405426
74,UZB,Uzbekistan,2019,0.9323561787605286,0.9235532283782959,6.585515975952148,10,-1.8003510236740112,-0.8073534965515137,-1.597791075706482,-0.834257960319519,-2.1902878284454346,-0.77199387550354,-1.6129741668701172,-0.8158087730407715,0.07206559181213379,0.12323004007339478,0.06515977531671524,0.010952978394925594,0.09261628240346909,0.02406049519777298,0.12429653108119965,0.06012055650353432,0.20576229691505432,0.2217353880405426
74,UZB,Uzbekistan,2020,1.6637600660324097,0.8504859209060669,6.585515975952148,10,-1.8003510236740112,-0.8073534965515137,-1.597791075706482,-0.834257960319519,-2.1902878284454346,-0.77199387550354,-1.6129741668701172,-0.8158087730407715,0.07206559181213379,0.12323004007339478,0.06515977531671524,0.010952978394925594,0.09261628240346909,0.02406049519777298,0.12429653108119965,0.06012055650353432,0.20576229691505432,0.2217353880405426
74,UZB,Uzbekistan,2021,1.6973286867141724,0.596306324005127,6.585515975952148,10,-1.8003510236740112,-0.8073534965515137,-1.597791075706482,-0.834257960319519,-2.1902878284454346,-0.77199387550354,-1.6129741668701172,-0.8158087730407715,0.07206559181213379,0.12323004007339478,0.06515977531671524,0.010952978394925594,0.09261628240346909,0.02406049519777298,0.12429653108119965,0.06012055650353432,0.20576229691505432,0.2217353880405426
74,UZB,Uzbekistan,2022,0.9835667014122009,0.44441694021224976,6.585515975952148,10,-1.8003510236740112,-0.8073534965515137,-1.597791075706482,-0.834257960319519,-2.1902878284454346,-0.77199387550354,-1.6129741668701172,-0.8158087730407715,0.07206559181213379,0.12323004007339478,0.06515977531671524,0.010952978394925594,0.09261628240346909,0.02406049519777298,0.12429653108119965,0.06012055650353432,0.20576229691505432,0.2217353880405426
74,UZB,Uzbekistan,2023,0.9794012308120728,0.22229546308517456,6.585515975952148,10,-1.8003510236740112,-0.8073534965515137,-1.597791075706482,-0.834257960319519,-2.1902878284454346,-0.77199387550354,-1.6129741668701172,-0.8158087730407715,0.07206559181213379,0.12323004007339478,0.06515977531671524,0.010952978394925594,0.09261628240346909,0.02406049519777298,0.12429653108119965,0.06012055650353432,0.20576229691505432,0.2217353880405426
75,VEN,Venezuela,2018,4.365685939788818,-0.5452171564102173,6.601987838745117,10,-1.5081526041030884,-0.728173553943634,-1.3741530179977417,-0.7524394392967224,-1.5062425136566162,-0.6962817907333374,-1.6440623998641968,-0.7357996702194214,0.07141263037919998,0.12232499569654465,0.06470462679862976,0.010972943156957626,0.09280466288328171,0.024269843474030495,0.1232236847281456,0.060953378677368164,0.20524775981903076,0.2240854948759079
75,VEN,Venezuela,2019,4.361935615539551,-0.19558563828468323,6.601987838745117,10,-1.5081526041030884,-0.728173553943634,-1.3741530179977417,-0.7524394392967224,-1.5062425136566162,-0.6962817907333374,-1.6440623998641968,-0.7357996702194214,0.07141263037919998,0.12232499569654465,0.06470462679862976,0.010972943156957626,0.09280466288328171,0.024269843474030495,0.1232236847281456,0.060953378677368164,0.20524775981903076,0.2240854948759079
75,VEN,Venezuela,2020,-2.0265071392059326,-0.1402416229248047,6.601987838745117,10,-1.5081526041030884,-0.728173553943634,-1.3741530179977417,-0.7524394392967224,-1.5062425136566162,-0.6962817907333374,-1.6440623998641968,-0.7357996702194214,0.07141263037919998,0.12232499569654465,0.06470462679862976,0.010972943156957626,0.09280466288328171,0.024269843474030495,0.1232236847281456,0.060953378677368164,0.20524775981903076,0.2240854948759079
75,VEN,Venezuela,2021,-2.5107500553131104,-0.18392100930213928,6.601987838745117,10,-1.5081526041030884,-0.728173553943634,-1.3741530179977417,-0.7524394392967224,-1.5062425136566162,-0.6962817907333374,-1.6440623998641968,-0.7357996702194214,0.07141263037919998,0.12232499569654465,0.06470462679862976,0.010972943156957626,0.09280466288328171,0.024269843474030495,0.1232236847281456,0.060953378677368164,0.20524775981903076,0.2240854948759079
75,VEN,Venezuela,2022,-2.220579147338867,-0.23532569408416748,6.601987838745117,10,-1.5081526041030884,-0.728173553943634,-1.3741530179977417,-0.7524394392967224,-1.5062425136566162,-0.6962817907333374,-1.6440623998641968,-0.7357996702194214,0.07141263037919998,0.12232499569654465,0.06470462679862976,0.010972943156957626,0.09280466288328171,0.024269843474030495,0.1232236847281456,0.060953378677368164,0.20524775981903076,0.2240854948759079
75,VEN,Venezuela,2023,-2.2290172576904297,-0.28906840085983276,6.601987838745117,10,-1.5081526041030884,-0.728173553943634,-1.3741530179977417,-0.7524394392967224,-1.5062425136566162,-0.6962817907333374,-1.6440623998641968,-0.7357996702194214,0.07141263037919998,0.12232499569654465,0.06470462679862976,0.010972943156957626,0.09280466288328171,0.024269843474030495,0.1232236847281456,0.060953378677368164,0.20524775981903076,0.2240854948759079
76,VNM,Vietnam,2018,1.8500128984451294,0.4853476285934448,6.61629581451416,10,-1.0041168928146362,-0.6583890318870544,-0.9023603796958923,-0.6803292632102966,-1.090646505355835,-0.629553496837616,-1.0193438529968262,-0.6652842164039612,0.07084742188453674,0.12153606861829758,0.06430941075086594,0.010991383343935013,0.09296710789203644,0.024455277249217033,0.12228696793317795,0.06168900057673454,0.20477892458438873,0.22613844275474548
76,VNM,Vietnam,2019,3.117563009262085,1.0156737565994263,6.61629581451416,10,-1.0041168928146362,-0.6583890318870544,-0.9023603796958923,-0.6803292632102966,-1.090646505355835,-0.629553496837616,-1.0193438529968262,-0.6652842164039612,0.07084742188453674,0.12153606861829758,0.06430941075086594,0.010991383343935013,0.09296710789203644,0.024455277249217033,0.12228696793317795,0.06168900057673454,0.20477892458438873,0.22613844275474548
76,VNM,Vietnam,2020,2.663336753845215,1.2528154850006104,6.61629581451416,10,-1.0041168928146362,-0.6583890318870544,-0.9023603796958923,-0.6803292632102966,-1.090646505355835,-0.629553496837616,-1.0193438529968262,-0.6652842164039612,0.07084742188453674,0.12153606861829758,0.06430941075086594,0.010991383343935013,0.09296710789203644,0.024455277249217033,0.12228696793317795,0.06168900057673454,0.20477892458438873,0.22613844275474548
76,VNM,Vietnam,2021,1.7106215953826904,1.3509461879730225,6.61629581451416,10,-1.0041168928146362,-0.6583890318870544,-0.9023603796958923,-0.6803292632102966,-1.090646505355835,-0.629553496837616,-1.0193438529968262,-0.6652842164039612,0.07084742188453674,0.12153606861829758,0.06430941075086594,0.010991383343935013,0.09296710789203644,0.024455277249217033,0.12228696793317795,0.06168900057673454,0.20477892458438873,0.22613844275474548
76,VNM,Vietnam,2022,0.6460008025169373,1.424836277961731,6.61629581451416,10,-1.0041168928146362,-0.6583890318870544,-0.9023603796958923,-0.6803292632102966,-1.090646505355835,-0.629553496837616,-1.0193438529968262,-0.6652842164039612,0.07084742188453674,0.12153606861829758,0.06430941075086594,0.010991383343935013,0.09296710789203644,0.024455277249217033,0.12228696793317795,0.06168900057673454,0.20477892458438873,0.22613844275474548
76,VNM,Vietnam,2023,1.6631464958190918,1.4390588998794556,6.61629581451416,10,-1.0041168928146362,-0.6583890318870544,-0.9023603796958923,-0.6803292632102966,-1.090646505355835,-0.629553496837616,-1.0193438529968262,-0.6652842164039612,0.07084742188453674,0.12153606861829758,0.06430941075086594,0.010991383343935013,0.09296710789203644,0.024455277249217033,0.12228696793317795,0.06168900057673454,0.20477892458438873,0.22613844275474548
77,ZAF,South Africa,2018,-6.3950324058532715,0.4180406332015991,6.584747314453125,10,-0.0641661062836647,-0.8110230565071106,-0.015326484106481075,-0.8380498290061951,0.13372927904129028,-0.7755027413368225,-0.31090110540390015,-0.8195167779922485,0.07209615409374237,0.12327224761247635,0.06518105417490005,0.010952078737318516,0.09260744601488113,0.024050822481513023,0.12434651702642441,0.06008201837539673,0.20578573644161224,0.22162595391273499
77,ZAF,South Africa,2019,-8.257451057434082,0.7493628859519958,6.584747314453125,10,-0.0641661062836647,-0.8110230565071106,-0.015326484106481075,-0.8380498290061951,0.13372927904129028,-0.7755027413368225,-0.31090110540390015,-0.8195167779922485,0.07209615409374237,0.12327224761247635,0.06518105417490005,0.010952078737318516,0.09260744601488113,0.024050822481513023,0.12434651702642441,0.06008201837539673,0.20578573644161224,0.22162595391273499
77,ZAF,South Africa,2020,-7.980379581451416,0.6968342661857605,6.584747314453125,10,-0.0641661062836647,-0.8110230565071106,-0.015326484106481075,-0.8380498290061951,0.13372927904129028,-0.7755027413368225,-0.31090110540390015,-0.8195167779922485,0.07209615409374237,0.12327224761247635,0.06518105417490005,0.010952078737318516,0.09260744601488113,0.024050822481513023,0.12434651702642441,0.06008201837539673,0.20578573644161224,0.22162595391273499
77,ZAF,South Africa,2021,-12.659340858459473,0.5603163242340088,6.584747314453125,10,-0.0641661062836647,-0.8110230565071106,-0.015326484106481075,-0.8380498290061951,0.13372927904129028,-0.7755027413368225,-0.31090110540390015,-0.8195167779922485,0.07209615409374237,0.12327224761247635,0.06518105417490005,0.010952078737318516,0.09260744601488113,0.024050822481513023,0.12434651702642441,0.06008201837539673,0.20578573644161224,0.22162595391273499
77,ZAF,South Africa,2022,-15.694624900817871,0.617501974105835,6.584747314453125,10,-0.0641661062836647,-0.8110230565071106,-0.015326484106481075,-0.8380498290061951,0.13372927904129028,-0.7755027413368225,-0.31090110540390015,-0.8195167779922485,0.07209615409374237,0.12327224761247635,0.06518105417490005,0.010952078737318516,0.09260744601488113,0.024050822481513023,0.12434651702642441,0.06008201837539673,0.20578573644161224,0.22162595391273499
77,ZAF,South Africa,2023,-19.3819637298584,0.43666762113571167,6.584747314453125,10,-0.0641661062836647,-0.8110230565071106,-0.015326484106481075,-0.8380498290061951,0.13372927904129028,-0.7755027413368225,-0.31090110540390015,-0.8195167779922485,0.07209615409374237,0.12327224761247635,0.06518105417490005,0.010952078737318516,0.09260744601488113,0.024050822481513023,0.12434651702642441,0.06008201837539673,0.20578573644161224,0.22162595391273499
