entity_id,entity_code,entity_name,year,y_true,y_pred,posthoc_k_star,lag_profile_peak,proxy_signal_true,proxy_1_true,proxy_2_true,proxy_3_true,lag_profile_1,lag_profile_2,lag_profile_3,lag_profile_4,lag_profile_5,lag_profile_6,lag_profile_7,lag_profile_8,lag_profile_9,lag_profile_10
0,ARE,United Arab Emirates,2018,-77.53056335449219,-0.17722724378108978,2.9695253372192383,1,0.18880443274974823,0.332748681306839,0.2764120101928711,-0.042747389525175095,0.6356116533279419,0.13147583603858948,0.0,0.0,0.0,0.0,0.0387461893260479,0.04222899302840233,0.057466261088848114,0.0944710522890091
0,ARE,United Arab Emirates,2019,-233.2926788330078,-0.2354615479707718,2.9695253372192383,1,0.18880443274974823,0.332748681306839,0.2764120101928711,-0.042747389525175095,0.6356116533279419,0.13147583603858948,0.0,0.0,0.0,0.0,0.0387461893260479,0.04222899302840233,0.057466261088848114,0.0944710522890091
0,ARE,United Arab Emirates,2020,-435.1805725097656,-0.2659502625465393,2.9695253372192383,1,0.18880443274974823,0.332748681306839,0.2764120101928711,-0.042747389525175095,0.6356116533279419,0.13147583603858948,0.0,0.0,0.0,0.0,0.0387461893260479,0.04222899302840233,0.057466261088848114,0.0944710522890091
0,ARE,United Arab Emirates,2021,-1001.4480590820312,-0.2613935172557831,2.9695253372192383,1,0.18880443274974823,0.332748681306839,0.2764120101928711,-0.042747389525175095,0.6356116533279419,0.13147583603858948,0.0,0.0,0.0,0.0,0.0387461893260479,0.04222899302840233,0.057466261088848114,0.0944710522890091
0,ARE,United Arab Emirates,2022,-1657.7239990234375,-0.24372951686382294,2.9695253372192383,1,0.18880443274974823,0.332748681306839,0.2764120101928711,-0.042747389525175095,0.6356116533279419,0.13147583603858948,0.0,0.0,0.0,0.0,0.0387461893260479,0.04222899302840233,0.057466261088848114,0.0944710522890091
0,ARE,United Arab Emirates,2023,-2705.017333984375,-0.2255128026008606,2.9695253372192383,1,0.18880443274974823,0.332748681306839,0.2764120101928711,-0.042747389525175095,0.6356116533279419,0.13147583603858948,0.0,0.0,0.0,0.0,0.0387461893260479,0.04222899302840233,0.057466261088848114,0.0944710522890091
1,ARG,Argentina,2018,1.6428788900375366,-0.24739912152290344,5.5,1,-0.6909387707710266,-0.40908560156822205,-0.8905236124992371,-0.7732071280479431,0.10000000149011612,0.10000000149011612,0.10000000149011612,0.10000000149011612,0.10000000149011612,0.10000000149011612,0.10000000149011612,0.10000000149011612,0.10000000149011612,0.10000000149011612
1,ARG,Argentina,2019,1.1453611850738525,-0.26528143882751465,5.5,1,-0.6909387707710266,-0.40908560156822205,-0.8905236124992371,-0.7732071280479431,0.10000000149011612,0.10000000149011612,0.10000000149011612,0.10000000149011612,0.10000000149011612,0.10000000149011612,0.10000000149011612,0.10000000149011612,0.10000000149011612,0.10000000149011612
1,ARG,Argentina,2020,1.0582135915756226,-0.27708661556243896,5.5,1,-0.6909387707710266,-0.40908560156822205,-0.8905236124992371,-0.7732071280479431,0.10000000149011612,0.10000000149011612,0.10000000149011612,0.10000000149011612,0.10000000149011612,0.10000000149011612,0.10000000149011612,0.10000000149011612,0.10000000149011612,0.10000000149011612
1,ARG,Argentina,2021,1.4250097274780273,-0.2844623923301697,5.5,1,-0.6909387707710266,-0.40908560156822205,-0.8905236124992371,-0.7732071280479431,0.10000000149011612,0.10000000149011612,0.10000000149011612,0.10000000149011612,0.10000000149011612,0.10000000149011612,0.10000000149011612,0.10000000149011612,0.10000000149011612,0.10000000149011612
1,ARG,Argentina,2022,0.9982249736785889,-0.2879832983016968,5.5,1,-0.6909387707710266,-0.40908560156822205,-0.8905236124992371,-0.7732071280479431,0.10000000149011612,0.10000000149011612,0.10000000149011612,0.10000000149011612,0.10000000149011612,0.10000000149011612,0.10000000149011612,0.10000000149011612,0.10000000149011612,0.10000000149011612
1,ARG,Argentina,2023,-0.24900130927562714,-0.28636831045150757,5.5,1,-0.6909387707710266,-0.40908560156822205,-0.8905236124992371,-0.7732071280479431,0.10000000149011612,0.10000000149011612,0.10000000149011612,0.10000000149011612,0.10000000149011612,0.10000000149011612,0.10000000149011612,0.10000000149011612,0.10000000149011612,0.10000000149011612
2,AUS,Australia,2018,-7.367125034332275,-0.055142343044281006,5.5,1,1.25566828250885,1.2781401872634888,1.1565734148025513,1.3322911262512207,0.10000000149011612,0.10000000149011612,0.10000000149011612,0.10000000149011612,0.10000000149011612,0.10000000149011612,0.10000000149011612,0.10000000149011612,0.10000000149011612,0.10000000149011612
2,AUS,Australia,2019,-8.657783508300781,-0.052232056856155396,5.5,1,1.25566828250885,1.2781401872634888,1.1565734148025513,1.3322911262512207,0.10000000149011612,0.10000000149011612,0.10000000149011612,0.10000000149011612,0.10000000149011612,0.10000000149011612,0.10000000149011612,0.10000000149011612,0.10000000149011612,0.10000000149011612
2,AUS,Australia,2020,-10.614906311035156,-0.052430659532547,5.5,1,1.25566828250885,1.2781401872634888,1.1565734148025513,1.3322911262512207,0.10000000149011612,0.10000000149011612,0.10000000149011612,0.10000000149011612,0.10000000149011612,0.10000000149011612,0.10000000149011612,0.10000000149011612,0.10000000149011612,0.10000000149011612
2,AUS,Australia,2021,-13.180018424987793,-0.05701036751270294,5.5,1,1.25566828250885,1.2781401872634888,1.1565734148025513,1.3322911262512207,0.10000000149011612,0.10000000149011612,0.10000000149011612,0.10000000149011612,0.10000000149011612,0.10000000149011612,0.10000000149011612,0.10000000149011612,0.10000000149011612,0.10000000149011612
2,AUS,Australia,2022,-15.15616226196289,-0.06391993165016174,5.5,1,1.25566828250885,1.2781401872634888,1.1565734148025513,1.3322911262512207,0.10000000149011612,0.10000000149011612,0.10000000149011612,0.10000000149011612,0.10000000149011612,0.10000000149011612,0.10000000149011612,0.10000000149011612,0.10000000149011612,0.10000000149011612
2,AUS,Australia,2023,-16.646900177001953,-0.07204064726829529,5.5,1,1.25566828250885,1.2781401872634888,1.1565734148025513,1.3322911262512207,0.10000000149011612,0.10000000149011612,0.10000000149011612,0.10000000149011612,0.10000000149011612,0.10000000149011612,0.10000000149011612,0.10000000149011612,0.10000000149011612,0.10000000149011612
3,AUT,Austria,2018,-3.331990957260132,-0.07200755178928375,5.5,1,1.3129711151123047,1.3305449485778809,1.1512476205825806,1.4571207761764526,0.10000000149011612,0.10000000149011612,0.10000000149011612,0.10000000149011612,0.10000000149011612,0.10000000149011612,0.10000000149011612,0.10000000149011612,0.10000000149011612,0.10000000149011612
3,AUT,Austria,2019,-3.5629565715789795,-0.07945051789283752,5.5,1,1.3129711151123047,1.3305449485778809,1.1512476205825806,1.4571207761764526,0.10000000149011612,0.10000000149011612,0.10000000149011612,0.10000000149011612,0.10000000149011612,0.10000000149011612,0.10000000149011612,0.10000000149011612,0.10000000149011612,0.10000000149011612
3,AUT,Austria,2020,-4.44062614440918,-0.08106464147567749,5.5,1,1.3129711151123047,1.3305449485778809,1.1512476205825806,1.4571207761764526,0.10000000149011612,0.10000000149011612,0.10000000149011612,0.10000000149011612,0.10000000149011612,0.10000000149011612,0.10000000149011612,0.10000000149011612,0.10000000149011612,0.10000000149011612
3,AUT,Austria,2021,-4.349145412445068,-0.07349084317684174,5.5,1,1.3129711151123047,1.3305449485778809,1.1512476205825806,1.4571207761764526,0.10000000149011612,0.10000000149011612,0.10000000149011612,0.10000000149011612,0.10000000149011612,0.10000000149011612,0.10000000149011612,0.10000000149011612,0.10000000149011612,0.10000000149011612
3,AUT,Austria,2022,-4.098706245422363,-0.06716462969779968,5.5,1,1.3129711151123047,1.3305449485778809,1.1512476205825806,1.4571207761764526,0.10000000149011612,0.10000000149011612,0.10000000149011612,0.10000000149011612,0.10000000149011612,0.10000000149011612,0.10000000149011612,0.10000000149011612,0.10000000149011612,0.10000000149011612
3,AUT,Austria,2023,-5.443741798400879,-0.06566962599754333,5.5,1,1.3129711151123047,1.3305449485778809,1.1512476205825806,1.4571207761764526,0.10000000149011612,0.10000000149011612,0.10000000149011612,0.10000000149011612,0.10000000149011612,0.10000000149011612,0.10000000149011612,0.10000000149011612,0.10000000149011612,0.10000000149011612
4,AZE,Azerbaijan,2018,3.094372272491455,-0.31993594765663147,9.626904487609863,10,-1.294363021850586,-1.4495718479156494,-1.172594428062439,-1.2609230279922485,0.0,0.0,0.0,0.0,0.0,0.0,0.0,0.0,0.37309542298316956,0.6269045472145081
4,AZE,Azerbaijan,2019,3.558119297027588,-0.31534427404403687,9.626904487609863,10,-1.294363021850586,-1.4495718479156494,-1.172594428062439,-1.2609230279922485,0.0,0.0,0.0,0.0,0.0,0.0,0.0,0.0,0.37309542298316956,0.6269045472145081
4,AZE,Azerbaijan,2020,4.490204811096191,-0.31108400225639343,9.626904487609863,10,-1.294363021850586,-1.4495718479156494,-1.172594428062439,-1.2609230279922485,0.0,0.0,0.0,0.0,0.0,0.0,0.0,0.0,0.37309542298316956,0.6269045472145081
4,AZE,Azerbaijan,2021,4.194814682006836,-0.3093304932117462,9.626904487609863,10,-1.294363021850586,-1.4495718479156494,-1.172594428062439,-1.2609230279922485,0.0,0.0,0.0,0.0,0.0,0.0,0.0,0.0,0.37309542298316956,0.6269045472145081
4,AZE,Azerbaijan,2022,3.8313167095184326,-0.2995392680168152,9.626904487609863,10,-1.294363021850586,-1.4495718479156494,-1.172594428062439,-1.2609230279922485,0.0,0.0,0.0,0.0,0.0,0.0,0.0,0.0,0.37309542298316956,0.6269045472145081
4,AZE,Azerbaijan,2023,3.7241804599761963,-0.29892051219940186,9.626904487609863,10,-1.294363021850586,-1.4495718479156494,-1.172594428062439,-1.2609230279922485,0.0,0.0,0.0,0.0,0.0,0.0,0.0,0.0,0.37309542298316956,0.6269045472145081
5,BEL,Belgium,2018,-2.035623550415039,-0.05962909758090973,5.5,1,0.9798359274864197,1.2219529151916504,0.8175865411758423,0.8999684453010559,0.10000000149011612,0.10000000149011612,0.10000000149011612,0.10000000149011612,0.10000000149011612,0.10000000149011612,0.10000000149011612,0.10000000149011612,0.10000000149011612,0.10000000149011612
5,BEL,Belgium,2019,-3.1006269454956055,-0.059388503432273865,5.5,1,0.9798359274864197,1.2219529151916504,0.8175865411758423,0.8999684453010559,0.10000000149011612,0.10000000149011612,0.10000000149011612,0.10000000149011612,0.10000000149011612,0.10000000149011612,0.10000000149011612,0.10000000149011612,0.10000000149011612,0.10000000149011612
5,BEL,Belgium,2020,-2.7479605674743652,-0.05742272734642029,5.5,1,0.9798359274864197,1.2219529151916504,0.8175865411758423,0.8999684453010559,0.10000000149011612,0.10000000149011612,0.10000000149011612,0.10000000149011612,0.10000000149011612,0.10000000149011612,0.10000000149011612,0.10000000149011612,0.10000000149011612,0.10000000149011612
5,BEL,Belgium,2021,-3.9674084186553955,-0.055581554770469666,5.5,1,0.9798359274864197,1.2219529151916504,0.8175865411758423,0.8999684453010559,0.10000000149011612,0.10000000149011612,0.10000000149011612,0.10000000149011612,0.10000000149011612,0.10000000149011612,0.10000000149011612,0.10000000149011612,0.10000000149011612,0.10000000149011612
5,BEL,Belgium,2022,-3.700895071029663,-0.05450721085071564,5.5,1,0.9798359274864197,1.2219529151916504,0.8175865411758423,0.8999684453010559,0.10000000149011612,0.10000000149011612,0.10000000149011612,0.10000000149011612,0.10000000149011612,0.10000000149011612,0.10000000149011612,0.10000000149011612,0.10000000149011612,0.10000000149011612
5,BEL,Belgium,2023,-3.867947578430176,-0.05371615290641785,5.5,1,0.9798359274864197,1.2219529151916504,0.8175865411758423,0.8999684453010559,0.10000000149011612,0.10000000149011612,0.10000000149011612,0.10000000149011612,0.10000000149011612,0.10000000149011612,0.10000000149011612,0.10000000149011612,0.10000000149011612,0.10000000149011612
6,BGD,Bangladesh,2018,1.2597620487213135,-0.31618332862854004,6.353926181793213,10,-1.3428869247436523,-1.2080445289611816,-1.482562780380249,-1.3380534648895264,0.09947265684604645,0.08185073733329773,0.06951121985912323,0.03648107126355171,0.05066400766372681,0.08220907300710678,0.11911715567111969,0.15432913601398468,0.14238278567790985,0.16398216784000397
6,BGD,Bangladesh,2019,1.4318774938583374,-0.2995295822620392,6.353926181793213,10,-1.3428869247436523,-1.2080445289611816,-1.482562780380249,-1.3380534648895264,0.09947265684604645,0.08185073733329773,0.06951121985912323,0.03648107126355171,0.05066400766372681,0.08220907300710678,0.11911715567111969,0.15432913601398468,0.14238278567790985,0.16398216784000397
6,BGD,Bangladesh,2020,1.717698097229004,-0.2953547239303589,6.353926181793213,10,-1.3428869247436523,-1.2080445289611816,-1.482562780380249,-1.3380534648895264,0.09947265684604645,0.08185073733329773,0.06951121985912323,0.03648107126355171,0.05066400766372681,0.08220907300710678,0.11911715567111969,0.15432913601398468,0.14238278567790985,0.16398216784000397
6,BGD,Bangladesh,2021,1.7278225421905518,-0.29490548372268677,6.353926181793213,10,-1.3428869247436523,-1.2080445289611816,-1.482562780380249,-1.3380534648895264,0.09947265684604645,0.08185073733329773,0.06951121985912323,0.03648107126355171,0.05066400766372681,0.08220907300710678,0.11911715567111969,0.15432913601398468,0.14238278567790985,0.16398216784000397
6,BGD,Bangladesh,2022,1.5284489393234253,-0.2943175435066223,6.353926181793213,10,-1.3428869247436523,-1.2080445289611816,-1.482562780380249,-1.3380534648895264,0.09947265684604645,0.08185073733329773,0.06951121985912323,0.03648107126355171,0.05066400766372681,0.08220907300710678,0.11911715567111969,0.15432913601398468,0.14238278567790985,0.16398216784000397
6,BGD,Bangladesh,2023,2.0307767391204834,-0.29438573122024536,6.353926181793213,10,-1.3428869247436523,-1.2080445289611816,-1.482562780380249,-1.3380534648895264,0.09947265684604645,0.08185073733329773,0.06951121985912323,0.03648107126355171,0.05066400766372681,0.08220907300710678,0.11911715567111969,0.15432913601398468,0.14238278567790985,0.16398216784000397
7,BGR,Bulgaria,2018,-1.3296480178833008,-0.09705713391304016,5.5,1,-0.42611977458000183,-0.6209486722946167,-0.13856160640716553,-0.5188490152359009,0.10000000149011612,0.10000000149011612,0.10000000149011612,0.10000000149011612,0.10000000149011612,0.10000000149011612,0.10000000149011612,0.10000000149011612,0.10000000149011612,0.10000000149011612
7,BGR,Bulgaria,2019,-1.4306131601333618,-0.0704435259103775,5.5,1,-0.42611977458000183,-0.6209486722946167,-0.13856160640716553,-0.5188490152359009,0.10000000149011612,0.10000000149011612,0.10000000149011612,0.10000000149011612,0.10000000149011612,0.10000000149011612,0.10000000149011612,0.10000000149011612,0.10000000149011612,0.10000000149011612
7,BGR,Bulgaria,2020,-2.8135833740234375,-0.060522034764289856,5.5,1,-0.42611977458000183,-0.6209486722946167,-0.13856160640716553,-0.5188490152359009,0.10000000149011612,0.10000000149011612,0.10000000149011612,0.10000000149011612,0.10000000149011612,0.10000000149011612,0.10000000149011612,0.10000000149011612,0.10000000149011612,0.10000000149011612
7,BGR,Bulgaria,2021,-2.0215117931365967,-0.055199623107910156,5.5,1,-0.42611977458000183,-0.6209486722946167,-0.13856160640716553,-0.5188490152359009,0.10000000149011612,0.10000000149011612,0.10000000149011612,0.10000000149011612,0.10000000149011612,0.10000000149011612,0.10000000149011612,0.10000000149011612,0.10000000149011612,0.10000000149011612
7,BGR,Bulgaria,2022,-0.48078346252441406,-0.053870394825935364,5.5,1,-0.42611977458000183,-0.6209486722946167,-0.13856160640716553,-0.5188490152359009,0.10000000149011612,0.10000000149011612,0.10000000149011612,0.10000000149011612,0.10000000149011612,0.10000000149011612,0.10000000149011612,0.10000000149011612,0.10000000149011612,0.10000000149011612
7,BGR,Bulgaria,2023,-3.970643997192383,-0.05302046239376068,5.5,1,-0.42611977458000183,-0.6209486722946167,-0.13856160640716553,-0.5188490152359009,0.10000000149011612,0.10000000149011612,0.10000000149011612,0.10000000149011612,0.10000000149011612,0.10000000149011612,0.10000000149011612,0.10000000149011612,0.10000000149011612,0.10000000149011612
8,BLR,Belarus,2018,-2.643580675125122,-0.09074410796165466,5.5,1,-1.5520426034927368,-1.4920120239257812,-1.8896420001983643,-1.2744739055633545,0.10000000149011612,0.10000000149011612,0.10000000149011612,0.10000000149011612,0.10000000149011612,0.10000000149011612,0.10000000149011612,0.10000000149011612,0.10000000149011612,0.10000000149011612
8,BLR,Belarus,2019,-3.0715856552124023,-0.06961312890052795,5.5,1,-1.5520426034927368,-1.4920120239257812,-1.8896420001983643,-1.2744739055633545,0.10000000149011612,0.10000000149011612,0.10000000149011612,0.10000000149011612,0.10000000149011612,0.10000000149011612,0.10000000149011612,0.10000000149011612,0.10000000149011612,0.10000000149011612
8,BLR,Belarus,2020,-3.0823307037353516,-0.05987870693206787,5.5,1,-1.5520426034927368,-1.4920120239257812,-1.8896420001983643,-1.2744739055633545,0.10000000149011612,0.10000000149011612,0.10000000149011612,0.10000000149011612,0.10000000149011612,0.10000000149011612,0.10000000149011612,0.10000000149011612,0.10000000149011612,0.10000000149011612
8,BLR,Belarus,2021,-14.810386657714844,-0.05420522391796112,5.5,1,-1.5520426034927368,-1.4920120239257812,-1.8896420001983643,-1.2744739055633545,0.10000000149011612,0.10000000149011612,0.10000000149011612,0.10000000149011612,0.10000000149011612,0.10000000149011612,0.10000000149011612,0.10000000149011612,0.10000000149011612,0.10000000149011612
8,BLR,Belarus,2022,-13.734106063842773,-0.05229148268699646,5.5,1,-1.5520426034927368,-1.4920120239257812,-1.8896420001983643,-1.2744739055633545,0.10000000149011612,0.10000000149011612,0.10000000149011612,0.10000000149011612,0.10000000149011612,0.10000000149011612,0.10000000149011612,0.10000000149011612,0.10000000149011612,0.10000000149011612
8,BLR,Belarus,2023,-27.134784698486328,-0.05327938497066498,5.5,1,-1.5520426034927368,-1.4920120239257812,-1.8896420001983643,-1.2744739055633545,0.10000000149011612,0.10000000149011612,0.10000000149011612,0.10000000149011612,0.10000000149011612,0.10000000149011612,0.10000000149011612,0.10000000149011612,0.10000000149011612,0.10000000149011612
9,BRA,Brazil,2018,4.812175750732422,-0.28132858872413635,1.7550729513168335,2,-0.532637357711792,-0.5499132871627808,-0.37875303626060486,-0.669245719909668,0.41207483410835266,0.4207773804664612,0.16714780032634735,0.0,0.0,0.0,0.0,0.0,0.0,0.0
9,BRA,Brazil,2019,5.404086589813232,-0.2762140929698944,1.7550729513168335,2,-0.532637357711792,-0.5499132871627808,-0.37875303626060486,-0.669245719909668,0.41207483410835266,0.4207773804664612,0.16714780032634735,0.0,0.0,0.0,0.0,0.0,0.0,0.0
9,BRA,Brazil,2020,4.385476589202881,-0.2736167311668396,1.7550729513168335,2,-0.532637357711792,-0.5499132871627808,-0.37875303626060486,-0.669245719909668,0.41207483410835266,0.4207773804664612,0.16714780032634735,0.0,0.0,0.0,0.0,0.0,0.0,0.0
9,BRA,Brazil,2021,8.511026382446289,-0.26095134019851685,1.7550729513168335,2,-0.532637357711792,-0.5499132871627808,-0.37875303626060486,-0.669245719909668,0.41207483410835266,0.4207773804664612,0.16714780032634735,0.0,0.0,0.0,0.0,0.0,0.0,0.0
9,BRA,Brazil,2022,0.8233122229576111,-0.2546003758907318,1.7550729513168335,2,-0.532637357711792,-0.5499132871627808,-0.37875303626060486,-0.669245719909668,0.41207483410835266,0.4207773804664612,0.16714780032634735,0.0,0.0,0.0,0.0,0.0,0.0,0.0
9,BRA,Brazil,2023,-0.02414296381175518,-0.21280819177627563,1.7550729513168335,2,-0.532637357711792,-0.5499132871627808,-0.37875303626060486,-0.669245719909668,0.41207483410835266,0.4207773804664612,0.16714780032634735,0.0,0.0,0.0,0.0,0.0,0.0,0.0
10,CAN,Canada,2018,-3.718440532684326,-0.2302354872226715,8.723394393920898,9,1.2861608266830444,1.3746321201324463,1.1545178890228271,1.3293325901031494,0.0,0.0,0.0,0.0,0.0,0.0,0.0,0.2766052782535553,0.7233946919441223,0.0
10,CAN,Canada,2019,-3.770698308944702,-0.23142574727535248,8.723394393920898,9,1.2861608266830444,1.3746321201324463,1.1545178890228271,1.3293325901031494,0.0,0.0,0.0,0.0,0.0,0.0,0.0,0.2766052782535553,0.7233946919441223,0.0
10,CAN,Canada,2020,-4.2692484855651855,-0.23926232755184174,8.723394393920898,9,1.2861608266830444,1.3746321201324463,1.1545178890228271,1.3293325901031494,0.0,0.0,0.0,0.0,0.0,0.0,0.0,0.2766052782535553,0.7233946919441223,0.0
10,CAN,Canada,2021,-4.04820442199707,-0.21347635984420776,8.723394393920898,9,1.2861608266830444,1.3746321201324463,1.1545178890228271,1.3293325901031494,0.0,0.0,0.0,0.0,0.0,0.0,0.0,0.2766052782535553,0.7233946919441223,0.0
10,CAN,Canada,2022,-4.334720611572266,-0.19542750716209412,8.723394393920898,9,1.2861608266830444,1.3746321201324463,1.1545178890228271,1.3293325901031494,0.0,0.0,0.0,0.0,0.0,0.0,0.0,0.2766052782535553,0.7233946919441223,0.0
10,CAN,Canada,2023,-3.507607936859131,-0.1792365461587906,8.723394393920898,9,1.2861608266830444,1.3746321201324463,1.1545178890228271,1.3293325901031494,0.0,0.0,0.0,0.0,0.0,0.0,0.0,0.2766052782535553,0.7233946919441223,0.0
11,CHE,Switzerland,2018,1.0894922018051147,-0.11776569485664368,5.376628875732422,6,1.412360668182373,1.4461179971694946,1.2956862449645996,1.4952778816223145,0.033544424921274185,0.0795605480670929,0.12478481233119965,0.14013725519180298,0.14106379449367523,0.1589493602514267,0.12429729849100113,0.09619270265102386,0.06427562236785889,0.037194181233644485
11,CHE,Switzerland,2019,0.49372902512550354,-0.11295297741889954,5.376628875732422,6,1.412360668182373,1.4461179971694946,1.2956862449645996,1.4952778816223145,0.033544424921274185,0.0795605480670929,0.12478481233119965,0.14013725519180298,0.14106379449367523,0.1589493602514267,0.12429729849100113,0.09619270265102386,0.06427562236785889,0.037194181233644485
11,CHE,Switzerland,2020,1.5537232160568237,-0.09939354658126831,5.376628875732422,6,1.412360668182373,1.4461179971694946,1.2956862449645996,1.4952778816223145,0.033544424921274185,0.0795605480670929,0.12478481233119965,0.14013725519180298,0.14106379449367523,0.1589493602514267,0.12429729849100113,0.09619270265102386,0.06427562236785889,0.037194181233644485
11,CHE,Switzerland,2021,3.0005764961242676,-0.0819636881351471,5.376628875732422,6,1.412360668182373,1.4461179971694946,1.2956862449645996,1.4952778816223145,0.033544424921274185,0.0795605480670929,0.12478481233119965,0.14013725519180298,0.14106379449367523,0.1589493602514267,0.12429729849100113,0.09619270265102386,0.06427562236785889,0.037194181233644485
11,CHE,Switzerland,2022,2.025691270828247,-0.06682656705379486,5.376628875732422,6,1.412360668182373,1.4461179971694946,1.2956862449645996,1.4952778816223145,0.033544424921274185,0.0795605480670929,0.12478481233119965,0.14013725519180298,0.14106379449367523,0.1589493602514267,0.12429729849100113,0.09619270265102386,0.06427562236785889,0.037194181233644485
11,CHE,Switzerland,2023,-4.210478782653809,-0.06473928689956665,5.376628875732422,6,1.412360668182373,1.4461179971694946,1.2956862449645996,1.4952778816223145,0.033544424921274185,0.0795605480670929,0.12478481233119965,0.14013725519180298,0.14106379449367523,0.1589493602514267,0.12429729849100113,0.09619270265102386,0.06427562236785889,0.037194181233644485
12,CHL,Chile,2018,1.4454405307769775,-0.22866910696029663,5.5,1,0.8483307957649231,0.667232871055603,1.016435146331787,0.8613244891166687,0.10000000149011612,0.10000000149011612,0.10000000149011612,0.10000000149011612,0.10000000149011612,0.10000000149011612,0.10000000149011612,0.10000000149011612,0.10000000149011612,0.10000000149011612
12,CHL,Chile,2019,1.1679426431655884,-0.23626410961151123,5.5,1,0.8483307957649231,0.667232871055603,1.016435146331787,0.8613244891166687,0.10000000149011612,0.10000000149011612,0.10000000149011612,0.10000000149011612,0.10000000149011612,0.10000000149011612,0.10000000149011612,0.10000000149011612,0.10000000149011612,0.10000000149011612
12,CHL,Chile,2020,0.7698724865913391,-0.24241390824317932,5.5,1,0.8483307957649231,0.667232871055603,1.016435146331787,0.8613244891166687,0.10000000149011612,0.10000000149011612,0.10000000149011612,0.10000000149011612,0.10000000149011612,0.10000000149011612,0.10000000149011612,0.10000000149011612,0.10000000149011612,0.10000000149011612
12,CHL,Chile,2021,0.5402398705482483,-0.2233794778585434,5.5,1,0.8483307957649231,0.667232871055603,1.016435146331787,0.8613244891166687,0.10000000149011612,0.10000000149011612,0.10000000149011612,0.10000000149011612,0.10000000149011612,0.10000000149011612,0.10000000149011612,0.10000000149011612,0.10000000149011612,0.10000000149011612
12,CHL,Chile,2022,-0.5233001708984375,-0.19303026795387268,5.5,1,0.8483307957649231,0.667232871055603,1.016435146331787,0.8613244891166687,0.10000000149011612,0.10000000149011612,0.10000000149011612,0.10000000149011612,0.10000000149011612,0.10000000149011612,0.10000000149011612,0.10000000149011612,0.10000000149011612,0.10000000149011612
12,CHL,Chile,2023,-1.9592610597610474,-0.1557711362838745,5.5,1,0.8483307957649231,0.667232871055603,1.016435146331787,0.8613244891166687,0.10000000149011612,0.10000000149011612,0.10000000149011612,0.10000000149011612,0.10000000149011612,0.10000000149011612,0.10000000149011612,0.10000000149011612,0.10000000149011612,0.10000000149011612
13,CHN,China,2018,-8.663586616516113,-0.06315091252326965,5.5,1,-0.8438493609428406,-0.7442506551742554,-0.7500977516174316,-1.03719961643219,0.10000000149011612,0.10000000149011612,0.10000000149011612,0.10000000149011612,0.10000000149011612,0.10000000149011612,0.10000000149011612,0.10000000149011612,0.10000000149011612,0.10000000149011612
13,CHN,China,2019,-9.760994911193848,-0.058470189571380615,5.5,1,-0.8438493609428406,-0.7442506551742554,-0.7500977516174316,-1.03719961643219,0.10000000149011612,0.10000000149011612,0.10000000149011612,0.10000000149011612,0.10000000149011612,0.10000000149011612,0.10000000149011612,0.10000000149011612,0.10000000149011612,0.10000000149011612
13,CHN,China,2020,-10.60916519165039,-0.056350111961364746,5.5,1,-0.8438493609428406,-0.7442506551742554,-0.7500977516174316,-1.03719961643219,0.10000000149011612,0.10000000149011612,0.10000000149011612,0.10000000149011612,0.10000000149011612,0.10000000149011612,0.10000000149011612,0.10000000149011612,0.10000000149011612,0.10000000149011612
13,CHN,China,2021,-11.069491386413574,-0.05547642707824707,5.5,1,-0.8438493609428406,-0.7442506551742554,-0.7500977516174316,-1.03719961643219,0.10000000149011612,0.10000000149011612,0.10000000149011612,0.10000000149011612,0.10000000149011612,0.10000000149011612,0.10000000149011612,0.10000000149011612,0.10000000149011612,0.10000000149011612
13,CHN,China,2022,-11.851537704467773,-0.05715067684650421,5.5,1,-0.8438493609428406,-0.7442506551742554,-0.7500977516174316,-1.03719961643219,0.10000000149011612,0.10000000149011612,0.10000000149011612,0.10000000149011612,0.10000000149011612,0.10000000149011612,0.10000000149011612,0.10000000149011612,0.10000000149011612,0.10000000149011612
13,CHN,China,2023,-12.087423324584961,-0.058511823415756226,5.5,1,-0.8438493609428406,-0.7442506551742554,-0.7500977516174316,-1.03719961643219,0.10000000149011612,0.10000000149011612,0.10000000149011612,0.10000000149011612,0.10000000149011612,0.10000000149011612,0.10000000149011612,0.10000000149011612,0.10000000149011612,0.10000000149011612
14,COL,Colombia,2018,0.3820185363292694,-0.2891462743282318,3.5821878910064697,1,-0.757061779499054,-0.7152259349822998,-0.5119652152061462,-1.0439940690994263,0.7130902409553528,0.0,0.0,0.0,0.0,0.0,0.0,0.0,0.0,0.2869097590446472
14,COL,Colombia,2019,2.6013519763946533,-0.3007214069366455,3.5821878910064697,1,-0.757061779499054,-0.7152259349822998,-0.5119652152061462,-1.0439940690994263,0.7130902409553528,0.0,0.0,0.0,0.0,0.0,0.0,0.0,0.0,0.2869097590446472
14,COL,Colombia,2020,3.8599977493286133,-0.30778056383132935,3.5821878910064697,1,-0.757061779499054,-0.7152259349822998,-0.5119652152061462,-1.0439940690994263,0.7130902409553528,0.0,0.0,0.0,0.0,0.0,0.0,0.0,0.0,0.2869097590446472
14,COL,Colombia,2021,0.7301899194717407,-0.3117464780807495,3.5821878910064697,1,-0.757061779499054,-0.7152259349822998,-0.5119652152061462,-1.0439940690994263,0.7130902409553528,0.0,0.0,0.0,0.0,0.0,0.0,0.0,0.0,0.2869097590446472
14,COL,Colombia,2022,0.9924597144126892,-0.30936920642852783,3.5821878910064697,1,-0.757061779499054,-0.7152259349822998,-0.5119652152061462,-1.0439940690994263,0.7130902409553528,0.0,0.0,0.0,0.0,0.0,0.0,0.0,0.0,0.2869097590446472
14,COL,Colombia,2023,3.7653815746307373,-0.3087145686149597,3.5821878910064697,1,-0.757061779499054,-0.7152259349822998,-0.5119652152061462,-1.0439940690994263,0.7130902409553528,0.0,0.0,0.0,0.0,0.0,0.0,0.0,0.0,0.2869097590446472
15,CYP,Cyprus,2018,-11.052656173706055,-0.05743055045604706,5.5,1,0.7725202441215515,0.8672822117805481,0.7250233292579651,0.725255012512207,0.10000000149011612,0.10000000149011612,0.10000000149011612,0.10000000149011612,0.10000000149011612,0.10000000149011612,0.10000000149011612,0.10000000149011612,0.10000000149011612,0.10000000149011612
15,CYP,Cyprus,2019,-11.571080207824707,-0.053745850920677185,5.5,1,0.7725202441215515,0.8672822117805481,0.7250233292579651,0.725255012512207,0.10000000149011612,0.10000000149011612,0.10000000149011612,0.10000000149011612,0.10000000149011612,0.10000000149011612,0.10000000149011612,0.10000000149011612,0.10000000149011612,0.10000000149011612
15,CYP,Cyprus,2020,-14.400252342224121,-0.053131744265556335,5.5,1,0.7725202441215515,0.8672822117805481,0.7250233292579651,0.725255012512207,0.10000000149011612,0.10000000149011612,0.10000000149011612,0.10000000149011612,0.10000000149011612,0.10000000149011612,0.10000000149011612,0.10000000149011612,0.10000000149011612,0.10000000149011612
15,CYP,Cyprus,2021,-17.67461395263672,-0.05358116328716278,5.5,1,0.7725202441215515,0.8672822117805481,0.7250233292579651,0.725255012512207,0.10000000149011612,0.10000000149011612,0.10000000149011612,0.10000000149011612,0.10000000149011612,0.10000000149011612,0.10000000149011612,0.10000000149011612,0.10000000149011612,0.10000000149011612
15,CYP,Cyprus,2022,-19.47079086303711,-0.05453836917877197,5.5,1,0.7725202441215515,0.8672822117805481,0.7250233292579651,0.725255012512207,0.10000000149011612,0.10000000149011612,0.10000000149011612,0.10000000149011612,0.10000000149011612,0.10000000149011612,0.10000000149011612,0.10000000149011612,0.10000000149011612,0.10000000149011612
15,CYP,Cyprus,2023,-23.38113784790039,-0.056100741028785706,5.5,1,0.7725202441215515,0.8672822117805481,0.7250233292579651,0.725255012512207,0.10000000149011612,0.10000000149011612,0.10000000149011612,0.10000000149011612,0.10000000149011612,0.10000000149011612,0.10000000149011612,0.10000000149011612,0.10000000149011612,0.10000000149011612
16,CZE,Czechia,2018,-2.3009228706359863,-0.06658269464969635,5.5,1,0.365255743265152,0.28039175271987915,0.4478796720504761,0.3674957752227783,0.10000000149011612,0.10000000149011612,0.10000000149011612,0.10000000149011612,0.10000000149011612,0.10000000149011612,0.10000000149011612,0.10000000149011612,0.10000000149011612,0.10000000149011612
16,CZE,Czechia,2019,-2.761939525604248,-0.06456311047077179,5.5,1,0.365255743265152,0.28039175271987915,0.4478796720504761,0.3674957752227783,0.10000000149011612,0.10000000149011612,0.10000000149011612,0.10000000149011612,0.10000000149011612,0.10000000149011612,0.10000000149011612,0.10000000149011612,0.10000000149011612,0.10000000149011612
16,CZE,Czechia,2020,-3.448472261428833,-0.06089441478252411,5.5,1,0.365255743265152,0.28039175271987915,0.4478796720504761,0.3674957752227783,0.10000000149011612,0.10000000149011612,0.10000000149011612,0.10000000149011612,0.10000000149011612,0.10000000149011612,0.10000000149011612,0.10000000149011612,0.10000000149011612,0.10000000149011612
16,CZE,Czechia,2021,-3.2644777297973633,-0.057852938771247864,5.5,1,0.365255743265152,0.28039175271987915,0.4478796720504761,0.3674957752227783,0.10000000149011612,0.10000000149011612,0.10000000149011612,0.10000000149011612,0.10000000149011612,0.10000000149011612,0.10000000149011612,0.10000000149011612,0.10000000149011612,0.10000000149011612
16,CZE,Czechia,2022,-3.0018773078918457,-0.05564792454242706,5.5,1,0.365255743265152,0.28039175271987915,0.4478796720504761,0.3674957752227783,0.10000000149011612,0.10000000149011612,0.10000000149011612,0.10000000149011612,0.10000000149011612,0.10000000149011612,0.10000000149011612,0.10000000149011612,0.10000000149011612,0.10000000149011612
16,CZE,Czechia,2023,-3.7278714179992676,-0.054043665528297424,5.5,1,0.365255743265152,0.28039175271987915,0.4478796720504761,0.3674957752227783,0.10000000149011612,0.10000000149011612,0.10000000149011612,0.10000000149011612,0.10000000149011612,0.10000000149011612,0.10000000149011612,0.10000000149011612,0.10000000149011612,0.10000000149011612
17,DEU,Germany,2018,-4.408335208892822,-0.04600268602371216,5.5,1,1.162001371383667,1.2181392908096313,0.9860901236534119,1.2817747592926025,0.10000000149011612,0.10000000149011612,0.10000000149011612,0.10000000149011612,0.10000000149011612,0.10000000149011612,0.10000000149011612,0.10000000149011612,0.10000000149011612,0.10000000149011612
17,DEU,Germany,2019,-7.129828929901123,-0.05723041296005249,5.5,1,1.162001371383667,1.2181392908096313,0.9860901236534119,1.2817747592926025,0.10000000149011612,0.10000000149011612,0.10000000149011612,0.10000000149011612,0.10000000149011612,0.10000000149011612,0.10000000149011612,0.10000000149011612,0.10000000149011612,0.10000000149011612
17,DEU,Germany,2020,-8.748512268066406,-0.05875825881958008,5.5,1,1.162001371383667,1.2181392908096313,0.9860901236534119,1.2817747592926025,0.10000000149011612,0.10000000149011612,0.10000000149011612,0.10000000149011612,0.10000000149011612,0.10000000149011612,0.10000000149011612,0.10000000149011612,0.10000000149011612,0.10000000149011612
17,DEU,Germany,2021,-7.036392688751221,-0.05717325210571289,5.5,1,1.162001371383667,1.2181392908096313,0.9860901236534119,1.2817747592926025,0.10000000149011612,0.10000000149011612,0.10000000149011612,0.10000000149011612,0.10000000149011612,0.10000000149011612,0.10000000149011612,0.10000000149011612,0.10000000149011612,0.10000000149011612
17,DEU,Germany,2022,-5.935337066650391,-0.05575980246067047,5.5,1,1.162001371383667,1.2181392908096313,0.9860901236534119,1.2817747592926025,0.10000000149011612,0.10000000149011612,0.10000000149011612,0.10000000149011612,0.10000000149011612,0.10000000149011612,0.10000000149011612,0.10000000149011612,0.10000000149011612,0.10000000149011612
17,DEU,Germany,2023,-8.335287094116211,-0.054205432534217834,5.5,1,1.162001371383667,1.2181392908096313,0.9860901236534119,1.2817747592926025,0.10000000149011612,0.10000000149011612,0.10000000149011612,0.10000000149011612,0.10000000149011612,0.10000000149011612,0.10000000149011612,0.10000000149011612,0.10000000149011612,0.10000000149011612
18,DNK,Denmark,2018,-4.1028218269348145,-0.07092376053333282,5.5,1,1.5067936182022095,1.5459808111190796,1.4523217678070068,1.522078514099121,0.10000000149011612,0.10000000149011612,0.10000000149011612,0.10000000149011612,0.10000000149011612,0.10000000149011612,0.10000000149011612,0.10000000149011612,0.10000000149011612,0.10000000149011612
18,DNK,Denmark,2019,-5.251770973205566,-0.06669594347476959,5.5,1,1.5067936182022095,1.5459808111190796,1.4523217678070068,1.522078514099121,0.10000000149011612,0.10000000149011612,0.10000000149011612,0.10000000149011612,0.10000000149011612,0.10000000149011612,0.10000000149011612,0.10000000149011612,0.10000000149011612,0.10000000149011612
18,DNK,Denmark,2020,-5.442167282104492,-0.06235353648662567,5.5,1,1.5067936182022095,1.5459808111190796,1.4523217678070068,1.522078514099121,0.10000000149011612,0.10000000149011612,0.10000000149011612,0.10000000149011612,0.10000000149011612,0.10000000149011612,0.10000000149011612,0.10000000149011612,0.10000000149011612,0.10000000149011612
18,DNK,Denmark,2021,-5.020071029663086,-0.05878773331642151,5.5,1,1.5067936182022095,1.5459808111190796,1.4523217678070068,1.522078514099121,0.10000000149011612,0.10000000149011612,0.10000000149011612,0.10000000149011612,0.10000000149011612,0.10000000149011612,0.10000000149011612,0.10000000149011612,0.10000000149011612,0.10000000149011612
18,DNK,Denmark,2022,-5.26057767868042,-0.05609613656997681,5.5,1,1.5067936182022095,1.5459808111190796,1.4523217678070068,1.522078514099121,0.10000000149011612,0.10000000149011612,0.10000000149011612,0.10000000149011612,0.10000000149011612,0.10000000149011612,0.10000000149011612,0.10000000149011612,0.10000000149011612,0.10000000149011612
18,DNK,Denmark,2023,-5.907427787780762,-0.0542932003736496,5.5,1,1.5067936182022095,1.5459808111190796,1.4523217678070068,1.522078514099121,0.10000000149011612,0.10000000149011612,0.10000000149011612,0.10000000149011612,0.10000000149011612,0.10000000149011612,0.10000000149011612,0.10000000149011612,0.10000000149011612,0.10000000149011612
19,DZA,Algeria,2018,-1.3783005475997925,-0.26940828561782837,7.1154279708862305,8,-1.204992651939392,-1.152233362197876,-1.2305991649627686,-1.2321451902389526,0.0,0.0,0.0,0.0,0.1425403207540512,0.20026201009750366,0.24658037722110748,0.25552064180374146,0.12004000693559647,0.035056646913290024
19,DZA,Algeria,2019,-1.3506704568862915,-0.25494956970214844,7.1154279708862305,8,-1.204992651939392,-1.152233362197876,-1.2305991649627686,-1.2321451902389526,0.0,0.0,0.0,0.0,0.1425403207540512,0.20026201009750366,0.24658037722110748,0.25552064180374146,0.12004000693559647,0.035056646913290024
19,DZA,Algeria,2020,-1.4138250350952148,-0.24551159143447876,7.1154279708862305,8,-1.204992651939392,-1.152233362197876,-1.2305991649627686,-1.2321451902389526,0.0,0.0,0.0,0.0,0.1425403207540512,0.20026201009750366,0.24658037722110748,0.25552064180374146,0.12004000693559647,0.035056646913290024
19,DZA,Algeria,2021,-1.0506858825683594,-0.2225516140460968,7.1154279708862305,8,-1.204992651939392,-1.152233362197876,-1.2305991649627686,-1.2321451902389526,0.0,0.0,0.0,0.0,0.1425403207540512,0.20026201009750366,0.24658037722110748,0.25552064180374146,0.12004000693559647,0.035056646913290024
19,DZA,Algeria,2022,-1.0033199787139893,-0.2189982831478119,7.1154279708862305,8,-1.204992651939392,-1.152233362197876,-1.2305991649627686,-1.2321451902389526,0.0,0.0,0.0,0.0,0.1425403207540512,0.20026201009750366,0.24658037722110748,0.25552064180374146,0.12004000693559647,0.035056646913290024
19,DZA,Algeria,2023,-1.0033199787139893,-0.21537327766418457,7.1154279708862305,8,-1.204992651939392,-1.152233362197876,-1.2305991649627686,-1.2321451902389526,0.0,0.0,0.0,0.0,0.1425403207540512,0.20026201009750366,0.24658037722110748,0.25552064180374146,0.12004000693559647,0.035056646913290024
20,ECU,Ecuador,2018,-1.1428673267364502,-0.190865620970726,8.771377563476562,9,-1.2054944038391113,-1.1715943813323975,-1.2544611692428589,-1.1904276609420776,0.0,0.0,0.0,0.0,0.0,0.0,0.0,0.28917011618614197,0.6502818465232849,0.060548022389411926
20,ECU,Ecuador,2019,-1.7627936601638794,-0.17796756327152252,8.771377563476562,9,-1.2054944038391113,-1.1715943813323975,-1.2544611692428589,-1.1904276609420776,0.0,0.0,0.0,0.0,0.0,0.0,0.0,0.28917011618614197,0.6502818465232849,0.060548022389411926
20,ECU,Ecuador,2020,-1.9658561944961548,-0.14455917477607727,8.771377563476562,9,-1.2054944038391113,-1.1715943813323975,-1.2544611692428589,-1.1904276609420776,0.0,0.0,0.0,0.0,0.0,0.0,0.0,0.28917011618614197,0.6502818465232849,0.060548022389411926
20,ECU,Ecuador,2021,-2.1342613697052,-0.09830483794212341,8.771377563476562,9,-1.2054944038391113,-1.1715943813323975,-1.2544611692428589,-1.1904276609420776,0.0,0.0,0.0,0.0,0.0,0.0,0.0,0.28917011618614197,0.6502818465232849,0.060548022389411926
20,ECU,Ecuador,2022,-1.612612009048462,-0.07656131684780121,8.771377563476562,9,-1.2054944038391113,-1.1715943813323975,-1.2544611692428589,-1.1904276609420776,0.0,0.0,0.0,0.0,0.0,0.0,0.0,0.28917011618614197,0.6502818465232849,0.060548022389411926
20,ECU,Ecuador,2023,-1.6925028562545776,-0.0645233541727066,8.771377563476562,9,-1.2054944038391113,-1.1715943813323975,-1.2544611692428589,-1.1904276609420776,0.0,0.0,0.0,0.0,0.0,0.0,0.0,0.28917011618614197,0.6502818465232849,0.060548022389411926
21,EGY,Egypt,2018,1.8549280166625977,-0.309511661529541,6.530488014221191,10,-0.7224758267402649,-0.816137969493866,-0.7838069200515747,-0.5674826502799988,0.20141750574111938,0.15771786868572235,0.023930590599775314,0.0,0.0,0.0,0.0,0.011700531467795372,0.20409569144248962,0.4011377990245819
21,EGY,Egypt,2019,1.397194504737854,-0.3014753460884094,6.530488014221191,10,-0.7224758267402649,-0.816137969493866,-0.7838069200515747,-0.5674826502799988,0.20141750574111938,0.15771786868572235,0.023930590599775314,0.0,0.0,0.0,0.0,0.011700531467795372,0.20409569144248962,0.4011377990245819
21,EGY,Egypt,2020,0.7784237861633301,-0.2979668974876404,6.530488014221191,10,-0.7224758267402649,-0.816137969493866,-0.7838069200515747,-0.5674826502799988,0.20141750574111938,0.15771786868572235,0.023930590599775314,0.0,0.0,0.0,0.0,0.011700531467795372,0.20409569144248962,0.4011377990245819
21,EGY,Egypt,2021,0.7313584089279175,-0.3047798275947571,6.530488014221191,10,-0.7224758267402649,-0.816137969493866,-0.7838069200515747,-0.5674826502799988,0.20141750574111938,0.15771786868572235,0.023930590599775314,0.0,0.0,0.0,0.0,0.011700531467795372,0.20409569144248962,0.4011377990245819
21,EGY,Egypt,2022,0.8227205872535706,-0.3102946877479553,6.530488014221191,10,-0.7224758267402649,-0.816137969493866,-0.7838069200515747,-0.5674826502799988,0.20141750574111938,0.15771786868572235,0.023930590599775314,0.0,0.0,0.0,0.0,0.011700531467795372,0.20409569144248962,0.4011377990245819
21,EGY,Egypt,2023,0.880398690700531,-0.31200137734413147,6.530488014221191,10,-0.7224758267402649,-0.816137969493866,-0.7838069200515747,-0.5674826502799988,0.20141750574111938,0.15771786868572235,0.023930590599775314,0.0,0.0,0.0,0.0,0.011700531467795372,0.20409569144248962,0.4011377990245819
22,ESP,Spain,2018,-2.3918983936309814,-0.05512659251689911,5.5,1,0.789492130279541,0.8293587565422058,0.796362042427063,0.7427557706832886,0.10000000149011612,0.10000000149011612,0.10000000149011612,0.10000000149011612,0.10000000149011612,0.10000000149011612,0.10000000149011612,0.10000000149011612,0.10000000149011612,0.10000000149011612
22,ESP,Spain,2019,-3.220625877380371,-0.061999350786209106,5.5,1,0.789492130279541,0.8293587565422058,0.796362042427063,0.7427557706832886,0.10000000149011612,0.10000000149011612,0.10000000149011612,0.10000000149011612,0.10000000149011612,0.10000000149011612,0.10000000149011612,0.10000000149011612,0.10000000149011612,0.10000000149011612
22,ESP,Spain,2020,-4.112740993499756,-0.06510671973228455,5.5,1,0.789492130279541,0.8293587565422058,0.796362042427063,0.7427557706832886,0.10000000149011612,0.10000000149011612,0.10000000149011612,0.10000000149011612,0.10000000149011612,0.10000000149011612,0.10000000149011612,0.10000000149011612,0.10000000149011612,0.10000000149011612
22,ESP,Spain,2021,-4.21701192855835,-0.06486822664737701,5.5,1,0.789492130279541,0.8293587565422058,0.796362042427063,0.7427557706832886,0.10000000149011612,0.10000000149011612,0.10000000149011612,0.10000000149011612,0.10000000149011612,0.10000000149011612,0.10000000149011612,0.10000000149011612,0.10000000149011612,0.10000000149011612
22,ESP,Spain,2022,-3.774611234664917,-0.06255914270877838,5.5,1,0.789492130279541,0.8293587565422058,0.796362042427063,0.7427557706832886,0.10000000149011612,0.10000000149011612,0.10000000149011612,0.10000000149011612,0.10000000149011612,0.10000000149011612,0.10000000149011612,0.10000000149011612,0.10000000149011612,0.10000000149011612
22,ESP,Spain,2023,-4.671977519989014,-0.060528889298439026,5.5,1,0.789492130279541,0.8293587565422058,0.796362042427063,0.7427557706832886,0.10000000149011612,0.10000000149011612,0.10000000149011612,0.10000000149011612,0.10000000149011612,0.10000000149011612,0.10000000149011612,0.10000000149011612,0.10000000149011612,0.10000000149011612
23,EST,Estonia,2018,-4.833373069763184,-0.08090706169605255,5.5,1,0.5303884744644165,0.3051801919937134,0.8016892075538635,0.48429596424102783,0.10000000149011612,0.10000000149011612,0.10000000149011612,0.10000000149011612,0.10000000149011612,0.10000000149011612,0.10000000149011612,0.10000000149011612,0.10000000149011612,0.10000000149011612
23,EST,Estonia,2019,-9.96490478515625,-0.0671292245388031,5.5,1,0.5303884744644165,0.3051801919937134,0.8016892075538635,0.48429596424102783,0.10000000149011612,0.10000000149011612,0.10000000149011612,0.10000000149011612,0.10000000149011612,0.10000000149011612,0.10000000149011612,0.10000000149011612,0.10000000149011612,0.10000000149011612
23,EST,Estonia,2020,-18.38939094543457,-0.05961906909942627,5.5,1,0.5303884744644165,0.3051801919937134,0.8016892075538635,0.48429596424102783,0.10000000149011612,0.10000000149011612,0.10000000149011612,0.10000000149011612,0.10000000149011612,0.10000000149011612,0.10000000149011612,0.10000000149011612,0.10000000149011612,0.10000000149011612
23,EST,Estonia,2021,-14.705828666687012,-0.05479075014591217,5.5,1,0.5303884744644165,0.3051801919937134,0.8016892075538635,0.48429596424102783,0.10000000149011612,0.10000000149011612,0.10000000149011612,0.10000000149011612,0.10000000149011612,0.10000000149011612,0.10000000149011612,0.10000000149011612,0.10000000149011612,0.10000000149011612
23,EST,Estonia,2022,-11.738649368286133,-0.0526602566242218,5.5,1,0.5303884744644165,0.3051801919937134,0.8016892075538635,0.48429596424102783,0.10000000149011612,0.10000000149011612,0.10000000149011612,0.10000000149011612,0.10000000149011612,0.10000000149011612,0.10000000149011612,0.10000000149011612,0.10000000149011612,0.10000000149011612
23,EST,Estonia,2023,-19.71649742126465,-0.0518355518579483,5.5,1,0.5303884744644165,0.3051801919937134,0.8016892075538635,0.48429596424102783,0.10000000149011612,0.10000000149011612,0.10000000149011612,0.10000000149011612,0.10000000149011612,0.10000000149011612,0.10000000149011612,0.10000000149011612,0.10000000149011612,0.10000000149011612
24,FIN,Finland,2018,-2.4947378635406494,-0.052736833691596985,5.5,1,1.5118976831436157,1.5876092910766602,1.3751853704452515,1.572898507118225,0.10000000149011612,0.10000000149011612,0.10000000149011612,0.10000000149011612,0.10000000149011612,0.10000000149011612,0.10000000149011612,0.10000000149011612,0.10000000149011612,0.10000000149011612
24,FIN,Finland,2019,-3.0343379974365234,-0.06112752854824066,5.5,1,1.5118976831436157,1.5876092910766602,1.3751853704452515,1.572898507118225,0.10000000149011612,0.10000000149011612,0.10000000149011612,0.10000000149011612,0.10000000149011612,0.10000000149011612,0.10000000149011612,0.10000000149011612,0.10000000149011612,0.10000000149011612
24,FIN,Finland,2020,-4.05517578125,-0.057871609926223755,5.5,1,1.5118976831436157,1.5876092910766602,1.3751853704452515,1.572898507118225,0.10000000149011612,0.10000000149011612,0.10000000149011612,0.10000000149011612,0.10000000149011612,0.10000000149011612,0.10000000149011612,0.10000000149011612,0.10000000149011612,0.10000000149011612
24,FIN,Finland,2021,-3.9226253032684326,-0.05491587519645691,5.5,1,1.5118976831436157,1.5876092910766602,1.3751853704452515,1.572898507118225,0.10000000149011612,0.10000000149011612,0.10000000149011612,0.10000000149011612,0.10000000149011612,0.10000000149011612,0.10000000149011612,0.10000000149011612,0.10000000149011612,0.10000000149011612
24,FIN,Finland,2022,-4.062594890594482,-0.05339938402175903,5.5,1,1.5118976831436157,1.5876092910766602,1.3751853704452515,1.572898507118225,0.10000000149011612,0.10000000149011612,0.10000000149011612,0.10000000149011612,0.10000000149011612,0.10000000149011612,0.10000000149011612,0.10000000149011612,0.10000000149011612,0.10000000149011612
24,FIN,Finland,2023,-5.2590131759643555,-0.05240774154663086,5.5,1,1.5118976831436157,1.5876092910766602,1.3751853704452515,1.572898507118225,0.10000000149011612,0.10000000149011612,0.10000000149011612,0.10000000149011612,0.10000000149011612,0.10000000149011612,0.10000000149011612,0.10000000149011612,0.10000000149011612,0.10000000149011612
25,FRA,France,2018,-2.937512159347534,-0.035310208797454834,5.5,1,0.8883405327796936,1.0859564542770386,0.6707704067230225,0.9082947969436646,0.10000000149011612,0.10000000149011612,0.10000000149011612,0.10000000149011612,0.10000000149011612,0.10000000149011612,0.10000000149011612,0.10000000149011612,0.10000000149011612,0.10000000149011612
25,FRA,France,2019,-2.957599639892578,-0.045271068811416626,5.5,1,0.8883405327796936,1.0859564542770386,0.6707704067230225,0.9082947969436646,0.10000000149011612,0.10000000149011612,0.10000000149011612,0.10000000149011612,0.10000000149011612,0.10000000149011612,0.10000000149011612,0.10000000149011612,0.10000000149011612,0.10000000149011612
25,FRA,France,2020,-3.0673086643218994,-0.04868437349796295,5.5,1,0.8883405327796936,1.0859564542770386,0.6707704067230225,0.9082947969436646,0.10000000149011612,0.10000000149011612,0.10000000149011612,0.10000000149011612,0.10000000149011612,0.10000000149011612,0.10000000149011612,0.10000000149011612,0.10000000149011612,0.10000000149011612
25,FRA,France,2021,-2.956054449081421,-0.04974675178527832,5.5,1,0.8883405327796936,1.0859564542770386,0.6707704067230225,0.9082947969436646,0.10000000149011612,0.10000000149011612,0.10000000149011612,0.10000000149011612,0.10000000149011612,0.10000000149011612,0.10000000149011612,0.10000000149011612,0.10000000149011612,0.10000000149011612
25,FRA,France,2022,-0.05572359263896942,-0.05290082097053528,5.5,1,0.8883405327796936,1.0859564542770386,0.6707704067230225,0.9082947969436646,0.10000000149011612,0.10000000149011612,0.10000000149011612,0.10000000149011612,0.10000000149011612,0.10000000149011612,0.10000000149011612,0.10000000149011612,0.10000000149011612,0.10000000149011612
25,FRA,France,2023,-3.9094398021698,-0.05382862687110901,5.5,1,0.8883405327796936,1.0859564542770386,0.6707704067230225,0.9082947969436646,0.10000000149011612,0.10000000149011612,0.10000000149011612,0.10000000149011612,0.10000000149011612,0.10000000149011612,0.10000000149011612,0.10000000149011612,0.10000000149011612,0.10000000149011612
26,GBR,United Kingdom,2018,-11.656635284423828,-0.03611394762992859,5.5,1,1.2583589553833008,1.1897099018096924,1.3614327907562256,1.2239340543746948,0.10000000149011612,0.10000000149011612,0.10000000149011612,0.10000000149011612,0.10000000149011612,0.10000000149011612,0.10000000149011612,0.10000000149011612,0.10000000149011612,0.10000000149011612
26,GBR,United Kingdom,2019,-12.48721694946289,-0.04920947551727295,5.5,1,1.2583589553833008,1.1897099018096924,1.3614327907562256,1.2239340543746948,0.10000000149011612,0.10000000149011612,0.10000000149011612,0.10000000149011612,0.10000000149011612,0.10000000149011612,0.10000000149011612,0.10000000149011612,0.10000000149011612,0.10000000149011612
26,GBR,United Kingdom,2020,-13.733572006225586,-0.05522792041301727,5.5,1,1.2583589553833008,1.1897099018096924,1.3614327907562256,1.2239340543746948,0.10000000149011612,0.10000000149011612,0.10000000149011612,0.10000000149011612,0.10000000149011612,0.10000000149011612,0.10000000149011612,0.10000000149011612,0.10000000149011612,0.10000000149011612
26,GBR,United Kingdom,2021,-12.55033016204834,-0.06156279146671295,5.5,1,1.2583589553833008,1.1897099018096924,1.3614327907562256,1.2239340543746948,0.10000000149011612,0.10000000149011612,0.10000000149011612,0.10000000149011612,0.10000000149011612,0.10000000149011612,0.10000000149011612,0.10000000149011612,0.10000000149011612,0.10000000149011612
26,GBR,United Kingdom,2022,-13.13424301147461,-0.06455785036087036,5.5,1,1.2583589553833008,1.1897099018096924,1.3614327907562256,1.2239340543746948,0.10000000149011612,0.10000000149011612,0.10000000149011612,0.10000000149011612,0.10000000149011612,0.10000000149011612,0.10000000149011612,0.10000000149011612,0.10000000149011612,0.10000000149011612
26,GBR,United Kingdom,2023,-14.066479682922363,-0.06749968230724335,5.5,1,1.2583589553833008,1.1897099018096924,1.3614327907562256,1.2239340543746948,0.10000000149011612,0.10000000149011612,0.10000000149011612,0.10000000149011612,0.10000000149011612,0.10000000149011612,0.10000000149011612,0.10000000149011612,0.10000000149011612,0.10000000149011612
27,GRC,Greece,2018,-5.507160186767578,-0.06628324091434479,5.5,1,0.21050052344799042,0.004785913974046707,0.24354657530784607,0.3831690847873688,0.10000000149011612,0.10000000149011612,0.10000000149011612,0.10000000149011612,0.10000000149011612,0.10000000149011612,0.10000000149011612,0.10000000149011612,0.10000000149011612,0.10000000149011612
27,GRC,Greece,2019,-6.582149982452393,-0.05929245054721832,5.5,1,0.21050052344799042,0.004785913974046707,0.24354657530784607,0.3831690847873688,0.10000000149011612,0.10000000149011612,0.10000000149011612,0.10000000149011612,0.10000000149011612,0.10000000149011612,0.10000000149011612,0.10000000149011612,0.10000000149011612,0.10000000149011612
27,GRC,Greece,2020,-8.231910705566406,-0.0570240318775177,5.5,1,0.21050052344799042,0.004785913974046707,0.24354657530784607,0.3831690847873688,0.10000000149011612,0.10000000149011612,0.10000000149011612,0.10000000149011612,0.10000000149011612,0.10000000149011612,0.10000000149011612,0.10000000149011612,0.10000000149011612,0.10000000149011612
27,GRC,Greece,2021,-9.12386703491211,-0.055031925439834595,5.5,1,0.21050052344799042,0.004785913974046707,0.24354657530784607,0.3831690847873688,0.10000000149011612,0.10000000149011612,0.10000000149011612,0.10000000149011612,0.10000000149011612,0.10000000149011612,0.10000000149011612,0.10000000149011612,0.10000000149011612,0.10000000149011612
27,GRC,Greece,2022,-9.264490127563477,-0.05538719892501831,5.5,1,0.21050052344799042,0.004785913974046707,0.24354657530784607,0.3831690847873688,0.10000000149011612,0.10000000149011612,0.10000000149011612,0.10000000149011612,0.10000000149011612,0.10000000149011612,0.10000000149011612,0.10000000149011612,0.10000000149011612,0.10000000149011612
27,GRC,Greece,2023,-10.155776977539062,-0.05572874844074249,5.5,1,0.21050052344799042,0.004785913974046707,0.24354657530784607,0.3831690847873688,0.10000000149011612,0.10000000149011612,0.10000000149011612,0.10000000149011612,0.10000000149011612,0.10000000149011612,0.10000000149011612,0.10000000149011612,0.10000000149011612,0.10000000149011612
28,HKG,Hong Kong,2018,-1.1459519863128662,-0.09186048805713654,5.5,1,1.1223636865615845,1.0890463590621948,1.3811711072921753,0.8968734741210938,0.10000000149011612,0.10000000149011612,0.10000000149011612,0.10000000149011612,0.10000000149011612,0.10000000149011612,0.10000000149011612,0.10000000149011612,0.10000000149011612,0.10000000149011612
28,HKG,Hong Kong,2019,-1.7272493839263916,-0.0737709105014801,5.5,1,1.1223636865615845,1.0890463590621948,1.3811711072921753,0.8968734741210938,0.10000000149011612,0.10000000149011612,0.10000000149011612,0.10000000149011612,0.10000000149011612,0.10000000149011612,0.10000000149011612,0.10000000149011612,0.10000000149011612,0.10000000149011612
28,HKG,Hong Kong,2020,-5.682636260986328,-0.06262625753879547,5.5,1,1.1223636865615845,1.0890463590621948,1.3811711072921753,0.8968734741210938,0.10000000149011612,0.10000000149011612,0.10000000149011612,0.10000000149011612,0.10000000149011612,0.10000000149011612,0.10000000149011612,0.10000000149011612,0.10000000149011612,0.10000000149011612
28,HKG,Hong Kong,2021,-5.362922668457031,-0.0576137900352478,5.5,1,1.1223636865615845,1.0890463590621948,1.3811711072921753,0.8968734741210938,0.10000000149011612,0.10000000149011612,0.10000000149011612,0.10000000149011612,0.10000000149011612,0.10000000149011612,0.10000000149011612,0.10000000149011612,0.10000000149011612,0.10000000149011612
28,HKG,Hong Kong,2022,-5.762137413024902,-0.057810842990875244,5.5,1,1.1223636865615845,1.0890463590621948,1.3811711072921753,0.8968734741210938,0.10000000149011612,0.10000000149011612,0.10000000149011612,0.10000000149011612,0.10000000149011612,0.10000000149011612,0.10000000149011612,0.10000000149011612,0.10000000149011612,0.10000000149011612
28,HKG,Hong Kong,2023,-5.774105072021484,-0.07362474501132965,5.5,1,1.1223636865615845,1.0890463590621948,1.3811711072921753,0.8968734741210938,0.10000000149011612,0.10000000149011612,0.10000000149011612,0.10000000149011612,0.10000000149011612,0.10000000149011612,0.10000000149011612,0.10000000149011612,0.10000000149011612,0.10000000149011612
29,HRV,Croatia,2018,-2.1691575050354004,-0.18584278225898743,5.5,1,-0.3481642007827759,-0.2588765323162079,-0.3555670380592346,-0.4300490617752075,0.10000000149011612,0.10000000149011612,0.10000000149011612,0.10000000149011612,0.10000000149011612,0.10000000149011612,0.10000000149011612,0.10000000149011612,0.10000000149011612,0.10000000149011612
29,HRV,Croatia,2019,-1.4451857805252075,-0.14248287677764893,5.5,1,-0.3481642007827759,-0.2588765323162079,-0.3555670380592346,-0.4300490617752075,0.10000000149011612,0.10000000149011612,0.10000000149011612,0.10000000149011612,0.10000000149011612,0.10000000149011612,0.10000000149011612,0.10000000149011612,0.10000000149011612,0.10000000149011612
29,HRV,Croatia,2020,-1.7230193614959717,-0.12453658878803253,5.5,1,-0.3481642007827759,-0.2588765323162079,-0.3555670380592346,-0.4300490617752075,0.10000000149011612,0.10000000149011612,0.10000000149011612,0.10000000149011612,0.10000000149011612,0.10000000149011612,0.10000000149011612,0.10000000149011612,0.10000000149011612,0.10000000149011612
29,HRV,Croatia,2021,-2.0073060989379883,-0.11759230494499207,5.5,1,-0.3481642007827759,-0.2588765323162079,-0.3555670380592346,-0.4300490617752075,0.10000000149011612,0.10000000149011612,0.10000000149011612,0.10000000149011612,0.10000000149011612,0.10000000149011612,0.10000000149011612,0.10000000149011612,0.10000000149011612,0.10000000149011612
29,HRV,Croatia,2022,-1.4104783535003662,-0.0905638188123703,5.5,1,-0.3481642007827759,-0.2588765323162079,-0.3555670380592346,-0.4300490617752075,0.10000000149011612,0.10000000149011612,0.10000000149011612,0.10000000149011612,0.10000000149011612,0.10000000149011612,0.10000000149011612,0.10000000149011612,0.10000000149011612,0.10000000149011612
29,HRV,Croatia,2023,-2.236304998397827,-0.07648034393787384,5.5,1,-0.3481642007827759,-0.2588765323162079,-0.3555670380592346,-0.4300490617752075,0.10000000149011612,0.10000000149011612,0.10000000149011612,0.10000000149011612,0.10000000149011612,0.10000000149011612,0.10000000149011612,0.10000000149011612,0.10000000149011612,0.10000000149011612
30,HUN,Hungary,2018,-2.826733112335205,-0.10883495211601257,5.5,1,0.43036317825317383,0.30845627188682556,0.5491956472396851,0.4334375858306885,0.10000000149011612,0.10000000149011612,0.10000000149011612,0.10000000149011612,0.10000000149011612,0.10000000149011612,0.10000000149011612,0.10000000149011612,0.10000000149011612,0.10000000149011612
30,HUN,Hungary,2019,-3.2313930988311768,-0.09543995559215546,5.5,1,0.43036317825317383,0.30845627188682556,0.5491956472396851,0.4334375858306885,0.10000000149011612,0.10000000149011612,0.10000000149011612,0.10000000149011612,0.10000000149011612,0.10000000149011612,0.10000000149011612,0.10000000149011612,0.10000000149011612,0.10000000149011612
30,HUN,Hungary,2020,-3.419083595275879,-0.08606776595115662,5.5,1,0.43036317825317383,0.30845627188682556,0.5491956472396851,0.4334375858306885,0.10000000149011612,0.10000000149011612,0.10000000149011612,0.10000000149011612,0.10000000149011612,0.10000000149011612,0.10000000149011612,0.10000000149011612,0.10000000149011612,0.10000000149011612
30,HUN,Hungary,2021,-3.8331387042999268,-0.07805363833904266,5.5,1,0.43036317825317383,0.30845627188682556,0.5491956472396851,0.4334375858306885,0.10000000149011612,0.10000000149011612,0.10000000149011612,0.10000000149011612,0.10000000149011612,0.10000000149011612,0.10000000149011612,0.10000000149011612,0.10000000149011612,0.10000000149011612
30,HUN,Hungary,2022,-4.042897701263428,-0.07073235511779785,5.5,1,0.43036317825317383,0.30845627188682556,0.5491956472396851,0.4334375858306885,0.10000000149011612,0.10000000149011612,0.10000000149011612,0.10000000149011612,0.10000000149011612,0.10000000149011612,0.10000000149011612,0.10000000149011612,0.10000000149011612,0.10000000149011612
30,HUN,Hungary,2023,-4.756733417510986,-0.0645541399717331,5.5,1,0.43036317825317383,0.30845627188682556,0.5491956472396851,0.4334375858306885,0.10000000149011612,0.10000000149011612,0.10000000149011612,0.10000000149011612,0.10000000149011612,0.10000000149011612,0.10000000149011612,0.10000000149011612,0.10000000149011612,0.10000000149011612
31,IDN,Indonesia,2018,2.64410662651062,-0.08445978164672852,4.396170139312744,4,-0.9561768174171448,-0.9402090311050415,-0.8002218008041382,-1.1280996799468994,0.10471788048744202,0.14283469319343567,0.14681698381900787,0.15715694427490234,0.1521395891904831,0.10814101994037628,0.07002327591180801,0.05100372061133385,0.04269156605005264,0.024474315345287323
31,IDN,Indonesia,2019,3.317753314971924,-0.07215423882007599,4.396170139312744,4,-0.9561768174171448,-0.9402090311050415,-0.8002218008041382,-1.1280996799468994,0.10471788048744202,0.14283469319343567,0.14681698381900787,0.15715694427490234,0.1521395891904831,0.10814101994037628,0.07002327591180801,0.05100372061133385,0.04269156605005264,0.024474315345287323
31,IDN,Indonesia,2020,2.719416856765747,-0.058750733733177185,4.396170139312744,4,-0.9561768174171448,-0.9402090311050415,-0.8002218008041382,-1.1280996799468994,0.10471788048744202,0.14283469319343567,0.14681698381900787,0.15715694427490234,0.1521395891904831,0.10814101994037628,0.07002327591180801,0.05100372061133385,0.04269156605005264,0.024474315345287323
31,IDN,Indonesia,2021,2.6682887077331543,-0.053075045347213745,4.396170139312744,4,-0.9561768174171448,-0.9402090311050415,-0.8002218008041382,-1.1280996799468994,0.10471788048744202,0.14283469319343567,0.14681698381900787,0.15715694427490234,0.1521395891904831,0.10814101994037628,0.07002327591180801,0.05100372061133385,0.04269156605005264,0.024474315345287323
31,IDN,Indonesia,2022,2.0740978717803955,-0.0521063357591629,4.396170139312744,4,-0.9561768174171448,-0.9402090311050415,-0.8002218008041382,-1.1280996799468994,0.10471788048744202,0.14283469319343567,0.14681698381900787,0.15715694427490234,0.1521395891904831,0.10814101994037628,0.07002327591180801,0.05100372061133385,0.04269156605005264,0.024474315345287323
31,IDN,Indonesia,2023,2.4188666343688965,-0.05652466416358948,4.396170139312744,4,-0.9561768174171448,-0.9402090311050415,-0.8002218008041382,-1.1280996799468994,0.10471788048744202,0.14283469319343567,0.14681698381900787,0.15715694427490234,0.1521395891904831,0.10814101994037628,0.07002327591180801,0.05100372061133385,0.04269156605005264,0.024474315345287323
32,IND,India,2018,0.023883648216724396,-0.23342496156692505,5.5,1,-0.5800058245658875,-0.6757107377052307,-0.8220545053482056,-0.24225223064422607,0.10000000149011612,0.10000000149011612,0.10000000149011612,0.10000000149011612,0.10000000149011612,0.10000000149011612,0.10000000149011612,0.10000000149011612,0.10000000149011612,0.10000000149011612
32,IND,India,2019,-1.7109887599945068,-0.22331887483596802,5.5,1,-0.5800058245658875,-0.6757107377052307,-0.8220545053482056,-0.24225223064422607,0.10000000149011612,0.10000000149011612,0.10000000149011612,0.10000000149011612,0.10000000149011612,0.10000000149011612,0.10000000149011612,0.10000000149011612,0.10000000149011612,0.10000000149011612
32,IND,India,2020,-2.832286834716797,-0.1918393224477768,5.5,1,-0.5800058245658875,-0.6757107377052307,-0.8220545053482056,-0.24225223064422607,0.10000000149011612,0.10000000149011612,0.10000000149011612,0.10000000149011612,0.10000000149011612,0.10000000149011612,0.10000000149011612,0.10000000149011612,0.10000000149011612,0.10000000149011612
32,IND,India,2021,-2.1478464603424072,-0.1557864546775818,5.5,1,-0.5800058245658875,-0.6757107377052307,-0.8220545053482056,-0.24225223064422607,0.10000000149011612,0.10000000149011612,0.10000000149011612,0.10000000149011612,0.10000000149011612,0.10000000149011612,0.10000000149011612,0.10000000149011612,0.10000000149011612,0.10000000149011612
32,IND,India,2022,-2.8932855129241943,-0.1382591724395752,5.5,1,-0.5800058245658875,-0.6757107377052307,-0.8220545053482056,-0.24225223064422607,0.10000000149011612,0.10000000149011612,0.10000000149011612,0.10000000149011612,0.10000000149011612,0.10000000149011612,0.10000000149011612,0.10000000149011612,0.10000000149011612,0.10000000149011612
32,IND,India,2023,-2.182831048965454,-0.107206791639328,5.5,1,-0.5800058245658875,-0.6757107377052307,-0.8220545053482056,-0.24225223064422607,0.10000000149011612,0.10000000149011612,0.10000000149011612,0.10000000149011612,0.10000000149011612,0.10000000149011612,0.10000000149011612,0.10000000149011612,0.10000000149011612,0.10000000149011612
33,IRL,Ireland,2018,-3.2219769954681396,-0.06205357611179352,5.5,1,1.125100016593933,0.9071259498596191,1.2676217555999756,1.2005521059036255,0.10000000149011612,0.10000000149011612,0.10000000149011612,0.10000000149011612,0.10000000149011612,0.10000000149011612,0.10000000149011612,0.10000000149011612,0.10000000149011612,0.10000000149011612
33,IRL,Ireland,2019,-3.9652493000030518,-0.06374676525592804,5.5,1,1.125100016593933,0.9071259498596191,1.2676217555999756,1.2005521059036255,0.10000000149011612,0.10000000149011612,0.10000000149011612,0.10000000149011612,0.10000000149011612,0.10000000149011612,0.10000000149011612,0.10000000149011612,0.10000000149011612,0.10000000149011612
33,IRL,Ireland,2020,-4.2647223472595215,-0.060254037380218506,5.5,1,1.125100016593933,0.9071259498596191,1.2676217555999756,1.2005521059036255,0.10000000149011612,0.10000000149011612,0.10000000149011612,0.10000000149011612,0.10000000149011612,0.10000000149011612,0.10000000149011612,0.10000000149011612,0.10000000149011612,0.10000000149011612
33,IRL,Ireland,2021,-3.373614549636841,-0.05674794316291809,5.5,1,1.125100016593933,0.9071259498596191,1.2676217555999756,1.2005521059036255,0.10000000149011612,0.10000000149011612,0.10000000149011612,0.10000000149011612,0.10000000149011612,0.10000000149011612,0.10000000149011612,0.10000000149011612,0.10000000149011612,0.10000000149011612
33,IRL,Ireland,2022,-3.6817150115966797,-0.05469048023223877,5.5,1,1.125100016593933,0.9071259498596191,1.2676217555999756,1.2005521059036255,0.10000000149011612,0.10000000149011612,0.10000000149011612,0.10000000149011612,0.10000000149011612,0.10000000149011612,0.10000000149011612,0.10000000149011612,0.10000000149011612,0.10000000149011612
33,IRL,Ireland,2023,-4.387845516204834,-0.05338655412197113,5.5,1,1.125100016593933,0.9071259498596191,1.2676217555999756,1.2005521059036255,0.10000000149011612,0.10000000149011612,0.10000000149011612,0.10000000149011612,0.10000000149011612,0.10000000149011612,0.10000000149011612,0.10000000149011612,0.10000000149011612,0.10000000149011612
34,IRN,Iran,2018,0.18575511872768402,-0.2673012614250183,6.4781036376953125,9,-1.425826907157898,-1.0039883852005005,-1.918333888053894,-1.3551583290100098,0.05492864549160004,0.054367661476135254,0.07423782348632812,0.0838058590888977,0.13068675994873047,0.04846584051847458,0.09277120977640152,0.1347825825214386,0.17492122948169708,0.15103240311145782
34,IRN,Iran,2019,-3.3282368183135986,-0.2723524570465088,6.4781036376953125,9,-1.425826907157898,-1.0039883852005005,-1.918333888053894,-1.3551583290100098,0.05492864549160004,0.054367661476135254,0.07423782348632812,0.0838058590888977,0.13068675994873047,0.04846584051847458,0.09277120977640152,0.1347825825214386,0.17492122948169708,0.15103240311145782
34,IRN,Iran,2020,-1.5740487575531006,-0.2604095935821533,6.4781036376953125,9,-1.425826907157898,-1.0039883852005005,-1.918333888053894,-1.3551583290100098,0.05492864549160004,0.054367661476135254,0.07423782348632812,0.0838058590888977,0.13068675994873047,0.04846584051847458,0.09277120977640152,0.1347825825214386,0.17492122948169708,0.15103240311145782
34,IRN,Iran,2021,0.32263654470443726,-0.25457024574279785,6.4781036376953125,9,-1.425826907157898,-1.0039883852005005,-1.918333888053894,-1.3551583290100098,0.05492864549160004,0.054367661476135254,0.07423782348632812,0.0838058590888977,0.13068675994873047,0.04846584051847458,0.09277120977640152,0.1347825825214386,0.17492122948169708,0.15103240311145782
34,IRN,Iran,2022,0.009564151056110859,-0.25624823570251465,6.4781036376953125,9,-1.425826907157898,-1.0039883852005005,-1.918333888053894,-1.3551583290100098,0.05492864549160004,0.054367661476135254,0.07423782348632812,0.0838058590888977,0.13068675994873047,0.04846584051847458,0.09277120977640152,0.1347825825214386,0.17492122948169708,0.15103240311145782
34,IRN,Iran,2023,-0.9724723696708679,-0.2608669102191925,6.4781036376953125,9,-1.425826907157898,-1.0039883852005005,-1.918333888053894,-1.3551583290100098,0.05492864549160004,0.054367661476135254,0.07423782348632812,0.0838058590888977,0.13068675994873047,0.04846584051847458,0.09277120977640152,0.1347825825214386,0.17492122948169708,0.15103240311145782
35,IRQ,Iraq,2018,1.4125878810882568,-0.30140578746795654,6.959712982177734,9,-2.0568058490753174,-2.0972113609313965,-2.079011917114258,-1.9941946268081665,0.07552345097064972,0.07101386040449142,0.0424681156873703,0.0060340287163853645,0.01595662534236908,0.089323990046978,0.15837357938289642,0.17863111197948456,0.18952210247516632,0.1731531322002411
35,IRQ,Iraq,2019,1.0280742645263672,-0.29779791831970215,6.959712982177734,9,-2.0568058490753174,-2.0972113609313965,-2.079011917114258,-1.9941946268081665,0.07552345097064972,0.07101386040449142,0.0424681156873703,0.0060340287163853645,0.01595662534236908,0.089323990046978,0.15837357938289642,0.17863111197948456,0.18952210247516632,0.1731531322002411
35,IRQ,Iraq,2020,1.1829884052276611,-0.29686546325683594,6.959712982177734,9,-2.0568058490753174,-2.0972113609313965,-2.079011917114258,-1.9941946268081665,0.07552345097064972,0.07101386040449142,0.0424681156873703,0.0060340287163853645,0.01595662534236908,0.089323990046978,0.15837357938289642,0.17863111197948456,0.18952210247516632,0.1731531322002411
35,IRQ,Iraq,2021,1.2868479490280151,-0.2969162166118622,6.959712982177734,9,-2.0568058490753174,-2.0972113609313965,-2.079011917114258,-1.9941946268081665,0.07552345097064972,0.07101386040449142,0.0424681156873703,0.0060340287163853645,0.01595662534236908,0.089323990046978,0.15837357938289642,0.17863111197948456,0.18952210247516632,0.1731531322002411
35,IRQ,Iraq,2022,1.606886863708496,-0.29763805866241455,6.959712982177734,9,-2.0568058490753174,-2.0972113609313965,-2.079011917114258,-1.9941946268081665,0.07552345097064972,0.07101386040449142,0.0424681156873703,0.0060340287163853645,0.01595662534236908,0.089323990046978,0.15837357938289642,0.17863111197948456,0.18952210247516632,0.1731531322002411
35,IRQ,Iraq,2023,1.6270170211791992,-0.29712194204330444,6.959712982177734,9,-2.0568058490753174,-2.0972113609313965,-2.079011917114258,-1.9941946268081665,0.07552345097064972,0.07101386040449142,0.0424681156873703,0.0060340287163853645,0.01595662534236908,0.089323990046978,0.15837357938289642,0.17863111197948456,0.18952210247516632,0.1731531322002411
36,ISL,Iceland,2018,2.5240752696990967,-0.10160812735557556,5.778268337249756,6,1.1885734796524048,1.2342337369918823,0.9549963474273682,1.376490592956543,0.05976095050573349,0.07575946301221848,0.09193278849124908,0.1053706705570221,0.11869796365499496,0.125776469707489,0.12383207678794861,0.11619309335947037,0.10157569497823715,0.08110081404447556
36,ISL,Iceland,2019,2.4789857864379883,-0.10386484861373901,5.778268337249756,6,1.1885734796524048,1.2342337369918823,0.9549963474273682,1.376490592956543,0.05976095050573349,0.07575946301221848,0.09193278849124908,0.1053706705570221,0.11869796365499496,0.125776469707489,0.12383207678794861,0.11619309335947037,0.10157569497823715,0.08110081404447556
36,ISL,Iceland,2020,1.9529410600662231,-0.10384802520275116,5.778268337249756,6,1.1885734796524048,1.2342337369918823,0.9549963474273682,1.376490592956543,0.05976095050573349,0.07575946301221848,0.09193278849124908,0.1053706705570221,0.11869796365499496,0.125776469707489,0.12383207678794861,0.11619309335947037,0.10157569497823715,0.08110081404447556
36,ISL,Iceland,2021,1.6373142004013062,-0.10076704621315002,5.778268337249756,6,1.1885734796524048,1.2342337369918823,0.9549963474273682,1.376490592956543,0.05976095050573349,0.07575946301221848,0.09193278849124908,0.1053706705570221,0.11869796365499496,0.125776469707489,0.12383207678794861,0.11619309335947037,0.10157569497823715,0.08110081404447556
36,ISL,Iceland,2022,1.38180673122406,-0.09883299469947815,5.778268337249756,6,1.1885734796524048,1.2342337369918823,0.9549963474273682,1.376490592956543,0.05976095050573349,0.07575946301221848,0.09193278849124908,0.1053706705570221,0.11869796365499496,0.125776469707489,0.12383207678794861,0.11619309335947037,0.10157569497823715,0.08110081404447556
36,ISL,Iceland,2023,2.3587470054626465,-0.09881430864334106,5.778268337249756,6,1.1885734796524048,1.2342337369918823,0.9549963474273682,1.376490592956543,0.05976095050573349,0.07575946301221848,0.09193278849124908,0.1053706705570221,0.11869796365499496,0.125776469707489,0.12383207678794861,0.11619309335947037,0.10157569497823715,0.08110081404447556
37,ISR,Israel,2018,-6.285995006561279,-0.06111079454421997,1.0,1,0.6414921283721924,0.9020118117332458,0.48677289485931396,0.5356917977333069,1.0,0.0,0.0,0.0,0.0,0.0,0.0,0.0,0.0,0.0
37,ISR,Israel,2019,-6.490711212158203,-0.06923453509807587,1.0,1,0.6414921283721924,0.9020118117332458,0.48677289485931396,0.5356917977333069,1.0,0.0,0.0,0.0,0.0,0.0,0.0,0.0,0.0,0.0
37,ISR,Israel,2020,-7.341547966003418,-0.0938742607831955,1.0,1,0.6414921283721924,0.9020118117332458,0.48677289485931396,0.5356917977333069,1.0,0.0,0.0,0.0,0.0,0.0,0.0,0.0,0.0,0.0
37,ISR,Israel,2021,-8.057387351989746,-0.12682993710041046,1.0,1,0.6414921283721924,0.9020118117332458,0.48677289485931396,0.5356917977333069,1.0,0.0,0.0,0.0,0.0,0.0,0.0,0.0,0.0,0.0
37,ISR,Israel,2022,-8.405094146728516,-0.14337767660617828,1.0,1,0.6414921283721924,0.9020118117332458,0.48677289485931396,0.5356917977333069,1.0,0.0,0.0,0.0,0.0,0.0,0.0,0.0,0.0,0.0
37,ISR,Israel,2023,-9.675131797790527,-0.1382729560136795,1.0,1,0.6414921283721924,0.9020118117332458,0.48677289485931396,0.5356917977333069,1.0,0.0,0.0,0.0,0.0,0.0,0.0,0.0,0.0,0.0
38,ITA,Italy,2018,-5.143430233001709,-0.06537088751792908,5.5,1,0.23468120396137238,0.07437334209680557,0.34910762310028076,0.28056269884109497,0.10000000149011612,0.10000000149011612,0.10000000149011612,0.10000000149011612,0.10000000149011612,0.10000000149011612,0.10000000149011612,0.10000000149011612,0.10000000149011612,0.10000000149011612
38,ITA,Italy,2019,-5.74995231628418,-0.05932788550853729,5.5,1,0.23468120396137238,0.07437334209680557,0.34910762310028076,0.28056269884109497,0.10000000149011612,0.10000000149011612,0.10000000149011612,0.10000000149011612,0.10000000149011612,0.10000000149011612,0.10000000149011612,0.10000000149011612,0.10000000149011612,0.10000000149011612
38,ITA,Italy,2020,-6.417283058166504,-0.0567949116230011,5.5,1,0.23468120396137238,0.07437334209680557,0.34910762310028076,0.28056269884109497,0.10000000149011612,0.10000000149011612,0.10000000149011612,0.10000000149011612,0.10000000149011612,0.10000000149011612,0.10000000149011612,0.10000000149011612,0.10000000149011612,0.10000000149011612
38,ITA,Italy,2021,-6.226283073425293,-0.055458977818489075,5.5,1,0.23468120396137238,0.07437334209680557,0.34910762310028076,0.28056269884109497,0.10000000149011612,0.10000000149011612,0.10000000149011612,0.10000000149011612,0.10000000149011612,0.10000000149011612,0.10000000149011612,0.10000000149011612,0.10000000149011612,0.10000000149011612
38,ITA,Italy,2022,-4.716213703155518,-0.05477605760097504,5.5,1,0.23468120396137238,0.07437334209680557,0.34910762310028076,0.28056269884109497,0.10000000149011612,0.10000000149011612,0.10000000149011612,0.10000000149011612,0.10000000149011612,0.10000000149011612,0.10000000149011612,0.10000000149011612,0.10000000149011612,0.10000000149011612
38,ITA,Italy,2023,-6.842550277709961,-0.05422726273536682,5.5,1,0.23468120396137238,0.07437334209680557,0.34910762310028076,0.28056269884109497,0.10000000149011612,0.10000000149011612,0.10000000149011612,0.10000000149011612,0.10000000149011612,0.10000000149011612,0.10000000149011612,0.10000000149011612,0.10000000149011612,0.10000000149011612
39,JPN,Japan,2018,3.7277371883392334,-0.035768911242485046,5.022895812988281,5,0.7284886837005615,0.8470459580421448,0.45311596989631653,0.8853041529655457,0.04037624970078468,0.08505263179540634,0.1325821429491043,0.165618434548378,0.17136922478675842,0.14962425827980042,0.11564242839813232,0.0840793251991272,0.04108220338821411,0.014573103748261929
39,JPN,Japan,2019,3.204775810241699,-0.044545844197273254,5.022895812988281,5,0.7284886837005615,0.8470459580421448,0.45311596989631653,0.8853041529655457,0.04037624970078468,0.08505263179540634,0.1325821429491043,0.165618434548378,0.17136922478675842,0.14962425827980042,0.11564242839813232,0.0840793251991272,0.04108220338821411,0.014573103748261929
39,JPN,Japan,2020,3.1749613285064697,-0.05142940580844879,5.022895812988281,5,0.7284886837005615,0.8470459580421448,0.45311596989631653,0.8853041529655457,0.04037624970078468,0.08505263179540634,0.1325821429491043,0.165618434548378,0.17136922478675842,0.14962425827980042,0.11564242839813232,0.0840793251991272,0.04108220338821411,0.014573103748261929
39,JPN,Japan,2021,2.640718698501587,-0.05744995176792145,5.022895812988281,5,0.7284886837005615,0.8470459580421448,0.45311596989631653,0.8853041529655457,0.04037624970078468,0.08505263179540634,0.1325821429491043,0.165618434548378,0.17136922478675842,0.14962425827980042,0.11564242839813232,0.0840793251991272,0.04108220338821411,0.014573103748261929
39,JPN,Japan,2022,2.846599578857422,-0.06324411928653717,5.022895812988281,5,0.7284886837005615,0.8470459580421448,0.45311596989631653,0.8853041529655457,0.04037624970078468,0.08505263179540634,0.1325821429491043,0.165618434548378,0.17136922478675842,0.14962425827980042,0.11564242839813232,0.0840793251991272,0.04108220338821411,0.014573103748261929
39,JPN,Japan,2023,1.7527316808700562,-0.06899365782737732,5.022895812988281,5,0.7284886837005615,0.8470459580421448,0.45311596989631653,0.8853041529655457,0.04037624970078468,0.08505263179540634,0.1325821429491043,0.165618434548378,0.17136922478675842,0.14962425827980042,0.11564242839813232,0.0840793251991272,0.04108220338821411,0.014573103748261929
40,KAZ,Kazakhstan,2018,1.5828030109405518,-0.29499560594558716,5.5,1,-1.2722676992416382,-1.3743125200271606,-1.0817227363586426,-1.3607680797576904,0.10000000149011612,0.10000000149011612,0.10000000149011612,0.10000000149011612,0.10000000149011612,0.10000000149011612,0.10000000149011612,0.10000000149011612,0.10000000149011612,0.10000000149011612
40,KAZ,Kazakhstan,2019,1.5101414918899536,-0.2948194742202759,5.5,1,-1.2722676992416382,-1.3743125200271606,-1.0817227363586426,-1.3607680797576904,0.10000000149011612,0.10000000149011612,0.10000000149011612,0.10000000149011612,0.10000000149011612,0.10000000149011612,0.10000000149011612,0.10000000149011612,0.10000000149011612,0.10000000149011612
40,KAZ,Kazakhstan,2020,1.363572597503662,-0.2956303358078003,5.5,1,-1.2722676992416382,-1.3743125200271606,-1.0817227363586426,-1.3607680797576904,0.10000000149011612,0.10000000149011612,0.10000000149011612,0.10000000149011612,0.10000000149011612,0.10000000149011612,0.10000000149011612,0.10000000149011612,0.10000000149011612,0.10000000149011612
40,KAZ,Kazakhstan,2021,1.2543725967407227,-0.2980204224586487,5.5,1,-1.2722676992416382,-1.3743125200271606,-1.0817227363586426,-1.3607680797576904,0.10000000149011612,0.10000000149011612,0.10000000149011612,0.10000000149011612,0.10000000149011612,0.10000000149011612,0.10000000149011612,0.10000000149011612,0.10000000149011612,0.10000000149011612
40,KAZ,Kazakhstan,2022,1.1613658666610718,-0.29758918285369873,5.5,1,-1.2722676992416382,-1.3743125200271606,-1.0817227363586426,-1.3607680797576904,0.10000000149011612,0.10000000149011612,0.10000000149011612,0.10000000149011612,0.10000000149011612,0.10000000149011612,0.10000000149011612,0.10000000149011612,0.10000000149011612,0.10000000149011612
40,KAZ,Kazakhstan,2023,0.9807498455047607,-0.2942524552345276,5.5,1,-1.2722676992416382,-1.3743125200271606,-1.0817227363586426,-1.3607680797576904,0.10000000149011612,0.10000000149011612,0.10000000149011612,0.10000000149011612,0.10000000149011612,0.10000000149011612,0.10000000149011612,0.10000000149011612,0.10000000149011612,0.10000000149011612
41,KOR,South Korea,2018,3.200753688812256,-0.01111920177936554,7.016659736633301,7,0.34772443771362305,0.4346860945224762,0.1522836983203888,0.45620352029800415,0.019996102899312973,0.0,0.0,0.0293666273355484,0.12513095140457153,0.20612265169620514,0.21835388243198395,0.19275663793087006,0.13645592331886292,0.07181722670793533
41,KOR,South Korea,2019,1.7671101093292236,-0.035739168524742126,7.016659736633301,7,0.34772443771362305,0.4346860945224762,0.1522836983203888,0.45620352029800415,0.019996102899312973,0.0,0.0,0.0293666273355484,0.12513095140457153,0.20612265169620514,0.21835388243198395,0.19275663793087006,0.13645592331886292,0.07181722670793533
41,KOR,South Korea,2020,-0.8152863383293152,-0.05397321283817291,7.016659736633301,7,0.34772443771362305,0.4346860945224762,0.1522836983203888,0.45620352029800415,0.019996102899312973,0.0,0.0,0.0293666273355484,0.12513095140457153,0.20612265169620514,0.21835388243198395,0.19275663793087006,0.13645592331886292,0.07181722670793533
41,KOR,South Korea,2021,-0.6951596140861511,-0.07301464676856995,7.016659736633301,7,0.34772443771362305,0.4346860945224762,0.1522836983203888,0.45620352029800415,0.019996102899312973,0.0,0.0,0.0293666273355484,0.12513095140457153,0.20612265169620514,0.21835388243198395,0.19275663793087006,0.13645592331886292,0.07181722670793533
41,KOR,South Korea,2022,-2.0999202728271484,-0.08673366904258728,7.016659736633301,7,0.34772443771362305,0.4346860945224762,0.1522836983203888,0.45620352029800415,0.019996102899312973,0.0,0.0,0.0293666273355484,0.12513095140457153,0.20612265169620514,0.21835388243198395,0.19275663793087006,0.13645592331886292,0.07181722670793533
41,KOR,South Korea,2023,-2.8068954944610596,-0.09708923101425171,7.016659736633301,7,0.34772443771362305,0.4346860945224762,0.1522836983203888,0.45620352029800415,0.019996102899312973,0.0,0.0,0.0293666273355484,0.12513095140457153,0.20612265169620514,0.21835388243198395,0.19275663793087006,0.13645592331886292,0.07181722670793533
42,KWT,Kuwait,2018,-6.3546881675720215,-0.23287275433540344,5.5,1,-0.23261572420597076,-0.458217591047287,-0.3800378143787384,0.1404082179069519,0.10000000149011612,0.10000000149011612,0.10000000149011612,0.10000000149011612,0.10000000149011612,0.10000000149011612,0.10000000149011612,0.10000000149011612,0.10000000149011612,0.10000000149011612
42,KWT,Kuwait,2019,-7.2538886070251465,-0.2399747371673584,5.5,1,-0.23261572420597076,-0.458217591047287,-0.3800378143787384,0.1404082179069519,0.10000000149011612,0.10000000149011612,0.10000000149011612,0.10000000149011612,0.10000000149011612,0.10000000149011612,0.10000000149011612,0.10000000149011612,0.10000000149011612,0.10000000149011612
42,KWT,Kuwait,2020,-6.158499240875244,-0.24610760807991028,5.5,1,-0.23261572420597076,-0.458217591047287,-0.3800378143787384,0.1404082179069519,0.10000000149011612,0.10000000149011612,0.10000000149011612,0.10000000149011612,0.10000000149011612,0.10000000149011612,0.10000000149011612,0.10000000149011612,0.10000000149011612,0.10000000149011612
42,KWT,Kuwait,2021,-7.0740485191345215,-0.25041016936302185,5.5,1,-0.23261572420597076,-0.458217591047287,-0.3800378143787384,0.1404082179069519,0.10000000149011612,0.10000000149011612,0.10000000149011612,0.10000000149011612,0.10000000149011612,0.10000000149011612,0.10000000149011612,0.10000000149011612,0.10000000149011612,0.10000000149011612
42,KWT,Kuwait,2022,-27.902793884277344,-0.2531915009021759,5.5,1,-0.23261572420597076,-0.458217591047287,-0.3800378143787384,0.1404082179069519,0.10000000149011612,0.10000000149011612,0.10000000149011612,0.10000000149011612,0.10000000149011612,0.10000000149011612,0.10000000149011612,0.10000000149011612,0.10000000149011612,0.10000000149011612
42,KWT,Kuwait,2023,-27.870094299316406,-0.2548985481262207,5.5,1,-0.23261572420597076,-0.458217591047287,-0.3800378143787384,0.1404082179069519,0.10000000149011612,0.10000000149011612,0.10000000149011612,0.10000000149011612,0.10000000149011612,0.10000000149011612,0.10000000149011612,0.10000000149011612,0.10000000149011612,0.10000000149011612
43,LKA,Sri Lanka,2018,2.3601856231689453,-0.3126198649406433,5.5,1,-0.550111711025238,-0.720518171787262,-0.5627866387367249,-0.36703041195869446,0.10000000149011612,0.10000000149011612,0.10000000149011612,0.10000000149011612,0.10000000149011612,0.10000000149011612,0.10000000149011612,0.10000000149011612,0.10000000149011612,0.10000000149011612
43,LKA,Sri Lanka,2019,4.711722373962402,-0.30915647745132446,5.5,1,-0.550111711025238,-0.720518171787262,-0.5627866387367249,-0.36703041195869446,0.10000000149011612,0.10000000149011612,0.10000000149011612,0.10000000149011612,0.10000000149011612,0.10000000149011612,0.10000000149011612,0.10000000149011612,0.10000000149011612,0.10000000149011612
43,LKA,Sri Lanka,2020,4.523720741271973,-0.312565416097641,5.5,1,-0.550111711025238,-0.720518171787262,-0.5627866387367249,-0.36703041195869446,0.10000000149011612,0.10000000149011612,0.10000000149011612,0.10000000149011612,0.10000000149011612,0.10000000149011612,0.10000000149011612,0.10000000149011612,0.10000000149011612,0.10000000149011612
43,LKA,Sri Lanka,2021,1.3256715536117554,-0.3089876174926758,5.5,1,-0.550111711025238,-0.720518171787262,-0.5627866387367249,-0.36703041195869446,0.10000000149011612,0.10000000149011612,0.10000000149011612,0.10000000149011612,0.10000000149011612,0.10000000149011612,0.10000000149011612,0.10000000149011612,0.10000000149011612,0.10000000149011612
43,LKA,Sri Lanka,2022,4.413687705993652,-0.31512778997421265,5.5,1,-0.550111711025238,-0.720518171787262,-0.5627866387367249,-0.36703041195869446,0.10000000149011612,0.10000000149011612,0.10000000149011612,0.10000000149011612,0.10000000149011612,0.10000000149011612,0.10000000149011612,0.10000000149011612,0.10000000149011612,0.10000000149011612
43,LKA,Sri Lanka,2023,4.413687705993652,-0.30732429027557373,5.5,1,-0.550111711025238,-0.720518171787262,-0.5627866387367249,-0.36703041195869446,0.10000000149011612,0.10000000149011612,0.10000000149011612,0.10000000149011612,0.10000000149011612,0.10000000149011612,0.10000000149011612,0.10000000149011612,0.10000000149011612,0.10000000149011612
44,LTU,Lithuania,2018,0.5927717685699463,-0.08045348525047302,5.26418399810791,5,0.11791292577981949,-0.0774189680814743,0.3881412148475647,0.043016545474529266,0.04039640724658966,0.08102735877037048,0.11988960206508636,0.14705824851989746,0.157559335231781,0.15116341412067413,0.12294620275497437,0.09198113530874252,0.05720144137740135,0.030776863917708397
44,LTU,Lithuania,2019,0.5042790174484253,-0.0641598254442215,5.26418399810791,5,0.11791292577981949,-0.0774189680814743,0.3881412148475647,0.043016545474529266,0.04039640724658966,0.08102735877037048,0.11988960206508636,0.14705824851989746,0.157559335231781,0.15116341412067413,0.12294620275497437,0.09198113530874252,0.05720144137740135,0.030776863917708397
44,LTU,Lithuania,2020,1.2348809242248535,-0.05835515260696411,5.26418399810791,5,0.11791292577981949,-0.0774189680814743,0.3881412148475647,0.043016545474529266,0.04039640724658966,0.08102735877037048,0.11988960206508636,0.14705824851989746,0.157559335231781,0.15116341412067413,0.12294620275497437,0.09198113530874252,0.05720144137740135,0.030776863917708397
44,LTU,Lithuania,2021,1.103811502456665,-0.05525606870651245,5.26418399810791,5,0.11791292577981949,-0.0774189680814743,0.3881412148475647,0.043016545474529266,0.04039640724658966,0.08102735877037048,0.11988960206508636,0.14705824851989746,0.157559335231781,0.15116341412067413,0.12294620275497437,0.09198113530874252,0.05720144137740135,0.030776863917708397
44,LTU,Lithuania,2022,0.6238992810249329,-0.053835079073905945,5.26418399810791,5,0.11791292577981949,-0.0774189680814743,0.3881412148475647,0.043016545474529266,0.04039640724658966,0.08102735877037048,0.11988960206508636,0.14705824851989746,0.157559335231781,0.15116341412067413,0.12294620275497437,0.09198113530874252,0.05720144137740135,0.030776863917708397
44,LTU,Lithuania,2023,-0.08893253654241562,-0.05351188778877258,5.26418399810791,5,0.11791292577981949,-0.0774189680814743,0.3881412148475647,0.043016545474529266,0.04039640724658966,0.08102735877037048,0.11988960206508636,0.14705824851989746,0.157559335231781,0.15116341412067413,0.12294620275497437,0.09198113530874252,0.05720144137740135,0.030776863917708397
45,LUX,Luxembourg,2018,-2.6616039276123047,-0.0666721761226654,5.5,1,1.3627294301986694,1.4299343824386597,1.3163741827011108,1.3418793678283691,0.10000000149011612,0.10000000149011612,0.10000000149011612,0.10000000149011612,0.10000000149011612,0.10000000149011612,0.10000000149011612,0.10000000149011612,0.10000000149011612,0.10000000149011612
45,LUX,Luxembourg,2019,-3.0985145568847656,-0.06489880383014679,5.5,1,1.3627294301986694,1.4299343824386597,1.3163741827011108,1.3418793678283691,0.10000000149011612,0.10000000149011612,0.10000000149011612,0.10000000149011612,0.10000000149011612,0.10000000149011612,0.10000000149011612,0.10000000149011612,0.10000000149011612,0.10000000149011612
45,LUX,Luxembourg,2020,-3.1957318782806396,-0.05833175778388977,5.5,1,1.3627294301986694,1.4299343824386597,1.3163741827011108,1.3418793678283691,0.10000000149011612,0.10000000149011612,0.10000000149011612,0.10000000149011612,0.10000000149011612,0.10000000149011612,0.10000000149011612,0.10000000149011612,0.10000000149011612,0.10000000149011612
45,LUX,Luxembourg,2021,-3.2258713245391846,-0.054216787219047546,5.5,1,1.3627294301986694,1.4299343824386597,1.3163741827011108,1.3418793678283691,0.10000000149011612,0.10000000149011612,0.10000000149011612,0.10000000149011612,0.10000000149011612,0.10000000149011612,0.10000000149011612,0.10000000149011612,0.10000000149011612,0.10000000149011612
45,LUX,Luxembourg,2022,-3.72668719291687,-0.05406758189201355,5.5,1,1.3627294301986694,1.4299343824386597,1.3163741827011108,1.3418793678283691,0.10000000149011612,0.10000000149011612,0.10000000149011612,0.10000000149011612,0.10000000149011612,0.10000000149011612,0.10000000149011612,0.10000000149011612,0.10000000149011612,0.10000000149011612
45,LUX,Luxembourg,2023,-4.158839225769043,-0.05567909777164459,5.5,1,1.3627294301986694,1.4299343824386597,1.3163741827011108,1.3418793678283691,0.10000000149011612,0.10000000149011612,0.10000000149011612,0.10000000149011612,0.10000000149011612,0.10000000149011612,0.10000000149011612,0.10000000149011612,0.10000000149011612,0.10000000149011612
46,LVA,Latvia,2018,2.136277437210083,-0.19795536994934082,6.628789901733398,6,0.05672547221183777,-0.19147229194641113,0.368137001991272,-0.006488294806331396,0.0004641350533347577,0.044783301651477814,0.0681108683347702,0.09337900578975677,0.12241800874471664,0.16617897152900696,0.11229012161493301,0.10681886970996857,0.14440235495567322,0.14115436375141144
46,LVA,Latvia,2019,2.451484441757202,-0.1710076481103897,6.628789901733398,6,0.05672547221183777,-0.19147229194641113,0.368137001991272,-0.006488294806331396,0.0004641350533347577,0.044783301651477814,0.0681108683347702,0.09337900578975677,0.12241800874471664,0.16617897152900696,0.11229012161493301,0.10681886970996857,0.14440235495567322,0.14115436375141144
46,LVA,Latvia,2020,0.5582294464111328,-0.17160509526729584,6.628789901733398,6,0.05672547221183777,-0.19147229194641113,0.368137001991272,-0.006488294806331396,0.0004641350533347577,0.044783301651477814,0.0681108683347702,0.09337900578975677,0.12241800874471664,0.16617897152900696,0.11229012161493301,0.10681886970996857,0.14440235495567322,0.14115436375141144
46,LVA,Latvia,2021,0.538101315498352,-0.15409088134765625,6.628789901733398,6,0.05672547221183777,-0.19147229194641113,0.368137001991272,-0.006488294806331396,0.0004641350533347577,0.044783301651477814,0.0681108683347702,0.09337900578975677,0.12241800874471664,0.16617897152900696,0.11229012161493301,0.10681886970996857,0.14440235495567322,0.14115436375141144
46,LVA,Latvia,2022,-1.1075773239135742,-0.13497892022132874,6.628789901733398,6,0.05672547221183777,-0.19147229194641113,0.368137001991272,-0.006488294806331396,0.0004641350533347577,0.044783301651477814,0.0681108683347702,0.09337900578975677,0.12241800874471664,0.16617897152900696,0.11229012161493301,0.10681886970996857,0.14440235495567322,0.14115436375141144
46,LVA,Latvia,2023,-1.7468478679656982,-0.1286889910697937,6.628789901733398,6,0.05672547221183777,-0.19147229194641113,0.368137001991272,-0.006488294806331396,0.0004641350533347577,0.044783301651477814,0.0681108683347702,0.09337900578975677,0.12241800874471664,0.16617897152900696,0.11229012161493301,0.10681886970996857,0.14440235495567322,0.14115436375141144
47,MAR,Morocco,2018,-2.0527760982513428,-0.18691231310367584,5.5,1,-0.5677001476287842,-0.5921026468276978,-0.603592574596405,-0.5074053406715393,0.10000000149011612,0.10000000149011612,0.10000000149011612,0.10000000149011612,0.10000000149011612,0.10000000149011612,0.10000000149011612,0.10000000149011612,0.10000000149011612,0.10000000149011612
47,MAR,Morocco,2019,-1.840488076210022,-0.13654768466949463,5.5,1,-0.5677001476287842,-0.5921026468276978,-0.603592574596405,-0.5074053406715393,0.10000000149011612,0.10000000149011612,0.10000000149011612,0.10000000149011612,0.10000000149011612,0.10000000149011612,0.10000000149011612,0.10000000149011612,0.10000000149011612,0.10000000149011612
47,MAR,Morocco,2020,-1.5523828268051147,-0.11815017461776733,5.5,1,-0.5677001476287842,-0.5921026468276978,-0.603592574596405,-0.5074053406715393,0.10000000149011612,0.10000000149011612,0.10000000149011612,0.10000000149011612,0.10000000149011612,0.10000000149011612,0.10000000149011612,0.10000000149011612,0.10000000149011612,0.10000000149011612
47,MAR,Morocco,2021,-1.670159101486206,-0.10952232778072357,5.5,1,-0.5677001476287842,-0.5921026468276978,-0.603592574596405,-0.5074053406715393,0.10000000149011612,0.10000000149011612,0.10000000149011612,0.10000000149011612,0.10000000149011612,0.10000000149011612,0.10000000149011612,0.10000000149011612,0.10000000149011612,0.10000000149011612
47,MAR,Morocco,2022,-1.1988462209701538,-0.09296238422393799,5.5,1,-0.5677001476287842,-0.5921026468276978,-0.603592574596405,-0.5074053406715393,0.10000000149011612,0.10000000149011612,0.10000000149011612,0.10000000149011612,0.10000000149011612,0.10000000149011612,0.10000000149011612,0.10000000149011612,0.10000000149011612,0.10000000149011612
47,MAR,Morocco,2023,-2.160374164581299,-0.07961183786392212,5.5,1,-0.5677001476287842,-0.5921026468276978,-0.603592574596405,-0.5074053406715393,0.10000000149011612,0.10000000149011612,0.10000000149011612,0.10000000149011612,0.10000000149011612,0.10000000149011612,0.10000000149011612,0.10000000149011612,0.10000000149011612,0.10000000149011612
48,MEX,Mexico,2018,-1.2096426486968994,-0.23923075199127197,9.788259506225586,10,-0.4911726713180542,-0.5113726854324341,-0.13761571049690247,-0.8245296478271484,0.0,0.0,0.0,0.0,0.0,0.0,0.0,0.0,0.21174007654190063,0.7882599234580994
48,MEX,Mexico,2019,-1.0846872329711914,-0.24547703564167023,9.788259506225586,10,-0.4911726713180542,-0.5113726854324341,-0.13761571049690247,-0.8245296478271484,0.0,0.0,0.0,0.0,0.0,0.0,0.0,0.0,0.21174007654190063,0.7882599234580994
48,MEX,Mexico,2020,-3.962113618850708,-0.22416998445987701,9.788259506225586,10,-0.4911726713180542,-0.5113726854324341,-0.13761571049690247,-0.8245296478271484,0.0,0.0,0.0,0.0,0.0,0.0,0.0,0.0,0.21174007654190063,0.7882599234580994
48,MEX,Mexico,2021,-5.881318092346191,-0.20553213357925415,9.788259506225586,10,-0.4911726713180542,-0.5113726854324341,-0.13761571049690247,-0.8245296478271484,0.0,0.0,0.0,0.0,0.0,0.0,0.0,0.0,0.21174007654190063,0.7882599234580994
48,MEX,Mexico,2022,-5.320054531097412,-0.17389805614948273,9.788259506225586,10,-0.4911726713180542,-0.5113726854324341,-0.13761571049690247,-0.8245296478271484,0.0,0.0,0.0,0.0,0.0,0.0,0.0,0.0,0.21174007654190063,0.7882599234580994
48,MEX,Mexico,2023,-3.6169328689575195,-0.13635456562042236,9.788259506225586,10,-0.4911726713180542,-0.5113726854324341,-0.13761571049690247,-0.8245296478271484,0.0,0.0,0.0,0.0,0.0,0.0,0.0,0.0,0.21174007654190063,0.7882599234580994
49,MKD,North Macedonia,2018,-4.225182056427002,-0.19000709056854248,5.5,1,-0.8401430249214172,-0.9831662178039551,-0.6911687254905701,-0.8460942506790161,0.10000000149011612,0.10000000149011612,0.10000000149011612,0.10000000149011612,0.10000000149011612,0.10000000149011612,0.10000000149011612,0.10000000149011612,0.10000000149011612,0.10000000149011612
49,MKD,North Macedonia,2019,-2.3085620403289795,-0.15131445229053497,5.5,1,-0.8401430249214172,-0.9831662178039551,-0.6911687254905701,-0.8460942506790161,0.10000000149011612,0.10000000149011612,0.10000000149011612,0.10000000149011612,0.10000000149011612,0.10000000149011612,0.10000000149011612,0.10000000149011612,0.10000000149011612,0.10000000149011612
49,MKD,North Macedonia,2020,-3.7089016437530518,-0.14660656452178955,5.5,1,-0.8401430249214172,-0.9831662178039551,-0.6911687254905701,-0.8460942506790161,0.10000000149011612,0.10000000149011612,0.10000000149011612,0.10000000149011612,0.10000000149011612,0.10000000149011612,0.10000000149011612,0.10000000149011612,0.10000000149011612,0.10000000149011612
49,MKD,North Macedonia,2021,-4.82833194732666,-0.15628227591514587,5.5,1,-0.8401430249214172,-0.9831662178039551,-0.6911687254905701,-0.8460942506790161,0.10000000149011612,0.10000000149011612,0.10000000149011612,0.10000000149011612,0.10000000149011612,0.10000000149011612,0.10000000149011612,0.10000000149011612,0.10000000149011612,0.10000000149011612
49,MKD,North Macedonia,2022,-3.69097900390625,-0.14519530534744263,5.5,1,-0.8401430249214172,-0.9831662178039551,-0.6911687254905701,-0.8460942506790161,0.10000000149011612,0.10000000149011612,0.10000000149011612,0.10000000149011612,0.10000000149011612,0.10000000149011612,0.10000000149011612,0.10000000149011612,0.10000000149011612,0.10000000149011612
49,MKD,North Macedonia,2023,-4.7387189865112305,-0.13100197911262512,5.5,1,-0.8401430249214172,-0.9831662178039551,-0.6911687254905701,-0.8460942506790161,0.10000000149011612,0.10000000149011612,0.10000000149011612,0.10000000149011612,0.10000000149011612,0.10000000149011612,0.10000000149011612,0.10000000149011612,0.10000000149011612,0.10000000149011612
50,MYS,Malaysia,2018,0.02772342786192894,-0.12838223576545715,8.850887298583984,9,0.11615476757287979,0.3967877924442291,0.08836042881011963,-0.1366838961839676,0.0,0.0,0.0,0.0,0.0,0.0,0.0,0.34521040320396423,0.4586925804615021,0.1960970163345337
50,MYS,Malaysia,2019,-0.08382336795330048,-0.09382861852645874,8.850887298583984,9,0.11615476757287979,0.3967877924442291,0.08836042881011963,-0.1366838961839676,0.0,0.0,0.0,0.0,0.0,0.0,0.0,0.34521040320396423,0.4586925804615021,0.1960970163345337
50,MYS,Malaysia,2020,0.11602042615413666,-0.07123619318008423,8.850887298583984,9,0.11615476757287979,0.3967877924442291,0.08836042881011963,-0.1366838961839676,0.0,0.0,0.0,0.0,0.0,0.0,0.0,0.34521040320396423,0.4586925804615021,0.1960970163345337
50,MYS,Malaysia,2021,-0.4654858112335205,-0.05652238428592682,8.850887298583984,9,0.11615476757287979,0.3967877924442291,0.08836042881011963,-0.1366838961839676,0.0,0.0,0.0,0.0,0.0,0.0,0.0,0.34521040320396423,0.4586925804615021,0.1960970163345337
50,MYS,Malaysia,2022,-0.6587987542152405,-0.05204175412654877,8.850887298583984,9,0.11615476757287979,0.3967877924442291,0.08836042881011963,-0.1366838961839676,0.0,0.0,0.0,0.0,0.0,0.0,0.0,0.34521040320396423,0.4586925804615021,0.1960970163345337
50,MYS,Malaysia,2023,-0.5584850311279297,-0.052551791071891785,8.850887298583984,9,0.11615476757287979,0.3967877924442291,0.08836042881011963,-0.1366838961839676,0.0,0.0,0.0,0.0,0.0,0.0,0.0,0.34521040320396423,0.4586925804615021,0.1960970163345337
51,NLD,Netherlands,2018,-2.012981653213501,-0.08617141842842102,5.5,1,1.3984497785568237,1.432983160018921,1.4087532758712769,1.3536127805709839,0.10000000149011612,0.10000000149011612,0.10000000149011612,0.10000000149011612,0.10000000149011612,0.10000000149011612,0.10000000149011612,0.10000000149011612,0.10000000149011612,0.10000000149011612
51,NLD,Netherlands,2019,-4.107210636138916,-0.08076697587966919,5.5,1,1.3984497785568237,1.432983160018921,1.4087532758712769,1.3536127805709839,0.10000000149011612,0.10000000149011612,0.10000000149011612,0.10000000149011612,0.10000000149011612,0.10000000149011612,0.10000000149011612,0.10000000149011612,0.10000000149011612,0.10000000149011612
51,NLD,Netherlands,2020,-6.567773342132568,-0.07333691418170929,5.5,1,1.3984497785568237,1.432983160018921,1.4087532758712769,1.3536127805709839,0.10000000149011612,0.10000000149011612,0.10000000149011612,0.10000000149011612,0.10000000149011612,0.10000000149011612,0.10000000149011612,0.10000000149011612,0.10000000149011612,0.10000000149011612
51,NLD,Netherlands,2021,-6.225274562835693,-0.06401066482067108,5.5,1,1.3984497785568237,1.432983160018921,1.4087532758712769,1.3536127805709839,0.10000000149011612,0.10000000149011612,0.10000000149011612,0.10000000149011612,0.10000000149011612,0.10000000149011612,0.10000000149011612,0.10000000149011612,0.10000000149011612,0.10000000149011612
51,NLD,Netherlands,2022,-7.184930801391602,-0.05708669126033783,5.5,1,1.3984497785568237,1.432983160018921,1.4087532758712769,1.3536127805709839,0.10000000149011612,0.10000000149011612,0.10000000149011612,0.10000000149011612,0.10000000149011612,0.10000000149011612,0.10000000149011612,0.10000000149011612,0.10000000149011612,0.10000000149011612
51,NLD,Netherlands,2023,-9.322796821594238,-0.05239301919937134,5.5,1,1.3984497785568237,1.432983160018921,1.4087532758712769,1.3536127805709839,0.10000000149011612,0.10000000149011612,0.10000000149011612,0.10000000149011612,0.10000000149011612,0.10000000149011612,0.10000000149011612,0.10000000149011612,0.10000000149011612,0.10000000149011612
52,NOR,Norway,2018,0.684697687625885,-0.186037078499794,4.8015546798706055,6,1.3073252439498901,1.3803420066833496,1.0274958610534668,1.5141379833221436,0.08370303362607956,0.11726265400648117,0.12391014397144318,0.13747264444828033,0.1423850655555725,0.15590378642082214,0.11267414689064026,0.04903866723179817,0.04316934570670128,0.034480515867471695
52,NOR,Norway,2019,0.7579119205474854,-0.19737304747104645,4.8015546798706055,6,1.3073252439498901,1.3803420066833496,1.0274958610534668,1.5141379833221436,0.08370303362607956,0.11726265400648117,0.12391014397144318,0.13747264444828033,0.1423850655555725,0.15590378642082214,0.11267414689064026,0.04903866723179817,0.04316934570670128,0.034480515867471695
52,NOR,Norway,2020,0.16256453096866608,-0.2040376365184784,4.8015546798706055,6,1.3073252439498901,1.3803420066833496,1.0274958610534668,1.5141379833221436,0.08370303362607956,0.11726265400648117,0.12391014397144318,0.13747264444828033,0.1423850655555725,0.15590378642082214,0.11267414689064026,0.04903866723179817,0.04316934570670128,0.034480515867471695
52,NOR,Norway,2021,-0.5059971213340759,-0.17382806539535522,4.8015546798706055,6,1.3073252439498901,1.3803420066833496,1.0274958610534668,1.5141379833221436,0.08370303362607956,0.11726265400648117,0.12391014397144318,0.13747264444828033,0.1423850655555725,0.15590378642082214,0.11267414689064026,0.04903866723179817,0.04316934570670128,0.034480515867471695
52,NOR,Norway,2022,0.01806272566318512,-0.14736977219581604,4.8015546798706055,6,1.3073252439498901,1.3803420066833496,1.0274958610534668,1.5141379833221436,0.08370303362607956,0.11726265400648117,0.12391014397144318,0.13747264444828033,0.1423850655555725,0.15590378642082214,0.11267414689064026,0.04903866723179817,0.04316934570670128,0.034480515867471695
52,NOR,Norway,2023,0.1799047440290451,-0.1433013379573822,4.8015546798706055,6,1.3073252439498901,1.3803420066833496,1.0274958610534668,1.5141379833221436,0.08370303362607956,0.11726265400648117,0.12391014397144318,0.13747264444828033,0.1423850655555725,0.15590378642082214,0.11267414689064026,0.04903866723179817,0.04316934570670128,0.034480515867471695
53,NZL,New Zealand,2018,-2.981884479522705,-0.12578509747982025,5.5,1,1.3908849954605103,1.414912223815918,1.3223596811294556,1.4353830814361572,0.10000000149011612,0.10000000149011612,0.10000000149011612,0.10000000149011612,0.10000000149011612,0.10000000149011612,0.10000000149011612,0.10000000149011612,0.10000000149011612,0.10000000149011612
53,NZL,New Zealand,2019,-2.6216039657592773,-0.1186419129371643,5.5,1,1.3908849954605103,1.414912223815918,1.3223596811294556,1.4353830814361572,0.10000000149011612,0.10000000149011612,0.10000000149011612,0.10000000149011612,0.10000000149011612,0.10000000149011612,0.10000000149011612,0.10000000149011612,0.10000000149011612,0.10000000149011612
53,NZL,New Zealand,2020,-2.319328546524048,-0.12441538274288177,5.5,1,1.3908849954605103,1.414912223815918,1.3223596811294556,1.4353830814361572,0.10000000149011612,0.10000000149011612,0.10000000149011612,0.10000000149011612,0.10000000149011612,0.10000000149011612,0.10000000149011612,0.10000000149011612,0.10000000149011612,0.10000000149011612
53,NZL,New Zealand,2021,-2.2188103199005127,-0.1232871562242508,5.5,1,1.3908849954605103,1.414912223815918,1.3223596811294556,1.4353830814361572,0.10000000149011612,0.10000000149011612,0.10000000149011612,0.10000000149011612,0.10000000149011612,0.10000000149011612,0.10000000149011612,0.10000000149011612,0.10000000149011612,0.10000000149011612
53,NZL,New Zealand,2022,-3.390082359313965,-0.12119057774543762,5.5,1,1.3908849954605103,1.414912223815918,1.3223596811294556,1.4353830814361572,0.10000000149011612,0.10000000149011612,0.10000000149011612,0.10000000149011612,0.10000000149011612,0.10000000149011612,0.10000000149011612,0.10000000149011612,0.10000000149011612,0.10000000149011612
53,NZL,New Zealand,2023,-3.6847918033599854,-0.10559698939323425,5.5,1,1.3908849954605103,1.414912223815918,1.3223596811294556,1.4353830814361572,0.10000000149011612,0.10000000149011612,0.10000000149011612,0.10000000149011612,0.10000000149011612,0.10000000149011612,0.10000000149011612,0.10000000149011612,0.10000000149011612,0.10000000149011612
54,OMN,Oman,2018,-1.4833542108535767,-0.2535458207130432,5.5,1,-0.0670604482293129,-0.2567063570022583,0.022247422486543655,0.033277593553066254,0.10000000149011612,0.10000000149011612,0.10000000149011612,0.10000000149011612,0.10000000149011612,0.10000000149011612,0.10000000149011612,0.10000000149011612,0.10000000149011612,0.10000000149011612
54,OMN,Oman,2019,-1.4833542108535767,-0.2542893886566162,5.5,1,-0.0670604482293129,-0.2567063570022583,0.022247422486543655,0.033277593553066254,0.10000000149011612,0.10000000149011612,0.10000000149011612,0.10000000149011612,0.10000000149011612,0.10000000149011612,0.10000000149011612,0.10000000149011612,0.10000000149011612,0.10000000149011612
54,OMN,Oman,2020,-1.9118425846099854,-0.25422435998916626,5.5,1,-0.0670604482293129,-0.2567063570022583,0.022247422486543655,0.033277593553066254,0.10000000149011612,0.10000000149011612,0.10000000149011612,0.10000000149011612,0.10000000149011612,0.10000000149011612,0.10000000149011612,0.10000000149011612,0.10000000149011612,0.10000000149011612
54,OMN,Oman,2021,-2.7994258403778076,-0.25487202405929565,5.5,1,-0.0670604482293129,-0.2567063570022583,0.022247422486543655,0.033277593553066254,0.10000000149011612,0.10000000149011612,0.10000000149011612,0.10000000149011612,0.10000000149011612,0.10000000149011612,0.10000000149011612,0.10000000149011612,0.10000000149011612,0.10000000149011612
54,OMN,Oman,2022,-4.406257152557373,-0.255535364151001,5.5,1,-0.0670604482293129,-0.2567063570022583,0.022247422486543655,0.033277593553066254,0.10000000149011612,0.10000000149011612,0.10000000149011612,0.10000000149011612,0.10000000149011612,0.10000000149011612,0.10000000149011612,0.10000000149011612,0.10000000149011612,0.10000000149011612
54,OMN,Oman,2023,-4.634274482727051,-0.25603047013282776,5.5,1,-0.0670604482293129,-0.2567063570022583,0.022247422486543655,0.033277593553066254,0.10000000149011612,0.10000000149011612,0.10000000149011612,0.10000000149011612,0.10000000149011612,0.10000000149011612,0.10000000149011612,0.10000000149011612,0.10000000149011612,0.10000000149011612
55,PAK,Pakistan,2018,0.6607634425163269,-0.33735769987106323,3.072057008743286,4,-1.1695586442947388,-1.022442102432251,-1.2194249629974365,-1.2668088674545288,0.16672568023204803,0.2199942022562027,0.19026005268096924,0.22053749859333038,0.20248256623744965,0.0,0.0,0.0,0.0,0.0
55,PAK,Pakistan,2019,0.263211190700531,-0.32227516174316406,3.072057008743286,4,-1.1695586442947388,-1.022442102432251,-1.2194249629974365,-1.2668088674545288,0.16672568023204803,0.2199942022562027,0.19026005268096924,0.22053749859333038,0.20248256623744965,0.0,0.0,0.0,0.0,0.0
55,PAK,Pakistan,2020,0.5979493856430054,-0.3161966800689697,3.072057008743286,4,-1.1695586442947388,-1.022442102432251,-1.2194249629974365,-1.2668088674545288,0.16672568023204803,0.2199942022562027,0.19026005268096924,0.22053749859333038,0.20248256623744965,0.0,0.0,0.0,0.0,0.0
55,PAK,Pakistan,2021,-0.27455824613571167,-0.31626462936401367,3.072057008743286,4,-1.1695586442947388,-1.022442102432251,-1.2194249629974365,-1.2668088674545288,0.16672568023204803,0.2199942022562027,0.19026005268096924,0.22053749859333038,0.20248256623744965,0.0,0.0,0.0,0.0,0.0
55,PAK,Pakistan,2022,-1.3144348859786987,-0.3148443102836609,3.072057008743286,4,-1.1695586442947388,-1.022442102432251,-1.2194249629974365,-1.2668088674545288,0.16672568023204803,0.2199942022562027,0.19026005268096924,0.22053749859333038,0.20248256623744965,0.0,0.0,0.0,0.0,0.0
55,PAK,Pakistan,2023,-1.7306287288665771,-0.29710644483566284,3.072057008743286,4,-1.1695586442947388,-1.022442102432251,-1.2194249629974365,-1.2668088674545288,0.16672568023204803,0.2199942022562027,0.19026005268096924,0.22053749859333038,0.20248256623744965,0.0,0.0,0.0,0.0,0.0
56,PER,Peru,2018,1.0936386585235596,-0.305733323097229,2.6535401344299316,1,-0.6950809359550476,-0.8969854712486267,-0.25150150060653687,-0.9367557168006897,0.602450966835022,0.24055016040802002,0.0,0.0,0.0,0.0,0.0,0.0,0.0,0.156998872756958
56,PER,Peru,2019,1.1609760522842407,-0.2980343699455261,2.6535401344299316,1,-0.6950809359550476,-0.8969854712486267,-0.25150150060653687,-0.9367557168006897,0.602450966835022,0.24055016040802002,0.0,0.0,0.0,0.0,0.0,0.0,0.0,0.156998872756958
56,PER,Peru,2020,0.8656606674194336,-0.2965385317802429,2.6535401344299316,1,-0.6950809359550476,-0.8969854712486267,-0.25150150060653687,-0.9367557168006897,0.602450966835022,0.24055016040802002,0.0,0.0,0.0,0.0,0.0,0.0,0.0,0.156998872756958
56,PER,Peru,2021,1.0604026317596436,-0.30381613969802856,2.6535401344299316,1,-0.6950809359550476,-0.8969854712486267,-0.25150150060653687,-0.9367557168006897,0.602450966835022,0.24055016040802002,0.0,0.0,0.0,0.0,0.0,0.0,0.0,0.156998872756958
56,PER,Peru,2022,1.6989833116531372,-0.30413714051246643,2.6535401344299316,1,-0.6950809359550476,-0.8969854712486267,-0.25150150060653687,-0.9367557168006897,0.602450966835022,0.24055016040802002,0.0,0.0,0.0,0.0,0.0,0.0,0.0,0.156998872756958
56,PER,Peru,2023,1.919171690940857,-0.30397939682006836,2.6535401344299316,1,-0.6950809359550476,-0.8969854712486267,-0.25150150060653687,-0.9367557168006897,0.602450966835022,0.24055016040802002,0.0,0.0,0.0,0.0,0.0,0.0,0.0,0.156998872756958
57,PHL,Philippines,2018,4.912133693695068,-0.3203282952308655,8.965448379516602,9,-0.5819682478904724,-0.5483519434928894,-0.43141669034957886,-0.7661361694335938,0.0,0.0,0.0,0.0,0.0,0.0,0.0,0.2880147695541382,0.4585222601890564,0.2534630000591278
57,PHL,Philippines,2019,5.833406925201416,-0.31939277052879333,8.965448379516602,9,-0.5819682478904724,-0.5483519434928894,-0.43141669034957886,-0.7661361694335938,0.0,0.0,0.0,0.0,0.0,0.0,0.0,0.2880147695541382,0.4585222601890564,0.2534630000591278
57,PHL,Philippines,2020,6.113379955291748,-0.31880366802215576,8.965448379516602,9,-0.5819682478904724,-0.5483519434928894,-0.43141669034957886,-0.7661361694335938,0.0,0.0,0.0,0.0,0.0,0.0,0.0,0.2880147695541382,0.4585222601890564,0.2534630000591278
57,PHL,Philippines,2021,6.149739742279053,-0.3197322189807892,8.965448379516602,9,-0.5819682478904724,-0.5483519434928894,-0.43141669034957886,-0.7661361694335938,0.0,0.0,0.0,0.0,0.0,0.0,0.0,0.2880147695541382,0.4585222601890564,0.2534630000591278
57,PHL,Philippines,2022,6.288362503051758,-0.3132908344268799,8.965448379516602,9,-0.5819682478904724,-0.5483519434928894,-0.43141669034957886,-0.7661361694335938,0.0,0.0,0.0,0.0,0.0,0.0,0.0,0.2880147695541382,0.4585222601890564,0.2534630000591278
57,PHL,Philippines,2023,6.736955165863037,-0.30230551958084106,8.965448379516602,9,-0.5819682478904724,-0.5483519434928894,-0.43141669034957886,-0.7661361694335938,0.0,0.0,0.0,0.0,0.0,0.0,0.0,0.2880147695541382,0.4585222601890564,0.2534630000591278
58,POL,Poland,2018,-5.292060375213623,-0.03763201832771301,5.5,1,0.13508905470371246,0.0030404042918235064,0.21474087238311768,0.18748588860034943,0.10000000149011612,0.10000000149011612,0.10000000149011612,0.10000000149011612,0.10000000149011612,0.10000000149011612,0.10000000149011612,0.10000000149011612,0.10000000149011612,0.10000000149011612
58,POL,Poland,2019,-6.858757495880127,-0.0468805730342865,5.5,1,0.13508905470371246,0.0030404042918235064,0.21474087238311768,0.18748588860034943,0.10000000149011612,0.10000000149011612,0.10000000149011612,0.10000000149011612,0.10000000149011612,0.10000000149011612,0.10000000149011612,0.10000000149011612,0.10000000149011612,0.10000000149011612
58,POL,Poland,2020,-8.258927345275879,-0.05072788894176483,5.5,1,0.13508905470371246,0.0030404042918235064,0.21474087238311768,0.18748588860034943,0.10000000149011612,0.10000000149011612,0.10000000149011612,0.10000000149011612,0.10000000149011612,0.10000000149011612,0.10000000149011612,0.10000000149011612,0.10000000149011612,0.10000000149011612
58,POL,Poland,2021,-7.500536918640137,-0.05199602246284485,5.5,1,0.13508905470371246,0.0030404042918235064,0.21474087238311768,0.18748588860034943,0.10000000149011612,0.10000000149011612,0.10000000149011612,0.10000000149011612,0.10000000149011612,0.10000000149011612,0.10000000149011612,0.10000000149011612,0.10000000149011612,0.10000000149011612
58,POL,Poland,2022,-8.502216339111328,-0.05240972340106964,5.5,1,0.13508905470371246,0.0030404042918235064,0.21474087238311768,0.18748588860034943,0.10000000149011612,0.10000000149011612,0.10000000149011612,0.10000000149011612,0.10000000149011612,0.10000000149011612,0.10000000149011612,0.10000000149011612,0.10000000149011612,0.10000000149011612
58,POL,Poland,2023,-11.761031150817871,-0.05218891799449921,5.5,1,0.13508905470371246,0.0030404042918235064,0.21474087238311768,0.18748588860034943,0.10000000149011612,0.10000000149011612,0.10000000149011612,0.10000000149011612,0.10000000149011612,0.10000000149011612,0.10000000149011612,0.10000000149011612,0.10000000149011612,0.10000000149011612
59,PRT,Portugal,2018,-1.9006779193878174,-0.11218364536762238,5.5,1,0.5889715552330017,0.3899436593055725,0.6463295221328735,0.7306414842605591,0.10000000149011612,0.10000000149011612,0.10000000149011612,0.10000000149011612,0.10000000149011612,0.10000000149011612,0.10000000149011612,0.10000000149011612,0.10000000149011612,0.10000000149011612
59,PRT,Portugal,2019,-2.685220718383789,-0.09186556935310364,5.5,1,0.5889715552330017,0.3899436593055725,0.6463295221328735,0.7306414842605591,0.10000000149011612,0.10000000149011612,0.10000000149011612,0.10000000149011612,0.10000000149011612,0.10000000149011612,0.10000000149011612,0.10000000149011612,0.10000000149011612,0.10000000149011612
59,PRT,Portugal,2020,-3.400998592376709,-0.0822691023349762,5.5,1,0.5889715552330017,0.3899436593055725,0.6463295221328735,0.7306414842605591,0.10000000149011612,0.10000000149011612,0.10000000149011612,0.10000000149011612,0.10000000149011612,0.10000000149011612,0.10000000149011612,0.10000000149011612,0.10000000149011612,0.10000000149011612
59,PRT,Portugal,2021,-3.9149670600891113,-0.07842293381690979,5.5,1,0.5889715552330017,0.3899436593055725,0.6463295221328735,0.7306414842605591,0.10000000149011612,0.10000000149011612,0.10000000149011612,0.10000000149011612,0.10000000149011612,0.10000000149011612,0.10000000149011612,0.10000000149011612,0.10000000149011612,0.10000000149011612
59,PRT,Portugal,2022,-3.713021755218506,-0.07358749210834503,5.5,1,0.5889715552330017,0.3899436593055725,0.6463295221328735,0.7306414842605591,0.10000000149011612,0.10000000149011612,0.10000000149011612,0.10000000149011612,0.10000000149011612,0.10000000149011612,0.10000000149011612,0.10000000149011612,0.10000000149011612,0.10000000149011612
59,PRT,Portugal,2023,-4.624629497528076,-0.06927892565727234,5.5,1,0.5889715552330017,0.3899436593055725,0.6463295221328735,0.7306414842605591,0.10000000149011612,0.10000000149011612,0.10000000149011612,0.10000000149011612,0.10000000149011612,0.10000000149011612,0.10000000149011612,0.10000000149011612,0.10000000149011612,0.10000000149011612
60,QAT,Qatar,2018,-6.880117416381836,-0.11609290540218353,5.5,1,-0.037850040942430496,0.02352459356188774,-0.20334964990615845,0.06627492606639862,0.10000000149011612,0.10000000149011612,0.10000000149011612,0.10000000149011612,0.10000000149011612,0.10000000149011612,0.10000000149011612,0.10000000149011612,0.10000000149011612,0.10000000149011612
60,QAT,Qatar,2019,-4.506235599517822,-0.11409236490726471,5.5,1,-0.037850040942430496,0.02352459356188774,-0.20334964990615845,0.06627492606639862,0.10000000149011612,0.10000000149011612,0.10000000149011612,0.10000000149011612,0.10000000149011612,0.10000000149011612,0.10000000149011612,0.10000000149011612,0.10000000149011612,0.10000000149011612
60,QAT,Qatar,2020,-5.444746971130371,-0.11089137196540833,5.5,1,-0.037850040942430496,0.02352459356188774,-0.20334964990615845,0.06627492606639862,0.10000000149011612,0.10000000149011612,0.10000000149011612,0.10000000149011612,0.10000000149011612,0.10000000149011612,0.10000000149011612,0.10000000149011612,0.10000000149011612,0.10000000149011612
60,QAT,Qatar,2021,-6.548878192901611,-0.11727850139141083,5.5,1,-0.037850040942430496,0.02352459356188774,-0.20334964990615845,0.06627492606639862,0.10000000149011612,0.10000000149011612,0.10000000149011612,0.10000000149011612,0.10000000149011612,0.10000000149011612,0.10000000149011612,0.10000000149011612,0.10000000149011612,0.10000000149011612
60,QAT,Qatar,2022,-4.892681121826172,-0.1059306412935257,5.5,1,-0.037850040942430496,0.02352459356188774,-0.20334964990615845,0.06627492606639862,0.10000000149011612,0.10000000149011612,0.10000000149011612,0.10000000149011612,0.10000000149011612,0.10000000149011612,0.10000000149011612,0.10000000149011612,0.10000000149011612,0.10000000149011612
60,QAT,Qatar,2023,-5.334333896636963,-0.1266106516122818,5.5,1,-0.037850040942430496,0.02352459356188774,-0.20334964990615845,0.06627492606639862,0.10000000149011612,0.10000000149011612,0.10000000149011612,0.10000000149011612,0.10000000149011612,0.10000000149011612,0.10000000149011612,0.10000000149011612,0.10000000149011612,0.10000000149011612
61,ROU,Romania,2018,-3.695746898651123,-0.06802794337272644,5.5,1,-0.6137262582778931,-0.9381364583969116,-0.44055911898612976,-0.4624831974506378,0.10000000149011612,0.10000000149011612,0.10000000149011612,0.10000000149011612,0.10000000149011612,0.10000000149011612,0.10000000149011612,0.10000000149011612,0.10000000149011612,0.10000000149011612
61,ROU,Romania,2019,-4.160907745361328,-0.05766209959983826,5.5,1,-0.6137262582778931,-0.9381364583969116,-0.44055911898612976,-0.4624831974506378,0.10000000149011612,0.10000000149011612,0.10000000149011612,0.10000000149011612,0.10000000149011612,0.10000000149011612,0.10000000149011612,0.10000000149011612,0.10000000149011612,0.10000000149011612
61,ROU,Romania,2020,-5.406534671783447,-0.05243469774723053,5.5,1,-0.6137262582778931,-0.9381364583969116,-0.44055911898612976,-0.4624831974506378,0.10000000149011612,0.10000000149011612,0.10000000149011612,0.10000000149011612,0.10000000149011612,0.10000000149011612,0.10000000149011612,0.10000000149011612,0.10000000149011612,0.10000000149011612
61,ROU,Romania,2021,-5.111453533172607,-0.050482332706451416,5.5,1,-0.6137262582778931,-0.9381364583969116,-0.44055911898612976,-0.4624831974506378,0.10000000149011612,0.10000000149011612,0.10000000149011612,0.10000000149011612,0.10000000149011612,0.10000000149011612,0.10000000149011612,0.10000000149011612,0.10000000149011612,0.10000000149011612
61,ROU,Romania,2022,-4.921149253845215,-0.05009981989860535,5.5,1,-0.6137262582778931,-0.9381364583969116,-0.44055911898612976,-0.4624831974506378,0.10000000149011612,0.10000000149011612,0.10000000149011612,0.10000000149011612,0.10000000149011612,0.10000000149011612,0.10000000149011612,0.10000000149011612,0.10000000149011612,0.10000000149011612
61,ROU,Romania,2023,-6.2508416175842285,-0.0519108921289444,5.5,1,-0.6137262582778931,-0.9381364583969116,-0.44055911898612976,-0.4624831974506378,0.10000000149011612,0.10000000149011612,0.10000000149011612,0.10000000149011612,0.10000000149011612,0.10000000149011612,0.10000000149011612,0.10000000149011612,0.10000000149011612,0.10000000149011612
62,RUS,Russia,2018,-3.6435298919677734,-0.30692681670188904,6.8194780349731445,7,-1.1349221467971802,-1.1962112188339233,-0.9114767909049988,-1.2970784902572632,0.0,0.0,0.02281472273170948,0.10482464730739594,0.11265342682600021,0.1708337813615799,0.20845988392829895,0.20344483852386475,0.11299959570169449,0.06396909803152084
62,RUS,Russia,2019,-3.5361337661743164,-0.3074761629104614,6.8194780349731445,7,-1.1349221467971802,-1.1962112188339233,-0.9114767909049988,-1.2970784902572632,0.0,0.0,0.02281472273170948,0.10482464730739594,0.11265342682600021,0.1708337813615799,0.20845988392829895,0.20344483852386475,0.11299959570169449,0.06396909803152084
62,RUS,Russia,2020,-6.922895908355713,-0.3037181794643402,6.8194780349731445,7,-1.1349221467971802,-1.1962112188339233,-0.9114767909049988,-1.2970784902572632,0.0,0.0,0.02281472273170948,0.10482464730739594,0.11265342682600021,0.1708337813615799,0.20845988392829895,0.20344483852386475,0.11299959570169449,0.06396909803152084
62,RUS,Russia,2021,-5.5373334884643555,-0.3083741068840027,6.8194780349731445,7,-1.1349221467971802,-1.1962112188339233,-0.9114767909049988,-1.2970784902572632,0.0,0.0,0.02281472273170948,0.10482464730739594,0.11265342682600021,0.1708337813615799,0.20845988392829895,0.20344483852386475,0.11299959570169449,0.06396909803152084
62,RUS,Russia,2022,-4.097316741943359,-0.30499494075775146,6.8194780349731445,7,-1.1349221467971802,-1.1962112188339233,-0.9114767909049988,-1.2970784902572632,0.0,0.0,0.02281472273170948,0.10482464730739594,0.11265342682600021,0.1708337813615799,0.20845988392829895,0.20344483852386475,0.11299959570169449,0.06396909803152084
62,RUS,Russia,2023,-3.127725601196289,-0.29359912872314453,6.8194780349731445,7,-1.1349221467971802,-1.1962112188339233,-0.9114767909049988,-1.2970784902572632,0.0,0.0,0.02281472273170948,0.10482464730739594,0.11265342682600021,0.1708337813615799,0.20845988392829895,0.20344483852386475,0.11299959570169449,0.06396909803152084
63,SAU,Saudi Arabia,2018,2.299851655960083,-0.02993166446685791,6.389687538146973,6,-0.5544285178184509,-0.6724381446838379,-0.49509498476982117,-0.4957524538040161,0.0,0.0,0.0,0.09724527597427368,0.20105472207069397,0.24935804307460785,0.21905119717121124,0.14682628214359283,0.07332903146743774,0.01313544437289238
63,SAU,Saudi Arabia,2019,1.9578986167907715,-0.12462779879570007,6.389687538146973,6,-0.5544285178184509,-0.6724381446838379,-0.49509498476982117,-0.4957524538040161,0.0,0.0,0.0,0.09724527597427368,0.20105472207069397,0.24935804307460785,0.21905119717121124,0.14682628214359283,0.07332903146743774,0.01313544437289238
63,SAU,Saudi Arabia,2020,2.004265069961548,-0.16595354676246643,6.389687538146973,6,-0.5544285178184509,-0.6724381446838379,-0.49509498476982117,-0.4957524538040161,0.0,0.0,0.0,0.09724527597427368,0.20105472207069397,0.24935804307460785,0.21905119717121124,0.14682628214359283,0.07332903146743774,0.01313544437289238
63,SAU,Saudi Arabia,2021,2.169445753097534,-0.2780175507068634,6.389687538146973,6,-0.5544285178184509,-0.6724381446838379,-0.49509498476982117,-0.4957524538040161,0.0,0.0,0.0,0.09724527597427368,0.20105472207069397,0.24935804307460785,0.21905119717121124,0.14682628214359283,0.07332903146743774,0.01313544437289238
63,SAU,Saudi Arabia,2022,1.4797439575195312,-0.26393672823905945,6.389687538146973,6,-0.5544285178184509,-0.6724381446838379,-0.49509498476982117,-0.4957524538040161,0.0,0.0,0.0,0.09724527597427368,0.20105472207069397,0.24935804307460785,0.21905119717121124,0.14682628214359283,0.07332903146743774,0.01313544437289238
63,SAU,Saudi Arabia,2023,0.6857173442840576,-0.26956552267074585,6.389687538146973,6,-0.5544285178184509,-0.6724381446838379,-0.49509498476982117,-0.4957524538040161,0.0,0.0,0.0,0.09724527597427368,0.20105472207069397,0.24935804307460785,0.21905119717121124,0.14682628214359283,0.07332903146743774,0.01313544437289238
64,SGP,Singapore,2018,-1.5155048370361328,-0.1862344741821289,5.5,1,1.4344711303710938,1.7217825651168823,1.536649465560913,1.0449817180633545,0.10000000149011612,0.10000000149011612,0.10000000149011612,0.10000000149011612,0.10000000149011612,0.10000000149011612,0.10000000149011612,0.10000000149011612,0.10000000149011612,0.10000000149011612
64,SGP,Singapore,2019,-1.5344992876052856,-0.18976929783821106,5.5,1,1.4344711303710938,1.7217825651168823,1.536649465560913,1.0449817180633545,0.10000000149011612,0.10000000149011612,0.10000000149011612,0.10000000149011612,0.10000000149011612,0.10000000149011612,0.10000000149011612,0.10000000149011612,0.10000000149011612,0.10000000149011612
64,SGP,Singapore,2020,-1.5631846189498901,-0.180286705493927,5.5,1,1.4344711303710938,1.7217825651168823,1.536649465560913,1.0449817180633545,0.10000000149011612,0.10000000149011612,0.10000000149011612,0.10000000149011612,0.10000000149011612,0.10000000149011612,0.10000000149011612,0.10000000149011612,0.10000000149011612,0.10000000149011612
64,SGP,Singapore,2021,-1.5329487323760986,-0.16523855924606323,5.5,1,1.4344711303710938,1.7217825651168823,1.536649465560913,1.0449817180633545,0.10000000149011612,0.10000000149011612,0.10000000149011612,0.10000000149011612,0.10000000149011612,0.10000000149011612,0.10000000149011612,0.10000000149011612,0.10000000149011612,0.10000000149011612
64,SGP,Singapore,2022,-1.5709375143051147,-0.1449670046567917,5.5,1,1.4344711303710938,1.7217825651168823,1.536649465560913,1.0449817180633545,0.10000000149011612,0.10000000149011612,0.10000000149011612,0.10000000149011612,0.10000000149011612,0.10000000149011612,0.10000000149011612,0.10000000149011612,0.10000000149011612,0.10000000149011612
64,SGP,Singapore,2023,-1.6358672380447388,-0.11572292447090149,5.5,1,1.4344711303710938,1.7217825651168823,1.536649465560913,1.0449817180633545,0.10000000149011612,0.10000000149011612,0.10000000149011612,0.10000000149011612,0.10000000149011612,0.10000000149011612,0.10000000149011612,0.10000000149011612,0.10000000149011612,0.10000000149011612
65,SVK,Slovakia,2018,-1.5849237442016602,-0.07671059668064117,5.5,1,0.11652449518442154,0.11614179611206055,0.3065413236618042,-0.07310961931943893,0.10000000149011612,0.10000000149011612,0.10000000149011612,0.10000000149011612,0.10000000149011612,0.10000000149011612,0.10000000149011612,0.10000000149011612,0.10000000149011612,0.10000000149011612
65,SVK,Slovakia,2019,-2.091881036758423,-0.06857317686080933,5.5,1,0.11652449518442154,0.11614179611206055,0.3065413236618042,-0.07310961931943893,0.10000000149011612,0.10000000149011612,0.10000000149011612,0.10000000149011612,0.10000000149011612,0.10000000149011612,0.10000000149011612,0.10000000149011612,0.10000000149011612,0.10000000149011612
65,SVK,Slovakia,2020,-2.406219482421875,-0.0631055235862732,5.5,1,0.11652449518442154,0.11614179611206055,0.3065413236618042,-0.07310961931943893,0.10000000149011612,0.10000000149011612,0.10000000149011612,0.10000000149011612,0.10000000149011612,0.10000000149011612,0.10000000149011612,0.10000000149011612,0.10000000149011612,0.10000000149011612
65,SVK,Slovakia,2021,-2.1880667209625244,-0.05933454632759094,5.5,1,0.11652449518442154,0.11614179611206055,0.3065413236618042,-0.07310961931943893,0.10000000149011612,0.10000000149011612,0.10000000149011612,0.10000000149011612,0.10000000149011612,0.10000000149011612,0.10000000149011612,0.10000000149011612,0.10000000149011612,0.10000000149011612
65,SVK,Slovakia,2022,-2.8150081634521484,-0.056806981563568115,5.5,1,0.11652449518442154,0.11614179611206055,0.3065413236618042,-0.07310961931943893,0.10000000149011612,0.10000000149011612,0.10000000149011612,0.10000000149011612,0.10000000149011612,0.10000000149011612,0.10000000149011612,0.10000000149011612,0.10000000149011612,0.10000000149011612
65,SVK,Slovakia,2023,-3.482109785079956,-0.05519317090511322,5.5,1,0.11652449518442154,0.11614179611206055,0.3065413236618042,-0.07310961931943893,0.10000000149011612,0.10000000149011612,0.10000000149011612,0.10000000149011612,0.10000000149011612,0.10000000149011612,0.10000000149011612,0.10000000149011612,0.10000000149011612,0.10000000149011612
66,SVN,Slovenia,2018,-4.337141990661621,-0.0902453064918518,5.5,1,0.38642582297325134,0.28950437903404236,0.34630832076072693,0.5234646797180176,0.10000000149011612,0.10000000149011612,0.10000000149011612,0.10000000149011612,0.10000000149011612,0.10000000149011612,0.10000000149011612,0.10000000149011612,0.10000000149011612,0.10000000149011612
66,SVN,Slovenia,2019,-4.712256908416748,-0.07768175005912781,5.5,1,0.38642582297325134,0.28950437903404236,0.34630832076072693,0.5234646797180176,0.10000000149011612,0.10000000149011612,0.10000000149011612,0.10000000149011612,0.10000000149011612,0.10000000149011612,0.10000000149011612,0.10000000149011612,0.10000000149011612,0.10000000149011612
66,SVN,Slovenia,2020,-6.15969705581665,-0.07358525693416595,5.5,1,0.38642582297325134,0.28950437903404236,0.34630832076072693,0.5234646797180176,0.10000000149011612,0.10000000149011612,0.10000000149011612,0.10000000149011612,0.10000000149011612,0.10000000149011612,0.10000000149011612,0.10000000149011612,0.10000000149011612,0.10000000149011612
66,SVN,Slovenia,2021,-6.669349670410156,-0.06753930449485779,5.5,1,0.38642582297325134,0.28950437903404236,0.34630832076072693,0.5234646797180176,0.10000000149011612,0.10000000149011612,0.10000000149011612,0.10000000149011612,0.10000000149011612,0.10000000149011612,0.10000000149011612,0.10000000149011612,0.10000000149011612,0.10000000149011612
66,SVN,Slovenia,2022,-7.458681583404541,-0.06012539565563202,5.5,1,0.38642582297325134,0.28950437903404236,0.34630832076072693,0.5234646797180176,0.10000000149011612,0.10000000149011612,0.10000000149011612,0.10000000149011612,0.10000000149011612,0.10000000149011612,0.10000000149011612,0.10000000149011612,0.10000000149011612,0.10000000149011612
66,SVN,Slovenia,2023,-9.606645584106445,-0.05870848894119263,5.5,1,0.38642582297325134,0.28950437903404236,0.34630832076072693,0.5234646797180176,0.10000000149011612,0.10000000149011612,0.10000000149011612,0.10000000149011612,0.10000000149011612,0.10000000149011612,0.10000000149011612,0.10000000149011612,0.10000000149011612,0.10000000149011612
67,SWE,Sweden,2018,-1.111396074295044,-0.09354127943515778,5.5,1,1.3480762243270874,1.4301238059997559,1.161694884300232,1.4524099826812744,0.10000000149011612,0.10000000149011612,0.10000000149011612,0.10000000149011612,0.10000000149011612,0.10000000149011612,0.10000000149011612,0.10000000149011612,0.10000000149011612,0.10000000149011612
67,SWE,Sweden,2019,-1.153639554977417,-0.08989086747169495,5.5,1,1.3480762243270874,1.4301238059997559,1.161694884300232,1.4524099826812744,0.10000000149011612,0.10000000149011612,0.10000000149011612,0.10000000149011612,0.10000000149011612,0.10000000149011612,0.10000000149011612,0.10000000149011612,0.10000000149011612,0.10000000149011612
67,SWE,Sweden,2020,-1.5468288660049438,-0.08471059799194336,5.5,1,1.3480762243270874,1.4301238059997559,1.161694884300232,1.4524099826812744,0.10000000149011612,0.10000000149011612,0.10000000149011612,0.10000000149011612,0.10000000149011612,0.10000000149011612,0.10000000149011612,0.10000000149011612,0.10000000149011612,0.10000000149011612
67,SWE,Sweden,2021,-1.2186294794082642,-0.0757596343755722,5.5,1,1.3480762243270874,1.4301238059997559,1.161694884300232,1.4524099826812744,0.10000000149011612,0.10000000149011612,0.10000000149011612,0.10000000149011612,0.10000000149011612,0.10000000149011612,0.10000000149011612,0.10000000149011612,0.10000000149011612,0.10000000149011612
67,SWE,Sweden,2022,-1.295534372329712,-0.06942760944366455,5.5,1,1.3480762243270874,1.4301238059997559,1.161694884300232,1.4524099826812744,0.10000000149011612,0.10000000149011612,0.10000000149011612,0.10000000149011612,0.10000000149011612,0.10000000149011612,0.10000000149011612,0.10000000149011612,0.10000000149011612,0.10000000149011612
67,SWE,Sweden,2023,-1.5739079713821411,-0.06502015888690948,5.5,1,1.3480762243270874,1.4301238059997559,1.161694884300232,1.4524099826812744,0.10000000149011612,0.10000000149011612,0.10000000149011612,0.10000000149011612,0.10000000149011612,0.10000000149011612,0.10000000149011612,0.10000000149011612,0.10000000149011612,0.10000000149011612
68,THA,Thailand,2018,-6.279742240905762,-0.07950112223625183,5.5,1,-0.2564157247543335,-0.22457081079483032,-0.3106171190738678,-0.23405922949314117,0.10000000149011612,0.10000000149011612,0.10000000149011612,0.10000000149011612,0.10000000149011612,0.10000000149011612,0.10000000149011612,0.10000000149011612,0.10000000149011612,0.10000000149011612
68,THA,Thailand,2019,-7.279186248779297,-0.0623779296875,5.5,1,-0.2564157247543335,-0.22457081079483032,-0.3106171190738678,-0.23405922949314117,0.10000000149011612,0.10000000149011612,0.10000000149011612,0.10000000149011612,0.10000000149011612,0.10000000149011612,0.10000000149011612,0.10000000149011612,0.10000000149011612,0.10000000149011612
68,THA,Thailand,2020,-5.78999662399292,-0.05381067097187042,5.5,1,-0.2564157247543335,-0.22457081079483032,-0.3106171190738678,-0.23405922949314117,0.10000000149011612,0.10000000149011612,0.10000000149011612,0.10000000149011612,0.10000000149011612,0.10000000149011612,0.10000000149011612,0.10000000149011612,0.10000000149011612,0.10000000149011612
68,THA,Thailand,2021,-6.593542575836182,-0.05207851529121399,5.5,1,-0.2564157247543335,-0.22457081079483032,-0.3106171190738678,-0.23405922949314117,0.10000000149011612,0.10000000149011612,0.10000000149011612,0.10000000149011612,0.10000000149011612,0.10000000149011612,0.10000000149011612,0.10000000149011612,0.10000000149011612,0.10000000149011612
68,THA,Thailand,2022,-7.6401472091674805,-0.05210784077644348,5.5,1,-0.2564157247543335,-0.22457081079483032,-0.3106171190738678,-0.23405922949314117,0.10000000149011612,0.10000000149011612,0.10000000149011612,0.10000000149011612,0.10000000149011612,0.10000000149011612,0.10000000149011612,0.10000000149011612,0.10000000149011612,0.10000000149011612
68,THA,Thailand,2023,-9.644476890563965,-0.05304659903049469,5.5,1,-0.2564157247543335,-0.22457081079483032,-0.3106171190738678,-0.23405922949314117,0.10000000149011612,0.10000000149011612,0.10000000149011612,0.10000000149011612,0.10000000149011612,0.10000000149011612,0.10000000149011612,0.10000000149011612,0.10000000149011612,0.10000000149011612
69,TKM,Turkmenistan,2018,-0.8944293856620789,-0.28952550888061523,8.169633865356445,7,-2.006190538406372,-1.8531438112258911,-2.4522314071655273,-1.7131962776184082,0.0,0.0,0.0,0.0,0.0,0.1117970421910286,0.24562878906726837,0.20937560498714447,0.22754070162773132,0.20565786957740784
69,TKM,Turkmenistan,2019,1.0794837474822998,-0.2824951708316803,8.169633865356445,7,-2.006190538406372,-1.8531438112258911,-2.4522314071655273,-1.7131962776184082,0.0,0.0,0.0,0.0,0.0,0.1117970421910286,0.24562878906726837,0.20937560498714447,0.22754070162773132,0.20565786957740784
69,TKM,Turkmenistan,2020,1.1499806642532349,-0.27557313442230225,8.169633865356445,7,-2.006190538406372,-1.8531438112258911,-2.4522314071655273,-1.7131962776184082,0.0,0.0,0.0,0.0,0.0,0.1117970421910286,0.24562878906726837,0.20937560498714447,0.22754070162773132,0.20565786957740784
69,TKM,Turkmenistan,2021,-3.7143051624298096,-0.2683180272579193,8.169633865356445,7,-2.006190538406372,-1.8531438112258911,-2.4522314071655273,-1.7131962776184082,0.0,0.0,0.0,0.0,0.0,0.1117970421910286,0.24562878906726837,0.20937560498714447,0.22754070162773132,0.20565786957740784
69,TKM,Turkmenistan,2022,-2.6568517684936523,-0.2635575532913208,8.169633865356445,7,-2.006190538406372,-1.8531438112258911,-2.4522314071655273,-1.7131962776184082,0.0,0.0,0.0,0.0,0.0,0.1117970421910286,0.24562878906726837,0.20937560498714447,0.22754070162773132,0.20565786957740784
69,TKM,Turkmenistan,2023,-1.52890145778656,-0.25839757919311523,8.169633865356445,7,-2.006190538406372,-1.8531438112258911,-2.4522314071655273,-1.7131962776184082,0.0,0.0,0.0,0.0,0.0,0.1117970421910286,0.24562878906726837,0.20937560498714447,0.22754070162773132,0.20565786957740784
70,TTO,Trinidad and Tobago,2018,1.318193793296814,-0.3069019913673401,5.488768100738525,9,-0.04588906839489937,-0.1480531096458435,0.11017729341983795,-0.09979138523340225,0.11532647162675858,0.11453104764223099,0.10494370013475418,0.09076274931430817,0.07715253531932831,0.0778503492474556,0.08936052769422531,0.09779452532529831,0.1170281320810318,0.11524996161460876
70,TTO,Trinidad and Tobago,2019,1.3760409355163574,-0.301413357257843,5.488768100738525,9,-0.04588906839489937,-0.1480531096458435,0.11017729341983795,-0.09979138523340225,0.11532647162675858,0.11453104764223099,0.10494370013475418,0.09076274931430817,0.07715253531932831,0.0778503492474556,0.08936052769422531,0.09779452532529831,0.1170281320810318,0.11524996161460876
70,TTO,Trinidad and Tobago,2020,1.318193793296814,-0.29530882835388184,5.488768100738525,9,-0.04588906839489937,-0.1480531096458435,0.11017729341983795,-0.09979138523340225,0.11532647162675858,0.11453104764223099,0.10494370013475418,0.09076274931430817,0.07715253531932831,0.0778503492474556,0.08936052769422531,0.09779452532529831,0.1170281320810318,0.11524996161460876
70,TTO,Trinidad and Tobago,2021,1.665277123451233,-0.2946789860725403,5.488768100738525,9,-0.04588906839489937,-0.1480531096458435,0.11017729341983795,-0.09979138523340225,0.11532647162675858,0.11453104764223099,0.10494370013475418,0.09076274931430817,0.07715253531932831,0.0778503492474556,0.08936052769422531,0.09779452532529831,0.1170281320810318,0.11524996161460876
70,TTO,Trinidad and Tobago,2022,2.058638334274292,-0.2944684326648712,5.488768100738525,9,-0.04588906839489937,-0.1480531096458435,0.11017729341983795,-0.09979138523340225,0.11532647162675858,0.11453104764223099,0.10494370013475418,0.09076274931430817,0.07715253531932831,0.0778503492474556,0.08936052769422531,0.09779452532529831,0.1170281320810318,0.11524996161460876
70,TTO,Trinidad and Tobago,2023,2.058638334274292,-0.29437559843063354,5.488768100738525,9,-0.04588906839489937,-0.1480531096458435,0.11017729341983795,-0.09979138523340225,0.11532647162675858,0.11453104764223099,0.10494370013475418,0.09076274931430817,0.07715253531932831,0.0778503492474556,0.08936052769422531,0.09779452532529831,0.1170281320810318,0.11524996161460876
71,TUR,Turkey,2018,-0.10262159258127213,-0.21981565654277802,5.5,1,-0.3568929135799408,-0.3960716426372528,-0.2856121361255646,-0.3889949917793274,0.10000000149011612,0.10000000149011612,0.10000000149011612,0.10000000149011612,0.10000000149011612,0.10000000149011612,0.10000000149011612,0.10000000149011612,0.10000000149011612,0.10000000149011612
71,TUR,Turkey,2019,-1.772402048110962,-0.19369551539421082,5.5,1,-0.3568929135799408,-0.3960716426372528,-0.2856121361255646,-0.3889949917793274,0.10000000149011612,0.10000000149011612,0.10000000149011612,0.10000000149011612,0.10000000149011612,0.10000000149011612,0.10000000149011612,0.10000000149011612,0.10000000149011612,0.10000000149011612
71,TUR,Turkey,2020,-1.959740161895752,-0.1571667194366455,5.5,1,-0.3568929135799408,-0.3960716426372528,-0.2856121361255646,-0.3889949917793274,0.10000000149011612,0.10000000149011612,0.10000000149011612,0.10000000149011612,0.10000000149011612,0.10000000149011612,0.10000000149011612,0.10000000149011612,0.10000000149011612,0.10000000149011612
71,TUR,Turkey,2021,-1.391783356666565,-0.13674814999103546,5.5,1,-0.3568929135799408,-0.3960716426372528,-0.2856121361255646,-0.3889949917793274,0.10000000149011612,0.10000000149011612,0.10000000149011612,0.10000000149011612,0.10000000149011612,0.10000000149011612,0.10000000149011612,0.10000000149011612,0.10000000149011612,0.10000000149011612
71,TUR,Turkey,2022,-1.788352370262146,-0.119344562292099,5.5,1,-0.3568929135799408,-0.3960716426372528,-0.2856121361255646,-0.3889949917793274,0.10000000149011612,0.10000000149011612,0.10000000149011612,0.10000000149011612,0.10000000149011612,0.10000000149011612,0.10000000149011612,0.10000000149011612,0.10000000149011612,0.10000000149011612
71,TUR,Turkey,2023,-1.6069564819335938,-0.10251304507255554,5.5,1,-0.3568929135799408,-0.3960716426372528,-0.2856121361255646,-0.3889949917793274,0.10000000149011612,0.10000000149011612,0.10000000149011612,0.10000000149011612,0.10000000149011612,0.10000000149011612,0.10000000149011612,0.10000000149011612,0.10000000149011612,0.10000000149011612
72,UKR,Ukraine,2018,-3.635014295578003,-0.15374208986759186,5.5,1,-1.2346214056015015,-1.3236093521118164,-1.1485481262207031,-1.2317067384719849,0.10000000149011612,0.10000000149011612,0.10000000149011612,0.10000000149011612,0.10000000149011612,0.10000000149011612,0.10000000149011612,0.10000000149011612,0.10000000149011612,0.10000000149011612
72,UKR,Ukraine,2019,-4.1212358474731445,-0.14037549495697021,5.5,1,-1.2346214056015015,-1.3236093521118164,-1.1485481262207031,-1.2317067384719849,0.10000000149011612,0.10000000149011612,0.10000000149011612,0.10000000149011612,0.10000000149011612,0.10000000149011612,0.10000000149011612,0.10000000149011612,0.10000000149011612,0.10000000149011612
72,UKR,Ukraine,2020,-5.126094341278076,-0.13182292878627777,5.5,1,-1.2346214056015015,-1.3236093521118164,-1.1485481262207031,-1.2317067384719849,0.10000000149011612,0.10000000149011612,0.10000000149011612,0.10000000149011612,0.10000000149011612,0.10000000149011612,0.10000000149011612,0.10000000149011612,0.10000000149011612,0.10000000149011612
72,UKR,Ukraine,2021,-7.988569259643555,-0.11327052116394043,5.5,1,-1.2346214056015015,-1.3236093521118164,-1.1485481262207031,-1.2317067384719849,0.10000000149011612,0.10000000149011612,0.10000000149011612,0.10000000149011612,0.10000000149011612,0.10000000149011612,0.10000000149011612,0.10000000149011612,0.10000000149011612,0.10000000149011612
72,UKR,Ukraine,2022,-9.796317100524902,-0.08214829862117767,5.5,1,-1.2346214056015015,-1.3236093521118164,-1.1485481262207031,-1.2317067384719849,0.10000000149011612,0.10000000149011612,0.10000000149011612,0.10000000149011612,0.10000000149011612,0.10000000149011612,0.10000000149011612,0.10000000149011612,0.10000000149011612,0.10000000149011612
72,UKR,Ukraine,2023,-9.796317100524902,-0.06244872510433197,5.5,1,-1.2346214056015015,-1.3236093521118164,-1.1485481262207031,-1.2317067384719849,0.10000000149011612,0.10000000149011612,0.10000000149011612,0.10000000149011612,0.10000000149011612,0.10000000149011612,0.10000000149011612,0.10000000149011612,0.10000000149011612,0.10000000149011612
73,USA,United States,2018,-7.697317123413086,-0.061432987451553345,5.5,1,1.167035460472107,1.1881818771362305,1.1316249370574951,1.1812996864318848,0.10000000149011612,0.10000000149011612,0.10000000149011612,0.10000000149011612,0.10000000149011612,0.10000000149011612,0.10000000149011612,0.10000000149011612,0.10000000149011612,0.10000000149011612
73,USA,United States,2019,-9.035722732543945,-0.06045643985271454,5.5,1,1.167035460472107,1.1881818771362305,1.1316249370574951,1.1812996864318848,0.10000000149011612,0.10000000149011612,0.10000000149011612,0.10000000149011612,0.10000000149011612,0.10000000149011612,0.10000000149011612,0.10000000149011612,0.10000000149011612,0.10000000149011612
73,USA,United States,2020,-10.637649536132812,-0.058576926589012146,5.5,1,1.167035460472107,1.1881818771362305,1.1316249370574951,1.1812996864318848,0.10000000149011612,0.10000000149011612,0.10000000149011612,0.10000000149011612,0.10000000149011612,0.10000000149011612,0.10000000149011612,0.10000000149011612,0.10000000149011612,0.10000000149011612
73,USA,United States,2021,-9.941286087036133,-0.05609092116355896,5.5,1,1.167035460472107,1.1881818771362305,1.1316249370574951,1.1812996864318848,0.10000000149011612,0.10000000149011612,0.10000000149011612,0.10000000149011612,0.10000000149011612,0.10000000149011612,0.10000000149011612,0.10000000149011612,0.10000000149011612,0.10000000149011612
73,USA,United States,2022,-10.715087890625,-0.05417099595069885,5.5,1,1.167035460472107,1.1881818771362305,1.1316249370574951,1.1812996864318848,0.10000000149011612,0.10000000149011612,0.10000000149011612,0.10000000149011612,0.10000000149011612,0.10000000149011612,0.10000000149011612,0.10000000149011612,0.10000000149011612,0.10000000149011612
73,USA,United States,2023,-11.726405143737793,-0.052662044763565063,5.5,1,1.167035460472107,1.1881818771362305,1.1316249370574951,1.1812996864318848,0.10000000149011612,0.10000000149011612,0.10000000149011612,0.10000000149011612,0.10000000149011612,0.10000000149011612,0.10000000149011612,0.10000000149011612,0.10000000149011612,0.10000000149011612
74,UZB,Uzbekistan,2018,1.4206937551498413,-0.24510230123996735,6.0,6,-1.8003510236740112,-1.597791075706482,-2.1902878284454346,-1.6129741668701172,0.0,0.0,0.0,0.0,0.0,1.0,0.0,0.0,0.0,0.0
74,UZB,Uzbekistan,2019,0.9323561787605286,-0.23696212470531464,6.0,6,-1.8003510236740112,-1.597791075706482,-2.1902878284454346,-1.6129741668701172,0.0,0.0,0.0,0.0,0.0,1.0,0.0,0.0,0.0,0.0
74,UZB,Uzbekistan,2020,1.6637600660324097,-0.24909397959709167,6.0,6,-1.8003510236740112,-1.597791075706482,-2.1902878284454346,-1.6129741668701172,0.0,0.0,0.0,0.0,0.0,1.0,0.0,0.0,0.0,0.0
74,UZB,Uzbekistan,2021,1.6973286867141724,-0.28011101484298706,6.0,6,-1.8003510236740112,-1.597791075706482,-2.1902878284454346,-1.6129741668701172,0.0,0.0,0.0,0.0,0.0,1.0,0.0,0.0,0.0,0.0
74,UZB,Uzbekistan,2022,0.9835667014122009,-0.2943047285079956,6.0,6,-1.8003510236740112,-1.597791075706482,-2.1902878284454346,-1.6129741668701172,0.0,0.0,0.0,0.0,0.0,1.0,0.0,0.0,0.0,0.0
74,UZB,Uzbekistan,2023,0.9794012308120728,-0.3049834668636322,6.0,6,-1.8003510236740112,-1.597791075706482,-2.1902878284454346,-1.6129741668701172,0.0,0.0,0.0,0.0,0.0,1.0,0.0,0.0,0.0,0.0
75,VEN,Venezuela,2018,4.365685939788818,-0.3083285689353943,6.576966285705566,5,-1.5081526041030884,-1.3741530179977417,-1.5062425136566162,-1.6440623998641968,0.0,0.0,0.0,0.1185184046626091,0.20309287309646606,0.20070290565490723,0.17710548639297485,0.12892311811447144,0.10448461771011353,0.067172572016716
75,VEN,Venezuela,2019,4.361935615539551,-0.3080557584762573,6.576966285705566,5,-1.5081526041030884,-1.3741530179977417,-1.5062425136566162,-1.6440623998641968,0.0,0.0,0.0,0.1185184046626091,0.20309287309646606,0.20070290565490723,0.17710548639297485,0.12892311811447144,0.10448461771011353,0.067172572016716
75,VEN,Venezuela,2020,-2.0265071392059326,-0.31380927562713623,6.576966285705566,5,-1.5081526041030884,-1.3741530179977417,-1.5062425136566162,-1.6440623998641968,0.0,0.0,0.0,0.1185184046626091,0.20309287309646606,0.20070290565490723,0.17710548639297485,0.12892311811447144,0.10448461771011353,0.067172572016716
75,VEN,Venezuela,2021,-2.5107500553131104,-0.31140828132629395,6.576966285705566,5,-1.5081526041030884,-1.3741530179977417,-1.5062425136566162,-1.6440623998641968,0.0,0.0,0.0,0.1185184046626091,0.20309287309646606,0.20070290565490723,0.17710548639297485,0.12892311811447144,0.10448461771011353,0.067172572016716
75,VEN,Venezuela,2022,-2.220579147338867,-0.30682671070098877,6.576966285705566,5,-1.5081526041030884,-1.3741530179977417,-1.5062425136566162,-1.6440623998641968,0.0,0.0,0.0,0.1185184046626091,0.20309287309646606,0.20070290565490723,0.17710548639297485,0.12892311811447144,0.10448461771011353,0.067172572016716
75,VEN,Venezuela,2023,-2.2290172576904297,-0.2800842523574829,6.576966285705566,5,-1.5081526041030884,-1.3741530179977417,-1.5062425136566162,-1.6440623998641968,0.0,0.0,0.0,0.1185184046626091,0.20309287309646606,0.20070290565490723,0.17710548639297485,0.12892311811447144,0.10448461771011353,0.067172572016716
76,VNM,Vietnam,2018,1.8500128984451294,-0.22636163234710693,5.692244052886963,6,-1.0041168928146362,-0.9023603796958923,-1.090646505355835,-1.0193438529968262,0.06477072089910507,0.07057064771652222,0.06552433967590332,0.102694071829319,0.15020684897899628,0.16008302569389343,0.13151459395885468,0.1013861671090126,0.096737340092659,0.0565122589468956
76,VNM,Vietnam,2019,3.117563009262085,-0.1893320083618164,5.692244052886963,6,-1.0041168928146362,-0.9023603796958923,-1.090646505355835,-1.0193438529968262,0.06477072089910507,0.07057064771652222,0.06552433967590332,0.102694071829319,0.15020684897899628,0.16008302569389343,0.13151459395885468,0.1013861671090126,0.096737340092659,0.0565122589468956
76,VNM,Vietnam,2020,2.663336753845215,-0.1906801462173462,5.692244052886963,6,-1.0041168928146362,-0.9023603796958923,-1.090646505355835,-1.0193438529968262,0.06477072089910507,0.07057064771652222,0.06552433967590332,0.102694071829319,0.15020684897899628,0.16008302569389343,0.13151459395885468,0.1013861671090126,0.096737340092659,0.0565122589468956
76,VNM,Vietnam,2021,1.7106215953826904,-0.17517761886119843,5.692244052886963,6,-1.0041168928146362,-0.9023603796958923,-1.090646505355835,-1.0193438529968262,0.06477072089910507,0.07057064771652222,0.06552433967590332,0.102694071829319,0.15020684897899628,0.16008302569389343,0.13151459395885468,0.1013861671090126,0.096737340092659,0.0565122589468956
76,VNM,Vietnam,2022,0.6460008025169373,-0.15847356617450714,5.692244052886963,6,-1.0041168928146362,-0.9023603796958923,-1.090646505355835,-1.0193438529968262,0.06477072089910507,0.07057064771652222,0.06552433967590332,0.102694071829319,0.15020684897899628,0.16008302569389343,0.13151459395885468,0.1013861671090126,0.096737340092659,0.0565122589468956
76,VNM,Vietnam,2023,1.6631464958190918,-0.15159961581230164,5.692244052886963,6,-1.0041168928146362,-0.9023603796958923,-1.090646505355835,-1.0193438529968262,0.06477072089910507,0.07057064771652222,0.06552433967590332,0.102694071829319,0.15020684897899628,0.16008302569389343,0.13151459395885468,0.1013861671090126,0.096737340092659,0.0565122589468956
77,ZAF,South Africa,2018,-6.3950324058532715,-0.18157681822776794,10.0,10,-0.0641661062836647,-0.015326484106481075,0.13372927904129028,-0.31090110540390015,0.0,0.0,0.0,0.0,0.0,0.0,0.0,0.0,0.0,1.0
77,ZAF,South Africa,2019,-8.257451057434082,-0.11077941954135895,10.0,10,-0.0641661062836647,-0.015326484106481075,0.13372927904129028,-0.31090110540390015,0.0,0.0,0.0,0.0,0.0,0.0,0.0,0.0,0.0,1.0
77,ZAF,South Africa,2020,-7.980379581451416,-0.0716538280248642,10.0,10,-0.0641661062836647,-0.015326484106481075,0.13372927904129028,-0.31090110540390015,0.0,0.0,0.0,0.0,0.0,0.0,0.0,0.0,0.0,1.0
77,ZAF,South Africa,2021,-12.659340858459473,-0.0550539493560791,10.0,10,-0.0641661062836647,-0.015326484106481075,0.13372927904129028,-0.31090110540390015,0.0,0.0,0.0,0.0,0.0,0.0,0.0,0.0,0.0,1.0
77,ZAF,South Africa,2022,-15.694624900817871,-0.053600698709487915,10.0,10,-0.0641661062836647,-0.015326484106481075,0.13372927904129028,-0.31090110540390015,0.0,0.0,0.0,0.0,0.0,0.0,0.0,0.0,0.0,1.0
77,ZAF,South Africa,2023,-19.3819637298584,-0.061826884746551514,10.0,10,-0.0641661062836647,-0.015326484106481075,0.13372927904129028,-0.31090110540390015,0.0,0.0,0.0,0.0,0.0,0.0,0.0,0.0,0.0,1.0
