entity_id,entity_code,entity_name,year,y_true,y_pred,posthoc_k_star,lag_profile_peak,proxy_signal_true,proxy_1_true,proxy_2_true,proxy_3_true,lag_profile_1,lag_profile_2,lag_profile_3,lag_profile_4,lag_profile_5,lag_profile_6,lag_profile_7,lag_profile_8,lag_profile_9,lag_profile_10
0,ARE,United Arab Emirates,2018,-77.53056335449219,-0.1257075071334839,5.5,1,0.18880443274974823,0.332748681306839,0.2764120101928711,-0.042747389525175095,0.10000000149011612,0.10000000149011612,0.10000000149011612,0.10000000149011612,0.10000000149011612,0.10000000149011612,0.10000000149011612,0.10000000149011612,0.10000000149011612,0.10000000149011612
0,ARE,United Arab Emirates,2019,-233.2926788330078,0.18634702265262604,5.5,1,0.18880443274974823,0.332748681306839,0.2764120101928711,-0.042747389525175095,0.10000000149011612,0.10000000149011612,0.10000000149011612,0.10000000149011612,0.10000000149011612,0.10000000149011612,0.10000000149011612,0.10000000149011612,0.10000000149011612,0.10000000149011612
0,ARE,United Arab Emirates,2020,-435.1805725097656,0.3299630880355835,5.5,1,0.18880443274974823,0.332748681306839,0.2764120101928711,-0.042747389525175095,0.10000000149011612,0.10000000149011612,0.10000000149011612,0.10000000149011612,0.10000000149011612,0.10000000149011612,0.10000000149011612,0.10000000149011612,0.10000000149011612,0.10000000149011612
0,ARE,United Arab Emirates,2021,-1001.4480590820312,0.37155911326408386,5.5,1,0.18880443274974823,0.332748681306839,0.2764120101928711,-0.042747389525175095,0.10000000149011612,0.10000000149011612,0.10000000149011612,0.10000000149011612,0.10000000149011612,0.10000000149011612,0.10000000149011612,0.10000000149011612,0.10000000149011612,0.10000000149011612
0,ARE,United Arab Emirates,2022,-1657.7239990234375,0.3962436318397522,5.5,1,0.18880443274974823,0.332748681306839,0.2764120101928711,-0.042747389525175095,0.10000000149011612,0.10000000149011612,0.10000000149011612,0.10000000149011612,0.10000000149011612,0.10000000149011612,0.10000000149011612,0.10000000149011612,0.10000000149011612,0.10000000149011612
0,ARE,United Arab Emirates,2023,-2705.017333984375,0.42348408699035645,5.5,1,0.18880443274974823,0.332748681306839,0.2764120101928711,-0.042747389525175095,0.10000000149011612,0.10000000149011612,0.10000000149011612,0.10000000149011612,0.10000000149011612,0.10000000149011612,0.10000000149011612,0.10000000149011612,0.10000000149011612,0.10000000149011612
1,ARG,Argentina,2018,1.6428788900375366,-0.6762449145317078,5.5,1,-0.6909387707710266,-0.40908560156822205,-0.8905236124992371,-0.7732071280479431,0.10000000149011612,0.10000000149011612,0.10000000149011612,0.10000000149011612,0.10000000149011612,0.10000000149011612,0.10000000149011612,0.10000000149011612,0.10000000149011612,0.10000000149011612
1,ARG,Argentina,2019,1.1453611850738525,-0.6605696678161621,5.5,1,-0.6909387707710266,-0.40908560156822205,-0.8905236124992371,-0.7732071280479431,0.10000000149011612,0.10000000149011612,0.10000000149011612,0.10000000149011612,0.10000000149011612,0.10000000149011612,0.10000000149011612,0.10000000149011612,0.10000000149011612,0.10000000149011612
1,ARG,Argentina,2020,1.0582135915756226,-0.6962944865226746,5.5,1,-0.6909387707710266,-0.40908560156822205,-0.8905236124992371,-0.7732071280479431,0.10000000149011612,0.10000000149011612,0.10000000149011612,0.10000000149011612,0.10000000149011612,0.10000000149011612,0.10000000149011612,0.10000000149011612,0.10000000149011612,0.10000000149011612
1,ARG,Argentina,2021,1.4250097274780273,-0.7500778436660767,5.5,1,-0.6909387707710266,-0.40908560156822205,-0.8905236124992371,-0.7732071280479431,0.10000000149011612,0.10000000149011612,0.10000000149011612,0.10000000149011612,0.10000000149011612,0.10000000149011612,0.10000000149011612,0.10000000149011612,0.10000000149011612,0.10000000149011612
1,ARG,Argentina,2022,0.9982249736785889,-0.7313768267631531,5.5,1,-0.6909387707710266,-0.40908560156822205,-0.8905236124992371,-0.7732071280479431,0.10000000149011612,0.10000000149011612,0.10000000149011612,0.10000000149011612,0.10000000149011612,0.10000000149011612,0.10000000149011612,0.10000000149011612,0.10000000149011612,0.10000000149011612
1,ARG,Argentina,2023,-0.24900130927562714,-0.693706750869751,5.5,1,-0.6909387707710266,-0.40908560156822205,-0.8905236124992371,-0.7732071280479431,0.10000000149011612,0.10000000149011612,0.10000000149011612,0.10000000149011612,0.10000000149011612,0.10000000149011612,0.10000000149011612,0.10000000149011612,0.10000000149011612,0.10000000149011612
2,AUS,Australia,2018,-7.367125034332275,-0.5110934972763062,5.5,1,1.25566828250885,1.2781401872634888,1.1565734148025513,1.3322911262512207,0.10000000149011612,0.10000000149011612,0.10000000149011612,0.10000000149011612,0.10000000149011612,0.10000000149011612,0.10000000149011612,0.10000000149011612,0.10000000149011612,0.10000000149011612
2,AUS,Australia,2019,-8.657783508300781,-0.15293242037296295,5.5,1,1.25566828250885,1.2781401872634888,1.1565734148025513,1.3322911262512207,0.10000000149011612,0.10000000149011612,0.10000000149011612,0.10000000149011612,0.10000000149011612,0.10000000149011612,0.10000000149011612,0.10000000149011612,0.10000000149011612,0.10000000149011612
2,AUS,Australia,2020,-10.614906311035156,0.11113710701465607,5.5,1,1.25566828250885,1.2781401872634888,1.1565734148025513,1.3322911262512207,0.10000000149011612,0.10000000149011612,0.10000000149011612,0.10000000149011612,0.10000000149011612,0.10000000149011612,0.10000000149011612,0.10000000149011612,0.10000000149011612,0.10000000149011612
2,AUS,Australia,2021,-13.180018424987793,0.31785452365875244,5.5,1,1.25566828250885,1.2781401872634888,1.1565734148025513,1.3322911262512207,0.10000000149011612,0.10000000149011612,0.10000000149011612,0.10000000149011612,0.10000000149011612,0.10000000149011612,0.10000000149011612,0.10000000149011612,0.10000000149011612,0.10000000149011612
2,AUS,Australia,2022,-15.15616226196289,0.3474651575088501,5.5,1,1.25566828250885,1.2781401872634888,1.1565734148025513,1.3322911262512207,0.10000000149011612,0.10000000149011612,0.10000000149011612,0.10000000149011612,0.10000000149011612,0.10000000149011612,0.10000000149011612,0.10000000149011612,0.10000000149011612,0.10000000149011612
2,AUS,Australia,2023,-16.646900177001953,0.3792102336883545,5.5,1,1.25566828250885,1.2781401872634888,1.1565734148025513,1.3322911262512207,0.10000000149011612,0.10000000149011612,0.10000000149011612,0.10000000149011612,0.10000000149011612,0.10000000149011612,0.10000000149011612,0.10000000149011612,0.10000000149011612,0.10000000149011612
3,AUT,Austria,2018,-3.331990957260132,-0.10505475103855133,5.5,1,1.3129711151123047,1.3305449485778809,1.1512476205825806,1.4571207761764526,0.10000000149011612,0.10000000149011612,0.10000000149011612,0.10000000149011612,0.10000000149011612,0.10000000149011612,0.10000000149011612,0.10000000149011612,0.10000000149011612,0.10000000149011612
3,AUT,Austria,2019,-3.5629565715789795,0.1801825910806656,5.5,1,1.3129711151123047,1.3305449485778809,1.1512476205825806,1.4571207761764526,0.10000000149011612,0.10000000149011612,0.10000000149011612,0.10000000149011612,0.10000000149011612,0.10000000149011612,0.10000000149011612,0.10000000149011612,0.10000000149011612,0.10000000149011612
3,AUT,Austria,2020,-4.44062614440918,0.12984859943389893,5.5,1,1.3129711151123047,1.3305449485778809,1.1512476205825806,1.4571207761764526,0.10000000149011612,0.10000000149011612,0.10000000149011612,0.10000000149011612,0.10000000149011612,0.10000000149011612,0.10000000149011612,0.10000000149011612,0.10000000149011612,0.10000000149011612
3,AUT,Austria,2021,-4.349145412445068,0.1443011462688446,5.5,1,1.3129711151123047,1.3305449485778809,1.1512476205825806,1.4571207761764526,0.10000000149011612,0.10000000149011612,0.10000000149011612,0.10000000149011612,0.10000000149011612,0.10000000149011612,0.10000000149011612,0.10000000149011612,0.10000000149011612,0.10000000149011612
3,AUT,Austria,2022,-4.098706245422363,0.29427310824394226,5.5,1,1.3129711151123047,1.3305449485778809,1.1512476205825806,1.4571207761764526,0.10000000149011612,0.10000000149011612,0.10000000149011612,0.10000000149011612,0.10000000149011612,0.10000000149011612,0.10000000149011612,0.10000000149011612,0.10000000149011612,0.10000000149011612
3,AUT,Austria,2023,-5.443741798400879,0.3063265085220337,5.5,1,1.3129711151123047,1.3305449485778809,1.1512476205825806,1.4571207761764526,0.10000000149011612,0.10000000149011612,0.10000000149011612,0.10000000149011612,0.10000000149011612,0.10000000149011612,0.10000000149011612,0.10000000149011612,0.10000000149011612,0.10000000149011612
4,AZE,Azerbaijan,2018,3.094372272491455,-0.6124053597450256,5.5,1,-1.294363021850586,-1.4495718479156494,-1.172594428062439,-1.2609230279922485,0.10000000149011612,0.10000000149011612,0.10000000149011612,0.10000000149011612,0.10000000149011612,0.10000000149011612,0.10000000149011612,0.10000000149011612,0.10000000149011612,0.10000000149011612
4,AZE,Azerbaijan,2019,3.558119297027588,-0.7566706538200378,5.5,1,-1.294363021850586,-1.4495718479156494,-1.172594428062439,-1.2609230279922485,0.10000000149011612,0.10000000149011612,0.10000000149011612,0.10000000149011612,0.10000000149011612,0.10000000149011612,0.10000000149011612,0.10000000149011612,0.10000000149011612,0.10000000149011612
4,AZE,Azerbaijan,2020,4.490204811096191,-0.7142508625984192,5.5,1,-1.294363021850586,-1.4495718479156494,-1.172594428062439,-1.2609230279922485,0.10000000149011612,0.10000000149011612,0.10000000149011612,0.10000000149011612,0.10000000149011612,0.10000000149011612,0.10000000149011612,0.10000000149011612,0.10000000149011612,0.10000000149011612
4,AZE,Azerbaijan,2021,4.194814682006836,-0.8088470697402954,5.5,1,-1.294363021850586,-1.4495718479156494,-1.172594428062439,-1.2609230279922485,0.10000000149011612,0.10000000149011612,0.10000000149011612,0.10000000149011612,0.10000000149011612,0.10000000149011612,0.10000000149011612,0.10000000149011612,0.10000000149011612,0.10000000149011612
4,AZE,Azerbaijan,2022,3.8313167095184326,-0.8515191674232483,5.5,1,-1.294363021850586,-1.4495718479156494,-1.172594428062439,-1.2609230279922485,0.10000000149011612,0.10000000149011612,0.10000000149011612,0.10000000149011612,0.10000000149011612,0.10000000149011612,0.10000000149011612,0.10000000149011612,0.10000000149011612,0.10000000149011612
4,AZE,Azerbaijan,2023,3.7241804599761963,-0.8656903505325317,5.5,1,-1.294363021850586,-1.4495718479156494,-1.172594428062439,-1.2609230279922485,0.10000000149011612,0.10000000149011612,0.10000000149011612,0.10000000149011612,0.10000000149011612,0.10000000149011612,0.10000000149011612,0.10000000149011612,0.10000000149011612,0.10000000149011612
5,BEL,Belgium,2018,-2.035623550415039,0.11310544610023499,5.5,1,0.9798359274864197,1.2219529151916504,0.8175865411758423,0.8999684453010559,0.10000000149011612,0.10000000149011612,0.10000000149011612,0.10000000149011612,0.10000000149011612,0.10000000149011612,0.10000000149011612,0.10000000149011612,0.10000000149011612,0.10000000149011612
5,BEL,Belgium,2019,-3.1006269454956055,0.25711870193481445,5.5,1,0.9798359274864197,1.2219529151916504,0.8175865411758423,0.8999684453010559,0.10000000149011612,0.10000000149011612,0.10000000149011612,0.10000000149011612,0.10000000149011612,0.10000000149011612,0.10000000149011612,0.10000000149011612,0.10000000149011612,0.10000000149011612
5,BEL,Belgium,2020,-2.7479605674743652,0.31926023960113525,5.5,1,0.9798359274864197,1.2219529151916504,0.8175865411758423,0.8999684453010559,0.10000000149011612,0.10000000149011612,0.10000000149011612,0.10000000149011612,0.10000000149011612,0.10000000149011612,0.10000000149011612,0.10000000149011612,0.10000000149011612,0.10000000149011612
5,BEL,Belgium,2021,-3.9674084186553955,0.3601958453655243,5.5,1,0.9798359274864197,1.2219529151916504,0.8175865411758423,0.8999684453010559,0.10000000149011612,0.10000000149011612,0.10000000149011612,0.10000000149011612,0.10000000149011612,0.10000000149011612,0.10000000149011612,0.10000000149011612,0.10000000149011612,0.10000000149011612
5,BEL,Belgium,2022,-3.700895071029663,0.3843362033367157,5.5,1,0.9798359274864197,1.2219529151916504,0.8175865411758423,0.8999684453010559,0.10000000149011612,0.10000000149011612,0.10000000149011612,0.10000000149011612,0.10000000149011612,0.10000000149011612,0.10000000149011612,0.10000000149011612,0.10000000149011612,0.10000000149011612
5,BEL,Belgium,2023,-3.867947578430176,0.39744865894317627,5.5,1,0.9798359274864197,1.2219529151916504,0.8175865411758423,0.8999684453010559,0.10000000149011612,0.10000000149011612,0.10000000149011612,0.10000000149011612,0.10000000149011612,0.10000000149011612,0.10000000149011612,0.10000000149011612,0.10000000149011612,0.10000000149011612
6,BGD,Bangladesh,2018,1.2597620487213135,-0.7722119688987732,5.5,1,-1.3428869247436523,-1.2080445289611816,-1.482562780380249,-1.3380534648895264,0.10000000149011612,0.10000000149011612,0.10000000149011612,0.10000000149011612,0.10000000149011612,0.10000000149011612,0.10000000149011612,0.10000000149011612,0.10000000149011612,0.10000000149011612
6,BGD,Bangladesh,2019,1.4318774938583374,-0.7606737017631531,5.5,1,-1.3428869247436523,-1.2080445289611816,-1.482562780380249,-1.3380534648895264,0.10000000149011612,0.10000000149011612,0.10000000149011612,0.10000000149011612,0.10000000149011612,0.10000000149011612,0.10000000149011612,0.10000000149011612,0.10000000149011612,0.10000000149011612
6,BGD,Bangladesh,2020,1.717698097229004,-0.7427523732185364,5.5,1,-1.3428869247436523,-1.2080445289611816,-1.482562780380249,-1.3380534648895264,0.10000000149011612,0.10000000149011612,0.10000000149011612,0.10000000149011612,0.10000000149011612,0.10000000149011612,0.10000000149011612,0.10000000149011612,0.10000000149011612,0.10000000149011612
6,BGD,Bangladesh,2021,1.7278225421905518,-0.7827631235122681,5.5,1,-1.3428869247436523,-1.2080445289611816,-1.482562780380249,-1.3380534648895264,0.10000000149011612,0.10000000149011612,0.10000000149011612,0.10000000149011612,0.10000000149011612,0.10000000149011612,0.10000000149011612,0.10000000149011612,0.10000000149011612,0.10000000149011612
6,BGD,Bangladesh,2022,1.5284489393234253,-0.7953898310661316,5.5,1,-1.3428869247436523,-1.2080445289611816,-1.482562780380249,-1.3380534648895264,0.10000000149011612,0.10000000149011612,0.10000000149011612,0.10000000149011612,0.10000000149011612,0.10000000149011612,0.10000000149011612,0.10000000149011612,0.10000000149011612,0.10000000149011612
6,BGD,Bangladesh,2023,2.0307767391204834,-0.8191072940826416,5.5,1,-1.3428869247436523,-1.2080445289611816,-1.482562780380249,-1.3380534648895264,0.10000000149011612,0.10000000149011612,0.10000000149011612,0.10000000149011612,0.10000000149011612,0.10000000149011612,0.10000000149011612,0.10000000149011612,0.10000000149011612,0.10000000149011612
7,BGR,Bulgaria,2018,-1.3296480178833008,-0.23829692602157593,5.5,1,-0.42611977458000183,-0.6209486722946167,-0.13856160640716553,-0.5188490152359009,0.10000000149011612,0.10000000149011612,0.10000000149011612,0.10000000149011612,0.10000000149011612,0.10000000149011612,0.10000000149011612,0.10000000149011612,0.10000000149011612,0.10000000149011612
7,BGR,Bulgaria,2019,-1.4306131601333618,0.13789987564086914,5.5,1,-0.42611977458000183,-0.6209486722946167,-0.13856160640716553,-0.5188490152359009,0.10000000149011612,0.10000000149011612,0.10000000149011612,0.10000000149011612,0.10000000149011612,0.10000000149011612,0.10000000149011612,0.10000000149011612,0.10000000149011612,0.10000000149011612
7,BGR,Bulgaria,2020,-2.8135833740234375,0.3085542917251587,5.5,1,-0.42611977458000183,-0.6209486722946167,-0.13856160640716553,-0.5188490152359009,0.10000000149011612,0.10000000149011612,0.10000000149011612,0.10000000149011612,0.10000000149011612,0.10000000149011612,0.10000000149011612,0.10000000149011612,0.10000000149011612,0.10000000149011612
7,BGR,Bulgaria,2021,-2.0215117931365967,0.2425176352262497,5.5,1,-0.42611977458000183,-0.6209486722946167,-0.13856160640716553,-0.5188490152359009,0.10000000149011612,0.10000000149011612,0.10000000149011612,0.10000000149011612,0.10000000149011612,0.10000000149011612,0.10000000149011612,0.10000000149011612,0.10000000149011612,0.10000000149011612
7,BGR,Bulgaria,2022,-0.48078346252441406,0.3503856360912323,5.5,1,-0.42611977458000183,-0.6209486722946167,-0.13856160640716553,-0.5188490152359009,0.10000000149011612,0.10000000149011612,0.10000000149011612,0.10000000149011612,0.10000000149011612,0.10000000149011612,0.10000000149011612,0.10000000149011612,0.10000000149011612,0.10000000149011612
7,BGR,Bulgaria,2023,-3.970643997192383,0.3810383677482605,5.5,1,-0.42611977458000183,-0.6209486722946167,-0.13856160640716553,-0.5188490152359009,0.10000000149011612,0.10000000149011612,0.10000000149011612,0.10000000149011612,0.10000000149011612,0.10000000149011612,0.10000000149011612,0.10000000149011612,0.10000000149011612,0.10000000149011612
8,BLR,Belarus,2018,-2.643580675125122,0.07853041589260101,5.5,1,-1.5520426034927368,-1.4920120239257812,-1.8896420001983643,-1.2744739055633545,0.10000000149011612,0.10000000149011612,0.10000000149011612,0.10000000149011612,0.10000000149011612,0.10000000149011612,0.10000000149011612,0.10000000149011612,0.10000000149011612,0.10000000149011612
8,BLR,Belarus,2019,-3.0715856552124023,0.2465750128030777,5.5,1,-1.5520426034927368,-1.4920120239257812,-1.8896420001983643,-1.2744739055633545,0.10000000149011612,0.10000000149011612,0.10000000149011612,0.10000000149011612,0.10000000149011612,0.10000000149011612,0.10000000149011612,0.10000000149011612,0.10000000149011612,0.10000000149011612
8,BLR,Belarus,2020,-3.0823307037353516,0.3138148784637451,5.5,1,-1.5520426034927368,-1.4920120239257812,-1.8896420001983643,-1.2744739055633545,0.10000000149011612,0.10000000149011612,0.10000000149011612,0.10000000149011612,0.10000000149011612,0.10000000149011612,0.10000000149011612,0.10000000149011612,0.10000000149011612,0.10000000149011612
8,BLR,Belarus,2021,-14.810386657714844,0.3319300413131714,5.5,1,-1.5520426034927368,-1.4920120239257812,-1.8896420001983643,-1.2744739055633545,0.10000000149011612,0.10000000149011612,0.10000000149011612,0.10000000149011612,0.10000000149011612,0.10000000149011612,0.10000000149011612,0.10000000149011612,0.10000000149011612,0.10000000149011612
8,BLR,Belarus,2022,-13.734106063842773,0.3521052300930023,5.5,1,-1.5520426034927368,-1.4920120239257812,-1.8896420001983643,-1.2744739055633545,0.10000000149011612,0.10000000149011612,0.10000000149011612,0.10000000149011612,0.10000000149011612,0.10000000149011612,0.10000000149011612,0.10000000149011612,0.10000000149011612,0.10000000149011612
8,BLR,Belarus,2023,-27.134784698486328,0.3774123191833496,5.5,1,-1.5520426034927368,-1.4920120239257812,-1.8896420001983643,-1.2744739055633545,0.10000000149011612,0.10000000149011612,0.10000000149011612,0.10000000149011612,0.10000000149011612,0.10000000149011612,0.10000000149011612,0.10000000149011612,0.10000000149011612,0.10000000149011612
9,BRA,Brazil,2018,4.812175750732422,-0.6486819982528687,1.5250921249389648,2,-0.532637357711792,-0.5499132871627808,-0.37875303626060486,-0.669245719909668,0.474907785654068,0.5250921845436096,0.0,0.0,0.0,0.0,0.0,0.0,0.0,0.0
9,BRA,Brazil,2019,5.404086589813232,-0.6473029255867004,1.5250921249389648,2,-0.532637357711792,-0.5499132871627808,-0.37875303626060486,-0.669245719909668,0.474907785654068,0.5250921845436096,0.0,0.0,0.0,0.0,0.0,0.0,0.0,0.0
9,BRA,Brazil,2020,4.385476589202881,-0.482471227645874,1.5250921249389648,2,-0.532637357711792,-0.5499132871627808,-0.37875303626060486,-0.669245719909668,0.474907785654068,0.5250921845436096,0.0,0.0,0.0,0.0,0.0,0.0,0.0,0.0
9,BRA,Brazil,2021,8.511026382446289,-0.5417255759239197,1.5250921249389648,2,-0.532637357711792,-0.5499132871627808,-0.37875303626060486,-0.669245719909668,0.474907785654068,0.5250921845436096,0.0,0.0,0.0,0.0,0.0,0.0,0.0,0.0
9,BRA,Brazil,2022,0.8233122229576111,-0.6936343312263489,1.5250921249389648,2,-0.532637357711792,-0.5499132871627808,-0.37875303626060486,-0.669245719909668,0.474907785654068,0.5250921845436096,0.0,0.0,0.0,0.0,0.0,0.0,0.0,0.0
9,BRA,Brazil,2023,-0.02414296381175518,-0.7261090874671936,1.5250921249389648,2,-0.532637357711792,-0.5499132871627808,-0.37875303626060486,-0.669245719909668,0.474907785654068,0.5250921845436096,0.0,0.0,0.0,0.0,0.0,0.0,0.0,0.0
10,CAN,Canada,2018,-3.718440532684326,-0.34475499391555786,5.5,1,1.2861608266830444,1.3746321201324463,1.1545178890228271,1.3293325901031494,0.10000000149011612,0.10000000149011612,0.10000000149011612,0.10000000149011612,0.10000000149011612,0.10000000149011612,0.10000000149011612,0.10000000149011612,0.10000000149011612,0.10000000149011612
10,CAN,Canada,2019,-3.770698308944702,-0.4401658773422241,5.5,1,1.2861608266830444,1.3746321201324463,1.1545178890228271,1.3293325901031494,0.10000000149011612,0.10000000149011612,0.10000000149011612,0.10000000149011612,0.10000000149011612,0.10000000149011612,0.10000000149011612,0.10000000149011612,0.10000000149011612,0.10000000149011612
10,CAN,Canada,2020,-4.2692484855651855,-0.4774942398071289,5.5,1,1.2861608266830444,1.3746321201324463,1.1545178890228271,1.3293325901031494,0.10000000149011612,0.10000000149011612,0.10000000149011612,0.10000000149011612,0.10000000149011612,0.10000000149011612,0.10000000149011612,0.10000000149011612,0.10000000149011612,0.10000000149011612
10,CAN,Canada,2021,-4.04820442199707,-0.35497593879699707,5.5,1,1.2861608266830444,1.3746321201324463,1.1545178890228271,1.3293325901031494,0.10000000149011612,0.10000000149011612,0.10000000149011612,0.10000000149011612,0.10000000149011612,0.10000000149011612,0.10000000149011612,0.10000000149011612,0.10000000149011612,0.10000000149011612
10,CAN,Canada,2022,-4.334720611572266,-0.21627089381217957,5.5,1,1.2861608266830444,1.3746321201324463,1.1545178890228271,1.3293325901031494,0.10000000149011612,0.10000000149011612,0.10000000149011612,0.10000000149011612,0.10000000149011612,0.10000000149011612,0.10000000149011612,0.10000000149011612,0.10000000149011612,0.10000000149011612
10,CAN,Canada,2023,-3.507607936859131,-0.2901145815849304,5.5,1,1.2861608266830444,1.3746321201324463,1.1545178890228271,1.3293325901031494,0.10000000149011612,0.10000000149011612,0.10000000149011612,0.10000000149011612,0.10000000149011612,0.10000000149011612,0.10000000149011612,0.10000000149011612,0.10000000149011612,0.10000000149011612
11,CHE,Switzerland,2018,1.0894922018051147,-0.26281389594078064,6.73432731628418,6,1.412360668182373,1.4461179971694946,1.2956862449645996,1.4952778816223145,0.0,0.0,0.05228450894355774,0.15263357758522034,0.011135631240904331,0.24818745255470276,0.15103018283843994,0.1621151715517044,0.1581309586763382,0.06448252499103546
11,CHE,Switzerland,2019,0.49372902512550354,-0.1339600533246994,6.73432731628418,6,1.412360668182373,1.4461179971694946,1.2956862449645996,1.4952778816223145,0.0,0.0,0.05228450894355774,0.15263357758522034,0.011135631240904331,0.24818745255470276,0.15103018283843994,0.1621151715517044,0.1581309586763382,0.06448252499103546
11,CHE,Switzerland,2020,1.5537232160568237,-0.14040923118591309,6.73432731628418,6,1.412360668182373,1.4461179971694946,1.2956862449645996,1.4952778816223145,0.0,0.0,0.05228450894355774,0.15263357758522034,0.011135631240904331,0.24818745255470276,0.15103018283843994,0.1621151715517044,0.1581309586763382,0.06448252499103546
11,CHE,Switzerland,2021,3.0005764961242676,-0.1407047063112259,6.73432731628418,6,1.412360668182373,1.4461179971694946,1.2956862449645996,1.4952778816223145,0.0,0.0,0.05228450894355774,0.15263357758522034,0.011135631240904331,0.24818745255470276,0.15103018283843994,0.1621151715517044,0.1581309586763382,0.06448252499103546
11,CHE,Switzerland,2022,2.025691270828247,0.20012226700782776,6.73432731628418,6,1.412360668182373,1.4461179971694946,1.2956862449645996,1.4952778816223145,0.0,0.0,0.05228450894355774,0.15263357758522034,0.011135631240904331,0.24818745255470276,0.15103018283843994,0.1621151715517044,0.1581309586763382,0.06448252499103546
11,CHE,Switzerland,2023,-4.210478782653809,0.19708575308322906,6.73432731628418,6,1.412360668182373,1.4461179971694946,1.2956862449645996,1.4952778816223145,0.0,0.0,0.05228450894355774,0.15263357758522034,0.011135631240904331,0.24818745255470276,0.15103018283843994,0.1621151715517044,0.1581309586763382,0.06448252499103546
12,CHL,Chile,2018,1.4454405307769775,-0.533649742603302,2.60595703125,3,0.8483307957649231,0.667232871055603,1.016435146331787,0.8613244891166687,0.18611349165439606,0.2621009349822998,0.31150075793266296,0.24028481543064117,0.0,0.0,0.0,0.0,0.0,0.0
12,CHL,Chile,2019,1.1679426431655884,-0.5106717944145203,2.60595703125,3,0.8483307957649231,0.667232871055603,1.016435146331787,0.8613244891166687,0.18611349165439606,0.2621009349822998,0.31150075793266296,0.24028481543064117,0.0,0.0,0.0,0.0,0.0,0.0
12,CHL,Chile,2020,0.7698724865913391,-0.6373969316482544,2.60595703125,3,0.8483307957649231,0.667232871055603,1.016435146331787,0.8613244891166687,0.18611349165439606,0.2621009349822998,0.31150075793266296,0.24028481543064117,0.0,0.0,0.0,0.0,0.0,0.0
12,CHL,Chile,2021,0.5402398705482483,-0.6465867757797241,2.60595703125,3,0.8483307957649231,0.667232871055603,1.016435146331787,0.8613244891166687,0.18611349165439606,0.2621009349822998,0.31150075793266296,0.24028481543064117,0.0,0.0,0.0,0.0,0.0,0.0
12,CHL,Chile,2022,-0.5233001708984375,-0.6035403609275818,2.60595703125,3,0.8483307957649231,0.667232871055603,1.016435146331787,0.8613244891166687,0.18611349165439606,0.2621009349822998,0.31150075793266296,0.24028481543064117,0.0,0.0,0.0,0.0,0.0,0.0
12,CHL,Chile,2023,-1.9592610597610474,-0.5213580131530762,2.60595703125,3,0.8483307957649231,0.667232871055603,1.016435146331787,0.8613244891166687,0.18611349165439606,0.2621009349822998,0.31150075793266296,0.24028481543064117,0.0,0.0,0.0,0.0,0.0,0.0
13,CHN,China,2018,-8.663586616516113,0.25863713026046753,5.5,1,-0.8438493609428406,-0.7442506551742554,-0.7500977516174316,-1.03719961643219,0.10000000149011612,0.10000000149011612,0.10000000149011612,0.10000000149011612,0.10000000149011612,0.10000000149011612,0.10000000149011612,0.10000000149011612,0.10000000149011612,0.10000000149011612
13,CHN,China,2019,-9.760994911193848,0.259613573551178,5.5,1,-0.8438493609428406,-0.7442506551742554,-0.7500977516174316,-1.03719961643219,0.10000000149011612,0.10000000149011612,0.10000000149011612,0.10000000149011612,0.10000000149011612,0.10000000149011612,0.10000000149011612,0.10000000149011612,0.10000000149011612,0.10000000149011612
13,CHN,China,2020,-10.60916519165039,0.34388041496276855,5.5,1,-0.8438493609428406,-0.7442506551742554,-0.7500977516174316,-1.03719961643219,0.10000000149011612,0.10000000149011612,0.10000000149011612,0.10000000149011612,0.10000000149011612,0.10000000149011612,0.10000000149011612,0.10000000149011612,0.10000000149011612,0.10000000149011612
13,CHN,China,2021,-11.069491386413574,0.33590081334114075,5.5,1,-0.8438493609428406,-0.7442506551742554,-0.7500977516174316,-1.03719961643219,0.10000000149011612,0.10000000149011612,0.10000000149011612,0.10000000149011612,0.10000000149011612,0.10000000149011612,0.10000000149011612,0.10000000149011612,0.10000000149011612,0.10000000149011612
13,CHN,China,2022,-11.851537704467773,0.39566248655319214,5.5,1,-0.8438493609428406,-0.7442506551742554,-0.7500977516174316,-1.03719961643219,0.10000000149011612,0.10000000149011612,0.10000000149011612,0.10000000149011612,0.10000000149011612,0.10000000149011612,0.10000000149011612,0.10000000149011612,0.10000000149011612,0.10000000149011612
13,CHN,China,2023,-12.087423324584961,0.41069668531417847,5.5,1,-0.8438493609428406,-0.7442506551742554,-0.7500977516174316,-1.03719961643219,0.10000000149011612,0.10000000149011612,0.10000000149011612,0.10000000149011612,0.10000000149011612,0.10000000149011612,0.10000000149011612,0.10000000149011612,0.10000000149011612,0.10000000149011612
14,COL,Colombia,2018,0.3820185363292694,-0.7268679738044739,5.5,1,-0.757061779499054,-0.7152259349822998,-0.5119652152061462,-1.0439940690994263,0.10000000149011612,0.10000000149011612,0.10000000149011612,0.10000000149011612,0.10000000149011612,0.10000000149011612,0.10000000149011612,0.10000000149011612,0.10000000149011612,0.10000000149011612
14,COL,Colombia,2019,2.6013519763946533,-0.773712694644928,5.5,1,-0.757061779499054,-0.7152259349822998,-0.5119652152061462,-1.0439940690994263,0.10000000149011612,0.10000000149011612,0.10000000149011612,0.10000000149011612,0.10000000149011612,0.10000000149011612,0.10000000149011612,0.10000000149011612,0.10000000149011612,0.10000000149011612
14,COL,Colombia,2020,3.8599977493286133,-0.6556389331817627,5.5,1,-0.757061779499054,-0.7152259349822998,-0.5119652152061462,-1.0439940690994263,0.10000000149011612,0.10000000149011612,0.10000000149011612,0.10000000149011612,0.10000000149011612,0.10000000149011612,0.10000000149011612,0.10000000149011612,0.10000000149011612,0.10000000149011612
14,COL,Colombia,2021,0.7301899194717407,-0.7377966046333313,5.5,1,-0.757061779499054,-0.7152259349822998,-0.5119652152061462,-1.0439940690994263,0.10000000149011612,0.10000000149011612,0.10000000149011612,0.10000000149011612,0.10000000149011612,0.10000000149011612,0.10000000149011612,0.10000000149011612,0.10000000149011612,0.10000000149011612
14,COL,Colombia,2022,0.9924597144126892,-0.8221229910850525,5.5,1,-0.757061779499054,-0.7152259349822998,-0.5119652152061462,-1.0439940690994263,0.10000000149011612,0.10000000149011612,0.10000000149011612,0.10000000149011612,0.10000000149011612,0.10000000149011612,0.10000000149011612,0.10000000149011612,0.10000000149011612,0.10000000149011612
14,COL,Colombia,2023,3.7653815746307373,-0.820568323135376,5.5,1,-0.757061779499054,-0.7152259349822998,-0.5119652152061462,-1.0439940690994263,0.10000000149011612,0.10000000149011612,0.10000000149011612,0.10000000149011612,0.10000000149011612,0.10000000149011612,0.10000000149011612,0.10000000149011612,0.10000000149011612,0.10000000149011612
15,CYP,Cyprus,2018,-11.052656173706055,0.15175563097000122,5.5,1,0.7725202441215515,0.8672822117805481,0.7250233292579651,0.725255012512207,0.10000000149011612,0.10000000149011612,0.10000000149011612,0.10000000149011612,0.10000000149011612,0.10000000149011612,0.10000000149011612,0.10000000149011612,0.10000000149011612,0.10000000149011612
15,CYP,Cyprus,2019,-11.571080207824707,0.24876587092876434,5.5,1,0.7725202441215515,0.8672822117805481,0.7250233292579651,0.725255012512207,0.10000000149011612,0.10000000149011612,0.10000000149011612,0.10000000149011612,0.10000000149011612,0.10000000149011612,0.10000000149011612,0.10000000149011612,0.10000000149011612,0.10000000149011612
15,CYP,Cyprus,2020,-14.400252342224121,0.3291897177696228,5.5,1,0.7725202441215515,0.8672822117805481,0.7250233292579651,0.725255012512207,0.10000000149011612,0.10000000149011612,0.10000000149011612,0.10000000149011612,0.10000000149011612,0.10000000149011612,0.10000000149011612,0.10000000149011612,0.10000000149011612,0.10000000149011612
15,CYP,Cyprus,2021,-17.67461395263672,0.38287466764450073,5.5,1,0.7725202441215515,0.8672822117805481,0.7250233292579651,0.725255012512207,0.10000000149011612,0.10000000149011612,0.10000000149011612,0.10000000149011612,0.10000000149011612,0.10000000149011612,0.10000000149011612,0.10000000149011612,0.10000000149011612,0.10000000149011612
15,CYP,Cyprus,2022,-19.47079086303711,0.4044297933578491,5.5,1,0.7725202441215515,0.8672822117805481,0.7250233292579651,0.725255012512207,0.10000000149011612,0.10000000149011612,0.10000000149011612,0.10000000149011612,0.10000000149011612,0.10000000149011612,0.10000000149011612,0.10000000149011612,0.10000000149011612,0.10000000149011612
15,CYP,Cyprus,2023,-23.38113784790039,0.4198299050331116,5.5,1,0.7725202441215515,0.8672822117805481,0.7250233292579651,0.725255012512207,0.10000000149011612,0.10000000149011612,0.10000000149011612,0.10000000149011612,0.10000000149011612,0.10000000149011612,0.10000000149011612,0.10000000149011612,0.10000000149011612,0.10000000149011612
16,CZE,Czechia,2018,-2.3009228706359863,0.01135413721203804,5.5,1,0.365255743265152,0.28039175271987915,0.4478796720504761,0.3674957752227783,0.10000000149011612,0.10000000149011612,0.10000000149011612,0.10000000149011612,0.10000000149011612,0.10000000149011612,0.10000000149011612,0.10000000149011612,0.10000000149011612,0.10000000149011612
16,CZE,Czechia,2019,-2.761939525604248,0.22089625895023346,5.5,1,0.365255743265152,0.28039175271987915,0.4478796720504761,0.3674957752227783,0.10000000149011612,0.10000000149011612,0.10000000149011612,0.10000000149011612,0.10000000149011612,0.10000000149011612,0.10000000149011612,0.10000000149011612,0.10000000149011612,0.10000000149011612
16,CZE,Czechia,2020,-3.448472261428833,0.3015936017036438,5.5,1,0.365255743265152,0.28039175271987915,0.4478796720504761,0.3674957752227783,0.10000000149011612,0.10000000149011612,0.10000000149011612,0.10000000149011612,0.10000000149011612,0.10000000149011612,0.10000000149011612,0.10000000149011612,0.10000000149011612,0.10000000149011612
16,CZE,Czechia,2021,-3.2644777297973633,0.35050731897354126,5.5,1,0.365255743265152,0.28039175271987915,0.4478796720504761,0.3674957752227783,0.10000000149011612,0.10000000149011612,0.10000000149011612,0.10000000149011612,0.10000000149011612,0.10000000149011612,0.10000000149011612,0.10000000149011612,0.10000000149011612,0.10000000149011612
16,CZE,Czechia,2022,-3.0018773078918457,0.372650146484375,5.5,1,0.365255743265152,0.28039175271987915,0.4478796720504761,0.3674957752227783,0.10000000149011612,0.10000000149011612,0.10000000149011612,0.10000000149011612,0.10000000149011612,0.10000000149011612,0.10000000149011612,0.10000000149011612,0.10000000149011612,0.10000000149011612
16,CZE,Czechia,2023,-3.7278714179992676,0.3907267451286316,5.5,1,0.365255743265152,0.28039175271987915,0.4478796720504761,0.3674957752227783,0.10000000149011612,0.10000000149011612,0.10000000149011612,0.10000000149011612,0.10000000149011612,0.10000000149011612,0.10000000149011612,0.10000000149011612,0.10000000149011612,0.10000000149011612
17,DEU,Germany,2018,-4.408335208892822,0.20800526440143585,5.5,1,1.162001371383667,1.2181392908096313,0.9860901236534119,1.2817747592926025,0.10000000149011612,0.10000000149011612,0.10000000149011612,0.10000000149011612,0.10000000149011612,0.10000000149011612,0.10000000149011612,0.10000000149011612,0.10000000149011612,0.10000000149011612
17,DEU,Germany,2019,-7.129828929901123,0.25900933146476746,5.5,1,1.162001371383667,1.2181392908096313,0.9860901236534119,1.2817747592926025,0.10000000149011612,0.10000000149011612,0.10000000149011612,0.10000000149011612,0.10000000149011612,0.10000000149011612,0.10000000149011612,0.10000000149011612,0.10000000149011612,0.10000000149011612
17,DEU,Germany,2020,-8.748512268066406,0.28601521253585815,5.5,1,1.162001371383667,1.2181392908096313,0.9860901236534119,1.2817747592926025,0.10000000149011612,0.10000000149011612,0.10000000149011612,0.10000000149011612,0.10000000149011612,0.10000000149011612,0.10000000149011612,0.10000000149011612,0.10000000149011612,0.10000000149011612
17,DEU,Germany,2021,-7.036392688751221,0.3305896520614624,5.5,1,1.162001371383667,1.2181392908096313,0.9860901236534119,1.2817747592926025,0.10000000149011612,0.10000000149011612,0.10000000149011612,0.10000000149011612,0.10000000149011612,0.10000000149011612,0.10000000149011612,0.10000000149011612,0.10000000149011612,0.10000000149011612
17,DEU,Germany,2022,-5.935337066650391,0.3556782007217407,5.5,1,1.162001371383667,1.2181392908096313,0.9860901236534119,1.2817747592926025,0.10000000149011612,0.10000000149011612,0.10000000149011612,0.10000000149011612,0.10000000149011612,0.10000000149011612,0.10000000149011612,0.10000000149011612,0.10000000149011612,0.10000000149011612
17,DEU,Germany,2023,-8.335287094116211,0.36750316619873047,5.5,1,1.162001371383667,1.2181392908096313,0.9860901236534119,1.2817747592926025,0.10000000149011612,0.10000000149011612,0.10000000149011612,0.10000000149011612,0.10000000149011612,0.10000000149011612,0.10000000149011612,0.10000000149011612,0.10000000149011612,0.10000000149011612
18,DNK,Denmark,2018,-4.1028218269348145,0.11227819323539734,5.5,1,1.5067936182022095,1.5459808111190796,1.4523217678070068,1.522078514099121,0.10000000149011612,0.10000000149011612,0.10000000149011612,0.10000000149011612,0.10000000149011612,0.10000000149011612,0.10000000149011612,0.10000000149011612,0.10000000149011612,0.10000000149011612
18,DNK,Denmark,2019,-5.251770973205566,0.17394573986530304,5.5,1,1.5067936182022095,1.5459808111190796,1.4523217678070068,1.522078514099121,0.10000000149011612,0.10000000149011612,0.10000000149011612,0.10000000149011612,0.10000000149011612,0.10000000149011612,0.10000000149011612,0.10000000149011612,0.10000000149011612,0.10000000149011612
18,DNK,Denmark,2020,-5.442167282104492,0.260622501373291,5.5,1,1.5067936182022095,1.5459808111190796,1.4523217678070068,1.522078514099121,0.10000000149011612,0.10000000149011612,0.10000000149011612,0.10000000149011612,0.10000000149011612,0.10000000149011612,0.10000000149011612,0.10000000149011612,0.10000000149011612,0.10000000149011612
18,DNK,Denmark,2021,-5.020071029663086,0.3222253918647766,5.5,1,1.5067936182022095,1.5459808111190796,1.4523217678070068,1.522078514099121,0.10000000149011612,0.10000000149011612,0.10000000149011612,0.10000000149011612,0.10000000149011612,0.10000000149011612,0.10000000149011612,0.10000000149011612,0.10000000149011612,0.10000000149011612
18,DNK,Denmark,2022,-5.26057767868042,0.35403183102607727,5.5,1,1.5067936182022095,1.5459808111190796,1.4523217678070068,1.522078514099121,0.10000000149011612,0.10000000149011612,0.10000000149011612,0.10000000149011612,0.10000000149011612,0.10000000149011612,0.10000000149011612,0.10000000149011612,0.10000000149011612,0.10000000149011612
18,DNK,Denmark,2023,-5.907427787780762,0.36853402853012085,5.5,1,1.5067936182022095,1.5459808111190796,1.4523217678070068,1.522078514099121,0.10000000149011612,0.10000000149011612,0.10000000149011612,0.10000000149011612,0.10000000149011612,0.10000000149011612,0.10000000149011612,0.10000000149011612,0.10000000149011612,0.10000000149011612
19,DZA,Algeria,2018,-1.3783005475997925,-0.534069299697876,6.503437519073486,5,-1.204992651939392,-1.152233362197876,-1.2305991649627686,-1.2321451902389526,0.0,0.0,0.013406308367848396,0.08166100829839706,0.2473791241645813,0.19213862717151642,0.1495007425546646,0.18216300010681152,0.09447439759969711,0.0392768420279026
19,DZA,Algeria,2019,-1.3506704568862915,-0.4773479700088501,6.503437519073486,5,-1.204992651939392,-1.152233362197876,-1.2305991649627686,-1.2321451902389526,0.0,0.0,0.013406308367848396,0.08166100829839706,0.2473791241645813,0.19213862717151642,0.1495007425546646,0.18216300010681152,0.09447439759969711,0.0392768420279026
19,DZA,Algeria,2020,-1.4138250350952148,-0.5627273917198181,6.503437519073486,5,-1.204992651939392,-1.152233362197876,-1.2305991649627686,-1.2321451902389526,0.0,0.0,0.013406308367848396,0.08166100829839706,0.2473791241645813,0.19213862717151642,0.1495007425546646,0.18216300010681152,0.09447439759969711,0.0392768420279026
19,DZA,Algeria,2021,-1.0506858825683594,-0.34666895866394043,6.503437519073486,5,-1.204992651939392,-1.152233362197876,-1.2305991649627686,-1.2321451902389526,0.0,0.0,0.013406308367848396,0.08166100829839706,0.2473791241645813,0.19213862717151642,0.1495007425546646,0.18216300010681152,0.09447439759969711,0.0392768420279026
19,DZA,Algeria,2022,-1.0033199787139893,-0.4295042157173157,6.503437519073486,5,-1.204992651939392,-1.152233362197876,-1.2305991649627686,-1.2321451902389526,0.0,0.0,0.013406308367848396,0.08166100829839706,0.2473791241645813,0.19213862717151642,0.1495007425546646,0.18216300010681152,0.09447439759969711,0.0392768420279026
19,DZA,Algeria,2023,-1.0033199787139893,-0.5842366814613342,6.503437519073486,5,-1.204992651939392,-1.152233362197876,-1.2305991649627686,-1.2321451902389526,0.0,0.0,0.013406308367848396,0.08166100829839706,0.2473791241645813,0.19213862717151642,0.1495007425546646,0.18216300010681152,0.09447439759969711,0.0392768420279026
20,ECU,Ecuador,2018,-1.1428673267364502,-0.42066916823387146,8.512319564819336,9,-1.2054944038391113,-1.1715943813323975,-1.2544611692428589,-1.1904276609420776,0.0,0.0,0.0,0.0,0.05872153118252754,0.0,0.0,0.3616833984851837,0.47070640325546265,0.10888867825269699
20,ECU,Ecuador,2019,-1.7627936601638794,-0.42725685238838196,8.512319564819336,9,-1.2054944038391113,-1.1715943813323975,-1.2544611692428589,-1.1904276609420776,0.0,0.0,0.0,0.0,0.05872153118252754,0.0,0.0,0.3616833984851837,0.47070640325546265,0.10888867825269699
20,ECU,Ecuador,2020,-1.9658561944961548,-0.5903726816177368,8.512319564819336,9,-1.2054944038391113,-1.1715943813323975,-1.2544611692428589,-1.1904276609420776,0.0,0.0,0.0,0.0,0.05872153118252754,0.0,0.0,0.3616833984851837,0.47070640325546265,0.10888867825269699
20,ECU,Ecuador,2021,-2.1342613697052,-0.27493423223495483,8.512319564819336,9,-1.2054944038391113,-1.1715943813323975,-1.2544611692428589,-1.1904276609420776,0.0,0.0,0.0,0.0,0.05872153118252754,0.0,0.0,0.3616833984851837,0.47070640325546265,0.10888867825269699
20,ECU,Ecuador,2022,-1.612612009048462,-0.12676368653774261,8.512319564819336,9,-1.2054944038391113,-1.1715943813323975,-1.2544611692428589,-1.1904276609420776,0.0,0.0,0.0,0.0,0.05872153118252754,0.0,0.0,0.3616833984851837,0.47070640325546265,0.10888867825269699
20,ECU,Ecuador,2023,-1.6925028562545776,-0.3702249526977539,8.512319564819336,9,-1.2054944038391113,-1.1715943813323975,-1.2544611692428589,-1.1904276609420776,0.0,0.0,0.0,0.0,0.05872153118252754,0.0,0.0,0.3616833984851837,0.47070640325546265,0.10888867825269699
21,EGY,Egypt,2018,1.8549280166625977,-0.7670790553092957,5.5,1,-0.7224758267402649,-0.816137969493866,-0.7838069200515747,-0.5674826502799988,0.10000000149011612,0.10000000149011612,0.10000000149011612,0.10000000149011612,0.10000000149011612,0.10000000149011612,0.10000000149011612,0.10000000149011612,0.10000000149011612,0.10000000149011612
21,EGY,Egypt,2019,1.397194504737854,-0.7921510338783264,5.5,1,-0.7224758267402649,-0.816137969493866,-0.7838069200515747,-0.5674826502799988,0.10000000149011612,0.10000000149011612,0.10000000149011612,0.10000000149011612,0.10000000149011612,0.10000000149011612,0.10000000149011612,0.10000000149011612,0.10000000149011612,0.10000000149011612
21,EGY,Egypt,2020,0.7784237861633301,-0.8017057776451111,5.5,1,-0.7224758267402649,-0.816137969493866,-0.7838069200515747,-0.5674826502799988,0.10000000149011612,0.10000000149011612,0.10000000149011612,0.10000000149011612,0.10000000149011612,0.10000000149011612,0.10000000149011612,0.10000000149011612,0.10000000149011612,0.10000000149011612
21,EGY,Egypt,2021,0.7313584089279175,-0.8071135878562927,5.5,1,-0.7224758267402649,-0.816137969493866,-0.7838069200515747,-0.5674826502799988,0.10000000149011612,0.10000000149011612,0.10000000149011612,0.10000000149011612,0.10000000149011612,0.10000000149011612,0.10000000149011612,0.10000000149011612,0.10000000149011612,0.10000000149011612
21,EGY,Egypt,2022,0.8227205872535706,-0.806465744972229,5.5,1,-0.7224758267402649,-0.816137969493866,-0.7838069200515747,-0.5674826502799988,0.10000000149011612,0.10000000149011612,0.10000000149011612,0.10000000149011612,0.10000000149011612,0.10000000149011612,0.10000000149011612,0.10000000149011612,0.10000000149011612,0.10000000149011612
21,EGY,Egypt,2023,0.880398690700531,-0.7985541224479675,5.5,1,-0.7224758267402649,-0.816137969493866,-0.7838069200515747,-0.5674826502799988,0.10000000149011612,0.10000000149011612,0.10000000149011612,0.10000000149011612,0.10000000149011612,0.10000000149011612,0.10000000149011612,0.10000000149011612,0.10000000149011612,0.10000000149011612
22,ESP,Spain,2018,-2.3918983936309814,0.04645578935742378,5.5,1,0.789492130279541,0.8293587565422058,0.796362042427063,0.7427557706832886,0.10000000149011612,0.10000000149011612,0.10000000149011612,0.10000000149011612,0.10000000149011612,0.10000000149011612,0.10000000149011612,0.10000000149011612,0.10000000149011612,0.10000000149011612
22,ESP,Spain,2019,-3.220625877380371,0.24062205851078033,5.5,1,0.789492130279541,0.8293587565422058,0.796362042427063,0.7427557706832886,0.10000000149011612,0.10000000149011612,0.10000000149011612,0.10000000149011612,0.10000000149011612,0.10000000149011612,0.10000000149011612,0.10000000149011612,0.10000000149011612,0.10000000149011612
22,ESP,Spain,2020,-4.112740993499756,0.31496313214302063,5.5,1,0.789492130279541,0.8293587565422058,0.796362042427063,0.7427557706832886,0.10000000149011612,0.10000000149011612,0.10000000149011612,0.10000000149011612,0.10000000149011612,0.10000000149011612,0.10000000149011612,0.10000000149011612,0.10000000149011612,0.10000000149011612
22,ESP,Spain,2021,-4.21701192855835,0.32813718914985657,5.5,1,0.789492130279541,0.8293587565422058,0.796362042427063,0.7427557706832886,0.10000000149011612,0.10000000149011612,0.10000000149011612,0.10000000149011612,0.10000000149011612,0.10000000149011612,0.10000000149011612,0.10000000149011612,0.10000000149011612,0.10000000149011612
22,ESP,Spain,2022,-3.774611234664917,0.3324103355407715,5.5,1,0.789492130279541,0.8293587565422058,0.796362042427063,0.7427557706832886,0.10000000149011612,0.10000000149011612,0.10000000149011612,0.10000000149011612,0.10000000149011612,0.10000000149011612,0.10000000149011612,0.10000000149011612,0.10000000149011612,0.10000000149011612
22,ESP,Spain,2023,-4.671977519989014,0.3596493601799011,5.5,1,0.789492130279541,0.8293587565422058,0.796362042427063,0.7427557706832886,0.10000000149011612,0.10000000149011612,0.10000000149011612,0.10000000149011612,0.10000000149011612,0.10000000149011612,0.10000000149011612,0.10000000149011612,0.10000000149011612,0.10000000149011612
23,EST,Estonia,2018,-4.833373069763184,-0.004227530211210251,5.5,1,0.5303884744644165,0.3051801919937134,0.8016892075538635,0.48429596424102783,0.10000000149011612,0.10000000149011612,0.10000000149011612,0.10000000149011612,0.10000000149011612,0.10000000149011612,0.10000000149011612,0.10000000149011612,0.10000000149011612,0.10000000149011612
23,EST,Estonia,2019,-9.96490478515625,0.2461518496274948,5.5,1,0.5303884744644165,0.3051801919937134,0.8016892075538635,0.48429596424102783,0.10000000149011612,0.10000000149011612,0.10000000149011612,0.10000000149011612,0.10000000149011612,0.10000000149011612,0.10000000149011612,0.10000000149011612,0.10000000149011612,0.10000000149011612
23,EST,Estonia,2020,-18.38939094543457,0.31375420093536377,5.5,1,0.5303884744644165,0.3051801919937134,0.8016892075538635,0.48429596424102783,0.10000000149011612,0.10000000149011612,0.10000000149011612,0.10000000149011612,0.10000000149011612,0.10000000149011612,0.10000000149011612,0.10000000149011612,0.10000000149011612,0.10000000149011612
23,EST,Estonia,2021,-14.705828666687012,0.3385455310344696,5.5,1,0.5303884744644165,0.3051801919937134,0.8016892075538635,0.48429596424102783,0.10000000149011612,0.10000000149011612,0.10000000149011612,0.10000000149011612,0.10000000149011612,0.10000000149011612,0.10000000149011612,0.10000000149011612,0.10000000149011612,0.10000000149011612
23,EST,Estonia,2022,-11.738649368286133,0.3657160997390747,5.5,1,0.5303884744644165,0.3051801919937134,0.8016892075538635,0.48429596424102783,0.10000000149011612,0.10000000149011612,0.10000000149011612,0.10000000149011612,0.10000000149011612,0.10000000149011612,0.10000000149011612,0.10000000149011612,0.10000000149011612,0.10000000149011612
23,EST,Estonia,2023,-19.71649742126465,0.3665519952774048,5.5,1,0.5303884744644165,0.3051801919937134,0.8016892075538635,0.48429596424102783,0.10000000149011612,0.10000000149011612,0.10000000149011612,0.10000000149011612,0.10000000149011612,0.10000000149011612,0.10000000149011612,0.10000000149011612,0.10000000149011612,0.10000000149011612
24,FIN,Finland,2018,-2.4947378635406494,0.23105593025684357,5.5,1,1.5118976831436157,1.5876092910766602,1.3751853704452515,1.572898507118225,0.10000000149011612,0.10000000149011612,0.10000000149011612,0.10000000149011612,0.10000000149011612,0.10000000149011612,0.10000000149011612,0.10000000149011612,0.10000000149011612,0.10000000149011612
24,FIN,Finland,2019,-3.0343379974365234,0.04490743950009346,5.5,1,1.5118976831436157,1.5876092910766602,1.3751853704452515,1.572898507118225,0.10000000149011612,0.10000000149011612,0.10000000149011612,0.10000000149011612,0.10000000149011612,0.10000000149011612,0.10000000149011612,0.10000000149011612,0.10000000149011612,0.10000000149011612
24,FIN,Finland,2020,-4.05517578125,0.13689421117305756,5.5,1,1.5118976831436157,1.5876092910766602,1.3751853704452515,1.572898507118225,0.10000000149011612,0.10000000149011612,0.10000000149011612,0.10000000149011612,0.10000000149011612,0.10000000149011612,0.10000000149011612,0.10000000149011612,0.10000000149011612,0.10000000149011612
24,FIN,Finland,2021,-3.9226253032684326,0.2557471692562103,5.5,1,1.5118976831436157,1.5876092910766602,1.3751853704452515,1.572898507118225,0.10000000149011612,0.10000000149011612,0.10000000149011612,0.10000000149011612,0.10000000149011612,0.10000000149011612,0.10000000149011612,0.10000000149011612,0.10000000149011612,0.10000000149011612
24,FIN,Finland,2022,-4.062594890594482,0.3417227268218994,5.5,1,1.5118976831436157,1.5876092910766602,1.3751853704452515,1.572898507118225,0.10000000149011612,0.10000000149011612,0.10000000149011612,0.10000000149011612,0.10000000149011612,0.10000000149011612,0.10000000149011612,0.10000000149011612,0.10000000149011612,0.10000000149011612
24,FIN,Finland,2023,-5.2590131759643555,0.3411470651626587,5.5,1,1.5118976831436157,1.5876092910766602,1.3751853704452515,1.572898507118225,0.10000000149011612,0.10000000149011612,0.10000000149011612,0.10000000149011612,0.10000000149011612,0.10000000149011612,0.10000000149011612,0.10000000149011612,0.10000000149011612,0.10000000149011612
25,FRA,France,2018,-2.937512159347534,0.14290322363376617,5.5,1,0.8883405327796936,1.0859564542770386,0.6707704067230225,0.9082947969436646,0.10000000149011612,0.10000000149011612,0.10000000149011612,0.10000000149011612,0.10000000149011612,0.10000000149011612,0.10000000149011612,0.10000000149011612,0.10000000149011612,0.10000000149011612
25,FRA,France,2019,-2.957599639892578,0.20845302939414978,5.5,1,0.8883405327796936,1.0859564542770386,0.6707704067230225,0.9082947969436646,0.10000000149011612,0.10000000149011612,0.10000000149011612,0.10000000149011612,0.10000000149011612,0.10000000149011612,0.10000000149011612,0.10000000149011612,0.10000000149011612,0.10000000149011612
25,FRA,France,2020,-3.0673086643218994,0.3038766384124756,5.5,1,0.8883405327796936,1.0859564542770386,0.6707704067230225,0.9082947969436646,0.10000000149011612,0.10000000149011612,0.10000000149011612,0.10000000149011612,0.10000000149011612,0.10000000149011612,0.10000000149011612,0.10000000149011612,0.10000000149011612,0.10000000149011612
25,FRA,France,2021,-2.956054449081421,0.250743567943573,5.5,1,0.8883405327796936,1.0859564542770386,0.6707704067230225,0.9082947969436646,0.10000000149011612,0.10000000149011612,0.10000000149011612,0.10000000149011612,0.10000000149011612,0.10000000149011612,0.10000000149011612,0.10000000149011612,0.10000000149011612,0.10000000149011612
25,FRA,France,2022,-0.05572359263896942,0.36490628123283386,5.5,1,0.8883405327796936,1.0859564542770386,0.6707704067230225,0.9082947969436646,0.10000000149011612,0.10000000149011612,0.10000000149011612,0.10000000149011612,0.10000000149011612,0.10000000149011612,0.10000000149011612,0.10000000149011612,0.10000000149011612,0.10000000149011612
25,FRA,France,2023,-3.9094398021698,0.3912922739982605,5.5,1,0.8883405327796936,1.0859564542770386,0.6707704067230225,0.9082947969436646,0.10000000149011612,0.10000000149011612,0.10000000149011612,0.10000000149011612,0.10000000149011612,0.10000000149011612,0.10000000149011612,0.10000000149011612,0.10000000149011612,0.10000000149011612
26,GBR,United Kingdom,2018,-11.656635284423828,0.2062126249074936,5.5,1,1.2583589553833008,1.1897099018096924,1.3614327907562256,1.2239340543746948,0.10000000149011612,0.10000000149011612,0.10000000149011612,0.10000000149011612,0.10000000149011612,0.10000000149011612,0.10000000149011612,0.10000000149011612,0.10000000149011612,0.10000000149011612
26,GBR,United Kingdom,2019,-12.48721694946289,0.25953471660614014,5.5,1,1.2583589553833008,1.1897099018096924,1.3614327907562256,1.2239340543746948,0.10000000149011612,0.10000000149011612,0.10000000149011612,0.10000000149011612,0.10000000149011612,0.10000000149011612,0.10000000149011612,0.10000000149011612,0.10000000149011612,0.10000000149011612
26,GBR,United Kingdom,2020,-13.733572006225586,0.2956956624984741,5.5,1,1.2583589553833008,1.1897099018096924,1.3614327907562256,1.2239340543746948,0.10000000149011612,0.10000000149011612,0.10000000149011612,0.10000000149011612,0.10000000149011612,0.10000000149011612,0.10000000149011612,0.10000000149011612,0.10000000149011612,0.10000000149011612
26,GBR,United Kingdom,2021,-12.55033016204834,0.3681025505065918,5.5,1,1.2583589553833008,1.1897099018096924,1.3614327907562256,1.2239340543746948,0.10000000149011612,0.10000000149011612,0.10000000149011612,0.10000000149011612,0.10000000149011612,0.10000000149011612,0.10000000149011612,0.10000000149011612,0.10000000149011612,0.10000000149011612
26,GBR,United Kingdom,2022,-13.13424301147461,0.39329224824905396,5.5,1,1.2583589553833008,1.1897099018096924,1.3614327907562256,1.2239340543746948,0.10000000149011612,0.10000000149011612,0.10000000149011612,0.10000000149011612,0.10000000149011612,0.10000000149011612,0.10000000149011612,0.10000000149011612,0.10000000149011612,0.10000000149011612
26,GBR,United Kingdom,2023,-14.066479682922363,0.4167135953903198,5.5,1,1.2583589553833008,1.1897099018096924,1.3614327907562256,1.2239340543746948,0.10000000149011612,0.10000000149011612,0.10000000149011612,0.10000000149011612,0.10000000149011612,0.10000000149011612,0.10000000149011612,0.10000000149011612,0.10000000149011612,0.10000000149011612
27,GRC,Greece,2018,-5.507160186767578,-0.17511221766471863,5.5,1,0.21050052344799042,0.004785913974046707,0.24354657530784607,0.3831690847873688,0.10000000149011612,0.10000000149011612,0.10000000149011612,0.10000000149011612,0.10000000149011612,0.10000000149011612,0.10000000149011612,0.10000000149011612,0.10000000149011612,0.10000000149011612
27,GRC,Greece,2019,-6.582149982452393,0.1871882677078247,5.5,1,0.21050052344799042,0.004785913974046707,0.24354657530784607,0.3831690847873688,0.10000000149011612,0.10000000149011612,0.10000000149011612,0.10000000149011612,0.10000000149011612,0.10000000149011612,0.10000000149011612,0.10000000149011612,0.10000000149011612,0.10000000149011612
27,GRC,Greece,2020,-8.231910705566406,0.31137436628341675,5.5,1,0.21050052344799042,0.004785913974046707,0.24354657530784607,0.3831690847873688,0.10000000149011612,0.10000000149011612,0.10000000149011612,0.10000000149011612,0.10000000149011612,0.10000000149011612,0.10000000149011612,0.10000000149011612,0.10000000149011612,0.10000000149011612
27,GRC,Greece,2021,-9.12386703491211,0.30952295660972595,5.5,1,0.21050052344799042,0.004785913974046707,0.24354657530784607,0.3831690847873688,0.10000000149011612,0.10000000149011612,0.10000000149011612,0.10000000149011612,0.10000000149011612,0.10000000149011612,0.10000000149011612,0.10000000149011612,0.10000000149011612,0.10000000149011612
27,GRC,Greece,2022,-9.264490127563477,0.36578768491744995,5.5,1,0.21050052344799042,0.004785913974046707,0.24354657530784607,0.3831690847873688,0.10000000149011612,0.10000000149011612,0.10000000149011612,0.10000000149011612,0.10000000149011612,0.10000000149011612,0.10000000149011612,0.10000000149011612,0.10000000149011612,0.10000000149011612
27,GRC,Greece,2023,-10.155776977539062,0.3967198133468628,5.5,1,0.21050052344799042,0.004785913974046707,0.24354657530784607,0.3831690847873688,0.10000000149011612,0.10000000149011612,0.10000000149011612,0.10000000149011612,0.10000000149011612,0.10000000149011612,0.10000000149011612,0.10000000149011612,0.10000000149011612,0.10000000149011612
28,HKG,Hong Kong,2018,-1.1459519863128662,-0.1946769803762436,5.5,1,1.1223636865615845,1.0890463590621948,1.3811711072921753,0.8968734741210938,0.10000000149011612,0.10000000149011612,0.10000000149011612,0.10000000149011612,0.10000000149011612,0.10000000149011612,0.10000000149011612,0.10000000149011612,0.10000000149011612,0.10000000149011612
28,HKG,Hong Kong,2019,-1.7272493839263916,-0.18700483441352844,5.5,1,1.1223636865615845,1.0890463590621948,1.3811711072921753,0.8968734741210938,0.10000000149011612,0.10000000149011612,0.10000000149011612,0.10000000149011612,0.10000000149011612,0.10000000149011612,0.10000000149011612,0.10000000149011612,0.10000000149011612,0.10000000149011612
28,HKG,Hong Kong,2020,-5.682636260986328,0.1990634948015213,5.5,1,1.1223636865615845,1.0890463590621948,1.3811711072921753,0.8968734741210938,0.10000000149011612,0.10000000149011612,0.10000000149011612,0.10000000149011612,0.10000000149011612,0.10000000149011612,0.10000000149011612,0.10000000149011612,0.10000000149011612,0.10000000149011612
28,HKG,Hong Kong,2021,-5.362922668457031,0.31892839074134827,5.5,1,1.1223636865615845,1.0890463590621948,1.3811711072921753,0.8968734741210938,0.10000000149011612,0.10000000149011612,0.10000000149011612,0.10000000149011612,0.10000000149011612,0.10000000149011612,0.10000000149011612,0.10000000149011612,0.10000000149011612,0.10000000149011612
28,HKG,Hong Kong,2022,-5.762137413024902,0.3020983636379242,5.5,1,1.1223636865615845,1.0890463590621948,1.3811711072921753,0.8968734741210938,0.10000000149011612,0.10000000149011612,0.10000000149011612,0.10000000149011612,0.10000000149011612,0.10000000149011612,0.10000000149011612,0.10000000149011612,0.10000000149011612,0.10000000149011612
28,HKG,Hong Kong,2023,-5.774105072021484,0.3689909279346466,5.5,1,1.1223636865615845,1.0890463590621948,1.3811711072921753,0.8968734741210938,0.10000000149011612,0.10000000149011612,0.10000000149011612,0.10000000149011612,0.10000000149011612,0.10000000149011612,0.10000000149011612,0.10000000149011612,0.10000000149011612,0.10000000149011612
29,HRV,Croatia,2018,-2.1691575050354004,-0.5928757190704346,5.5,1,-0.3481642007827759,-0.2588765323162079,-0.3555670380592346,-0.4300490617752075,0.10000000149011612,0.10000000149011612,0.10000000149011612,0.10000000149011612,0.10000000149011612,0.10000000149011612,0.10000000149011612,0.10000000149011612,0.10000000149011612,0.10000000149011612
29,HRV,Croatia,2019,-1.4451857805252075,-0.23217512667179108,5.5,1,-0.3481642007827759,-0.2588765323162079,-0.3555670380592346,-0.4300490617752075,0.10000000149011612,0.10000000149011612,0.10000000149011612,0.10000000149011612,0.10000000149011612,0.10000000149011612,0.10000000149011612,0.10000000149011612,0.10000000149011612,0.10000000149011612
29,HRV,Croatia,2020,-1.7230193614959717,0.08477242290973663,5.5,1,-0.3481642007827759,-0.2588765323162079,-0.3555670380592346,-0.4300490617752075,0.10000000149011612,0.10000000149011612,0.10000000149011612,0.10000000149011612,0.10000000149011612,0.10000000149011612,0.10000000149011612,0.10000000149011612,0.10000000149011612,0.10000000149011612
29,HRV,Croatia,2021,-2.0073060989379883,-0.12773339450359344,5.5,1,-0.3481642007827759,-0.2588765323162079,-0.3555670380592346,-0.4300490617752075,0.10000000149011612,0.10000000149011612,0.10000000149011612,0.10000000149011612,0.10000000149011612,0.10000000149011612,0.10000000149011612,0.10000000149011612,0.10000000149011612,0.10000000149011612
29,HRV,Croatia,2022,-1.4104783535003662,-0.11557258665561676,5.5,1,-0.3481642007827759,-0.2588765323162079,-0.3555670380592346,-0.4300490617752075,0.10000000149011612,0.10000000149011612,0.10000000149011612,0.10000000149011612,0.10000000149011612,0.10000000149011612,0.10000000149011612,0.10000000149011612,0.10000000149011612,0.10000000149011612
29,HRV,Croatia,2023,-2.236304998397827,0.2212131768465042,5.5,1,-0.3481642007827759,-0.2588765323162079,-0.3555670380592346,-0.4300490617752075,0.10000000149011612,0.10000000149011612,0.10000000149011612,0.10000000149011612,0.10000000149011612,0.10000000149011612,0.10000000149011612,0.10000000149011612,0.10000000149011612,0.10000000149011612
30,HUN,Hungary,2018,-2.826733112335205,0.20095372200012207,5.5,1,0.43036317825317383,0.30845627188682556,0.5491956472396851,0.4334375858306885,0.10000000149011612,0.10000000149011612,0.10000000149011612,0.10000000149011612,0.10000000149011612,0.10000000149011612,0.10000000149011612,0.10000000149011612,0.10000000149011612,0.10000000149011612
30,HUN,Hungary,2019,-3.2313930988311768,0.2551211714744568,5.5,1,0.43036317825317383,0.30845627188682556,0.5491956472396851,0.4334375858306885,0.10000000149011612,0.10000000149011612,0.10000000149011612,0.10000000149011612,0.10000000149011612,0.10000000149011612,0.10000000149011612,0.10000000149011612,0.10000000149011612,0.10000000149011612
30,HUN,Hungary,2020,-3.419083595275879,0.27242952585220337,5.5,1,0.43036317825317383,0.30845627188682556,0.5491956472396851,0.4334375858306885,0.10000000149011612,0.10000000149011612,0.10000000149011612,0.10000000149011612,0.10000000149011612,0.10000000149011612,0.10000000149011612,0.10000000149011612,0.10000000149011612,0.10000000149011612
30,HUN,Hungary,2021,-3.8331387042999268,0.2779119610786438,5.5,1,0.43036317825317383,0.30845627188682556,0.5491956472396851,0.4334375858306885,0.10000000149011612,0.10000000149011612,0.10000000149011612,0.10000000149011612,0.10000000149011612,0.10000000149011612,0.10000000149011612,0.10000000149011612,0.10000000149011612,0.10000000149011612
30,HUN,Hungary,2022,-4.042897701263428,0.29091018438339233,5.5,1,0.43036317825317383,0.30845627188682556,0.5491956472396851,0.4334375858306885,0.10000000149011612,0.10000000149011612,0.10000000149011612,0.10000000149011612,0.10000000149011612,0.10000000149011612,0.10000000149011612,0.10000000149011612,0.10000000149011612,0.10000000149011612
30,HUN,Hungary,2023,-4.756733417510986,0.30823075771331787,5.5,1,0.43036317825317383,0.30845627188682556,0.5491956472396851,0.4334375858306885,0.10000000149011612,0.10000000149011612,0.10000000149011612,0.10000000149011612,0.10000000149011612,0.10000000149011612,0.10000000149011612,0.10000000149011612,0.10000000149011612,0.10000000149011612
31,IDN,Indonesia,2018,2.64410662651062,-0.2087201327085495,6.110260963439941,5,-0.9561768174171448,-0.9402090311050415,-0.8002218008041382,-1.1280996799468994,0.034114256501197815,0.06108318269252777,0.0761786550283432,0.10368333756923676,0.14807051420211792,0.12584751844406128,0.10770900547504425,0.12616810202598572,0.11948812752962112,0.09765726327896118
31,IDN,Indonesia,2019,3.317753314971924,-0.10787619650363922,6.110260963439941,5,-0.9561768174171448,-0.9402090311050415,-0.8002218008041382,-1.1280996799468994,0.034114256501197815,0.06108318269252777,0.0761786550283432,0.10368333756923676,0.14807051420211792,0.12584751844406128,0.10770900547504425,0.12616810202598572,0.11948812752962112,0.09765726327896118
31,IDN,Indonesia,2020,2.719416856765747,0.1303233653306961,6.110260963439941,5,-0.9561768174171448,-0.9402090311050415,-0.8002218008041382,-1.1280996799468994,0.034114256501197815,0.06108318269252777,0.0761786550283432,0.10368333756923676,0.14807051420211792,0.12584751844406128,0.10770900547504425,0.12616810202598572,0.11948812752962112,0.09765726327896118
31,IDN,Indonesia,2021,2.6682887077331543,-0.053368162363767624,6.110260963439941,5,-0.9561768174171448,-0.9402090311050415,-0.8002218008041382,-1.1280996799468994,0.034114256501197815,0.06108318269252777,0.0761786550283432,0.10368333756923676,0.14807051420211792,0.12584751844406128,0.10770900547504425,0.12616810202598572,0.11948812752962112,0.09765726327896118
31,IDN,Indonesia,2022,2.0740978717803955,-0.05473504588007927,6.110260963439941,5,-0.9561768174171448,-0.9402090311050415,-0.8002218008041382,-1.1280996799468994,0.034114256501197815,0.06108318269252777,0.0761786550283432,0.10368333756923676,0.14807051420211792,0.12584751844406128,0.10770900547504425,0.12616810202598572,0.11948812752962112,0.09765726327896118
31,IDN,Indonesia,2023,2.4188666343688965,0.2598118484020233,6.110260963439941,5,-0.9561768174171448,-0.9402090311050415,-0.8002218008041382,-1.1280996799468994,0.034114256501197815,0.06108318269252777,0.0761786550283432,0.10368333756923676,0.14807051420211792,0.12584751844406128,0.10770900547504425,0.12616810202598572,0.11948812752962112,0.09765726327896118
32,IND,India,2018,0.023883648216724396,-0.3300913870334625,5.5,1,-0.5800058245658875,-0.6757107377052307,-0.8220545053482056,-0.24225223064422607,0.10000000149011612,0.10000000149011612,0.10000000149011612,0.10000000149011612,0.10000000149011612,0.10000000149011612,0.10000000149011612,0.10000000149011612,0.10000000149011612,0.10000000149011612
32,IND,India,2019,-1.7109887599945068,-0.4818298816680908,5.5,1,-0.5800058245658875,-0.6757107377052307,-0.8220545053482056,-0.24225223064422607,0.10000000149011612,0.10000000149011612,0.10000000149011612,0.10000000149011612,0.10000000149011612,0.10000000149011612,0.10000000149011612,0.10000000149011612,0.10000000149011612,0.10000000149011612
32,IND,India,2020,-2.832286834716797,-0.3514227867126465,5.5,1,-0.5800058245658875,-0.6757107377052307,-0.8220545053482056,-0.24225223064422607,0.10000000149011612,0.10000000149011612,0.10000000149011612,0.10000000149011612,0.10000000149011612,0.10000000149011612,0.10000000149011612,0.10000000149011612,0.10000000149011612,0.10000000149011612
32,IND,India,2021,-2.1478464603424072,-0.17661546170711517,5.5,1,-0.5800058245658875,-0.6757107377052307,-0.8220545053482056,-0.24225223064422607,0.10000000149011612,0.10000000149011612,0.10000000149011612,0.10000000149011612,0.10000000149011612,0.10000000149011612,0.10000000149011612,0.10000000149011612,0.10000000149011612,0.10000000149011612
32,IND,India,2022,-2.8932855129241943,-0.35361990332603455,5.5,1,-0.5800058245658875,-0.6757107377052307,-0.8220545053482056,-0.24225223064422607,0.10000000149011612,0.10000000149011612,0.10000000149011612,0.10000000149011612,0.10000000149011612,0.10000000149011612,0.10000000149011612,0.10000000149011612,0.10000000149011612,0.10000000149011612
32,IND,India,2023,-2.182831048965454,-0.13244850933551788,5.5,1,-0.5800058245658875,-0.6757107377052307,-0.8220545053482056,-0.24225223064422607,0.10000000149011612,0.10000000149011612,0.10000000149011612,0.10000000149011612,0.10000000149011612,0.10000000149011612,0.10000000149011612,0.10000000149011612,0.10000000149011612,0.10000000149011612
33,IRL,Ireland,2018,-3.2219769954681396,0.19801685214042664,5.5,1,1.125100016593933,0.9071259498596191,1.2676217555999756,1.2005521059036255,0.10000000149011612,0.10000000149011612,0.10000000149011612,0.10000000149011612,0.10000000149011612,0.10000000149011612,0.10000000149011612,0.10000000149011612,0.10000000149011612,0.10000000149011612
33,IRL,Ireland,2019,-3.9652493000030518,0.28127145767211914,5.5,1,1.125100016593933,0.9071259498596191,1.2676217555999756,1.2005521059036255,0.10000000149011612,0.10000000149011612,0.10000000149011612,0.10000000149011612,0.10000000149011612,0.10000000149011612,0.10000000149011612,0.10000000149011612,0.10000000149011612,0.10000000149011612
33,IRL,Ireland,2020,-4.2647223472595215,0.2858211398124695,5.5,1,1.125100016593933,0.9071259498596191,1.2676217555999756,1.2005521059036255,0.10000000149011612,0.10000000149011612,0.10000000149011612,0.10000000149011612,0.10000000149011612,0.10000000149011612,0.10000000149011612,0.10000000149011612,0.10000000149011612,0.10000000149011612
33,IRL,Ireland,2021,-3.373614549636841,0.3513314127922058,5.5,1,1.125100016593933,0.9071259498596191,1.2676217555999756,1.2005521059036255,0.10000000149011612,0.10000000149011612,0.10000000149011612,0.10000000149011612,0.10000000149011612,0.10000000149011612,0.10000000149011612,0.10000000149011612,0.10000000149011612,0.10000000149011612
33,IRL,Ireland,2022,-3.6817150115966797,0.36431264877319336,5.5,1,1.125100016593933,0.9071259498596191,1.2676217555999756,1.2005521059036255,0.10000000149011612,0.10000000149011612,0.10000000149011612,0.10000000149011612,0.10000000149011612,0.10000000149011612,0.10000000149011612,0.10000000149011612,0.10000000149011612,0.10000000149011612
33,IRL,Ireland,2023,-4.387845516204834,0.38136035203933716,5.5,1,1.125100016593933,0.9071259498596191,1.2676217555999756,1.2005521059036255,0.10000000149011612,0.10000000149011612,0.10000000149011612,0.10000000149011612,0.10000000149011612,0.10000000149011612,0.10000000149011612,0.10000000149011612,0.10000000149011612,0.10000000149011612
34,IRN,Iran,2018,0.18575511872768402,-0.7206984162330627,8.3208646774292,9,-1.425826907157898,-1.0039883852005005,-1.918333888053894,-1.3551583290100098,0.004784372169524431,0.00360072311013937,0.0,0.02366199903190136,0.0640447810292244,0.03672679141163826,0.04110563173890114,0.2763769030570984,0.3220963478088379,0.22760245203971863
34,IRN,Iran,2019,-3.3282368183135986,-0.6285296678543091,8.3208646774292,9,-1.425826907157898,-1.0039883852005005,-1.918333888053894,-1.3551583290100098,0.004784372169524431,0.00360072311013937,0.0,0.02366199903190136,0.0640447810292244,0.03672679141163826,0.04110563173890114,0.2763769030570984,0.3220963478088379,0.22760245203971863
34,IRN,Iran,2020,-1.5740487575531006,-0.595679759979248,8.3208646774292,9,-1.425826907157898,-1.0039883852005005,-1.918333888053894,-1.3551583290100098,0.004784372169524431,0.00360072311013937,0.0,0.02366199903190136,0.0640447810292244,0.03672679141163826,0.04110563173890114,0.2763769030570984,0.3220963478088379,0.22760245203971863
34,IRN,Iran,2021,0.32263654470443726,-0.5889270901679993,8.3208646774292,9,-1.425826907157898,-1.0039883852005005,-1.918333888053894,-1.3551583290100098,0.004784372169524431,0.00360072311013937,0.0,0.02366199903190136,0.0640447810292244,0.03672679141163826,0.04110563173890114,0.2763769030570984,0.3220963478088379,0.22760245203971863
34,IRN,Iran,2022,0.009564151056110859,-0.523352861404419,8.3208646774292,9,-1.425826907157898,-1.0039883852005005,-1.918333888053894,-1.3551583290100098,0.004784372169524431,0.00360072311013937,0.0,0.02366199903190136,0.0640447810292244,0.03672679141163826,0.04110563173890114,0.2763769030570984,0.3220963478088379,0.22760245203971863
34,IRN,Iran,2023,-0.9724723696708679,-0.5401225686073303,8.3208646774292,9,-1.425826907157898,-1.0039883852005005,-1.918333888053894,-1.3551583290100098,0.004784372169524431,0.00360072311013937,0.0,0.02366199903190136,0.0640447810292244,0.03672679141163826,0.04110563173890114,0.2763769030570984,0.3220963478088379,0.22760245203971863
35,IRQ,Iraq,2018,1.4125878810882568,-0.8433007597923279,5.5,1,-2.0568058490753174,-2.0972113609313965,-2.079011917114258,-1.9941946268081665,0.10000000149011612,0.10000000149011612,0.10000000149011612,0.10000000149011612,0.10000000149011612,0.10000000149011612,0.10000000149011612,0.10000000149011612,0.10000000149011612,0.10000000149011612
35,IRQ,Iraq,2019,1.0280742645263672,-0.8214901089668274,5.5,1,-2.0568058490753174,-2.0972113609313965,-2.079011917114258,-1.9941946268081665,0.10000000149011612,0.10000000149011612,0.10000000149011612,0.10000000149011612,0.10000000149011612,0.10000000149011612,0.10000000149011612,0.10000000149011612,0.10000000149011612,0.10000000149011612
35,IRQ,Iraq,2020,1.1829884052276611,-0.8348563313484192,5.5,1,-2.0568058490753174,-2.0972113609313965,-2.079011917114258,-1.9941946268081665,0.10000000149011612,0.10000000149011612,0.10000000149011612,0.10000000149011612,0.10000000149011612,0.10000000149011612,0.10000000149011612,0.10000000149011612,0.10000000149011612,0.10000000149011612
35,IRQ,Iraq,2021,1.2868479490280151,-0.81133633852005,5.5,1,-2.0568058490753174,-2.0972113609313965,-2.079011917114258,-1.9941946268081665,0.10000000149011612,0.10000000149011612,0.10000000149011612,0.10000000149011612,0.10000000149011612,0.10000000149011612,0.10000000149011612,0.10000000149011612,0.10000000149011612,0.10000000149011612
35,IRQ,Iraq,2022,1.606886863708496,-0.821439802646637,5.5,1,-2.0568058490753174,-2.0972113609313965,-2.079011917114258,-1.9941946268081665,0.10000000149011612,0.10000000149011612,0.10000000149011612,0.10000000149011612,0.10000000149011612,0.10000000149011612,0.10000000149011612,0.10000000149011612,0.10000000149011612,0.10000000149011612
35,IRQ,Iraq,2023,1.6270170211791992,-0.8600018620491028,5.5,1,-2.0568058490753174,-2.0972113609313965,-2.079011917114258,-1.9941946268081665,0.10000000149011612,0.10000000149011612,0.10000000149011612,0.10000000149011612,0.10000000149011612,0.10000000149011612,0.10000000149011612,0.10000000149011612,0.10000000149011612,0.10000000149011612
36,ISL,Iceland,2018,2.5240752696990967,0.2473009079694748,6.589446067810059,7,1.1885734796524048,1.2342337369918823,0.9549963474273682,1.376490592956543,0.026652103289961815,0.04431171342730522,0.059460319578647614,0.07953896373510361,0.11473919451236725,0.12855315208435059,0.14107616245746613,0.1371011883020401,0.13739566504955292,0.13117150962352753
36,ISL,Iceland,2019,2.4789857864379883,0.244844451546669,6.589446067810059,7,1.1885734796524048,1.2342337369918823,0.9549963474273682,1.376490592956543,0.026652103289961815,0.04431171342730522,0.059460319578647614,0.07953896373510361,0.11473919451236725,0.12855315208435059,0.14107616245746613,0.1371011883020401,0.13739566504955292,0.13117150962352753
36,ISL,Iceland,2020,1.9529410600662231,0.2388000637292862,6.589446067810059,7,1.1885734796524048,1.2342337369918823,0.9549963474273682,1.376490592956543,0.026652103289961815,0.04431171342730522,0.059460319578647614,0.07953896373510361,0.11473919451236725,0.12855315208435059,0.14107616245746613,0.1371011883020401,0.13739566504955292,0.13117150962352753
36,ISL,Iceland,2021,1.6373142004013062,0.22941090166568756,6.589446067810059,7,1.1885734796524048,1.2342337369918823,0.9549963474273682,1.376490592956543,0.026652103289961815,0.04431171342730522,0.059460319578647614,0.07953896373510361,0.11473919451236725,0.12855315208435059,0.14107616245746613,0.1371011883020401,0.13739566504955292,0.13117150962352753
36,ISL,Iceland,2022,1.38180673122406,0.22496382892131805,6.589446067810059,7,1.1885734796524048,1.2342337369918823,0.9549963474273682,1.376490592956543,0.026652103289961815,0.04431171342730522,0.059460319578647614,0.07953896373510361,0.11473919451236725,0.12855315208435059,0.14107616245746613,0.1371011883020401,0.13739566504955292,0.13117150962352753
36,ISL,Iceland,2023,2.3587470054626465,0.21235568821430206,6.589446067810059,7,1.1885734796524048,1.2342337369918823,0.9549963474273682,1.376490592956543,0.026652103289961815,0.04431171342730522,0.059460319578647614,0.07953896373510361,0.11473919451236725,0.12855315208435059,0.14107616245746613,0.1371011883020401,0.13739566504955292,0.13117150962352753
37,ISR,Israel,2018,-6.285995006561279,-0.2469927817583084,5.5,1,0.6414921283721924,0.9020118117332458,0.48677289485931396,0.5356917977333069,0.10000000149011612,0.10000000149011612,0.10000000149011612,0.10000000149011612,0.10000000149011612,0.10000000149011612,0.10000000149011612,0.10000000149011612,0.10000000149011612,0.10000000149011612
37,ISR,Israel,2019,-6.490711212158203,0.13201485574245453,5.5,1,0.6414921283721924,0.9020118117332458,0.48677289485931396,0.5356917977333069,0.10000000149011612,0.10000000149011612,0.10000000149011612,0.10000000149011612,0.10000000149011612,0.10000000149011612,0.10000000149011612,0.10000000149011612,0.10000000149011612,0.10000000149011612
37,ISR,Israel,2020,-7.341547966003418,0.27765363454818726,5.5,1,0.6414921283721924,0.9020118117332458,0.48677289485931396,0.5356917977333069,0.10000000149011612,0.10000000149011612,0.10000000149011612,0.10000000149011612,0.10000000149011612,0.10000000149011612,0.10000000149011612,0.10000000149011612,0.10000000149011612,0.10000000149011612
37,ISR,Israel,2021,-8.057387351989746,0.3517913520336151,5.5,1,0.6414921283721924,0.9020118117332458,0.48677289485931396,0.5356917977333069,0.10000000149011612,0.10000000149011612,0.10000000149011612,0.10000000149011612,0.10000000149011612,0.10000000149011612,0.10000000149011612,0.10000000149011612,0.10000000149011612,0.10000000149011612
37,ISR,Israel,2022,-8.405094146728516,0.3900349736213684,5.5,1,0.6414921283721924,0.9020118117332458,0.48677289485931396,0.5356917977333069,0.10000000149011612,0.10000000149011612,0.10000000149011612,0.10000000149011612,0.10000000149011612,0.10000000149011612,0.10000000149011612,0.10000000149011612,0.10000000149011612,0.10000000149011612
37,ISR,Israel,2023,-9.675131797790527,0.41130685806274414,5.5,1,0.6414921283721924,0.9020118117332458,0.48677289485931396,0.5356917977333069,0.10000000149011612,0.10000000149011612,0.10000000149011612,0.10000000149011612,0.10000000149011612,0.10000000149011612,0.10000000149011612,0.10000000149011612,0.10000000149011612,0.10000000149011612
38,ITA,Italy,2018,-5.143430233001709,0.053751129657030106,5.5,1,0.23468120396137238,0.07437334209680557,0.34910762310028076,0.28056269884109497,0.10000000149011612,0.10000000149011612,0.10000000149011612,0.10000000149011612,0.10000000149011612,0.10000000149011612,0.10000000149011612,0.10000000149011612,0.10000000149011612,0.10000000149011612
38,ITA,Italy,2019,-5.74995231628418,0.2793390452861786,5.5,1,0.23468120396137238,0.07437334209680557,0.34910762310028076,0.28056269884109497,0.10000000149011612,0.10000000149011612,0.10000000149011612,0.10000000149011612,0.10000000149011612,0.10000000149011612,0.10000000149011612,0.10000000149011612,0.10000000149011612,0.10000000149011612
38,ITA,Italy,2020,-6.417283058166504,0.3313394784927368,5.5,1,0.23468120396137238,0.07437334209680557,0.34910762310028076,0.28056269884109497,0.10000000149011612,0.10000000149011612,0.10000000149011612,0.10000000149011612,0.10000000149011612,0.10000000149011612,0.10000000149011612,0.10000000149011612,0.10000000149011612,0.10000000149011612
38,ITA,Italy,2021,-6.226283073425293,0.3688221275806427,5.5,1,0.23468120396137238,0.07437334209680557,0.34910762310028076,0.28056269884109497,0.10000000149011612,0.10000000149011612,0.10000000149011612,0.10000000149011612,0.10000000149011612,0.10000000149011612,0.10000000149011612,0.10000000149011612,0.10000000149011612,0.10000000149011612
38,ITA,Italy,2022,-4.716213703155518,0.3893704414367676,5.5,1,0.23468120396137238,0.07437334209680557,0.34910762310028076,0.28056269884109497,0.10000000149011612,0.10000000149011612,0.10000000149011612,0.10000000149011612,0.10000000149011612,0.10000000149011612,0.10000000149011612,0.10000000149011612,0.10000000149011612,0.10000000149011612
38,ITA,Italy,2023,-6.842550277709961,0.4065563678741455,5.5,1,0.23468120396137238,0.07437334209680557,0.34910762310028076,0.28056269884109497,0.10000000149011612,0.10000000149011612,0.10000000149011612,0.10000000149011612,0.10000000149011612,0.10000000149011612,0.10000000149011612,0.10000000149011612,0.10000000149011612,0.10000000149011612
39,JPN,Japan,2018,3.7277371883392334,-0.36655816435813904,6.516884803771973,8,0.7284886837005615,0.8470459580421448,0.45311596989631653,0.8853041529655457,0.04322291165590286,0.04367726296186447,0.07199081033468246,0.06656434386968613,0.09814498573541641,0.111457459628582,0.13955873250961304,0.16929171979427338,0.14755485951900482,0.10853691399097443
39,JPN,Japan,2019,3.204775810241699,-0.13343605399131775,6.516884803771973,8,0.7284886837005615,0.8470459580421448,0.45311596989631653,0.8853041529655457,0.04322291165590286,0.04367726296186447,0.07199081033468246,0.06656434386968613,0.09814498573541641,0.111457459628582,0.13955873250961304,0.16929171979427338,0.14755485951900482,0.10853691399097443
39,JPN,Japan,2020,3.1749613285064697,0.24971769750118256,6.516884803771973,8,0.7284886837005615,0.8470459580421448,0.45311596989631653,0.8853041529655457,0.04322291165590286,0.04367726296186447,0.07199081033468246,0.06656434386968613,0.09814498573541641,0.111457459628582,0.13955873250961304,0.16929171979427338,0.14755485951900482,0.10853691399097443
39,JPN,Japan,2021,2.640718698501587,0.3056827783584595,6.516884803771973,8,0.7284886837005615,0.8470459580421448,0.45311596989631653,0.8853041529655457,0.04322291165590286,0.04367726296186447,0.07199081033468246,0.06656434386968613,0.09814498573541641,0.111457459628582,0.13955873250961304,0.16929171979427338,0.14755485951900482,0.10853691399097443
39,JPN,Japan,2022,2.846599578857422,0.3317280411720276,6.516884803771973,8,0.7284886837005615,0.8470459580421448,0.45311596989631653,0.8853041529655457,0.04322291165590286,0.04367726296186447,0.07199081033468246,0.06656434386968613,0.09814498573541641,0.111457459628582,0.13955873250961304,0.16929171979427338,0.14755485951900482,0.10853691399097443
39,JPN,Japan,2023,1.7527316808700562,0.3776460886001587,6.516884803771973,8,0.7284886837005615,0.8470459580421448,0.45311596989631653,0.8853041529655457,0.04322291165590286,0.04367726296186447,0.07199081033468246,0.06656434386968613,0.09814498573541641,0.111457459628582,0.13955873250961304,0.16929171979427338,0.14755485951900482,0.10853691399097443
40,KAZ,Kazakhstan,2018,1.5828030109405518,-0.7529335618019104,5.5,1,-1.2722676992416382,-1.3743125200271606,-1.0817227363586426,-1.3607680797576904,0.10000000149011612,0.10000000149011612,0.10000000149011612,0.10000000149011612,0.10000000149011612,0.10000000149011612,0.10000000149011612,0.10000000149011612,0.10000000149011612,0.10000000149011612
40,KAZ,Kazakhstan,2019,1.5101414918899536,-0.7377042174339294,5.5,1,-1.2722676992416382,-1.3743125200271606,-1.0817227363586426,-1.3607680797576904,0.10000000149011612,0.10000000149011612,0.10000000149011612,0.10000000149011612,0.10000000149011612,0.10000000149011612,0.10000000149011612,0.10000000149011612,0.10000000149011612,0.10000000149011612
40,KAZ,Kazakhstan,2020,1.363572597503662,-0.7701389193534851,5.5,1,-1.2722676992416382,-1.3743125200271606,-1.0817227363586426,-1.3607680797576904,0.10000000149011612,0.10000000149011612,0.10000000149011612,0.10000000149011612,0.10000000149011612,0.10000000149011612,0.10000000149011612,0.10000000149011612,0.10000000149011612,0.10000000149011612
40,KAZ,Kazakhstan,2021,1.2543725967407227,-0.7617358565330505,5.5,1,-1.2722676992416382,-1.3743125200271606,-1.0817227363586426,-1.3607680797576904,0.10000000149011612,0.10000000149011612,0.10000000149011612,0.10000000149011612,0.10000000149011612,0.10000000149011612,0.10000000149011612,0.10000000149011612,0.10000000149011612,0.10000000149011612
40,KAZ,Kazakhstan,2022,1.1613658666610718,-0.7438479661941528,5.5,1,-1.2722676992416382,-1.3743125200271606,-1.0817227363586426,-1.3607680797576904,0.10000000149011612,0.10000000149011612,0.10000000149011612,0.10000000149011612,0.10000000149011612,0.10000000149011612,0.10000000149011612,0.10000000149011612,0.10000000149011612,0.10000000149011612
40,KAZ,Kazakhstan,2023,0.9807498455047607,-0.744149386882782,5.5,1,-1.2722676992416382,-1.3743125200271606,-1.0817227363586426,-1.3607680797576904,0.10000000149011612,0.10000000149011612,0.10000000149011612,0.10000000149011612,0.10000000149011612,0.10000000149011612,0.10000000149011612,0.10000000149011612,0.10000000149011612,0.10000000149011612
41,KOR,South Korea,2018,3.200753688812256,-0.04233537241816521,5.5,1,0.34772443771362305,0.4346860945224762,0.1522836983203888,0.45620352029800415,0.10000000149011612,0.10000000149011612,0.10000000149011612,0.10000000149011612,0.10000000149011612,0.10000000149011612,0.10000000149011612,0.10000000149011612,0.10000000149011612,0.10000000149011612
41,KOR,South Korea,2019,1.7671101093292236,0.12167586386203766,5.5,1,0.34772443771362305,0.4346860945224762,0.1522836983203888,0.45620352029800415,0.10000000149011612,0.10000000149011612,0.10000000149011612,0.10000000149011612,0.10000000149011612,0.10000000149011612,0.10000000149011612,0.10000000149011612,0.10000000149011612,0.10000000149011612
41,KOR,South Korea,2020,-0.8152863383293152,0.2711826264858246,5.5,1,0.34772443771362305,0.4346860945224762,0.1522836983203888,0.45620352029800415,0.10000000149011612,0.10000000149011612,0.10000000149011612,0.10000000149011612,0.10000000149011612,0.10000000149011612,0.10000000149011612,0.10000000149011612,0.10000000149011612,0.10000000149011612
41,KOR,South Korea,2021,-0.6951596140861511,0.34754523634910583,5.5,1,0.34772443771362305,0.4346860945224762,0.1522836983203888,0.45620352029800415,0.10000000149011612,0.10000000149011612,0.10000000149011612,0.10000000149011612,0.10000000149011612,0.10000000149011612,0.10000000149011612,0.10000000149011612,0.10000000149011612,0.10000000149011612
41,KOR,South Korea,2022,-2.0999202728271484,0.37865960597991943,5.5,1,0.34772443771362305,0.4346860945224762,0.1522836983203888,0.45620352029800415,0.10000000149011612,0.10000000149011612,0.10000000149011612,0.10000000149011612,0.10000000149011612,0.10000000149011612,0.10000000149011612,0.10000000149011612,0.10000000149011612,0.10000000149011612
41,KOR,South Korea,2023,-2.8068954944610596,0.4042789936065674,5.5,1,0.34772443771362305,0.4346860945224762,0.1522836983203888,0.45620352029800415,0.10000000149011612,0.10000000149011612,0.10000000149011612,0.10000000149011612,0.10000000149011612,0.10000000149011612,0.10000000149011612,0.10000000149011612,0.10000000149011612,0.10000000149011612
42,KWT,Kuwait,2018,-6.3546881675720215,-0.41536805033683777,5.5,1,-0.23261572420597076,-0.458217591047287,-0.3800378143787384,0.1404082179069519,0.10000000149011612,0.10000000149011612,0.10000000149011612,0.10000000149011612,0.10000000149011612,0.10000000149011612,0.10000000149011612,0.10000000149011612,0.10000000149011612,0.10000000149011612
42,KWT,Kuwait,2019,-7.2538886070251465,-0.4298277199268341,5.5,1,-0.23261572420597076,-0.458217591047287,-0.3800378143787384,0.1404082179069519,0.10000000149011612,0.10000000149011612,0.10000000149011612,0.10000000149011612,0.10000000149011612,0.10000000149011612,0.10000000149011612,0.10000000149011612,0.10000000149011612,0.10000000149011612
42,KWT,Kuwait,2020,-6.158499240875244,-0.4406893849372864,5.5,1,-0.23261572420597076,-0.458217591047287,-0.3800378143787384,0.1404082179069519,0.10000000149011612,0.10000000149011612,0.10000000149011612,0.10000000149011612,0.10000000149011612,0.10000000149011612,0.10000000149011612,0.10000000149011612,0.10000000149011612,0.10000000149011612
42,KWT,Kuwait,2021,-7.0740485191345215,-0.44785434007644653,5.5,1,-0.23261572420597076,-0.458217591047287,-0.3800378143787384,0.1404082179069519,0.10000000149011612,0.10000000149011612,0.10000000149011612,0.10000000149011612,0.10000000149011612,0.10000000149011612,0.10000000149011612,0.10000000149011612,0.10000000149011612,0.10000000149011612
42,KWT,Kuwait,2022,-27.902793884277344,-0.4522780776023865,5.5,1,-0.23261572420597076,-0.458217591047287,-0.3800378143787384,0.1404082179069519,0.10000000149011612,0.10000000149011612,0.10000000149011612,0.10000000149011612,0.10000000149011612,0.10000000149011612,0.10000000149011612,0.10000000149011612,0.10000000149011612,0.10000000149011612
42,KWT,Kuwait,2023,-27.870094299316406,-0.4549489915370941,5.5,1,-0.23261572420597076,-0.458217591047287,-0.3800378143787384,0.1404082179069519,0.10000000149011612,0.10000000149011612,0.10000000149011612,0.10000000149011612,0.10000000149011612,0.10000000149011612,0.10000000149011612,0.10000000149011612,0.10000000149011612,0.10000000149011612
43,LKA,Sri Lanka,2018,2.3601856231689453,-0.6575073599815369,5.5,1,-0.550111711025238,-0.720518171787262,-0.5627866387367249,-0.36703041195869446,0.10000000149011612,0.10000000149011612,0.10000000149011612,0.10000000149011612,0.10000000149011612,0.10000000149011612,0.10000000149011612,0.10000000149011612,0.10000000149011612,0.10000000149011612
43,LKA,Sri Lanka,2019,4.711722373962402,-0.6344694495201111,5.5,1,-0.550111711025238,-0.720518171787262,-0.5627866387367249,-0.36703041195869446,0.10000000149011612,0.10000000149011612,0.10000000149011612,0.10000000149011612,0.10000000149011612,0.10000000149011612,0.10000000149011612,0.10000000149011612,0.10000000149011612,0.10000000149011612
43,LKA,Sri Lanka,2020,4.523720741271973,-0.5678611397743225,5.5,1,-0.550111711025238,-0.720518171787262,-0.5627866387367249,-0.36703041195869446,0.10000000149011612,0.10000000149011612,0.10000000149011612,0.10000000149011612,0.10000000149011612,0.10000000149011612,0.10000000149011612,0.10000000149011612,0.10000000149011612,0.10000000149011612
43,LKA,Sri Lanka,2021,1.3256715536117554,-0.8300610780715942,5.5,1,-0.550111711025238,-0.720518171787262,-0.5627866387367249,-0.36703041195869446,0.10000000149011612,0.10000000149011612,0.10000000149011612,0.10000000149011612,0.10000000149011612,0.10000000149011612,0.10000000149011612,0.10000000149011612,0.10000000149011612,0.10000000149011612
43,LKA,Sri Lanka,2022,4.413687705993652,-0.7047134041786194,5.5,1,-0.550111711025238,-0.720518171787262,-0.5627866387367249,-0.36703041195869446,0.10000000149011612,0.10000000149011612,0.10000000149011612,0.10000000149011612,0.10000000149011612,0.10000000149011612,0.10000000149011612,0.10000000149011612,0.10000000149011612,0.10000000149011612
43,LKA,Sri Lanka,2023,4.413687705993652,-0.718452513217926,5.5,1,-0.550111711025238,-0.720518171787262,-0.5627866387367249,-0.36703041195869446,0.10000000149011612,0.10000000149011612,0.10000000149011612,0.10000000149011612,0.10000000149011612,0.10000000149011612,0.10000000149011612,0.10000000149011612,0.10000000149011612,0.10000000149011612
44,LTU,Lithuania,2018,0.5927717685699463,0.09136848151683807,6.884199142456055,8,0.11791292577981949,-0.0774189680814743,0.3881412148475647,0.043016545474529266,0.014836592599749565,0.029052894562482834,0.06186365336179733,0.0798182263970375,0.09877046942710876,0.10914089530706406,0.14033587276935577,0.16279032826423645,0.16088896989822388,0.1425020545721054
44,LTU,Lithuania,2019,0.5042790174484253,0.17698132991790771,6.884199142456055,8,0.11791292577981949,-0.0774189680814743,0.3881412148475647,0.043016545474529266,0.014836592599749565,0.029052894562482834,0.06186365336179733,0.0798182263970375,0.09877046942710876,0.10914089530706406,0.14033587276935577,0.16279032826423645,0.16088896989822388,0.1425020545721054
44,LTU,Lithuania,2020,1.2348809242248535,0.3188646137714386,6.884199142456055,8,0.11791292577981949,-0.0774189680814743,0.3881412148475647,0.043016545474529266,0.014836592599749565,0.029052894562482834,0.06186365336179733,0.0798182263970375,0.09877046942710876,0.10914089530706406,0.14033587276935577,0.16279032826423645,0.16088896989822388,0.1425020545721054
44,LTU,Lithuania,2021,1.103811502456665,0.3526384234428406,6.884199142456055,8,0.11791292577981949,-0.0774189680814743,0.3881412148475647,0.043016545474529266,0.014836592599749565,0.029052894562482834,0.06186365336179733,0.0798182263970375,0.09877046942710876,0.10914089530706406,0.14033587276935577,0.16279032826423645,0.16088896989822388,0.1425020545721054
44,LTU,Lithuania,2022,0.6238992810249329,0.37584954500198364,6.884199142456055,8,0.11791292577981949,-0.0774189680814743,0.3881412148475647,0.043016545474529266,0.014836592599749565,0.029052894562482834,0.06186365336179733,0.0798182263970375,0.09877046942710876,0.10914089530706406,0.14033587276935577,0.16279032826423645,0.16088896989822388,0.1425020545721054
44,LTU,Lithuania,2023,-0.08893253654241562,0.39853203296661377,6.884199142456055,8,0.11791292577981949,-0.0774189680814743,0.3881412148475647,0.043016545474529266,0.014836592599749565,0.029052894562482834,0.06186365336179733,0.0798182263970375,0.09877046942710876,0.10914089530706406,0.14033587276935577,0.16279032826423645,0.16088896989822388,0.1425020545721054
45,LUX,Luxembourg,2018,-2.6616039276123047,0.2728883922100067,5.5,1,1.3627294301986694,1.4299343824386597,1.3163741827011108,1.3418793678283691,0.10000000149011612,0.10000000149011612,0.10000000149011612,0.10000000149011612,0.10000000149011612,0.10000000149011612,0.10000000149011612,0.10000000149011612,0.10000000149011612,0.10000000149011612
45,LUX,Luxembourg,2019,-3.0985145568847656,0.2808161973953247,5.5,1,1.3627294301986694,1.4299343824386597,1.3163741827011108,1.3418793678283691,0.10000000149011612,0.10000000149011612,0.10000000149011612,0.10000000149011612,0.10000000149011612,0.10000000149011612,0.10000000149011612,0.10000000149011612,0.10000000149011612,0.10000000149011612
45,LUX,Luxembourg,2020,-3.1957318782806396,0.287864625453949,5.5,1,1.3627294301986694,1.4299343824386597,1.3163741827011108,1.3418793678283691,0.10000000149011612,0.10000000149011612,0.10000000149011612,0.10000000149011612,0.10000000149011612,0.10000000149011612,0.10000000149011612,0.10000000149011612,0.10000000149011612,0.10000000149011612
45,LUX,Luxembourg,2021,-3.2258713245391846,0.3172238767147064,5.5,1,1.3627294301986694,1.4299343824386597,1.3163741827011108,1.3418793678283691,0.10000000149011612,0.10000000149011612,0.10000000149011612,0.10000000149011612,0.10000000149011612,0.10000000149011612,0.10000000149011612,0.10000000149011612,0.10000000149011612,0.10000000149011612
45,LUX,Luxembourg,2022,-3.72668719291687,0.35401102900505066,5.5,1,1.3627294301986694,1.4299343824386597,1.3163741827011108,1.3418793678283691,0.10000000149011612,0.10000000149011612,0.10000000149011612,0.10000000149011612,0.10000000149011612,0.10000000149011612,0.10000000149011612,0.10000000149011612,0.10000000149011612,0.10000000149011612
45,LUX,Luxembourg,2023,-4.158839225769043,0.38718026876449585,5.5,1,1.3627294301986694,1.4299343824386597,1.3163741827011108,1.3418793678283691,0.10000000149011612,0.10000000149011612,0.10000000149011612,0.10000000149011612,0.10000000149011612,0.10000000149011612,0.10000000149011612,0.10000000149011612,0.10000000149011612,0.10000000149011612
46,LVA,Latvia,2018,2.136277437210083,-0.19292183220386505,8.874234199523926,9,0.05672547221183777,-0.19147229194641113,0.368137001991272,-0.006488294806331396,0.0,0.0,0.0,0.0,0.01616201177239418,0.12979502975940704,0.0,0.05940909683704376,0.4069579839706421,0.3876758813858032
46,LVA,Latvia,2019,2.451484441757202,-0.10813011229038239,8.874234199523926,9,0.05672547221183777,-0.19147229194641113,0.368137001991272,-0.006488294806331396,0.0,0.0,0.0,0.0,0.01616201177239418,0.12979502975940704,0.0,0.05940909683704376,0.4069579839706421,0.3876758813858032
46,LVA,Latvia,2020,0.5582294464111328,-0.177861750125885,8.874234199523926,9,0.05672547221183777,-0.19147229194641113,0.368137001991272,-0.006488294806331396,0.0,0.0,0.0,0.0,0.01616201177239418,0.12979502975940704,0.0,0.05940909683704376,0.4069579839706421,0.3876758813858032
46,LVA,Latvia,2021,0.538101315498352,-0.254669725894928,8.874234199523926,9,0.05672547221183777,-0.19147229194641113,0.368137001991272,-0.006488294806331396,0.0,0.0,0.0,0.0,0.01616201177239418,0.12979502975940704,0.0,0.05940909683704376,0.4069579839706421,0.3876758813858032
46,LVA,Latvia,2022,-1.1075773239135742,0.04487382248044014,8.874234199523926,9,0.05672547221183777,-0.19147229194641113,0.368137001991272,-0.006488294806331396,0.0,0.0,0.0,0.0,0.01616201177239418,0.12979502975940704,0.0,0.05940909683704376,0.4069579839706421,0.3876758813858032
46,LVA,Latvia,2023,-1.7468478679656982,-0.00690830871462822,8.874234199523926,9,0.05672547221183777,-0.19147229194641113,0.368137001991272,-0.006488294806331396,0.0,0.0,0.0,0.0,0.01616201177239418,0.12979502975940704,0.0,0.05940909683704376,0.4069579839706421,0.3876758813858032
47,MAR,Morocco,2018,-2.0527760982513428,-0.4091677665710449,5.5,1,-0.5677001476287842,-0.5921026468276978,-0.603592574596405,-0.5074053406715393,0.10000000149011612,0.10000000149011612,0.10000000149011612,0.10000000149011612,0.10000000149011612,0.10000000149011612,0.10000000149011612,0.10000000149011612,0.10000000149011612,0.10000000149011612
47,MAR,Morocco,2019,-1.840488076210022,-0.06772367656230927,5.5,1,-0.5677001476287842,-0.5921026468276978,-0.603592574596405,-0.5074053406715393,0.10000000149011612,0.10000000149011612,0.10000000149011612,0.10000000149011612,0.10000000149011612,0.10000000149011612,0.10000000149011612,0.10000000149011612,0.10000000149011612,0.10000000149011612
47,MAR,Morocco,2020,-1.5523828268051147,0.11551044881343842,5.5,1,-0.5677001476287842,-0.5921026468276978,-0.603592574596405,-0.5074053406715393,0.10000000149011612,0.10000000149011612,0.10000000149011612,0.10000000149011612,0.10000000149011612,0.10000000149011612,0.10000000149011612,0.10000000149011612,0.10000000149011612,0.10000000149011612
47,MAR,Morocco,2021,-1.670159101486206,-0.12242749333381653,5.5,1,-0.5677001476287842,-0.5921026468276978,-0.603592574596405,-0.5074053406715393,0.10000000149011612,0.10000000149011612,0.10000000149011612,0.10000000149011612,0.10000000149011612,0.10000000149011612,0.10000000149011612,0.10000000149011612,0.10000000149011612,0.10000000149011612
47,MAR,Morocco,2022,-1.1988462209701538,-0.143036350607872,5.5,1,-0.5677001476287842,-0.5921026468276978,-0.603592574596405,-0.5074053406715393,0.10000000149011612,0.10000000149011612,0.10000000149011612,0.10000000149011612,0.10000000149011612,0.10000000149011612,0.10000000149011612,0.10000000149011612,0.10000000149011612,0.10000000149011612
47,MAR,Morocco,2023,-2.160374164581299,0.14855453372001648,5.5,1,-0.5677001476287842,-0.5921026468276978,-0.603592574596405,-0.5074053406715393,0.10000000149011612,0.10000000149011612,0.10000000149011612,0.10000000149011612,0.10000000149011612,0.10000000149011612,0.10000000149011612,0.10000000149011612,0.10000000149011612,0.10000000149011612
48,MEX,Mexico,2018,-1.2096426486968994,-0.5572736859321594,8.446073532104492,10,-0.4911726713180542,-0.5113726854324341,-0.13761571049690247,-0.8245296478271484,0.0,0.0,0.0,0.0,0.0,0.1383444368839264,0.1623544991016388,0.14911504089832306,0.21525543928146362,0.33493056893348694
48,MEX,Mexico,2019,-1.0846872329711914,-0.4723387658596039,8.446073532104492,10,-0.4911726713180542,-0.5113726854324341,-0.13761571049690247,-0.8245296478271484,0.0,0.0,0.0,0.0,0.0,0.1383444368839264,0.1623544991016388,0.14911504089832306,0.21525543928146362,0.33493056893348694
48,MEX,Mexico,2020,-3.962113618850708,-0.31040698289871216,8.446073532104492,10,-0.4911726713180542,-0.5113726854324341,-0.13761571049690247,-0.8245296478271484,0.0,0.0,0.0,0.0,0.0,0.1383444368839264,0.1623544991016388,0.14911504089832306,0.21525543928146362,0.33493056893348694
48,MEX,Mexico,2021,-5.881318092346191,-0.42457088828086853,8.446073532104492,10,-0.4911726713180542,-0.5113726854324341,-0.13761571049690247,-0.8245296478271484,0.0,0.0,0.0,0.0,0.0,0.1383444368839264,0.1623544991016388,0.14911504089832306,0.21525543928146362,0.33493056893348694
48,MEX,Mexico,2022,-5.320054531097412,-0.5118390917778015,8.446073532104492,10,-0.4911726713180542,-0.5113726854324341,-0.13761571049690247,-0.8245296478271484,0.0,0.0,0.0,0.0,0.0,0.1383444368839264,0.1623544991016388,0.14911504089832306,0.21525543928146362,0.33493056893348694
48,MEX,Mexico,2023,-3.6169328689575195,-0.48861849308013916,8.446073532104492,10,-0.4911726713180542,-0.5113726854324341,-0.13761571049690247,-0.8245296478271484,0.0,0.0,0.0,0.0,0.0,0.1383444368839264,0.1623544991016388,0.14911504089832306,0.21525543928146362,0.33493056893348694
49,MKD,North Macedonia,2018,-4.225182056427002,-0.4785560965538025,5.5,1,-0.8401430249214172,-0.9831662178039551,-0.6911687254905701,-0.8460942506790161,0.10000000149011612,0.10000000149011612,0.10000000149011612,0.10000000149011612,0.10000000149011612,0.10000000149011612,0.10000000149011612,0.10000000149011612,0.10000000149011612,0.10000000149011612
49,MKD,North Macedonia,2019,-2.3085620403289795,-0.3242330253124237,5.5,1,-0.8401430249214172,-0.9831662178039551,-0.6911687254905701,-0.8460942506790161,0.10000000149011612,0.10000000149011612,0.10000000149011612,0.10000000149011612,0.10000000149011612,0.10000000149011612,0.10000000149011612,0.10000000149011612,0.10000000149011612,0.10000000149011612
49,MKD,North Macedonia,2020,-3.7089016437530518,0.1277540773153305,5.5,1,-0.8401430249214172,-0.9831662178039551,-0.6911687254905701,-0.8460942506790161,0.10000000149011612,0.10000000149011612,0.10000000149011612,0.10000000149011612,0.10000000149011612,0.10000000149011612,0.10000000149011612,0.10000000149011612,0.10000000149011612,0.10000000149011612
49,MKD,North Macedonia,2021,-4.82833194732666,-0.18384569883346558,5.5,1,-0.8401430249214172,-0.9831662178039551,-0.6911687254905701,-0.8460942506790161,0.10000000149011612,0.10000000149011612,0.10000000149011612,0.10000000149011612,0.10000000149011612,0.10000000149011612,0.10000000149011612,0.10000000149011612,0.10000000149011612,0.10000000149011612
49,MKD,North Macedonia,2022,-3.69097900390625,-0.23778630793094635,5.5,1,-0.8401430249214172,-0.9831662178039551,-0.6911687254905701,-0.8460942506790161,0.10000000149011612,0.10000000149011612,0.10000000149011612,0.10000000149011612,0.10000000149011612,0.10000000149011612,0.10000000149011612,0.10000000149011612,0.10000000149011612,0.10000000149011612
49,MKD,North Macedonia,2023,-4.7387189865112305,0.10523752868175507,5.5,1,-0.8401430249214172,-0.9831662178039551,-0.6911687254905701,-0.8460942506790161,0.10000000149011612,0.10000000149011612,0.10000000149011612,0.10000000149011612,0.10000000149011612,0.10000000149011612,0.10000000149011612,0.10000000149011612,0.10000000149011612,0.10000000149011612
50,MYS,Malaysia,2018,0.02772342786192894,-0.4014524519443512,5.5,1,0.11615476757287979,0.3967877924442291,0.08836042881011963,-0.1366838961839676,0.10000000149011612,0.10000000149011612,0.10000000149011612,0.10000000149011612,0.10000000149011612,0.10000000149011612,0.10000000149011612,0.10000000149011612,0.10000000149011612,0.10000000149011612
50,MYS,Malaysia,2019,-0.08382336795330048,-0.3885490894317627,5.5,1,0.11615476757287979,0.3967877924442291,0.08836042881011963,-0.1366838961839676,0.10000000149011612,0.10000000149011612,0.10000000149011612,0.10000000149011612,0.10000000149011612,0.10000000149011612,0.10000000149011612,0.10000000149011612,0.10000000149011612,0.10000000149011612
50,MYS,Malaysia,2020,0.11602042615413666,-0.4044169783592224,5.5,1,0.11615476757287979,0.3967877924442291,0.08836042881011963,-0.1366838961839676,0.10000000149011612,0.10000000149011612,0.10000000149011612,0.10000000149011612,0.10000000149011612,0.10000000149011612,0.10000000149011612,0.10000000149011612,0.10000000149011612,0.10000000149011612
50,MYS,Malaysia,2021,-0.4654858112335205,-0.0738145262002945,5.5,1,0.11615476757287979,0.3967877924442291,0.08836042881011963,-0.1366838961839676,0.10000000149011612,0.10000000149011612,0.10000000149011612,0.10000000149011612,0.10000000149011612,0.10000000149011612,0.10000000149011612,0.10000000149011612,0.10000000149011612,0.10000000149011612
50,MYS,Malaysia,2022,-0.6587987542152405,0.057160694152116776,5.5,1,0.11615476757287979,0.3967877924442291,0.08836042881011963,-0.1366838961839676,0.10000000149011612,0.10000000149011612,0.10000000149011612,0.10000000149011612,0.10000000149011612,0.10000000149011612,0.10000000149011612,0.10000000149011612,0.10000000149011612,0.10000000149011612
50,MYS,Malaysia,2023,-0.5584850311279297,0.2159511297941208,5.5,1,0.11615476757287979,0.3967877924442291,0.08836042881011963,-0.1366838961839676,0.10000000149011612,0.10000000149011612,0.10000000149011612,0.10000000149011612,0.10000000149011612,0.10000000149011612,0.10000000149011612,0.10000000149011612,0.10000000149011612,0.10000000149011612
51,NLD,Netherlands,2018,-2.012981653213501,0.15247739851474762,5.5,1,1.3984497785568237,1.432983160018921,1.4087532758712769,1.3536127805709839,0.10000000149011612,0.10000000149011612,0.10000000149011612,0.10000000149011612,0.10000000149011612,0.10000000149011612,0.10000000149011612,0.10000000149011612,0.10000000149011612,0.10000000149011612
51,NLD,Netherlands,2019,-4.107210636138916,0.22331251204013824,5.5,1,1.3984497785568237,1.432983160018921,1.4087532758712769,1.3536127805709839,0.10000000149011612,0.10000000149011612,0.10000000149011612,0.10000000149011612,0.10000000149011612,0.10000000149011612,0.10000000149011612,0.10000000149011612,0.10000000149011612,0.10000000149011612
51,NLD,Netherlands,2020,-6.567773342132568,0.23214389383792877,5.5,1,1.3984497785568237,1.432983160018921,1.4087532758712769,1.3536127805709839,0.10000000149011612,0.10000000149011612,0.10000000149011612,0.10000000149011612,0.10000000149011612,0.10000000149011612,0.10000000149011612,0.10000000149011612,0.10000000149011612,0.10000000149011612
51,NLD,Netherlands,2021,-6.225274562835693,0.2795459032058716,5.5,1,1.3984497785568237,1.432983160018921,1.4087532758712769,1.3536127805709839,0.10000000149011612,0.10000000149011612,0.10000000149011612,0.10000000149011612,0.10000000149011612,0.10000000149011612,0.10000000149011612,0.10000000149011612,0.10000000149011612,0.10000000149011612
51,NLD,Netherlands,2022,-7.184930801391602,0.3016798794269562,5.5,1,1.3984497785568237,1.432983160018921,1.4087532758712769,1.3536127805709839,0.10000000149011612,0.10000000149011612,0.10000000149011612,0.10000000149011612,0.10000000149011612,0.10000000149011612,0.10000000149011612,0.10000000149011612,0.10000000149011612,0.10000000149011612
51,NLD,Netherlands,2023,-9.322796821594238,0.3160981833934784,5.5,1,1.3984497785568237,1.432983160018921,1.4087532758712769,1.3536127805709839,0.10000000149011612,0.10000000149011612,0.10000000149011612,0.10000000149011612,0.10000000149011612,0.10000000149011612,0.10000000149011612,0.10000000149011612,0.10000000149011612,0.10000000149011612
52,NOR,Norway,2018,0.684697687625885,-0.14858072996139526,5.878726482391357,6,1.3073252439498901,1.3803420066833496,1.0274958610534668,1.5141379833221436,0.021966183558106422,0.06249329447746277,0.07998733222484589,0.1180344745516777,0.14531613886356354,0.20062781870365143,0.147201269865036,0.05502529814839363,0.07476653158664703,0.09458161145448685
52,NOR,Norway,2019,0.7579119205474854,-0.2618429362773895,5.878726482391357,6,1.3073252439498901,1.3803420066833496,1.0274958610534668,1.5141379833221436,0.021966183558106422,0.06249329447746277,0.07998733222484589,0.1180344745516777,0.14531613886356354,0.20062781870365143,0.147201269865036,0.05502529814839363,0.07476653158664703,0.09458161145448685
52,NOR,Norway,2020,0.16256453096866608,-0.45261210203170776,5.878726482391357,6,1.3073252439498901,1.3803420066833496,1.0274958610534668,1.5141379833221436,0.021966183558106422,0.06249329447746277,0.07998733222484589,0.1180344745516777,0.14531613886356354,0.20062781870365143,0.147201269865036,0.05502529814839363,0.07476653158664703,0.09458161145448685
52,NOR,Norway,2021,-0.5059971213340759,-0.1706356406211853,5.878726482391357,6,1.3073252439498901,1.3803420066833496,1.0274958610534668,1.5141379833221436,0.021966183558106422,0.06249329447746277,0.07998733222484589,0.1180344745516777,0.14531613886356354,0.20062781870365143,0.147201269865036,0.05502529814839363,0.07476653158664703,0.09458161145448685
52,NOR,Norway,2022,0.01806272566318512,0.005830276757478714,5.878726482391357,6,1.3073252439498901,1.3803420066833496,1.0274958610534668,1.5141379833221436,0.021966183558106422,0.06249329447746277,0.07998733222484589,0.1180344745516777,0.14531613886356354,0.20062781870365143,0.147201269865036,0.05502529814839363,0.07476653158664703,0.09458161145448685
52,NOR,Norway,2023,0.1799047440290451,-0.12114118039608002,5.878726482391357,6,1.3073252439498901,1.3803420066833496,1.0274958610534668,1.5141379833221436,0.021966183558106422,0.06249329447746277,0.07998733222484589,0.1180344745516777,0.14531613886356354,0.20062781870365143,0.147201269865036,0.05502529814839363,0.07476653158664703,0.09458161145448685
53,NZL,New Zealand,2018,-2.981884479522705,-0.19255714118480682,5.5,1,1.3908849954605103,1.414912223815918,1.3223596811294556,1.4353830814361572,0.10000000149011612,0.10000000149011612,0.10000000149011612,0.10000000149011612,0.10000000149011612,0.10000000149011612,0.10000000149011612,0.10000000149011612,0.10000000149011612,0.10000000149011612
53,NZL,New Zealand,2019,-2.6216039657592773,-0.00099862739443779,5.5,1,1.3908849954605103,1.414912223815918,1.3223596811294556,1.4353830814361572,0.10000000149011612,0.10000000149011612,0.10000000149011612,0.10000000149011612,0.10000000149011612,0.10000000149011612,0.10000000149011612,0.10000000149011612,0.10000000149011612,0.10000000149011612
53,NZL,New Zealand,2020,-2.319328546524048,0.0676572322845459,5.5,1,1.3908849954605103,1.414912223815918,1.3223596811294556,1.4353830814361572,0.10000000149011612,0.10000000149011612,0.10000000149011612,0.10000000149011612,0.10000000149011612,0.10000000149011612,0.10000000149011612,0.10000000149011612,0.10000000149011612,0.10000000149011612
53,NZL,New Zealand,2021,-2.2188103199005127,0.12192541360855103,5.5,1,1.3908849954605103,1.414912223815918,1.3223596811294556,1.4353830814361572,0.10000000149011612,0.10000000149011612,0.10000000149011612,0.10000000149011612,0.10000000149011612,0.10000000149011612,0.10000000149011612,0.10000000149011612,0.10000000149011612,0.10000000149011612
53,NZL,New Zealand,2022,-3.390082359313965,0.011433888226747513,5.5,1,1.3908849954605103,1.414912223815918,1.3223596811294556,1.4353830814361572,0.10000000149011612,0.10000000149011612,0.10000000149011612,0.10000000149011612,0.10000000149011612,0.10000000149011612,0.10000000149011612,0.10000000149011612,0.10000000149011612,0.10000000149011612
53,NZL,New Zealand,2023,-3.6847918033599854,0.07073338329792023,5.5,1,1.3908849954605103,1.414912223815918,1.3223596811294556,1.4353830814361572,0.10000000149011612,0.10000000149011612,0.10000000149011612,0.10000000149011612,0.10000000149011612,0.10000000149011612,0.10000000149011612,0.10000000149011612,0.10000000149011612,0.10000000149011612
54,OMN,Oman,2018,-1.4833542108535767,-0.44160836935043335,5.5,1,-0.0670604482293129,-0.2567063570022583,0.022247422486543655,0.033277593553066254,0.10000000149011612,0.10000000149011612,0.10000000149011612,0.10000000149011612,0.10000000149011612,0.10000000149011612,0.10000000149011612,0.10000000149011612,0.10000000149011612,0.10000000149011612
54,OMN,Oman,2019,-1.4833542108535767,-0.44949185848236084,5.5,1,-0.0670604482293129,-0.2567063570022583,0.022247422486543655,0.033277593553066254,0.10000000149011612,0.10000000149011612,0.10000000149011612,0.10000000149011612,0.10000000149011612,0.10000000149011612,0.10000000149011612,0.10000000149011612,0.10000000149011612,0.10000000149011612
54,OMN,Oman,2020,-1.9118425846099854,-0.4573468267917633,5.5,1,-0.0670604482293129,-0.2567063570022583,0.022247422486543655,0.033277593553066254,0.10000000149011612,0.10000000149011612,0.10000000149011612,0.10000000149011612,0.10000000149011612,0.10000000149011612,0.10000000149011612,0.10000000149011612,0.10000000149011612,0.10000000149011612
54,OMN,Oman,2021,-2.7994258403778076,-0.46097254753112793,5.5,1,-0.0670604482293129,-0.2567063570022583,0.022247422486543655,0.033277593553066254,0.10000000149011612,0.10000000149011612,0.10000000149011612,0.10000000149011612,0.10000000149011612,0.10000000149011612,0.10000000149011612,0.10000000149011612,0.10000000149011612,0.10000000149011612
54,OMN,Oman,2022,-4.406257152557373,-0.4623175263404846,5.5,1,-0.0670604482293129,-0.2567063570022583,0.022247422486543655,0.033277593553066254,0.10000000149011612,0.10000000149011612,0.10000000149011612,0.10000000149011612,0.10000000149011612,0.10000000149011612,0.10000000149011612,0.10000000149011612,0.10000000149011612,0.10000000149011612
54,OMN,Oman,2023,-4.634274482727051,-0.4625617265701294,5.5,1,-0.0670604482293129,-0.2567063570022583,0.022247422486543655,0.033277593553066254,0.10000000149011612,0.10000000149011612,0.10000000149011612,0.10000000149011612,0.10000000149011612,0.10000000149011612,0.10000000149011612,0.10000000149011612,0.10000000149011612,0.10000000149011612
55,PAK,Pakistan,2018,0.6607634425163269,-0.7555481791496277,3.5642573833465576,5,-1.1695586442947388,-1.022442102432251,-1.2194249629974365,-1.2668088674545288,0.09432335197925568,0.18443451821804047,0.14249864220619202,0.22014841437339783,0.358595073223114,0.0,0.0,0.0,0.0,0.0
55,PAK,Pakistan,2019,0.263211190700531,-0.7438061833381653,3.5642573833465576,5,-1.1695586442947388,-1.022442102432251,-1.2194249629974365,-1.2668088674545288,0.09432335197925568,0.18443451821804047,0.14249864220619202,0.22014841437339783,0.358595073223114,0.0,0.0,0.0,0.0,0.0
55,PAK,Pakistan,2020,0.5979493856430054,-0.7362520694732666,3.5642573833465576,5,-1.1695586442947388,-1.022442102432251,-1.2194249629974365,-1.2668088674545288,0.09432335197925568,0.18443451821804047,0.14249864220619202,0.22014841437339783,0.358595073223114,0.0,0.0,0.0,0.0,0.0
55,PAK,Pakistan,2021,-0.27455824613571167,-0.8512356877326965,3.5642573833465576,5,-1.1695586442947388,-1.022442102432251,-1.2194249629974365,-1.2668088674545288,0.09432335197925568,0.18443451821804047,0.14249864220619202,0.22014841437339783,0.358595073223114,0.0,0.0,0.0,0.0,0.0
55,PAK,Pakistan,2022,-1.3144348859786987,-0.7555221915245056,3.5642573833465576,5,-1.1695586442947388,-1.022442102432251,-1.2194249629974365,-1.2668088674545288,0.09432335197925568,0.18443451821804047,0.14249864220619202,0.22014841437339783,0.358595073223114,0.0,0.0,0.0,0.0,0.0
55,PAK,Pakistan,2023,-1.7306287288665771,-0.7569100260734558,3.5642573833465576,5,-1.1695586442947388,-1.022442102432251,-1.2194249629974365,-1.2668088674545288,0.09432335197925568,0.18443451821804047,0.14249864220619202,0.22014841437339783,0.358595073223114,0.0,0.0,0.0,0.0,0.0
56,PER,Peru,2018,1.0936386585235596,-0.7212991118431091,5.5,1,-0.6950809359550476,-0.8969854712486267,-0.25150150060653687,-0.9367557168006897,0.10000000149011612,0.10000000149011612,0.10000000149011612,0.10000000149011612,0.10000000149011612,0.10000000149011612,0.10000000149011612,0.10000000149011612,0.10000000149011612,0.10000000149011612
56,PER,Peru,2019,1.1609760522842407,-0.7807155251502991,5.5,1,-0.6950809359550476,-0.8969854712486267,-0.25150150060653687,-0.9367557168006897,0.10000000149011612,0.10000000149011612,0.10000000149011612,0.10000000149011612,0.10000000149011612,0.10000000149011612,0.10000000149011612,0.10000000149011612,0.10000000149011612,0.10000000149011612
56,PER,Peru,2020,0.8656606674194336,-0.7959738373756409,5.5,1,-0.6950809359550476,-0.8969854712486267,-0.25150150060653687,-0.9367557168006897,0.10000000149011612,0.10000000149011612,0.10000000149011612,0.10000000149011612,0.10000000149011612,0.10000000149011612,0.10000000149011612,0.10000000149011612,0.10000000149011612,0.10000000149011612
56,PER,Peru,2021,1.0604026317596436,-0.8010926842689514,5.5,1,-0.6950809359550476,-0.8969854712486267,-0.25150150060653687,-0.9367557168006897,0.10000000149011612,0.10000000149011612,0.10000000149011612,0.10000000149011612,0.10000000149011612,0.10000000149011612,0.10000000149011612,0.10000000149011612,0.10000000149011612,0.10000000149011612
56,PER,Peru,2022,1.6989833116531372,-0.7923142313957214,5.5,1,-0.6950809359550476,-0.8969854712486267,-0.25150150060653687,-0.9367557168006897,0.10000000149011612,0.10000000149011612,0.10000000149011612,0.10000000149011612,0.10000000149011612,0.10000000149011612,0.10000000149011612,0.10000000149011612,0.10000000149011612,0.10000000149011612
56,PER,Peru,2023,1.919171690940857,-0.7660568356513977,5.5,1,-0.6950809359550476,-0.8969854712486267,-0.25150150060653687,-0.9367557168006897,0.10000000149011612,0.10000000149011612,0.10000000149011612,0.10000000149011612,0.10000000149011612,0.10000000149011612,0.10000000149011612,0.10000000149011612,0.10000000149011612,0.10000000149011612
57,PHL,Philippines,2018,4.912133693695068,-0.5367339849472046,5.5,1,-0.5819682478904724,-0.5483519434928894,-0.43141669034957886,-0.7661361694335938,0.10000000149011612,0.10000000149011612,0.10000000149011612,0.10000000149011612,0.10000000149011612,0.10000000149011612,0.10000000149011612,0.10000000149011612,0.10000000149011612,0.10000000149011612
57,PHL,Philippines,2019,5.833406925201416,-0.6894392371177673,5.5,1,-0.5819682478904724,-0.5483519434928894,-0.43141669034957886,-0.7661361694335938,0.10000000149011612,0.10000000149011612,0.10000000149011612,0.10000000149011612,0.10000000149011612,0.10000000149011612,0.10000000149011612,0.10000000149011612,0.10000000149011612,0.10000000149011612
57,PHL,Philippines,2020,6.113379955291748,-0.6949330568313599,5.5,1,-0.5819682478904724,-0.5483519434928894,-0.43141669034957886,-0.7661361694335938,0.10000000149011612,0.10000000149011612,0.10000000149011612,0.10000000149011612,0.10000000149011612,0.10000000149011612,0.10000000149011612,0.10000000149011612,0.10000000149011612,0.10000000149011612
57,PHL,Philippines,2021,6.149739742279053,-0.7346312999725342,5.5,1,-0.5819682478904724,-0.5483519434928894,-0.43141669034957886,-0.7661361694335938,0.10000000149011612,0.10000000149011612,0.10000000149011612,0.10000000149011612,0.10000000149011612,0.10000000149011612,0.10000000149011612,0.10000000149011612,0.10000000149011612,0.10000000149011612
57,PHL,Philippines,2022,6.288362503051758,-0.8283562064170837,5.5,1,-0.5819682478904724,-0.5483519434928894,-0.43141669034957886,-0.7661361694335938,0.10000000149011612,0.10000000149011612,0.10000000149011612,0.10000000149011612,0.10000000149011612,0.10000000149011612,0.10000000149011612,0.10000000149011612,0.10000000149011612,0.10000000149011612
57,PHL,Philippines,2023,6.736955165863037,-0.858025848865509,5.5,1,-0.5819682478904724,-0.5483519434928894,-0.43141669034957886,-0.7661361694335938,0.10000000149011612,0.10000000149011612,0.10000000149011612,0.10000000149011612,0.10000000149011612,0.10000000149011612,0.10000000149011612,0.10000000149011612,0.10000000149011612,0.10000000149011612
58,POL,Poland,2018,-5.292060375213623,0.13141486048698425,5.5,1,0.13508905470371246,0.0030404042918235064,0.21474087238311768,0.18748588860034943,0.10000000149011612,0.10000000149011612,0.10000000149011612,0.10000000149011612,0.10000000149011612,0.10000000149011612,0.10000000149011612,0.10000000149011612,0.10000000149011612,0.10000000149011612
58,POL,Poland,2019,-6.858757495880127,0.26361656188964844,5.5,1,0.13508905470371246,0.0030404042918235064,0.21474087238311768,0.18748588860034943,0.10000000149011612,0.10000000149011612,0.10000000149011612,0.10000000149011612,0.10000000149011612,0.10000000149011612,0.10000000149011612,0.10000000149011612,0.10000000149011612,0.10000000149011612
58,POL,Poland,2020,-8.258927345275879,0.3189498782157898,5.5,1,0.13508905470371246,0.0030404042918235064,0.21474087238311768,0.18748588860034943,0.10000000149011612,0.10000000149011612,0.10000000149011612,0.10000000149011612,0.10000000149011612,0.10000000149011612,0.10000000149011612,0.10000000149011612,0.10000000149011612,0.10000000149011612
58,POL,Poland,2021,-7.500536918640137,0.3540692627429962,5.5,1,0.13508905470371246,0.0030404042918235064,0.21474087238311768,0.18748588860034943,0.10000000149011612,0.10000000149011612,0.10000000149011612,0.10000000149011612,0.10000000149011612,0.10000000149011612,0.10000000149011612,0.10000000149011612,0.10000000149011612,0.10000000149011612
58,POL,Poland,2022,-8.502216339111328,0.38237816095352173,5.5,1,0.13508905470371246,0.0030404042918235064,0.21474087238311768,0.18748588860034943,0.10000000149011612,0.10000000149011612,0.10000000149011612,0.10000000149011612,0.10000000149011612,0.10000000149011612,0.10000000149011612,0.10000000149011612,0.10000000149011612,0.10000000149011612
58,POL,Poland,2023,-11.761031150817871,0.39198312163352966,5.5,1,0.13508905470371246,0.0030404042918235064,0.21474087238311768,0.18748588860034943,0.10000000149011612,0.10000000149011612,0.10000000149011612,0.10000000149011612,0.10000000149011612,0.10000000149011612,0.10000000149011612,0.10000000149011612,0.10000000149011612,0.10000000149011612
59,PRT,Portugal,2018,-1.9006779193878174,-0.13580642640590668,5.5,1,0.5889715552330017,0.3899436593055725,0.6463295221328735,0.7306414842605591,0.10000000149011612,0.10000000149011612,0.10000000149011612,0.10000000149011612,0.10000000149011612,0.10000000149011612,0.10000000149011612,0.10000000149011612,0.10000000149011612,0.10000000149011612
59,PRT,Portugal,2019,-2.685220718383789,0.09535485506057739,5.5,1,0.5889715552330017,0.3899436593055725,0.6463295221328735,0.7306414842605591,0.10000000149011612,0.10000000149011612,0.10000000149011612,0.10000000149011612,0.10000000149011612,0.10000000149011612,0.10000000149011612,0.10000000149011612,0.10000000149011612,0.10000000149011612
59,PRT,Portugal,2020,-3.400998592376709,0.24564693868160248,5.5,1,0.5889715552330017,0.3899436593055725,0.6463295221328735,0.7306414842605591,0.10000000149011612,0.10000000149011612,0.10000000149011612,0.10000000149011612,0.10000000149011612,0.10000000149011612,0.10000000149011612,0.10000000149011612,0.10000000149011612,0.10000000149011612
59,PRT,Portugal,2021,-3.9149670600891113,0.2685937285423279,5.5,1,0.5889715552330017,0.3899436593055725,0.6463295221328735,0.7306414842605591,0.10000000149011612,0.10000000149011612,0.10000000149011612,0.10000000149011612,0.10000000149011612,0.10000000149011612,0.10000000149011612,0.10000000149011612,0.10000000149011612,0.10000000149011612
59,PRT,Portugal,2022,-3.713021755218506,0.2258850783109665,5.5,1,0.5889715552330017,0.3899436593055725,0.6463295221328735,0.7306414842605591,0.10000000149011612,0.10000000149011612,0.10000000149011612,0.10000000149011612,0.10000000149011612,0.10000000149011612,0.10000000149011612,0.10000000149011612,0.10000000149011612,0.10000000149011612
59,PRT,Portugal,2023,-4.624629497528076,0.30543389916419983,5.5,1,0.5889715552330017,0.3899436593055725,0.6463295221328735,0.7306414842605591,0.10000000149011612,0.10000000149011612,0.10000000149011612,0.10000000149011612,0.10000000149011612,0.10000000149011612,0.10000000149011612,0.10000000149011612,0.10000000149011612,0.10000000149011612
60,QAT,Qatar,2018,-6.880117416381836,-0.35333308577537537,5.5,1,-0.037850040942430496,0.02352459356188774,-0.20334964990615845,0.06627492606639862,0.10000000149011612,0.10000000149011612,0.10000000149011612,0.10000000149011612,0.10000000149011612,0.10000000149011612,0.10000000149011612,0.10000000149011612,0.10000000149011612,0.10000000149011612
60,QAT,Qatar,2019,-4.506235599517822,-0.10931898653507233,5.5,1,-0.037850040942430496,0.02352459356188774,-0.20334964990615845,0.06627492606639862,0.10000000149011612,0.10000000149011612,0.10000000149011612,0.10000000149011612,0.10000000149011612,0.10000000149011612,0.10000000149011612,0.10000000149011612,0.10000000149011612,0.10000000149011612
60,QAT,Qatar,2020,-5.444746971130371,0.038097549229860306,5.5,1,-0.037850040942430496,0.02352459356188774,-0.20334964990615845,0.06627492606639862,0.10000000149011612,0.10000000149011612,0.10000000149011612,0.10000000149011612,0.10000000149011612,0.10000000149011612,0.10000000149011612,0.10000000149011612,0.10000000149011612,0.10000000149011612
60,QAT,Qatar,2021,-6.548878192901611,0.33326494693756104,5.5,1,-0.037850040942430496,0.02352459356188774,-0.20334964990615845,0.06627492606639862,0.10000000149011612,0.10000000149011612,0.10000000149011612,0.10000000149011612,0.10000000149011612,0.10000000149011612,0.10000000149011612,0.10000000149011612,0.10000000149011612,0.10000000149011612
60,QAT,Qatar,2022,-4.892681121826172,0.36410510540008545,5.5,1,-0.037850040942430496,0.02352459356188774,-0.20334964990615845,0.06627492606639862,0.10000000149011612,0.10000000149011612,0.10000000149011612,0.10000000149011612,0.10000000149011612,0.10000000149011612,0.10000000149011612,0.10000000149011612,0.10000000149011612,0.10000000149011612
60,QAT,Qatar,2023,-5.334333896636963,0.3990735113620758,5.5,1,-0.037850040942430496,0.02352459356188774,-0.20334964990615845,0.06627492606639862,0.10000000149011612,0.10000000149011612,0.10000000149011612,0.10000000149011612,0.10000000149011612,0.10000000149011612,0.10000000149011612,0.10000000149011612,0.10000000149011612,0.10000000149011612
61,ROU,Romania,2018,-3.695746898651123,-0.27560392022132874,5.5,1,-0.6137262582778931,-0.9381364583969116,-0.44055911898612976,-0.4624831974506378,0.10000000149011612,0.10000000149011612,0.10000000149011612,0.10000000149011612,0.10000000149011612,0.10000000149011612,0.10000000149011612,0.10000000149011612,0.10000000149011612,0.10000000149011612
61,ROU,Romania,2019,-4.160907745361328,-0.18192945420742035,5.5,1,-0.6137262582778931,-0.9381364583969116,-0.44055911898612976,-0.4624831974506378,0.10000000149011612,0.10000000149011612,0.10000000149011612,0.10000000149011612,0.10000000149011612,0.10000000149011612,0.10000000149011612,0.10000000149011612,0.10000000149011612,0.10000000149011612
61,ROU,Romania,2020,-5.406534671783447,0.2092353254556656,5.5,1,-0.6137262582778931,-0.9381364583969116,-0.44055911898612976,-0.4624831974506378,0.10000000149011612,0.10000000149011612,0.10000000149011612,0.10000000149011612,0.10000000149011612,0.10000000149011612,0.10000000149011612,0.10000000149011612,0.10000000149011612,0.10000000149011612
61,ROU,Romania,2021,-5.111453533172607,0.12492050230503082,5.5,1,-0.6137262582778931,-0.9381364583969116,-0.44055911898612976,-0.4624831974506378,0.10000000149011612,0.10000000149011612,0.10000000149011612,0.10000000149011612,0.10000000149011612,0.10000000149011612,0.10000000149011612,0.10000000149011612,0.10000000149011612,0.10000000149011612
61,ROU,Romania,2022,-4.921149253845215,0.1025523990392685,5.5,1,-0.6137262582778931,-0.9381364583969116,-0.44055911898612976,-0.4624831974506378,0.10000000149011612,0.10000000149011612,0.10000000149011612,0.10000000149011612,0.10000000149011612,0.10000000149011612,0.10000000149011612,0.10000000149011612,0.10000000149011612,0.10000000149011612
61,ROU,Romania,2023,-6.2508416175842285,0.3280482888221741,5.5,1,-0.6137262582778931,-0.9381364583969116,-0.44055911898612976,-0.4624831974506378,0.10000000149011612,0.10000000149011612,0.10000000149011612,0.10000000149011612,0.10000000149011612,0.10000000149011612,0.10000000149011612,0.10000000149011612,0.10000000149011612,0.10000000149011612
62,RUS,Russia,2018,-3.6435298919677734,-0.635993480682373,6.905602931976318,8,-1.1349221467971802,-1.1962112188339233,-0.9114767909049988,-1.2970784902572632,0.013176225125789642,0.0212938841432333,0.04172949120402336,0.0662805438041687,0.09100862592458725,0.1485372632741928,0.18533042073249817,0.1860377937555313,0.13841161131858826,0.10819414258003235
62,RUS,Russia,2019,-3.5361337661743164,-0.7659996747970581,6.905602931976318,8,-1.1349221467971802,-1.1962112188339233,-0.9114767909049988,-1.2970784902572632,0.013176225125789642,0.0212938841432333,0.04172949120402336,0.0662805438041687,0.09100862592458725,0.1485372632741928,0.18533042073249817,0.1860377937555313,0.13841161131858826,0.10819414258003235
62,RUS,Russia,2020,-6.922895908355713,-0.836168110370636,6.905602931976318,8,-1.1349221467971802,-1.1962112188339233,-0.9114767909049988,-1.2970784902572632,0.013176225125789642,0.0212938841432333,0.04172949120402336,0.0662805438041687,0.09100862592458725,0.1485372632741928,0.18533042073249817,0.1860377937555313,0.13841161131858826,0.10819414258003235
62,RUS,Russia,2021,-5.5373334884643555,-0.8305153250694275,6.905602931976318,8,-1.1349221467971802,-1.1962112188339233,-0.9114767909049988,-1.2970784902572632,0.013176225125789642,0.0212938841432333,0.04172949120402336,0.0662805438041687,0.09100862592458725,0.1485372632741928,0.18533042073249817,0.1860377937555313,0.13841161131858826,0.10819414258003235
62,RUS,Russia,2022,-4.097316741943359,-0.7145664095878601,6.905602931976318,8,-1.1349221467971802,-1.1962112188339233,-0.9114767909049988,-1.2970784902572632,0.013176225125789642,0.0212938841432333,0.04172949120402336,0.0662805438041687,0.09100862592458725,0.1485372632741928,0.18533042073249817,0.1860377937555313,0.13841161131858826,0.10819414258003235
62,RUS,Russia,2023,-3.127725601196289,-0.7343051433563232,6.905602931976318,8,-1.1349221467971802,-1.1962112188339233,-0.9114767909049988,-1.2970784902572632,0.013176225125789642,0.0212938841432333,0.04172949120402336,0.0662805438041687,0.09100862592458725,0.1485372632741928,0.18533042073249817,0.1860377937555313,0.13841161131858826,0.10819414258003235
63,SAU,Saudi Arabia,2018,2.299851655960083,-0.37040406465530396,6.141021728515625,7,-0.5544285178184509,-0.6724381446838379,-0.49509498476982117,-0.4957524538040161,0.04650959372520447,0.0556020513176918,0.08109676092863083,0.08408182859420776,0.10504762083292007,0.13884516060352325,0.15460921823978424,0.13203512132167816,0.1148904338479042,0.08728216588497162
63,SAU,Saudi Arabia,2019,1.9578986167907715,0.047801677137613297,6.141021728515625,7,-0.5544285178184509,-0.6724381446838379,-0.49509498476982117,-0.4957524538040161,0.04650959372520447,0.0556020513176918,0.08109676092863083,0.08408182859420776,0.10504762083292007,0.13884516060352325,0.15460921823978424,0.13203512132167816,0.1148904338479042,0.08728216588497162
63,SAU,Saudi Arabia,2020,2.004265069961548,0.10758574306964874,6.141021728515625,7,-0.5544285178184509,-0.6724381446838379,-0.49509498476982117,-0.4957524538040161,0.04650959372520447,0.0556020513176918,0.08109676092863083,0.08408182859420776,0.10504762083292007,0.13884516060352325,0.15460921823978424,0.13203512132167816,0.1148904338479042,0.08728216588497162
63,SAU,Saudi Arabia,2021,2.169445753097534,0.35463178157806396,6.141021728515625,7,-0.5544285178184509,-0.6724381446838379,-0.49509498476982117,-0.4957524538040161,0.04650959372520447,0.0556020513176918,0.08109676092863083,0.08408182859420776,0.10504762083292007,0.13884516060352325,0.15460921823978424,0.13203512132167816,0.1148904338479042,0.08728216588497162
63,SAU,Saudi Arabia,2022,1.4797439575195312,0.3856464624404907,6.141021728515625,7,-0.5544285178184509,-0.6724381446838379,-0.49509498476982117,-0.4957524538040161,0.04650959372520447,0.0556020513176918,0.08109676092863083,0.08408182859420776,0.10504762083292007,0.13884516060352325,0.15460921823978424,0.13203512132167816,0.1148904338479042,0.08728216588497162
63,SAU,Saudi Arabia,2023,0.6857173442840576,0.4098455309867859,6.141021728515625,7,-0.5544285178184509,-0.6724381446838379,-0.49509498476982117,-0.4957524538040161,0.04650959372520447,0.0556020513176918,0.08109676092863083,0.08408182859420776,0.10504762083292007,0.13884516060352325,0.15460921823978424,0.13203512132167816,0.1148904338479042,0.08728216588497162
64,SGP,Singapore,2018,-1.5155048370361328,-0.44843992590904236,5.5,1,1.4344711303710938,1.7217825651168823,1.536649465560913,1.0449817180633545,0.10000000149011612,0.10000000149011612,0.10000000149011612,0.10000000149011612,0.10000000149011612,0.10000000149011612,0.10000000149011612,0.10000000149011612,0.10000000149011612,0.10000000149011612
64,SGP,Singapore,2019,-1.5344992876052856,-0.4277504086494446,5.5,1,1.4344711303710938,1.7217825651168823,1.536649465560913,1.0449817180633545,0.10000000149011612,0.10000000149011612,0.10000000149011612,0.10000000149011612,0.10000000149011612,0.10000000149011612,0.10000000149011612,0.10000000149011612,0.10000000149011612,0.10000000149011612
64,SGP,Singapore,2020,-1.5631846189498901,-0.3324741721153259,5.5,1,1.4344711303710938,1.7217825651168823,1.536649465560913,1.0449817180633545,0.10000000149011612,0.10000000149011612,0.10000000149011612,0.10000000149011612,0.10000000149011612,0.10000000149011612,0.10000000149011612,0.10000000149011612,0.10000000149011612,0.10000000149011612
64,SGP,Singapore,2021,-1.5329487323760986,-0.2851940393447876,5.5,1,1.4344711303710938,1.7217825651168823,1.536649465560913,1.0449817180633545,0.10000000149011612,0.10000000149011612,0.10000000149011612,0.10000000149011612,0.10000000149011612,0.10000000149011612,0.10000000149011612,0.10000000149011612,0.10000000149011612,0.10000000149011612
64,SGP,Singapore,2022,-1.5709375143051147,-0.1793624758720398,5.5,1,1.4344711303710938,1.7217825651168823,1.536649465560913,1.0449817180633545,0.10000000149011612,0.10000000149011612,0.10000000149011612,0.10000000149011612,0.10000000149011612,0.10000000149011612,0.10000000149011612,0.10000000149011612,0.10000000149011612,0.10000000149011612
64,SGP,Singapore,2023,-1.6358672380447388,-0.06180913373827934,5.5,1,1.4344711303710938,1.7217825651168823,1.536649465560913,1.0449817180633545,0.10000000149011612,0.10000000149011612,0.10000000149011612,0.10000000149011612,0.10000000149011612,0.10000000149011612,0.10000000149011612,0.10000000149011612,0.10000000149011612,0.10000000149011612
65,SVK,Slovakia,2018,-1.5849237442016602,-0.10996787250041962,5.5,1,0.11652449518442154,0.11614179611206055,0.3065413236618042,-0.07310961931943893,0.10000000149011612,0.10000000149011612,0.10000000149011612,0.10000000149011612,0.10000000149011612,0.10000000149011612,0.10000000149011612,0.10000000149011612,0.10000000149011612,0.10000000149011612
65,SVK,Slovakia,2019,-2.091881036758423,0.200758159160614,5.5,1,0.11652449518442154,0.11614179611206055,0.3065413236618042,-0.07310961931943893,0.10000000149011612,0.10000000149011612,0.10000000149011612,0.10000000149011612,0.10000000149011612,0.10000000149011612,0.10000000149011612,0.10000000149011612,0.10000000149011612,0.10000000149011612
65,SVK,Slovakia,2020,-2.406219482421875,0.29448413848876953,5.5,1,0.11652449518442154,0.11614179611206055,0.3065413236618042,-0.07310961931943893,0.10000000149011612,0.10000000149011612,0.10000000149011612,0.10000000149011612,0.10000000149011612,0.10000000149011612,0.10000000149011612,0.10000000149011612,0.10000000149011612,0.10000000149011612
65,SVK,Slovakia,2021,-2.1880667209625244,0.29181969165802,5.5,1,0.11652449518442154,0.11614179611206055,0.3065413236618042,-0.07310961931943893,0.10000000149011612,0.10000000149011612,0.10000000149011612,0.10000000149011612,0.10000000149011612,0.10000000149011612,0.10000000149011612,0.10000000149011612,0.10000000149011612,0.10000000149011612
65,SVK,Slovakia,2022,-2.8150081634521484,0.3409014344215393,5.5,1,0.11652449518442154,0.11614179611206055,0.3065413236618042,-0.07310961931943893,0.10000000149011612,0.10000000149011612,0.10000000149011612,0.10000000149011612,0.10000000149011612,0.10000000149011612,0.10000000149011612,0.10000000149011612,0.10000000149011612,0.10000000149011612
65,SVK,Slovakia,2023,-3.482109785079956,0.3687340021133423,5.5,1,0.11652449518442154,0.11614179611206055,0.3065413236618042,-0.07310961931943893,0.10000000149011612,0.10000000149011612,0.10000000149011612,0.10000000149011612,0.10000000149011612,0.10000000149011612,0.10000000149011612,0.10000000149011612,0.10000000149011612,0.10000000149011612
66,SVN,Slovenia,2018,-4.337141990661621,-0.1960020363330841,5.5,1,0.38642582297325134,0.28950437903404236,0.34630832076072693,0.5234646797180176,0.10000000149011612,0.10000000149011612,0.10000000149011612,0.10000000149011612,0.10000000149011612,0.10000000149011612,0.10000000149011612,0.10000000149011612,0.10000000149011612,0.10000000149011612
66,SVN,Slovenia,2019,-4.712256908416748,0.19843192398548126,5.5,1,0.38642582297325134,0.28950437903404236,0.34630832076072693,0.5234646797180176,0.10000000149011612,0.10000000149011612,0.10000000149011612,0.10000000149011612,0.10000000149011612,0.10000000149011612,0.10000000149011612,0.10000000149011612,0.10000000149011612,0.10000000149011612
66,SVN,Slovenia,2020,-6.15969705581665,0.24120013415813446,5.5,1,0.38642582297325134,0.28950437903404236,0.34630832076072693,0.5234646797180176,0.10000000149011612,0.10000000149011612,0.10000000149011612,0.10000000149011612,0.10000000149011612,0.10000000149011612,0.10000000149011612,0.10000000149011612,0.10000000149011612,0.10000000149011612
66,SVN,Slovenia,2021,-6.669349670410156,0.18247605860233307,5.5,1,0.38642582297325134,0.28950437903404236,0.34630832076072693,0.5234646797180176,0.10000000149011612,0.10000000149011612,0.10000000149011612,0.10000000149011612,0.10000000149011612,0.10000000149011612,0.10000000149011612,0.10000000149011612,0.10000000149011612,0.10000000149011612
66,SVN,Slovenia,2022,-7.458681583404541,0.2628668546676636,5.5,1,0.38642582297325134,0.28950437903404236,0.34630832076072693,0.5234646797180176,0.10000000149011612,0.10000000149011612,0.10000000149011612,0.10000000149011612,0.10000000149011612,0.10000000149011612,0.10000000149011612,0.10000000149011612,0.10000000149011612,0.10000000149011612
66,SVN,Slovenia,2023,-9.606645584106445,0.32354629039764404,5.5,1,0.38642582297325134,0.28950437903404236,0.34630832076072693,0.5234646797180176,0.10000000149011612,0.10000000149011612,0.10000000149011612,0.10000000149011612,0.10000000149011612,0.10000000149011612,0.10000000149011612,0.10000000149011612,0.10000000149011612,0.10000000149011612
67,SWE,Sweden,2018,-1.111396074295044,0.07568340003490448,5.5,1,1.3480762243270874,1.4301238059997559,1.161694884300232,1.4524099826812744,0.10000000149011612,0.10000000149011612,0.10000000149011612,0.10000000149011612,0.10000000149011612,0.10000000149011612,0.10000000149011612,0.10000000149011612,0.10000000149011612,0.10000000149011612
67,SWE,Sweden,2019,-1.153639554977417,0.19360579550266266,5.5,1,1.3480762243270874,1.4301238059997559,1.161694884300232,1.4524099826812744,0.10000000149011612,0.10000000149011612,0.10000000149011612,0.10000000149011612,0.10000000149011612,0.10000000149011612,0.10000000149011612,0.10000000149011612,0.10000000149011612,0.10000000149011612
67,SWE,Sweden,2020,-1.5468288660049438,0.18161268532276154,5.5,1,1.3480762243270874,1.4301238059997559,1.161694884300232,1.4524099826812744,0.10000000149011612,0.10000000149011612,0.10000000149011612,0.10000000149011612,0.10000000149011612,0.10000000149011612,0.10000000149011612,0.10000000149011612,0.10000000149011612,0.10000000149011612
67,SWE,Sweden,2021,-1.2186294794082642,0.23186813294887543,5.5,1,1.3480762243270874,1.4301238059997559,1.161694884300232,1.4524099826812744,0.10000000149011612,0.10000000149011612,0.10000000149011612,0.10000000149011612,0.10000000149011612,0.10000000149011612,0.10000000149011612,0.10000000149011612,0.10000000149011612,0.10000000149011612
67,SWE,Sweden,2022,-1.295534372329712,0.2945946455001831,5.5,1,1.3480762243270874,1.4301238059997559,1.161694884300232,1.4524099826812744,0.10000000149011612,0.10000000149011612,0.10000000149011612,0.10000000149011612,0.10000000149011612,0.10000000149011612,0.10000000149011612,0.10000000149011612,0.10000000149011612,0.10000000149011612
67,SWE,Sweden,2023,-1.5739079713821411,0.26334482431411743,5.5,1,1.3480762243270874,1.4301238059997559,1.161694884300232,1.4524099826812744,0.10000000149011612,0.10000000149011612,0.10000000149011612,0.10000000149011612,0.10000000149011612,0.10000000149011612,0.10000000149011612,0.10000000149011612,0.10000000149011612,0.10000000149011612
68,THA,Thailand,2018,-6.279742240905762,0.027247611433267593,5.5,1,-0.2564157247543335,-0.22457081079483032,-0.3106171190738678,-0.23405922949314117,0.10000000149011612,0.10000000149011612,0.10000000149011612,0.10000000149011612,0.10000000149011612,0.10000000149011612,0.10000000149011612,0.10000000149011612,0.10000000149011612,0.10000000149011612
68,THA,Thailand,2019,-7.279186248779297,0.16455622017383575,5.5,1,-0.2564157247543335,-0.22457081079483032,-0.3106171190738678,-0.23405922949314117,0.10000000149011612,0.10000000149011612,0.10000000149011612,0.10000000149011612,0.10000000149011612,0.10000000149011612,0.10000000149011612,0.10000000149011612,0.10000000149011612,0.10000000149011612
68,THA,Thailand,2020,-5.78999662399292,0.10820643603801727,5.5,1,-0.2564157247543335,-0.22457081079483032,-0.3106171190738678,-0.23405922949314117,0.10000000149011612,0.10000000149011612,0.10000000149011612,0.10000000149011612,0.10000000149011612,0.10000000149011612,0.10000000149011612,0.10000000149011612,0.10000000149011612,0.10000000149011612
68,THA,Thailand,2021,-6.593542575836182,0.29984110593795776,5.5,1,-0.2564157247543335,-0.22457081079483032,-0.3106171190738678,-0.23405922949314117,0.10000000149011612,0.10000000149011612,0.10000000149011612,0.10000000149011612,0.10000000149011612,0.10000000149011612,0.10000000149011612,0.10000000149011612,0.10000000149011612,0.10000000149011612
68,THA,Thailand,2022,-7.6401472091674805,0.34160688519477844,5.5,1,-0.2564157247543335,-0.22457081079483032,-0.3106171190738678,-0.23405922949314117,0.10000000149011612,0.10000000149011612,0.10000000149011612,0.10000000149011612,0.10000000149011612,0.10000000149011612,0.10000000149011612,0.10000000149011612,0.10000000149011612,0.10000000149011612
68,THA,Thailand,2023,-9.644476890563965,0.36008667945861816,5.5,1,-0.2564157247543335,-0.22457081079483032,-0.3106171190738678,-0.23405922949314117,0.10000000149011612,0.10000000149011612,0.10000000149011612,0.10000000149011612,0.10000000149011612,0.10000000149011612,0.10000000149011612,0.10000000149011612,0.10000000149011612,0.10000000149011612
69,TKM,Turkmenistan,2018,-0.8944293856620789,-0.6619606614112854,7.7182230949401855,7,-2.006190538406372,-1.8531438112258911,-2.4522314071655273,-1.7131962776184082,0.0,0.0,0.0,0.0,0.0,0.22150929272174835,0.2983708083629608,0.16747426986694336,0.16567832231521606,0.1469673067331314
69,TKM,Turkmenistan,2019,1.0794837474822998,-0.6847845315933228,7.7182230949401855,7,-2.006190538406372,-1.8531438112258911,-2.4522314071655273,-1.7131962776184082,0.0,0.0,0.0,0.0,0.0,0.22150929272174835,0.2983708083629608,0.16747426986694336,0.16567832231521606,0.1469673067331314
69,TKM,Turkmenistan,2020,1.1499806642532349,-0.6347889304161072,7.7182230949401855,7,-2.006190538406372,-1.8531438112258911,-2.4522314071655273,-1.7131962776184082,0.0,0.0,0.0,0.0,0.0,0.22150929272174835,0.2983708083629608,0.16747426986694336,0.16567832231521606,0.1469673067331314
69,TKM,Turkmenistan,2021,-3.7143051624298096,-0.6216914057731628,7.7182230949401855,7,-2.006190538406372,-1.8531438112258911,-2.4522314071655273,-1.7131962776184082,0.0,0.0,0.0,0.0,0.0,0.22150929272174835,0.2983708083629608,0.16747426986694336,0.16567832231521606,0.1469673067331314
69,TKM,Turkmenistan,2022,-2.6568517684936523,-0.516402542591095,7.7182230949401855,7,-2.006190538406372,-1.8531438112258911,-2.4522314071655273,-1.7131962776184082,0.0,0.0,0.0,0.0,0.0,0.22150929272174835,0.2983708083629608,0.16747426986694336,0.16567832231521606,0.1469673067331314
69,TKM,Turkmenistan,2023,-1.52890145778656,-0.4519008994102478,7.7182230949401855,7,-2.006190538406372,-1.8531438112258911,-2.4522314071655273,-1.7131962776184082,0.0,0.0,0.0,0.0,0.0,0.22150929272174835,0.2983708083629608,0.16747426986694336,0.16567832231521606,0.1469673067331314
70,TTO,Trinidad and Tobago,2018,1.318193793296814,-0.7254428267478943,5.5,1,-0.04588906839489937,-0.1480531096458435,0.11017729341983795,-0.09979138523340225,0.10000000149011612,0.10000000149011612,0.10000000149011612,0.10000000149011612,0.10000000149011612,0.10000000149011612,0.10000000149011612,0.10000000149011612,0.10000000149011612,0.10000000149011612
70,TTO,Trinidad and Tobago,2019,1.3760409355163574,-0.8223914504051208,5.5,1,-0.04588906839489937,-0.1480531096458435,0.11017729341983795,-0.09979138523340225,0.10000000149011612,0.10000000149011612,0.10000000149011612,0.10000000149011612,0.10000000149011612,0.10000000149011612,0.10000000149011612,0.10000000149011612,0.10000000149011612,0.10000000149011612
70,TTO,Trinidad and Tobago,2020,1.318193793296814,-0.8346045613288879,5.5,1,-0.04588906839489937,-0.1480531096458435,0.11017729341983795,-0.09979138523340225,0.10000000149011612,0.10000000149011612,0.10000000149011612,0.10000000149011612,0.10000000149011612,0.10000000149011612,0.10000000149011612,0.10000000149011612,0.10000000149011612,0.10000000149011612
70,TTO,Trinidad and Tobago,2021,1.665277123451233,-0.8337234854698181,5.5,1,-0.04588906839489937,-0.1480531096458435,0.11017729341983795,-0.09979138523340225,0.10000000149011612,0.10000000149011612,0.10000000149011612,0.10000000149011612,0.10000000149011612,0.10000000149011612,0.10000000149011612,0.10000000149011612,0.10000000149011612,0.10000000149011612
70,TTO,Trinidad and Tobago,2022,2.058638334274292,-0.8351475596427917,5.5,1,-0.04588906839489937,-0.1480531096458435,0.11017729341983795,-0.09979138523340225,0.10000000149011612,0.10000000149011612,0.10000000149011612,0.10000000149011612,0.10000000149011612,0.10000000149011612,0.10000000149011612,0.10000000149011612,0.10000000149011612,0.10000000149011612
70,TTO,Trinidad and Tobago,2023,2.058638334274292,-0.8361148834228516,5.5,1,-0.04588906839489937,-0.1480531096458435,0.11017729341983795,-0.09979138523340225,0.10000000149011612,0.10000000149011612,0.10000000149011612,0.10000000149011612,0.10000000149011612,0.10000000149011612,0.10000000149011612,0.10000000149011612,0.10000000149011612,0.10000000149011612
71,TUR,Turkey,2018,-0.10262159258127213,-0.6029770970344543,5.5,1,-0.3568929135799408,-0.3960716426372528,-0.2856121361255646,-0.3889949917793274,0.10000000149011612,0.10000000149011612,0.10000000149011612,0.10000000149011612,0.10000000149011612,0.10000000149011612,0.10000000149011612,0.10000000149011612,0.10000000149011612,0.10000000149011612
71,TUR,Turkey,2019,-1.772402048110962,-0.45352450013160706,5.5,1,-0.3568929135799408,-0.3960716426372528,-0.2856121361255646,-0.3889949917793274,0.10000000149011612,0.10000000149011612,0.10000000149011612,0.10000000149011612,0.10000000149011612,0.10000000149011612,0.10000000149011612,0.10000000149011612,0.10000000149011612,0.10000000149011612
71,TUR,Turkey,2020,-1.959740161895752,-0.16594262421131134,5.5,1,-0.3568929135799408,-0.3960716426372528,-0.2856121361255646,-0.3889949917793274,0.10000000149011612,0.10000000149011612,0.10000000149011612,0.10000000149011612,0.10000000149011612,0.10000000149011612,0.10000000149011612,0.10000000149011612,0.10000000149011612,0.10000000149011612
71,TUR,Turkey,2021,-1.391783356666565,-0.24716736376285553,5.5,1,-0.3568929135799408,-0.3960716426372528,-0.2856121361255646,-0.3889949917793274,0.10000000149011612,0.10000000149011612,0.10000000149011612,0.10000000149011612,0.10000000149011612,0.10000000149011612,0.10000000149011612,0.10000000149011612,0.10000000149011612,0.10000000149011612
71,TUR,Turkey,2022,-1.788352370262146,-0.10138870775699615,5.5,1,-0.3568929135799408,-0.3960716426372528,-0.2856121361255646,-0.3889949917793274,0.10000000149011612,0.10000000149011612,0.10000000149011612,0.10000000149011612,0.10000000149011612,0.10000000149011612,0.10000000149011612,0.10000000149011612,0.10000000149011612,0.10000000149011612
71,TUR,Turkey,2023,-1.6069564819335938,0.00874023512005806,5.5,1,-0.3568929135799408,-0.3960716426372528,-0.2856121361255646,-0.3889949917793274,0.10000000149011612,0.10000000149011612,0.10000000149011612,0.10000000149011612,0.10000000149011612,0.10000000149011612,0.10000000149011612,0.10000000149011612,0.10000000149011612,0.10000000149011612
72,UKR,Ukraine,2018,-3.635014295578003,-0.2774699926376343,5.5,1,-1.2346214056015015,-1.3236093521118164,-1.1485481262207031,-1.2317067384719849,0.10000000149011612,0.10000000149011612,0.10000000149011612,0.10000000149011612,0.10000000149011612,0.10000000149011612,0.10000000149011612,0.10000000149011612,0.10000000149011612,0.10000000149011612
72,UKR,Ukraine,2019,-4.1212358474731445,-0.059694718569517136,5.5,1,-1.2346214056015015,-1.3236093521118164,-1.1485481262207031,-1.2317067384719849,0.10000000149011612,0.10000000149011612,0.10000000149011612,0.10000000149011612,0.10000000149011612,0.10000000149011612,0.10000000149011612,0.10000000149011612,0.10000000149011612,0.10000000149011612
72,UKR,Ukraine,2020,-5.126094341278076,-0.10896454751491547,5.5,1,-1.2346214056015015,-1.3236093521118164,-1.1485481262207031,-1.2317067384719849,0.10000000149011612,0.10000000149011612,0.10000000149011612,0.10000000149011612,0.10000000149011612,0.10000000149011612,0.10000000149011612,0.10000000149011612,0.10000000149011612,0.10000000149011612
72,UKR,Ukraine,2021,-7.988569259643555,-0.24552719295024872,5.5,1,-1.2346214056015015,-1.3236093521118164,-1.1485481262207031,-1.2317067384719849,0.10000000149011612,0.10000000149011612,0.10000000149011612,0.10000000149011612,0.10000000149011612,0.10000000149011612,0.10000000149011612,0.10000000149011612,0.10000000149011612,0.10000000149011612
72,UKR,Ukraine,2022,-9.796317100524902,-0.24367602169513702,5.5,1,-1.2346214056015015,-1.3236093521118164,-1.1485481262207031,-1.2317067384719849,0.10000000149011612,0.10000000149011612,0.10000000149011612,0.10000000149011612,0.10000000149011612,0.10000000149011612,0.10000000149011612,0.10000000149011612,0.10000000149011612,0.10000000149011612
72,UKR,Ukraine,2023,-9.796317100524902,0.11231513321399689,5.5,1,-1.2346214056015015,-1.3236093521118164,-1.1485481262207031,-1.2317067384719849,0.10000000149011612,0.10000000149011612,0.10000000149011612,0.10000000149011612,0.10000000149011612,0.10000000149011612,0.10000000149011612,0.10000000149011612,0.10000000149011612,0.10000000149011612
73,USA,United States,2018,-7.697317123413086,0.05120028927922249,5.5,1,1.167035460472107,1.1881818771362305,1.1316249370574951,1.1812996864318848,0.10000000149011612,0.10000000149011612,0.10000000149011612,0.10000000149011612,0.10000000149011612,0.10000000149011612,0.10000000149011612,0.10000000149011612,0.10000000149011612,0.10000000149011612
73,USA,United States,2019,-9.035722732543945,0.24743889272212982,5.5,1,1.167035460472107,1.1881818771362305,1.1316249370574951,1.1812996864318848,0.10000000149011612,0.10000000149011612,0.10000000149011612,0.10000000149011612,0.10000000149011612,0.10000000149011612,0.10000000149011612,0.10000000149011612,0.10000000149011612,0.10000000149011612
73,USA,United States,2020,-10.637649536132812,0.281005322933197,5.5,1,1.167035460472107,1.1881818771362305,1.1316249370574951,1.1812996864318848,0.10000000149011612,0.10000000149011612,0.10000000149011612,0.10000000149011612,0.10000000149011612,0.10000000149011612,0.10000000149011612,0.10000000149011612,0.10000000149011612,0.10000000149011612
73,USA,United States,2021,-9.941286087036133,0.34616586565971375,5.5,1,1.167035460472107,1.1881818771362305,1.1316249370574951,1.1812996864318848,0.10000000149011612,0.10000000149011612,0.10000000149011612,0.10000000149011612,0.10000000149011612,0.10000000149011612,0.10000000149011612,0.10000000149011612,0.10000000149011612,0.10000000149011612
73,USA,United States,2022,-10.715087890625,0.3586643934249878,5.5,1,1.167035460472107,1.1881818771362305,1.1316249370574951,1.1812996864318848,0.10000000149011612,0.10000000149011612,0.10000000149011612,0.10000000149011612,0.10000000149011612,0.10000000149011612,0.10000000149011612,0.10000000149011612,0.10000000149011612,0.10000000149011612
73,USA,United States,2023,-11.726405143737793,0.3756788969039917,5.5,1,1.167035460472107,1.1881818771362305,1.1316249370574951,1.1812996864318848,0.10000000149011612,0.10000000149011612,0.10000000149011612,0.10000000149011612,0.10000000149011612,0.10000000149011612,0.10000000149011612,0.10000000149011612,0.10000000149011612,0.10000000149011612
74,UZB,Uzbekistan,2018,1.4206937551498413,-0.5259634256362915,5.5,1,-1.8003510236740112,-1.597791075706482,-2.1902878284454346,-1.6129741668701172,0.10000000149011612,0.10000000149011612,0.10000000149011612,0.10000000149011612,0.10000000149011612,0.10000000149011612,0.10000000149011612,0.10000000149011612,0.10000000149011612,0.10000000149011612
74,UZB,Uzbekistan,2019,0.9323561787605286,-0.3986818194389343,5.5,1,-1.8003510236740112,-1.597791075706482,-2.1902878284454346,-1.6129741668701172,0.10000000149011612,0.10000000149011612,0.10000000149011612,0.10000000149011612,0.10000000149011612,0.10000000149011612,0.10000000149011612,0.10000000149011612,0.10000000149011612,0.10000000149011612
74,UZB,Uzbekistan,2020,1.6637600660324097,-0.5334773063659668,5.5,1,-1.8003510236740112,-1.597791075706482,-2.1902878284454346,-1.6129741668701172,0.10000000149011612,0.10000000149011612,0.10000000149011612,0.10000000149011612,0.10000000149011612,0.10000000149011612,0.10000000149011612,0.10000000149011612,0.10000000149011612,0.10000000149011612
74,UZB,Uzbekistan,2021,1.6973286867141724,-0.6219533681869507,5.5,1,-1.8003510236740112,-1.597791075706482,-2.1902878284454346,-1.6129741668701172,0.10000000149011612,0.10000000149011612,0.10000000149011612,0.10000000149011612,0.10000000149011612,0.10000000149011612,0.10000000149011612,0.10000000149011612,0.10000000149011612,0.10000000149011612
74,UZB,Uzbekistan,2022,0.9835667014122009,-0.5488806366920471,5.5,1,-1.8003510236740112,-1.597791075706482,-2.1902878284454346,-1.6129741668701172,0.10000000149011612,0.10000000149011612,0.10000000149011612,0.10000000149011612,0.10000000149011612,0.10000000149011612,0.10000000149011612,0.10000000149011612,0.10000000149011612,0.10000000149011612
74,UZB,Uzbekistan,2023,0.9794012308120728,-0.6876729130744934,5.5,1,-1.8003510236740112,-1.597791075706482,-2.1902878284454346,-1.6129741668701172,0.10000000149011612,0.10000000149011612,0.10000000149011612,0.10000000149011612,0.10000000149011612,0.10000000149011612,0.10000000149011612,0.10000000149011612,0.10000000149011612,0.10000000149011612
75,VEN,Venezuela,2018,4.365685939788818,-0.7398871183395386,1.038573980331421,1,-1.5081526041030884,-1.3741530179977417,-1.5062425136566162,-1.6440623998641968,0.9614259600639343,0.03857402503490448,0.0,0.0,0.0,0.0,0.0,0.0,0.0,0.0
75,VEN,Venezuela,2019,4.361935615539551,-0.8048954010009766,1.038573980331421,1,-1.5081526041030884,-1.3741530179977417,-1.5062425136566162,-1.6440623998641968,0.9614259600639343,0.03857402503490448,0.0,0.0,0.0,0.0,0.0,0.0,0.0,0.0
75,VEN,Venezuela,2020,-2.0265071392059326,-0.783214271068573,1.038573980331421,1,-1.5081526041030884,-1.3741530179977417,-1.5062425136566162,-1.6440623998641968,0.9614259600639343,0.03857402503490448,0.0,0.0,0.0,0.0,0.0,0.0,0.0,0.0
75,VEN,Venezuela,2021,-2.5107500553131104,-0.8484107851982117,1.038573980331421,1,-1.5081526041030884,-1.3741530179977417,-1.5062425136566162,-1.6440623998641968,0.9614259600639343,0.03857402503490448,0.0,0.0,0.0,0.0,0.0,0.0,0.0,0.0
75,VEN,Venezuela,2022,-2.220579147338867,-0.8348855376243591,1.038573980331421,1,-1.5081526041030884,-1.3741530179977417,-1.5062425136566162,-1.6440623998641968,0.9614259600639343,0.03857402503490448,0.0,0.0,0.0,0.0,0.0,0.0,0.0,0.0
75,VEN,Venezuela,2023,-2.2290172576904297,-0.8217894434928894,1.038573980331421,1,-1.5081526041030884,-1.3741530179977417,-1.5062425136566162,-1.6440623998641968,0.9614259600639343,0.03857402503490448,0.0,0.0,0.0,0.0,0.0,0.0,0.0,0.0
76,VNM,Vietnam,2018,1.8500128984451294,-0.35020190477371216,6.333546161651611,6,-1.0041168928146362,-0.9023603796958923,-1.090646505355835,-1.0193438529968262,0.0255128126591444,0.03985704109072685,0.03705565631389618,0.08100520819425583,0.15279802680015564,0.17988455295562744,0.1707351952791214,0.12903647124767303,0.11875423789024353,0.06536079198122025
76,VNM,Vietnam,2019,3.117563009262085,-0.27562713623046875,6.333546161651611,6,-1.0041168928146362,-0.9023603796958923,-1.090646505355835,-1.0193438529968262,0.0255128126591444,0.03985704109072685,0.03705565631389618,0.08100520819425583,0.15279802680015564,0.17988455295562744,0.1707351952791214,0.12903647124767303,0.11875423789024353,0.06536079198122025
76,VNM,Vietnam,2020,2.663336753845215,-0.1855756640434265,6.333546161651611,6,-1.0041168928146362,-0.9023603796958923,-1.090646505355835,-1.0193438529968262,0.0255128126591444,0.03985704109072685,0.03705565631389618,0.08100520819425583,0.15279802680015564,0.17988455295562744,0.1707351952791214,0.12903647124767303,0.11875423789024353,0.06536079198122025
76,VNM,Vietnam,2021,1.7106215953826904,0.009001929312944412,6.333546161651611,6,-1.0041168928146362,-0.9023603796958923,-1.090646505355835,-1.0193438529968262,0.0255128126591444,0.03985704109072685,0.03705565631389618,0.08100520819425583,0.15279802680015564,0.17988455295562744,0.1707351952791214,0.12903647124767303,0.11875423789024353,0.06536079198122025
76,VNM,Vietnam,2022,0.6460008025169373,-0.013319145888090134,6.333546161651611,6,-1.0041168928146362,-0.9023603796958923,-1.090646505355835,-1.0193438529968262,0.0255128126591444,0.03985704109072685,0.03705565631389618,0.08100520819425583,0.15279802680015564,0.17988455295562744,0.1707351952791214,0.12903647124767303,0.11875423789024353,0.06536079198122025
76,VNM,Vietnam,2023,1.6631464958190918,0.002746809273958206,6.333546161651611,6,-1.0041168928146362,-0.9023603796958923,-1.090646505355835,-1.0193438529968262,0.0255128126591444,0.03985704109072685,0.03705565631389618,0.08100520819425583,0.15279802680015564,0.17988455295562744,0.1707351952791214,0.12903647124767303,0.11875423789024353,0.06536079198122025
77,ZAF,South Africa,2018,-6.3950324058532715,-0.5735552310943604,10.0,10,-0.0641661062836647,-0.015326484106481075,0.13372927904129028,-0.31090110540390015,0.0,0.0,0.0,0.0,0.0,0.0,0.0,0.0,0.0,1.0
77,ZAF,South Africa,2019,-8.257451057434082,-0.5174481868743896,10.0,10,-0.0641661062836647,-0.015326484106481075,0.13372927904129028,-0.31090110540390015,0.0,0.0,0.0,0.0,0.0,0.0,0.0,0.0,0.0,1.0
77,ZAF,South Africa,2020,-7.980379581451416,-0.6308503746986389,10.0,10,-0.0641661062836647,-0.015326484106481075,0.13372927904129028,-0.31090110540390015,0.0,0.0,0.0,0.0,0.0,0.0,0.0,0.0,0.0,1.0
77,ZAF,South Africa,2021,-12.659340858459473,0.0743371993303299,10.0,10,-0.0641661062836647,-0.015326484106481075,0.13372927904129028,-0.31090110540390015,0.0,0.0,0.0,0.0,0.0,0.0,0.0,0.0,0.0,1.0
77,ZAF,South Africa,2022,-15.694624900817871,-0.2625023424625397,10.0,10,-0.0641661062836647,-0.015326484106481075,0.13372927904129028,-0.31090110540390015,0.0,0.0,0.0,0.0,0.0,0.0,0.0,0.0,0.0,1.0
77,ZAF,South Africa,2023,-19.3819637298584,-0.09696216881275177,10.0,10,-0.0641661062836647,-0.015326484106481075,0.13372927904129028,-0.31090110540390015,0.0,0.0,0.0,0.0,0.0,0.0,0.0,0.0,0.0,1.0
