entity_id,entity_code,entity_name,year,y_true,y_pred,k_star,omega_peak,proxy_signal_true,proxy_signal_pred,proxy_1_true,proxy_1_pred,proxy_2_true,proxy_2_pred,proxy_3_true,proxy_3_pred,omega_1,omega_2,omega_3,omega_4,omega_5,omega_6,omega_7,omega_8,omega_9,omega_10
0,ARE,United Arab Emirates,2018,-77.53056335449219,0.280275821685791,5.5,1,0.18880443274974823,-0.29449963569641113,0.332748681306839,-0.2961043119430542,0.2764120101928711,-0.28710564970970154,-0.042747389525175095,-0.3002889156341553,0.10000000149011612,0.10000000149011612,0.10000000149011612,0.10000000149011612,0.10000000149011612,0.10000000149011612,0.10000000149011612,0.10000000149011612,0.10000000149011612,0.10000000149011612
0,ARE,United Arab Emirates,2019,-233.2926788330078,-0.08675627410411835,5.5,1,0.18880443274974823,-0.29449963569641113,0.332748681306839,-0.2961043119430542,0.2764120101928711,-0.28710564970970154,-0.042747389525175095,-0.3002889156341553,0.10000000149011612,0.10000000149011612,0.10000000149011612,0.10000000149011612,0.10000000149011612,0.10000000149011612,0.10000000149011612,0.10000000149011612,0.10000000149011612,0.10000000149011612
0,ARE,United Arab Emirates,2020,-435.1805725097656,-0.42260199785232544,5.5,1,0.18880443274974823,-0.29449963569641113,0.332748681306839,-0.2961043119430542,0.2764120101928711,-0.28710564970970154,-0.042747389525175095,-0.3002889156341553,0.10000000149011612,0.10000000149011612,0.10000000149011612,0.10000000149011612,0.10000000149011612,0.10000000149011612,0.10000000149011612,0.10000000149011612,0.10000000149011612,0.10000000149011612
0,ARE,United Arab Emirates,2021,-1001.4480590820312,-0.6923858523368835,5.5,1,0.18880443274974823,-0.29449963569641113,0.332748681306839,-0.2961043119430542,0.2764120101928711,-0.28710564970970154,-0.042747389525175095,-0.3002889156341553,0.10000000149011612,0.10000000149011612,0.10000000149011612,0.10000000149011612,0.10000000149011612,0.10000000149011612,0.10000000149011612,0.10000000149011612,0.10000000149011612,0.10000000149011612
0,ARE,United Arab Emirates,2022,-1657.7239990234375,-0.8693767189979553,5.5,1,0.18880443274974823,-0.29449963569641113,0.332748681306839,-0.2961043119430542,0.2764120101928711,-0.28710564970970154,-0.042747389525175095,-0.3002889156341553,0.10000000149011612,0.10000000149011612,0.10000000149011612,0.10000000149011612,0.10000000149011612,0.10000000149011612,0.10000000149011612,0.10000000149011612,0.10000000149011612,0.10000000149011612
0,ARE,United Arab Emirates,2023,-2705.017333984375,-0.9803785681724548,5.5,1,0.18880443274974823,-0.29449963569641113,0.332748681306839,-0.2961043119430542,0.2764120101928711,-0.28710564970970154,-0.042747389525175095,-0.3002889156341553,0.10000000149011612,0.10000000149011612,0.10000000149011612,0.10000000149011612,0.10000000149011612,0.10000000149011612,0.10000000149011612,0.10000000149011612,0.10000000149011612,0.10000000149011612
1,ARG,Argentina,2018,1.6428788900375366,0.1836639791727066,5.5,1,-0.6909387707710266,-1.0867877006530762,-0.40908560156822205,-1.0927094221115112,-0.8905236124992371,-1.0595016479492188,-0.7732071280479431,-1.1081517934799194,0.10000000149011612,0.10000000149011612,0.10000000149011612,0.10000000149011612,0.10000000149011612,0.10000000149011612,0.10000000149011612,0.10000000149011612,0.10000000149011612,0.10000000149011612
1,ARG,Argentina,2019,1.1453611850738525,0.7288659811019897,5.5,1,-0.6909387707710266,-1.0867877006530762,-0.40908560156822205,-1.0927094221115112,-0.8905236124992371,-1.0595016479492188,-0.7732071280479431,-1.1081517934799194,0.10000000149011612,0.10000000149011612,0.10000000149011612,0.10000000149011612,0.10000000149011612,0.10000000149011612,0.10000000149011612,0.10000000149011612,0.10000000149011612,0.10000000149011612
1,ARG,Argentina,2020,1.0582135915756226,0.9239477515220642,5.5,1,-0.6909387707710266,-1.0867877006530762,-0.40908560156822205,-1.0927094221115112,-0.8905236124992371,-1.0595016479492188,-0.7732071280479431,-1.1081517934799194,0.10000000149011612,0.10000000149011612,0.10000000149011612,0.10000000149011612,0.10000000149011612,0.10000000149011612,0.10000000149011612,0.10000000149011612,0.10000000149011612,0.10000000149011612
1,ARG,Argentina,2021,1.4250097274780273,0.9915068745613098,5.5,1,-0.6909387707710266,-1.0867877006530762,-0.40908560156822205,-1.0927094221115112,-0.8905236124992371,-1.0595016479492188,-0.7732071280479431,-1.1081517934799194,0.10000000149011612,0.10000000149011612,0.10000000149011612,0.10000000149011612,0.10000000149011612,0.10000000149011612,0.10000000149011612,0.10000000149011612,0.10000000149011612,0.10000000149011612
1,ARG,Argentina,2022,0.9982249736785889,0.9772215485572815,5.5,1,-0.6909387707710266,-1.0867877006530762,-0.40908560156822205,-1.0927094221115112,-0.8905236124992371,-1.0595016479492188,-0.7732071280479431,-1.1081517934799194,0.10000000149011612,0.10000000149011612,0.10000000149011612,0.10000000149011612,0.10000000149011612,0.10000000149011612,0.10000000149011612,0.10000000149011612,0.10000000149011612,0.10000000149011612
1,ARG,Argentina,2023,-0.24900130927562714,0.9581522345542908,5.5,1,-0.6909387707710266,-1.0867877006530762,-0.40908560156822205,-1.0927094221115112,-0.8905236124992371,-1.0595016479492188,-0.7732071280479431,-1.1081517934799194,0.10000000149011612,0.10000000149011612,0.10000000149011612,0.10000000149011612,0.10000000149011612,0.10000000149011612,0.10000000149011612,0.10000000149011612,0.10000000149011612,0.10000000149011612
2,AUS,Australia,2018,-7.367125034332275,-0.18478816747665405,5.5,1,1.25566828250885,1.2902107238769531,1.2781401872634888,1.297240972518921,1.1565734148025513,1.2578175067901611,1.3322911262512207,1.315573811531067,0.10000000149011612,0.10000000149011612,0.10000000149011612,0.10000000149011612,0.10000000149011612,0.10000000149011612,0.10000000149011612,0.10000000149011612,0.10000000149011612,0.10000000149011612
2,AUS,Australia,2019,-8.657783508300781,-0.263577938079834,5.5,1,1.25566828250885,1.2902107238769531,1.2781401872634888,1.297240972518921,1.1565734148025513,1.2578175067901611,1.3322911262512207,1.315573811531067,0.10000000149011612,0.10000000149011612,0.10000000149011612,0.10000000149011612,0.10000000149011612,0.10000000149011612,0.10000000149011612,0.10000000149011612,0.10000000149011612,0.10000000149011612
2,AUS,Australia,2020,-10.614906311035156,-0.3860728144645691,5.5,1,1.25566828250885,1.2902107238769531,1.2781401872634888,1.297240972518921,1.1565734148025513,1.2578175067901611,1.3322911262512207,1.315573811531067,0.10000000149011612,0.10000000149011612,0.10000000149011612,0.10000000149011612,0.10000000149011612,0.10000000149011612,0.10000000149011612,0.10000000149011612,0.10000000149011612,0.10000000149011612
2,AUS,Australia,2021,-13.180018424987793,-0.5005267858505249,5.5,1,1.25566828250885,1.2902107238769531,1.2781401872634888,1.297240972518921,1.1565734148025513,1.2578175067901611,1.3322911262512207,1.315573811531067,0.10000000149011612,0.10000000149011612,0.10000000149011612,0.10000000149011612,0.10000000149011612,0.10000000149011612,0.10000000149011612,0.10000000149011612,0.10000000149011612,0.10000000149011612
2,AUS,Australia,2022,-15.15616226196289,-0.6336840987205505,5.5,1,1.25566828250885,1.2902107238769531,1.2781401872634888,1.297240972518921,1.1565734148025513,1.2578175067901611,1.3322911262512207,1.315573811531067,0.10000000149011612,0.10000000149011612,0.10000000149011612,0.10000000149011612,0.10000000149011612,0.10000000149011612,0.10000000149011612,0.10000000149011612,0.10000000149011612,0.10000000149011612
2,AUS,Australia,2023,-16.646900177001953,-0.7197222709655762,5.5,1,1.25566828250885,1.2902107238769531,1.2781401872634888,1.297240972518921,1.1565734148025513,1.2578175067901611,1.3322911262512207,1.315573811531067,0.10000000149011612,0.10000000149011612,0.10000000149011612,0.10000000149011612,0.10000000149011612,0.10000000149011612,0.10000000149011612,0.10000000149011612,0.10000000149011612,0.10000000149011612
3,AUT,Austria,2018,-3.331990957260132,0.3237835168838501,5.5,1,1.3129711151123047,1.3174713850021362,1.3305449485778809,1.3246500492095947,1.1512476205825806,1.2843936681747437,1.4571207761764526,1.3433703184127808,0.10000000149011612,0.10000000149011612,0.10000000149011612,0.10000000149011612,0.10000000149011612,0.10000000149011612,0.10000000149011612,0.10000000149011612,0.10000000149011612,0.10000000149011612
3,AUT,Austria,2019,-3.5629565715789795,0.2565150856971741,5.5,1,1.3129711151123047,1.3174713850021362,1.3305449485778809,1.3246500492095947,1.1512476205825806,1.2843936681747437,1.4571207761764526,1.3433703184127808,0.10000000149011612,0.10000000149011612,0.10000000149011612,0.10000000149011612,0.10000000149011612,0.10000000149011612,0.10000000149011612,0.10000000149011612,0.10000000149011612,0.10000000149011612
3,AUT,Austria,2020,-4.44062614440918,0.08394201099872589,5.5,1,1.3129711151123047,1.3174713850021362,1.3305449485778809,1.3246500492095947,1.1512476205825806,1.2843936681747437,1.4571207761764526,1.3433703184127808,0.10000000149011612,0.10000000149011612,0.10000000149011612,0.10000000149011612,0.10000000149011612,0.10000000149011612,0.10000000149011612,0.10000000149011612,0.10000000149011612,0.10000000149011612
3,AUT,Austria,2021,-4.349145412445068,-0.02327345311641693,5.5,1,1.3129711151123047,1.3174713850021362,1.3305449485778809,1.3246500492095947,1.1512476205825806,1.2843936681747437,1.4571207761764526,1.3433703184127808,0.10000000149011612,0.10000000149011612,0.10000000149011612,0.10000000149011612,0.10000000149011612,0.10000000149011612,0.10000000149011612,0.10000000149011612,0.10000000149011612,0.10000000149011612
3,AUT,Austria,2022,-4.098706245422363,-0.07484464347362518,5.5,1,1.3129711151123047,1.3174713850021362,1.3305449485778809,1.3246500492095947,1.1512476205825806,1.2843936681747437,1.4571207761764526,1.3433703184127808,0.10000000149011612,0.10000000149011612,0.10000000149011612,0.10000000149011612,0.10000000149011612,0.10000000149011612,0.10000000149011612,0.10000000149011612,0.10000000149011612,0.10000000149011612
3,AUT,Austria,2023,-5.443741798400879,-0.15616582334041595,5.5,1,1.3129711151123047,1.3174713850021362,1.3305449485778809,1.3246500492095947,1.1512476205825806,1.2843936681747437,1.4571207761764526,1.3433703184127808,0.10000000149011612,0.10000000149011612,0.10000000149011612,0.10000000149011612,0.10000000149011612,0.10000000149011612,0.10000000149011612,0.10000000149011612,0.10000000149011612,0.10000000149011612
4,AZE,Azerbaijan,2018,3.094372272491455,-0.4894106984138489,5.5,1,-1.294363021850586,-0.6966814994812012,-1.4495718479156494,-0.700477659702301,-1.172594428062439,-0.6791899800300598,-1.2609230279922485,-0.7103769183158875,0.10000000149011612,0.10000000149011612,0.10000000149011612,0.10000000149011612,0.10000000149011612,0.10000000149011612,0.10000000149011612,0.10000000149011612,0.10000000149011612,0.10000000149011612
4,AZE,Azerbaijan,2019,3.558119297027588,0.0547419935464859,5.5,1,-1.294363021850586,-0.6966814994812012,-1.4495718479156494,-0.700477659702301,-1.172594428062439,-0.6791899800300598,-1.2609230279922485,-0.7103769183158875,0.10000000149011612,0.10000000149011612,0.10000000149011612,0.10000000149011612,0.10000000149011612,0.10000000149011612,0.10000000149011612,0.10000000149011612,0.10000000149011612,0.10000000149011612
4,AZE,Azerbaijan,2020,4.490204811096191,0.25125837326049805,5.5,1,-1.294363021850586,-0.6966814994812012,-1.4495718479156494,-0.700477659702301,-1.172594428062439,-0.6791899800300598,-1.2609230279922485,-0.7103769183158875,0.10000000149011612,0.10000000149011612,0.10000000149011612,0.10000000149011612,0.10000000149011612,0.10000000149011612,0.10000000149011612,0.10000000149011612,0.10000000149011612,0.10000000149011612
4,AZE,Azerbaijan,2021,4.194814682006836,0.25695085525512695,5.5,1,-1.294363021850586,-0.6966814994812012,-1.4495718479156494,-0.700477659702301,-1.172594428062439,-0.6791899800300598,-1.2609230279922485,-0.7103769183158875,0.10000000149011612,0.10000000149011612,0.10000000149011612,0.10000000149011612,0.10000000149011612,0.10000000149011612,0.10000000149011612,0.10000000149011612,0.10000000149011612,0.10000000149011612
4,AZE,Azerbaijan,2022,3.8313167095184326,0.20439614355564117,5.5,1,-1.294363021850586,-0.6966814994812012,-1.4495718479156494,-0.700477659702301,-1.172594428062439,-0.6791899800300598,-1.2609230279922485,-0.7103769183158875,0.10000000149011612,0.10000000149011612,0.10000000149011612,0.10000000149011612,0.10000000149011612,0.10000000149011612,0.10000000149011612,0.10000000149011612,0.10000000149011612,0.10000000149011612
4,AZE,Azerbaijan,2023,3.7241804599761963,0.11285914480686188,5.5,1,-1.294363021850586,-0.6966814994812012,-1.4495718479156494,-0.700477659702301,-1.172594428062439,-0.6791899800300598,-1.2609230279922485,-0.7103769183158875,0.10000000149011612,0.10000000149011612,0.10000000149011612,0.10000000149011612,0.10000000149011612,0.10000000149011612,0.10000000149011612,0.10000000149011612,0.10000000149011612,0.10000000149011612
5,BEL,Belgium,2018,-2.035623550415039,-0.5207037329673767,5.5,1,0.9798359274864197,0.894153892993927,1.2219529151916504,0.8990260362625122,0.8175865411758423,0.8717043995857239,0.8999684453010559,0.9117312431335449,0.10000000149011612,0.10000000149011612,0.10000000149011612,0.10000000149011612,0.10000000149011612,0.10000000149011612,0.10000000149011612,0.10000000149011612,0.10000000149011612,0.10000000149011612
5,BEL,Belgium,2019,-3.1006269454956055,-0.6506118178367615,5.5,1,0.9798359274864197,0.894153892993927,1.2219529151916504,0.8990260362625122,0.8175865411758423,0.8717043995857239,0.8999684453010559,0.9117312431335449,0.10000000149011612,0.10000000149011612,0.10000000149011612,0.10000000149011612,0.10000000149011612,0.10000000149011612,0.10000000149011612,0.10000000149011612,0.10000000149011612,0.10000000149011612
5,BEL,Belgium,2020,-2.7479605674743652,-0.8500398993492126,5.5,1,0.9798359274864197,0.894153892993927,1.2219529151916504,0.8990260362625122,0.8175865411758423,0.8717043995857239,0.8999684453010559,0.9117312431335449,0.10000000149011612,0.10000000149011612,0.10000000149011612,0.10000000149011612,0.10000000149011612,0.10000000149011612,0.10000000149011612,0.10000000149011612,0.10000000149011612,0.10000000149011612
5,BEL,Belgium,2021,-3.9674084186553955,-1.0293129682540894,5.5,1,0.9798359274864197,0.894153892993927,1.2219529151916504,0.8990260362625122,0.8175865411758423,0.8717043995857239,0.8999684453010559,0.9117312431335449,0.10000000149011612,0.10000000149011612,0.10000000149011612,0.10000000149011612,0.10000000149011612,0.10000000149011612,0.10000000149011612,0.10000000149011612,0.10000000149011612,0.10000000149011612
5,BEL,Belgium,2022,-3.700895071029663,-1.1709837913513184,5.5,1,0.9798359274864197,0.894153892993927,1.2219529151916504,0.8990260362625122,0.8175865411758423,0.8717043995857239,0.8999684453010559,0.9117312431335449,0.10000000149011612,0.10000000149011612,0.10000000149011612,0.10000000149011612,0.10000000149011612,0.10000000149011612,0.10000000149011612,0.10000000149011612,0.10000000149011612,0.10000000149011612
5,BEL,Belgium,2023,-3.867947578430176,-1.2737685441970825,5.5,1,0.9798359274864197,0.894153892993927,1.2219529151916504,0.8990260362625122,0.8175865411758423,0.8717043995857239,0.8999684453010559,0.9117312431335449,0.10000000149011612,0.10000000149011612,0.10000000149011612,0.10000000149011612,0.10000000149011612,0.10000000149011612,0.10000000149011612,0.10000000149011612,0.10000000149011612,0.10000000149011612
6,BGD,Bangladesh,2018,1.2597620487213135,-0.3164527118206024,5.5,1,-1.3428869247436523,-0.8300478458404541,-1.2080445289611816,-0.8345707058906555,-1.482562780380249,-0.8092079162597656,-1.3380534648895264,-0.8463650345802307,0.10000000149011612,0.10000000149011612,0.10000000149011612,0.10000000149011612,0.10000000149011612,0.10000000149011612,0.10000000149011612,0.10000000149011612,0.10000000149011612,0.10000000149011612
6,BGD,Bangladesh,2019,1.4318774938583374,0.5288731455802917,5.5,1,-1.3428869247436523,-0.8300478458404541,-1.2080445289611816,-0.8345707058906555,-1.482562780380249,-0.8092079162597656,-1.3380534648895264,-0.8463650345802307,0.10000000149011612,0.10000000149011612,0.10000000149011612,0.10000000149011612,0.10000000149011612,0.10000000149011612,0.10000000149011612,0.10000000149011612,0.10000000149011612,0.10000000149011612
6,BGD,Bangladesh,2020,1.717698097229004,0.9258942008018494,5.5,1,-1.3428869247436523,-0.8300478458404541,-1.2080445289611816,-0.8345707058906555,-1.482562780380249,-0.8092079162597656,-1.3380534648895264,-0.8463650345802307,0.10000000149011612,0.10000000149011612,0.10000000149011612,0.10000000149011612,0.10000000149011612,0.10000000149011612,0.10000000149011612,0.10000000149011612,0.10000000149011612,0.10000000149011612
6,BGD,Bangladesh,2021,1.7278225421905518,1.1135523319244385,5.5,1,-1.3428869247436523,-0.8300478458404541,-1.2080445289611816,-0.8345707058906555,-1.482562780380249,-0.8092079162597656,-1.3380534648895264,-0.8463650345802307,0.10000000149011612,0.10000000149011612,0.10000000149011612,0.10000000149011612,0.10000000149011612,0.10000000149011612,0.10000000149011612,0.10000000149011612,0.10000000149011612,0.10000000149011612
6,BGD,Bangladesh,2022,1.5284489393234253,1.1843136548995972,5.5,1,-1.3428869247436523,-0.8300478458404541,-1.2080445289611816,-0.8345707058906555,-1.482562780380249,-0.8092079162597656,-1.3380534648895264,-0.8463650345802307,0.10000000149011612,0.10000000149011612,0.10000000149011612,0.10000000149011612,0.10000000149011612,0.10000000149011612,0.10000000149011612,0.10000000149011612,0.10000000149011612,0.10000000149011612
6,BGD,Bangladesh,2023,2.0307767391204834,1.2064437866210938,5.5,1,-1.3428869247436523,-0.8300478458404541,-1.2080445289611816,-0.8345707058906555,-1.482562780380249,-0.8092079162597656,-1.3380534648895264,-0.8463650345802307,0.10000000149011612,0.10000000149011612,0.10000000149011612,0.10000000149011612,0.10000000149011612,0.10000000149011612,0.10000000149011612,0.10000000149011612,0.10000000149011612,0.10000000149011612
7,BGR,Bulgaria,2018,-1.3296480178833008,0.2560029625892639,5.5,1,-0.42611977458000183,-0.7311975359916687,-0.6209486722946167,-0.7351818084716797,-0.13856160640716553,-0.7128394246101379,-0.5188490152359009,-0.745571494102478,0.10000000149011612,0.10000000149011612,0.10000000149011612,0.10000000149011612,0.10000000149011612,0.10000000149011612,0.10000000149011612,0.10000000149011612,0.10000000149011612,0.10000000149011612
7,BGR,Bulgaria,2019,-1.4306131601333618,1.0374460220336914,5.5,1,-0.42611977458000183,-0.7311975359916687,-0.6209486722946167,-0.7351818084716797,-0.13856160640716553,-0.7128394246101379,-0.5188490152359009,-0.745571494102478,0.10000000149011612,0.10000000149011612,0.10000000149011612,0.10000000149011612,0.10000000149011612,0.10000000149011612,0.10000000149011612,0.10000000149011612,0.10000000149011612,0.10000000149011612
7,BGR,Bulgaria,2020,-2.8135833740234375,1.399487018585205,5.5,1,-0.42611977458000183,-0.7311975359916687,-0.6209486722946167,-0.7351818084716797,-0.13856160640716553,-0.7128394246101379,-0.5188490152359009,-0.745571494102478,0.10000000149011612,0.10000000149011612,0.10000000149011612,0.10000000149011612,0.10000000149011612,0.10000000149011612,0.10000000149011612,0.10000000149011612,0.10000000149011612,0.10000000149011612
7,BGR,Bulgaria,2021,-2.0215117931365967,1.578615665435791,5.5,1,-0.42611977458000183,-0.7311975359916687,-0.6209486722946167,-0.7351818084716797,-0.13856160640716553,-0.7128394246101379,-0.5188490152359009,-0.745571494102478,0.10000000149011612,0.10000000149011612,0.10000000149011612,0.10000000149011612,0.10000000149011612,0.10000000149011612,0.10000000149011612,0.10000000149011612,0.10000000149011612,0.10000000149011612
7,BGR,Bulgaria,2022,-0.48078346252441406,1.6838877201080322,5.5,1,-0.42611977458000183,-0.7311975359916687,-0.6209486722946167,-0.7351818084716797,-0.13856160640716553,-0.7128394246101379,-0.5188490152359009,-0.745571494102478,0.10000000149011612,0.10000000149011612,0.10000000149011612,0.10000000149011612,0.10000000149011612,0.10000000149011612,0.10000000149011612,0.10000000149011612,0.10000000149011612,0.10000000149011612
7,BGR,Bulgaria,2023,-3.970643997192383,1.7314693927764893,5.5,1,-0.42611977458000183,-0.7311975359916687,-0.6209486722946167,-0.7351818084716797,-0.13856160640716553,-0.7128394246101379,-0.5188490152359009,-0.745571494102478,0.10000000149011612,0.10000000149011612,0.10000000149011612,0.10000000149011612,0.10000000149011612,0.10000000149011612,0.10000000149011612,0.10000000149011612,0.10000000149011612,0.10000000149011612
8,BLR,Belarus,2018,-2.643580675125122,-0.5946999192237854,5.5,1,-1.5520426034927368,-0.8526027202606201,-1.4920120239257812,-0.8572484850883484,-1.8896420001983643,-0.8311964869499207,-1.2744739055633545,-0.8693632483482361,0.10000000149011612,0.10000000149011612,0.10000000149011612,0.10000000149011612,0.10000000149011612,0.10000000149011612,0.10000000149011612,0.10000000149011612,0.10000000149011612,0.10000000149011612
8,BLR,Belarus,2019,-3.0715856552124023,0.15924985706806183,5.5,1,-1.5520426034927368,-0.8526027202606201,-1.4920120239257812,-0.8572484850883484,-1.8896420001983643,-0.8311964869499207,-1.2744739055633545,-0.8693632483482361,0.10000000149011612,0.10000000149011612,0.10000000149011612,0.10000000149011612,0.10000000149011612,0.10000000149011612,0.10000000149011612,0.10000000149011612,0.10000000149011612,0.10000000149011612
8,BLR,Belarus,2020,-3.0823307037353516,0.5035287141799927,5.5,1,-1.5520426034927368,-0.8526027202606201,-1.4920120239257812,-0.8572484850883484,-1.8896420001983643,-0.8311964869499207,-1.2744739055633545,-0.8693632483482361,0.10000000149011612,0.10000000149011612,0.10000000149011612,0.10000000149011612,0.10000000149011612,0.10000000149011612,0.10000000149011612,0.10000000149011612,0.10000000149011612,0.10000000149011612
8,BLR,Belarus,2021,-14.810386657714844,0.6820164322853088,5.5,1,-1.5520426034927368,-0.8526027202606201,-1.4920120239257812,-0.8572484850883484,-1.8896420001983643,-0.8311964869499207,-1.2744739055633545,-0.8693632483482361,0.10000000149011612,0.10000000149011612,0.10000000149011612,0.10000000149011612,0.10000000149011612,0.10000000149011612,0.10000000149011612,0.10000000149011612,0.10000000149011612,0.10000000149011612
8,BLR,Belarus,2022,-13.734106063842773,0.7747992277145386,5.5,1,-1.5520426034927368,-0.8526027202606201,-1.4920120239257812,-0.8572484850883484,-1.8896420001983643,-0.8311964869499207,-1.2744739055633545,-0.8693632483482361,0.10000000149011612,0.10000000149011612,0.10000000149011612,0.10000000149011612,0.10000000149011612,0.10000000149011612,0.10000000149011612,0.10000000149011612,0.10000000149011612,0.10000000149011612
8,BLR,Belarus,2023,-27.134784698486328,0.8218464851379395,5.5,1,-1.5520426034927368,-0.8526027202606201,-1.4920120239257812,-0.8572484850883484,-1.8896420001983643,-0.8311964869499207,-1.2744739055633545,-0.8693632483482361,0.10000000149011612,0.10000000149011612,0.10000000149011612,0.10000000149011612,0.10000000149011612,0.10000000149011612,0.10000000149011612,0.10000000149011612,0.10000000149011612,0.10000000149011612
9,BRA,Brazil,2018,4.812175750732422,-0.10305972397327423,5.5,1,-0.532637357711792,-0.8904862403869629,-0.5499132871627808,-0.8953384757041931,-0.37875303626060486,-0.8681288957595825,-0.669245719909668,-0.9079915285110474,0.10000000149011612,0.10000000149011612,0.10000000149011612,0.10000000149011612,0.10000000149011612,0.10000000149011612,0.10000000149011612,0.10000000149011612,0.10000000149011612,0.10000000149011612
9,BRA,Brazil,2019,5.404086589813232,0.31332099437713623,5.5,1,-0.532637357711792,-0.8904862403869629,-0.5499132871627808,-0.8953384757041931,-0.37875303626060486,-0.8681288957595825,-0.669245719909668,-0.9079915285110474,0.10000000149011612,0.10000000149011612,0.10000000149011612,0.10000000149011612,0.10000000149011612,0.10000000149011612,0.10000000149011612,0.10000000149011612,0.10000000149011612,0.10000000149011612
9,BRA,Brazil,2020,4.385476589202881,0.45425301790237427,5.5,1,-0.532637357711792,-0.8904862403869629,-0.5499132871627808,-0.8953384757041931,-0.37875303626060486,-0.8681288957595825,-0.669245719909668,-0.9079915285110474,0.10000000149011612,0.10000000149011612,0.10000000149011612,0.10000000149011612,0.10000000149011612,0.10000000149011612,0.10000000149011612,0.10000000149011612,0.10000000149011612,0.10000000149011612
9,BRA,Brazil,2021,8.511026382446289,0.5216626524925232,5.5,1,-0.532637357711792,-0.8904862403869629,-0.5499132871627808,-0.8953384757041931,-0.37875303626060486,-0.8681288957595825,-0.669245719909668,-0.9079915285110474,0.10000000149011612,0.10000000149011612,0.10000000149011612,0.10000000149011612,0.10000000149011612,0.10000000149011612,0.10000000149011612,0.10000000149011612,0.10000000149011612,0.10000000149011612
9,BRA,Brazil,2022,0.8233122229576111,0.5373632311820984,5.5,1,-0.532637357711792,-0.8904862403869629,-0.5499132871627808,-0.8953384757041931,-0.37875303626060486,-0.8681288957595825,-0.669245719909668,-0.9079915285110474,0.10000000149011612,0.10000000149011612,0.10000000149011612,0.10000000149011612,0.10000000149011612,0.10000000149011612,0.10000000149011612,0.10000000149011612,0.10000000149011612,0.10000000149011612
9,BRA,Brazil,2023,-0.02414296381175518,0.5229050517082214,5.5,1,-0.532637357711792,-0.8904862403869629,-0.5499132871627808,-0.8953384757041931,-0.37875303626060486,-0.8681288957595825,-0.669245719909668,-0.9079915285110474,0.10000000149011612,0.10000000149011612,0.10000000149011612,0.10000000149011612,0.10000000149011612,0.10000000149011612,0.10000000149011612,0.10000000149011612,0.10000000149011612,0.10000000149011612
10,CAN,Canada,2018,-3.718440532684326,-0.7938657402992249,5.5,1,1.2861608266830444,1.2562350034713745,1.3746321201324463,1.2630800008773804,1.1545178890228271,1.2246947288513184,1.3293325901031494,1.2809300422668457,0.10000000149011612,0.10000000149011612,0.10000000149011612,0.10000000149011612,0.10000000149011612,0.10000000149011612,0.10000000149011612,0.10000000149011612,0.10000000149011612,0.10000000149011612
10,CAN,Canada,2019,-3.770698308944702,-1.1438837051391602,5.5,1,1.2861608266830444,1.2562350034713745,1.3746321201324463,1.2630800008773804,1.1545178890228271,1.2246947288513184,1.3293325901031494,1.2809300422668457,0.10000000149011612,0.10000000149011612,0.10000000149011612,0.10000000149011612,0.10000000149011612,0.10000000149011612,0.10000000149011612,0.10000000149011612,0.10000000149011612,0.10000000149011612
10,CAN,Canada,2020,-4.2692484855651855,-1.4777030944824219,5.5,1,1.2861608266830444,1.2562350034713745,1.3746321201324463,1.2630800008773804,1.1545178890228271,1.2246947288513184,1.3293325901031494,1.2809300422668457,0.10000000149011612,0.10000000149011612,0.10000000149011612,0.10000000149011612,0.10000000149011612,0.10000000149011612,0.10000000149011612,0.10000000149011612,0.10000000149011612,0.10000000149011612
10,CAN,Canada,2021,-4.04820442199707,-1.8801145553588867,5.5,1,1.2861608266830444,1.2562350034713745,1.3746321201324463,1.2630800008773804,1.1545178890228271,1.2246947288513184,1.3293325901031494,1.2809300422668457,0.10000000149011612,0.10000000149011612,0.10000000149011612,0.10000000149011612,0.10000000149011612,0.10000000149011612,0.10000000149011612,0.10000000149011612,0.10000000149011612,0.10000000149011612
10,CAN,Canada,2022,-4.334720611572266,-2.086409330368042,5.5,1,1.2861608266830444,1.2562350034713745,1.3746321201324463,1.2630800008773804,1.1545178890228271,1.2246947288513184,1.3293325901031494,1.2809300422668457,0.10000000149011612,0.10000000149011612,0.10000000149011612,0.10000000149011612,0.10000000149011612,0.10000000149011612,0.10000000149011612,0.10000000149011612,0.10000000149011612,0.10000000149011612
10,CAN,Canada,2023,-3.507607936859131,-2.1944406032562256,5.5,1,1.2861608266830444,1.2562350034713745,1.3746321201324463,1.2630800008773804,1.1545178890228271,1.2246947288513184,1.3293325901031494,1.2809300422668457,0.10000000149011612,0.10000000149011612,0.10000000149011612,0.10000000149011612,0.10000000149011612,0.10000000149011612,0.10000000149011612,0.10000000149011612,0.10000000149011612,0.10000000149011612
11,CHE,Switzerland,2018,1.0894922018051147,0.8247912526130676,5.5,1,1.412360668182373,1.3576465845108032,1.4461179971694946,1.365044355392456,1.2956862449645996,1.3235602378845215,1.4952778816223145,1.3843353986740112,0.10000000149011612,0.10000000149011612,0.10000000149011612,0.10000000149011612,0.10000000149011612,0.10000000149011612,0.10000000149011612,0.10000000149011612,0.10000000149011612,0.10000000149011612
11,CHE,Switzerland,2019,0.49372902512550354,0.6553260684013367,5.5,1,1.412360668182373,1.3576465845108032,1.4461179971694946,1.365044355392456,1.2956862449645996,1.3235602378845215,1.4952778816223145,1.3843353986740112,0.10000000149011612,0.10000000149011612,0.10000000149011612,0.10000000149011612,0.10000000149011612,0.10000000149011612,0.10000000149011612,0.10000000149011612,0.10000000149011612,0.10000000149011612
11,CHE,Switzerland,2020,1.5537232160568237,0.5032006502151489,5.5,1,1.412360668182373,1.3576465845108032,1.4461179971694946,1.365044355392456,1.2956862449645996,1.3235602378845215,1.4952778816223145,1.3843353986740112,0.10000000149011612,0.10000000149011612,0.10000000149011612,0.10000000149011612,0.10000000149011612,0.10000000149011612,0.10000000149011612,0.10000000149011612,0.10000000149011612,0.10000000149011612
11,CHE,Switzerland,2021,3.0005764961242676,0.39018434286117554,5.5,1,1.412360668182373,1.3576465845108032,1.4461179971694946,1.365044355392456,1.2956862449645996,1.3235602378845215,1.4952778816223145,1.3843353986740112,0.10000000149011612,0.10000000149011612,0.10000000149011612,0.10000000149011612,0.10000000149011612,0.10000000149011612,0.10000000149011612,0.10000000149011612,0.10000000149011612,0.10000000149011612
11,CHE,Switzerland,2022,2.025691270828247,0.3108096718788147,5.5,1,1.412360668182373,1.3576465845108032,1.4461179971694946,1.365044355392456,1.2956862449645996,1.3235602378845215,1.4952778816223145,1.3843353986740112,0.10000000149011612,0.10000000149011612,0.10000000149011612,0.10000000149011612,0.10000000149011612,0.10000000149011612,0.10000000149011612,0.10000000149011612,0.10000000149011612,0.10000000149011612
11,CHE,Switzerland,2023,-4.210478782653809,0.257956326007843,5.5,1,1.412360668182373,1.3576465845108032,1.4461179971694946,1.365044355392456,1.2956862449645996,1.3235602378845215,1.4952778816223145,1.3843353986740112,0.10000000149011612,0.10000000149011612,0.10000000149011612,0.10000000149011612,0.10000000149011612,0.10000000149011612,0.10000000149011612,0.10000000149011612,0.10000000149011612,0.10000000149011612
12,CHL,Chile,2018,1.4454405307769775,0.8274487853050232,5.5,1,0.8483307957649231,1.1469887495040894,0.667232871055603,1.1532386541366577,1.016435146331787,1.1181913614273071,0.8613244891166687,1.1695363521575928,0.10000000149011612,0.10000000149011612,0.10000000149011612,0.10000000149011612,0.10000000149011612,0.10000000149011612,0.10000000149011612,0.10000000149011612,0.10000000149011612,0.10000000149011612
12,CHL,Chile,2019,1.1679426431655884,1.1491641998291016,5.5,1,0.8483307957649231,1.1469887495040894,0.667232871055603,1.1532386541366577,1.016435146331787,1.1181913614273071,0.8613244891166687,1.1695363521575928,0.10000000149011612,0.10000000149011612,0.10000000149011612,0.10000000149011612,0.10000000149011612,0.10000000149011612,0.10000000149011612,0.10000000149011612,0.10000000149011612,0.10000000149011612
12,CHL,Chile,2020,0.7698724865913391,1.2211713790893555,5.5,1,0.8483307957649231,1.1469887495040894,0.667232871055603,1.1532386541366577,1.016435146331787,1.1181913614273071,0.8613244891166687,1.1695363521575928,0.10000000149011612,0.10000000149011612,0.10000000149011612,0.10000000149011612,0.10000000149011612,0.10000000149011612,0.10000000149011612,0.10000000149011612,0.10000000149011612,0.10000000149011612
12,CHL,Chile,2021,0.5402398705482483,1.259739875793457,5.5,1,0.8483307957649231,1.1469887495040894,0.667232871055603,1.1532386541366577,1.016435146331787,1.1181913614273071,0.8613244891166687,1.1695363521575928,0.10000000149011612,0.10000000149011612,0.10000000149011612,0.10000000149011612,0.10000000149011612,0.10000000149011612,0.10000000149011612,0.10000000149011612,0.10000000149011612,0.10000000149011612
12,CHL,Chile,2022,-0.5233001708984375,1.263597011566162,5.5,1,0.8483307957649231,1.1469887495040894,0.667232871055603,1.1532386541366577,1.016435146331787,1.1181913614273071,0.8613244891166687,1.1695363521575928,0.10000000149011612,0.10000000149011612,0.10000000149011612,0.10000000149011612,0.10000000149011612,0.10000000149011612,0.10000000149011612,0.10000000149011612,0.10000000149011612,0.10000000149011612
12,CHL,Chile,2023,-1.9592610597610474,1.2770777940750122,5.5,1,0.8483307957649231,1.1469887495040894,0.667232871055603,1.1532386541366577,1.016435146331787,1.1181913614273071,0.8613244891166687,1.1695363521575928,0.10000000149011612,0.10000000149011612,0.10000000149011612,0.10000000149011612,0.10000000149011612,0.10000000149011612,0.10000000149011612,0.10000000149011612,0.10000000149011612,0.10000000149011612
13,CHN,China,2018,-8.663586616516113,-0.44395244121551514,5.5,1,-0.8438493609428406,-0.8683403134346008,-0.7442506551742554,-0.8730718493461609,-0.7500977516174316,-0.8465389609336853,-1.03719961643219,-0.8854102492332458,0.10000000149011612,0.10000000149011612,0.10000000149011612,0.10000000149011612,0.10000000149011612,0.10000000149011612,0.10000000149011612,0.10000000149011612,0.10000000149011612,0.10000000149011612
13,CHN,China,2019,-9.760994911193848,-0.4150274991989136,5.5,1,-0.8438493609428406,-0.8683403134346008,-0.7442506551742554,-0.8730718493461609,-0.7500977516174316,-0.8465389609336853,-1.03719961643219,-0.8854102492332458,0.10000000149011612,0.10000000149011612,0.10000000149011612,0.10000000149011612,0.10000000149011612,0.10000000149011612,0.10000000149011612,0.10000000149011612,0.10000000149011612,0.10000000149011612
13,CHN,China,2020,-10.60916519165039,-0.43959230184555054,5.5,1,-0.8438493609428406,-0.8683403134346008,-0.7442506551742554,-0.8730718493461609,-0.7500977516174316,-0.8465389609336853,-1.03719961643219,-0.8854102492332458,0.10000000149011612,0.10000000149011612,0.10000000149011612,0.10000000149011612,0.10000000149011612,0.10000000149011612,0.10000000149011612,0.10000000149011612,0.10000000149011612,0.10000000149011612
13,CHN,China,2021,-11.069491386413574,-0.4837499260902405,5.5,1,-0.8438493609428406,-0.8683403134346008,-0.7442506551742554,-0.8730718493461609,-0.7500977516174316,-0.8465389609336853,-1.03719961643219,-0.8854102492332458,0.10000000149011612,0.10000000149011612,0.10000000149011612,0.10000000149011612,0.10000000149011612,0.10000000149011612,0.10000000149011612,0.10000000149011612,0.10000000149011612,0.10000000149011612
13,CHN,China,2022,-11.851537704467773,-0.5153769850730896,5.5,1,-0.8438493609428406,-0.8683403134346008,-0.7442506551742554,-0.8730718493461609,-0.7500977516174316,-0.8465389609336853,-1.03719961643219,-0.8854102492332458,0.10000000149011612,0.10000000149011612,0.10000000149011612,0.10000000149011612,0.10000000149011612,0.10000000149011612,0.10000000149011612,0.10000000149011612,0.10000000149011612,0.10000000149011612
13,CHN,China,2023,-12.087423324584961,-0.5402675271034241,5.5,1,-0.8438493609428406,-0.8683403134346008,-0.7442506551742554,-0.8730718493461609,-0.7500977516174316,-0.8465389609336853,-1.03719961643219,-0.8854102492332458,0.10000000149011612,0.10000000149011612,0.10000000149011612,0.10000000149011612,0.10000000149011612,0.10000000149011612,0.10000000149011612,0.10000000149011612,0.10000000149011612,0.10000000149011612
14,COL,Colombia,2018,0.3820185363292694,-0.9257439970970154,5.5,1,-0.757061779499054,-0.8150860667228699,-0.7152259349822998,-0.8195273876190186,-0.5119652152061462,-0.7946217060089111,-1.0439940690994263,-0.8311091065406799,0.10000000149011612,0.10000000149011612,0.10000000149011612,0.10000000149011612,0.10000000149011612,0.10000000149011612,0.10000000149011612,0.10000000149011612,0.10000000149011612,0.10000000149011612
14,COL,Colombia,2019,2.6013519763946533,-0.46216094493865967,5.5,1,-0.757061779499054,-0.8150860667228699,-0.7152259349822998,-0.8195273876190186,-0.5119652152061462,-0.7946217060089111,-1.0439940690994263,-0.8311091065406799,0.10000000149011612,0.10000000149011612,0.10000000149011612,0.10000000149011612,0.10000000149011612,0.10000000149011612,0.10000000149011612,0.10000000149011612,0.10000000149011612,0.10000000149011612
14,COL,Colombia,2020,3.8599977493286133,-0.2979045510292053,5.5,1,-0.757061779499054,-0.8150860667228699,-0.7152259349822998,-0.8195273876190186,-0.5119652152061462,-0.7946217060089111,-1.0439940690994263,-0.8311091065406799,0.10000000149011612,0.10000000149011612,0.10000000149011612,0.10000000149011612,0.10000000149011612,0.10000000149011612,0.10000000149011612,0.10000000149011612,0.10000000149011612,0.10000000149011612
14,COL,Colombia,2021,0.7301899194717407,-0.24561180174350739,5.5,1,-0.757061779499054,-0.8150860667228699,-0.7152259349822998,-0.8195273876190186,-0.5119652152061462,-0.7946217060089111,-1.0439940690994263,-0.8311091065406799,0.10000000149011612,0.10000000149011612,0.10000000149011612,0.10000000149011612,0.10000000149011612,0.10000000149011612,0.10000000149011612,0.10000000149011612,0.10000000149011612,0.10000000149011612
14,COL,Colombia,2022,0.9924597144126892,-0.23578359186649323,5.5,1,-0.757061779499054,-0.8150860667228699,-0.7152259349822998,-0.8195273876190186,-0.5119652152061462,-0.7946217060089111,-1.0439940690994263,-0.8311091065406799,0.10000000149011612,0.10000000149011612,0.10000000149011612,0.10000000149011612,0.10000000149011612,0.10000000149011612,0.10000000149011612,0.10000000149011612,0.10000000149011612,0.10000000149011612
14,COL,Colombia,2023,3.7653815746307373,-0.25325071811676025,5.5,1,-0.757061779499054,-0.8150860667228699,-0.7152259349822998,-0.8195273876190186,-0.5119652152061462,-0.7946217060089111,-1.0439940690994263,-0.8311091065406799,0.10000000149011612,0.10000000149011612,0.10000000149011612,0.10000000149011612,0.10000000149011612,0.10000000149011612,0.10000000149011612,0.10000000149011612,0.10000000149011612,0.10000000149011612
15,CYP,Cyprus,2018,-11.052656173706055,-1.2565903663635254,5.5,1,0.7725202441215515,0.8368169665336609,0.8672822117805481,0.8413766026496887,0.7250233292579651,0.8158069849014282,0.725255012512207,0.8532671332359314,0.10000000149011612,0.10000000149011612,0.10000000149011612,0.10000000149011612,0.10000000149011612,0.10000000149011612,0.10000000149011612,0.10000000149011612,0.10000000149011612,0.10000000149011612
15,CYP,Cyprus,2019,-11.571080207824707,-0.9147583842277527,5.5,1,0.7725202441215515,0.8368169665336609,0.8672822117805481,0.8413766026496887,0.7250233292579651,0.8158069849014282,0.725255012512207,0.8532671332359314,0.10000000149011612,0.10000000149011612,0.10000000149011612,0.10000000149011612,0.10000000149011612,0.10000000149011612,0.10000000149011612,0.10000000149011612,0.10000000149011612,0.10000000149011612
15,CYP,Cyprus,2020,-14.400252342224121,-0.8066096901893616,5.5,1,0.7725202441215515,0.8368169665336609,0.8672822117805481,0.8413766026496887,0.7250233292579651,0.8158069849014282,0.725255012512207,0.8532671332359314,0.10000000149011612,0.10000000149011612,0.10000000149011612,0.10000000149011612,0.10000000149011612,0.10000000149011612,0.10000000149011612,0.10000000149011612,0.10000000149011612,0.10000000149011612
15,CYP,Cyprus,2021,-17.67461395263672,-0.790199339389801,5.5,1,0.7725202441215515,0.8368169665336609,0.8672822117805481,0.8413766026496887,0.7250233292579651,0.8158069849014282,0.725255012512207,0.8532671332359314,0.10000000149011612,0.10000000149011612,0.10000000149011612,0.10000000149011612,0.10000000149011612,0.10000000149011612,0.10000000149011612,0.10000000149011612,0.10000000149011612,0.10000000149011612
15,CYP,Cyprus,2022,-19.47079086303711,-0.8222588896751404,5.5,1,0.7725202441215515,0.8368169665336609,0.8672822117805481,0.8413766026496887,0.7250233292579651,0.8158069849014282,0.725255012512207,0.8532671332359314,0.10000000149011612,0.10000000149011612,0.10000000149011612,0.10000000149011612,0.10000000149011612,0.10000000149011612,0.10000000149011612,0.10000000149011612,0.10000000149011612,0.10000000149011612
15,CYP,Cyprus,2023,-23.38113784790039,-0.8615580797195435,5.5,1,0.7725202441215515,0.8368169665336609,0.8672822117805481,0.8413766026496887,0.7250233292579651,0.8158069849014282,0.725255012512207,0.8532671332359314,0.10000000149011612,0.10000000149011612,0.10000000149011612,0.10000000149011612,0.10000000149011612,0.10000000149011612,0.10000000149011612,0.10000000149011612,0.10000000149011612,0.10000000149011612
16,CZE,Czechia,2018,-2.3009228706359863,-0.4398469924926758,5.5,1,0.365255743265152,0.4205045700073242,0.28039175271987915,0.422795832157135,0.4478796720504761,0.4099469482898712,0.3674957752227783,0.42877086997032166,0.10000000149011612,0.10000000149011612,0.10000000149011612,0.10000000149011612,0.10000000149011612,0.10000000149011612,0.10000000149011612,0.10000000149011612,0.10000000149011612,0.10000000149011612
16,CZE,Czechia,2019,-2.761939525604248,-0.3088240623474121,5.5,1,0.365255743265152,0.4205045700073242,0.28039175271987915,0.422795832157135,0.4478796720504761,0.4099469482898712,0.3674957752227783,0.42877086997032166,0.10000000149011612,0.10000000149011612,0.10000000149011612,0.10000000149011612,0.10000000149011612,0.10000000149011612,0.10000000149011612,0.10000000149011612,0.10000000149011612,0.10000000149011612
16,CZE,Czechia,2020,-3.448472261428833,-0.3566395044326782,5.5,1,0.365255743265152,0.4205045700073242,0.28039175271987915,0.422795832157135,0.4478796720504761,0.4099469482898712,0.3674957752227783,0.42877086997032166,0.10000000149011612,0.10000000149011612,0.10000000149011612,0.10000000149011612,0.10000000149011612,0.10000000149011612,0.10000000149011612,0.10000000149011612,0.10000000149011612,0.10000000149011612
16,CZE,Czechia,2021,-3.2644777297973633,-0.4346214532852173,5.5,1,0.365255743265152,0.4205045700073242,0.28039175271987915,0.422795832157135,0.4478796720504761,0.4099469482898712,0.3674957752227783,0.42877086997032166,0.10000000149011612,0.10000000149011612,0.10000000149011612,0.10000000149011612,0.10000000149011612,0.10000000149011612,0.10000000149011612,0.10000000149011612,0.10000000149011612,0.10000000149011612
16,CZE,Czechia,2022,-3.0018773078918457,-0.509162425994873,5.5,1,0.365255743265152,0.4205045700073242,0.28039175271987915,0.422795832157135,0.4478796720504761,0.4099469482898712,0.3674957752227783,0.42877086997032166,0.10000000149011612,0.10000000149011612,0.10000000149011612,0.10000000149011612,0.10000000149011612,0.10000000149011612,0.10000000149011612,0.10000000149011612,0.10000000149011612,0.10000000149011612
16,CZE,Czechia,2023,-3.7278714179992676,-0.5666099190711975,5.5,1,0.365255743265152,0.4205045700073242,0.28039175271987915,0.422795832157135,0.4478796720504761,0.4099469482898712,0.3674957752227783,0.42877086997032166,0.10000000149011612,0.10000000149011612,0.10000000149011612,0.10000000149011612,0.10000000149011612,0.10000000149011612,0.10000000149011612,0.10000000149011612,0.10000000149011612,0.10000000149011612
17,DEU,Germany,2018,-4.408335208892822,-0.6777567863464355,5.5,1,1.162001371383667,1.2004823684692383,1.2181392908096313,1.2070236206054688,0.9860901236534119,1.1703418493270874,1.2817747592926025,1.2240815162658691,0.10000000149011612,0.10000000149011612,0.10000000149011612,0.10000000149011612,0.10000000149011612,0.10000000149011612,0.10000000149011612,0.10000000149011612,0.10000000149011612,0.10000000149011612
17,DEU,Germany,2019,-7.129828929901123,-0.8122276663780212,5.5,1,1.162001371383667,1.2004823684692383,1.2181392908096313,1.2070236206054688,0.9860901236534119,1.1703418493270874,1.2817747592926025,1.2240815162658691,0.10000000149011612,0.10000000149011612,0.10000000149011612,0.10000000149011612,0.10000000149011612,0.10000000149011612,0.10000000149011612,0.10000000149011612,0.10000000149011612,0.10000000149011612
17,DEU,Germany,2020,-8.748512268066406,-1.0155017375946045,5.5,1,1.162001371383667,1.2004823684692383,1.2181392908096313,1.2070236206054688,0.9860901236534119,1.1703418493270874,1.2817747592926025,1.2240815162658691,0.10000000149011612,0.10000000149011612,0.10000000149011612,0.10000000149011612,0.10000000149011612,0.10000000149011612,0.10000000149011612,0.10000000149011612,0.10000000149011612,0.10000000149011612
17,DEU,Germany,2021,-7.036392688751221,-1.1768264770507812,5.5,1,1.162001371383667,1.2004823684692383,1.2181392908096313,1.2070236206054688,0.9860901236534119,1.1703418493270874,1.2817747592926025,1.2240815162658691,0.10000000149011612,0.10000000149011612,0.10000000149011612,0.10000000149011612,0.10000000149011612,0.10000000149011612,0.10000000149011612,0.10000000149011612,0.10000000149011612,0.10000000149011612
17,DEU,Germany,2022,-5.935337066650391,-1.2988553047180176,5.5,1,1.162001371383667,1.2004823684692383,1.2181392908096313,1.2070236206054688,0.9860901236534119,1.1703418493270874,1.2817747592926025,1.2240815162658691,0.10000000149011612,0.10000000149011612,0.10000000149011612,0.10000000149011612,0.10000000149011612,0.10000000149011612,0.10000000149011612,0.10000000149011612,0.10000000149011612,0.10000000149011612
17,DEU,Germany,2023,-8.335287094116211,-1.3808282613754272,5.5,1,1.162001371383667,1.2004823684692383,1.2181392908096313,1.2070236206054688,0.9860901236534119,1.1703418493270874,1.2817747592926025,1.2240815162658691,0.10000000149011612,0.10000000149011612,0.10000000149011612,0.10000000149011612,0.10000000149011612,0.10000000149011612,0.10000000149011612,0.10000000149011612,0.10000000149011612,0.10000000149011612
18,DNK,Denmark,2018,-4.1028218269348145,-0.20848360657691956,5.5,1,1.5067936182022095,1.385159969329834,1.5459808111190796,1.3927075862884521,1.4523217678070068,1.3503828048706055,1.522078514099121,1.4123896360397339,0.10000000149011612,0.10000000149011612,0.10000000149011612,0.10000000149011612,0.10000000149011612,0.10000000149011612,0.10000000149011612,0.10000000149011612,0.10000000149011612,0.10000000149011612
18,DNK,Denmark,2019,-5.251770973205566,-0.327032208442688,5.5,1,1.5067936182022095,1.385159969329834,1.5459808111190796,1.3927075862884521,1.4523217678070068,1.3503828048706055,1.522078514099121,1.4123896360397339,0.10000000149011612,0.10000000149011612,0.10000000149011612,0.10000000149011612,0.10000000149011612,0.10000000149011612,0.10000000149011612,0.10000000149011612,0.10000000149011612,0.10000000149011612
18,DNK,Denmark,2020,-5.442167282104492,-0.47939324378967285,5.5,1,1.5067936182022095,1.385159969329834,1.5459808111190796,1.3927075862884521,1.4523217678070068,1.3503828048706055,1.522078514099121,1.4123896360397339,0.10000000149011612,0.10000000149011612,0.10000000149011612,0.10000000149011612,0.10000000149011612,0.10000000149011612,0.10000000149011612,0.10000000149011612,0.10000000149011612,0.10000000149011612
18,DNK,Denmark,2021,-5.020071029663086,-0.6157110929489136,5.5,1,1.5067936182022095,1.385159969329834,1.5459808111190796,1.3927075862884521,1.4523217678070068,1.3503828048706055,1.522078514099121,1.4123896360397339,0.10000000149011612,0.10000000149011612,0.10000000149011612,0.10000000149011612,0.10000000149011612,0.10000000149011612,0.10000000149011612,0.10000000149011612,0.10000000149011612,0.10000000149011612
18,DNK,Denmark,2022,-5.26057767868042,-0.7238538861274719,5.5,1,1.5067936182022095,1.385159969329834,1.5459808111190796,1.3927075862884521,1.4523217678070068,1.3503828048706055,1.522078514099121,1.4123896360397339,0.10000000149011612,0.10000000149011612,0.10000000149011612,0.10000000149011612,0.10000000149011612,0.10000000149011612,0.10000000149011612,0.10000000149011612,0.10000000149011612,0.10000000149011612
18,DNK,Denmark,2023,-5.907427787780762,-0.7981013655662537,5.5,1,1.5067936182022095,1.385159969329834,1.5459808111190796,1.3927075862884521,1.4523217678070068,1.3503828048706055,1.522078514099121,1.4123896360397339,0.10000000149011612,0.10000000149011612,0.10000000149011612,0.10000000149011612,0.10000000149011612,0.10000000149011612,0.10000000149011612,0.10000000149011612,0.10000000149011612,0.10000000149011612
19,DZA,Algeria,2018,-1.3783005475997925,-0.7520041465759277,5.5,1,-1.204992651939392,-0.8060295581817627,-1.152233362197876,-0.8104215264320374,-1.2305991649627686,-0.7857925891876221,-1.2321451902389526,-0.8218745589256287,0.10000000149011612,0.10000000149011612,0.10000000149011612,0.10000000149011612,0.10000000149011612,0.10000000149011612,0.10000000149011612,0.10000000149011612,0.10000000149011612,0.10000000149011612
19,DZA,Algeria,2019,-1.3506704568862915,-0.4238396883010864,5.5,1,-1.204992651939392,-0.8060295581817627,-1.152233362197876,-0.8104215264320374,-1.2305991649627686,-0.7857925891876221,-1.2321451902389526,-0.8218745589256287,0.10000000149011612,0.10000000149011612,0.10000000149011612,0.10000000149011612,0.10000000149011612,0.10000000149011612,0.10000000149011612,0.10000000149011612,0.10000000149011612,0.10000000149011612
19,DZA,Algeria,2020,-1.4138250350952148,-0.31516826152801514,5.5,1,-1.204992651939392,-0.8060295581817627,-1.152233362197876,-0.8104215264320374,-1.2305991649627686,-0.7857925891876221,-1.2321451902389526,-0.8218745589256287,0.10000000149011612,0.10000000149011612,0.10000000149011612,0.10000000149011612,0.10000000149011612,0.10000000149011612,0.10000000149011612,0.10000000149011612,0.10000000149011612,0.10000000149011612
19,DZA,Algeria,2021,-1.0506858825683594,-0.3400501608848572,5.5,1,-1.204992651939392,-0.8060295581817627,-1.152233362197876,-0.8104215264320374,-1.2305991649627686,-0.7857925891876221,-1.2321451902389526,-0.8218745589256287,0.10000000149011612,0.10000000149011612,0.10000000149011612,0.10000000149011612,0.10000000149011612,0.10000000149011612,0.10000000149011612,0.10000000149011612,0.10000000149011612,0.10000000149011612
19,DZA,Algeria,2022,-1.0033199787139893,-0.347381055355072,5.5,1,-1.204992651939392,-0.8060295581817627,-1.152233362197876,-0.8104215264320374,-1.2305991649627686,-0.7857925891876221,-1.2321451902389526,-0.8218745589256287,0.10000000149011612,0.10000000149011612,0.10000000149011612,0.10000000149011612,0.10000000149011612,0.10000000149011612,0.10000000149011612,0.10000000149011612,0.10000000149011612,0.10000000149011612
19,DZA,Algeria,2023,-1.0033199787139893,-0.3625105023384094,5.5,1,-1.204992651939392,-0.8060295581817627,-1.152233362197876,-0.8104215264320374,-1.2305991649627686,-0.7857925891876221,-1.2321451902389526,-0.8218745589256287,0.10000000149011612,0.10000000149011612,0.10000000149011612,0.10000000149011612,0.10000000149011612,0.10000000149011612,0.10000000149011612,0.10000000149011612,0.10000000149011612,0.10000000149011612
20,ECU,Ecuador,2018,-1.1428673267364502,0.6301893591880798,5.5,1,-1.2054944038391113,-0.8156256079673767,-1.1715943813323975,-0.8200698494911194,-1.2544611692428589,-0.795147716999054,-1.1904276609420776,-0.831659197807312,0.10000000149011612,0.10000000149011612,0.10000000149011612,0.10000000149011612,0.10000000149011612,0.10000000149011612,0.10000000149011612,0.10000000149011612,0.10000000149011612,0.10000000149011612
20,ECU,Ecuador,2019,-1.7627936601638794,1.1506803035736084,5.5,1,-1.2054944038391113,-0.8156256079673767,-1.1715943813323975,-0.8200698494911194,-1.2544611692428589,-0.795147716999054,-1.1904276609420776,-0.831659197807312,0.10000000149011612,0.10000000149011612,0.10000000149011612,0.10000000149011612,0.10000000149011612,0.10000000149011612,0.10000000149011612,0.10000000149011612,0.10000000149011612,0.10000000149011612
20,ECU,Ecuador,2020,-1.9658561944961548,1.3465166091918945,5.5,1,-1.2054944038391113,-0.8156256079673767,-1.1715943813323975,-0.8200698494911194,-1.2544611692428589,-0.795147716999054,-1.1904276609420776,-0.831659197807312,0.10000000149011612,0.10000000149011612,0.10000000149011612,0.10000000149011612,0.10000000149011612,0.10000000149011612,0.10000000149011612,0.10000000149011612,0.10000000149011612,0.10000000149011612
20,ECU,Ecuador,2021,-2.1342613697052,1.4079838991165161,5.5,1,-1.2054944038391113,-0.8156256079673767,-1.1715943813323975,-0.8200698494911194,-1.2544611692428589,-0.795147716999054,-1.1904276609420776,-0.831659197807312,0.10000000149011612,0.10000000149011612,0.10000000149011612,0.10000000149011612,0.10000000149011612,0.10000000149011612,0.10000000149011612,0.10000000149011612,0.10000000149011612,0.10000000149011612
20,ECU,Ecuador,2022,-1.612612009048462,1.4308356046676636,5.5,1,-1.2054944038391113,-0.8156256079673767,-1.1715943813323975,-0.8200698494911194,-1.2544611692428589,-0.795147716999054,-1.1904276609420776,-0.831659197807312,0.10000000149011612,0.10000000149011612,0.10000000149011612,0.10000000149011612,0.10000000149011612,0.10000000149011612,0.10000000149011612,0.10000000149011612,0.10000000149011612,0.10000000149011612
20,ECU,Ecuador,2023,-1.6925028562545776,1.4359750747680664,5.5,1,-1.2054944038391113,-0.8156256079673767,-1.1715943813323975,-0.8200698494911194,-1.2544611692428589,-0.795147716999054,-1.1904276609420776,-0.831659197807312,0.10000000149011612,0.10000000149011612,0.10000000149011612,0.10000000149011612,0.10000000149011612,0.10000000149011612,0.10000000149011612,0.10000000149011612,0.10000000149011612,0.10000000149011612
21,EGY,Egypt,2018,1.8549280166625977,0.5120555758476257,5.5,1,-0.7224758267402649,-0.9235809445381165,-0.816137969493866,-0.9286134839057922,-0.7838069200515747,-0.9003927111625671,-0.5674826502799988,-0.9417368173599243,0.10000000149011612,0.10000000149011612,0.10000000149011612,0.10000000149011612,0.10000000149011612,0.10000000149011612,0.10000000149011612,0.10000000149011612,0.10000000149011612,0.10000000149011612
21,EGY,Egypt,2019,1.397194504737854,0.9534669518470764,5.5,1,-0.7224758267402649,-0.9235809445381165,-0.816137969493866,-0.9286134839057922,-0.7838069200515747,-0.9003927111625671,-0.5674826502799988,-0.9417368173599243,0.10000000149011612,0.10000000149011612,0.10000000149011612,0.10000000149011612,0.10000000149011612,0.10000000149011612,0.10000000149011612,0.10000000149011612,0.10000000149011612,0.10000000149011612
21,EGY,Egypt,2020,0.7784237861633301,1.1513915061950684,5.5,1,-0.7224758267402649,-0.9235809445381165,-0.816137969493866,-0.9286134839057922,-0.7838069200515747,-0.9003927111625671,-0.5674826502799988,-0.9417368173599243,0.10000000149011612,0.10000000149011612,0.10000000149011612,0.10000000149011612,0.10000000149011612,0.10000000149011612,0.10000000149011612,0.10000000149011612,0.10000000149011612,0.10000000149011612
21,EGY,Egypt,2021,0.7313584089279175,1.2485843896865845,5.5,1,-0.7224758267402649,-0.9235809445381165,-0.816137969493866,-0.9286134839057922,-0.7838069200515747,-0.9003927111625671,-0.5674826502799988,-0.9417368173599243,0.10000000149011612,0.10000000149011612,0.10000000149011612,0.10000000149011612,0.10000000149011612,0.10000000149011612,0.10000000149011612,0.10000000149011612,0.10000000149011612,0.10000000149011612
21,EGY,Egypt,2022,0.8227205872535706,1.2898592948913574,5.5,1,-0.7224758267402649,-0.9235809445381165,-0.816137969493866,-0.9286134839057922,-0.7838069200515747,-0.9003927111625671,-0.5674826502799988,-0.9417368173599243,0.10000000149011612,0.10000000149011612,0.10000000149011612,0.10000000149011612,0.10000000149011612,0.10000000149011612,0.10000000149011612,0.10000000149011612,0.10000000149011612,0.10000000149011612
21,EGY,Egypt,2023,0.880398690700531,1.3008793592453003,5.5,1,-0.7224758267402649,-0.9235809445381165,-0.816137969493866,-0.9286134839057922,-0.7838069200515747,-0.9003927111625671,-0.5674826502799988,-0.9417368173599243,0.10000000149011612,0.10000000149011612,0.10000000149011612,0.10000000149011612,0.10000000149011612,0.10000000149011612,0.10000000149011612,0.10000000149011612,0.10000000149011612,0.10000000149011612
22,ESP,Spain,2018,-2.3918983936309814,-0.3088998794555664,5.5,1,0.789492130279541,0.9099151492118835,0.8293587565422058,0.9148731231689453,0.796362042427063,0.8870698809623718,0.7427557706832886,0.9278022646903992,0.10000000149011612,0.10000000149011612,0.10000000149011612,0.10000000149011612,0.10000000149011612,0.10000000149011612,0.10000000149011612,0.10000000149011612,0.10000000149011612,0.10000000149011612
22,ESP,Spain,2019,-3.220625877380371,-0.3287419080734253,5.5,1,0.789492130279541,0.9099151492118835,0.8293587565422058,0.9148731231689453,0.796362042427063,0.8870698809623718,0.7427557706832886,0.9278022646903992,0.10000000149011612,0.10000000149011612,0.10000000149011612,0.10000000149011612,0.10000000149011612,0.10000000149011612,0.10000000149011612,0.10000000149011612,0.10000000149011612,0.10000000149011612
22,ESP,Spain,2020,-4.112740993499756,-0.4626515507698059,5.5,1,0.789492130279541,0.9099151492118835,0.8293587565422058,0.9148731231689453,0.796362042427063,0.8870698809623718,0.7427557706832886,0.9278022646903992,0.10000000149011612,0.10000000149011612,0.10000000149011612,0.10000000149011612,0.10000000149011612,0.10000000149011612,0.10000000149011612,0.10000000149011612,0.10000000149011612,0.10000000149011612
22,ESP,Spain,2021,-4.21701192855835,-0.5925632119178772,5.5,1,0.789492130279541,0.9099151492118835,0.8293587565422058,0.9148731231689453,0.796362042427063,0.8870698809623718,0.7427557706832886,0.9278022646903992,0.10000000149011612,0.10000000149011612,0.10000000149011612,0.10000000149011612,0.10000000149011612,0.10000000149011612,0.10000000149011612,0.10000000149011612,0.10000000149011612,0.10000000149011612
22,ESP,Spain,2022,-3.774611234664917,-0.6859120726585388,5.5,1,0.789492130279541,0.9099151492118835,0.8293587565422058,0.9148731231689453,0.796362042427063,0.8870698809623718,0.7427557706832886,0.9278022646903992,0.10000000149011612,0.10000000149011612,0.10000000149011612,0.10000000149011612,0.10000000149011612,0.10000000149011612,0.10000000149011612,0.10000000149011612,0.10000000149011612,0.10000000149011612
22,ESP,Spain,2023,-4.671977519989014,-0.7500948905944824,5.5,1,0.789492130279541,0.9099151492118835,0.8293587565422058,0.9148731231689453,0.796362042427063,0.8870698809623718,0.7427557706832886,0.9278022646903992,0.10000000149011612,0.10000000149011612,0.10000000149011612,0.10000000149011612,0.10000000149011612,0.10000000149011612,0.10000000149011612,0.10000000149011612,0.10000000149011612,0.10000000149011612
23,EST,Estonia,2018,-4.833373069763184,-1.0318557024002075,5.5,1,0.5303884744644165,0.8066716194152832,0.3051801919937134,0.8110671043395996,0.8016892075538635,0.7864185571670532,0.48429596424102783,0.8225292563438416,0.10000000149011612,0.10000000149011612,0.10000000149011612,0.10000000149011612,0.10000000149011612,0.10000000149011612,0.10000000149011612,0.10000000149011612,0.10000000149011612,0.10000000149011612
23,EST,Estonia,2019,-9.96490478515625,-0.8533488512039185,5.5,1,0.5303884744644165,0.8066716194152832,0.3051801919937134,0.8110671043395996,0.8016892075538635,0.7864185571670532,0.48429596424102783,0.8225292563438416,0.10000000149011612,0.10000000149011612,0.10000000149011612,0.10000000149011612,0.10000000149011612,0.10000000149011612,0.10000000149011612,0.10000000149011612,0.10000000149011612,0.10000000149011612
23,EST,Estonia,2020,-18.38939094543457,-0.9115166664123535,5.5,1,0.5303884744644165,0.8066716194152832,0.3051801919937134,0.8110671043395996,0.8016892075538635,0.7864185571670532,0.48429596424102783,0.8225292563438416,0.10000000149011612,0.10000000149011612,0.10000000149011612,0.10000000149011612,0.10000000149011612,0.10000000149011612,0.10000000149011612,0.10000000149011612,0.10000000149011612,0.10000000149011612
23,EST,Estonia,2021,-14.705828666687012,-1.037398099899292,5.5,1,0.5303884744644165,0.8066716194152832,0.3051801919937134,0.8110671043395996,0.8016892075538635,0.7864185571670532,0.48429596424102783,0.8225292563438416,0.10000000149011612,0.10000000149011612,0.10000000149011612,0.10000000149011612,0.10000000149011612,0.10000000149011612,0.10000000149011612,0.10000000149011612,0.10000000149011612,0.10000000149011612
23,EST,Estonia,2022,-11.738649368286133,-1.1619778871536255,5.5,1,0.5303884744644165,0.8066716194152832,0.3051801919937134,0.8110671043395996,0.8016892075538635,0.7864185571670532,0.48429596424102783,0.8225292563438416,0.10000000149011612,0.10000000149011612,0.10000000149011612,0.10000000149011612,0.10000000149011612,0.10000000149011612,0.10000000149011612,0.10000000149011612,0.10000000149011612,0.10000000149011612
23,EST,Estonia,2023,-19.71649742126465,-1.2692513465881348,5.5,1,0.5303884744644165,0.8066716194152832,0.3051801919937134,0.8110671043395996,0.8016892075538635,0.7864185571670532,0.48429596424102783,0.8225292563438416,0.10000000149011612,0.10000000149011612,0.10000000149011612,0.10000000149011612,0.10000000149011612,0.10000000149011612,0.10000000149011612,0.10000000149011612,0.10000000149011612,0.10000000149011612
24,FIN,Finland,2018,-2.4947378635406494,0.4677770733833313,5.5,1,1.5118976831436157,1.3679251670837402,1.5876092910766602,1.3753788471221924,1.3751853704452515,1.333580732345581,1.572898507118225,1.3948159217834473,0.10000000149011612,0.10000000149011612,0.10000000149011612,0.10000000149011612,0.10000000149011612,0.10000000149011612,0.10000000149011612,0.10000000149011612,0.10000000149011612,0.10000000149011612
24,FIN,Finland,2019,-3.0343379974365234,0.31994134187698364,5.5,1,1.5118976831436157,1.3679251670837402,1.5876092910766602,1.3753788471221924,1.3751853704452515,1.333580732345581,1.572898507118225,1.3948159217834473,0.10000000149011612,0.10000000149011612,0.10000000149011612,0.10000000149011612,0.10000000149011612,0.10000000149011612,0.10000000149011612,0.10000000149011612,0.10000000149011612,0.10000000149011612
24,FIN,Finland,2020,-4.05517578125,0.16001178324222565,5.5,1,1.5118976831436157,1.3679251670837402,1.5876092910766602,1.3753788471221924,1.3751853704452515,1.333580732345581,1.572898507118225,1.3948159217834473,0.10000000149011612,0.10000000149011612,0.10000000149011612,0.10000000149011612,0.10000000149011612,0.10000000149011612,0.10000000149011612,0.10000000149011612,0.10000000149011612,0.10000000149011612
24,FIN,Finland,2021,-3.9226253032684326,0.03170235455036163,5.5,1,1.5118976831436157,1.3679251670837402,1.5876092910766602,1.3753788471221924,1.3751853704452515,1.333580732345581,1.572898507118225,1.3948159217834473,0.10000000149011612,0.10000000149011612,0.10000000149011612,0.10000000149011612,0.10000000149011612,0.10000000149011612,0.10000000149011612,0.10000000149011612,0.10000000149011612,0.10000000149011612
24,FIN,Finland,2022,-4.062594890594482,-0.06848309934139252,5.5,1,1.5118976831436157,1.3679251670837402,1.5876092910766602,1.3753788471221924,1.3751853704452515,1.333580732345581,1.572898507118225,1.3948159217834473,0.10000000149011612,0.10000000149011612,0.10000000149011612,0.10000000149011612,0.10000000149011612,0.10000000149011612,0.10000000149011612,0.10000000149011612,0.10000000149011612,0.10000000149011612
24,FIN,Finland,2023,-5.2590131759643555,-0.14693914353847504,5.5,1,1.5118976831436157,1.3679251670837402,1.5876092910766602,1.3753788471221924,1.3751853704452515,1.333580732345581,1.572898507118225,1.3948159217834473,0.10000000149011612,0.10000000149011612,0.10000000149011612,0.10000000149011612,0.10000000149011612,0.10000000149011612,0.10000000149011612,0.10000000149011612,0.10000000149011612,0.10000000149011612
25,FRA,France,2018,-2.937512159347534,0.3265899419784546,5.5,1,0.8883405327796936,0.849607527256012,1.0859564542770386,0.8542369604110718,0.6707704067230225,0.8282764554023743,0.9082947969436646,0.8663092255592346,0.10000000149011612,0.10000000149011612,0.10000000149011612,0.10000000149011612,0.10000000149011612,0.10000000149011612,0.10000000149011612,0.10000000149011612,0.10000000149011612,0.10000000149011612
25,FRA,France,2019,-2.957599639892578,0.23905695974826813,5.5,1,0.8883405327796936,0.849607527256012,1.0859564542770386,0.8542369604110718,0.6707704067230225,0.8282764554023743,0.9082947969436646,0.8663092255592346,0.10000000149011612,0.10000000149011612,0.10000000149011612,0.10000000149011612,0.10000000149011612,0.10000000149011612,0.10000000149011612,0.10000000149011612,0.10000000149011612,0.10000000149011612
25,FRA,France,2020,-3.0673086643218994,0.07246904075145721,5.5,1,0.8883405327796936,0.849607527256012,1.0859564542770386,0.8542369604110718,0.6707704067230225,0.8282764554023743,0.9082947969436646,0.8663092255592346,0.10000000149011612,0.10000000149011612,0.10000000149011612,0.10000000149011612,0.10000000149011612,0.10000000149011612,0.10000000149011612,0.10000000149011612,0.10000000149011612,0.10000000149011612
25,FRA,France,2021,-2.956054449081421,-0.0808572918176651,5.5,1,0.8883405327796936,0.849607527256012,1.0859564542770386,0.8542369604110718,0.6707704067230225,0.8282764554023743,0.9082947969436646,0.8663092255592346,0.10000000149011612,0.10000000149011612,0.10000000149011612,0.10000000149011612,0.10000000149011612,0.10000000149011612,0.10000000149011612,0.10000000149011612,0.10000000149011612,0.10000000149011612
25,FRA,France,2022,-0.05572359263896942,-0.12826098501682281,5.5,1,0.8883405327796936,0.849607527256012,1.0859564542770386,0.8542369604110718,0.6707704067230225,0.8282764554023743,0.9082947969436646,0.8663092255592346,0.10000000149011612,0.10000000149011612,0.10000000149011612,0.10000000149011612,0.10000000149011612,0.10000000149011612,0.10000000149011612,0.10000000149011612,0.10000000149011612,0.10000000149011612
25,FRA,France,2023,-3.9094398021698,-0.2015238255262375,5.5,1,0.8883405327796936,0.849607527256012,1.0859564542770386,0.8542369604110718,0.6707704067230225,0.8282764554023743,0.9082947969436646,0.8663092255592346,0.10000000149011612,0.10000000149011612,0.10000000149011612,0.10000000149011612,0.10000000149011612,0.10000000149011612,0.10000000149011612,0.10000000149011612,0.10000000149011612,0.10000000149011612
26,GBR,United Kingdom,2018,-11.656635284423828,1.016028881072998,5.5,1,1.2583589553833008,1.3395366668701172,1.1897099018096924,1.346835732460022,1.3614327907562256,1.3059049844741821,1.2239340543746948,1.365869402885437,0.10000000149011612,0.10000000149011612,0.10000000149011612,0.10000000149011612,0.10000000149011612,0.10000000149011612,0.10000000149011612,0.10000000149011612,0.10000000149011612,0.10000000149011612
26,GBR,United Kingdom,2019,-12.48721694946289,0.7913119792938232,5.5,1,1.2583589553833008,1.3395366668701172,1.1897099018096924,1.346835732460022,1.3614327907562256,1.3059049844741821,1.2239340543746948,1.365869402885437,0.10000000149011612,0.10000000149011612,0.10000000149011612,0.10000000149011612,0.10000000149011612,0.10000000149011612,0.10000000149011612,0.10000000149011612,0.10000000149011612,0.10000000149011612
26,GBR,United Kingdom,2020,-13.733572006225586,0.47745221853256226,5.5,1,1.2583589553833008,1.3395366668701172,1.1897099018096924,1.346835732460022,1.3614327907562256,1.3059049844741821,1.2239340543746948,1.365869402885437,0.10000000149011612,0.10000000149011612,0.10000000149011612,0.10000000149011612,0.10000000149011612,0.10000000149011612,0.10000000149011612,0.10000000149011612,0.10000000149011612,0.10000000149011612
26,GBR,United Kingdom,2021,-12.55033016204834,0.20783080160617828,5.5,1,1.2583589553833008,1.3395366668701172,1.1897099018096924,1.346835732460022,1.3614327907562256,1.3059049844741821,1.2239340543746948,1.365869402885437,0.10000000149011612,0.10000000149011612,0.10000000149011612,0.10000000149011612,0.10000000149011612,0.10000000149011612,0.10000000149011612,0.10000000149011612,0.10000000149011612,0.10000000149011612
26,GBR,United Kingdom,2022,-13.13424301147461,-0.008305475115776062,5.5,1,1.2583589553833008,1.3395366668701172,1.1897099018096924,1.346835732460022,1.3614327907562256,1.3059049844741821,1.2239340543746948,1.365869402885437,0.10000000149011612,0.10000000149011612,0.10000000149011612,0.10000000149011612,0.10000000149011612,0.10000000149011612,0.10000000149011612,0.10000000149011612,0.10000000149011612,0.10000000149011612
26,GBR,United Kingdom,2023,-14.066479682922363,-0.1544957309961319,5.5,1,1.2583589553833008,1.3395366668701172,1.1897099018096924,1.346835732460022,1.3614327907562256,1.3059049844741821,1.2239340543746948,1.365869402885437,0.10000000149011612,0.10000000149011612,0.10000000149011612,0.10000000149011612,0.10000000149011612,0.10000000149011612,0.10000000149011612,0.10000000149011612,0.10000000149011612,0.10000000149011612
27,GRC,Greece,2018,-5.507160186767578,-1.0390207767486572,5.5,1,0.21050052344799042,0.17034362256526947,0.004785913974046707,0.17127180099487305,0.24354657530784607,0.16606679558753967,0.3831690847873688,0.1736922413110733,0.10000000149011612,0.10000000149011612,0.10000000149011612,0.10000000149011612,0.10000000149011612,0.10000000149011612,0.10000000149011612,0.10000000149011612,0.10000000149011612,0.10000000149011612
27,GRC,Greece,2019,-6.582149982452393,-0.8879253268241882,5.5,1,0.21050052344799042,0.17034362256526947,0.004785913974046707,0.17127180099487305,0.24354657530784607,0.16606679558753967,0.3831690847873688,0.1736922413110733,0.10000000149011612,0.10000000149011612,0.10000000149011612,0.10000000149011612,0.10000000149011612,0.10000000149011612,0.10000000149011612,0.10000000149011612,0.10000000149011612,0.10000000149011612
27,GRC,Greece,2020,-8.231910705566406,-0.9202272891998291,5.5,1,0.21050052344799042,0.17034362256526947,0.004785913974046707,0.17127180099487305,0.24354657530784607,0.16606679558753967,0.3831690847873688,0.1736922413110733,0.10000000149011612,0.10000000149011612,0.10000000149011612,0.10000000149011612,0.10000000149011612,0.10000000149011612,0.10000000149011612,0.10000000149011612,0.10000000149011612,0.10000000149011612
27,GRC,Greece,2021,-9.12386703491211,-0.9901427626609802,5.5,1,0.21050052344799042,0.17034362256526947,0.004785913974046707,0.17127180099487305,0.24354657530784607,0.16606679558753967,0.3831690847873688,0.1736922413110733,0.10000000149011612,0.10000000149011612,0.10000000149011612,0.10000000149011612,0.10000000149011612,0.10000000149011612,0.10000000149011612,0.10000000149011612,0.10000000149011612,0.10000000149011612
27,GRC,Greece,2022,-9.264490127563477,-1.0432196855545044,5.5,1,0.21050052344799042,0.17034362256526947,0.004785913974046707,0.17127180099487305,0.24354657530784607,0.16606679558753967,0.3831690847873688,0.1736922413110733,0.10000000149011612,0.10000000149011612,0.10000000149011612,0.10000000149011612,0.10000000149011612,0.10000000149011612,0.10000000149011612,0.10000000149011612,0.10000000149011612,0.10000000149011612
27,GRC,Greece,2023,-10.155776977539062,-1.0883902311325073,5.5,1,0.21050052344799042,0.17034362256526947,0.004785913974046707,0.17127180099487305,0.24354657530784607,0.16606679558753967,0.3831690847873688,0.1736922413110733,0.10000000149011612,0.10000000149011612,0.10000000149011612,0.10000000149011612,0.10000000149011612,0.10000000149011612,0.10000000149011612,0.10000000149011612,0.10000000149011612,0.10000000149011612
28,HKG,Hong Kong,2018,-1.1459519863128662,0.6594743132591248,5.5,1,1.1223636865615845,1.1536548137664795,1.0890463590621948,1.1599409580230713,1.3811711072921753,1.124690055847168,0.8968734741210938,1.1763334274291992,0.10000000149011612,0.10000000149011612,0.10000000149011612,0.10000000149011612,0.10000000149011612,0.10000000149011612,0.10000000149011612,0.10000000149011612,0.10000000149011612,0.10000000149011612
28,HKG,Hong Kong,2019,-1.7272493839263916,0.7264201045036316,5.5,1,1.1223636865615845,1.1536548137664795,1.0890463590621948,1.1599409580230713,1.3811711072921753,1.124690055847168,0.8968734741210938,1.1763334274291992,0.10000000149011612,0.10000000149011612,0.10000000149011612,0.10000000149011612,0.10000000149011612,0.10000000149011612,0.10000000149011612,0.10000000149011612,0.10000000149011612,0.10000000149011612
28,HKG,Hong Kong,2020,-5.682636260986328,0.6499335169792175,5.5,1,1.1223636865615845,1.1536548137664795,1.0890463590621948,1.1599409580230713,1.3811711072921753,1.124690055847168,0.8968734741210938,1.1763334274291992,0.10000000149011612,0.10000000149011612,0.10000000149011612,0.10000000149011612,0.10000000149011612,0.10000000149011612,0.10000000149011612,0.10000000149011612,0.10000000149011612,0.10000000149011612
28,HKG,Hong Kong,2021,-5.362922668457031,0.5612205862998962,5.5,1,1.1223636865615845,1.1536548137664795,1.0890463590621948,1.1599409580230713,1.3811711072921753,1.124690055847168,0.8968734741210938,1.1763334274291992,0.10000000149011612,0.10000000149011612,0.10000000149011612,0.10000000149011612,0.10000000149011612,0.10000000149011612,0.10000000149011612,0.10000000149011612,0.10000000149011612,0.10000000149011612
28,HKG,Hong Kong,2022,-5.762137413024902,0.4696512818336487,5.5,1,1.1223636865615845,1.1536548137664795,1.0890463590621948,1.1599409580230713,1.3811711072921753,1.124690055847168,0.8968734741210938,1.1763334274291992,0.10000000149011612,0.10000000149011612,0.10000000149011612,0.10000000149011612,0.10000000149011612,0.10000000149011612,0.10000000149011612,0.10000000149011612,0.10000000149011612,0.10000000149011612
28,HKG,Hong Kong,2023,-5.774105072021484,0.4144664406776428,5.5,1,1.1223636865615845,1.1536548137664795,1.0890463590621948,1.1599409580230713,1.3811711072921753,1.124690055847168,0.8968734741210938,1.1763334274291992,0.10000000149011612,0.10000000149011612,0.10000000149011612,0.10000000149011612,0.10000000149011612,0.10000000149011612,0.10000000149011612,0.10000000149011612,0.10000000149011612,0.10000000149011612
29,HRV,Croatia,2018,-2.1691575050354004,0.43307262659072876,5.5,1,-0.3481642007827759,-0.9937710165977478,-0.2588765323162079,-0.9991859197616577,-0.3555670380592346,-0.9688203930854797,-0.4300490617752075,-1.0133066177368164,0.10000000149011612,0.10000000149011612,0.10000000149011612,0.10000000149011612,0.10000000149011612,0.10000000149011612,0.10000000149011612,0.10000000149011612,0.10000000149011612,0.10000000149011612
29,HRV,Croatia,2019,-1.4451857805252075,0.6884956955909729,5.5,1,-0.3481642007827759,-0.9937710165977478,-0.2588765323162079,-0.9991859197616577,-0.3555670380592346,-0.9688203930854797,-0.4300490617752075,-1.0133066177368164,0.10000000149011612,0.10000000149011612,0.10000000149011612,0.10000000149011612,0.10000000149011612,0.10000000149011612,0.10000000149011612,0.10000000149011612,0.10000000149011612,0.10000000149011612
29,HRV,Croatia,2020,-1.7230193614959717,0.7451236248016357,5.5,1,-0.3481642007827759,-0.9937710165977478,-0.2588765323162079,-0.9991859197616577,-0.3555670380592346,-0.9688203930854797,-0.4300490617752075,-1.0133066177368164,0.10000000149011612,0.10000000149011612,0.10000000149011612,0.10000000149011612,0.10000000149011612,0.10000000149011612,0.10000000149011612,0.10000000149011612,0.10000000149011612,0.10000000149011612
29,HRV,Croatia,2021,-2.0073060989379883,0.714665949344635,5.5,1,-0.3481642007827759,-0.9937710165977478,-0.2588765323162079,-0.9991859197616577,-0.3555670380592346,-0.9688203930854797,-0.4300490617752075,-1.0133066177368164,0.10000000149011612,0.10000000149011612,0.10000000149011612,0.10000000149011612,0.10000000149011612,0.10000000149011612,0.10000000149011612,0.10000000149011612,0.10000000149011612,0.10000000149011612
29,HRV,Croatia,2022,-1.4104783535003662,0.6848244071006775,5.5,1,-0.3481642007827759,-0.9937710165977478,-0.2588765323162079,-0.9991859197616577,-0.3555670380592346,-0.9688203930854797,-0.4300490617752075,-1.0133066177368164,0.10000000149011612,0.10000000149011612,0.10000000149011612,0.10000000149011612,0.10000000149011612,0.10000000149011612,0.10000000149011612,0.10000000149011612,0.10000000149011612,0.10000000149011612
29,HRV,Croatia,2023,-2.236304998397827,0.6743996739387512,5.5,1,-0.3481642007827759,-0.9937710165977478,-0.2588765323162079,-0.9991859197616577,-0.3555670380592346,-0.9688203930854797,-0.4300490617752075,-1.0133066177368164,0.10000000149011612,0.10000000149011612,0.10000000149011612,0.10000000149011612,0.10000000149011612,0.10000000149011612,0.10000000149011612,0.10000000149011612,0.10000000149011612,0.10000000149011612
30,HUN,Hungary,2018,-2.826733112335205,-0.710986316204071,5.5,1,0.43036317825317383,0.5762583613395691,0.30845627188682556,0.5793983340263367,0.5491956472396851,0.5617902874946594,0.4334375858306885,0.587586522102356,0.10000000149011612,0.10000000149011612,0.10000000149011612,0.10000000149011612,0.10000000149011612,0.10000000149011612,0.10000000149011612,0.10000000149011612,0.10000000149011612,0.10000000149011612
30,HUN,Hungary,2019,-3.2313930988311768,-0.6239499449729919,5.5,1,0.43036317825317383,0.5762583613395691,0.30845627188682556,0.5793983340263367,0.5491956472396851,0.5617902874946594,0.4334375858306885,0.587586522102356,0.10000000149011612,0.10000000149011612,0.10000000149011612,0.10000000149011612,0.10000000149011612,0.10000000149011612,0.10000000149011612,0.10000000149011612,0.10000000149011612,0.10000000149011612
30,HUN,Hungary,2020,-3.419083595275879,-0.6456092000007629,5.5,1,0.43036317825317383,0.5762583613395691,0.30845627188682556,0.5793983340263367,0.5491956472396851,0.5617902874946594,0.4334375858306885,0.587586522102356,0.10000000149011612,0.10000000149011612,0.10000000149011612,0.10000000149011612,0.10000000149011612,0.10000000149011612,0.10000000149011612,0.10000000149011612,0.10000000149011612,0.10000000149011612
30,HUN,Hungary,2021,-3.8331387042999268,-0.6948736310005188,5.5,1,0.43036317825317383,0.5762583613395691,0.30845627188682556,0.5793983340263367,0.5491956472396851,0.5617902874946594,0.4334375858306885,0.587586522102356,0.10000000149011612,0.10000000149011612,0.10000000149011612,0.10000000149011612,0.10000000149011612,0.10000000149011612,0.10000000149011612,0.10000000149011612,0.10000000149011612,0.10000000149011612
30,HUN,Hungary,2022,-4.042897701263428,-0.7427535653114319,5.5,1,0.43036317825317383,0.5762583613395691,0.30845627188682556,0.5793983340263367,0.5491956472396851,0.5617902874946594,0.4334375858306885,0.587586522102356,0.10000000149011612,0.10000000149011612,0.10000000149011612,0.10000000149011612,0.10000000149011612,0.10000000149011612,0.10000000149011612,0.10000000149011612,0.10000000149011612,0.10000000149011612
30,HUN,Hungary,2023,-4.756733417510986,-0.7829336524009705,5.5,1,0.43036317825317383,0.5762583613395691,0.30845627188682556,0.5793983340263367,0.5491956472396851,0.5617902874946594,0.4334375858306885,0.587586522102356,0.10000000149011612,0.10000000149011612,0.10000000149011612,0.10000000149011612,0.10000000149011612,0.10000000149011612,0.10000000149011612,0.10000000149011612,0.10000000149011612,0.10000000149011612
31,IDN,Indonesia,2018,2.64410662651062,0.23574064671993256,5.5,1,-0.9561768174171448,-0.7795600891113281,-0.9402090311050415,-0.7838078141212463,-0.8002218008041382,-0.7599877119064331,-1.1280996799468994,-0.7948847413063049,0.10000000149011612,0.10000000149011612,0.10000000149011612,0.10000000149011612,0.10000000149011612,0.10000000149011612,0.10000000149011612,0.10000000149011612,0.10000000149011612,0.10000000149011612
31,IDN,Indonesia,2019,3.317753314971924,0.7456479668617249,5.5,1,-0.9561768174171448,-0.7795600891113281,-0.9402090311050415,-0.7838078141212463,-0.8002218008041382,-0.7599877119064331,-1.1280996799468994,-0.7948847413063049,0.10000000149011612,0.10000000149011612,0.10000000149011612,0.10000000149011612,0.10000000149011612,0.10000000149011612,0.10000000149011612,0.10000000149011612,0.10000000149011612,0.10000000149011612
31,IDN,Indonesia,2020,2.719416856765747,0.9822412133216858,5.5,1,-0.9561768174171448,-0.7795600891113281,-0.9402090311050415,-0.7838078141212463,-0.8002218008041382,-0.7599877119064331,-1.1280996799468994,-0.7948847413063049,0.10000000149011612,0.10000000149011612,0.10000000149011612,0.10000000149011612,0.10000000149011612,0.10000000149011612,0.10000000149011612,0.10000000149011612,0.10000000149011612,0.10000000149011612
31,IDN,Indonesia,2021,2.6682887077331543,1.0969414710998535,5.5,1,-0.9561768174171448,-0.7795600891113281,-0.9402090311050415,-0.7838078141212463,-0.8002218008041382,-0.7599877119064331,-1.1280996799468994,-0.7948847413063049,0.10000000149011612,0.10000000149011612,0.10000000149011612,0.10000000149011612,0.10000000149011612,0.10000000149011612,0.10000000149011612,0.10000000149011612,0.10000000149011612,0.10000000149011612
31,IDN,Indonesia,2022,2.0740978717803955,1.143819808959961,5.5,1,-0.9561768174171448,-0.7795600891113281,-0.9402090311050415,-0.7838078141212463,-0.8002218008041382,-0.7599877119064331,-1.1280996799468994,-0.7948847413063049,0.10000000149011612,0.10000000149011612,0.10000000149011612,0.10000000149011612,0.10000000149011612,0.10000000149011612,0.10000000149011612,0.10000000149011612,0.10000000149011612,0.10000000149011612
31,IDN,Indonesia,2023,2.4188666343688965,1.1680150032043457,5.5,1,-0.9561768174171448,-0.7795600891113281,-0.9402090311050415,-0.7838078141212463,-0.8002218008041382,-0.7599877119064331,-1.1280996799468994,-0.7948847413063049,0.10000000149011612,0.10000000149011612,0.10000000149011612,0.10000000149011612,0.10000000149011612,0.10000000149011612,0.10000000149011612,0.10000000149011612,0.10000000149011612,0.10000000149011612
32,IND,India,2018,0.023883648216724396,-1.4757912158966064,5.5,1,-0.5800058245658875,-0.9596610069274902,-0.6757107377052307,-0.9648901224136353,-0.8220545053482056,-0.9355668425559998,-0.24225223064422607,-0.9785261154174805,0.10000000149011612,0.10000000149011612,0.10000000149011612,0.10000000149011612,0.10000000149011612,0.10000000149011612,0.10000000149011612,0.10000000149011612,0.10000000149011612,0.10000000149011612
32,IND,India,2019,-1.7109887599945068,-0.857446014881134,5.5,1,-0.5800058245658875,-0.9596610069274902,-0.6757107377052307,-0.9648901224136353,-0.8220545053482056,-0.9355668425559998,-0.24225223064422607,-0.9785261154174805,0.10000000149011612,0.10000000149011612,0.10000000149011612,0.10000000149011612,0.10000000149011612,0.10000000149011612,0.10000000149011612,0.10000000149011612,0.10000000149011612,0.10000000149011612
32,IND,India,2020,-2.832286834716797,-0.5134809017181396,5.5,1,-0.5800058245658875,-0.9596610069274902,-0.6757107377052307,-0.9648901224136353,-0.8220545053482056,-0.9355668425559998,-0.24225223064422607,-0.9785261154174805,0.10000000149011612,0.10000000149011612,0.10000000149011612,0.10000000149011612,0.10000000149011612,0.10000000149011612,0.10000000149011612,0.10000000149011612,0.10000000149011612,0.10000000149011612
32,IND,India,2021,-2.1478464603424072,-0.299757182598114,5.5,1,-0.5800058245658875,-0.9596610069274902,-0.6757107377052307,-0.9648901224136353,-0.8220545053482056,-0.9355668425559998,-0.24225223064422607,-0.9785261154174805,0.10000000149011612,0.10000000149011612,0.10000000149011612,0.10000000149011612,0.10000000149011612,0.10000000149011612,0.10000000149011612,0.10000000149011612,0.10000000149011612,0.10000000149011612
32,IND,India,2022,-2.8932855129241943,-0.20255248248577118,5.5,1,-0.5800058245658875,-0.9596610069274902,-0.6757107377052307,-0.9648901224136353,-0.8220545053482056,-0.9355668425559998,-0.24225223064422607,-0.9785261154174805,0.10000000149011612,0.10000000149011612,0.10000000149011612,0.10000000149011612,0.10000000149011612,0.10000000149011612,0.10000000149011612,0.10000000149011612,0.10000000149011612,0.10000000149011612
32,IND,India,2023,-2.182831048965454,-0.11288826167583466,5.5,1,-0.5800058245658875,-0.9596610069274902,-0.6757107377052307,-0.9648901224136353,-0.8220545053482056,-0.9355668425559998,-0.24225223064422607,-0.9785261154174805,0.10000000149011612,0.10000000149011612,0.10000000149011612,0.10000000149011612,0.10000000149011612,0.10000000149011612,0.10000000149011612,0.10000000149011612,0.10000000149011612,0.10000000149011612
33,IRL,Ireland,2018,-3.2219769954681396,-1.0180675983428955,5.5,1,1.125100016593933,1.371321201324463,0.9071259498596191,1.3787933588027954,1.2676217555999756,1.3368914127349854,1.2005521059036255,1.3982787132263184,0.10000000149011612,0.10000000149011612,0.10000000149011612,0.10000000149011612,0.10000000149011612,0.10000000149011612,0.10000000149011612,0.10000000149011612,0.10000000149011612,0.10000000149011612
33,IRL,Ireland,2019,-3.9652493000030518,-1.105828046798706,5.5,1,1.125100016593933,1.371321201324463,0.9071259498596191,1.3787933588027954,1.2676217555999756,1.3368914127349854,1.2005521059036255,1.3982787132263184,0.10000000149011612,0.10000000149011612,0.10000000149011612,0.10000000149011612,0.10000000149011612,0.10000000149011612,0.10000000149011612,0.10000000149011612,0.10000000149011612,0.10000000149011612
33,IRL,Ireland,2020,-4.2647223472595215,-1.2507474422454834,5.5,1,1.125100016593933,1.371321201324463,0.9071259498596191,1.3787933588027954,1.2676217555999756,1.3368914127349854,1.2005521059036255,1.3982787132263184,0.10000000149011612,0.10000000149011612,0.10000000149011612,0.10000000149011612,0.10000000149011612,0.10000000149011612,0.10000000149011612,0.10000000149011612,0.10000000149011612,0.10000000149011612
33,IRL,Ireland,2021,-3.373614549636841,-1.3672199249267578,5.5,1,1.125100016593933,1.371321201324463,0.9071259498596191,1.3787933588027954,1.2676217555999756,1.3368914127349854,1.2005521059036255,1.3982787132263184,0.10000000149011612,0.10000000149011612,0.10000000149011612,0.10000000149011612,0.10000000149011612,0.10000000149011612,0.10000000149011612,0.10000000149011612,0.10000000149011612,0.10000000149011612
33,IRL,Ireland,2022,-3.6817150115966797,-1.4709596633911133,5.5,1,1.125100016593933,1.371321201324463,0.9071259498596191,1.3787933588027954,1.2676217555999756,1.3368914127349854,1.2005521059036255,1.3982787132263184,0.10000000149011612,0.10000000149011612,0.10000000149011612,0.10000000149011612,0.10000000149011612,0.10000000149011612,0.10000000149011612,0.10000000149011612,0.10000000149011612,0.10000000149011612
33,IRL,Ireland,2023,-4.387845516204834,-1.5403423309326172,5.5,1,1.125100016593933,1.371321201324463,0.9071259498596191,1.3787933588027954,1.2676217555999756,1.3368914127349854,1.2005521059036255,1.3982787132263184,0.10000000149011612,0.10000000149011612,0.10000000149011612,0.10000000149011612,0.10000000149011612,0.10000000149011612,0.10000000149011612,0.10000000149011612,0.10000000149011612,0.10000000149011612
34,IRN,Iran,2018,0.18575511872768402,-1.474753975868225,5.5,1,-1.425826907157898,-0.9647183418273926,-1.0039883852005005,-0.969974935054779,-1.918333888053894,-0.9404971599578857,-1.3551583290100098,-0.9836828112602234,0.10000000149011612,0.10000000149011612,0.10000000149011612,0.10000000149011612,0.10000000149011612,0.10000000149011612,0.10000000149011612,0.10000000149011612,0.10000000149011612,0.10000000149011612
34,IRN,Iran,2019,-3.3282368183135986,-0.7773434519767761,5.5,1,-1.425826907157898,-0.9647183418273926,-1.0039883852005005,-0.969974935054779,-1.918333888053894,-0.9404971599578857,-1.3551583290100098,-0.9836828112602234,0.10000000149011612,0.10000000149011612,0.10000000149011612,0.10000000149011612,0.10000000149011612,0.10000000149011612,0.10000000149011612,0.10000000149011612,0.10000000149011612,0.10000000149011612
34,IRN,Iran,2020,-1.5740487575531006,-0.5469046831130981,5.5,1,-1.425826907157898,-0.9647183418273926,-1.0039883852005005,-0.969974935054779,-1.918333888053894,-0.9404971599578857,-1.3551583290100098,-0.9836828112602234,0.10000000149011612,0.10000000149011612,0.10000000149011612,0.10000000149011612,0.10000000149011612,0.10000000149011612,0.10000000149011612,0.10000000149011612,0.10000000149011612,0.10000000149011612
34,IRN,Iran,2021,0.32263654470443726,-0.4553353190422058,5.5,1,-1.425826907157898,-0.9647183418273926,-1.0039883852005005,-0.969974935054779,-1.918333888053894,-0.9404971599578857,-1.3551583290100098,-0.9836828112602234,0.10000000149011612,0.10000000149011612,0.10000000149011612,0.10000000149011612,0.10000000149011612,0.10000000149011612,0.10000000149011612,0.10000000149011612,0.10000000149011612,0.10000000149011612
34,IRN,Iran,2022,0.009564151056110859,-0.414817214012146,5.5,1,-1.425826907157898,-0.9647183418273926,-1.0039883852005005,-0.969974935054779,-1.918333888053894,-0.9404971599578857,-1.3551583290100098,-0.9836828112602234,0.10000000149011612,0.10000000149011612,0.10000000149011612,0.10000000149011612,0.10000000149011612,0.10000000149011612,0.10000000149011612,0.10000000149011612,0.10000000149011612,0.10000000149011612
34,IRN,Iran,2023,-0.9724723696708679,-0.3866705894470215,5.5,1,-1.425826907157898,-0.9647183418273926,-1.0039883852005005,-0.969974935054779,-1.918333888053894,-0.9404971599578857,-1.3551583290100098,-0.9836828112602234,0.10000000149011612,0.10000000149011612,0.10000000149011612,0.10000000149011612,0.10000000149011612,0.10000000149011612,0.10000000149011612,0.10000000149011612,0.10000000149011612,0.10000000149011612
35,IRQ,Iraq,2018,1.4125878810882568,-1.3874378204345703,5.5,1,-2.0568058490753174,-0.6407723426818848,-2.0972113609313965,-0.6442638635635376,-2.079011917114258,-0.6246845126152039,-1.9941946268081665,-0.6533687114715576,0.10000000149011612,0.10000000149011612,0.10000000149011612,0.10000000149011612,0.10000000149011612,0.10000000149011612,0.10000000149011612,0.10000000149011612,0.10000000149011612,0.10000000149011612
35,IRQ,Iraq,2019,1.0280742645263672,-0.7742891907691956,5.5,1,-2.0568058490753174,-0.6407723426818848,-2.0972113609313965,-0.6442638635635376,-2.079011917114258,-0.6246845126152039,-1.9941946268081665,-0.6533687114715576,0.10000000149011612,0.10000000149011612,0.10000000149011612,0.10000000149011612,0.10000000149011612,0.10000000149011612,0.10000000149011612,0.10000000149011612,0.10000000149011612,0.10000000149011612
35,IRQ,Iraq,2020,1.1829884052276611,-0.5155007243156433,5.5,1,-2.0568058490753174,-0.6407723426818848,-2.0972113609313965,-0.6442638635635376,-2.079011917114258,-0.6246845126152039,-1.9941946268081665,-0.6533687114715576,0.10000000149011612,0.10000000149011612,0.10000000149011612,0.10000000149011612,0.10000000149011612,0.10000000149011612,0.10000000149011612,0.10000000149011612,0.10000000149011612,0.10000000149011612
35,IRQ,Iraq,2021,1.2868479490280151,-0.4049230217933655,5.5,1,-2.0568058490753174,-0.6407723426818848,-2.0972113609313965,-0.6442638635635376,-2.079011917114258,-0.6246845126152039,-1.9941946268081665,-0.6533687114715576,0.10000000149011612,0.10000000149011612,0.10000000149011612,0.10000000149011612,0.10000000149011612,0.10000000149011612,0.10000000149011612,0.10000000149011612,0.10000000149011612,0.10000000149011612
35,IRQ,Iraq,2022,1.606886863708496,-0.3814954161643982,5.5,1,-2.0568058490753174,-0.6407723426818848,-2.0972113609313965,-0.6442638635635376,-2.079011917114258,-0.6246845126152039,-1.9941946268081665,-0.6533687114715576,0.10000000149011612,0.10000000149011612,0.10000000149011612,0.10000000149011612,0.10000000149011612,0.10000000149011612,0.10000000149011612,0.10000000149011612,0.10000000149011612,0.10000000149011612
35,IRQ,Iraq,2023,1.6270170211791992,-0.39961397647857666,5.5,1,-2.0568058490753174,-0.6407723426818848,-2.0972113609313965,-0.6442638635635376,-2.079011917114258,-0.6246845126152039,-1.9941946268081665,-0.6533687114715576,0.10000000149011612,0.10000000149011612,0.10000000149011612,0.10000000149011612,0.10000000149011612,0.10000000149011612,0.10000000149011612,0.10000000149011612,0.10000000149011612,0.10000000149011612
36,ISL,Iceland,2018,2.5240752696990967,1.0766487121582031,5.5,1,1.1885734796524048,1.2088994979858398,1.2342337369918823,1.2154866456985474,0.9549963474273682,1.178547739982605,1.376490592956543,1.2326641082763672,0.10000000149011612,0.10000000149011612,0.10000000149011612,0.10000000149011612,0.10000000149011612,0.10000000149011612,0.10000000149011612,0.10000000149011612,0.10000000149011612,0.10000000149011612
36,ISL,Iceland,2019,2.4789857864379883,1.0558338165283203,5.5,1,1.1885734796524048,1.2088994979858398,1.2342337369918823,1.2154866456985474,0.9549963474273682,1.178547739982605,1.376490592956543,1.2326641082763672,0.10000000149011612,0.10000000149011612,0.10000000149011612,0.10000000149011612,0.10000000149011612,0.10000000149011612,0.10000000149011612,0.10000000149011612,0.10000000149011612,0.10000000149011612
36,ISL,Iceland,2020,1.9529410600662231,0.9752845168113708,5.5,1,1.1885734796524048,1.2088994979858398,1.2342337369918823,1.2154866456985474,0.9549963474273682,1.178547739982605,1.376490592956543,1.2326641082763672,0.10000000149011612,0.10000000149011612,0.10000000149011612,0.10000000149011612,0.10000000149011612,0.10000000149011612,0.10000000149011612,0.10000000149011612,0.10000000149011612,0.10000000149011612
36,ISL,Iceland,2021,1.6373142004013062,0.9104122519493103,5.5,1,1.1885734796524048,1.2088994979858398,1.2342337369918823,1.2154866456985474,0.9549963474273682,1.178547739982605,1.376490592956543,1.2326641082763672,0.10000000149011612,0.10000000149011612,0.10000000149011612,0.10000000149011612,0.10000000149011612,0.10000000149011612,0.10000000149011612,0.10000000149011612,0.10000000149011612,0.10000000149011612
36,ISL,Iceland,2022,1.38180673122406,0.8592272996902466,5.5,1,1.1885734796524048,1.2088994979858398,1.2342337369918823,1.2154866456985474,0.9549963474273682,1.178547739982605,1.376490592956543,1.2326641082763672,0.10000000149011612,0.10000000149011612,0.10000000149011612,0.10000000149011612,0.10000000149011612,0.10000000149011612,0.10000000149011612,0.10000000149011612,0.10000000149011612,0.10000000149011612
36,ISL,Iceland,2023,2.3587470054626465,0.8192293047904968,5.5,1,1.1885734796524048,1.2088994979858398,1.2342337369918823,1.2154866456985474,0.9549963474273682,1.178547739982605,1.376490592956543,1.2326641082763672,0.10000000149011612,0.10000000149011612,0.10000000149011612,0.10000000149011612,0.10000000149011612,0.10000000149011612,0.10000000149011612,0.10000000149011612,0.10000000149011612,0.10000000149011612
37,ISR,Israel,2018,-6.285995006561279,-0.2938968539237976,5.5,1,0.6414921283721924,0.4837997257709503,0.9020118117332458,0.4864359200000763,0.48677289485931396,0.4716529846191406,0.5356917977333069,0.4933103024959564,0.10000000149011612,0.10000000149011612,0.10000000149011612,0.10000000149011612,0.10000000149011612,0.10000000149011612,0.10000000149011612,0.10000000149011612,0.10000000149011612,0.10000000149011612
37,ISR,Israel,2019,-6.490711212158203,-0.24472872912883759,5.5,1,0.6414921283721924,0.4837997257709503,0.9020118117332458,0.4864359200000763,0.48677289485931396,0.4716529846191406,0.5356917977333069,0.4933103024959564,0.10000000149011612,0.10000000149011612,0.10000000149011612,0.10000000149011612,0.10000000149011612,0.10000000149011612,0.10000000149011612,0.10000000149011612,0.10000000149011612,0.10000000149011612
37,ISR,Israel,2020,-7.341547966003418,-0.33721923828125,5.5,1,0.6414921283721924,0.4837997257709503,0.9020118117332458,0.4864359200000763,0.48677289485931396,0.4716529846191406,0.5356917977333069,0.4933103024959564,0.10000000149011612,0.10000000149011612,0.10000000149011612,0.10000000149011612,0.10000000149011612,0.10000000149011612,0.10000000149011612,0.10000000149011612,0.10000000149011612,0.10000000149011612
37,ISR,Israel,2021,-8.057387351989746,-0.4592439532279968,5.5,1,0.6414921283721924,0.4837997257709503,0.9020118117332458,0.4864359200000763,0.48677289485931396,0.4716529846191406,0.5356917977333069,0.4933103024959564,0.10000000149011612,0.10000000149011612,0.10000000149011612,0.10000000149011612,0.10000000149011612,0.10000000149011612,0.10000000149011612,0.10000000149011612,0.10000000149011612,0.10000000149011612
37,ISR,Israel,2022,-8.405094146728516,-0.5674229860305786,5.5,1,0.6414921283721924,0.4837997257709503,0.9020118117332458,0.4864359200000763,0.48677289485931396,0.4716529846191406,0.5356917977333069,0.4933103024959564,0.10000000149011612,0.10000000149011612,0.10000000149011612,0.10000000149011612,0.10000000149011612,0.10000000149011612,0.10000000149011612,0.10000000149011612,0.10000000149011612,0.10000000149011612
37,ISR,Israel,2023,-9.675131797790527,-0.6468880772590637,5.5,1,0.6414921283721924,0.4837997257709503,0.9020118117332458,0.4864359200000763,0.48677289485931396,0.4716529846191406,0.5356917977333069,0.4933103024959564,0.10000000149011612,0.10000000149011612,0.10000000149011612,0.10000000149011612,0.10000000149011612,0.10000000149011612,0.10000000149011612,0.10000000149011612,0.10000000149011612,0.10000000149011612
38,ITA,Italy,2018,-5.143430233001709,-0.35820138454437256,5.5,1,0.23468120396137238,0.2270171195268631,0.07437334209680557,0.22825412452220917,0.34910762310028076,0.22131742537021637,0.28056269884109497,0.23147985339164734,0.10000000149011612,0.10000000149011612,0.10000000149011612,0.10000000149011612,0.10000000149011612,0.10000000149011612,0.10000000149011612,0.10000000149011612,0.10000000149011612,0.10000000149011612
38,ITA,Italy,2019,-5.74995231628418,-0.5016584992408752,5.5,1,0.23468120396137238,0.2270171195268631,0.07437334209680557,0.22825412452220917,0.34910762310028076,0.22131742537021637,0.28056269884109497,0.23147985339164734,0.10000000149011612,0.10000000149011612,0.10000000149011612,0.10000000149011612,0.10000000149011612,0.10000000149011612,0.10000000149011612,0.10000000149011612,0.10000000149011612,0.10000000149011612
38,ITA,Italy,2020,-6.417283058166504,-0.7183164954185486,5.5,1,0.23468120396137238,0.2270171195268631,0.07437334209680557,0.22825412452220917,0.34910762310028076,0.22131742537021637,0.28056269884109497,0.23147985339164734,0.10000000149011612,0.10000000149011612,0.10000000149011612,0.10000000149011612,0.10000000149011612,0.10000000149011612,0.10000000149011612,0.10000000149011612,0.10000000149011612,0.10000000149011612
38,ITA,Italy,2021,-6.226283073425293,-0.8952774405479431,5.5,1,0.23468120396137238,0.2270171195268631,0.07437334209680557,0.22825412452220917,0.34910762310028076,0.22131742537021637,0.28056269884109497,0.23147985339164734,0.10000000149011612,0.10000000149011612,0.10000000149011612,0.10000000149011612,0.10000000149011612,0.10000000149011612,0.10000000149011612,0.10000000149011612,0.10000000149011612,0.10000000149011612
38,ITA,Italy,2022,-4.716213703155518,-1.024329423904419,5.5,1,0.23468120396137238,0.2270171195268631,0.07437334209680557,0.22825412452220917,0.34910762310028076,0.22131742537021637,0.28056269884109497,0.23147985339164734,0.10000000149011612,0.10000000149011612,0.10000000149011612,0.10000000149011612,0.10000000149011612,0.10000000149011612,0.10000000149011612,0.10000000149011612,0.10000000149011612,0.10000000149011612
38,ITA,Italy,2023,-6.842550277709961,-1.1149300336837769,5.5,1,0.23468120396137238,0.2270171195268631,0.07437334209680557,0.22825412452220917,0.34910762310028076,0.22131742537021637,0.28056269884109497,0.23147985339164734,0.10000000149011612,0.10000000149011612,0.10000000149011612,0.10000000149011612,0.10000000149011612,0.10000000149011612,0.10000000149011612,0.10000000149011612,0.10000000149011612,0.10000000149011612
39,JPN,Japan,2018,3.7277371883392334,1.3243896961212158,5.5,1,0.7284886837005615,0.6997916102409363,0.8470459580421448,0.7036046981811523,0.45311596989631653,0.6822219491004944,0.8853041529655457,0.7135481238365173,0.10000000149011612,0.10000000149011612,0.10000000149011612,0.10000000149011612,0.10000000149011612,0.10000000149011612,0.10000000149011612,0.10000000149011612,0.10000000149011612,0.10000000149011612
39,JPN,Japan,2019,3.204775810241699,1.2016798257827759,5.5,1,0.7284886837005615,0.6997916102409363,0.8470459580421448,0.7036046981811523,0.45311596989631653,0.6822219491004944,0.8853041529655457,0.7135481238365173,0.10000000149011612,0.10000000149011612,0.10000000149011612,0.10000000149011612,0.10000000149011612,0.10000000149011612,0.10000000149011612,0.10000000149011612,0.10000000149011612,0.10000000149011612
39,JPN,Japan,2020,3.1749613285064697,1.0399458408355713,5.5,1,0.7284886837005615,0.6997916102409363,0.8470459580421448,0.7036046981811523,0.45311596989631653,0.6822219491004944,0.8853041529655457,0.7135481238365173,0.10000000149011612,0.10000000149011612,0.10000000149011612,0.10000000149011612,0.10000000149011612,0.10000000149011612,0.10000000149011612,0.10000000149011612,0.10000000149011612,0.10000000149011612
39,JPN,Japan,2021,2.640718698501587,0.9031358957290649,5.5,1,0.7284886837005615,0.6997916102409363,0.8470459580421448,0.7036046981811523,0.45311596989631653,0.6822219491004944,0.8853041529655457,0.7135481238365173,0.10000000149011612,0.10000000149011612,0.10000000149011612,0.10000000149011612,0.10000000149011612,0.10000000149011612,0.10000000149011612,0.10000000149011612,0.10000000149011612,0.10000000149011612
39,JPN,Japan,2022,2.846599578857422,0.8075897097587585,5.5,1,0.7284886837005615,0.6997916102409363,0.8470459580421448,0.7036046981811523,0.45311596989631653,0.6822219491004944,0.8853041529655457,0.7135481238365173,0.10000000149011612,0.10000000149011612,0.10000000149011612,0.10000000149011612,0.10000000149011612,0.10000000149011612,0.10000000149011612,0.10000000149011612,0.10000000149011612,0.10000000149011612
39,JPN,Japan,2023,1.7527316808700562,0.7535172700881958,5.5,1,0.7284886837005615,0.6997916102409363,0.8470459580421448,0.7036046981811523,0.45311596989631653,0.6822219491004944,0.8853041529655457,0.7135481238365173,0.10000000149011612,0.10000000149011612,0.10000000149011612,0.10000000149011612,0.10000000149011612,0.10000000149011612,0.10000000149011612,0.10000000149011612,0.10000000149011612,0.10000000149011612
40,KAZ,Kazakhstan,2018,1.5828030109405518,0.6605231165885925,5.5,1,-1.2722676992416382,-0.6666117906570435,-1.3743125200271606,-0.6702440977096558,-1.0817227363586426,-0.6498751640319824,-1.3607680797576904,-0.6797161102294922,0.10000000149011612,0.10000000149011612,0.10000000149011612,0.10000000149011612,0.10000000149011612,0.10000000149011612,0.10000000149011612,0.10000000149011612,0.10000000149011612,0.10000000149011612
40,KAZ,Kazakhstan,2019,1.5101414918899536,1.0391145944595337,5.5,1,-1.2722676992416382,-0.6666117906570435,-1.3743125200271606,-0.6702440977096558,-1.0817227363586426,-0.6498751640319824,-1.3607680797576904,-0.6797161102294922,0.10000000149011612,0.10000000149011612,0.10000000149011612,0.10000000149011612,0.10000000149011612,0.10000000149011612,0.10000000149011612,0.10000000149011612,0.10000000149011612,0.10000000149011612
40,KAZ,Kazakhstan,2020,1.363572597503662,1.2142914533615112,5.5,1,-1.2722676992416382,-0.6666117906570435,-1.3743125200271606,-0.6702440977096558,-1.0817227363586426,-0.6498751640319824,-1.3607680797576904,-0.6797161102294922,0.10000000149011612,0.10000000149011612,0.10000000149011612,0.10000000149011612,0.10000000149011612,0.10000000149011612,0.10000000149011612,0.10000000149011612,0.10000000149011612,0.10000000149011612
40,KAZ,Kazakhstan,2021,1.2543725967407227,1.286851406097412,5.5,1,-1.2722676992416382,-0.6666117906570435,-1.3743125200271606,-0.6702440977096558,-1.0817227363586426,-0.6498751640319824,-1.3607680797576904,-0.6797161102294922,0.10000000149011612,0.10000000149011612,0.10000000149011612,0.10000000149011612,0.10000000149011612,0.10000000149011612,0.10000000149011612,0.10000000149011612,0.10000000149011612,0.10000000149011612
40,KAZ,Kazakhstan,2022,1.1613658666610718,1.3196862936019897,5.5,1,-1.2722676992416382,-0.6666117906570435,-1.3743125200271606,-0.6702440977096558,-1.0817227363586426,-0.6498751640319824,-1.3607680797576904,-0.6797161102294922,0.10000000149011612,0.10000000149011612,0.10000000149011612,0.10000000149011612,0.10000000149011612,0.10000000149011612,0.10000000149011612,0.10000000149011612,0.10000000149011612,0.10000000149011612
40,KAZ,Kazakhstan,2023,0.9807498455047607,1.323911190032959,5.5,1,-1.2722676992416382,-0.6666117906570435,-1.3743125200271606,-0.6702440977096558,-1.0817227363586426,-0.6498751640319824,-1.3607680797576904,-0.6797161102294922,0.10000000149011612,0.10000000149011612,0.10000000149011612,0.10000000149011612,0.10000000149011612,0.10000000149011612,0.10000000149011612,0.10000000149011612,0.10000000149011612,0.10000000149011612
41,KOR,South Korea,2018,3.200753688812256,1.1127374172210693,5.5,1,0.34772443771362305,0.16577255725860596,0.4346860945224762,0.16667583584785461,0.1522836983203888,0.16161051392555237,0.45620352029800415,0.16903133690357208,0.10000000149011612,0.10000000149011612,0.10000000149011612,0.10000000149011612,0.10000000149011612,0.10000000149011612,0.10000000149011612,0.10000000149011612,0.10000000149011612,0.10000000149011612
41,KOR,South Korea,2019,1.7671101093292236,1.4074301719665527,5.5,1,0.34772443771362305,0.16577255725860596,0.4346860945224762,0.16667583584785461,0.1522836983203888,0.16161051392555237,0.45620352029800415,0.16903133690357208,0.10000000149011612,0.10000000149011612,0.10000000149011612,0.10000000149011612,0.10000000149011612,0.10000000149011612,0.10000000149011612,0.10000000149011612,0.10000000149011612,0.10000000149011612
41,KOR,South Korea,2020,-0.8152863383293152,1.4964816570281982,5.5,1,0.34772443771362305,0.16577255725860596,0.4346860945224762,0.16667583584785461,0.1522836983203888,0.16161051392555237,0.45620352029800415,0.16903133690357208,0.10000000149011612,0.10000000149011612,0.10000000149011612,0.10000000149011612,0.10000000149011612,0.10000000149011612,0.10000000149011612,0.10000000149011612,0.10000000149011612,0.10000000149011612
41,KOR,South Korea,2021,-0.6951596140861511,1.5104825496673584,5.5,1,0.34772443771362305,0.16577255725860596,0.4346860945224762,0.16667583584785461,0.1522836983203888,0.16161051392555237,0.45620352029800415,0.16903133690357208,0.10000000149011612,0.10000000149011612,0.10000000149011612,0.10000000149011612,0.10000000149011612,0.10000000149011612,0.10000000149011612,0.10000000149011612,0.10000000149011612,0.10000000149011612
41,KOR,South Korea,2022,-2.0999202728271484,1.4949092864990234,5.5,1,0.34772443771362305,0.16577255725860596,0.4346860945224762,0.16667583584785461,0.1522836983203888,0.16161051392555237,0.45620352029800415,0.16903133690357208,0.10000000149011612,0.10000000149011612,0.10000000149011612,0.10000000149011612,0.10000000149011612,0.10000000149011612,0.10000000149011612,0.10000000149011612,0.10000000149011612,0.10000000149011612
41,KOR,South Korea,2023,-2.8068954944610596,1.4741244316101074,5.5,1,0.34772443771362305,0.16577255725860596,0.4346860945224762,0.16667583584785461,0.1522836983203888,0.16161051392555237,0.45620352029800415,0.16903133690357208,0.10000000149011612,0.10000000149011612,0.10000000149011612,0.10000000149011612,0.10000000149011612,0.10000000149011612,0.10000000149011612,0.10000000149011612,0.10000000149011612,0.10000000149011612
42,KWT,Kuwait,2018,-6.3546881675720215,-0.4151797890663147,5.5,1,-0.23261572420597076,-0.6799302697181702,-0.458217591047287,-0.6836351752281189,-0.3800378143787384,-0.662859320640564,0.1404082179069519,-0.6932964324951172,0.10000000149011612,0.10000000149011612,0.10000000149011612,0.10000000149011612,0.10000000149011612,0.10000000149011612,0.10000000149011612,0.10000000149011612,0.10000000149011612,0.10000000149011612
42,KWT,Kuwait,2019,-7.2538886070251465,-0.5267167687416077,5.5,1,-0.23261572420597076,-0.6799302697181702,-0.458217591047287,-0.6836351752281189,-0.3800378143787384,-0.662859320640564,0.1404082179069519,-0.6932964324951172,0.10000000149011612,0.10000000149011612,0.10000000149011612,0.10000000149011612,0.10000000149011612,0.10000000149011612,0.10000000149011612,0.10000000149011612,0.10000000149011612,0.10000000149011612
42,KWT,Kuwait,2020,-6.158499240875244,-0.7804461121559143,5.5,1,-0.23261572420597076,-0.6799302697181702,-0.458217591047287,-0.6836351752281189,-0.3800378143787384,-0.662859320640564,0.1404082179069519,-0.6932964324951172,0.10000000149011612,0.10000000149011612,0.10000000149011612,0.10000000149011612,0.10000000149011612,0.10000000149011612,0.10000000149011612,0.10000000149011612,0.10000000149011612,0.10000000149011612
42,KWT,Kuwait,2021,-7.0740485191345215,-1.0333342552185059,5.5,1,-0.23261572420597076,-0.6799302697181702,-0.458217591047287,-0.6836351752281189,-0.3800378143787384,-0.662859320640564,0.1404082179069519,-0.6932964324951172,0.10000000149011612,0.10000000149011612,0.10000000149011612,0.10000000149011612,0.10000000149011612,0.10000000149011612,0.10000000149011612,0.10000000149011612,0.10000000149011612,0.10000000149011612
42,KWT,Kuwait,2022,-27.902793884277344,-1.243501901626587,5.5,1,-0.23261572420597076,-0.6799302697181702,-0.458217591047287,-0.6836351752281189,-0.3800378143787384,-0.662859320640564,0.1404082179069519,-0.6932964324951172,0.10000000149011612,0.10000000149011612,0.10000000149011612,0.10000000149011612,0.10000000149011612,0.10000000149011612,0.10000000149011612,0.10000000149011612,0.10000000149011612,0.10000000149011612
42,KWT,Kuwait,2023,-27.870094299316406,-1.4027841091156006,5.5,1,-0.23261572420597076,-0.6799302697181702,-0.458217591047287,-0.6836351752281189,-0.3800378143787384,-0.662859320640564,0.1404082179069519,-0.6932964324951172,0.10000000149011612,0.10000000149011612,0.10000000149011612,0.10000000149011612,0.10000000149011612,0.10000000149011612,0.10000000149011612,0.10000000149011612,0.10000000149011612,0.10000000149011612
43,LKA,Sri Lanka,2018,2.3601856231689453,-0.6259341239929199,5.5,1,-0.550111711025238,-0.889093816280365,-0.720518171787262,-0.8939383625984192,-0.5627866387367249,-0.8667713403701782,-0.36703041195869446,-0.906571626663208,0.10000000149011612,0.10000000149011612,0.10000000149011612,0.10000000149011612,0.10000000149011612,0.10000000149011612,0.10000000149011612,0.10000000149011612,0.10000000149011612,0.10000000149011612
43,LKA,Sri Lanka,2019,4.711722373962402,-0.07722707092761993,5.5,1,-0.550111711025238,-0.889093816280365,-0.720518171787262,-0.8939383625984192,-0.5627866387367249,-0.8667713403701782,-0.36703041195869446,-0.906571626663208,0.10000000149011612,0.10000000149011612,0.10000000149011612,0.10000000149011612,0.10000000149011612,0.10000000149011612,0.10000000149011612,0.10000000149011612,0.10000000149011612,0.10000000149011612
43,LKA,Sri Lanka,2020,4.523720741271973,0.0972059816122055,5.5,1,-0.550111711025238,-0.889093816280365,-0.720518171787262,-0.8939383625984192,-0.5627866387367249,-0.8667713403701782,-0.36703041195869446,-0.906571626663208,0.10000000149011612,0.10000000149011612,0.10000000149011612,0.10000000149011612,0.10000000149011612,0.10000000149011612,0.10000000149011612,0.10000000149011612,0.10000000149011612,0.10000000149011612
43,LKA,Sri Lanka,2021,1.3256715536117554,0.12986086308956146,5.5,1,-0.550111711025238,-0.889093816280365,-0.720518171787262,-0.8939383625984192,-0.5627866387367249,-0.8667713403701782,-0.36703041195869446,-0.906571626663208,0.10000000149011612,0.10000000149011612,0.10000000149011612,0.10000000149011612,0.10000000149011612,0.10000000149011612,0.10000000149011612,0.10000000149011612,0.10000000149011612,0.10000000149011612
43,LKA,Sri Lanka,2022,4.413687705993652,0.08297599852085114,5.5,1,-0.550111711025238,-0.889093816280365,-0.720518171787262,-0.8939383625984192,-0.5627866387367249,-0.8667713403701782,-0.36703041195869446,-0.906571626663208,0.10000000149011612,0.10000000149011612,0.10000000149011612,0.10000000149011612,0.10000000149011612,0.10000000149011612,0.10000000149011612,0.10000000149011612,0.10000000149011612,0.10000000149011612
43,LKA,Sri Lanka,2023,4.413687705993652,0.05051220953464508,5.5,1,-0.550111711025238,-0.889093816280365,-0.720518171787262,-0.8939383625984192,-0.5627866387367249,-0.8667713403701782,-0.36703041195869446,-0.906571626663208,0.10000000149011612,0.10000000149011612,0.10000000149011612,0.10000000149011612,0.10000000149011612,0.10000000149011612,0.10000000149011612,0.10000000149011612,0.10000000149011612,0.10000000149011612
44,LTU,Lithuania,2018,0.5927717685699463,0.8819817900657654,5.5,1,0.11791292577981949,0.000728136335965246,-0.0774189680814743,0.0007321042940020561,0.3881412148475647,0.000709851214196533,0.043016545474529266,0.0007424534414894879,0.10000000149011612,0.10000000149011612,0.10000000149011612,0.10000000149011612,0.10000000149011612,0.10000000149011612,0.10000000149011612,0.10000000149011612,0.10000000149011612,0.10000000149011612
44,LTU,Lithuania,2019,0.5042790174484253,1.2225068807601929,5.5,1,0.11791292577981949,0.000728136335965246,-0.0774189680814743,0.0007321042940020561,0.3881412148475647,0.000709851214196533,0.043016545474529266,0.0007424534414894879,0.10000000149011612,0.10000000149011612,0.10000000149011612,0.10000000149011612,0.10000000149011612,0.10000000149011612,0.10000000149011612,0.10000000149011612,0.10000000149011612,0.10000000149011612
44,LTU,Lithuania,2020,1.2348809242248535,1.3915038108825684,5.5,1,0.11791292577981949,0.000728136335965246,-0.0774189680814743,0.0007321042940020561,0.3881412148475647,0.000709851214196533,0.043016545474529266,0.0007424534414894879,0.10000000149011612,0.10000000149011612,0.10000000149011612,0.10000000149011612,0.10000000149011612,0.10000000149011612,0.10000000149011612,0.10000000149011612,0.10000000149011612,0.10000000149011612
44,LTU,Lithuania,2021,1.103811502456665,1.4734151363372803,5.5,1,0.11791292577981949,0.000728136335965246,-0.0774189680814743,0.0007321042940020561,0.3881412148475647,0.000709851214196533,0.043016545474529266,0.0007424534414894879,0.10000000149011612,0.10000000149011612,0.10000000149011612,0.10000000149011612,0.10000000149011612,0.10000000149011612,0.10000000149011612,0.10000000149011612,0.10000000149011612,0.10000000149011612
44,LTU,Lithuania,2022,0.6238992810249329,1.5192397832870483,5.5,1,0.11791292577981949,0.000728136335965246,-0.0774189680814743,0.0007321042940020561,0.3881412148475647,0.000709851214196533,0.043016545474529266,0.0007424534414894879,0.10000000149011612,0.10000000149011612,0.10000000149011612,0.10000000149011612,0.10000000149011612,0.10000000149011612,0.10000000149011612,0.10000000149011612,0.10000000149011612,0.10000000149011612
44,LTU,Lithuania,2023,-0.08893253654241562,1.5471515655517578,5.5,1,0.11791292577981949,0.000728136335965246,-0.0774189680814743,0.0007321042940020561,0.3881412148475647,0.000709851214196533,0.043016545474529266,0.0007424534414894879,0.10000000149011612,0.10000000149011612,0.10000000149011612,0.10000000149011612,0.10000000149011612,0.10000000149011612,0.10000000149011612,0.10000000149011612,0.10000000149011612,0.10000000149011612
45,LUX,Luxembourg,2018,-2.6616039276123047,0.39451223611831665,5.5,1,1.3627294301986694,1.3030258417129517,1.4299343824386597,1.3101258277893066,1.3163741827011108,1.2703107595443726,1.3418793678283691,1.3286408185958862,0.10000000149011612,0.10000000149011612,0.10000000149011612,0.10000000149011612,0.10000000149011612,0.10000000149011612,0.10000000149011612,0.10000000149011612,0.10000000149011612,0.10000000149011612
45,LUX,Luxembourg,2019,-3.0985145568847656,0.3256682753562927,5.5,1,1.3627294301986694,1.3030258417129517,1.4299343824386597,1.3101258277893066,1.3163741827011108,1.2703107595443726,1.3418793678283691,1.3286408185958862,0.10000000149011612,0.10000000149011612,0.10000000149011612,0.10000000149011612,0.10000000149011612,0.10000000149011612,0.10000000149011612,0.10000000149011612,0.10000000149011612,0.10000000149011612
45,LUX,Luxembourg,2020,-3.1957318782806396,0.18422122299671173,5.5,1,1.3627294301986694,1.3030258417129517,1.4299343824386597,1.3101258277893066,1.3163741827011108,1.2703107595443726,1.3418793678283691,1.3286408185958862,0.10000000149011612,0.10000000149011612,0.10000000149011612,0.10000000149011612,0.10000000149011612,0.10000000149011612,0.10000000149011612,0.10000000149011612,0.10000000149011612,0.10000000149011612
45,LUX,Luxembourg,2021,-3.2258713245391846,0.05189467966556549,5.5,1,1.3627294301986694,1.3030258417129517,1.4299343824386597,1.3101258277893066,1.3163741827011108,1.2703107595443726,1.3418793678283691,1.3286408185958862,0.10000000149011612,0.10000000149011612,0.10000000149011612,0.10000000149011612,0.10000000149011612,0.10000000149011612,0.10000000149011612,0.10000000149011612,0.10000000149011612,0.10000000149011612
45,LUX,Luxembourg,2022,-3.72668719291687,-0.051737114787101746,5.5,1,1.3627294301986694,1.3030258417129517,1.4299343824386597,1.3101258277893066,1.3163741827011108,1.2703107595443726,1.3418793678283691,1.3286408185958862,0.10000000149011612,0.10000000149011612,0.10000000149011612,0.10000000149011612,0.10000000149011612,0.10000000149011612,0.10000000149011612,0.10000000149011612,0.10000000149011612,0.10000000149011612
45,LUX,Luxembourg,2023,-4.158839225769043,-0.12743045389652252,5.5,1,1.3627294301986694,1.3030258417129517,1.4299343824386597,1.3101258277893066,1.3163741827011108,1.2703107595443726,1.3418793678283691,1.3286408185958862,0.10000000149011612,0.10000000149011612,0.10000000149011612,0.10000000149011612,0.10000000149011612,0.10000000149011612,0.10000000149011612,0.10000000149011612,0.10000000149011612,0.10000000149011612
46,LVA,Latvia,2018,2.136277437210083,0.5706203579902649,5.5,1,0.05672547221183777,-0.07766355574131012,-0.19147229194641113,-0.0780867338180542,0.368137001991272,-0.07571366429328918,-0.006488294806331396,-0.07919026911258698,0.10000000149011612,0.10000000149011612,0.10000000149011612,0.10000000149011612,0.10000000149011612,0.10000000149011612,0.10000000149011612,0.10000000149011612,0.10000000149011612,0.10000000149011612
46,LVA,Latvia,2019,2.451484441757202,0.5929456353187561,5.5,1,0.05672547221183777,-0.07766355574131012,-0.19147229194641113,-0.0780867338180542,0.368137001991272,-0.07571366429328918,-0.006488294806331396,-0.07919026911258698,0.10000000149011612,0.10000000149011612,0.10000000149011612,0.10000000149011612,0.10000000149011612,0.10000000149011612,0.10000000149011612,0.10000000149011612,0.10000000149011612,0.10000000149011612
46,LVA,Latvia,2020,0.5582294464111328,0.5207574367523193,5.5,1,0.05672547221183777,-0.07766355574131012,-0.19147229194641113,-0.0780867338180542,0.368137001991272,-0.07571366429328918,-0.006488294806331396,-0.07919026911258698,0.10000000149011612,0.10000000149011612,0.10000000149011612,0.10000000149011612,0.10000000149011612,0.10000000149011612,0.10000000149011612,0.10000000149011612,0.10000000149011612,0.10000000149011612
46,LVA,Latvia,2021,0.538101315498352,0.5036163926124573,5.5,1,0.05672547221183777,-0.07766355574131012,-0.19147229194641113,-0.0780867338180542,0.368137001991272,-0.07571366429328918,-0.006488294806331396,-0.07919026911258698,0.10000000149011612,0.10000000149011612,0.10000000149011612,0.10000000149011612,0.10000000149011612,0.10000000149011612,0.10000000149011612,0.10000000149011612,0.10000000149011612,0.10000000149011612
46,LVA,Latvia,2022,-1.1075773239135742,0.4913974404335022,5.5,1,0.05672547221183777,-0.07766355574131012,-0.19147229194641113,-0.0780867338180542,0.368137001991272,-0.07571366429328918,-0.006488294806331396,-0.07919026911258698,0.10000000149011612,0.10000000149011612,0.10000000149011612,0.10000000149011612,0.10000000149011612,0.10000000149011612,0.10000000149011612,0.10000000149011612,0.10000000149011612,0.10000000149011612
46,LVA,Latvia,2023,-1.7468478679656982,0.4760820269584656,5.5,1,0.05672547221183777,-0.07766355574131012,-0.19147229194641113,-0.0780867338180542,0.368137001991272,-0.07571366429328918,-0.006488294806331396,-0.07919026911258698,0.10000000149011612,0.10000000149011612,0.10000000149011612,0.10000000149011612,0.10000000149011612,0.10000000149011612,0.10000000149011612,0.10000000149011612,0.10000000149011612,0.10000000149011612
47,MAR,Morocco,2018,-2.0527760982513428,-1.3010414838790894,5.5,1,-0.5677001476287842,-0.9573860168457031,-0.5921026468276978,-0.9626026749610901,-0.603592574596405,-0.9333489537239075,-0.5074053406715393,-0.976206362247467,0.10000000149011612,0.10000000149011612,0.10000000149011612,0.10000000149011612,0.10000000149011612,0.10000000149011612,0.10000000149011612,0.10000000149011612,0.10000000149011612,0.10000000149011612
47,MAR,Morocco,2019,-1.840488076210022,-0.8112780451774597,5.5,1,-0.5677001476287842,-0.9573860168457031,-0.5921026468276978,-0.9626026749610901,-0.603592574596405,-0.9333489537239075,-0.5074053406715393,-0.976206362247467,0.10000000149011612,0.10000000149011612,0.10000000149011612,0.10000000149011612,0.10000000149011612,0.10000000149011612,0.10000000149011612,0.10000000149011612,0.10000000149011612,0.10000000149011612
47,MAR,Morocco,2020,-1.5523828268051147,-0.6312646269798279,5.5,1,-0.5677001476287842,-0.9573860168457031,-0.5921026468276978,-0.9626026749610901,-0.603592574596405,-0.9333489537239075,-0.5074053406715393,-0.976206362247467,0.10000000149011612,0.10000000149011612,0.10000000149011612,0.10000000149011612,0.10000000149011612,0.10000000149011612,0.10000000149011612,0.10000000149011612,0.10000000149011612,0.10000000149011612
47,MAR,Morocco,2021,-1.670159101486206,-0.5739957094192505,5.5,1,-0.5677001476287842,-0.9573860168457031,-0.5921026468276978,-0.9626026749610901,-0.603592574596405,-0.9333489537239075,-0.5074053406715393,-0.976206362247467,0.10000000149011612,0.10000000149011612,0.10000000149011612,0.10000000149011612,0.10000000149011612,0.10000000149011612,0.10000000149011612,0.10000000149011612,0.10000000149011612,0.10000000149011612
47,MAR,Morocco,2022,-1.1988462209701538,-0.5005427598953247,5.5,1,-0.5677001476287842,-0.9573860168457031,-0.5921026468276978,-0.9626026749610901,-0.603592574596405,-0.9333489537239075,-0.5074053406715393,-0.976206362247467,0.10000000149011612,0.10000000149011612,0.10000000149011612,0.10000000149011612,0.10000000149011612,0.10000000149011612,0.10000000149011612,0.10000000149011612,0.10000000149011612,0.10000000149011612
47,MAR,Morocco,2023,-2.160374164581299,-0.4178854823112488,5.5,1,-0.5677001476287842,-0.9573860168457031,-0.5921026468276978,-0.9626026749610901,-0.603592574596405,-0.9333489537239075,-0.5074053406715393,-0.976206362247467,0.10000000149011612,0.10000000149011612,0.10000000149011612,0.10000000149011612,0.10000000149011612,0.10000000149011612,0.10000000149011612,0.10000000149011612,0.10000000149011612,0.10000000149011612
48,MEX,Mexico,2018,-1.2096426486968994,-0.018420346081256866,5.5,1,-0.4911726713180542,-0.8433670401573181,-0.5113726854324341,-0.8479624390602112,-0.13761571049690247,-0.8221926093101501,-0.8245296478271484,-0.8599459528923035,0.10000000149011612,0.10000000149011612,0.10000000149011612,0.10000000149011612,0.10000000149011612,0.10000000149011612,0.10000000149011612,0.10000000149011612,0.10000000149011612,0.10000000149011612
48,MEX,Mexico,2019,-1.0846872329711914,0.2363288551568985,5.5,1,-0.4911726713180542,-0.8433670401573181,-0.5113726854324341,-0.8479624390602112,-0.13761571049690247,-0.8221926093101501,-0.8245296478271484,-0.8599459528923035,0.10000000149011612,0.10000000149011612,0.10000000149011612,0.10000000149011612,0.10000000149011612,0.10000000149011612,0.10000000149011612,0.10000000149011612,0.10000000149011612,0.10000000149011612
48,MEX,Mexico,2020,-3.962113618850708,0.28645265102386475,5.5,1,-0.4911726713180542,-0.8433670401573181,-0.5113726854324341,-0.8479624390602112,-0.13761571049690247,-0.8221926093101501,-0.8245296478271484,-0.8599459528923035,0.10000000149011612,0.10000000149011612,0.10000000149011612,0.10000000149011612,0.10000000149011612,0.10000000149011612,0.10000000149011612,0.10000000149011612,0.10000000149011612,0.10000000149011612
48,MEX,Mexico,2021,-5.881318092346191,0.3308451175689697,5.5,1,-0.4911726713180542,-0.8433670401573181,-0.5113726854324341,-0.8479624390602112,-0.13761571049690247,-0.8221926093101501,-0.8245296478271484,-0.8599459528923035,0.10000000149011612,0.10000000149011612,0.10000000149011612,0.10000000149011612,0.10000000149011612,0.10000000149011612,0.10000000149011612,0.10000000149011612,0.10000000149011612,0.10000000149011612
48,MEX,Mexico,2022,-5.320054531097412,0.37239891290664673,5.5,1,-0.4911726713180542,-0.8433670401573181,-0.5113726854324341,-0.8479624390602112,-0.13761571049690247,-0.8221926093101501,-0.8245296478271484,-0.8599459528923035,0.10000000149011612,0.10000000149011612,0.10000000149011612,0.10000000149011612,0.10000000149011612,0.10000000149011612,0.10000000149011612,0.10000000149011612,0.10000000149011612,0.10000000149011612
48,MEX,Mexico,2023,-3.6169328689575195,0.39404863119125366,5.5,1,-0.4911726713180542,-0.8433670401573181,-0.5113726854324341,-0.8479624390602112,-0.13761571049690247,-0.8221926093101501,-0.8245296478271484,-0.8599459528923035,0.10000000149011612,0.10000000149011612,0.10000000149011612,0.10000000149011612,0.10000000149011612,0.10000000149011612,0.10000000149011612,0.10000000149011612,0.10000000149011612,0.10000000149011612
49,MKD,North Macedonia,2018,-4.225182056427002,-0.9524471759796143,5.5,1,-0.8401430249214172,-0.7854892611503601,-0.9831662178039551,-0.7897692918777466,-0.6911687254905701,-0.7657679915428162,-0.8460942506790161,-0.8009304404258728,0.10000000149011612,0.10000000149011612,0.10000000149011612,0.10000000149011612,0.10000000149011612,0.10000000149011612,0.10000000149011612,0.10000000149011612,0.10000000149011612,0.10000000149011612
49,MKD,North Macedonia,2019,-2.3085620403289795,-0.546012282371521,5.5,1,-0.8401430249214172,-0.7854892611503601,-0.9831662178039551,-0.7897692918777466,-0.6911687254905701,-0.7657679915428162,-0.8460942506790161,-0.8009304404258728,0.10000000149011612,0.10000000149011612,0.10000000149011612,0.10000000149011612,0.10000000149011612,0.10000000149011612,0.10000000149011612,0.10000000149011612,0.10000000149011612,0.10000000149011612
49,MKD,North Macedonia,2020,-3.7089016437530518,-0.40975046157836914,5.5,1,-0.8401430249214172,-0.7854892611503601,-0.9831662178039551,-0.7897692918777466,-0.6911687254905701,-0.7657679915428162,-0.8460942506790161,-0.8009304404258728,0.10000000149011612,0.10000000149011612,0.10000000149011612,0.10000000149011612,0.10000000149011612,0.10000000149011612,0.10000000149011612,0.10000000149011612,0.10000000149011612,0.10000000149011612
49,MKD,North Macedonia,2021,-4.82833194732666,-0.39765793085098267,5.5,1,-0.8401430249214172,-0.7854892611503601,-0.9831662178039551,-0.7897692918777466,-0.6911687254905701,-0.7657679915428162,-0.8460942506790161,-0.8009304404258728,0.10000000149011612,0.10000000149011612,0.10000000149011612,0.10000000149011612,0.10000000149011612,0.10000000149011612,0.10000000149011612,0.10000000149011612,0.10000000149011612,0.10000000149011612
49,MKD,North Macedonia,2022,-3.69097900390625,-0.3885214328765869,5.5,1,-0.8401430249214172,-0.7854892611503601,-0.9831662178039551,-0.7897692918777466,-0.6911687254905701,-0.7657679915428162,-0.8460942506790161,-0.8009304404258728,0.10000000149011612,0.10000000149011612,0.10000000149011612,0.10000000149011612,0.10000000149011612,0.10000000149011612,0.10000000149011612,0.10000000149011612,0.10000000149011612,0.10000000149011612
49,MKD,North Macedonia,2023,-4.7387189865112305,-0.40826499462127686,5.5,1,-0.8401430249214172,-0.7854892611503601,-0.9831662178039551,-0.7897692918777466,-0.6911687254905701,-0.7657679915428162,-0.8460942506790161,-0.8009304404258728,0.10000000149011612,0.10000000149011612,0.10000000149011612,0.10000000149011612,0.10000000149011612,0.10000000149011612,0.10000000149011612,0.10000000149011612,0.10000000149011612,0.10000000149011612
50,MYS,Malaysia,2018,0.02772342786192894,0.6387993693351746,5.5,1,0.11615476757287979,-0.6059392094612122,0.3967877924442291,-0.6092409491539001,0.08836042881011963,-0.5907259583473206,-0.1366838961839676,-0.6178508400917053,0.10000000149011612,0.10000000149011612,0.10000000149011612,0.10000000149011612,0.10000000149011612,0.10000000149011612,0.10000000149011612,0.10000000149011612,0.10000000149011612,0.10000000149011612
50,MYS,Malaysia,2019,-0.08382336795330048,0.8200549483299255,5.5,1,0.11615476757287979,-0.6059392094612122,0.3967877924442291,-0.6092409491539001,0.08836042881011963,-0.5907259583473206,-0.1366838961839676,-0.6178508400917053,0.10000000149011612,0.10000000149011612,0.10000000149011612,0.10000000149011612,0.10000000149011612,0.10000000149011612,0.10000000149011612,0.10000000149011612,0.10000000149011612,0.10000000149011612
50,MYS,Malaysia,2020,0.11602042615413666,0.8213278651237488,5.5,1,0.11615476757287979,-0.6059392094612122,0.3967877924442291,-0.6092409491539001,0.08836042881011963,-0.5907259583473206,-0.1366838961839676,-0.6178508400917053,0.10000000149011612,0.10000000149011612,0.10000000149011612,0.10000000149011612,0.10000000149011612,0.10000000149011612,0.10000000149011612,0.10000000149011612,0.10000000149011612,0.10000000149011612
50,MYS,Malaysia,2021,-0.4654858112335205,0.7340654730796814,5.5,1,0.11615476757287979,-0.6059392094612122,0.3967877924442291,-0.6092409491539001,0.08836042881011963,-0.5907259583473206,-0.1366838961839676,-0.6178508400917053,0.10000000149011612,0.10000000149011612,0.10000000149011612,0.10000000149011612,0.10000000149011612,0.10000000149011612,0.10000000149011612,0.10000000149011612,0.10000000149011612,0.10000000149011612
50,MYS,Malaysia,2022,-0.6587987542152405,0.7516679167747498,5.5,1,0.11615476757287979,-0.6059392094612122,0.3967877924442291,-0.6092409491539001,0.08836042881011963,-0.5907259583473206,-0.1366838961839676,-0.6178508400917053,0.10000000149011612,0.10000000149011612,0.10000000149011612,0.10000000149011612,0.10000000149011612,0.10000000149011612,0.10000000149011612,0.10000000149011612,0.10000000149011612,0.10000000149011612
50,MYS,Malaysia,2023,-0.5584850311279297,0.778407633304596,5.5,1,0.11615476757287979,-0.6059392094612122,0.3967877924442291,-0.6092409491539001,0.08836042881011963,-0.5907259583473206,-0.1366838961839676,-0.6178508400917053,0.10000000149011612,0.10000000149011612,0.10000000149011612,0.10000000149011612,0.10000000149011612,0.10000000149011612,0.10000000149011612,0.10000000149011612,0.10000000149011612,0.10000000149011612
51,NLD,Netherlands,2018,-2.012981653213501,-0.8456739783287048,5.5,1,1.3984497785568237,1.3346854448318481,1.432983160018921,1.3419580459594727,1.4087532758712769,1.301175594329834,1.3536127805709839,1.3609228134155273,0.10000000149011612,0.10000000149011612,0.10000000149011612,0.10000000149011612,0.10000000149011612,0.10000000149011612,0.10000000149011612,0.10000000149011612,0.10000000149011612,0.10000000149011612
51,NLD,Netherlands,2019,-4.107210636138916,-1.0674424171447754,5.5,1,1.3984497785568237,1.3346854448318481,1.432983160018921,1.3419580459594727,1.4087532758712769,1.301175594329834,1.3536127805709839,1.3609228134155273,0.10000000149011612,0.10000000149011612,0.10000000149011612,0.10000000149011612,0.10000000149011612,0.10000000149011612,0.10000000149011612,0.10000000149011612,0.10000000149011612,0.10000000149011612
51,NLD,Netherlands,2020,-6.567773342132568,-1.314752221107483,5.5,1,1.3984497785568237,1.3346854448318481,1.432983160018921,1.3419580459594727,1.4087532758712769,1.301175594329834,1.3536127805709839,1.3609228134155273,0.10000000149011612,0.10000000149011612,0.10000000149011612,0.10000000149011612,0.10000000149011612,0.10000000149011612,0.10000000149011612,0.10000000149011612,0.10000000149011612,0.10000000149011612
51,NLD,Netherlands,2021,-6.225274562835693,-1.493140459060669,5.5,1,1.3984497785568237,1.3346854448318481,1.432983160018921,1.3419580459594727,1.4087532758712769,1.301175594329834,1.3536127805709839,1.3609228134155273,0.10000000149011612,0.10000000149011612,0.10000000149011612,0.10000000149011612,0.10000000149011612,0.10000000149011612,0.10000000149011612,0.10000000149011612,0.10000000149011612,0.10000000149011612
51,NLD,Netherlands,2022,-7.184930801391602,-1.6161752939224243,5.5,1,1.3984497785568237,1.3346854448318481,1.432983160018921,1.3419580459594727,1.4087532758712769,1.301175594329834,1.3536127805709839,1.3609228134155273,0.10000000149011612,0.10000000149011612,0.10000000149011612,0.10000000149011612,0.10000000149011612,0.10000000149011612,0.10000000149011612,0.10000000149011612,0.10000000149011612,0.10000000149011612
51,NLD,Netherlands,2023,-9.322796821594238,-1.6898441314697266,5.5,1,1.3984497785568237,1.3346854448318481,1.432983160018921,1.3419580459594727,1.4087532758712769,1.301175594329834,1.3536127805709839,1.3609228134155273,0.10000000149011612,0.10000000149011612,0.10000000149011612,0.10000000149011612,0.10000000149011612,0.10000000149011612,0.10000000149011612,0.10000000149011612,0.10000000149011612,0.10000000149011612
52,NOR,Norway,2018,0.684697687625885,0.6042090654373169,5.5,1,1.3073252439498901,1.2558196783065796,1.3803420066833496,1.2626625299453735,1.0274958610534668,1.224289894104004,1.5141379833221436,1.2805066108703613,0.10000000149011612,0.10000000149011612,0.10000000149011612,0.10000000149011612,0.10000000149011612,0.10000000149011612,0.10000000149011612,0.10000000149011612,0.10000000149011612,0.10000000149011612
52,NOR,Norway,2019,0.7579119205474854,0.926665723323822,5.5,1,1.3073252439498901,1.2558196783065796,1.3803420066833496,1.2626625299453735,1.0274958610534668,1.224289894104004,1.5141379833221436,1.2805066108703613,0.10000000149011612,0.10000000149011612,0.10000000149011612,0.10000000149011612,0.10000000149011612,0.10000000149011612,0.10000000149011612,0.10000000149011612,0.10000000149011612,0.10000000149011612
52,NOR,Norway,2020,0.16256453096866608,1.0236177444458008,5.5,1,1.3073252439498901,1.2558196783065796,1.3803420066833496,1.2626625299453735,1.0274958610534668,1.224289894104004,1.5141379833221436,1.2805066108703613,0.10000000149011612,0.10000000149011612,0.10000000149011612,0.10000000149011612,0.10000000149011612,0.10000000149011612,0.10000000149011612,0.10000000149011612,0.10000000149011612,0.10000000149011612
52,NOR,Norway,2021,-0.5059971213340759,1.0438348054885864,5.5,1,1.3073252439498901,1.2558196783065796,1.3803420066833496,1.2626625299453735,1.0274958610534668,1.224289894104004,1.5141379833221436,1.2805066108703613,0.10000000149011612,0.10000000149011612,0.10000000149011612,0.10000000149011612,0.10000000149011612,0.10000000149011612,0.10000000149011612,0.10000000149011612,0.10000000149011612,0.10000000149011612
52,NOR,Norway,2022,0.01806272566318512,1.0620379447937012,5.5,1,1.3073252439498901,1.2558196783065796,1.3803420066833496,1.2626625299453735,1.0274958610534668,1.224289894104004,1.5141379833221436,1.2805066108703613,0.10000000149011612,0.10000000149011612,0.10000000149011612,0.10000000149011612,0.10000000149011612,0.10000000149011612,0.10000000149011612,0.10000000149011612,0.10000000149011612,0.10000000149011612
52,NOR,Norway,2023,0.1799047440290451,1.062387228012085,5.5,1,1.3073252439498901,1.2558196783065796,1.3803420066833496,1.2626625299453735,1.0274958610534668,1.224289894104004,1.5141379833221436,1.2805066108703613,0.10000000149011612,0.10000000149011612,0.10000000149011612,0.10000000149011612,0.10000000149011612,0.10000000149011612,0.10000000149011612,0.10000000149011612,0.10000000149011612,0.10000000149011612
53,NZL,New Zealand,2018,-2.981884479522705,0.3666059970855713,5.5,1,1.3908849954605103,1.3536229133605957,1.414912223815918,1.3609986305236816,1.3223596811294556,1.3196375370025635,1.4353830814361572,1.3802324533462524,0.10000000149011612,0.10000000149011612,0.10000000149011612,0.10000000149011612,0.10000000149011612,0.10000000149011612,0.10000000149011612,0.10000000149011612,0.10000000149011612,0.10000000149011612
53,NZL,New Zealand,2019,-2.6216039657592773,0.1856047660112381,5.5,1,1.3908849954605103,1.3536229133605957,1.414912223815918,1.3609986305236816,1.3223596811294556,1.3196375370025635,1.4353830814361572,1.3802324533462524,0.10000000149011612,0.10000000149011612,0.10000000149011612,0.10000000149011612,0.10000000149011612,0.10000000149011612,0.10000000149011612,0.10000000149011612,0.10000000149011612,0.10000000149011612
53,NZL,New Zealand,2020,-2.319328546524048,-0.08222699165344238,5.5,1,1.3908849954605103,1.3536229133605957,1.414912223815918,1.3609986305236816,1.3223596811294556,1.3196375370025635,1.4353830814361572,1.3802324533462524,0.10000000149011612,0.10000000149011612,0.10000000149011612,0.10000000149011612,0.10000000149011612,0.10000000149011612,0.10000000149011612,0.10000000149011612,0.10000000149011612,0.10000000149011612
53,NZL,New Zealand,2021,-2.2188103199005127,-0.30879560112953186,5.5,1,1.3908849954605103,1.3536229133605957,1.414912223815918,1.3609986305236816,1.3223596811294556,1.3196375370025635,1.4353830814361572,1.3802324533462524,0.10000000149011612,0.10000000149011612,0.10000000149011612,0.10000000149011612,0.10000000149011612,0.10000000149011612,0.10000000149011612,0.10000000149011612,0.10000000149011612,0.10000000149011612
53,NZL,New Zealand,2022,-3.390082359313965,-0.4834285378456116,5.5,1,1.3908849954605103,1.3536229133605957,1.414912223815918,1.3609986305236816,1.3223596811294556,1.3196375370025635,1.4353830814361572,1.3802324533462524,0.10000000149011612,0.10000000149011612,0.10000000149011612,0.10000000149011612,0.10000000149011612,0.10000000149011612,0.10000000149011612,0.10000000149011612,0.10000000149011612,0.10000000149011612
53,NZL,New Zealand,2023,-3.6847918033599854,-0.5579667091369629,5.5,1,1.3908849954605103,1.3536229133605957,1.414912223815918,1.3609986305236816,1.3223596811294556,1.3196375370025635,1.4353830814361572,1.3802324533462524,0.10000000149011612,0.10000000149011612,0.10000000149011612,0.10000000149011612,0.10000000149011612,0.10000000149011612,0.10000000149011612,0.10000000149011612,0.10000000149011612,0.10000000149011612
54,OMN,Oman,2018,-1.4833542108535767,-1.2160223722457886,5.5,1,-0.0670604482293129,-0.4317100942134857,-0.2567063570022583,-0.4340624511241913,0.022247422486543655,-0.42087119817733765,0.033277593553066254,-0.440196692943573,0.10000000149011612,0.10000000149011612,0.10000000149011612,0.10000000149011612,0.10000000149011612,0.10000000149011612,0.10000000149011612,0.10000000149011612,0.10000000149011612,0.10000000149011612
54,OMN,Oman,2019,-1.4833542108535767,-1.237200140953064,5.5,1,-0.0670604482293129,-0.4317100942134857,-0.2567063570022583,-0.4340624511241913,0.022247422486543655,-0.42087119817733765,0.033277593553066254,-0.440196692943573,0.10000000149011612,0.10000000149011612,0.10000000149011612,0.10000000149011612,0.10000000149011612,0.10000000149011612,0.10000000149011612,0.10000000149011612,0.10000000149011612,0.10000000149011612
54,OMN,Oman,2020,-1.9118425846099854,-1.3678675889968872,5.5,1,-0.0670604482293129,-0.4317100942134857,-0.2567063570022583,-0.4340624511241913,0.022247422486543655,-0.42087119817733765,0.033277593553066254,-0.440196692943573,0.10000000149011612,0.10000000149011612,0.10000000149011612,0.10000000149011612,0.10000000149011612,0.10000000149011612,0.10000000149011612,0.10000000149011612,0.10000000149011612,0.10000000149011612
54,OMN,Oman,2021,-2.7994258403778076,-1.5154308080673218,5.5,1,-0.0670604482293129,-0.4317100942134857,-0.2567063570022583,-0.4340624511241913,0.022247422486543655,-0.42087119817733765,0.033277593553066254,-0.440196692943573,0.10000000149011612,0.10000000149011612,0.10000000149011612,0.10000000149011612,0.10000000149011612,0.10000000149011612,0.10000000149011612,0.10000000149011612,0.10000000149011612,0.10000000149011612
54,OMN,Oman,2022,-4.406257152557373,-1.6447491645812988,5.5,1,-0.0670604482293129,-0.4317100942134857,-0.2567063570022583,-0.4340624511241913,0.022247422486543655,-0.42087119817733765,0.033277593553066254,-0.440196692943573,0.10000000149011612,0.10000000149011612,0.10000000149011612,0.10000000149011612,0.10000000149011612,0.10000000149011612,0.10000000149011612,0.10000000149011612,0.10000000149011612,0.10000000149011612
54,OMN,Oman,2023,-4.634274482727051,-1.7462356090545654,5.5,1,-0.0670604482293129,-0.4317100942134857,-0.2567063570022583,-0.4340624511241913,0.022247422486543655,-0.42087119817733765,0.033277593553066254,-0.440196692943573,0.10000000149011612,0.10000000149011612,0.10000000149011612,0.10000000149011612,0.10000000149011612,0.10000000149011612,0.10000000149011612,0.10000000149011612,0.10000000149011612,0.10000000149011612
55,PAK,Pakistan,2018,0.6607634425163269,-1.5026779174804688,5.5,1,-1.1695586442947388,-0.8381359577178955,-1.022442102432251,-0.8427028656005859,-1.2194249629974365,-0.8170928955078125,-1.2668088674545288,-0.8546121120452881,0.10000000149011612,0.10000000149011612,0.10000000149011612,0.10000000149011612,0.10000000149011612,0.10000000149011612,0.10000000149011612,0.10000000149011612,0.10000000149011612,0.10000000149011612
55,PAK,Pakistan,2019,0.263211190700531,-1.082362413406372,5.5,1,-1.1695586442947388,-0.8381359577178955,-1.022442102432251,-0.8427028656005859,-1.2194249629974365,-0.8170928955078125,-1.2668088674545288,-0.8546121120452881,0.10000000149011612,0.10000000149011612,0.10000000149011612,0.10000000149011612,0.10000000149011612,0.10000000149011612,0.10000000149011612,0.10000000149011612,0.10000000149011612,0.10000000149011612
55,PAK,Pakistan,2020,0.5979493856430054,-0.9330512881278992,5.5,1,-1.1695586442947388,-0.8381359577178955,-1.022442102432251,-0.8427028656005859,-1.2194249629974365,-0.8170928955078125,-1.2668088674545288,-0.8546121120452881,0.10000000149011612,0.10000000149011612,0.10000000149011612,0.10000000149011612,0.10000000149011612,0.10000000149011612,0.10000000149011612,0.10000000149011612,0.10000000149011612,0.10000000149011612
55,PAK,Pakistan,2021,-0.27455824613571167,-0.9119678139686584,5.5,1,-1.1695586442947388,-0.8381359577178955,-1.022442102432251,-0.8427028656005859,-1.2194249629974365,-0.8170928955078125,-1.2668088674545288,-0.8546121120452881,0.10000000149011612,0.10000000149011612,0.10000000149011612,0.10000000149011612,0.10000000149011612,0.10000000149011612,0.10000000149011612,0.10000000149011612,0.10000000149011612,0.10000000149011612
55,PAK,Pakistan,2022,-1.3144348859786987,-0.9463955760002136,5.5,1,-1.1695586442947388,-0.8381359577178955,-1.022442102432251,-0.8427028656005859,-1.2194249629974365,-0.8170928955078125,-1.2668088674545288,-0.8546121120452881,0.10000000149011612,0.10000000149011612,0.10000000149011612,0.10000000149011612,0.10000000149011612,0.10000000149011612,0.10000000149011612,0.10000000149011612,0.10000000149011612,0.10000000149011612
55,PAK,Pakistan,2023,-1.7306287288665771,-0.9711988568305969,5.5,1,-1.1695586442947388,-0.8381359577178955,-1.022442102432251,-0.8427028656005859,-1.2194249629974365,-0.8170928955078125,-1.2668088674545288,-0.8546121120452881,0.10000000149011612,0.10000000149011612,0.10000000149011612,0.10000000149011612,0.10000000149011612,0.10000000149011612,0.10000000149011612,0.10000000149011612,0.10000000149011612,0.10000000149011612
56,PER,Peru,2018,1.0936386585235596,-0.41647762060165405,5.5,1,-0.6950809359550476,-0.6532915830612183,-0.8969854712486267,-0.6568512916564941,-0.25150150060653687,-0.6368893980979919,-0.9367557168006897,-0.6661339998245239,0.10000000149011612,0.10000000149011612,0.10000000149011612,0.10000000149011612,0.10000000149011612,0.10000000149011612,0.10000000149011612,0.10000000149011612,0.10000000149011612,0.10000000149011612
56,PER,Peru,2019,1.1609760522842407,0.2651108503341675,5.5,1,-0.6950809359550476,-0.6532915830612183,-0.8969854712486267,-0.6568512916564941,-0.25150150060653687,-0.6368893980979919,-0.9367557168006897,-0.6661339998245239,0.10000000149011612,0.10000000149011612,0.10000000149011612,0.10000000149011612,0.10000000149011612,0.10000000149011612,0.10000000149011612,0.10000000149011612,0.10000000149011612,0.10000000149011612
56,PER,Peru,2020,0.8656606674194336,0.5623970627784729,5.5,1,-0.6950809359550476,-0.6532915830612183,-0.8969854712486267,-0.6568512916564941,-0.25150150060653687,-0.6368893980979919,-0.9367557168006897,-0.6661339998245239,0.10000000149011612,0.10000000149011612,0.10000000149011612,0.10000000149011612,0.10000000149011612,0.10000000149011612,0.10000000149011612,0.10000000149011612,0.10000000149011612,0.10000000149011612
56,PER,Peru,2021,1.0604026317596436,0.771008312702179,5.5,1,-0.6950809359550476,-0.6532915830612183,-0.8969854712486267,-0.6568512916564941,-0.25150150060653687,-0.6368893980979919,-0.9367557168006897,-0.6661339998245239,0.10000000149011612,0.10000000149011612,0.10000000149011612,0.10000000149011612,0.10000000149011612,0.10000000149011612,0.10000000149011612,0.10000000149011612,0.10000000149011612,0.10000000149011612
56,PER,Peru,2022,1.6989833116531372,0.8569658398628235,5.5,1,-0.6950809359550476,-0.6532915830612183,-0.8969854712486267,-0.6568512916564941,-0.25150150060653687,-0.6368893980979919,-0.9367557168006897,-0.6661339998245239,0.10000000149011612,0.10000000149011612,0.10000000149011612,0.10000000149011612,0.10000000149011612,0.10000000149011612,0.10000000149011612,0.10000000149011612,0.10000000149011612,0.10000000149011612
56,PER,Peru,2023,1.919171690940857,0.8860346078872681,5.5,1,-0.6950809359550476,-0.6532915830612183,-0.8969854712486267,-0.6568512916564941,-0.25150150060653687,-0.6368893980979919,-0.9367557168006897,-0.6661339998245239,0.10000000149011612,0.10000000149011612,0.10000000149011612,0.10000000149011612,0.10000000149011612,0.10000000149011612,0.10000000149011612,0.10000000149011612,0.10000000149011612,0.10000000149011612
57,PHL,Philippines,2018,4.912133693695068,-1.184707760810852,5.5,1,-0.5819682478904724,-0.9077889919281006,-0.5483519434928894,-0.9127354025840759,-0.43141669034957886,-0.8849971294403076,-0.7661361694335938,-0.9256343841552734,0.10000000149011612,0.10000000149011612,0.10000000149011612,0.10000000149011612,0.10000000149011612,0.10000000149011612,0.10000000149011612,0.10000000149011612,0.10000000149011612,0.10000000149011612
57,PHL,Philippines,2019,5.833406925201416,-0.399219810962677,5.5,1,-0.5819682478904724,-0.9077889919281006,-0.5483519434928894,-0.9127354025840759,-0.43141669034957886,-0.8849971294403076,-0.7661361694335938,-0.9256343841552734,0.10000000149011612,0.10000000149011612,0.10000000149011612,0.10000000149011612,0.10000000149011612,0.10000000149011612,0.10000000149011612,0.10000000149011612,0.10000000149011612,0.10000000149011612
57,PHL,Philippines,2020,6.113379955291748,-0.006972163915634155,5.5,1,-0.5819682478904724,-0.9077889919281006,-0.5483519434928894,-0.9127354025840759,-0.43141669034957886,-0.8849971294403076,-0.7661361694335938,-0.9256343841552734,0.10000000149011612,0.10000000149011612,0.10000000149011612,0.10000000149011612,0.10000000149011612,0.10000000149011612,0.10000000149011612,0.10000000149011612,0.10000000149011612,0.10000000149011612
57,PHL,Philippines,2021,6.149739742279053,0.19698931276798248,5.5,1,-0.5819682478904724,-0.9077889919281006,-0.5483519434928894,-0.9127354025840759,-0.43141669034957886,-0.8849971294403076,-0.7661361694335938,-0.9256343841552734,0.10000000149011612,0.10000000149011612,0.10000000149011612,0.10000000149011612,0.10000000149011612,0.10000000149011612,0.10000000149011612,0.10000000149011612,0.10000000149011612,0.10000000149011612
57,PHL,Philippines,2022,6.288362503051758,0.28899508714675903,5.5,1,-0.5819682478904724,-0.9077889919281006,-0.5483519434928894,-0.9127354025840759,-0.43141669034957886,-0.8849971294403076,-0.7661361694335938,-0.9256343841552734,0.10000000149011612,0.10000000149011612,0.10000000149011612,0.10000000149011612,0.10000000149011612,0.10000000149011612,0.10000000149011612,0.10000000149011612,0.10000000149011612,0.10000000149011612
57,PHL,Philippines,2023,6.736955165863037,0.3056256175041199,5.5,1,-0.5819682478904724,-0.9077889919281006,-0.5483519434928894,-0.9127354025840759,-0.43141669034957886,-0.8849971294403076,-0.7661361694335938,-0.9256343841552734,0.10000000149011612,0.10000000149011612,0.10000000149011612,0.10000000149011612,0.10000000149011612,0.10000000149011612,0.10000000149011612,0.10000000149011612,0.10000000149011612,0.10000000149011612
58,POL,Poland,2018,-5.292060375213623,-1.126628041267395,5.5,1,0.13508905470371246,-0.03839719668030739,0.0030404042918235064,-0.038606416434049606,0.21474087238311768,-0.037433162331581116,0.18748588860034943,-0.039152003824710846,0.10000000149011612,0.10000000149011612,0.10000000149011612,0.10000000149011612,0.10000000149011612,0.10000000149011612,0.10000000149011612,0.10000000149011612,0.10000000149011612,0.10000000149011612
58,POL,Poland,2019,-6.858757495880127,-0.9985974431037903,5.5,1,0.13508905470371246,-0.03839719668030739,0.0030404042918235064,-0.038606416434049606,0.21474087238311768,-0.037433162331581116,0.18748588860034943,-0.039152003824710846,0.10000000149011612,0.10000000149011612,0.10000000149011612,0.10000000149011612,0.10000000149011612,0.10000000149011612,0.10000000149011612,0.10000000149011612,0.10000000149011612,0.10000000149011612
58,POL,Poland,2020,-8.258927345275879,-1.0610308647155762,5.5,1,0.13508905470371246,-0.03839719668030739,0.0030404042918235064,-0.038606416434049606,0.21474087238311768,-0.037433162331581116,0.18748588860034943,-0.039152003824710846,0.10000000149011612,0.10000000149011612,0.10000000149011612,0.10000000149011612,0.10000000149011612,0.10000000149011612,0.10000000149011612,0.10000000149011612,0.10000000149011612,0.10000000149011612
58,POL,Poland,2021,-7.500536918640137,-1.149707317352295,5.5,1,0.13508905470371246,-0.03839719668030739,0.0030404042918235064,-0.038606416434049606,0.21474087238311768,-0.037433162331581116,0.18748588860034943,-0.039152003824710846,0.10000000149011612,0.10000000149011612,0.10000000149011612,0.10000000149011612,0.10000000149011612,0.10000000149011612,0.10000000149011612,0.10000000149011612,0.10000000149011612,0.10000000149011612
58,POL,Poland,2022,-8.502216339111328,-1.2277982234954834,5.5,1,0.13508905470371246,-0.03839719668030739,0.0030404042918235064,-0.038606416434049606,0.21474087238311768,-0.037433162331581116,0.18748588860034943,-0.039152003824710846,0.10000000149011612,0.10000000149011612,0.10000000149011612,0.10000000149011612,0.10000000149011612,0.10000000149011612,0.10000000149011612,0.10000000149011612,0.10000000149011612,0.10000000149011612
58,POL,Poland,2023,-11.761031150817871,-1.2861247062683105,5.5,1,0.13508905470371246,-0.03839719668030739,0.0030404042918235064,-0.038606416434049606,0.21474087238311768,-0.037433162331581116,0.18748588860034943,-0.039152003824710846,0.10000000149011612,0.10000000149011612,0.10000000149011612,0.10000000149011612,0.10000000149011612,0.10000000149011612,0.10000000149011612,0.10000000149011612,0.10000000149011612,0.10000000149011612
59,PRT,Portugal,2018,-1.9006779193878174,-0.2272464781999588,5.5,1,0.5889715552330017,0.850809633731842,0.3899436593055725,0.8554456233978271,0.6463295221328735,0.829448401927948,0.7306414842605591,0.8675349354743958,0.10000000149011612,0.10000000149011612,0.10000000149011612,0.10000000149011612,0.10000000149011612,0.10000000149011612,0.10000000149011612,0.10000000149011612,0.10000000149011612,0.10000000149011612
59,PRT,Portugal,2019,-2.685220718383789,-0.23625336587429047,5.5,1,0.5889715552330017,0.850809633731842,0.3899436593055725,0.8554456233978271,0.6463295221328735,0.829448401927948,0.7306414842605591,0.8675349354743958,0.10000000149011612,0.10000000149011612,0.10000000149011612,0.10000000149011612,0.10000000149011612,0.10000000149011612,0.10000000149011612,0.10000000149011612,0.10000000149011612,0.10000000149011612
59,PRT,Portugal,2020,-3.400998592376709,-0.3404380679130554,5.5,1,0.5889715552330017,0.850809633731842,0.3899436593055725,0.8554456233978271,0.6463295221328735,0.829448401927948,0.7306414842605591,0.8675349354743958,0.10000000149011612,0.10000000149011612,0.10000000149011612,0.10000000149011612,0.10000000149011612,0.10000000149011612,0.10000000149011612,0.10000000149011612,0.10000000149011612,0.10000000149011612
59,PRT,Portugal,2021,-3.9149670600891113,-0.46717745065689087,5.5,1,0.5889715552330017,0.850809633731842,0.3899436593055725,0.8554456233978271,0.6463295221328735,0.829448401927948,0.7306414842605591,0.8675349354743958,0.10000000149011612,0.10000000149011612,0.10000000149011612,0.10000000149011612,0.10000000149011612,0.10000000149011612,0.10000000149011612,0.10000000149011612,0.10000000149011612,0.10000000149011612
59,PRT,Portugal,2022,-3.713021755218506,-0.5438918471336365,5.5,1,0.5889715552330017,0.850809633731842,0.3899436593055725,0.8554456233978271,0.6463295221328735,0.829448401927948,0.7306414842605591,0.8675349354743958,0.10000000149011612,0.10000000149011612,0.10000000149011612,0.10000000149011612,0.10000000149011612,0.10000000149011612,0.10000000149011612,0.10000000149011612,0.10000000149011612,0.10000000149011612
59,PRT,Portugal,2023,-4.624629497528076,-0.5753452777862549,5.5,1,0.5889715552330017,0.850809633731842,0.3899436593055725,0.8554456233978271,0.6463295221328735,0.829448401927948,0.7306414842605591,0.8675349354743958,0.10000000149011612,0.10000000149011612,0.10000000149011612,0.10000000149011612,0.10000000149011612,0.10000000149011612,0.10000000149011612,0.10000000149011612,0.10000000149011612,0.10000000149011612
60,QAT,Qatar,2018,-6.880117416381836,0.8614606261253357,5.5,1,-0.037850040942430496,-0.6266053318977356,0.02352459356188774,-0.6300196051597595,-0.20334964990615845,-0.6108731627464294,0.06627492606639862,-0.638923168182373,0.10000000149011612,0.10000000149011612,0.10000000149011612,0.10000000149011612,0.10000000149011612,0.10000000149011612,0.10000000149011612,0.10000000149011612,0.10000000149011612,0.10000000149011612
60,QAT,Qatar,2019,-4.506235599517822,0.7228336930274963,5.5,1,-0.037850040942430496,-0.6266053318977356,0.02352459356188774,-0.6300196051597595,-0.20334964990615845,-0.6108731627464294,0.06627492606639862,-0.638923168182373,0.10000000149011612,0.10000000149011612,0.10000000149011612,0.10000000149011612,0.10000000149011612,0.10000000149011612,0.10000000149011612,0.10000000149011612,0.10000000149011612,0.10000000149011612
60,QAT,Qatar,2020,-5.444746971130371,0.5175535082817078,5.5,1,-0.037850040942430496,-0.6266053318977356,0.02352459356188774,-0.6300196051597595,-0.20334964990615845,-0.6108731627464294,0.06627492606639862,-0.638923168182373,0.10000000149011612,0.10000000149011612,0.10000000149011612,0.10000000149011612,0.10000000149011612,0.10000000149011612,0.10000000149011612,0.10000000149011612,0.10000000149011612,0.10000000149011612
60,QAT,Qatar,2021,-6.548878192901611,0.3393198251724243,5.5,1,-0.037850040942430496,-0.6266053318977356,0.02352459356188774,-0.6300196051597595,-0.20334964990615845,-0.6108731627464294,0.06627492606639862,-0.638923168182373,0.10000000149011612,0.10000000149011612,0.10000000149011612,0.10000000149011612,0.10000000149011612,0.10000000149011612,0.10000000149011612,0.10000000149011612,0.10000000149011612,0.10000000149011612
60,QAT,Qatar,2022,-4.892681121826172,0.19702835381031036,5.5,1,-0.037850040942430496,-0.6266053318977356,0.02352459356188774,-0.6300196051597595,-0.20334964990615845,-0.6108731627464294,0.06627492606639862,-0.638923168182373,0.10000000149011612,0.10000000149011612,0.10000000149011612,0.10000000149011612,0.10000000149011612,0.10000000149011612,0.10000000149011612,0.10000000149011612,0.10000000149011612,0.10000000149011612
60,QAT,Qatar,2023,-5.334333896636963,0.09765483438968658,5.5,1,-0.037850040942430496,-0.6266053318977356,0.02352459356188774,-0.6300196051597595,-0.20334964990615845,-0.6108731627464294,0.06627492606639862,-0.638923168182373,0.10000000149011612,0.10000000149011612,0.10000000149011612,0.10000000149011612,0.10000000149011612,0.10000000149011612,0.10000000149011612,0.10000000149011612,0.10000000149011612,0.10000000149011612
61,ROU,Romania,2018,-3.695746898651123,0.16511641442775726,5.5,1,-0.6137262582778931,-0.7534845471382141,-0.9381364583969116,-0.7575902342796326,-0.44055911898612976,-0.734566867351532,-0.4624831974506378,-0.7682965993881226,0.10000000149011612,0.10000000149011612,0.10000000149011612,0.10000000149011612,0.10000000149011612,0.10000000149011612,0.10000000149011612,0.10000000149011612,0.10000000149011612,0.10000000149011612
61,ROU,Romania,2019,-4.160907745361328,0.5430780649185181,5.5,1,-0.6137262582778931,-0.7534845471382141,-0.9381364583969116,-0.7575902342796326,-0.44055911898612976,-0.734566867351532,-0.4624831974506378,-0.7682965993881226,0.10000000149011612,0.10000000149011612,0.10000000149011612,0.10000000149011612,0.10000000149011612,0.10000000149011612,0.10000000149011612,0.10000000149011612,0.10000000149011612,0.10000000149011612
61,ROU,Romania,2020,-5.406534671783447,0.6468876600265503,5.5,1,-0.6137262582778931,-0.7534845471382141,-0.9381364583969116,-0.7575902342796326,-0.44055911898612976,-0.734566867351532,-0.4624831974506378,-0.7682965993881226,0.10000000149011612,0.10000000149011612,0.10000000149011612,0.10000000149011612,0.10000000149011612,0.10000000149011612,0.10000000149011612,0.10000000149011612,0.10000000149011612,0.10000000149011612
61,ROU,Romania,2021,-5.111453533172607,0.6245396733283997,5.5,1,-0.6137262582778931,-0.7534845471382141,-0.9381364583969116,-0.7575902342796326,-0.44055911898612976,-0.734566867351532,-0.4624831974506378,-0.7682965993881226,0.10000000149011612,0.10000000149011612,0.10000000149011612,0.10000000149011612,0.10000000149011612,0.10000000149011612,0.10000000149011612,0.10000000149011612,0.10000000149011612,0.10000000149011612
61,ROU,Romania,2022,-4.921149253845215,0.6270238757133484,5.5,1,-0.6137262582778931,-0.7534845471382141,-0.9381364583969116,-0.7575902342796326,-0.44055911898612976,-0.734566867351532,-0.4624831974506378,-0.7682965993881226,0.10000000149011612,0.10000000149011612,0.10000000149011612,0.10000000149011612,0.10000000149011612,0.10000000149011612,0.10000000149011612,0.10000000149011612,0.10000000149011612,0.10000000149011612
61,ROU,Romania,2023,-6.2508416175842285,0.6442542672157288,5.5,1,-0.6137262582778931,-0.7534845471382141,-0.9381364583969116,-0.7575902342796326,-0.44055911898612976,-0.734566867351532,-0.4624831974506378,-0.7682965993881226,0.10000000149011612,0.10000000149011612,0.10000000149011612,0.10000000149011612,0.10000000149011612,0.10000000149011612,0.10000000149011612,0.10000000149011612,0.10000000149011612,0.10000000149011612
62,RUS,Russia,2018,-3.6435298919677734,0.09083880484104156,5.5,1,-1.1349221467971802,-0.6831172108650208,-1.1962112188339233,-0.6868394613265991,-0.9114767909049988,-0.6659662127494812,-1.2970784902572632,-0.6965460181236267,0.10000000149011612,0.10000000149011612,0.10000000149011612,0.10000000149011612,0.10000000149011612,0.10000000149011612,0.10000000149011612,0.10000000149011612,0.10000000149011612,0.10000000149011612
62,RUS,Russia,2019,-3.5361337661743164,0.06567026674747467,5.5,1,-1.1349221467971802,-0.6831172108650208,-1.1962112188339233,-0.6868394613265991,-0.9114767909049988,-0.6659662127494812,-1.2970784902572632,-0.6965460181236267,0.10000000149011612,0.10000000149011612,0.10000000149011612,0.10000000149011612,0.10000000149011612,0.10000000149011612,0.10000000149011612,0.10000000149011612,0.10000000149011612,0.10000000149011612
62,RUS,Russia,2020,-6.922895908355713,-0.09630662202835083,5.5,1,-1.1349221467971802,-0.6831172108650208,-1.1962112188339233,-0.6868394613265991,-0.9114767909049988,-0.6659662127494812,-1.2970784902572632,-0.6965460181236267,0.10000000149011612,0.10000000149011612,0.10000000149011612,0.10000000149011612,0.10000000149011612,0.10000000149011612,0.10000000149011612,0.10000000149011612,0.10000000149011612,0.10000000149011612
62,RUS,Russia,2021,-5.5373334884643555,-0.37499165534973145,5.5,1,-1.1349221467971802,-0.6831172108650208,-1.1962112188339233,-0.6868394613265991,-0.9114767909049988,-0.6659662127494812,-1.2970784902572632,-0.6965460181236267,0.10000000149011612,0.10000000149011612,0.10000000149011612,0.10000000149011612,0.10000000149011612,0.10000000149011612,0.10000000149011612,0.10000000149011612,0.10000000149011612,0.10000000149011612
62,RUS,Russia,2022,-4.097316741943359,-0.6072300672531128,5.5,1,-1.1349221467971802,-0.6831172108650208,-1.1962112188339233,-0.6868394613265991,-0.9114767909049988,-0.6659662127494812,-1.2970784902572632,-0.6965460181236267,0.10000000149011612,0.10000000149011612,0.10000000149011612,0.10000000149011612,0.10000000149011612,0.10000000149011612,0.10000000149011612,0.10000000149011612,0.10000000149011612,0.10000000149011612
62,RUS,Russia,2023,-3.127725601196289,-0.7476639151573181,5.5,1,-1.1349221467971802,-0.6831172108650208,-1.1962112188339233,-0.6868394613265991,-0.9114767909049988,-0.6659662127494812,-1.2970784902572632,-0.6965460181236267,0.10000000149011612,0.10000000149011612,0.10000000149011612,0.10000000149011612,0.10000000149011612,0.10000000149011612,0.10000000149011612,0.10000000149011612,0.10000000149011612,0.10000000149011612
63,SAU,Saudi Arabia,2018,2.299851655960083,-0.38252198696136475,5.5,1,-0.5544285178184509,-0.8832125663757324,-0.6724381446838379,-0.8880251049995422,-0.49509498476982117,-0.8610377907752991,-0.4957524538040161,-0.900574803352356,0.10000000149011612,0.10000000149011612,0.10000000149011612,0.10000000149011612,0.10000000149011612,0.10000000149011612,0.10000000149011612,0.10000000149011612,0.10000000149011612,0.10000000149011612
63,SAU,Saudi Arabia,2019,1.9578986167907715,-0.48369503021240234,5.5,1,-0.5544285178184509,-0.8832125663757324,-0.6724381446838379,-0.8880251049995422,-0.49509498476982117,-0.8610377907752991,-0.4957524538040161,-0.900574803352356,0.10000000149011612,0.10000000149011612,0.10000000149011612,0.10000000149011612,0.10000000149011612,0.10000000149011612,0.10000000149011612,0.10000000149011612,0.10000000149011612,0.10000000149011612
63,SAU,Saudi Arabia,2020,2.004265069961548,-0.620621383190155,5.5,1,-0.5544285178184509,-0.8832125663757324,-0.6724381446838379,-0.8880251049995422,-0.49509498476982117,-0.8610377907752991,-0.4957524538040161,-0.900574803352356,0.10000000149011612,0.10000000149011612,0.10000000149011612,0.10000000149011612,0.10000000149011612,0.10000000149011612,0.10000000149011612,0.10000000149011612,0.10000000149011612,0.10000000149011612
63,SAU,Saudi Arabia,2021,2.169445753097534,-0.6974025368690491,5.5,1,-0.5544285178184509,-0.8832125663757324,-0.6724381446838379,-0.8880251049995422,-0.49509498476982117,-0.8610377907752991,-0.4957524538040161,-0.900574803352356,0.10000000149011612,0.10000000149011612,0.10000000149011612,0.10000000149011612,0.10000000149011612,0.10000000149011612,0.10000000149011612,0.10000000149011612,0.10000000149011612,0.10000000149011612
63,SAU,Saudi Arabia,2022,1.4797439575195312,-0.817276656627655,5.5,1,-0.5544285178184509,-0.8832125663757324,-0.6724381446838379,-0.8880251049995422,-0.49509498476982117,-0.8610377907752991,-0.4957524538040161,-0.900574803352356,0.10000000149011612,0.10000000149011612,0.10000000149011612,0.10000000149011612,0.10000000149011612,0.10000000149011612,0.10000000149011612,0.10000000149011612,0.10000000149011612,0.10000000149011612
63,SAU,Saudi Arabia,2023,0.6857173442840576,-0.9012859463691711,5.5,1,-0.5544285178184509,-0.8832125663757324,-0.6724381446838379,-0.8880251049995422,-0.49509498476982117,-0.8610377907752991,-0.4957524538040161,-0.900574803352356,0.10000000149011612,0.10000000149011612,0.10000000149011612,0.10000000149011612,0.10000000149011612,0.10000000149011612,0.10000000149011612,0.10000000149011612,0.10000000149011612,0.10000000149011612
64,SGP,Singapore,2018,-1.5155048370361328,-1.1234701871871948,5.5,1,1.4344711303710938,1.0192348957061768,1.7217825651168823,1.024788498878479,1.536649465560913,0.9936449527740479,1.0449817180633545,1.0392711162567139,0.10000000149011612,0.10000000149011612,0.10000000149011612,0.10000000149011612,0.10000000149011612,0.10000000149011612,0.10000000149011612,0.10000000149011612,0.10000000149011612,0.10000000149011612
64,SGP,Singapore,2019,-1.5344992876052856,-1.0056800842285156,5.5,1,1.4344711303710938,1.0192348957061768,1.7217825651168823,1.024788498878479,1.536649465560913,0.9936449527740479,1.0449817180633545,1.0392711162567139,0.10000000149011612,0.10000000149011612,0.10000000149011612,0.10000000149011612,0.10000000149011612,0.10000000149011612,0.10000000149011612,0.10000000149011612,0.10000000149011612,0.10000000149011612
64,SGP,Singapore,2020,-1.5631846189498901,-1.0494581460952759,5.5,1,1.4344711303710938,1.0192348957061768,1.7217825651168823,1.024788498878479,1.536649465560913,0.9936449527740479,1.0449817180633545,1.0392711162567139,0.10000000149011612,0.10000000149011612,0.10000000149011612,0.10000000149011612,0.10000000149011612,0.10000000149011612,0.10000000149011612,0.10000000149011612,0.10000000149011612,0.10000000149011612
64,SGP,Singapore,2021,-1.5329487323760986,-1.087827205657959,5.5,1,1.4344711303710938,1.0192348957061768,1.7217825651168823,1.024788498878479,1.536649465560913,0.9936449527740479,1.0449817180633545,1.0392711162567139,0.10000000149011612,0.10000000149011612,0.10000000149011612,0.10000000149011612,0.10000000149011612,0.10000000149011612,0.10000000149011612,0.10000000149011612,0.10000000149011612,0.10000000149011612
64,SGP,Singapore,2022,-1.5709375143051147,-1.105115532875061,5.5,1,1.4344711303710938,1.0192348957061768,1.7217825651168823,1.024788498878479,1.536649465560913,0.9936449527740479,1.0449817180633545,1.0392711162567139,0.10000000149011612,0.10000000149011612,0.10000000149011612,0.10000000149011612,0.10000000149011612,0.10000000149011612,0.10000000149011612,0.10000000149011612,0.10000000149011612,0.10000000149011612
64,SGP,Singapore,2023,-1.6358672380447388,-1.087411880493164,5.5,1,1.4344711303710938,1.0192348957061768,1.7217825651168823,1.024788498878479,1.536649465560913,0.9936449527740479,1.0449817180633545,1.0392711162567139,0.10000000149011612,0.10000000149011612,0.10000000149011612,0.10000000149011612,0.10000000149011612,0.10000000149011612,0.10000000149011612,0.10000000149011612,0.10000000149011612,0.10000000149011612
65,SVK,Slovakia,2018,-1.5849237442016602,-0.60699063539505,5.5,1,0.11652449518442154,-0.2708975076675415,0.11614179611206055,-0.27237358689308167,0.3065413236618042,-0.26409611105918884,-0.07310961931943893,-0.276222825050354,0.10000000149011612,0.10000000149011612,0.10000000149011612,0.10000000149011612,0.10000000149011612,0.10000000149011612,0.10000000149011612,0.10000000149011612,0.10000000149011612,0.10000000149011612
65,SVK,Slovakia,2019,-2.091881036758423,-0.406724214553833,5.5,1,0.11652449518442154,-0.2708975076675415,0.11614179611206055,-0.27237358689308167,0.3065413236618042,-0.26409611105918884,-0.07310961931943893,-0.276222825050354,0.10000000149011612,0.10000000149011612,0.10000000149011612,0.10000000149011612,0.10000000149011612,0.10000000149011612,0.10000000149011612,0.10000000149011612,0.10000000149011612,0.10000000149011612
65,SVK,Slovakia,2020,-2.406219482421875,-0.39959681034088135,5.5,1,0.11652449518442154,-0.2708975076675415,0.11614179611206055,-0.27237358689308167,0.3065413236618042,-0.26409611105918884,-0.07310961931943893,-0.276222825050354,0.10000000149011612,0.10000000149011612,0.10000000149011612,0.10000000149011612,0.10000000149011612,0.10000000149011612,0.10000000149011612,0.10000000149011612,0.10000000149011612,0.10000000149011612
65,SVK,Slovakia,2021,-2.1880667209625244,-0.4416375756263733,5.5,1,0.11652449518442154,-0.2708975076675415,0.11614179611206055,-0.27237358689308167,0.3065413236618042,-0.26409611105918884,-0.07310961931943893,-0.276222825050354,0.10000000149011612,0.10000000149011612,0.10000000149011612,0.10000000149011612,0.10000000149011612,0.10000000149011612,0.10000000149011612,0.10000000149011612,0.10000000149011612,0.10000000149011612
65,SVK,Slovakia,2022,-2.8150081634521484,-0.47044557332992554,5.5,1,0.11652449518442154,-0.2708975076675415,0.11614179611206055,-0.27237358689308167,0.3065413236618042,-0.26409611105918884,-0.07310961931943893,-0.276222825050354,0.10000000149011612,0.10000000149011612,0.10000000149011612,0.10000000149011612,0.10000000149011612,0.10000000149011612,0.10000000149011612,0.10000000149011612,0.10000000149011612,0.10000000149011612
65,SVK,Slovakia,2023,-3.482109785079956,-0.5038173198699951,5.5,1,0.11652449518442154,-0.2708975076675415,0.11614179611206055,-0.27237358689308167,0.3065413236618042,-0.26409611105918884,-0.07310961931943893,-0.276222825050354,0.10000000149011612,0.10000000149011612,0.10000000149011612,0.10000000149011612,0.10000000149011612,0.10000000149011612,0.10000000149011612,0.10000000149011612,0.10000000149011612,0.10000000149011612
66,SVN,Slovenia,2018,-4.337141990661621,-0.5871846675872803,5.5,1,0.38642582297325134,0.42631468176841736,0.28950437903404236,0.42863762378692627,0.34630832076072693,0.415611207485199,0.5234646797180176,0.43469521403312683,0.10000000149011612,0.10000000149011612,0.10000000149011612,0.10000000149011612,0.10000000149011612,0.10000000149011612,0.10000000149011612,0.10000000149011612,0.10000000149011612,0.10000000149011612
66,SVN,Slovenia,2019,-4.712256908416748,-0.3732926845550537,5.5,1,0.38642582297325134,0.42631468176841736,0.28950437903404236,0.42863762378692627,0.34630832076072693,0.415611207485199,0.5234646797180176,0.43469521403312683,0.10000000149011612,0.10000000149011612,0.10000000149011612,0.10000000149011612,0.10000000149011612,0.10000000149011612,0.10000000149011612,0.10000000149011612,0.10000000149011612,0.10000000149011612
66,SVN,Slovenia,2020,-6.15969705581665,-0.38744157552719116,5.5,1,0.38642582297325134,0.42631468176841736,0.28950437903404236,0.42863762378692627,0.34630832076072693,0.415611207485199,0.5234646797180176,0.43469521403312683,0.10000000149011612,0.10000000149011612,0.10000000149011612,0.10000000149011612,0.10000000149011612,0.10000000149011612,0.10000000149011612,0.10000000149011612,0.10000000149011612,0.10000000149011612
66,SVN,Slovenia,2021,-6.669349670410156,-0.4443228840827942,5.5,1,0.38642582297325134,0.42631468176841736,0.28950437903404236,0.42863762378692627,0.34630832076072693,0.415611207485199,0.5234646797180176,0.43469521403312683,0.10000000149011612,0.10000000149011612,0.10000000149011612,0.10000000149011612,0.10000000149011612,0.10000000149011612,0.10000000149011612,0.10000000149011612,0.10000000149011612,0.10000000149011612
66,SVN,Slovenia,2022,-7.458681583404541,-0.45692741870880127,5.5,1,0.38642582297325134,0.42631468176841736,0.28950437903404236,0.42863762378692627,0.34630832076072693,0.415611207485199,0.5234646797180176,0.43469521403312683,0.10000000149011612,0.10000000149011612,0.10000000149011612,0.10000000149011612,0.10000000149011612,0.10000000149011612,0.10000000149011612,0.10000000149011612,0.10000000149011612,0.10000000149011612
66,SVN,Slovenia,2023,-9.606645584106445,-0.5106731057167053,5.5,1,0.38642582297325134,0.42631468176841736,0.28950437903404236,0.42863762378692627,0.34630832076072693,0.415611207485199,0.5234646797180176,0.43469521403312683,0.10000000149011612,0.10000000149011612,0.10000000149011612,0.10000000149011612,0.10000000149011612,0.10000000149011612,0.10000000149011612,0.10000000149011612,0.10000000149011612,0.10000000149011612
67,SWE,Sweden,2018,-1.111396074295044,0.24721507728099823,5.5,1,1.3480762243270874,1.2910195589065552,1.4301238059997559,1.2980542182922363,1.161694884300232,1.2586060762405396,1.4524099826812744,1.3163986206054688,0.10000000149011612,0.10000000149011612,0.10000000149011612,0.10000000149011612,0.10000000149011612,0.10000000149011612,0.10000000149011612,0.10000000149011612,0.10000000149011612,0.10000000149011612
67,SWE,Sweden,2019,-1.153639554977417,0.3130221962928772,5.5,1,1.3480762243270874,1.2910195589065552,1.4301238059997559,1.2980542182922363,1.161694884300232,1.2586060762405396,1.4524099826812744,1.3163986206054688,0.10000000149011612,0.10000000149011612,0.10000000149011612,0.10000000149011612,0.10000000149011612,0.10000000149011612,0.10000000149011612,0.10000000149011612,0.10000000149011612,0.10000000149011612
67,SWE,Sweden,2020,-1.5468288660049438,0.2506411075592041,5.5,1,1.3480762243270874,1.2910195589065552,1.4301238059997559,1.2980542182922363,1.161694884300232,1.2586060762405396,1.4524099826812744,1.3163986206054688,0.10000000149011612,0.10000000149011612,0.10000000149011612,0.10000000149011612,0.10000000149011612,0.10000000149011612,0.10000000149011612,0.10000000149011612,0.10000000149011612,0.10000000149011612
67,SWE,Sweden,2021,-1.2186294794082642,0.20381559431552887,5.5,1,1.3480762243270874,1.2910195589065552,1.4301238059997559,1.2980542182922363,1.161694884300232,1.2586060762405396,1.4524099826812744,1.3163986206054688,0.10000000149011612,0.10000000149011612,0.10000000149011612,0.10000000149011612,0.10000000149011612,0.10000000149011612,0.10000000149011612,0.10000000149011612,0.10000000149011612,0.10000000149011612
67,SWE,Sweden,2022,-1.295534372329712,0.16407491266727448,5.5,1,1.3480762243270874,1.2910195589065552,1.4301238059997559,1.2980542182922363,1.161694884300232,1.2586060762405396,1.4524099826812744,1.3163986206054688,0.10000000149011612,0.10000000149011612,0.10000000149011612,0.10000000149011612,0.10000000149011612,0.10000000149011612,0.10000000149011612,0.10000000149011612,0.10000000149011612,0.10000000149011612
67,SWE,Sweden,2023,-1.5739079713821411,0.132036492228508,5.5,1,1.3480762243270874,1.2910195589065552,1.4301238059997559,1.2980542182922363,1.161694884300232,1.2586060762405396,1.4524099826812744,1.3163986206054688,0.10000000149011612,0.10000000149011612,0.10000000149011612,0.10000000149011612,0.10000000149011612,0.10000000149011612,0.10000000149011612,0.10000000149011612,0.10000000149011612,0.10000000149011612
68,THA,Thailand,2018,-6.279742240905762,-0.1894766092300415,5.5,1,-0.2564157247543335,-0.9070313572883606,-0.22457081079483032,-0.9119737148284912,-0.3106171190738678,-0.8842586278915405,-0.23405922949314117,-0.9248619079589844,0.10000000149011612,0.10000000149011612,0.10000000149011612,0.10000000149011612,0.10000000149011612,0.10000000149011612,0.10000000149011612,0.10000000149011612,0.10000000149011612,0.10000000149011612
68,THA,Thailand,2019,-7.279186248779297,0.3100656270980835,5.5,1,-0.2564157247543335,-0.9070313572883606,-0.22457081079483032,-0.9119737148284912,-0.3106171190738678,-0.8842586278915405,-0.23405922949314117,-0.9248619079589844,0.10000000149011612,0.10000000149011612,0.10000000149011612,0.10000000149011612,0.10000000149011612,0.10000000149011612,0.10000000149011612,0.10000000149011612,0.10000000149011612,0.10000000149011612
68,THA,Thailand,2020,-5.78999662399292,0.5194932818412781,5.5,1,-0.2564157247543335,-0.9070313572883606,-0.22457081079483032,-0.9119737148284912,-0.3106171190738678,-0.8842586278915405,-0.23405922949314117,-0.9248619079589844,0.10000000149011612,0.10000000149011612,0.10000000149011612,0.10000000149011612,0.10000000149011612,0.10000000149011612,0.10000000149011612,0.10000000149011612,0.10000000149011612,0.10000000149011612
68,THA,Thailand,2021,-6.593542575836182,0.6317843794822693,5.5,1,-0.2564157247543335,-0.9070313572883606,-0.22457081079483032,-0.9119737148284912,-0.3106171190738678,-0.8842586278915405,-0.23405922949314117,-0.9248619079589844,0.10000000149011612,0.10000000149011612,0.10000000149011612,0.10000000149011612,0.10000000149011612,0.10000000149011612,0.10000000149011612,0.10000000149011612,0.10000000149011612,0.10000000149011612
68,THA,Thailand,2022,-7.6401472091674805,0.650601327419281,5.5,1,-0.2564157247543335,-0.9070313572883606,-0.22457081079483032,-0.9119737148284912,-0.3106171190738678,-0.8842586278915405,-0.23405922949314117,-0.9248619079589844,0.10000000149011612,0.10000000149011612,0.10000000149011612,0.10000000149011612,0.10000000149011612,0.10000000149011612,0.10000000149011612,0.10000000149011612,0.10000000149011612,0.10000000149011612
68,THA,Thailand,2023,-9.644476890563965,0.6433884501457214,5.5,1,-0.2564157247543335,-0.9070313572883606,-0.22457081079483032,-0.9119737148284912,-0.3106171190738678,-0.8842586278915405,-0.23405922949314117,-0.9248619079589844,0.10000000149011612,0.10000000149011612,0.10000000149011612,0.10000000149011612,0.10000000149011612,0.10000000149011612,0.10000000149011612,0.10000000149011612,0.10000000149011612,0.10000000149011612
69,TKM,Turkmenistan,2018,-0.8944293856620789,-0.832643449306488,5.5,1,-2.006190538406372,-0.8053238987922668,-1.8531438112258911,-0.8097119927406311,-2.4522314071655273,-0.7851046323776245,-1.7131962776184082,-0.8211549520492554,0.10000000149011612,0.10000000149011612,0.10000000149011612,0.10000000149011612,0.10000000149011612,0.10000000149011612,0.10000000149011612,0.10000000149011612,0.10000000149011612,0.10000000149011612
69,TKM,Turkmenistan,2019,1.0794837474822998,-0.1804102659225464,5.5,1,-2.006190538406372,-0.8053238987922668,-1.8531438112258911,-0.8097119927406311,-2.4522314071655273,-0.7851046323776245,-1.7131962776184082,-0.8211549520492554,0.10000000149011612,0.10000000149011612,0.10000000149011612,0.10000000149011612,0.10000000149011612,0.10000000149011612,0.10000000149011612,0.10000000149011612,0.10000000149011612,0.10000000149011612
69,TKM,Turkmenistan,2020,1.1499806642532349,0.12151142954826355,5.5,1,-2.006190538406372,-0.8053238987922668,-1.8531438112258911,-0.8097119927406311,-2.4522314071655273,-0.7851046323776245,-1.7131962776184082,-0.8211549520492554,0.10000000149011612,0.10000000149011612,0.10000000149011612,0.10000000149011612,0.10000000149011612,0.10000000149011612,0.10000000149011612,0.10000000149011612,0.10000000149011612,0.10000000149011612
69,TKM,Turkmenistan,2021,-3.7143051624298096,0.28060317039489746,5.5,1,-2.006190538406372,-0.8053238987922668,-1.8531438112258911,-0.8097119927406311,-2.4522314071655273,-0.7851046323776245,-1.7131962776184082,-0.8211549520492554,0.10000000149011612,0.10000000149011612,0.10000000149011612,0.10000000149011612,0.10000000149011612,0.10000000149011612,0.10000000149011612,0.10000000149011612,0.10000000149011612,0.10000000149011612
69,TKM,Turkmenistan,2022,-2.6568517684936523,0.3522149920463562,5.5,1,-2.006190538406372,-0.8053238987922668,-1.8531438112258911,-0.8097119927406311,-2.4522314071655273,-0.7851046323776245,-1.7131962776184082,-0.8211549520492554,0.10000000149011612,0.10000000149011612,0.10000000149011612,0.10000000149011612,0.10000000149011612,0.10000000149011612,0.10000000149011612,0.10000000149011612,0.10000000149011612,0.10000000149011612
69,TKM,Turkmenistan,2023,-1.52890145778656,0.3940635919570923,5.5,1,-2.006190538406372,-0.8053238987922668,-1.8531438112258911,-0.8097119927406311,-2.4522314071655273,-0.7851046323776245,-1.7131962776184082,-0.8211549520492554,0.10000000149011612,0.10000000149011612,0.10000000149011612,0.10000000149011612,0.10000000149011612,0.10000000149011612,0.10000000149011612,0.10000000149011612,0.10000000149011612,0.10000000149011612
70,TTO,Trinidad and Tobago,2018,1.318193793296814,0.3588383197784424,5.5,1,-0.04588906839489937,-0.46305355429649353,-0.1480531096458435,-0.4655766487121582,0.11017729341983795,-0.4514276683330536,-0.09979138523340225,-0.47215625643730164,0.10000000149011612,0.10000000149011612,0.10000000149011612,0.10000000149011612,0.10000000149011612,0.10000000149011612,0.10000000149011612,0.10000000149011612,0.10000000149011612,0.10000000149011612
70,TTO,Trinidad and Tobago,2019,1.3760409355163574,0.45026952028274536,5.5,1,-0.04588906839489937,-0.46305355429649353,-0.1480531096458435,-0.4655766487121582,0.11017729341983795,-0.4514276683330536,-0.09979138523340225,-0.47215625643730164,0.10000000149011612,0.10000000149011612,0.10000000149011612,0.10000000149011612,0.10000000149011612,0.10000000149011612,0.10000000149011612,0.10000000149011612,0.10000000149011612,0.10000000149011612
70,TTO,Trinidad and Tobago,2020,1.318193793296814,0.4408535361289978,5.5,1,-0.04588906839489937,-0.46305355429649353,-0.1480531096458435,-0.4655766487121582,0.11017729341983795,-0.4514276683330536,-0.09979138523340225,-0.47215625643730164,0.10000000149011612,0.10000000149011612,0.10000000149011612,0.10000000149011612,0.10000000149011612,0.10000000149011612,0.10000000149011612,0.10000000149011612,0.10000000149011612,0.10000000149011612
70,TTO,Trinidad and Tobago,2021,1.665277123451233,0.38875699043273926,5.5,1,-0.04588906839489937,-0.46305355429649353,-0.1480531096458435,-0.4655766487121582,0.11017729341983795,-0.4514276683330536,-0.09979138523340225,-0.47215625643730164,0.10000000149011612,0.10000000149011612,0.10000000149011612,0.10000000149011612,0.10000000149011612,0.10000000149011612,0.10000000149011612,0.10000000149011612,0.10000000149011612,0.10000000149011612
70,TTO,Trinidad and Tobago,2022,2.058638334274292,0.334239661693573,5.5,1,-0.04588906839489937,-0.46305355429649353,-0.1480531096458435,-0.4655766487121582,0.11017729341983795,-0.4514276683330536,-0.09979138523340225,-0.47215625643730164,0.10000000149011612,0.10000000149011612,0.10000000149011612,0.10000000149011612,0.10000000149011612,0.10000000149011612,0.10000000149011612,0.10000000149011612,0.10000000149011612,0.10000000149011612
70,TTO,Trinidad and Tobago,2023,2.058638334274292,0.2858350872993469,5.5,1,-0.04588906839489937,-0.46305355429649353,-0.1480531096458435,-0.4655766487121582,0.11017729341983795,-0.4514276683330536,-0.09979138523340225,-0.47215625643730164,0.10000000149011612,0.10000000149011612,0.10000000149011612,0.10000000149011612,0.10000000149011612,0.10000000149011612,0.10000000149011612,0.10000000149011612,0.10000000149011612,0.10000000149011612
71,TUR,Turkey,2018,-0.10262159258127213,0.4799334406852722,5.5,1,-0.3568929135799408,-0.8907241821289062,-0.3960716426372528,-0.8955776691436768,-0.2856121361255646,-0.8683608174324036,-0.3889949917793274,-0.9082341194152832,0.10000000149011612,0.10000000149011612,0.10000000149011612,0.10000000149011612,0.10000000149011612,0.10000000149011612,0.10000000149011612,0.10000000149011612,0.10000000149011612,0.10000000149011612
71,TUR,Turkey,2019,-1.772402048110962,0.7456528544425964,5.5,1,-0.3568929135799408,-0.8907241821289062,-0.3960716426372528,-0.8955776691436768,-0.2856121361255646,-0.8683608174324036,-0.3889949917793274,-0.9082341194152832,0.10000000149011612,0.10000000149011612,0.10000000149011612,0.10000000149011612,0.10000000149011612,0.10000000149011612,0.10000000149011612,0.10000000149011612,0.10000000149011612,0.10000000149011612
71,TUR,Turkey,2020,-1.959740161895752,0.8223803639411926,5.5,1,-0.3568929135799408,-0.8907241821289062,-0.3960716426372528,-0.8955776691436768,-0.2856121361255646,-0.8683608174324036,-0.3889949917793274,-0.9082341194152832,0.10000000149011612,0.10000000149011612,0.10000000149011612,0.10000000149011612,0.10000000149011612,0.10000000149011612,0.10000000149011612,0.10000000149011612,0.10000000149011612,0.10000000149011612
71,TUR,Turkey,2021,-1.391783356666565,0.8758583664894104,5.5,1,-0.3568929135799408,-0.8907241821289062,-0.3960716426372528,-0.8955776691436768,-0.2856121361255646,-0.8683608174324036,-0.3889949917793274,-0.9082341194152832,0.10000000149011612,0.10000000149011612,0.10000000149011612,0.10000000149011612,0.10000000149011612,0.10000000149011612,0.10000000149011612,0.10000000149011612,0.10000000149011612,0.10000000149011612
71,TUR,Turkey,2022,-1.788352370262146,0.9142783284187317,5.5,1,-0.3568929135799408,-0.8907241821289062,-0.3960716426372528,-0.8955776691436768,-0.2856121361255646,-0.8683608174324036,-0.3889949917793274,-0.9082341194152832,0.10000000149011612,0.10000000149011612,0.10000000149011612,0.10000000149011612,0.10000000149011612,0.10000000149011612,0.10000000149011612,0.10000000149011612,0.10000000149011612,0.10000000149011612
71,TUR,Turkey,2023,-1.6069564819335938,0.9564828276634216,5.5,1,-0.3568929135799408,-0.8907241821289062,-0.3960716426372528,-0.8955776691436768,-0.2856121361255646,-0.8683608174324036,-0.3889949917793274,-0.9082341194152832,0.10000000149011612,0.10000000149011612,0.10000000149011612,0.10000000149011612,0.10000000149011612,0.10000000149011612,0.10000000149011612,0.10000000149011612,0.10000000149011612,0.10000000149011612
72,UKR,Ukraine,2018,-3.635014295578003,-0.29487550258636475,5.5,1,-1.2346214056015015,-0.7311906814575195,-1.3236093521118164,-0.735174834728241,-1.1485481262207031,-0.7128326892852783,-1.2317067384719849,-0.7455644607543945,0.10000000149011612,0.10000000149011612,0.10000000149011612,0.10000000149011612,0.10000000149011612,0.10000000149011612,0.10000000149011612,0.10000000149011612,0.10000000149011612,0.10000000149011612
72,UKR,Ukraine,2019,-4.1212358474731445,0.38987576961517334,5.5,1,-1.2346214056015015,-0.7311906814575195,-1.3236093521118164,-0.735174834728241,-1.1485481262207031,-0.7128326892852783,-1.2317067384719849,-0.7455644607543945,0.10000000149011612,0.10000000149011612,0.10000000149011612,0.10000000149011612,0.10000000149011612,0.10000000149011612,0.10000000149011612,0.10000000149011612,0.10000000149011612,0.10000000149011612
72,UKR,Ukraine,2020,-5.126094341278076,0.730702817440033,5.5,1,-1.2346214056015015,-0.7311906814575195,-1.3236093521118164,-0.735174834728241,-1.1485481262207031,-0.7128326892852783,-1.2317067384719849,-0.7455644607543945,0.10000000149011612,0.10000000149011612,0.10000000149011612,0.10000000149011612,0.10000000149011612,0.10000000149011612,0.10000000149011612,0.10000000149011612,0.10000000149011612,0.10000000149011612
72,UKR,Ukraine,2021,-7.988569259643555,0.9124452471733093,5.5,1,-1.2346214056015015,-0.7311906814575195,-1.3236093521118164,-0.735174834728241,-1.1485481262207031,-0.7128326892852783,-1.2317067384719849,-0.7455644607543945,0.10000000149011612,0.10000000149011612,0.10000000149011612,0.10000000149011612,0.10000000149011612,0.10000000149011612,0.10000000149011612,0.10000000149011612,0.10000000149011612,0.10000000149011612
72,UKR,Ukraine,2022,-9.796317100524902,1.0285241603851318,5.5,1,-1.2346214056015015,-0.7311906814575195,-1.3236093521118164,-0.735174834728241,-1.1485481262207031,-0.7128326892852783,-1.2317067384719849,-0.7455644607543945,0.10000000149011612,0.10000000149011612,0.10000000149011612,0.10000000149011612,0.10000000149011612,0.10000000149011612,0.10000000149011612,0.10000000149011612,0.10000000149011612,0.10000000149011612
72,UKR,Ukraine,2023,-9.796317100524902,1.107324242591858,5.5,1,-1.2346214056015015,-0.7311906814575195,-1.3236093521118164,-0.735174834728241,-1.1485481262207031,-0.7128326892852783,-1.2317067384719849,-0.7455644607543945,0.10000000149011612,0.10000000149011612,0.10000000149011612,0.10000000149011612,0.10000000149011612,0.10000000149011612,0.10000000149011612,0.10000000149011612,0.10000000149011612,0.10000000149011612
73,USA,United States,2018,-7.697317123413086,-0.14215415716171265,5.5,1,1.167035460472107,1.240002989768982,1.1881818771362305,1.2467595338821411,1.1316249370574951,1.2088701725006104,1.1812996864318848,1.2643790245056152,0.10000000149011612,0.10000000149011612,0.10000000149011612,0.10000000149011612,0.10000000149011612,0.10000000149011612,0.10000000149011612,0.10000000149011612,0.10000000149011612,0.10000000149011612
73,USA,United States,2019,-9.035722732543945,-0.3444719910621643,5.5,1,1.167035460472107,1.240002989768982,1.1881818771362305,1.2467595338821411,1.1316249370574951,1.2088701725006104,1.1812996864318848,1.2643790245056152,0.10000000149011612,0.10000000149011612,0.10000000149011612,0.10000000149011612,0.10000000149011612,0.10000000149011612,0.10000000149011612,0.10000000149011612,0.10000000149011612,0.10000000149011612
73,USA,United States,2020,-10.637649536132812,-0.6150335669517517,5.5,1,1.167035460472107,1.240002989768982,1.1881818771362305,1.2467595338821411,1.1316249370574951,1.2088701725006104,1.1812996864318848,1.2643790245056152,0.10000000149011612,0.10000000149011612,0.10000000149011612,0.10000000149011612,0.10000000149011612,0.10000000149011612,0.10000000149011612,0.10000000149011612,0.10000000149011612,0.10000000149011612
73,USA,United States,2021,-9.941286087036133,-0.8186706900596619,5.5,1,1.167035460472107,1.240002989768982,1.1881818771362305,1.2467595338821411,1.1316249370574951,1.2088701725006104,1.1812996864318848,1.2643790245056152,0.10000000149011612,0.10000000149011612,0.10000000149011612,0.10000000149011612,0.10000000149011612,0.10000000149011612,0.10000000149011612,0.10000000149011612,0.10000000149011612,0.10000000149011612
73,USA,United States,2022,-10.715087890625,-0.9643008708953857,5.5,1,1.167035460472107,1.240002989768982,1.1881818771362305,1.2467595338821411,1.1316249370574951,1.2088701725006104,1.1812996864318848,1.2643790245056152,0.10000000149011612,0.10000000149011612,0.10000000149011612,0.10000000149011612,0.10000000149011612,0.10000000149011612,0.10000000149011612,0.10000000149011612,0.10000000149011612,0.10000000149011612
73,USA,United States,2023,-11.726405143737793,-1.0498032569885254,5.5,1,1.167035460472107,1.240002989768982,1.1881818771362305,1.2467595338821411,1.1316249370574951,1.2088701725006104,1.1812996864318848,1.2643790245056152,0.10000000149011612,0.10000000149011612,0.10000000149011612,0.10000000149011612,0.10000000149011612,0.10000000149011612,0.10000000149011612,0.10000000149011612,0.10000000149011612,0.10000000149011612
74,UZB,Uzbekistan,2018,1.4206937551498413,0.23487789928913116,5.5,1,-1.8003510236740112,-0.8275511264801025,-1.597791075706482,-0.8320603966712952,-2.1902878284454346,-0.8067739009857178,-1.6129741668701172,-0.8438192009925842,0.10000000149011612,0.10000000149011612,0.10000000149011612,0.10000000149011612,0.10000000149011612,0.10000000149011612,0.10000000149011612,0.10000000149011612,0.10000000149011612,0.10000000149011612
74,UZB,Uzbekistan,2019,0.9323561787605286,0.6460317969322205,5.5,1,-1.8003510236740112,-0.8275511264801025,-1.597791075706482,-0.8320603966712952,-2.1902878284454346,-0.8067739009857178,-1.6129741668701172,-0.8438192009925842,0.10000000149011612,0.10000000149011612,0.10000000149011612,0.10000000149011612,0.10000000149011612,0.10000000149011612,0.10000000149011612,0.10000000149011612,0.10000000149011612,0.10000000149011612
74,UZB,Uzbekistan,2020,1.6637600660324097,0.7612833380699158,5.5,1,-1.8003510236740112,-0.8275511264801025,-1.597791075706482,-0.8320603966712952,-2.1902878284454346,-0.8067739009857178,-1.6129741668701172,-0.8438192009925842,0.10000000149011612,0.10000000149011612,0.10000000149011612,0.10000000149011612,0.10000000149011612,0.10000000149011612,0.10000000149011612,0.10000000149011612,0.10000000149011612,0.10000000149011612
74,UZB,Uzbekistan,2021,1.6973286867141724,0.7403261065483093,5.5,1,-1.8003510236740112,-0.8275511264801025,-1.597791075706482,-0.8320603966712952,-2.1902878284454346,-0.8067739009857178,-1.6129741668701172,-0.8438192009925842,0.10000000149011612,0.10000000149011612,0.10000000149011612,0.10000000149011612,0.10000000149011612,0.10000000149011612,0.10000000149011612,0.10000000149011612,0.10000000149011612,0.10000000149011612
74,UZB,Uzbekistan,2022,0.9835667014122009,0.6724995970726013,5.5,1,-1.8003510236740112,-0.8275511264801025,-1.597791075706482,-0.8320603966712952,-2.1902878284454346,-0.8067739009857178,-1.6129741668701172,-0.8438192009925842,0.10000000149011612,0.10000000149011612,0.10000000149011612,0.10000000149011612,0.10000000149011612,0.10000000149011612,0.10000000149011612,0.10000000149011612,0.10000000149011612,0.10000000149011612
74,UZB,Uzbekistan,2023,0.9794012308120728,0.6153807640075684,5.5,1,-1.8003510236740112,-0.8275511264801025,-1.597791075706482,-0.8320603966712952,-2.1902878284454346,-0.8067739009857178,-1.6129741668701172,-0.8438192009925842,0.10000000149011612,0.10000000149011612,0.10000000149011612,0.10000000149011612,0.10000000149011612,0.10000000149011612,0.10000000149011612,0.10000000149011612,0.10000000149011612,0.10000000149011612
75,VEN,Venezuela,2018,4.365685939788818,-0.5285776853561401,5.5,1,-1.5081526041030884,-0.7264332175254822,-1.3741530179977417,-0.7303914427757263,-1.5062425136566162,-0.7081946730613708,-1.6440623998641968,-0.7407134771347046,0.10000000149011612,0.10000000149011612,0.10000000149011612,0.10000000149011612,0.10000000149011612,0.10000000149011612,0.10000000149011612,0.10000000149011612,0.10000000149011612,0.10000000149011612
75,VEN,Venezuela,2019,4.361935615539551,-0.1162785142660141,5.5,1,-1.5081526041030884,-0.7264332175254822,-1.3741530179977417,-0.7303914427757263,-1.5062425136566162,-0.7081946730613708,-1.6440623998641968,-0.7407134771347046,0.10000000149011612,0.10000000149011612,0.10000000149011612,0.10000000149011612,0.10000000149011612,0.10000000149011612,0.10000000149011612,0.10000000149011612,0.10000000149011612,0.10000000149011612
75,VEN,Venezuela,2020,-2.0265071392059326,0.00452229380607605,5.5,1,-1.5081526041030884,-0.7264332175254822,-1.3741530179977417,-0.7303914427757263,-1.5062425136566162,-0.7081946730613708,-1.6440623998641968,-0.7407134771347046,0.10000000149011612,0.10000000149011612,0.10000000149011612,0.10000000149011612,0.10000000149011612,0.10000000149011612,0.10000000149011612,0.10000000149011612,0.10000000149011612,0.10000000149011612
75,VEN,Venezuela,2021,-2.5107500553131104,0.0029645711183547974,5.5,1,-1.5081526041030884,-0.7264332175254822,-1.3741530179977417,-0.7303914427757263,-1.5062425136566162,-0.7081946730613708,-1.6440623998641968,-0.7407134771347046,0.10000000149011612,0.10000000149011612,0.10000000149011612,0.10000000149011612,0.10000000149011612,0.10000000149011612,0.10000000149011612,0.10000000149011612,0.10000000149011612,0.10000000149011612
75,VEN,Venezuela,2022,-2.220579147338867,-0.0012929737567901611,5.5,1,-1.5081526041030884,-0.7264332175254822,-1.3741530179977417,-0.7303914427757263,-1.5062425136566162,-0.7081946730613708,-1.6440623998641968,-0.7407134771347046,0.10000000149011612,0.10000000149011612,0.10000000149011612,0.10000000149011612,0.10000000149011612,0.10000000149011612,0.10000000149011612,0.10000000149011612,0.10000000149011612,0.10000000149011612
75,VEN,Venezuela,2023,-2.2290172576904297,-0.016488805413246155,5.5,1,-1.5081526041030884,-0.7264332175254822,-1.3741530179977417,-0.7303914427757263,-1.5062425136566162,-0.7081946730613708,-1.6440623998641968,-0.7407134771347046,0.10000000149011612,0.10000000149011612,0.10000000149011612,0.10000000149011612,0.10000000149011612,0.10000000149011612,0.10000000149011612,0.10000000149011612,0.10000000149011612,0.10000000149011612
76,VNM,Vietnam,2018,1.8500128984451294,0.22676129639148712,5.5,1,-1.0041168928146362,-0.8995013236999512,-0.9023603796958923,-0.9044026136398315,-1.090646505355835,-0.8769176006317139,-1.0193438529968262,-0.9171838164329529,0.10000000149011612,0.10000000149011612,0.10000000149011612,0.10000000149011612,0.10000000149011612,0.10000000149011612,0.10000000149011612,0.10000000149011612,0.10000000149011612,0.10000000149011612
76,VNM,Vietnam,2019,3.117563009262085,0.8406938910484314,5.5,1,-1.0041168928146362,-0.8995013236999512,-0.9023603796958923,-0.9044026136398315,-1.090646505355835,-0.8769176006317139,-1.0193438529968262,-0.9171838164329529,0.10000000149011612,0.10000000149011612,0.10000000149011612,0.10000000149011612,0.10000000149011612,0.10000000149011612,0.10000000149011612,0.10000000149011612,0.10000000149011612,0.10000000149011612
76,VNM,Vietnam,2020,2.663336753845215,1.12126886844635,5.5,1,-1.0041168928146362,-0.8995013236999512,-0.9023603796958923,-0.9044026136398315,-1.090646505355835,-0.8769176006317139,-1.0193438529968262,-0.9171838164329529,0.10000000149011612,0.10000000149011612,0.10000000149011612,0.10000000149011612,0.10000000149011612,0.10000000149011612,0.10000000149011612,0.10000000149011612,0.10000000149011612,0.10000000149011612
76,VNM,Vietnam,2021,1.7106215953826904,1.2480887174606323,5.5,1,-1.0041168928146362,-0.8995013236999512,-0.9023603796958923,-0.9044026136398315,-1.090646505355835,-0.8769176006317139,-1.0193438529968262,-0.9171838164329529,0.10000000149011612,0.10000000149011612,0.10000000149011612,0.10000000149011612,0.10000000149011612,0.10000000149011612,0.10000000149011612,0.10000000149011612,0.10000000149011612,0.10000000149011612
76,VNM,Vietnam,2022,0.6460008025169373,1.3225070238113403,5.5,1,-1.0041168928146362,-0.8995013236999512,-0.9023603796958923,-0.9044026136398315,-1.090646505355835,-0.8769176006317139,-1.0193438529968262,-0.9171838164329529,0.10000000149011612,0.10000000149011612,0.10000000149011612,0.10000000149011612,0.10000000149011612,0.10000000149011612,0.10000000149011612,0.10000000149011612,0.10000000149011612,0.10000000149011612
76,VNM,Vietnam,2023,1.6631464958190918,1.3531074523925781,5.5,1,-1.0041168928146362,-0.8995013236999512,-0.9023603796958923,-0.9044026136398315,-1.090646505355835,-0.8769176006317139,-1.0193438529968262,-0.9171838164329529,0.10000000149011612,0.10000000149011612,0.10000000149011612,0.10000000149011612,0.10000000149011612,0.10000000149011612,0.10000000149011612,0.10000000149011612,0.10000000149011612,0.10000000149011612
77,ZAF,South Africa,2018,-6.3950324058532715,0.7100223302841187,5.5,1,-0.0641661062836647,-0.719068706035614,-0.015326484106481075,-0.7229868769645691,0.13372927904129028,-0.7010151147842407,-0.31090110540390015,-0.7332042455673218,0.10000000149011612,0.10000000149011612,0.10000000149011612,0.10000000149011612,0.10000000149011612,0.10000000149011612,0.10000000149011612,0.10000000149011612,0.10000000149011612,0.10000000149011612
77,ZAF,South Africa,2019,-8.257451057434082,1.044076919555664,5.5,1,-0.0641661062836647,-0.719068706035614,-0.015326484106481075,-0.7229868769645691,0.13372927904129028,-0.7010151147842407,-0.31090110540390015,-0.7332042455673218,0.10000000149011612,0.10000000149011612,0.10000000149011612,0.10000000149011612,0.10000000149011612,0.10000000149011612,0.10000000149011612,0.10000000149011612,0.10000000149011612,0.10000000149011612
77,ZAF,South Africa,2020,-7.980379581451416,1.1760432720184326,5.5,1,-0.0641661062836647,-0.719068706035614,-0.015326484106481075,-0.7229868769645691,0.13372927904129028,-0.7010151147842407,-0.31090110540390015,-0.7332042455673218,0.10000000149011612,0.10000000149011612,0.10000000149011612,0.10000000149011612,0.10000000149011612,0.10000000149011612,0.10000000149011612,0.10000000149011612,0.10000000149011612,0.10000000149011612
77,ZAF,South Africa,2021,-12.659340858459473,1.215316891670227,5.5,1,-0.0641661062836647,-0.719068706035614,-0.015326484106481075,-0.7229868769645691,0.13372927904129028,-0.7010151147842407,-0.31090110540390015,-0.7332042455673218,0.10000000149011612,0.10000000149011612,0.10000000149011612,0.10000000149011612,0.10000000149011612,0.10000000149011612,0.10000000149011612,0.10000000149011612,0.10000000149011612,0.10000000149011612
77,ZAF,South Africa,2022,-15.694624900817871,1.2422232627868652,5.5,1,-0.0641661062836647,-0.719068706035614,-0.015326484106481075,-0.7229868769645691,0.13372927904129028,-0.7010151147842407,-0.31090110540390015,-0.7332042455673218,0.10000000149011612,0.10000000149011612,0.10000000149011612,0.10000000149011612,0.10000000149011612,0.10000000149011612,0.10000000149011612,0.10000000149011612,0.10000000149011612,0.10000000149011612
77,ZAF,South Africa,2023,-19.3819637298584,1.239525318145752,5.5,1,-0.0641661062836647,-0.719068706035614,-0.015326484106481075,-0.7229868769645691,0.13372927904129028,-0.7010151147842407,-0.31090110540390015,-0.7332042455673218,0.10000000149011612,0.10000000149011612,0.10000000149011612,0.10000000149011612,0.10000000149011612,0.10000000149011612,0.10000000149011612,0.10000000149011612,0.10000000149011612,0.10000000149011612
